date,open,high,low,close,volume
2001-07-19,10.341343387988863,10.471465961146459,10.272857410665486,10.389283180236816,34994300
2001-07-20,10.307098348786383,10.307098348786383,10.135884092670764,10.279704093933105,9238500
2001-07-23,10.272856712341309,10.279705440234222,9.964671141597197,10.272856712341309,7501000
2001-07-24,10.238613447013844,10.252310902426428,10.067399173140267,10.176976203918457,3537300
2001-07-25,10.067396046932384,10.23861026763916,10.033153072164945,10.23861026763916,4208100
2001-07-26,10.238610153455738,10.266004402338098,9.930424690246582,9.930424690246582,6335300
2001-07-27,9.937277793884277,9.992066315787552,9.930429065363692,9.937277793884277,3524000
2001-07-30,9.930430560604155,10.122190416139198,9.930430560604155,10.067401885986328,3654300
2001-07-31,10.07424532645836,10.279702533229926,9.998911300331983,10.24545955657959,1429000
2001-08-01,10.272858219762004,10.615286827087402,10.204372237044629,10.615286827087402,2087900
2001-08-02,10.546799659729004,10.615285634753874,10.341343040915717,10.546799659729004,1717400
2001-08-03,10.546796935209626,10.546796935209626,10.259156959419318,10.375582695007324,983600
2001-08-06,10.375584303194607,10.423524742010624,10.286553459244706,10.341341972351074,777400
2001-08-07,10.341344202479377,10.64952981844609,10.341344202479377,10.615286827087402,788900
2001-08-08,10.546799296751487,10.683771242087216,10.272856712341309,10.272856712341309,2190300
2001-08-09,10.30710121112069,10.615286827087402,10.272858219762004,10.615286827087402,928000
2001-08-10,10.546798911945373,10.546798911945373,10.355039109854717,10.402978897094727,703300
2001-08-13,10.375583659354298,10.505706859755279,10.204369403238678,10.279704093933105,1770400
2001-08-14,10.30710219525323,10.313950924805038,10.033158891358084,10.067401885986328,1000800
2001-08-15,10.101640742179145,10.204369030847399,10.06739776157955,10.129034996032715,530900
2001-08-16,10.122184312307024,10.122184312307024,9.622239112854004,9.622239112854004,1522700
2001-08-17,9.629089967176702,10.135884004099015,9.519512295590577,9.944124221801758,2342400
2001-08-20,9.99891328379585,10.512556076049805,9.923578589595031,10.512556076049805,1434900
2001-08-21,10.44406684726437,10.68376700337177,10.279701361829206,10.587886810302734,1038200
2001-08-22,10.492012190504893,10.539952639070176,10.122189325263697,10.505709648132324,829000
2001-08-23,10.581042105952143,10.581042105952143,10.444070816040039,10.444070816040039,470000
2001-08-24,10.44407135032236,10.601588178496634,10.272857065890847,10.546799659729004,689000
2001-08-27,10.601587295532227,10.718013051499467,10.546798781327714,10.601587295532227,827700
2001-08-28,10.560497080493183,10.670074117660166,10.444071315220599,10.519405364990234,736900
2001-08-29,10.471463877906045,10.48516133189796,10.272855366937147,10.279704093933105,397400
2001-08-30,10.170124971234701,10.300247491594467,10.170124971234701,10.23861026763916,640100
2001-08-31,10.272854549557847,10.3413405078071,10.204368591308594,10.204368591308594,3337900
2001-09-04,10.272855334986163,10.718012138250009,10.272855334986163,10.533101081848145,1068600
2001-09-05,10.53310282421578,10.53310282421578,10.204371059490095,10.211219787597656,1053200
2001-09-06,10.101638909043936,10.279701853344484,9.861938741475475,9.930424690246582,1384500
2001-09-07,9.896183786379531,10.026306985643439,9.82769847641007,9.944124221801758,1408500
2001-09-10,9.985214436347832,10.382431421366734,9.964668910400095,10.375582695007324,622100
2001-09-17,10.368735578100281,10.368735578100281,9.909881319786951,9.998912811279297,1934300
2001-09-18,9.998911250405135,10.272853755979062,9.827697021138817,9.964668273925781,902800
2001-09-19,9.998913236589667,10.060549822739457,9.396238951481331,9.553755760192871,2415400
2001-09-20,9.519515509317657,9.519515509317657,8.793567190408718,8.868901252746582,3498900
2001-09-21,8.80041480290817,8.903143116072114,8.32786299484039,8.731928825378418,2051800
2001-09-24,8.903139344174058,9.0948990856336,8.868896369916538,9.04011058807373,1964200
2001-09-25,9.040114048029698,9.040114048029698,8.697685480656371,8.7661714553833,1827300
2001-09-26,8.766170581777395,8.87574760791589,8.355256080627441,8.355256080627441,3327200
2001-09-27,8.396346043872008,8.396346043872008,7.951188651453076,8.115554809570312,2347500
2001-09-28,8.286771930827088,9.211328708694626,8.286771930827088,8.731928825378418,2844000
2001-10-01,8.663440355437176,8.903140554700544,8.663440355437176,8.697683334350586,878800
2001-10-02,8.594955875740654,8.697684169210914,8.300467143201086,8.615501403808594,1900400
2001-10-03,8.642898412602218,8.944235968215217,8.629201607236592,8.868901252746582,2539400
2001-10-04,8.882594671925537,9.451025878419175,8.882594671925537,9.238719940185547,3108500
2001-10-05,9.245567930642892,9.409933425991909,9.122293482565919,9.279810905456543,2172300
2001-10-08,9.314056138063167,9.375692723912376,9.06065845489502,9.06065845489502,576100
2001-10-09,9.231872479435129,9.451027173841366,9.163387168101762,9.177083969116211,1601100
2001-10-10,9.142840724027716,9.416783248177031,9.108597745226428,9.361994743347168,1700400
2001-10-11,10.615284442803821,10.615284442803821,10.067398663516862,10.38243293762207,4214100
2001-10-12,10.45091902516687,11.334383964538576,10.45091902516687,11.334383964538574,5193300
2001-10-15,11.306988562251458,12.293182950046946,11.306988562251458,11.984996795654297,3277900
2001-10-16,12.087726699562193,12.361669258951647,11.57408391085903,11.950756072998047,1996000
2001-10-17,12.087730139841328,12.149367396529131,11.539844865129233,11.628875732421875,1877100
2001-10-18,11.628873878015634,11.628873878015634,11.375477468717394,11.437114715576172,942000
2001-10-19,11.437112409610215,11.539840698242188,11.327535394234637,11.539840698242188,2062500
2001-10-22,11.64256831577846,12.032936573835157,11.622022136731955,11.984996795654297,469600
2001-10-23,11.98499437916725,12.142511134648018,11.827477623686484,12.067177772521973,915400
2001-10-24,12.108269610495288,12.163058107572882,12.032934937165795,12.149360656738281,472600
2001-10-25,12.149360656738281,12.15620938215558,11.73159755010863,12.149360656738281,265100
2001-10-26,12.121966266004879,12.176754759487787,11.98499437916725,12.067177772521973,566500
2001-10-29,12.135668052753763,12.14251678090637,11.916513976915706,12.019242286682129,616200
2001-10-30,11.950756783472437,11.957604204885738,11.745298872019971,11.882270812988281,574700
2001-10-31,11.930209708623726,12.05348418502776,11.711055664465954,12.032938003540039,718600
2001-11-01,11.998698337079073,12.731495324722601,11.998698337079073,12.539734840393066,1089900
2001-11-02,12.669854307827885,13.080768762847484,12.395911773235166,12.498640060424805,2372800
2001-11-05,12.498640460891291,12.512337914625066,12.169909408847223,12.395912170410156,1552700
2001-11-06,12.313730632513593,12.313730632513593,11.882271224176774,12.30688190460205,562600
2001-11-07,12.313728615718862,12.94379711151123,12.300031162139208,12.94379711151123,1987000
2001-11-08,12.806825895230906,13.676593256663056,12.806825895230906,13.662897109985352,1747200
2001-11-09,13.525925193120237,13.662897109985352,13.45743923468768,13.662897109985352,1325400
2001-11-12,13.525924246942248,13.525924246942248,13.01228155402039,13.347861289978027,2398300
2001-11-13,13.491687563262245,14.54636698770003,13.464292647849112,14.24502944946289,1463000
2001-11-14,14.382002168771576,14.655944805972062,13.676598735001486,13.840964317321777,1391400
2001-11-15,13.731387590729152,14.005331540740574,13.731387590729152,13.868359565734863,628200
2001-11-16,13.868353765109664,14.553210741164463,13.83411143881133,14.409391403198242,639100
2001-11-19,14.450481589349444,15.238066803325305,14.450481589349444,15.066852569580078,1430000
2001-11-20,15.03946003942675,15.03946003942675,14.48472620027049,14.55321216583252,1017400
2001-11-21,14.518969755706268,14.525817176589486,13.560168855674597,13.936841011047363,1442600
2001-11-23,13.92999406874002,14.12175453456867,13.875205550826307,14.073813438415527,286500
2001-11-26,14.162843709183468,14.792912234362692,13.882052429009576,14.72442626953125,1064900
2001-11-27,14.79290889162326,15.580494043562146,14.724422942267523,15.409279823303223,1210000
2001-11-28,15.066861603222083,15.135347599034528,14.286124647240689,14.964133262634277,1415900
2001-11-29,14.950430502548572,15.23122181020835,14.38884788722902,14.676487922668457,1326400
2001-11-30,14.697035535564384,15.518864734447543,14.662793196553212,15.477773666381836,2075400
2001-12-03,15.580497339082031,16.436568621449176,15.409283082608603,15.683225631713867,1244400
2001-12-04,15.580496572683773,16.778996309044064,15.512010612210975,16.57353973388672,2087000
2001-12-05,16.710513438198976,18.35417026213864,16.66942237682234,18.251441955566406,3386200
2001-12-06,18.25144158895585,18.60756759709676,17.737798760150742,17.97749900817871,3190200
2001-12-07,17.73779570769008,17.772039340807595,16.98445276049824,17.025545120239258,1115400
2001-12-10,17.121423285237395,17.943252125433162,16.778994819532645,16.84748077392578,1732100
2001-12-11,16.81324109889281,17.039243887174383,16.778998766771245,16.957061767578125,1713200
2001-12-12,16.950212081708482,17.326882938797535,16.806392727414497,17.237852096557617,2044100
2001-12-13,17.203608466430563,17.210455886941396,15.888682970230386,15.957167625427246,1446600
2001-12-14,15.991410421783213,16.333838904878096,15.50516129653276,16.196866989135742,1156200
2001-12-17,16.299597855484986,17.463855404988713,16.237960614260597,17.436460494995117,1428100
2001-12-18,17.635065600295885,17.874765782328787,17.47070009708327,17.772037506103516,2640200
2001-12-19,17.737799657954707,18.066530771526093,17.429614728829527,17.826831817626953,1160100
2001-12-20,18.90205710940968,19.175999701029262,17.5391915731236,18.5253849029541,2425100
2001-12-21,18.251438426678636,18.662352879779192,17.888465059886325,17.90900993347168,1900500
2001-12-24,17.909008980038845,17.909008980038845,17.772038373804673,17.813129425048828,181100
2001-12-26,17.881618873113695,17.97064971923828,17.81313290349259,17.97064971923828,667000
2001-12-27,17.96380188900968,18.01174167826086,17.80628506539543,18.004894256591797,702000
2001-12-28,18.00489687585769,18.210353518611964,17.806287655768607,18.182958602905273,1174700
2001-12-31,18.189802820950305,18.443200503351306,17.874769206017273,18.436351776123047,920700
2002-01-02,18.42265943426469,18.42950816339359,17.772045842157617,17.95010757446289,900500
2002-01-03,17.963799287328847,17.99119419508268,17.326882050924354,17.388519287109375,698200
2002-01-04,17.38851850998669,19.312967587070162,17.28579022302312,18.970539093017578,2708500
2002-01-07,19.018482629388767,19.03902750708253,18.114471435546875,18.114471435546875,1113600
2002-01-08,18.121321186539006,18.696601348612766,16.518756513632354,18.682905197143555,1746900
2002-01-09,18.491137712371547,19.408846132967902,17.98434372441342,18.881505966186523,3008600
2002-01-10,19.162299954458554,19.278725705263447,18.669203348481975,19.052722930908203,2384900
2002-01-11,18.90205542045028,19.004783719845857,17.813132573082544,18.12816619873047,3910300
2002-01-14,17.5323372611458,17.566579584344357,16.991299672034476,17.080331802368164,4285500
2002-01-15,17.121425467815012,17.806282486527614,17.121425467815012,17.388519287109375,3987000
2002-01-16,17.40906503473805,18.265136286827328,17.05293908036625,17.80628204345703,3153700
2002-01-17,17.80628204345703,17.977496293874886,17.696705027690488,17.80628204345703,1226800
2002-01-18,17.77204523354016,17.79943884285612,17.525496218389176,17.641921997070312,758100
2002-01-22,17.587132189279103,17.587132189279103,17.052943130839015,17.09403419494629,1914100
2002-01-23,17.052934476345623,17.121420419274866,16.64886884994988,16.813234329223633,2515200
2002-01-24,17.2926363282961,17.970644486990867,17.2926363282961,17.60082244873047,1689200
2002-01-25,17.5665868253318,17.635072806219892,17.25840187072754,17.25840187072754,1057900
2002-01-28,17.278939062374775,17.278939062374775,15.840739328695236,16.436565399169922,3010300
2002-01-29,16.676265127769305,16.724204899903352,16.285896918951128,16.354381561279297,2563400
2002-01-30,16.258505333584033,17.11457659992435,15.957167882079135,17.087182998657227,1677500
2002-01-31,17.463860072528078,17.909017028810794,17.463860072528078,17.655620574951172,1785300
2002-02-01,17.73779852491108,19.3814552940369,17.669312554059747,19.17599868774414,2698000
2002-02-04,19.107513142045132,19.141756781363362,18.497990731054667,18.703447341918945,1659800
2002-02-05,18.45689663595913,18.77193022833004,18.361015767891452,18.628110885620117,1007200
2002-02-06,18.628109588961017,18.641805735222135,18.40895426739055,18.50483512878418,825700
2002-02-07,18.49114192615856,18.936298785350864,18.27883658831508,18.83357048034668,3080600
2002-02-08,18.491141046577084,19.004783853426446,18.285684446341822,18.984237670898438,1346400
2002-02-11,18.765082418754876,19.21023922837873,18.217197315565684,18.354167938232422,1225300
2002-02-12,17.66930521579603,17.943248985429403,17.60082057964839,17.792579650878906,1278100
2002-02-13,17.80628537928516,17.909013687528773,17.56658512254252,17.669313430786133,1198100
2002-02-14,17.806279641610605,18.49113655090332,17.532337139145696,18.49113655090332,1449900
2002-02-15,18.388417061873437,18.833574004360567,18.045988443612337,18.799331665039062,964900
2002-02-19,18.799328198054535,18.799328198054535,18.38841367067004,18.456899642944336,814300
2002-02-20,18.422649911658485,18.73768475743973,18.388407589975255,18.559621810913086,1156200
2002-02-21,18.4226530837091,18.4226530837091,17.087182714206463,17.80628204345703,1514200
2002-02-22,17.669316562569463,17.669316562569463,16.915974631083287,17.55289077758789,2449100
2002-02-25,17.778892190449593,17.970652675683965,16.95021560986184,17.25840187072754,2103500
2002-02-26,17.326885056484212,17.703557265871197,17.14197462211527,17.58713150024414,787100
2002-02-27,18.491139609696,18.655505138364187,17.463854075824,17.628219604492188,1830800
2002-02-28,17.765194710300733,18.08022837005288,17.669313821725495,17.93640899658203,1782900
2002-03-01,18.0117429571661,18.0117429571661,17.840528665534247,17.94325828552246,560300
2002-03-04,17.94325476397109,18.621263069015633,17.94325476397109,18.354167938232422,1758700
2002-03-05,18.491142685348926,19.06642278450513,18.491142685348926,19.004785537719727,2029800
2002-03-06,18.833568912351446,19.21023976809401,18.792477855023076,18.860963821411133,770000
2002-03-07,18.874664775784144,19.073273998255765,18.35417312746642,18.587024688720703,1056000
2002-03-08,19.00478505858732,20.888142136465344,19.00478505858732,20.470378875732422,2507500
2002-03-11,20.68267838388296,20.799104106214,20.203278043399646,20.47722053527832,1379200
2002-03-12,20.340258791974346,20.703232261785868,19.922495493688658,20.415592193603516,1616000
2002-03-13,20.374497488875708,20.39504367088322,19.812914909948823,19.96358299255371,702500
2002-03-14,19.86085615670782,19.881402340227435,19.40200184152653,19.63485336303711,1106700
2002-03-15,19.532123468879746,19.854005813598633,19.34721175103093,19.854005813598633,892800
2002-03-18,19.860862224013882,20.34026286916716,19.860862224013882,20.148502349853516,838500
2002-03-19,19.17599604679988,19.27872433579838,17.121425041785606,17.80628204345703,8931800
2002-03-20,17.806287655768607,18.62811683930867,17.299493471548107,18.182958602905273,3732200
2002-03-21,18.319931522073993,18.79933212179176,18.14871720878358,18.75823974609375,1457900
2002-03-22,18.867818887816007,19.347219540528467,18.66921094170029,18.922607421875,1225100
2002-03-25,18.922601987367827,18.922601987367827,18.251442311334518,18.5253849029541,917300
2002-03-26,18.45689111781129,18.751378441924572,18.08021909741597,18.292524337768555,426800
2002-03-27,18.34732382834369,18.43635468383035,18.093926105977822,18.155563354492188,517700
2002-03-28,18.148714539925376,18.491143116150383,17.881620668473506,18.285686492919922,904700
2002-04-01,18.251441955566406,18.285685595264678,17.977499369286676,18.251441955566406,992600
2002-04-02,17.36112525362282,17.874768004876387,17.36112525362282,17.80628204345703,1685100
2002-04-03,17.552883052560254,17.874766655045544,17.313184165085207,17.813129425048828,1223600
2002-04-04,17.79943319809477,17.80628192481718,17.05978769346819,17.189910888671875,2005200
2002-04-05,17.189911751481308,17.525491540156757,17.189911751481308,17.231002807617188,2232300
2002-04-08,16.265356616638257,16.573542843458025,15.744865048154477,16.457117080688477,4992800
2002-04-09,16.49136242603694,16.95021683295736,16.47081623840951,16.717365264892578,4387500
2002-04-10,16.778998542077762,17.018698782502547,16.607784271240234,16.607784271240234,3001300
2002-04-11,15.991414677881846,16.094142988899144,14.71073123549956,15.443528175354004,4328000
2002-04-12,15.580497108656026,15.731165181870354,15.101096675116018,15.422980308532715,2328700
2002-04-15,15.539406936399013,15.539406936399013,15.244918193885647,15.368192672729492,1178400
2002-04-16,15.40928107813785,16.573538393212644,15.40928107813785,16.265352249145508,1584800
2002-04-17,16.292754422494166,16.51875726021896,16.162631180694582,16.422876358032227,1409100
2002-04-18,16.36808317459765,16.36808317459765,15.765409547530469,15.820198059082031,1078900
2002-04-19,15.683228417230923,16.888577153638636,15.683228417230923,16.765302658081055,3423600
2002-04-22,16.60778821006933,16.765305063095056,16.45712008625275,16.717365264892578,1148300
2002-04-23,16.628334587693132,16.744760373055808,16.19687378641786,16.395483016967773,1451800
2002-04-24,16.265351273066663,16.3680795461707,15.683222650462632,15.854436874389648,1897500
2002-04-25,15.340802254004359,15.854445195363398,15.066859613198513,15.395590782165527,1785300
2002-04-26,15.375036215297959,15.395581084003068,14.92987823486328,14.929878234863281,1581100
2002-04-29,14.991518450014267,14.998367176371808,13.758776443398881,13.875202178955078,2037600
2002-04-30,13.93684012092331,14.758667731840157,13.745079691912185,14.683334350585938,1552400
2002-05-01,14.642245179878723,14.649093908077527,13.868357181072621,14.436788558959961,1883900
2002-05-02,14.450482622506543,14.724425154832618,14.381996662859766,14.51896858215332,2146900
2002-05-03,14.416242686225909,14.416242686225909,13.52592890130292,13.608112335205078,3315900
2002-05-06,13.628652400943736,14.03956681281489,13.614954949087153,13.834110260009766,1666900
2002-05-07,13.840960828118844,14.23817918475068,13.813567224435285,14.149147033691406,1462200
2002-05-08,15.203825520600924,15.512010378697616,14.88879062967292,15.217521667480469,2003300
2002-05-09,14.724423730513177,14.929880283318301,13.765624306987755,13.834110260009766,2551700
2002-05-10,14.553208340464916,14.649087883292758,13.354708830073687,14.012170791625977,2037900
2002-05-13,14.10805789402426,14.518972455260185,14.005329580280623,14.484728813171387,1121800
2002-05-14,14.72443293042158,14.964133262634276,14.484732598208884,14.964133262634277,1764000
2002-05-15,14.929881682833607,15.806499089914762,14.751820017050289,15.217521667480469,1669900
2002-05-16,14.03957507610321,14.142303412968703,13.62866042237956,13.69714641571045,8267900
2002-05-17,13.69714641571045,13.861512015947573,13.662904072175841,13.69714641571045,33453400
2002-05-20,13.69714039899673,14.854549128465061,13.423197852269016,14.697031021118164,20891200
2002-05-21,14.85454557717167,14.998364889972757,14.245022086878253,14.313508033752441,6467200
2002-05-22,14.155997051447525,14.292969001133446,14.005328951802067,14.176543235778809,6725800
2002-05-23,14.382000529990536,14.436789051187665,14.142300259905085,14.388849258422852,5913700
2002-05-24,14.35460186577664,14.45048273251647,14.149145291533223,14.258722305297852,2190900
2002-05-28,14.34775816360033,14.484728813171387,14.245028543595314,14.484728813171387,2776000
2002-05-29,14.361453855034455,14.450486015357567,14.245028088177467,14.436788558959961,1915700
2002-05-30,14.436788331691936,14.436788331691936,14.073813580437413,14.183390617370605,1794300
2002-05-31,14.327209001145853,14.450483474526271,14.155994745064406,14.279269218444824,3056000
2002-06-03,14.210785166987861,14.210785166987861,13.888902792495694,13.90944766998291,2583700
2002-06-04,13.902596022328055,13.909444748805896,13.080768438902448,13.443741798400879,5704400
2002-06-05,13.388955696725702,13.539625093767715,13.388955696725702,13.48483657836914,4015300
2002-06-06,13.491685552612669,13.560170218416385,13.217741664352726,13.36841106414795,5180900
2002-06-07,13.217739033304234,13.77247412097304,13.217739033304234,13.662897109985352,3005700
2002-06-10,13.902593007439112,14.039564894770432,13.7039852076955,13.929987907409668,2083200
2002-06-11,13.83411434716239,14.12860181151691,13.83411434716239,13.96423625946045,1870200
2002-06-12,14.039570609578929,14.039570609578929,13.45744181085633,13.779325485229492,2625600
2002-06-13,13.697143349699916,13.765629327700692,13.525929057828668,13.532777786254883,2771800
2002-06-14,13.532780815473323,13.751934949122823,13.245140688492938,13.69714641571045,3848700
2002-06-17,13.868352381881314,14.183385932439812,13.799866429854415,14.142294883728027,3424500
2002-06-18,14.245024884835132,14.375148078828346,14.176540230770222,14.34775447845459,1780800
2002-06-19,14.279276257031325,14.279276257031325,13.957392460927107,13.977938652038574,1098900
2002-06-20,13.977933174779745,14.032721690013002,13.594413568146946,13.676595687866211,2289300
2002-06-21,13.560170534710709,13.628656508373147,13.279379218329884,13.49168586730957,2386400
2002-06-24,13.375258577855371,13.560168987506133,13.067072384668853,13.115012168884277,3360900
2002-06-25,13.286226026589574,13.388954319109326,12.834220494493785,12.841069221496582,2814300
2002-06-26,12.327426452636718,13.073920714547276,11.984997940063478,12.841069221496582,3623400
2002-06-27,12.909554702273383,13.162951060590945,12.724642998899338,12.889008522033691,967800
2002-06-28,12.943798310886498,13.34786408509966,12.943798310886498,13.012284278869629,1571200
2002-07-01,13.012284862461375,13.012284862461375,11.320688300595446,11.471356391906738,5758000
2002-07-02,11.567232695104439,11.848023921353969,11.368624872122009,11.574081420898438,5323700
2002-07-03,11.56723363220226,12.156211035592216,10.985106261422127,11.984996795654297,3582400
2002-07-05,12.190455680134788,12.532884225152744,12.135667165182364,12.258941650390625,1190200
2002-07-08,12.121970150392348,12.156212479944072,11.745297994017678,12.032938003540039,5472700
2002-07-09,12.1151208377966,12.121969564628223,11.197412342536058,11.368626594543457,3892200
2002-07-10,11.300142194403977,11.622024562414763,10.341342511888618,10.444070816040039,7509200
2002-07-11,10.286551643841488,10.854982856849455,10.20436823555533,10.64952564239502,6081300
2002-07-12,10.444069945042658,10.581041223531857,9.581149910864845,9.656484603881836,8898500
2002-07-15,9.622239561885076,9.998910986973259,9.519510635153516,9.8961820602417,6102600
2002-07-16,9.930424800993046,10.409824488345937,9.930424800993046,10.23861026763916,4151900
2002-07-17,10.409824488345937,10.683767633355032,10.204367292871721,10.23861026763916,4234300
2002-07-18,10.101639884197864,10.307097097214424,9.47157144595,9.519511222839355,9051100
2002-07-19,9.519511336775826,10.409825501749868,9.505814537413709,10.170125961303711,3939000
2002-07-22,10.170125961303711,10.471462731705602,9.827697486554502,10.170125961303711,2544200
2002-07-23,10.10164102254901,10.1564295317768,9.896183786379531,9.944124221801758,2072100
2002-07-24,9.519511410131836,10.478311538696289,9.382540149802766,10.478311538696289,2307200
2002-07-25,10.444070591310435,10.444070591310435,9.861941805296624,10.094793319702148,2426200
2002-07-26,10.101642715246122,10.307099985843362,9.930428431936866,10.183825492858887,1814100
2002-07-29,10.307098073503619,11.402868891499317,10.307098073503619,11.279594421386719,2377200
2002-07-30,11.300139887160677,11.9849968500189,10.99195373137008,11.663114547729492,2308700
2002-07-31,11.320688471713352,11.409719321047305,11.039897161779994,11.300142288208008,3322900
2002-08-01,11.30014268101508,11.437114629956152,11.128928397969398,11.293293952941895,2391200
2002-08-02,11.197413444519043,11.341232803353789,11.026199175661752,11.197413444519043,1684100
2002-08-05,11.197411288211528,11.197411288211528,10.430370936686405,10.464613914489746,1597800
2002-08-06,10.444071223232935,11.28644517888278,10.444071223232935,11.14262580871582,1430400
2002-08-07,11.231655199355119,11.341232221299176,10.88922667921465,11.286443710327148,849300
2002-08-08,11.313842498636273,11.546694076681108,11.128930720848622,11.430268287658691,1234100
2002-08-09,11.40286980189578,11.505598099771005,10.889227006258483,11.313838958740234,1484500
2002-08-12,11.245351962122422,11.36862643079392,11.231654508656465,11.259049415588379,627400
2002-08-13,11.094686438877249,11.437115016543073,11.005654277177774,11.039897918701172,2234900
2002-08-14,10.957712026742788,11.265898199999356,10.82074075703461,11.128926277160645,1964500
2002-08-15,11.231654924907673,11.984997912060864,11.231654924907673,11.717904090881348,1033800
2002-08-16,11.54669238215529,12.430157458163636,11.54669238215529,12.265791893005371,1278600
2002-08-19,12.26579071582012,12.847919519633674,12.26579071582012,12.813675880432129,1085300
2002-08-20,12.81367592044075,12.943799137290368,12.47124736492375,12.806828498840332,1103900
2002-08-21,13.149257054357331,13.149257054357331,12.532884609417712,12.806828498840332,1163200
2002-08-22,12.806824155028153,13.012280696147197,12.546577809599144,12.669852256774902,1731800
2002-08-23,12.573976591062989,12.587672740105168,12.1699108034409,12.258941650390625,563800
2002-08-26,11.916510838426934,12.121968710109027,11.916510838426934,11.984996795654297,1577100
2002-08-27,11.950753483516973,11.950753483516973,11.135773402944155,11.163166999816895,2558200
2002-08-28,11.11523163629105,11.334385723280231,10.841289027554572,10.889228820800781,1688300
2002-08-29,10.923467475571695,11.259047854523676,10.889224499785113,11.163166999816895,1270100
2002-08-30,11.279596762084623,11.430266170715715,11.163170994624844,11.265900611877441,930700
2002-09-03,11.265896514359545,11.265896514359545,10.683767888786587,10.78649616241455,1984200
2002-09-04,10.889227401178331,11.094685310641303,10.752256114666961,11.026199340820312,1090800
2002-09-05,11.026196782589077,11.026196782589077,10.690616392082282,10.807042121887207,1965200
2002-09-06,10.87553035705838,11.087836336274108,10.827590571128951,10.95771312713623,666300
2002-09-09,10.889223647504231,11.300138018520778,10.793344106562653,11.122075080871582,501000
2002-09-10,11.238504404121645,11.375476340503301,10.957713110174323,11.053592681884766,348700
2002-09-11,11.094682354504608,11.368624854536389,10.937164927138504,11.163166999816895,1685700
2002-09-12,11.12892467716075,11.368624854536389,11.094682354504608,11.163166999816895,1003900
2002-09-13,10.957710387214782,11.019347612643735,10.444067712814089,10.78649616241455,2727700
2002-09-16,10.786497530308244,11.197411983191241,10.786497530308244,11.060440063476562,1610700
2002-09-17,11.204262073156828,11.368627613058099,10.889227141983495,11.053592681884766,1364800
2002-09-18,10.971411994530424,10.971411994530424,10.498860189332229,10.882380485534668,949700
2002-09-19,10.101641422254374,10.204369717838631,9.519512672262062,9.656484603881836,12088100
2002-09-20,9.656485634411066,10.101642500290241,9.464725170931153,10.01945972442627,3810900
2002-09-23,10.019459442610898,10.129036474014143,9.861941970120766,10.108490943908691,2898800
2002-09-24,10.040005739172937,10.067399999115034,9.396240303968346,9.451028823852539,3594000
2002-09-25,9.656480428038712,9.937271590799037,9.485266240684341,9.759208679199219,2280300
2002-09-26,9.964668011396071,10.238610509752695,9.7249678354862,9.8961820602417,1663800
2002-09-27,9.896182536763973,9.896182536763973,9.567451522906927,9.690725326538086,2160500
2002-09-30,9.587998662985983,9.861941220676208,9.1017501332379,9.77975845336914,1718600
2002-10-01,9.724968842955327,10.204368591308594,9.45102631621932,10.204368591308594,3960800
2002-10-02,10.101644622605644,10.135887616359277,9.314059031925991,9.60854721069336,3505500
2002-10-03,9.588001495538093,9.59485022478629,8.834658259636363,8.868901252746582,3741000
2002-10-04,8.903141864450514,9.033264419707331,7.8073702968043674,8.355256080627441,7461100
2002-10-07,7.80737131735422,8.6292004270805,7.738885993630817,8.464834213256836,3754700
2002-10-08,8.362107044733811,8.99217576669106,8.252529989285726,8.868901252746582,2809800
2002-10-09,8.663441066384886,8.882595757536892,8.355255537134576,8.533318519592285,3580400
2002-10-10,7.875857253175163,9.45102883443633,7.807371276677891,9.142843246459961,6457900
2002-10-11,9.451027044207246,10.204369377324511,9.382541080682698,9.814001083374023,3196700
2002-10-14,9.82084769471714,10.135881883429489,9.724967497063673,9.930424690246582,932400
2002-10-15,10.82074392136822,11.464509403819658,10.546800648711503,11.457660675048828,3996500
2002-10-16,10.991955288117527,10.998804015467387,10.272855897777568,10.944015502929688,2670600
2002-10-17,11.622021932628048,12.121968497225145,10.909771386250437,11.498748779296875,2844700
2002-10-18,11.16316789063338,11.711054240678939,11.16316789063338,11.608325958251953,1417300
2002-10-21,11.368624255586884,11.848023278820417,11.300138307621863,11.827478408813477,1739100
2002-10-22,11.471356610433748,11.895968594052524,11.306991060528139,11.635722160339355,1703100
2002-10-23,11.505596401323732,12.012391701049637,11.471354075840543,11.984996795654297,4157900
2002-10-24,12.012391928386222,12.087725307127133,11.601477483506393,11.77269172668457,1282100
2002-10-25,11.642565968333901,12.121966266004879,11.608323649754855,12.067177772521973,2112000
2002-10-28,12.06718182402121,12.231547359654883,11.81378414017274,11.950756072998047,1762500
2002-10-29,11.779542608522165,11.779542608522165,11.348081905260567,11.471356391906738,1652900
2002-10-30,11.478208027658916,11.532996557131161,10.902927815069544,11.375479698181152,2324000
2002-10-31,11.375477181739038,11.745299347300573,11.375477181739038,11.56038761138916,1578400
2002-11-01,11.423413372213115,11.690507146874648,11.265896597733795,11.574081420898438,1444800
2002-11-04,11.745295646965754,11.88226755032396,11.437110823801111,11.574081420898438,2124900
2002-11-05,10.985109889839055,11.594632367341752,10.923471985470835,11.238506317138672,1558600
2002-11-06,11.491900610535291,11.717903361997175,11.03989510761152,11.60147762298584,2280900
2002-11-07,11.81378255571638,12.046634026532827,11.731599145791344,11.984996795654297,3282200
2002-11-08,11.916510449801054,12.121968314782677,11.711053891080375,11.99184513092041,1707100
2002-11-11,11.745296430454932,11.943905572946788,11.57408219296649,11.875419616699219,1282200
2002-11-12,11.895965965641414,12.169908488289886,11.75214532483785,11.984996795654297,1233900
2002-11-13,11.813782001217728,12.327424696922847,11.813782001217728,12.293182373046875,1352900
2002-11-14,12.3274272115607,13.14925621483589,12.3274272115607,13.012284278869629,5449400
2002-11-15,12.601370542427635,12.909556763935184,12.57397693732767,12.813675880432129,2957000
2002-11-18,12.813675234202094,13.217741012573242,12.799979085473483,13.217741012573242,3750800
2002-11-19,13.08076984081213,13.135558352245704,12.669855351929746,12.834220886230469,2324700
2002-11-20,12.258937868275982,12.669852256774902,11.916509428903689,12.669852256774902,5268900
2002-11-21,12.601367597677529,12.861613969748522,12.505488042841353,12.79312801361084,2815700
2002-11-22,12.69039843339114,12.909552425587675,12.505486762627502,12.669852256774902,2400700
2002-11-25,12.724641355721149,12.738338807445476,12.101421671134068,12.450698852539062,2516100
2002-11-26,12.416455654074428,12.430153106274052,11.94390530953585,12.121968269348145,2049200
2002-11-27,12.327428122079278,12.841070960499247,12.25894214903769,12.827373504638672,2088100
2002-11-29,13.32047224400509,13.457442891831825,12.601371444434617,13.183500289916992,1406700
2002-12-02,13.676596584540562,14.019025153764263,13.560170818754049,13.710840225219727,4574900
2002-12-03,13.395804724957584,13.669747308096142,13.183499386307862,13.33416748046875,1337300
2002-12-04,13.183498208417063,13.183498208417063,12.224698599966237,12.423306465148926,2797200
2002-12-05,12.58767533999067,12.875315429466005,12.087729874507337,12.409613609313965,1451200
2002-12-06,12.327426195367915,12.395912157705508,11.984997689941029,12.115120887756348,1584100
2002-12-09,12.053485857995662,12.430156760389364,11.984999883125537,12.238397598266602,1524900
2002-12-10,12.238396068580187,12.464398843020414,12.17675882952729,12.32742691040039,2411000
2002-12-11,12.327427620646464,12.41645846759619,12.156213348137486,12.258941650390625,892800
2002-12-12,12.245240200058866,12.286332552562667,11.984995165505502,12.149360656738281,906600
2002-12-13,12.121966266004879,12.121966266004879,11.642565968333901,12.067177772521973,2314500
2002-12-16,12.067183204251632,12.32057961082213,12.05348574815017,12.19045639038086,940200
2002-12-17,11.902815038961412,12.464398921217766,11.88227016332233,12.38221549987793,2332700
2002-12-18,12.27948656605172,12.382214857702873,12.087726130378092,12.320577621459961,1093300
2002-12-19,12.320575922857982,12.36166697260112,12.012391090393066,12.012391090393066,750200
2002-12-20,12.012393528821175,12.019240949950909,11.115229834528703,11.745298385620117,3825000
2002-12-23,11.813784299837852,12.156212830267936,11.711056001961063,11.779541969299316,1496300
2002-12-24,11.539843004336324,12.05348585640238,11.478205757587492,11.96445369720459,463800
2002-12-26,11.98500120250531,12.306883621689897,11.98500120250531,12.231550216674805,651200
2002-12-27,12.15621194265447,12.395912157705508,12.026088744839152,12.115120887756348,992400
2002-12-30,12.121972836621564,12.382217995163963,12.019243212679225,12.204154968261719,1152400
2002-12-31,12.27263783910683,12.375366130757984,12.053483801914743,12.320577621459961,611000
2003-01-02,12.327427385466844,12.793130406808496,12.22469908517353,12.745190620422363,684200
2003-01-03,12.615066455448687,13.087618168552872,12.615066455448687,12.841069221496582,1238800
2003-01-06,12.889010039851275,13.286227094101081,12.889010039851275,13.080770492553711,1867400
2003-01-07,13.183499519445894,13.614958928963702,12.669856681025923,12.827373504638672,3048800
2003-01-08,12.73834228515625,12.991738679931911,12.669856314098064,12.73834228515625,1168100
2003-01-09,12.738342628966423,12.738342628966423,12.46440004360117,12.580825805664062,2201900
2003-01-10,12.40276322206763,12.635614754143454,11.437114759272553,11.587782859802246,5538200
2003-01-13,11.628873404778169,12.019241748156817,11.628873404778169,11.916513442993164,2112500
2003-01-14,11.950756707699517,11.984999039593864,11.574084525555543,11.642570495605469,2193900
2003-01-15,11.649417341358136,11.649417341358136,11.094683555463277,11.231654167175293,1635000
2003-01-16,11.279592659585303,11.334381159270942,10.628979389100946,10.78649616241455,4729200
2003-01-17,10.62897945132014,11.231652951390059,10.58103902396675,11.163166999816895,2874000
2003-01-21,10.889225225436988,10.957711181574018,10.519402499184084,10.772799491882324,3013100
2003-01-22,10.478311913924014,10.848134656621072,10.382431701694957,10.724860191345215,3079500
2003-01-23,11.026197948821268,11.628871533386945,10.964560714389872,11.539840698242188,4868700
2003-01-24,11.43711176969803,11.532991326221884,11.320686034092924,11.382323265075684,2217200
2003-01-27,11.211113431443009,11.348084093705507,10.964564410604407,11.170021057128906,2159900
2003-01-28,11.17002033729017,11.361780819613694,11.128929271885635,11.238506317138672,1933000
2003-01-29,11.245350441190295,11.30013894138293,11.080984940612394,11.156319618225098,1972600
2003-01-30,11.128926930419219,11.368627156326632,11.039896089730767,11.094684600830078,2240000
2003-01-31,10.991955430186822,11.368627601730466,10.923470115194828,11.334383964538574,4342900
2003-02-03,11.35492740296958,11.498748031899314,11.094682354504608,11.163166999816895,2266000
2003-02-04,10.998804265639206,11.368627713376334,10.950864479360959,11.197413444519043,1293100
2003-02-05,11.20426325391912,11.33438517030729,11.128928550343934,11.2179594039917,1223900
2003-02-06,11.080988970674488,11.190566010911999,10.923471485485056,10.950865745544434,1346500
2003-02-07,10.99195466641491,10.99195466641491,10.231763608102627,10.348189353942871,2300900
2003-02-10,10.286551774235594,10.51255451706118,10.272854321637443,10.478311538696289,1882300
2003-02-11,10.492011140961372,10.90292568484927,10.492011140961372,10.546799659729004,1336400
2003-02-12,10.307101590118949,10.375586922223833,9.992067233670351,10.033158302307129,1599300
2003-02-13,10.026308356595667,10.272856681832621,9.916730670026384,10.060550689697266,1341400
2003-02-14,10.135885413914233,10.492010773428854,10.10849115549003,10.457768440246582,736100
2003-02-18,10.615284591913223,11.026199095433071,10.615284591913223,10.95771312713623,1577800
2003-02-19,10.95771312713623,11.163169725765556,10.820741843673147,10.95771312713623,589000
2003-02-20,10.964560485392377,10.991954085533619,10.649526246201892,10.683769226074219,826700
2003-02-21,10.66322334798536,10.718011856079102,10.505706550498482,10.718011856079102,1048200
2003-02-24,10.615285991021002,10.642680251324217,10.375585723519867,10.389283180236816,1134500
2003-02-25,10.272855380440145,10.841286659240723,10.170127087887966,10.841286659240723,1264300
2003-02-26,10.752254532688358,10.8823777255771,10.533100506514288,10.683769226074219,992300
2003-02-27,10.683771242087216,10.697468044742404,10.224916923352186,10.272856712341309,1365900
2003-02-28,10.320797888946363,10.581043705691016,10.204372111636104,10.505709648132324,3224800
2003-03-03,10.68376879120179,10.8207400519853,10.622131560566586,10.759102821350098,1497700
2003-03-04,10.64952935701786,10.77965193478597,10.56049784459517,10.690620422363281,846300
2003-03-05,10.752256207104956,10.820742177514726,10.64952790462092,10.800196647644043,1235300
2003-03-06,10.82074256396739,11.012502373580402,10.813893836055692,10.978260040283203,2125500
2003-03-07,10.82073974609375,10.82073974609375,10.676919763054087,10.82073974609375,1868800
2003-03-10,10.649526490153171,10.752254778992858,10.409826278686523,10.409826278686523,664200
2003-03-11,10.38928091586344,10.38928091586344,9.690726450687395,9.704423904418945,3057100
2003-03-12,9.72496789984557,9.800302577240029,9.44417667388916,9.44417667388916,5790500
2003-03-13,9.44417766939767,9.574300207411786,9.211326193143504,9.471571922302246,5376700
2003-03-14,9.540060212646445,10.238614158999656,9.512665953046922,9.985217094421387,2991500
2003-03-17,9.930427044824134,10.47831280550951,9.800304495062509,10.416675567626953,1206800
2003-03-18,10.512554510227284,10.779648304412715,10.485160258179278,10.731708526611328,2095600
2003-03-19,10.71116586916256,10.923471216104467,10.512557325347231,10.546799659729004,2960200
2003-03-20,10.546800353585688,10.745408910467148,10.368737982441786,10.539952278137207,1962300
2003-03-21,10.889226089681795,11.074137794049369,10.779649073670138,10.875529289245605,1628700
2003-03-24,10.649529201439039,10.889228820800781,10.594740679691743,10.889228820800781,1395500
2003-03-25,10.683767888786587,10.950861661471468,10.683767888786587,10.78649616241455,1050500
2003-03-26,10.820741497754804,10.944015322365452,10.656375962853556,10.711164474487305,889200
2003-03-27,10.656376260448956,10.923470098839841,10.615284549010807,10.745407104492188,380800
2003-03-28,10.745405326070086,10.95086254299537,10.724859800316704,10.731708526611328,690400
2003-03-31,10.54680084437003,10.800198588545872,10.36873846494018,10.615286827087402,571500
2003-04-01,10.683767094113659,10.718009414022367,10.224912953528792,10.2591552734375,1173600
2003-04-02,10.444068594982776,10.854983030463801,10.444068594982776,10.759102821350098,2394000
2003-04-03,10.752254532688358,10.971409211992945,10.51940305331315,10.683769226074219,1799400
2003-04-04,10.786499541337003,10.786499541337003,10.341342678661064,10.457768440246582,2049100
2003-04-07,11.060440341920518,11.128926303501975,10.423523772987323,10.437220573425293,3008800
2003-04-08,10.478314305616609,10.478314305616609,10.163279997106049,10.211219787597656,5115700
2003-04-09,10.224918025012569,10.307100809190219,9.724971938185146,9.738669395446777,4060500
2003-04-10,9.704424309891339,10.02630730159579,9.382541318186888,9.882487297058105,4826300
2003-04-11,10.067399395616162,10.067399395616162,9.546907834786976,9.629091262817383,4637800
2003-04-14,9.629089285162976,10.307097528682474,9.211326115477435,10.204368591308594,6074800
2003-04-15,10.101642440230581,10.101642440230581,9.861942188871158,10.087944984436035,4080200
2003-04-16,10.156431062593528,10.163279790561907,9.759213984256691,9.861942291259766,1981700
2003-04-17,9.930426452119471,10.30709793092942,9.930426452119471,10.101640701293945,1959200
2003-04-21,10.149582222791407,10.327645229223343,10.101642433802287,10.272856712341309,932900
2003-04-22,10.218068701297762,10.916622652690473,10.211219973065806,10.868682861328125,2571600
2003-04-23,10.765953623127597,10.991955757141113,10.635830410450298,10.991955757141113,2611300
2003-04-24,10.85498167461325,10.950861218620549,10.75225275200919,10.765950202941895,1433900
2003-04-25,10.697467020013578,10.834438299097952,10.608435525326092,10.711164474487305,1874700
2003-04-28,10.642677170217237,10.813891410827637,10.450917403610129,10.813891410827637,1162400
2003-04-29,10.594737391848083,10.854983115951551,10.53310016072746,10.813891410827637,1778000
2003-04-30,10.642677162628711,11.033046075070816,10.6152829102758,10.97140884399414,1607400
2003-05-01,10.978258683169749,11.437112946440378,10.964561229039612,11.080986976623535,2965000
2003-05-02,11.12208199134594,11.437117017161372,11.074142191088754,11.430268287658691,1533700
2003-05-05,11.34808041404858,11.498749791822181,11.27274572516178,11.368626594543457,1972000
2003-05-06,11.060438650191506,11.471353050568522,11.060438650191506,11.423413276672363,2495500
2003-05-07,11.334379910510469,11.587777510051621,11.300137591827404,11.4850492477417,806100
2003-05-08,11.197414635796157,11.53984320994123,11.197414635796157,11.265900611877441,1112500
2003-05-09,11.231654526085212,11.58778047918637,11.156321144427665,11.539840698242188,1961900
2003-05-12,11.457659593688215,11.491903234310492,11.26590043124875,11.437114715576172,1924900
2003-05-13,11.402871074953893,11.491903234310492,11.33438509997066,11.437114715576172,762900
2003-05-14,11.437114277384724,11.656268343925534,11.437114277384724,11.635722160339355,1090900
2003-05-15,11.642566741186162,11.827478408813477,11.587778244066305,11.827478408813477,1207100
2003-05-16,11.724751557726828,11.971299171447754,11.642568148979208,11.971299171447754,1460100
2003-05-19,11.80009123588184,11.902819571983407,11.553543490490412,11.697362899780273,1265500
2003-05-20,11.669964686573108,11.738449346139115,11.306989982071974,11.526144027709961,1520900
2003-05-21,11.368627940247334,11.409718999839955,11.128927697811458,11.176867485046387,1150400
2003-05-22,11.231651648200549,11.498746697719216,11.231651648200549,11.4850492477417,877100
2003-05-23,11.437113964233127,11.950756783472437,11.437113964233127,11.882270812988281,1568600
2003-05-27,11.574085359281312,11.711057309247778,11.416568531202804,11.437114715576172,1688800
2003-05-28,11.128927366432,11.41656738753792,11.128927366432,11.334383964538574,1797700
2003-05-29,11.430262098007113,11.608325049868428,11.430262098007113,11.574081420898438,1305800
2003-05-30,11.642567556827993,12.012390917991292,11.622021379120843,11.998693466186523,4290600
2003-06-02,11.998696550725834,12.211001883234056,11.964452912410806,11.978150367736816,1587500
2003-06-03,11.717908482575611,11.978153674304279,11.68366483480763,11.786393165588379,1331700
2003-06-04,11.7452972938644,12.738340466801425,11.738448567110089,12.697249412536621,2099500
2003-06-05,12.327426307598566,12.889008852609614,12.293183979248564,12.635612487792969,2706200
2003-06-06,12.63561554075747,12.704100214004455,12.272640763745962,12.464401245117188,2155400
2003-06-09,12.293185859707334,12.34797437720486,12.03978814986796,12.080879211425781,916300
2003-06-10,12.039789629464165,12.115124340129299,11.813786803730219,11.937061309814453,1516900
2003-06-11,12.087726862929683,12.224698797606187,11.59463024936439,11.779541969299316,4216900
2003-06-12,11.77954328423101,11.848027952952918,11.36862874059294,11.437114715576172,2847700
2003-06-13,11.53983911957353,11.53983911957353,11.12892471499834,11.156319618225098,2055300
2003-06-16,11.402869323427812,11.978149334903549,11.313838484008027,11.923360824584961,3327500
2003-06-17,11.978151224027826,12.019242286682129,11.813785667149283,12.019242286682129,3125300
2003-06-18,11.916510667702996,12.053482580195373,11.868570890208954,11.971299171447754,2748500
2003-06-19,12.156212103467837,12.327426358446257,11.950755519998173,12.224698066711426,2672400
2003-06-20,12.327428451214837,12.395914426084962,12.053485857995662,12.238397598266602,2020000
2003-06-23,12.169912762167169,12.36167194223334,12.156215304659172,12.313732147216797,2595700
2003-06-24,12.053488067134575,12.19045873571721,11.806939034919647,12.087730407714844,1221500
2003-06-25,11.882271598710886,12.053485883112307,11.841180536207716,11.868574142456055,1453000
2003-06-26,11.758995610671263,12.32742691040039,11.758995610671263,12.32742691040039,1378200
2003-06-27,12.327429808291177,12.46440177311011,12.217852758940618,12.231550216674805,1249700
2003-06-30,12.190455606895776,12.450702031052181,12.156213275104198,12.38906478881836,912300
2003-07-01,12.313728894515071,12.389063584647763,12.087726130378092,12.320577621459961,841600
2003-07-02,12.245246201301923,12.382218164254565,12.190457677373153,12.217852592468262,666100
2003-07-03,12.217847612657547,12.464396522978102,12.19045270872819,12.430152893066406,934500
2003-07-07,12.327428424916603,12.464400374364647,12.306882240621,12.334277153015137,1367400
2003-07-08,12.327427044650255,13.299924119312,12.327427044650255,13.279377937316895,3075400
2003-07-09,13.115008274654654,13.28622248530618,12.889005568845072,13.156099319458008,2679600
2003-07-10,13.080770492553711,13.09446794765986,12.978042191780027,13.080770492553711,2461700
2003-07-11,13.080772323491017,13.080772323491017,12.875314386924146,12.936951637268066,2697000
2003-07-14,13.115009117641263,13.38210419168289,12.902703848540149,12.909552574157715,2185900
2003-07-15,13.587565505213984,14.245027720178546,13.361562705537253,14.073813438415527,7611000
2003-07-16,13.936841011047363,14.039569305690431,13.491684196753308,13.936841011047363,3736100
2003-07-17,13.799873270005197,13.80672199922867,13.491688292518154,13.594416618347168,2374800
2003-07-18,13.662895832061501,14.17653851287192,13.642349654575165,14.142294883728027,1506900
2003-07-21,13.354710097853209,13.697138561900728,13.210890769958496,13.210890769958496,2703200
2003-07-22,13.210898395619061,13.690297738250308,13.210898395619061,13.601266860961914,1555700
2003-07-23,13.608108604491507,13.697139436071126,13.491682867034463,13.662897109985352,1414200
2003-07-24,13.697141816344443,13.758779059018892,13.525927543640137,13.525927543640137,1996600
2003-07-25,13.52592352010764,13.697137741881154,13.52592352010764,13.642349243164062,1800100
2003-07-28,13.731383827084832,13.854658309549272,13.45744125842008,13.587564468383789,1962800
2003-07-29,13.63550425461747,13.69029276835042,13.484836168417157,13.587564468383789,1666100
2003-07-30,13.587564786314585,13.594413513974107,13.423199241269801,13.525927543640137,691300
2003-07-31,13.546471880207925,13.594411661029046,13.279376762937158,13.299922943115234,1996200
2003-08-01,13.642348370889298,13.96423061698885,13.409496939664681,13.923139572143555,3171000
2003-08-04,13.594412774160947,13.991629812967783,13.560169137726897,13.786171913146973,2110900
2003-08-05,13.628656247190676,13.834114164240551,13.334167480468748,13.33416748046875,1548300
2003-08-06,13.341009083169338,13.395797570535636,13.012278158971542,13.149250030517578,2333300
2003-08-07,13.080773682940562,13.703993673399655,13.080773682940562,13.594416618347168,2080700
2003-08-08,13.395805262278031,14.025873881900095,13.395805262278031,13.710840225219727,2350200
2003-08-11,13.697144690407443,13.717690877697198,13.251987749221504,13.375262260437012,1759300
2003-08-12,13.457442227347702,13.587565446680204,13.423199893647134,13.49168586730957,2542600
2003-08-13,13.560164553404286,13.62865049685799,13.38895034790039,13.38895034790039,1471000
2003-08-14,13.388952891486024,14.169690705162873,12.841067852292595,13.95738410949707,6790100
2003-08-15,13.731382963541769,14.299814247621416,13.731382963541769,14.108055114746094,1460700
2003-08-18,14.073810361364098,14.09435654093758,13.834111464311892,13.9984769821167,941800
2003-08-19,14.07381109157223,14.553211523071978,14.039568763434142,14.49157428741455,1580700
2003-08-20,14.498423246482417,14.498423246482417,14.176540915541848,14.37514877319336,1142000
2003-08-21,14.203935209559008,14.587454795837402,14.14229796991019,14.587454795837402,2230400
2003-08-22,14.929881271472917,15.066853186582609,14.416238549203054,14.751819610595703,2219200
2003-08-25,14.45048481691001,14.573759301742061,14.197087119615096,14.368301391601562,881100
2003-08-26,14.368300046203844,14.395694954161904,14.073811316960226,14.37514877319336,718200
2003-08-27,14.381997590890219,14.40254377198835,14.251874389790958,14.334057807922363,934000
2003-08-28,14.3751470367274,14.388844489051827,14.128598119931503,14.292964935302734,1179600
2003-08-29,14.155994507869162,14.546362796192142,14.080659818452064,14.49157428741455,812100
2003-09-02,14.498422391202588,15.340796167303678,14.498422391202588,15.306553840637207,3191300
2003-09-03,15.409281495817602,16.162624407976434,15.375039170553508,16.032501220703125,4507900
2003-09-04,15.751718017968717,16.38178679093793,15.751718017968717,16.2790584564209,3572900
2003-09-05,16.333843191130313,16.333843191130313,15.751714355857235,15.909231185913086,3163600
2003-09-08,15.909233130859976,15.909233130859976,15.64898795835469,15.724321365356445,1717700
2003-09-09,15.614737162604694,15.83389247298819,15.505160160543397,15.710618019104004,2250700
2003-09-10,15.580499210595779,15.64898518266384,15.21067574518502,15.251768112182617,1809800
2003-09-11,15.272309127569976,15.566797818613518,15.066852569580078,15.066852569580078,2068000
2003-09-12,15.340802191531925,15.429834365844727,14.895645238752548,15.429834365844727,4702400
2003-09-15,15.457221154527572,15.833893260833603,15.224369686996123,15.792800903320312,3125400
2003-09-16,15.648983770028195,16.059898259081983,15.546255474330037,16.0119571685791,2620400
2003-09-17,15.40928768209799,15.957172943845762,14.38200183662479,15.477773666381836,6617000
2003-09-18,15.409287541683517,15.614744186401367,15.409287541683517,15.614744186401367,2963700
2003-09-19,15.717470155147934,15.717470155147934,15.31340438253115,15.347646713256836,3040900
2003-09-22,15.238068144405206,15.238068144405206,14.758667725222868,14.779213905334473,3195500
2003-09-23,14.779219735132322,14.87509933428495,14.51897454903452,14.649096488952637,4810800
2003-09-24,14.6559453601953,15.306560291128683,14.553217030643077,15.23807430267334,25320600
2003-09-25,15.272315713530295,15.57365326062232,15.169587390235275,15.477773666381836,7354500
2003-09-26,15.292856844435304,15.381887680185097,14.94357961570414,15.073702812194824,4033000
2003-09-29,15.06685559985247,15.224372413075512,14.587455126443594,15.08055305480957,4437600
2003-09-30,15.327091463098007,15.409274836983165,14.868237449035203,15.299697875976562,3045600
2003-10-01,15.3955874778904,15.457224722125526,15.07370510731017,15.251768112182617,5181600
2003-10-02,15.333950206812851,15.53940812265737,15.203828296998715,15.532559394836426,3164100
2003-10-03,15.580497596655844,15.683225890985964,15.320252497268799,15.375041007995605,3496100
2003-10-06,15.477770852398157,16.025656014535986,15.375042547779973,15.813350677490234,2770200
2003-10-07,15.601042300833397,15.90922715464311,15.532556342344236,15.833893775939941,2978300
2003-10-08,15.991409434520396,16.40917126984728,15.813346477552823,16.231109619140625,3567900
2003-10-09,15.580506503222185,15.820206864524133,15.149046897888184,15.149046897888184,10721100
2003-10-10,15.2380652054859,15.484614094229803,15.190125434065875,15.3202486038208,4457800
2003-10-13,15.32710150582234,15.621590271332106,15.142191079378229,15.251768112182617,1575800
2003-10-14,15.60104740900563,15.607896137723092,15.313407334179422,15.553106307983398,2383200
2003-10-15,15.368187538859285,15.642130007965541,15.162729707334046,15.244913101196289,3197700
2003-10-16,15.16958388208742,15.320253273920082,14.92303622444877,15.176432609558105,2657800
2003-10-17,15.203826150076578,15.354494222077808,14.998368263244629,14.998368263244629,2994900
2003-10-20,14.998366614829798,15.203824479080636,14.929880660079519,15.066852569580078,2607100
2003-10-21,15.477767603343171,15.512009928940746,15.251764858120602,15.354493141174316,2428000
2003-10-22,15.34764584577728,15.683225631713867,15.217522645104362,15.683225631713867,3630500
2003-10-23,15.64898515526994,16.299598623124417,15.464073422888253,15.532559394836426,2573500
2003-10-24,15.532553865649827,15.594191087835803,15.039456088162023,15.3202486038208,2502900
2003-10-27,15.31340611813945,15.464074219174721,15.196980351710863,15.333950996398926,1577100
2003-10-28,15.662682508403309,16.03935339226114,15.614741413970465,15.943473815917969,4893300
2003-10-29,15.93662029146429,16.333837239094294,15.827043292549867,16.169471740722656,1994900
2003-10-30,16.210563441169434,16.43656617380887,16.176321117478366,16.231109619140625,2173000
2003-10-31,16.251658535343914,16.354386838243666,15.957169775773044,16.02565574645996,2406200
2003-11-03,16.142083578818973,16.559846878051758,16.142083578818973,16.559846878051758,2706200
2003-11-04,16.43656498581243,16.76529597202608,16.36807903711938,16.669416427612305,3097000
2003-11-05,16.333836375887113,16.8063879751453,16.09413621358161,16.64202117919922,2657500
2003-11-06,16.607783862532692,16.813240459977074,16.54614662204714,16.710512161254883,1553900
2003-11-07,16.77899554525579,17.258395940481776,16.75160063980928,17.15566635131836,2744100
2003-11-10,16.88172083824117,17.018692728692677,16.66941558367601,16.820083618164062,2218300
2003-11-11,16.87487154723388,16.90911517182886,16.340684066159362,16.813234329223633,1983100
2003-11-12,16.81324185992777,17.313188552856445,16.744757192584746,17.313188552856445,1864500
2003-11-13,17.141976721560265,17.374828281332622,16.868032787996444,16.895427703857422,2747300
2003-11-14,17.06663589115053,17.18306162930037,16.614630391571392,16.676267623901367,1771000
2003-11-17,16.607783862532692,16.710512161254883,16.340690024602758,16.710512161254883,1780800
2003-11-18,16.710512194754,16.77899816279315,16.470811959747575,16.518753051757812,896100
2003-11-19,16.29959757810932,16.525600356665702,16.29275015698865,16.47081184387207,1465800
2003-11-20,16.470808765858475,16.765297456939063,16.374929212952587,16.587234497070312,1190900
2003-11-21,16.594088090685933,16.67627152175551,16.395480200514882,16.5461483001709,923000
2003-11-24,16.436567693228376,17.087182353589746,16.436567693228376,17.025545120239258,1713300
2003-11-25,16.91597093411441,17.025547965883046,16.751604080200195,16.751604080200195,1583700
2003-11-26,16.580382332820548,17.12141982633795,16.443411757966246,16.936508178710938,1564000
2003-11-28,17.00499868192881,17.114575693717445,16.854330617284692,17.05293846130371,567700
2003-12-01,17.107727716648807,17.593976870740736,17.059787935173773,17.354276657104492,2603300
2003-12-02,17.21045764252324,17.806283869846098,16.909121471387756,17.56658363342285,2320200
2003-12-03,17.772034782538896,18.018582346443946,17.57342568018077,17.792579650878906,3260500
2003-12-04,17.326884986585814,17.66931355395914,17.326884986585814,17.5323429107666,2236300
2003-12-05,17.36112673021377,17.395369060705278,17.196761192584407,17.347429275512695,2905300
2003-12-08,17.135121478494465,17.361124223384206,17.032393195592036,17.15566635131836,2052400
2003-12-09,17.15566630177295,17.49124736121858,17.135121429008393,17.285789489746094,1254100
2003-12-10,17.224152393586678,17.25154729916824,16.909118816964686,17.2104549407959,1884800
2003-12-11,17.01869655799235,17.29263909427318,16.47081017916964,17.135122299194336,1729600
2003-12-12,16.984454258347586,17.176214701933805,16.984454258347586,17.12827491760254,1081600
2003-12-15,17.326889310844678,17.326889310844678,17.039249190214502,17.059795379638672,1316600
2003-12-16,17.052935048175176,17.052935048175176,16.498201373742,16.820083618164062,1955700
2003-12-17,16.710513059685784,16.79954521462332,16.53245005607198,16.7447566986084,2228200
2003-12-18,16.81323984248761,17.14197221509114,16.772148785760102,17.01869773864746,2173000
2003-12-19,17.121428368666344,17.5323429107666,17.066639850137065,17.5323429107666,3237300
2003-12-22,17.361127663832,17.491250877967403,17.23785317741543,17.443309783935547,2222900
2003-12-23,17.566581831619818,17.895312878919448,17.450156089085233,17.80628204345703,2159100
2003-12-24,17.8062810374267,18.045981235721182,17.600824471037715,18.032283782958984,798800
2003-12-26,17.84052549667722,17.963799973757805,17.758343382797598,17.81998062133789,490100
2003-12-29,17.737788339414408,18.018579483032227,17.710394750560727,18.018579483032227,1163500
2003-12-30,18.11446732943612,18.182951981239917,17.929555634539472,17.95694923400879,880100
2003-12-31,18.045984491566045,18.045984491566045,17.806284250025,18.02543830871582,1471500
2004-01-02,17.90901217441062,18.45689861585492,17.580281093300755,17.751495361328125,1560900
2004-01-05,17.813134364841808,18.34047467604655,17.813134364841808,18.258291244506836,1971300
2004-01-06,18.087077238810767,18.182956821869748,17.8747718879253,18.04598617553711,2054400
2004-01-07,18.080223755548467,18.14186098737935,17.53233870178618,17.635066986083984,2678700
2004-01-08,17.79258335695656,17.80628080954346,16.847481334897157,17.04608917236328,5382400
2004-01-09,17.087182424654404,17.34057877947269,16.915968177137874,17.272092819213867,3836400
2004-01-12,17.737797345131963,17.772040981410633,17.429612456190863,17.744646072387695,5133000
2004-01-13,15.580495184239272,15.75170941703311,14.964124207433642,15.518857955932617,25370200
2004-01-14,15.648980429577097,16.28589755571416,15.587343204063131,16.224260330200195,8349600
2004-01-15,16.23111031571305,16.416020700345694,16.066743497411405,16.16262435913086,6572100
2004-01-16,16.285899177842282,16.368081282539258,16.02565279835952,16.066743850708008,4908700
2004-01-20,16.436572037419644,16.436572037419644,15.99141513932514,16.285903930664062,3488700
2004-01-21,16.42286946197123,16.689964562590447,15.779104864991837,16.539295196533203,3053300
2004-01-22,16.463961262639934,17.42960943169334,16.457112536572634,17.03923988342285,4911900
2004-01-23,17.03924408354117,17.114578782590293,16.450267865442928,16.505056381225586,3077100
2004-01-26,16.436573313277954,16.95021622931789,16.436573313277954,16.895427703857422,2550800
2004-01-27,16.936510616558735,16.936510616558735,16.032499728606126,16.436565399169922,3311900
2004-01-28,16.88172579371586,16.88857452087489,16.121535366719293,16.27220344543457,2770000
2004-01-29,16.60778062863858,16.614629354721288,16.046198152465745,16.21056365966797,3393000
2004-01-30,16.299594486221324,16.58038572430774,16.19686620750255,16.21056365966797,1857400
2004-02-02,16.162624809174705,16.36808137838118,15.738012911550712,15.833893775939941,4522600
2004-02-03,15.758562695012206,16.011959101235405,15.512013710569043,15.9160795211792,3210500
2004-02-04,15.751716297255722,15.765413755364792,15.443530021109162,15.477773666381836,3330800
2004-02-05,15.6489819274527,15.820196168877214,15.484616412436488,15.50516128540039,3008500
2004-02-06,15.512012799866875,15.847592616623182,15.47777046793181,15.635287284851074,3382700
2004-02-09,15.738018172372282,15.779110544958526,15.546258992015595,15.60104751586914,2299800
2004-02-10,15.614744186401367,15.779111069689437,15.532562051018823,15.614744186401367,1895700
2004-02-11,15.717467747187904,15.813347303539755,15.491465002743547,15.676375389099121,3235300
2004-02-12,15.7859525680542,16.107836178575884,15.751710242205977,15.7859525680542,2961100
2004-02-13,16.11468493575241,16.422869787757573,16.005107925315777,16.066743850708008,2526400
2004-02-17,16.07359386137036,16.279051752050215,15.854439822987397,16.190019607543945,1546000
2004-02-18,16.196866646772154,16.258503876927247,15.9434703061443,15.977712631225586,1905900
2004-02-19,16.04620543772446,16.155782492275847,15.751716613769531,15.751716613769531,2443600
2004-02-20,15.922923163302109,15.957165486310231,15.477766432892079,15.566797256469727,2568800
2004-02-23,15.738016798089292,15.744865526255618,14.97097753111944,15.087403297424316,3547000
2004-02-24,15.210673868378386,15.847591109379572,15.196977720663721,15.717469215393066,6124800
2004-02-25,15.724318449124993,15.86813911993082,15.512013113066281,15.758562088012695,1934900
2004-02-26,15.765410889085834,15.868139193704017,15.594196612635104,15.813350677490234,2136700
2004-02-27,15.785954422949084,15.909228900505386,15.696923581525729,15.820198059082031,2701400
2004-03-01,15.758560651065363,15.820197889181562,15.628437447679925,15.806500434875488,2425500
2004-03-02,15.827050400149995,16.025658310025257,15.758564418507628,15.902383804321289,1570600
2004-03-03,15.806505141045225,15.82020259942953,15.484622706583215,15.751716613769531,2589000
2004-03-04,15.806501131463682,16.094141153261788,15.772258800450581,16.01880645751953,2125800
2004-03-05,15.84758948135718,16.320141144887213,15.792800977343623,16.16262435913086,3720800
2004-03-08,16.333841809827856,16.463965022299213,16.100990295410156,16.100990295410156,2113700
2004-03-09,16.073594747529434,16.155778169584483,15.95716899493714,16.039352416992188,1514900
2004-03-10,16.025656557318094,16.31329660374801,15.813351213081651,15.9160795211792,1787300
2004-03-11,15.580498396482815,15.984564173683705,15.49146755182927,15.546256065368652,2505600
2004-03-12,15.648987310958313,15.779110544958526,15.512015348193724,15.60104751586914,1720200
2004-03-15,15.888681109688758,15.902377255367691,15.63528347384524,15.731163024902344,1834000
2004-03-16,15.751713572682876,16.16947682891851,15.751713572682876,16.107839584350586,2558900
2004-03-17,16.231109837916097,16.46396129968448,16.162623883349937,16.21056365966797,2543800
2004-03-18,16.203721962366753,16.402331186134386,16.203721962366753,16.388633728027344,1460900
2004-03-19,16.436567390278938,16.676267592639377,16.306444199352814,16.491355895996094,2007400
2004-03-22,16.265356972891087,16.49135977542186,15.984565651754716,16.114688873291016,1519100
2004-03-23,16.059897871081397,16.374931477779487,16.059897871081397,16.299596786499023,1833900
2004-03-24,16.196866294212708,16.41602030498892,16.196866294212708,16.265352249145508,1188400
2004-03-25,16.231107363533475,16.340684351630284,16.114681650398026,16.203712463378906,2678500
2004-03-26,16.203717855394487,16.463964268420618,16.128383161161473,16.361234664916992,1703300
2004-03-29,16.368083545666657,16.621481233750448,16.368083545666657,16.47081184387207,1318500
2004-03-30,16.813241363931102,17.05294161134435,16.265356203781902,16.7447566986084,5392100
2004-03-31,16.826934513988927,17.080332152134314,16.744752414125127,16.984451293945312,2229400
2004-04-01,16.861183601026706,17.12142874316786,16.82693995978356,17.005002975463867,2194800
2004-04-02,17.12142411017781,17.388517908293064,17.059786878880292,17.2104549407959,2675300
2004-04-05,17.22415037861504,17.744641767425943,17.217301653020847,17.60082244873047,2561300
2004-04-06,17.498094123397294,17.50494284948164,17.121423332584804,17.224151611328125,1955200
2004-04-07,17.251549773974304,17.35427807211997,17.087184235689,17.21730613708496,1823700
2004-04-08,17.292638216087944,17.484398634876733,17.176212480798494,17.285789489746094,1847800
2004-04-12,17.285787602701912,17.67615581774488,17.25839400658599,17.60082244873047,1258900
2004-04-13,17.703549041394876,17.744640084802747,17.381665500294513,17.450151443481445,1849400
2004-04-14,17.326881970725076,17.5049449515175,17.29948836935914,17.333730697631836,1422500
2004-04-15,17.361123520493177,17.4638517992365,17.114574606500458,17.224151611328125,1199000
2004-04-16,17.224155692330477,17.224155692330477,16.63517947839802,16.82693862915039,3071800
2004-04-19,16.82693982169368,17.340582679773522,16.82693982169368,17.326885223388672,2991600
2004-04-20,17.320034712060068,17.402216823187562,17.039242131301336,17.06663703918457,1419500
2004-04-21,17.059790070204066,17.100881130002197,16.648875553439055,16.957061767578125,1843500
2004-04-22,16.436566441609497,16.772146183041045,16.26535220784273,16.587234497070312,4292700
2004-04-23,16.573539883555,17.02554539799186,16.436567961372475,16.874876022338867,4584800
2004-04-26,16.82693734914146,16.95021182596847,16.60093457704566,16.703662872314453,2976900
2004-04-27,16.607784271240234,16.683118968412337,16.491358514820266,16.607784271240234,1962700
2004-04-28,16.368083013138737,16.511903670956123,16.19686875294636,16.27220344543457,4075000
2004-04-29,16.121532919421476,16.463961387824536,16.107835467182724,16.265352249145508,17690600
2004-04-30,16.395484250543305,16.395484250543305,16.128389013285048,16.2790584564209,4244400
2004-05-03,16.251662047444913,16.422876358032227,16.196873520307435,16.422876358032227,2775800
2004-05-04,16.354385493939276,16.539297207716128,16.231112324349173,16.402326583862305,2812500
2004-05-05,16.539296100519795,16.84748226951686,16.50505377341392,16.57353973388672,3462400
2004-05-06,16.642030028431456,16.642030028431456,16.34069379023965,16.525604248046875,2663100
2004-05-07,16.265351378455883,16.491354103253464,16.14892565318071,16.224260330200195,4080000
2004-05-10,15.683222650462632,16.20371404795207,15.676373924754248,15.854436874389648,3908900
2004-05-11,16.025654235835223,16.381780204828722,15.950320850815876,16.299596786499023,3544000
2004-05-12,16.135236283957525,16.2516620675514,15.765414051887381,16.176328659057617,2003100
2004-05-13,16.107839871561076,16.47766203930144,16.066747503608912,16.326993942260742,2287600
2004-05-14,16.2653566965938,16.54614801296041,16.025656441918052,16.326993942260742,2298100
2004-05-17,16.059896915736864,16.09413924268497,15.785953075107862,15.922924995422363,2223500
2004-05-18,16.025659229547,16.217419727896182,15.970870702341736,16.176328659057617,2120300
2004-05-19,16.217412167159832,16.43656617380887,16.217412167159832,16.231109619140625,1637900
2004-05-20,16.183171430163082,16.183171430163082,15.854440361424514,16.0119571685791,1712400
2004-05-21,15.977709762146652,16.237954782311384,15.950316168252819,16.203712463378906,1873300
2004-05-24,16.36808052841424,16.41602030498892,16.107835467182724,16.265352249145508,2799500
2004-05-25,16.231112610465306,16.258506213214503,15.95716874540641,16.251657485961914,2494400
2004-05-26,16.155778772462806,16.573542013164865,16.094141530186725,16.4776611328125,2244600
2004-05-27,16.45710805455268,16.8954159534012,16.4160157093402,16.731050491333008,2921700
2004-05-28,16.642027233176304,16.902273666211784,16.642027233176304,16.854333877563477,1680300
2004-06-01,16.840634992102707,17.68300885150569,16.78584648026173,17.36797523498535,7004300
2004-06-02,17.60082433367122,17.77203857307946,17.05293798380827,17.10087776184082,4660500
2004-06-03,17.087184718215045,17.381672166212358,16.888575537431862,17.16936683654785,2822400
2004-06-04,17.35427681575186,17.35427681575186,17.004999582333678,17.087182998657227,1511900
2004-06-07,17.12142634516008,17.340580393376346,17.07348656039542,17.237852096557617,1502500
2004-06-08,17.361120631720937,17.546032286447435,17.251543645126134,17.450151443481445,2031500
2004-06-09,17.457008589782593,17.457008589782593,16.642028215854623,17.005002975463867,3867900
2004-06-10,17.018695053841483,17.27894011374196,16.984451423419753,17.224151611328125,2031600
2004-06-14,17.22415470998712,17.244700891936454,17.039242991226597,17.107728958129883,1423800
2004-06-15,17.121426033596812,17.224154328546163,16.915969443698106,17.01869773864746,1158200
2004-06-16,17.15566771683941,17.367974332165623,17.05293942576023,17.333730697631836,2186300
2004-06-17,17.97065214079558,18.51853866533129,17.76519551050806,18.34732437133789,10099800
2004-06-18,18.38841067484252,18.765081501592274,18.381561948104753,18.628110885620117,5186600
2004-06-21,18.65550783377655,18.79932850855411,18.265139483505195,18.306230545043945,2913700
2004-06-22,18.402108340379137,18.443199395018198,18.182953001028288,18.230894088745117,2969500
2004-06-23,18.148708695191495,18.97053753596869,18.148708695191495,18.874656677246094,4924400
2004-06-24,18.833570407075637,19.080119383135504,18.77193316306067,18.77878189086914,2621400
2004-06-25,18.81987515683368,19.059575433173947,18.71029811158009,18.813026428222656,3964900
2004-06-28,18.771936581024512,18.89521109150007,18.62811718964403,18.69660186767578,1910100
2004-06-29,18.456892511934957,18.61440927292473,18.39525529132839,18.600711822509766,3437300
2004-06-30,18.539080609275775,19.03902595507647,18.539080609275775,18.81987190246582,2248500
2004-07-01,18.847257257350996,19.032168885346223,18.628103315842814,18.94998550415039,2304100
2004-07-02,18.799330934471392,19.244487859659113,18.799330934471392,19.114364624023438,2315700
2004-07-06,18.840414000993604,18.997930778882324,18.518531719273927,18.655502319335938,3109100
2004-07-07,18.45689504885477,18.86096074781007,18.080222948233907,18.662351608276367,3985400
2004-07-08,18.55962276866644,18.76507932188991,18.35416490918206,18.655502319335938,2398800
2004-07-09,18.566478326644965,18.689752826445584,18.374717848481623,18.484294891357422,2204900
2004-07-12,18.25144068050964,18.319926648860424,18.004893023212496,18.12816619873047,1994200
2004-07-13,17.737793041831754,17.90900726290399,17.580276271947895,17.60082244873047,4844300
2004-07-14,17.621371594306794,18.01173990405555,17.415915001679394,17.744646072387695,4002200
2004-07-15,17.874768004876387,17.95695011357076,17.67615884738636,17.80628204345703,2251400
2004-07-16,17.80628114348485,17.80628114348485,17.525489891492317,17.580278396606445,2284100
2004-07-19,17.539194625319475,17.772046195282613,17.326887936889733,17.55289077758789,2086000
2004-07-20,17.32688486579988,17.758345589188895,17.32688486579988,17.669313430786133,1861800
2004-07-21,17.50494250329914,17.86791714102559,17.409062952536306,17.511791229248047,2334000
2004-07-22,17.12142578708076,17.43645939455771,17.039242368547878,17.231002807617188,4002000
2004-07-23,17.059795379638672,17.217312246439054,16.963915774849163,17.059795379638672,2413400
2004-07-26,17.066630139671478,17.121418627027545,16.539290132456493,16.731050491333008,2946100
2004-07-27,16.778994819532645,17.100877107041175,16.77214609346724,16.84748077392578,3529500
2004-07-28,16.874876748667027,16.895422929757075,16.374931431825967,16.61463165283203,4031000
2004-07-29,16.79269533006597,17.05294043664442,16.724209363199694,16.92281723022461,3297800
2004-07-30,16.957060789143913,17.07348654040513,16.751602889485852,16.86802864074707,1444800
2004-08-02,16.7858456857772,17.107728014325414,16.580387796402107,17.01184844970703,2003100
2004-08-03,17.018697015080903,17.018697015080903,16.778996799549407,16.902271270751953,1488900
2004-08-04,16.79954001809064,17.25154546196206,16.717356616359083,17.073482513427734,2121800
2004-08-05,17.025546465812234,17.210456874216614,16.847483478311492,17.01869773864746,2075200
2004-08-06,16.950210724435422,16.984453051879353,16.6762681861008,16.683116912841797,1735000
2004-08-09,16.669417119136703,16.820085167503162,16.46396057079509,16.60093116760254,1129500
2004-08-10,16.470808677894002,16.915966728318917,16.450263805958713,16.84748077392578,2372700
2004-08-11,16.642026527439562,16.710512496716266,16.39547886680913,16.552995681762695,1756800
2004-08-12,16.50505319871555,16.50505319871555,15.957166840271372,16.066743850708008,3962800
2004-08-13,15.922927184167671,16.361235299405685,15.922927184167671,16.237960815429688,1989800
2004-08-16,16.299591716645388,16.929660040325132,16.27219812323012,16.813234329223633,3190000
2004-08-17,17.039243099186383,17.12142652124327,16.92966607395132,16.97075843811035,3237700
2004-08-18,16.970761443096404,17.477555601111106,16.90227546363249,17.415918350219727,4111800
2004-08-19,17.42276449928788,17.819981553855442,17.292641288197807,17.73094940185547,4379900
2004-08-20,17.64192436332729,17.998050476031153,17.635075633514333,17.840532302856445,1869700
2004-08-23,17.66931223666214,18.14871271774867,17.66931223666214,17.97064971923828,2335300
2004-08-24,17.998042073211668,18.271984606525027,17.819979099992725,17.90900993347168,2514800
2004-08-25,17.840528108006794,17.977500059536368,17.696708734535946,17.93640899658203,2105100
2004-08-26,18.004894501071618,18.182956204633452,17.593979963499855,17.614524841308594,2273100
2004-08-27,17.655615789236382,17.78573769242912,17.525492579782448,17.751495361328125,1451000
2004-08-30,17.60082466007172,17.751492723291094,17.54603615469549,17.635066986083984,936000
2004-08-31,17.587134828424052,17.977503261675732,17.5323462993056,17.874774932861328,1721800
2004-09-01,17.90901214501692,18.265138135432036,17.888467268894523,18.12816619873047,1751500
2004-09-02,18.05968194679953,18.237743639789898,17.888467675164673,18.02543830871582,1506700
2004-09-03,17.854228290189447,18.004897721126714,17.703560165513714,17.737802505493164,1752000
2004-09-07,17.71040186898729,18.011737998797717,17.71040186898729,17.929555892944336,1883200
2004-09-08,18.066528398059244,18.278835023994585,18.01173988632845,18.12131690979004,3084500
2004-09-09,18.059681947827883,18.333624521207003,17.98434725030066,18.210350036621094,1779100
2004-09-10,18.251442920735062,18.34047508239746,18.12816842382489,18.34047508239746,1470100
2004-09-13,18.3404753898579,18.3404753898579,17.94325828552246,17.94325828552246,1853600
2004-09-14,18.045984860411004,18.395262138436394,18.032287404897556,18.299381256103516,1618000
2004-09-15,18.080224711300094,18.319924924839935,17.840524497760253,18.230894088745117,2330900
2004-09-16,18.23089171535709,18.607562497410626,18.23089171535709,18.470590591430664,2834100
2004-09-17,18.47059194164412,18.566472805343412,18.25143792106459,18.271984100341797,1607000
2004-09-20,18.14871516330008,18.374717979120906,18.087077912961544,18.34732437133789,1529200
2004-09-21,18.285685991414603,18.55277985554113,18.258291079062488,18.518537521362305,1430700
2004-09-22,18.42266082763672,18.55278407840443,18.21720416327643,18.42266082763672,1455400
2004-09-23,18.319932495456577,18.566481537698213,18.265143964543057,18.42266082763672,1135900
2004-09-24,18.31992292519296,18.518532062415254,18.31992292519296,18.367862701416016,1511600
2004-09-27,18.285685595264678,18.299381744882698,18.148713648994168,18.251441955566406,1559400
2004-09-28,18.285686492919922,18.408959683101386,18.244594123264747,18.285686492919922,3252100
2004-09-29,18.16240907672154,18.539079927511594,18.107620565583694,18.511686325073242,2659100
2004-09-30,18.51853748114226,18.66235685189455,18.46374765655703,18.5253849029541,3163200
2004-10-01,18.504834825635747,18.813019664768145,18.45689504885477,18.662351608276367,2173800
2004-10-04,18.011738449731197,18.888355873766983,18.011738449731197,18.76508140563965,2928400
2004-10-05,18.662355912249204,18.765084215651537,18.422655666802928,18.42950439453125,2593700
2004-10-06,18.60756939115804,18.60756939115804,18.29253441319408,18.484294891357422,1613500
2004-10-07,18.388409837057296,18.491138120921324,18.203498142345442,18.271984100341797,1382900
2004-10-08,18.278832910879586,18.333621416276586,18.182952046739086,18.326772689819336,1232800
2004-10-11,18.35417483742942,18.525389159816864,18.162415632362915,18.42266082763672,1644900
2004-10-12,18.354163062421318,18.511681130721783,18.080220583599957,18.203495025634766,3563500
2004-10-13,16.573545493687934,16.573545493687934,15.484622393146456,16.388633728027344,28324800
2004-10-14,16.539298990064765,16.689968390680253,16.094142128610766,16.107839584350586,10408000
2004-10-15,16.059899795522487,16.31329619540281,15.854441878208988,16.107839584350586,5249400
2004-10-18,16.03250280573883,16.224263242454473,15.970865569160983,16.190019607543945,3714400
2004-10-19,16.463968171681195,16.56669649327837,16.10099337535892,16.416027069091797,4446900
2004-10-20,16.46396271963466,16.614630787665977,16.29959589199553,16.57353973388672,3993000
2004-10-21,16.52560497189934,16.737911661245736,16.299602130225395,16.635183334350586,1885900
2004-10-22,16.48450363364594,16.51874725878719,16.16262139488259,16.33383560180664,3552400
2004-10-25,16.183172301024936,16.402327664905165,15.991413153738916,16.237960815429688,3437100
2004-10-26,16.169479623360644,16.402331186134386,15.998265315807096,16.388633728027344,2039700
2004-10-27,16.374934552811215,16.847486357859477,16.333843489060477,16.7379093170166,2916600
2004-10-28,16.66942199923991,16.888576063299592,16.552996239425546,16.7447566986084,2324600
2004-10-29,16.676266064041933,16.82008538851867,16.183168251525366,16.580385208129883,2296700
2004-11-01,16.539297811429407,16.710512077192156,16.38178100043036,16.47081184387207,2156300
2004-11-02,16.587229895610477,16.826930017640976,16.580381171408398,16.731050491333008,1888700
2004-11-03,17.046090271936496,17.052938998671728,16.785845187302964,16.874876022338867,2157800
2004-11-04,16.840632859271775,17.2104549407959,16.511901829859,17.2104549407959,2562900
2004-11-05,17.141973157235075,17.25839891291288,16.991303763851317,17.114578247070312,2156700
2004-11-08,16.785846856573045,16.984454726601122,16.703663433838578,16.710512161254883,3941400
2004-11-09,16.84748376516408,17.107728870550893,16.724209286621473,16.86802864074707,3112600
2004-11-10,16.950210557095534,16.98445288420141,16.532447373846413,16.57353973388672,3216900
2004-11-11,16.58038395728464,16.7721443483812,16.539292911428518,16.64202117919922,2672100
2004-11-12,16.696816458062695,16.90227438332258,16.573543270420355,16.78584861755371,2735400
2004-11-15,16.915968982727442,17.381670660891256,16.77899705568678,17.251548767089844,4672600
2004-11-16,17.217304312259017,17.504944300337236,17.135122204957266,17.272092819213867,5927400
2004-11-17,17.42961481143921,17.799436989394504,17.367977564069772,17.69670867919922,3263300
2004-11-18,17.730945150604686,17.840522152746427,17.60082327697443,17.772037506103516,3364300
2004-11-19,17.77204187925514,17.77204187925514,17.29264139722366,17.409067153930664,2257900
2004-11-22,17.306335668771638,17.46385245585119,17.176212480798494,17.285789489746094,1782300
2004-11-23,17.30634166547077,17.36797891764391,17.121429908951352,17.25840187072754,1754200
2004-11-24,17.340575727637404,17.772036286950833,17.299484681218303,17.703550338745117,1755200
2004-11-26,17.662467529470632,17.806286912140127,17.662467529470632,17.765195846557617,449100
2004-11-29,17.669314951849863,17.874772892285257,17.641921343548663,17.765195846557617,1834000
2004-11-30,17.806286912140127,17.956955023450277,17.737800931994993,17.765195846557617,1735900
2004-12-01,17.80627783076759,18.422648725195856,17.80627783076759,18.361011505126953,3849600
2004-12-02,18.271985069624506,18.559625063458967,18.114468272259725,18.552776336669922,2520300
2004-12-03,18.491137676262095,18.587017231394757,18.443197898695765,18.50483512878418,2260700
2004-12-06,18.491137676262095,18.63495700896109,18.43634917243472,18.50483512878418,2566100
2004-12-07,18.422655666802928,18.593869941227233,18.36101842350928,18.42950439453125,2529000
2004-12-08,18.429505955521932,18.429505955521932,18.01859140084663,18.155563354492188,2775100
2004-12-09,18.15556364139277,18.203503434047867,17.765195265473974,17.94325828552246,3623800
2004-12-10,18.265133286159983,18.265133286159983,17.76518807057545,18.162405014038086,3111400
2004-12-13,18.15555984114545,18.31992536995634,18.121316206229988,18.189802169799805,2241500
2004-12-14,18.278831490571804,18.525379092570468,18.196648085731645,18.470590591430664,1950800
2004-12-15,18.422648858365243,18.785623456254704,18.40895140797075,18.7308349609375,2640400
2004-12-16,18.778782616615537,18.799328800835,18.408959138233115,18.5253849029541,2892300
2004-12-17,18.388405220079616,18.819864426481764,18.374707770667314,18.737682342529297,4260700
2004-12-20,18.614411003577754,18.64865332653803,18.422650598721873,18.49113655090332,2280900
2004-12-21,18.395261653930614,18.792478709529668,18.25144098734996,18.717144012451172,2279400
2004-12-22,18.58017277549251,18.83357048034668,18.532232986907978,18.83357048034668,1395600
2004-12-23,18.69659883056158,18.902056750066336,18.62811416365462,18.867813110351562,1106200
2004-12-27,18.74453658852647,18.90205338438324,18.61441339330254,18.634958267211914,1300100
2004-12-28,18.504837494011262,18.68974920791132,18.367865563805044,18.648656845092773,2179600
2004-12-29,18.64866045567112,18.64866045567112,18.402112762331267,18.484294891357422,1755600
2004-12-30,18.525389159816864,18.525389159816864,18.35417483742942,18.42266082763672,1506800
2004-12-31,18.463741647526387,18.621259729421986,18.422650598721873,18.49113655090332,1076700
2005-01-03,18.45690577169142,18.46375319555744,17.9432627684673,18.059688568115234,2425500
2005-01-04,17.977495471250663,18.00489037706928,17.559732301343793,17.635066986083984,4101800
2005-01-05,17.532341302331474,17.717253025251797,17.32688339699961,17.56658363342285,3302600
2005-01-06,17.450158213279835,17.614523756937743,17.189913095720122,17.409067153930664,3295400
2005-01-07,18.319932029292747,18.47744888837828,18.045989381695826,18.22405242919922,10569900
2005-01-10,18.25144168658091,18.545930452339498,18.25144168658091,18.463747024536133,3244400
2005-01-11,18.319930274531526,18.46374966089618,18.066532533362405,18.14871597290039,3818000
2005-01-12,18.06653078844641,18.141865491891743,17.881620353302658,18.073379516601562,3251100
2005-01-13,18.114467590505974,18.210347149421928,17.915858439881767,17.929555892944336,1761100
2005-01-14,17.92271082768885,18.162411080206045,17.9158620997585,18.004894256591797,2231800
2005-01-18,17.60083228726906,17.963805802830727,17.518648840460592,17.874774932861328,3481700
2005-01-19,17.813130770225072,17.895312878919448,17.772039715877884,17.80628204345703,2711000
2005-01-20,17.580278396606445,17.80628114348485,17.55973221734077,17.580278396606445,2468400
2005-01-21,17.573431323358804,17.621371106560847,17.189911751481308,17.231002807617188,2749100
2005-01-24,17.29263866443923,17.4638529086416,16.90911912317901,17.05293846130371,4158500
2005-01-25,17.05294392806326,17.415918712387146,17.05294392806326,17.25840187072754,2203900
2005-01-26,17.299487111500223,17.49124753216312,17.169363922255368,17.395366668701172,1732400
2005-01-27,17.429614672119687,17.717254722124103,17.27209653773391,17.58713150024414,3040300
2005-01-28,17.5323429107666,17.68301101015679,17.484403120336147,17.5323429107666,1812700
2005-01-31,17.600833290711197,17.861078492295313,17.600833290711197,17.840532302856445,2403400
2005-02-01,17.498099067661368,17.87477127116732,17.498099067661368,17.799436569213867,1543800
2005-02-02,17.717248571207985,17.861067893149624,17.552881765759153,17.68985366821289,1702400
2005-02-03,17.737791359857983,17.778882403265854,17.244694920181367,17.450151443481445,2637900
2005-02-04,17.354276503266483,17.635067769069227,17.354276503266483,17.621370315551758,1774800
2005-02-07,17.51179553120859,17.730949590367423,17.422764684523276,17.648767471313477,1226500
2005-02-08,17.580275893226997,17.744641385164222,17.50494121957463,17.703550338745117,1447500
2005-02-09,17.62137120249255,17.737796950728974,17.422763341536967,17.470703125,1142000
2005-02-10,17.409067153930664,17.546039093442868,17.381672243523735,17.409067153930664,2334300
2005-02-11,17.388523797527334,17.552889367901894,17.107732451521446,17.25840187072754,4395300
2005-02-14,17.14197113996869,17.299487936095854,16.847482421659,16.874876022338867,3979900
2005-02-15,16.820086984687606,17.10087824067861,16.81323825816819,17.05293846130371,2607300
2005-02-16,17.0460893420543,17.21045485595039,17.018695742868783,17.15566635131836,4525000
2005-02-17,17.15567079300338,17.15567079300338,16.758453705014528,16.78584861755371,3321300
2005-02-18,16.854330617284692,17.080333367381378,16.792693384870958,17.05293846130371,3016200
2005-02-22,16.984451293945312,17.21045402796215,16.902269194081512,16.984451293945312,3091800
2005-02-23,16.970758321413822,17.073486618582653,16.751602966189502,16.92281723022461,2045500
2005-02-24,16.826939905859845,16.977609314324148,16.703665410302268,16.765302658081055,3038200
2005-02-25,16.861178272684327,17.224151611328125,16.861178272684327,17.224151611328125,2322500
2005-02-28,17.08718515863537,17.84052692323535,17.05979024764419,17.498098373413086,4649700
2005-03-01,17.518650613756314,17.78574455696221,17.374831200110588,17.52549934387207,1826900
2005-03-02,17.5323416382394,17.5323416382394,17.26524648681673,17.409067153930664,1515800
2005-03-03,17.374825086531438,17.44330975106827,17.13512484186879,17.196762084960938,1242600
2005-03-04,17.292635405396528,17.566577883239763,17.183058414259232,17.374818801879883,2314600
2005-03-07,17.326881353051597,17.518641780821607,17.183062011919873,17.45700454711914,1924800
2005-03-08,17.33373125944353,17.491249370882166,17.320035111447194,17.340579986572266,1481200
2005-03-09,17.292640608611684,17.409066360009216,17.189912311792956,17.237852096557617,1967800
2005-03-10,17.21045616375092,17.224153617515025,16.963908527302447,17.087182998657227,1238500
2005-03-11,16.91597093411441,16.984455599273865,16.71051301985227,16.751604080200195,2740100
2005-03-14,16.758453929854376,16.840637362313206,16.58723964297137,16.765302658081055,2075600
2005-03-15,16.895428221006433,16.936519289794163,16.368087830894748,16.422876358032227,4659600
2005-03-16,16.470813230343907,16.51875432605243,16.34754004587729,16.457117080688477,3713600
2005-03-17,16.505054878317956,16.594085718509884,16.320143164541104,16.402326583862305,3258000
2005-03-18,16.40232157071733,16.40232157071733,16.114681650398026,16.203712463378906,2367900
2005-03-21,16.306452239890692,16.525606370821883,16.251663707157896,16.443424224853516,2493900
2005-03-22,16.45026534775755,16.950210641041163,16.45026534775755,16.628328323364258,4733500
2005-03-23,16.532444186075697,16.69680967576098,16.484504414866755,16.64202117919922,2869800
2005-03-24,16.642026193353026,16.75160321949152,16.55984407687975,16.710512161254883,1950300
2005-03-28,16.7653013860482,16.98445544762877,16.7653013860482,16.82693862915039,1727400
2005-03-29,16.67627152175551,16.87487941192656,16.5461483001709,16.5461483001709,2515900
2005-03-30,16.58723218815295,16.847478518758667,16.5598385938191,16.820083618164062,1481100
2005-03-31,16.82008644348955,16.98445195588393,16.539295196533203,16.539295196533203,2137700
2005-04-01,17.10088277496062,17.25840091415095,16.655725883253762,16.7379093170166,3865800
2005-04-04,16.57353933877175,16.758449729500658,16.52559825320098,16.676267623901367,3196200
2005-04-05,16.73790513335732,17.05293872047223,16.703661500239804,17.025545120239258,2361300
2005-04-06,17.018695658431017,17.21730349688886,17.018695658431017,17.10087776184082,2329500
2005-04-07,17.12142385533025,17.155666180536517,16.785844104517093,17.04608917236328,3057400
2005-04-08,16.29959426652276,16.43656617380887,15.785951573591234,16.231109619140625,14040100
2005-04-11,16.059896605509863,16.231110849465146,15.580496199930668,15.984561920166016,3397700
2005-04-12,16.073595872128358,16.073595872128358,15.813350745557996,16.053050994873047,2996200
2005-04-13,16.22426204118885,16.231110767663868,15.779105270400814,15.833893775939941,3895300
2005-04-14,15.854437254892702,16.01195403118332,15.566797299541582,15.655829429626465,5004900
2005-04-15,15.484614498220616,15.594191494685461,15.381884921056592,15.409279823303223,6730500
2005-04-18,15.4777691196656,15.580497412783377,15.375040826547824,15.457222938537598,5378200
2005-04-19,15.395586275660808,15.635286506050374,15.306555433307569,15.368192672729492,3545400
2005-04-20,15.409282730647444,15.525708474640558,14.977823388944193,14.998368263244629,6627800
2005-04-21,15.066853180356322,15.292855925811228,14.895638939670455,15.039458274841309,7034500
2005-04-22,15.039459722242038,15.066854630393545,14.601151641906874,14.89564037322998,6470600
2005-04-25,14.875101076199583,14.998375607409638,14.82031254080197,14.964133262634277,3787700
2005-04-26,14.861395621069592,14.984668768867657,14.69018139182345,14.758666038513184,2454800
2005-04-27,14.518967075319395,14.813454450593754,14.409390073761285,14.703877449035645,3882000
2005-04-28,14.621700272553438,14.84770307762052,14.587456631627314,14.806612014770508,4956900
2005-04-29,14.895641027331338,15.053157837336068,14.731275489987988,14.861398696899414,3798000
2005-05-02,14.82715635586299,15.094251520364313,14.792914022438833,15.046310424804688,3440100
2005-05-03,15.203825697175692,15.272310351151862,15.03945887010196,15.135339736938477,3185200
2005-05-04,15.101096103689349,15.244916750813603,14.977822942775614,15.135339736938477,2930600
2005-05-05,15.03261757226108,15.196983160017279,14.82715960786965,14.943585395812988,3178600
2005-05-06,14.89563833583485,15.094247473984565,14.820303654983448,15.066852569580078,2767800
2005-05-09,15.032613175931369,15.135341474953117,14.943581025520977,15.121644020080566,2667300
2005-05-10,15.018918531641447,15.162737915933462,14.936735093287838,14.970978736877441,2267000
2005-05-11,14.943575177778051,15.142184276926448,14.929877728265607,15.01206111907959,2491500
2005-05-12,14.984668602603739,15.272308556796157,14.984668602603739,15.060003280639648,1909300
2005-05-13,14.381995017538094,15.244914875341685,14.381995017538094,15.101094245910645,4231900
2005-05-16,15.162733647944618,15.169582374734768,14.929882162123842,15.073702812194824,890000
2005-05-17,14.957274922740487,15.121640423332474,14.943577471125934,15.101094245910645,1264600
2005-05-18,15.046305206100401,15.566796592438832,15.032609061237922,15.409279823303223,4768500
2005-05-19,15.340799723750065,15.683228294843866,15.340799723750065,15.607894897460938,2824500
2005-05-20,15.512012948228785,15.79280425281783,15.512012948228785,15.559952735900879,2618700
2005-05-23,15.512005691670051,15.772251997662117,15.42297488567948,15.587340354919434,2339800
2005-05-24,15.42983242796026,15.601046719545993,15.313406657431507,15.525712013244629,4198400
2005-05-25,15.559942831802141,15.559942831802141,15.272302982594706,15.299697875976562,2718600
2005-05-26,15.422986706425204,15.881841149584107,15.416137976675174,15.779112815856934,3542700
2005-05-27,15.765409547530469,15.977714866510127,15.75856082030388,15.820198059082031,3498600
2005-05-31,15.676378657694293,15.943473815917967,15.676378657694293,15.943473815917969,3361600
2005-06-01,15.916076131639784,16.06674419767867,15.820196572002402,15.998259544372559,2370500
2005-06-02,16.025654078756723,16.299596626735426,15.984563023125196,16.190019607543945,1556400
2005-06-03,16.066743850708008,16.162624714535816,15.922924514357797,16.066743850708008,1862700
2005-06-06,15.943469873746972,16.23795725773787,15.88868137134623,16.21056365966797,2062400
2005-06-07,16.265354316136136,16.51875198971083,16.20371707948989,16.37493133544922,2455000
2005-06-08,16.37492964890077,16.402324554038035,16.073592223695723,16.16262435913086,1496600
2005-06-09,16.176325701978662,16.224265491237045,16.04620248380499,16.217416763305664,1794500
2005-06-10,16.217419974280055,16.395483016967773,16.17632890481721,16.395483016967773,1148500
2005-06-13,16.30644070169364,16.51189853375894,16.26534965778487,16.33383560180664,1662400
2005-06-14,16.2790500557326,16.313292380813888,15.936621579875847,15.977712631225586,2426500
2005-06-15,15.977719851816289,16.135236708392185,15.696928479220455,15.744868278503418,2170500
2005-06-16,15.751711937265792,16.066745549005763,15.717469607732715,15.991412162780762,2791500
2005-06-17,15.991416889891783,16.2516620675514,15.868142377114559,16.176328659057617,1762300
2005-06-20,16.15577266985434,16.457110039793672,16.025649506839052,16.33383560180664,3211000
2005-06-21,16.299593063660268,16.43656496083825,16.285896918951128,16.354381561279297,1480500
2005-06-22,16.354385154480102,16.422871118116053,16.29959664482356,16.37493133544922,1995700
2005-06-23,16.32699680329508,16.33384553248723,15.751716613769531,15.751716613769531,2739600
2005-06-24,15.799651378366242,15.806500105376513,15.498313921219896,15.683225631713867,2373600
2005-06-27,15.69692467747364,15.751713192850499,15.477770615966216,15.559952735900879,1009400
2005-06-28,15.690080643750456,15.970872032343504,15.662687030997338,15.929780960083008,1233600
2005-06-29,15.847592159020794,15.895531944850106,15.477770021008112,15.491467475891113,2241800
2005-06-30,15.450377306943265,15.690077576415566,15.450377306943265,15.525712013244629,4404300
2005-07-01,15.546256748731775,15.943473815917967,15.539408020955653,15.943473815917969,1673800
2005-07-05,15.929777131366468,15.943474587581665,15.58734856355445,15.840744972229004,2953100
2005-07-06,15.820195882480888,16.19001795800715,15.813347156196572,16.16262435913086,2735800
2005-07-07,16.13523260828269,16.169476246398585,15.203827857971193,15.203827857971191,4963800
2005-07-08,16.333837608132495,16.68311478991143,16.23110933261184,16.580385208129883,9795800
2005-07-11,16.44341516771148,16.7242064065881,16.436566441609497,16.587234497070312,3230100
2005-07-12,16.58724174864312,16.607787935931405,16.183175875804075,16.25851058959961,3562900
2005-07-13,16.17632555678842,16.23111407348643,16.053051067652575,16.107839584350586,3035100
2005-07-14,16.12838755477418,16.758456270765464,16.09414521511896,16.176328659057617,3286600
2005-07-15,16.12837951435699,16.19001674001784,15.977711466219843,16.09413719177246,2448800
2005-07-18,16.07359029420243,16.39547385962113,16.06674156874024,16.29274559020996,2255300
2005-07-19,16.436564153664897,16.915964463984423,16.429715428516243,16.820083618164062,4716300
2005-07-20,16.57354249525345,16.833787620897027,16.53929885618109,16.799545288085938,3128400
2005-07-21,16.744755183362138,17.114577306432036,16.71051154753826,17.01869773864746,3113000
2005-07-22,16.847480692085337,17.011846198073865,16.71050878396444,16.984451293945312,2560300
2005-07-25,16.847483478311492,17.10772857926726,16.642025582151646,17.01869773864746,2473100
2005-07-26,16.915970373420652,17.148821884776265,16.778998435119274,17.114578247070312,2025800
2005-07-27,17.121424025771212,17.189909983126494,16.991300837422273,17.15566635131836,3170500
2005-07-28,17.12827491760254,17.18991215638878,17.107728735920073,17.12827491760254,3792200
2005-07-29,17.018697673961324,17.16936575223029,16.99815149254509,17.148820877075195,3496100
2005-08-01,16.984455593218154,17.189913507407034,16.95706198841639,17.121427536010742,2199700
2005-08-02,17.121425880290733,17.470703125,17.121425880290733,17.470703125,3090700
2005-08-03,17.367976021816084,17.59397880668149,17.32688365637785,17.5391902923584,2725300
2005-08-04,17.381673742666734,17.60082912604032,17.27209670411061,17.326885223388672,2433100
2005-08-05,17.176211834998636,17.320032470248037,17.121423332584804,17.224151611328125,2857800
2005-08-08,17.141973719308005,17.272095628073583,17.005001776515417,17.121427536010742,2282100
2005-08-09,17.107726690837328,17.443306447301644,17.10087796442855,17.395366668701172,2056200
2005-08-10,17.395368014047833,17.532339940294793,17.278942268616248,17.388519287109375,1718700
2005-08-11,17.326881326168717,17.457004520034374,17.217304312259017,17.272092819213867,2575500
2005-08-12,17.100880384183558,17.251549773974304,17.04609187142179,17.21730613708496,1437200
2005-08-15,17.15566725505982,17.285790450263505,17.094030020819186,17.189910888671875,952500
2005-08-16,17.087189071598658,17.251554656401684,17.087189071598658,17.176219940185547,1844100
2005-08-17,17.141977185109678,17.141977185109678,16.861185821249002,17.032400131225586,2716000
2005-08-18,17.018696639394786,17.21045576257805,17.018696639394786,17.189910888671875,1615400
2005-08-19,17.176213353071198,17.25154804039632,17.08033379193817,17.135122299194336,1211800
2005-08-22,17.162522066299495,17.25155423899377,16.888579431589264,17.032400131225586,2168600
2005-08-23,17.004996856609345,17.148817485557334,16.915966033935547,16.915966033935547,1536800
2005-08-24,16.922824574778087,17.032402953078154,16.84749115416532,16.888582229614258,2048800
2005-08-25,16.88857546325589,17.183064216221002,16.847484404269963,17.114578247070312,1267500
2005-08-26,16.984451684251596,17.066635092264914,16.84748107924401,16.881723403930664,1550700
2005-08-29,16.77900505065918,16.88858212199928,16.717367784747655,16.77900505065918,2132700
2005-08-30,16.765305063095056,16.779002521513345,16.614636939278476,16.717365264892578,1659400
2005-08-31,16.68996728526716,16.76530067432413,16.54614662204714,16.710512161254883,2726500
2005-09-01,16.778997037716135,17.2652448962936,16.744754709123196,17.06663703918457,2509200
2005-09-02,17.066636879573743,17.34742815144535,17.02554582439429,17.333730697631836,1572000
2005-09-06,17.33373297146758,17.635070463588853,17.32688424366241,17.607675552368164,2119400
2005-09-07,17.635065423756792,17.703551375975017,17.532337148559904,17.662460327148438,2276300
2005-09-08,17.641919824843114,17.77204304529106,17.56658512254252,17.669313430786133,2297400
2005-09-09,17.648767321004584,17.696707107754637,17.45015814017011,17.5391902923584,2031600
2005-09-12,17.518644703423448,17.772042407169778,17.46385618724333,17.607675552368164,1948300
2005-09-13,17.326880715814323,17.415912852892873,17.2036075592041,17.2036075592041,2182600
2005-09-14,17.429619734774917,17.54604553421933,17.258405400666174,17.52549934387207,1957800
2005-09-15,17.189913095720122,17.49125057889023,17.189913095720122,17.409067153930664,1675500
2005-09-16,17.498097748567872,18.15556122000489,17.38167199353534,17.991195678710938,8296600
2005-09-19,17.881620081585755,17.998045845931532,17.477554270401072,17.669313430786133,2831700
2005-09-20,17.635065423756792,17.86791687754222,17.504942245168255,17.662460327148438,1155000
2005-09-21,17.67616137607201,17.703556287063194,17.429613708457634,17.498098373413086,2389900
2005-09-22,17.121429908951352,17.361130188928957,16.888578357688697,17.25840187072754,1880000
2005-09-23,17.189911530547658,17.320034730610175,17.03924214955071,17.251548767089844,816200
2005-09-26,17.162512145518367,17.320030212402344,17.087178780932916,17.320030212402344,1298300
2005-09-27,17.320036571145227,17.381672507976127,17.12142738645693,17.196762084960938,1355300
2005-09-28,17.16936575223029,17.272094046789185,16.9844540382676,17.148820877075195,1715400
2005-09-29,16.984452111060648,17.217303582312013,16.88172382815822,17.15566635131836,2060800
2005-09-30,17.121426867635993,17.60767476367148,17.107729412639195,17.436460494995117,1744200
2005-10-03,17.34742597971816,17.53233766426822,17.278940025485443,17.484397888183594,1962800
2005-10-04,17.799434602450415,17.799434602450415,17.32003545040714,17.36797523498535,2524100
2005-10-05,17.361125542633914,17.463853833342533,17.087182998657227,17.087182998657227,1043800
2005-10-06,17.066636027096706,17.292638778686523,16.950210288019463,17.292638778686523,2217100
2005-10-07,17.984341689871975,18.450044573760305,17.915855741136486,18.265132904052734,7922700
2005-10-10,17.84053087540933,18.128170973230763,17.511799708259556,17.55289077758789,3927500
2005-10-11,17.635067842638453,17.641916569425756,17.196759778339526,17.299488067626953,3079300
2005-10-12,17.052945425017892,17.35428298362088,17.039247966385584,17.176219940185547,2074800
2005-10-13,17.009855427381698,17.328702926635742,17.009855427381698,17.328702926635742,1742400
2005-10-14,17.64062967359525,17.8277787619055,17.529726020494426,17.689149856567383,3262500
2005-10-17,17.501990341832613,17.689140654865096,17.481195421915068,17.682209014892578,1911000
2005-10-18,17.67528811441189,18.01493074698089,17.5505211632486,17.855506896972656,3183900
2005-10-19,18.001061608541402,18.312978885081268,17.8069809227615,18.243663787841797,3088000
2005-10-20,18.091171657321727,18.250595455746534,18.035719843866335,18.215938568115234,3314700
2005-10-21,18.021858068855575,18.20900845071492,18.021858068855575,18.09117317199707,1880100
2005-10-24,17.99412727272399,18.354564666748047,17.99412727272399,18.354564666748047,2024400
2005-10-25,18.22980360368481,18.264461819235418,17.716873912217505,17.966407775878906,1624500
2005-10-26,17.938681541044616,18.347639237708172,17.897093003676932,18.118900299072266,1643500
2005-10-27,18.05651238378091,18.125827477035195,17.83470514302755,18.10503387451172,1122500
2005-10-28,18.03571496277544,18.229795596306587,17.86935956743082,18.132755279541016,2451700
2005-10-31,17.994130299126674,18.264459051148517,17.994130299126674,18.236732482910156,2873300
2005-11-01,18.0842338534727,18.368424465857704,18.021850419332086,18.34762954711914,2828700
2005-11-02,18.229796357012162,18.507056682898074,18.229796357012162,18.250591278076172,2791300
2005-11-03,18.257526022010797,18.340703076255586,18.049582064323378,18.10503387451172,2233200
2005-11-04,18.098096917266016,18.34069768928697,18.03571348386776,18.285245895385742,1664500
2005-11-07,18.091171825695163,18.354567611540798,18.06344525767166,18.306047439575195,2035200
2005-11-08,18.271389879258354,18.3614985778678,18.056512951209978,18.319910049438477,1455500
2005-11-09,18.27139018969868,18.354567247970543,18.132759996478228,18.3407039642334,1790600
2005-11-10,18.24366024260023,18.472399093587423,18.160483199736852,18.46546745300293,1474100
2005-11-11,18.396153147517207,18.47239854754228,18.37535822637843,18.410015106201172,1039500
2005-11-14,18.077305513625724,18.500126350630403,18.077305513625724,18.423879623413086,1682200
2005-11-15,18.368430056081934,18.500128604023654,18.368430056081934,18.416950225830078,1474500
2005-11-16,18.48627246545183,19.013065538744826,18.423888988214763,18.916025161743164,3059600
2005-11-17,18.89522611492051,19.56757960733655,18.881362829202484,19.56064796447754,3561500
2005-11-18,19.54678319308062,19.560645154731784,19.03385227179796,19.35270118713379,3092200
2005-11-21,19.269518654958336,19.39428553746454,19.061574732164807,19.387353897094727,1609300
2005-11-22,19.290318912169674,19.401222544614495,19.207140526798266,19.234867095947266,1378500
2005-11-23,19.186344780351682,19.24179659038433,18.992262784199703,19.013057708740234,1621000
2005-11-25,18.957603776534413,19.44280672948608,18.957603776534413,19.338834762573242,855700
2005-11-28,19.248719273134093,19.276444504208786,19.0754322821741,19.200199127197266,924500
2005-11-29,19.22100286028799,19.747795749372155,19.200209256530723,19.574508666992188,3783100
2005-11-30,19.512121157235676,19.844831968974646,19.498257876227743,19.713134765625,3324400
2005-12-01,19.754730604345458,20.468673975818188,19.73393567513046,20.198345184326172,4302100
2005-12-02,20.212205212795165,20.33697212382454,20.018123204296636,20.2260684967041,2173600
2005-12-05,20.17061625646907,20.37162858059448,19.83097374033784,19.941877365112305,2573000
2005-12-06,19.928014614058753,20.101301697659263,19.893357726168862,19.997329711914062,1903400
2005-12-07,20.025053521255217,20.059711728734328,19.858698091581783,19.92108154296875,1825600
2005-12-08,19.858699376329294,19.921082831752123,19.46360504003505,19.574508666992188,1996400
2005-12-09,19.68540812019502,19.796311723638073,19.422012392536583,19.581436157226562,2616600
2005-12-12,19.59529895873524,19.886421241169135,19.581435678125242,19.685407638549805,2202300
2005-12-13,19.68540102850983,19.775511000142128,19.574497465019896,19.609155654907227,3909000
2005-12-14,19.68541240687656,20.163685127170073,19.68541240687656,20.025054931640625,3496000
2005-12-15,20.045845768738932,20.06664069044936,19.754723475169218,19.80324363708496,1567200
2005-12-16,19.796318947330903,19.928017520254656,19.72007351843881,19.817113876342773,2492900
2005-12-19,19.72700084975382,19.78938430525955,19.539851805312153,19.546783447265625,1557800
2005-12-20,19.470532822169645,19.886422001851418,19.470532822169645,19.80324363708496,2713900
2005-12-21,19.75472266300661,19.914146423339844,19.664613983449843,19.914146423339844,1678000
2005-12-22,19.879492478783952,20.03198462134432,19.58837015420478,19.865629196166992,1749900
2005-12-23,19.78245805356619,20.059717178344727,19.761663123429383,20.059717178344727,1039000
2005-12-27,20.087438413673098,20.156753511528407,19.934946256051838,19.997329711914062,1503800
2005-12-28,19.997326211747534,20.05277801591085,19.90721620368508,20.01811981201172,957600
2005-12-29,20.018120843373552,20.066642331332236,19.865628704586644,19.969600677490234,1154600
2005-12-30,19.90028737569962,20.025054283221014,19.581439787212044,20.011192321777344,1434400
2006-01-03,19.990396580412813,20.44787434126491,19.976533297459618,20.30924415588379,3843400
2006-01-04,20.364689428156524,20.420141220092773,20.13595062116012,20.420141220092773,1953800
2006-01-05,20.43401308092618,20.669683626156143,20.336972734799335,20.572643280029297,4119300
2006-01-06,21.487596018778596,21.737129814964018,20.725132669826216,21.591567993164062,7378900
2006-01-09,21.348963745841615,21.591565877014297,21.314306865134913,21.52918243408203,1904800
2006-01-10,20.93308014315791,21.127160829877646,20.919216859227777,21.064777374267578,5564700
2006-01-11,21.07170269914665,21.23805809020996,20.836032231288172,21.23805809020996,3241700
2006-01-12,21.168750400308486,21.487597994010464,21.168750400308486,21.203407287597656,2459400
2006-01-13,21.002393525242283,21.043983376253617,20.842969729258666,20.94001007080078,2486100
2006-01-17,20.447876720216325,21.47373598074599,20.447876720216325,21.37669563293457,4440700
2006-01-18,21.085569023477902,21.48759494044844,21.078637382590006,21.480663299560547,3454900
2006-01-19,21.418281619993824,21.65395214131646,21.348966527473856,21.54998016357422,2672600
2006-01-20,21.563839506073965,21.889618662689244,21.556907865881062,21.619291305541992,3899700
2006-01-23,21.42520861701796,21.459865494727513,21.14101798915921,21.30044174194336,2321400
2006-01-24,21.175680720105916,21.279654026124433,20.863764768276873,21.203407287597656,3193000
2006-01-25,21.397485021609423,21.633154187858178,21.33510157928394,21.466798782348633,4443800
2006-01-26,21.487596887905877,21.667815601098656,21.4460083608846,21.64008903503418,3769400
2006-01-27,21.62622078893824,21.90347975862718,21.62622078893824,21.78564453125,3693200
2006-01-30,21.487590643056244,21.834164685686183,21.48065900355464,21.78564453125,3508500
2006-01-31,22.423347209008586,22.423347209008586,21.591570014000325,21.85496711730957,3603400
2006-02-01,21.73019214477397,22.035177664152997,21.667808713035647,21.986656188964844,2681800
2006-02-02,21.986664518325345,22.146089638761083,21.89655581727516,21.94507598876953,2393000
2006-02-03,21.806441924965174,21.938140454279015,21.730196521320558,21.813373565673828,1491900
2006-02-06,21.799511614973646,22.180742599573705,21.771785052128042,22.173810958862305,3522200
2006-02-07,22.007451418431756,22.665942619624296,21.945067985810358,22.381752014160156,4777300
2006-02-08,22.38176046070532,22.686744777423137,22.37482749660317,22.48573112487793,4686400
2006-02-09,22.48572943493991,22.631292584483326,22.000526428222656,22.000526428222656,3844800
2006-02-10,21.93814112781344,22.19460655360635,21.84110079906358,22.159948348999023,2656500
2006-02-13,21.799511692213194,22.423343493546213,21.57770315488831,22.305509567260742,3091600
2006-02-14,22.20154016001394,22.340170354820685,22.10449981689453,22.10449981689453,2184300
2006-02-15,22.104498240141485,22.513455831366638,22.104498240141485,22.430278778076172,2587200
2006-02-16,22.492664441122166,22.776855158284928,22.319377353970456,22.756061553955078,2332000
2006-02-17,22.832304892560014,22.832304892560014,22.527320581201195,22.665950775146484,1811100
2006-02-21,22.56197859661327,22.645155659478387,22.354034617374896,22.416418075561523,1564100
2006-02-22,22.451074236820393,22.548114581041922,22.256993548377334,22.48573112487793,1693500
2006-02-23,22.5273213416711,22.534251661734356,22.333240650086598,22.451074600219727,1760300
2006-02-24,22.444140715726785,22.513454481955836,22.284716938079413,22.458003997802734,2290800
2006-02-27,22.30551804744293,22.908556477908405,22.284724439404958,22.83230972290039,1728200
2006-02-28,22.749127271656565,22.776853838590625,22.444142967834793,22.63822364807129,1709300
2006-03-01,22.707537108343935,22.832304013676946,22.575839883448392,22.617429733276367,3170700
2006-03-02,22.652077485132622,22.652077485132622,22.11142155406299,22.59662437438965,3038800
2006-03-03,22.52731637576081,22.62435670016154,22.43027605136008,22.541179656982422,1526500
2006-03-06,22.541183387301054,22.548113706983486,22.333239422865535,22.437210083007812,928600
2006-03-07,22.298576993817324,22.360960439454995,21.79258043200958,22.097564697265625,2488100
2006-03-08,22.00745927254221,22.097567972889788,21.647021827000877,21.85496711730957,3141000
2006-03-09,21.95893155256497,22.07676677994215,21.744056016315422,21.78564453125,1661600
2006-03-10,21.868833203609896,21.917354705952924,21.75099791349977,21.875764846801758,2403700
2006-03-13,21.868825912475586,22.007456085941563,21.771785584294587,21.868825912475586,1860800
2006-03-14,21.799515139620564,22.222336036852678,21.771788572292,21.952007293701172,1681600
2006-03-15,21.882692562864158,22.180746556245793,21.86882927896838,22.10449981689453,2360900
2006-03-16,22.146086204965446,22.243126532907883,22.007456031840263,22.069839477539062,2095700
2006-03-17,22.0213193896039,22.194606445571054,21.8341690518613,21.841100692749023,2265000
2006-03-20,21.778720181932382,22.09756777328658,21.73713165307651,21.792583465576172,1968200
2006-03-21,21.778725215000193,22.381764972112716,21.66782156437101,22.12529945373535,2614700
2006-03-22,22.083710028248362,22.478804433004846,21.952011452637617,22.423351287841797,1940200
2006-03-23,22.360966462532854,22.4372132104221,22.215405931554116,22.29165267944336,1313200
2006-03-24,22.29165101146796,22.402554642603576,21.52918755585392,21.83417320251465,4709100
2006-03-27,21.834176086031448,21.86883297955993,20.967740527061945,21.362834930419922,4503300
2006-03-28,21.39748414194169,21.54997626020422,21.217265462863143,21.418277740478516,2755100
2006-03-29,19.962668642703076,20.260722595337885,19.55371107821467,20.17754554748535,18658900
2006-03-30,19.997326077194003,20.849898056246648,19.997326077194003,20.836034774780273,7232900
2006-03-31,20.829106610628887,21.05091518488702,20.71127134264743,20.84296989440918,4134000
2006-04-03,20.836033345825125,20.836033345825125,20.364692384895747,20.7320613861084,4233600
2006-04-04,20.732070277471493,21.12716468708432,20.47560608831878,21.03705596923828,3216800
2006-04-05,20.74592584394654,20.93307617530247,20.544912231288258,20.586502075195312,2618300
2006-04-06,20.447874204776717,20.565709464941495,20.170615157940592,20.378559112548828,3327100
2006-04-07,20.364692088450767,20.517185527752332,20.12209129333496,20.12209129333496,3032100
2006-04-10,20.12209769023859,20.21220639677396,19.976535844819175,20.108234405517578,2286000
2006-04-11,20.07357335062799,20.07357335062799,19.824040871369906,19.92801284790039,3689500
2006-04-12,19.962673949118205,20.468673300038173,19.95574362835108,20.371631622314453,2367900
2006-04-13,20.239924783351956,20.621155704521488,20.219129864677686,20.440937042236328,1684700
2006-04-17,20.274589277410488,20.759793652195835,20.246862708759643,20.572643280029297,1786800
2006-04-18,20.51718724077909,21.2657872532499,20.51718724077909,21.19647216796875,4497800
2006-04-19,20.898420558324144,21.19647453283392,20.863763672854585,20.93307876586914,3187700
2006-04-20,20.93307629420751,21.071705141792656,20.870692850067844,20.905349731445312,1595900
2006-04-21,20.82910349145527,21.009322187384647,20.662748077230148,20.80137825012207,1508300
2006-04-24,20.58649924780561,20.75285463436044,20.399348942153264,20.593429565429688,1464200
2006-04-25,20.551847457885742,20.62116255441653,20.434012190406055,20.551847457885742,1204600
2006-04-26,20.517183303833008,20.822168827302665,20.454799871257965,20.517183303833008,1291800
2006-04-27,20.4686633680464,20.68353890360703,20.212197995609475,20.579566955566406,1975700
2006-04-28,20.482537002043532,20.482537002043532,20.101305867862663,20.149826049804688,2263600
2006-05-01,20.115162330937924,20.648886795393235,20.115162330937924,20.427078247070312,1980400
2006-05-02,20.392420714629992,20.635022856394187,20.38548907377098,20.41321563720703,1402700
2006-05-03,20.37856104644789,20.55877977451275,20.26765741718883,20.3508358001709,2037400
2006-05-04,20.323109568630223,20.517191584087847,20.226069221939195,20.343904495239258,1769300
2006-05-05,20.135955291147773,20.475599082862832,20.135955291147773,20.41321563720703,1662200
2006-05-08,20.12209485660066,20.51718916098222,20.115163215216285,20.447874069213867,2375900
2006-05-09,20.447870040877316,20.565705277046735,20.23992612861371,20.385486602783203,1575800
2006-05-10,20.288450283599452,20.489462595444714,20.17061502421588,20.447874069213867,1751800
2006-05-11,20.420146700032294,20.794447387605363,20.392421457661342,20.531051635742188,2224400
2006-05-12,20.295382017925725,20.600366307782465,20.17061511658641,20.219135284423828,2253800
2006-05-15,19.893355494201796,20.00425910949707,19.65768498118049,20.00425910949707,3075600
2006-05-16,19.91414615799468,20.080501556396484,19.824037479638566,20.080501556396484,2183400
2006-05-17,20.03198462134432,20.156751520746166,19.775520503307547,19.865629196166992,1627300
2006-05-18,19.796317247786522,19.86563234979957,19.214072506197894,19.227935791015625,3166100
2006-05-19,19.165553033437476,19.18634796142578,18.562514664608823,19.18634796142578,5563600
2006-05-22,18.368430728575685,19.026922170317096,18.139691832763233,18.89522361755371,6358700
2006-05-23,19.200201386021448,19.525980491405864,18.957599305721363,18.96453094482422,4136300
2006-05-24,18.888287174241466,19.338833209395492,18.715000135945672,19.304176330566406,3805200
2006-05-25,19.30417708556878,19.5467792130863,19.019986437414765,19.422012329101562,3255500
2006-05-26,19.373498916625977,19.470539272606167,19.19328016832298,19.373498916625977,1568000
2006-05-30,19.290314520610142,19.3111094427378,19.02691878403626,19.207136154174805,1661900
2006-05-31,19.200207186500094,19.546781313894858,19.13089209660607,19.512123107910156,3467300
2006-06-01,19.512120318057175,19.63688719761212,19.262587881022476,19.463600158691406,2044000
2006-06-02,19.477465271508294,19.477465271508294,19.248726411496616,19.3319034576416,1774700
2006-06-05,19.290309004954107,19.29724064368137,18.978391872601804,19.040775299072266,2264900
2006-06-06,19.033850974378154,19.075440822723234,18.666483235191183,19.019989013671875,2600800
2006-06-07,19.026918266219315,19.054643506226366,18.735795974731445,18.735795974731445,2820400
2006-06-08,18.701141243516815,18.784319623128393,18.236731819034613,18.74273109436035,3420300
2006-06-09,18.95760735735564,18.992264245514345,18.611033187466415,18.756593704223633,1696000
2006-06-12,18.64568582342305,18.7150009060085,18.389221736554695,18.444673538208008,1393400
2006-06-13,18.146623217032285,18.236731916858982,17.834705944410064,18.0218563079834,3433100
2006-06-14,18.001056336172944,18.34763039878596,17.93867289913659,18.00798797607422,2688800
2006-06-15,18.285250201550515,18.458537263560217,18.070374614839587,18.181278228759766,3288900
2006-06-16,18.312976322374055,18.423879933607218,17.806978430863335,17.869361877441406,4393400
2006-06-19,17.80004406733646,18.139686490048202,17.80004406733646,18.00798797607422,3559100
2006-06-20,18.00799482792297,18.347637379865056,17.952543009689073,18.222871780395508,3395500
2006-06-21,18.34764222224147,19.123969204482723,18.250601845239803,18.916025161743164,3049100
2006-06-22,18.922942615914,18.922942615914,18.437739738780998,18.611026763916016,1735900
2006-06-23,18.645688737116068,18.957605996455133,18.611031851445258,18.784318923950195,2054400
2006-06-26,18.888291975610848,19.12396251336616,18.86749704978225,18.89522361755371,1508300
2006-06-27,18.763523774876045,19.01998922082902,18.57637342151107,18.74966049194336,1971000
2006-06-28,18.749661835728933,19.047715829766023,18.68727838013626,19.02692222595215,1658700
2006-06-29,19.06157549167001,19.525984838350073,19.006123688577254,19.47746467590332,2596200
2006-06-30,20.06663936428057,20.239926400856135,19.22792941977574,19.629955291748047,3736100
2006-07-03,19.234865516522266,19.754726746698545,19.221002233086118,19.74779510498047,1702500
2006-07-05,19.304177230417633,19.914147051939075,19.26258870946907,19.713134765625,3399200
2006-07-06,19.546783421290662,19.921082831752123,19.519056853513618,19.574508666992188,1881500
2006-07-07,19.304177753014564,19.623025292377342,19.304177753014564,19.40814971923828,1403000
2006-07-10,19.408148818204168,19.75472290424353,19.26258833666374,19.387353897094727,2368200
2006-07-11,19.304179066119357,19.311110707282477,18.96453658157863,19.193275451660156,2482800
2006-07-12,19.15861940486516,19.678480652005064,19.15861940486516,19.574508666992188,2247400
2006-07-13,19.442806243896484,19.581436411034797,19.33883427958038,19.442806243896484,2103800
2006-07-14,19.380418004549483,19.789375442114327,19.26951442711579,19.664609909057617,1778200
2006-07-17,19.456669418728673,19.74086006994188,19.41508089764449,19.48439598083496,2094200
2006-07-18,19.44974431426845,19.52599106360813,19.0338549974417,19.40122413635254,2085900
2006-07-19,19.373497642340777,20.094371266061852,19.359634357519546,20.03891944885254,1985700
2006-07-20,19.740864133660764,19.91415121627101,19.442810140039064,19.546783447265625,1890000
2006-07-21,19.45667317093279,19.470536454659456,19.144757219535794,19.35270118713379,1994700
2006-07-24,19.21406658916458,19.657682312189838,19.130889550024044,19.553709030151367,1303900
2006-07-25,19.366567692130577,20.02505791376889,19.318047513092313,19.94881248474121,1819500
2006-07-26,19.58142910299736,19.789372954022298,19.484388815462363,19.609155654907227,1308900
2006-07-27,19.616103090423838,19.928020461256477,19.574514548338122,19.796321868896484,1718900
2006-07-28,19.754724628520442,20.05971022103659,19.754724628520442,20.045846939086914,1261800
2006-07-31,19.581439011093845,20.357765670415002,19.581439011093845,20.281518936157227,2153200
2006-08-01,19.997328918529234,20.066644013634498,19.64382312336031,19.74779510498047,1454600
2006-08-02,19.886423986075055,20.0943679356265,19.837903819318075,19.93494415283203,1511900
2006-08-03,19.65768437114334,20.18447718848562,19.629957807142272,20.17754554748535,2313300
2006-08-04,20.177551044050762,20.26765975745007,19.8032502605251,19.983469009399414,1757900
2006-08-07,19.699275497477387,20.011192773319117,19.678480571729434,19.962671279907227,1839500
2006-08-08,19.969606056202682,20.226071559046233,19.77552534039475,19.817113876342773,1948200
2006-08-09,19.90028718519002,19.962670638353508,19.4012208819576,19.42894744873047,1326900
2006-08-10,19.172478872259553,19.567573129905917,19.15168395056623,19.442806243896484,1330400
2006-08-11,19.345762497641484,19.408145929609805,19.061571895152486,19.179407119750977,1310200
2006-08-14,19.17941583524186,19.512126742213034,19.12396401741333,19.26259422302246,1457300
2006-08-15,19.373488348342327,19.51211716382373,19.297241640478827,19.44973373413086,1305300
2006-08-16,19.4636058601493,20.052782229481707,19.4636058601493,19.95574188232422,1632300
2006-08-17,19.872566773340793,20.11516900330043,19.858703486582918,20.059717178344727,1349500
2006-08-18,20.045847346620796,20.212202767172897,19.948807015150912,20.17061424255371,1229800
2006-08-21,20.08743429008453,20.156749373710703,19.76165511573936,19.80324363708496,1214900
2006-08-22,19.775514160765848,19.99732132319607,19.44973373413086,19.44973373413086,1616600
2006-08-23,19.449741756146526,19.733932465483633,19.255661070009293,19.574508666992188,1620700
2006-08-24,19.6854138894246,19.768592277421703,19.40122315705423,19.74086570739746,1526000
2006-08-25,19.8240397435717,19.83790302554052,19.359630374218934,19.657684326171875,1436300
2006-08-28,19.546781275012062,19.96266916939819,19.00612516140458,19.900285720825195,1592900
2006-08-29,19.82403721671065,19.900282613669905,19.636886900212616,19.830968856811523,1048000
2006-08-30,19.830974049730063,20.052781302739508,19.678480571729434,19.962671279907227,1099300
2006-08-31,19.900279954652554,20.55877113342285,19.900279954652554,20.55877113342285,2262600
2006-09-01,20.655820030462795,20.78058694335974,20.58650625403164,20.738998413085938,1327500
2006-09-05,20.621155470367647,20.926140997085188,20.537977118690115,20.579566955566406,1695800
2006-09-06,20.586505367067282,20.586505367067282,19.962670829460315,20.011192321777344,1807800
2006-09-07,20.004258762054324,20.01119040314931,19.609164474167656,19.678478240966797,2120200
2006-09-08,19.62303150381482,19.948812109066477,19.62303150381482,19.824045181274414,1669400
2006-09-11,19.754727223934633,19.92801430484634,19.602235068679512,19.67154884338379,1827700
2006-09-12,19.671547405188143,20.045848107188384,19.616095596233524,19.92801284790039,1480500
2006-09-13,19.997327076734486,20.496393335791517,19.921080346933625,20.427078247070312,2320400
2006-09-14,20.205272735420433,20.38549145255859,20.02505401828228,20.336971282958984,985500
2006-09-15,20.3577627888759,20.44093983076979,20.10129737854004,20.10129737854004,1326500
2006-09-18,20.115163506747425,20.42707944111251,20.115163506747425,20.281518936157227,1198100
2006-09-19,20.288449159338953,20.36469456619122,19.95573832377815,20.17754554748535,839500
2006-09-20,20.177550911018397,20.454810014352542,20.177550911018397,20.371631622314453,692700
2006-09-21,20.357764902559207,20.4478735943125,20.108231106818728,20.191408157348633,657800
2006-09-22,20.302314396695113,20.503326716761404,20.08743747121762,20.336971282958984,1325500
2006-09-25,20.44787533543691,20.78751785185104,20.440943693623296,20.62116241455078,2065000
2006-09-26,20.406284645906698,20.6072969489153,20.14981921426085,20.427078247070312,2694500
2006-09-27,20.22606888673557,20.48946467570695,20.184480356282307,20.3508358001709,2832000
2006-09-28,21.48760075523762,22.035188634886772,21.203410012305365,21.90349006652832,8779200
2006-09-29,22.291653653966474,22.977871770817714,21.91735418503243,21.979736328125,7800300
2006-10-02,21.86883033635028,21.97280364852032,21.369763990651528,21.37669563293457,3362200
2006-10-03,20.7251341441539,21.577706245669827,20.690477257585144,21.439077377319336,4038900
2006-10-04,21.34896744955489,21.813376870798887,21.25192710908093,21.730199813842773,3213400
2006-10-05,21.49452596790306,21.77871662581953,21.48759432721299,21.653949737548828,1884600
2006-10-06,21.411355788544938,21.508397473235505,21.16875488200799,21.34897232055664,2225900
2006-10-09,21.31430669728613,21.83416783624433,21.31430669728613,21.799510955810547,2069300
2006-10-10,21.59156681338257,22.146086183264615,21.577703531668572,22.097564697265625,2867900
2006-10-11,21.98543333541753,22.41294641991797,21.94338181621982,22.391921997070312,2078300
2006-10-12,22.181668112119475,22.391921695018237,22.090559161922503,22.216711044311523,1827000
2006-10-13,22.1326099362741,22.616191719460055,22.10457692652122,22.5671329498291,3156300
2006-10-16,22.076543328573127,22.476023422543296,22.062526154845795,22.37089729309082,2298400
2006-10-17,22.25876121581696,22.307819984111788,22.027483210461938,22.139617919921875,2110900
2006-10-18,22.293801356489613,22.42696181656578,22.202692412280296,22.3638858795166,3043200
2006-10-19,22.2307285734334,22.328847454292273,22.083552257272018,22.104578018188477,1380700
2006-10-20,22.216712874798095,22.279788821189577,22.00645927457605,22.0765438079834,1530300
2006-10-23,21.845260918934102,22.483028827845825,21.845260918934102,22.47601890563965,2490000
2006-10-24,22.476024700875204,22.77738726939667,22.39192432723049,22.693286895751953,3003700
2006-10-25,22.518080354094778,22.71431548642138,22.335861062111803,22.700298309326172,1694900
2006-10-26,22.60918238895318,23.078748347951514,22.40593871847377,22.994647979736328,1983500
2006-10-27,22.847474297389095,22.959609038874934,22.686280773597144,22.770383834838867,1370200
2006-10-30,22.53209612265588,23.541308748894235,22.518078946436916,23.35909080505371,3504300
2006-10-31,23.211907913355386,23.211907913355386,22.791403391054665,23.06473159790039,2379100
2006-11-01,22.917553532447624,23.260964908952854,22.90353635964095,23.113788604736328,2466600
2006-11-02,22.73533849407335,23.457208365083453,22.721321317854386,23.35909080505371,2751600
2006-11-03,23.218919894060928,23.478230950002565,22.952598913808476,23.190885543823242,1919300
2006-11-06,22.847466430114924,23.61839485168457,22.847466430114924,23.61839485168457,2393400
2006-11-07,23.54831450542076,23.555324429836755,23.155844290215537,23.197893142700195,2173000
2006-11-08,23.092763033281624,23.471218659724396,23.057721439759636,23.436174392700195,2168800
2006-11-09,23.408144482360534,23.47122042484453,23.246948327732877,23.387117385864258,1983900
2006-11-10,23.39412601774656,23.737537384033203,23.38010884535699,23.737537384033203,1698300
2006-11-13,23.513265998704053,23.73753539110375,23.40814122486159,23.67445945739746,2458300
2006-11-14,23.74454726596675,23.94078233207732,23.562326698719286,23.90574073791504,2200500
2006-11-15,23.478227045238643,24.228128411609365,23.478227045238643,24.073942184448242,2585900
2006-11-16,24.059935371489285,24.508474349975586,24.038908268839293,24.508474349975586,2021900
2006-11-17,24.50846687574007,24.648633258643734,24.438381010785854,24.634618759155273,1953700
2006-11-20,24.571542483074005,24.57854973272288,24.10898647468025,24.22812843322754,2552700
2006-11-21,24.31923822129738,24.459407272923468,24.07394171257615,24.172061920166016,2305900
2006-11-22,24.158047061238562,24.28419895243322,23.856684507107165,24.010868072509766,2124600
2006-11-24,24.00385490612088,24.158041107023863,23.793602697118008,24.052913665771484,763300
2006-11-27,23.926770212304994,23.93378013671909,23.246951913290726,23.352079391479492,2561500
2006-11-28,23.40814575780848,23.485236204153896,23.141824800197977,23.281993865966797,1930400
2006-11-29,23.28899736692173,23.39412481769969,23.162845495389032,23.267972946166992,1628600
2006-11-30,23.43617428857628,23.688478038417173,23.281990743064114,23.61839485168457,1696200
2006-12-01,23.688476146510858,23.80762076264331,23.443182339035207,23.695486068725586,1271900
2006-12-04,23.639423720908916,24.17206566490453,23.611389371540156,24.108989715576172,1698400
2006-12-05,24.13701850415229,24.417356617300204,24.024883793593602,24.31222915649414,1785300
2006-12-06,24.312224813879965,24.47341826442204,24.115989773829074,24.179065704345703,1380400
2006-12-07,24.12299905811557,24.22812650901583,23.926764001504033,24.151033401489258,965400
2006-12-08,24.305225584459123,24.340267185529296,23.968821401880444,24.186080932617188,1687200
2006-12-11,24.123005857518805,24.21411616241292,23.933780670166016,23.933780670166016,1860100
2006-12-12,24.0459082935779,24.368295217437655,23.863687737655706,24.221118927001953,1504700
2006-12-13,24.277189396460177,24.40334128956555,24.08796155680212,24.326248168945312,1230400
2006-12-14,24.43137177155865,24.65564117414478,24.389320256010436,24.494447708129883,1106800
2006-12-15,24.47342264546031,24.613591702089433,24.326246339075805,24.38932228088379,1700900
2006-12-18,24.52949096467372,24.802819150519706,24.20009408762735,24.22812843322754,1548600
2006-12-19,24.122997045570894,24.375300767880493,23.83565173371872,24.25615882873535,1721200
2006-12-20,24.249149279685323,24.65563921043649,24.249149279685323,24.585556030273438,1509700
2006-12-21,26.134420178779486,26.632017763777956,25.279391384526946,25.69989585876465,7626700
2006-12-22,25.699902736007026,25.74896418884901,25.440591663286064,25.545719146728516,1715300
2006-12-26,25.426567010835008,25.53870171256683,25.25836629498836,25.440584182739258,1365400
2006-12-27,25.384520370124278,25.734941677614664,25.384520370124278,25.61579704284668,1802400
2006-12-28,25.496650097456644,26.127406723536616,25.4896401755158,26.120399475097656,2192500
2006-12-29,25.966214764001855,26.15544256473167,25.861089990375536,25.88211441040039,2087400
2007-01-03,25.615796469095038,25.93117617347288,25.349475532786823,25.496654510498047,3079900
2007-01-04,25.314429405903436,26.092364979607176,25.230329057625205,26.071340560913086,2384800
2007-01-05,25.755966041394665,25.92416944494483,25.54571379208376,25.706907272338867,1766300
2007-01-08,25.587767244156687,26.197502352476,25.587767244156687,26.078357696533203,2157200
2007-01-09,26.001253063744798,26.24654951815851,25.826042456378588,26.015270233154297,2729200
2007-01-10,25.805021858546567,26.211511811083618,25.748955846111652,26.16946029663086,2401600
2007-01-11,26.099375317739028,26.197492837878713,25.931171944998198,26.0643310546875,2468800
2007-01-12,26.064335635763232,26.618001937866214,26.03630396329783,26.61800193786621,3950500
2007-01-16,26.28860613161151,26.393733596538844,25.93117756316306,26.00126075744629,3508600
2007-01-17,26.141429913720614,26.533902754227515,26.134422663668037,26.295616149902344,3171500
2007-01-18,26.2956212744433,26.42177318799444,25.980241490565447,26.03631019592285,4177600
2007-01-19,26.071343968314125,26.092368389756004,25.650836824960958,25.755964279174805,3582900
2007-01-22,25.755966041394665,25.784000387570092,25.573748138259187,25.706907272338867,3165200
2007-01-23,25.7209265669546,26.07134790254389,25.671867793852307,25.81904411315918,2747400
2007-01-24,25.706918568141816,25.861104866354825,25.468631867950613,25.734952926635742,3213100
2007-01-25,25.86109748423302,26.01528106493032,25.489649023978455,25.601783752441406,2991300
2007-01-26,25.706911230032905,25.78400435713296,25.167262013835316,25.601783752441406,2343100
2007-01-29,25.489641637756844,25.889121659241333,25.44759279770713,25.88211441040039,2191000
2007-01-30,25.826047776457287,26.092368703095616,25.755964588474583,25.931175231933594,2216300
2007-01-31,25.931179880306424,26.533905029609116,25.854086755604534,26.456811904907227,3732000
2007-02-01,26.449808777994452,26.69510269165039,26.379722893019082,26.69510269165039,3266800
2007-02-02,26.69509377312907,27.052522309829726,26.69509377312907,27.045515060424805,2832800
2007-02-05,27.143636562822632,27.192695336338627,26.73013927640023,27.09457778930664,2709100
2007-02-06,27.038505620273064,27.150640316182095,26.954402593214763,27.02448844909668,2282000
2007-02-07,26.98244007461587,27.402944564819332,26.940388556194584,27.402944564819336,2213400
2007-02-08,27.297822950525514,27.33286454986327,26.99646038391604,27.22072982788086,1925400
2007-02-09,27.220723888444773,27.283799822890916,26.968420150660197,27.18568229675293,1775200
2007-02-12,26.842266302737414,27.108587192263798,26.74414878383345,26.877307891845703,2752300
2007-02-13,27.1156001006101,27.192693216841352,26.93338219511094,27.136627197265625,2101400
2007-02-14,27.13662785160733,27.50807359494825,27.115600754444777,27.473031997680664,2450300
2007-02-15,27.297816994268068,27.423968863160358,27.15764795399863,27.18568229675293,1960500
2007-02-16,27.213724417476012,27.325859147040436,26.95441068313723,27.157655715942383,2797500
2007-02-20,27.024488836168803,27.36790017765175,27.024488836168803,27.18568229675293,1879700
2007-02-21,27.15765324234383,27.164660492645876,26.912359379233376,26.96141815185547,2061800
2007-02-22,26.926377910582378,26.94740501164135,26.716125614513608,26.84227752685547,3809600
2007-02-23,26.751161303304993,26.89133036085895,26.5969777461478,26.80722999572754,2333900
2007-02-26,26.807225634564073,26.975429010964948,26.49184597475116,26.596973419189453,2407400
2007-02-27,26.155444546140632,26.211513235123785,25.580753851574478,25.791006088256836,2243900
2007-02-28,26.400741158329826,26.400741158329826,24.739744837979867,25.076148986816406,6286000
2007-03-01,24.564529656771185,24.90093374370861,24.298208752049124,24.676664352416992,4441800
2007-03-02,25.055122375488278,25.195291426974684,24.781794195516046,25.05512237548828,3536800
2007-03-05,25.68588235624583,25.68588235624583,24.45940780639648,24.459407806396484,2763300
2007-03-06,24.031890051688478,25.125202644516413,24.024880129502566,24.697690963745117,4667200
2007-03-07,24.809833745173478,24.851882597988894,24.515478407951306,24.613595962524414,3139900
2007-03-08,24.879915171554103,25.18127773821652,24.788804874457806,25.048118591308594,1662800
2007-03-09,25.223327991095356,25.552722216540552,25.0901661773918,25.30742835998535,2546100
2007-03-12,25.181278642606863,25.713917922871055,25.04110956669436,25.482641220092773,2311800
2007-03-13,25.300417991341007,25.335462261806065,24.90794782775612,25.006065368652344,1628100
2007-03-14,24.914951239392046,25.160247727345112,24.69769176759318,24.85187530517578,2386100
2007-03-15,24.79581622186483,24.87991659981864,24.47342653828673,24.529495239257812,2428700
2007-03-16,24.508465753542477,24.746752336471342,24.270179170613616,24.711708068847656,2656500
2007-03-19,24.704700950764504,25.13922260188526,24.669659356456783,25.08315658569336,1642600
2007-03-20,25.195290358170322,25.58075322827958,24.964011032003462,25.440584182739258,2134000
2007-03-21,25.42656747001152,25.727929987639737,25.349474359897016,25.664854049682617,1802900
2007-03-22,25.041102346757775,26.288601148340103,25.041102346757775,25.74895477294922,1865100
2007-03-23,25.517676957361246,25.87510547898223,25.440583849648334,25.510669708251953,1806000
2007-03-26,26.17646874902575,26.17646874902575,25.440584590035485,25.755964279174805,2885800
2007-03-27,25.798014875467974,25.917156824059035,25.38451766967773,25.384517669677734,4037500
2007-03-28,25.931170288024354,26.47081928781156,25.73493526028419,26.344667434692383,7617300
2007-03-29,26.47082816682805,27.10859489440918,26.463818242913593,27.10859489440918,3843300
2007-03-30,27.05252782539579,27.297824380616092,26.786209517674724,27.010478973388672,2882600
2007-04-02,26.891327390898113,27.367900529845926,26.891327390898113,27.192689895629883,3226300
2007-04-03,27.150648263208183,27.192697115543044,26.96842765808105,26.968427658081055,2175300
2007-04-04,26.67407117338053,27.15765162041872,26.632019653571906,27.136627197265625,3151100
2007-04-05,26.996454607043386,27.213716754050584,26.996454607043386,27.080554962158203,1483500
2007-04-09,26.87731100725533,27.038507148141452,26.702100367902943,26.863296508789062,2224300
2007-04-10,26.8632968969998,27.05252203755301,26.6320175664313,26.70210075378418,2346600
2007-04-11,26.64603488635651,26.870304295331977,26.442789899003046,26.75115966796875,4221900
2007-04-12,26.632025566614626,26.982446955649028,26.330662958164794,26.92637825012207,3490200
2007-04-13,27.50807686969694,27.50807686969694,26.807234146902115,27.12261390686035,1935900
2007-04-16,27.12260677766222,27.192689962119154,26.968420563654423,27.178672790527344,1919300
2007-04-17,27.157654366358365,27.33286503968971,27.150647115766304,27.276796340942383,2233300
2007-04-18,27.03851169628043,27.24876396416932,26.842273929215178,27.10859489440918,3070300
2007-04-19,27.02449053043935,27.15764965661744,26.772186776836868,26.8282527923584,1848500
2007-04-20,26.98244483336028,27.073555135923844,26.8212513279034,26.968427658081055,2693200
2007-04-23,26.926368250861998,27.2137162497248,26.919361002024825,27.02448844909668,1303700
2007-04-24,27.10158476319877,27.22072940730949,26.947401193794317,27.150646209716797,1582500
2007-04-25,27.192694155219588,27.641233021313536,27.059535014817488,27.571149826049805,2497300
2007-04-26,27.592173297764738,27.739352280343695,27.038509657881278,27.136627197265625,1728000
2007-04-27,27.206712441190486,27.262781138495598,26.96141857423722,27.10859489440918,1301400
2007-04-30,27.052523265149,27.536106369735563,26.98244007461587,27.402944564819336,2081900
2007-05-01,27.339864665160075,27.47302645079464,27.19268838225004,27.3538818359375,1185200
2007-05-02,27.283798502455742,27.47302629663625,27.150639391070325,27.30482292175293,1487700
2007-05-03,27.459016939456824,27.613203187515385,27.122612767467633,27.508075714111328,1419800
2007-05-04,27.430978910433524,27.557130792195032,27.18568507006523,27.402944564819336,1483600
2007-05-07,27.087574100188196,27.171674483915105,26.744159966923576,26.84227752685547,1886400
2007-05-08,26.7581714474079,26.94739927564182,26.70911267788456,26.91936492919922,2046600
2007-05-09,26.772185590802582,27.28380032471936,26.667058140291385,27.241748809814453,1614500
2007-05-10,27.129614755683118,27.143631927651573,26.800220571682118,26.863296508789062,1768300
2007-05-11,27.017476569405147,27.136621179021642,26.702096924540122,26.87030029296875,1571100
2007-05-14,26.63903038462812,26.807233812340897,26.386729253313135,26.730140686035156,2153000
2007-05-15,26.81423141786185,27.108586642101752,26.561930377301426,26.912351608276367,2610200
2007-05-16,27.017475320997832,28.1388248205364,27.017475320997832,27.977628707885742,3823300
2007-05-17,27.879508548359528,28.103777892278345,27.690280788146502,27.71831512451172,1849700
2007-05-18,27.732340289552184,27.956609698141005,27.578154068584027,27.80242347717285,1562700
2007-05-21,27.676273926138474,27.83746739444086,27.54311212843053,27.7954158782959,1617700
2007-05-22,27.47303662268126,27.879524031720663,27.010480509772723,27.76738929748535,1914900
2007-05-23,27.739355777259462,28.271995061136113,27.739355777259462,28.061742782592773,2215000
2007-05-24,28.012678280499767,28.377116736446105,27.921567998137625,27.984643936157227,2196300
2007-05-25,28.60839228192104,28.60839228192104,28.194895076193042,28.53830909729004,1872800
2007-05-29,28.489243203789393,28.699495378567985,28.29300552362811,28.68547821044922,2225000
2007-05-30,28.29301665775928,28.55933760981804,28.033705629269242,28.48224449157715,2075900
2007-05-31,28.63643123139527,28.86770791668054,28.39113469872614,28.69249725341797,2064100
2007-06-01,28.664467897944323,29.021896503572716,28.629423623654894,28.91676902770996,2183800
2007-06-04,29.26018242697431,29.26018242697431,28.650450032765423,28.902753829956055,1847500
2007-06-05,29.134025734467265,29.3232535512234,28.734545679149512,29.260177612304688,2382900
2007-06-06,28.958816079975804,29.014884771376693,28.433184128853053,28.734546661376953,2565600
2007-06-07,28.734549182675718,28.734549182675718,27.84447867985545,27.907554626464844,1994000
2007-06-08,27.90755618622559,28.03370808649504,27.480041710146104,27.823455810546875,2115800
2007-06-11,27.73233950929586,27.858491382265537,27.578153292665775,27.725332260131836,1635500
2007-06-12,27.61319966118855,27.802424811546636,27.47303060571758,27.68328285217285,2229900
2007-06-13,27.753365760845718,27.858493219755164,27.024491492115157,27.66225814819336,4585300
2007-06-14,27.571154187599486,27.998668697444405,27.571154187599486,27.690296173095703,3278500
2007-06-15,27.788407129142797,28.328053519613604,27.522086221603786,28.033700942993164,5521000
2007-06-18,28.166858575252384,29.091970443725586,28.166858575252384,29.091970443725586,3271400
2007-06-19,28.804624695530805,29.20410469298912,28.769583106429558,29.021886825561523,2744200
2007-06-20,29.120006783151194,29.68769019873974,29.0569308480858,29.47743797302246,5466300
2007-06-21,29.40035617279481,29.463432132117024,29.028907668562628,29.27420425415039,3593900
2007-06-22,29.281202887696708,29.925979468051004,29.042916297446563,29.876920700073242,26390300
2007-06-25,29.88392919718655,29.88392919718655,29.526500633642005,29.540517807006836,5197100
2007-06-26,29.785820453604945,30.858109134413684,29.617616997054924,29.99607276916504,7879900
2007-06-27,30.234346220074375,30.2413561425132,29.666665483625067,30.10819435119629,5351200
2007-06-28,30.311436674335845,30.416564113705377,29.96101544110653,30.0170841217041,5362600
2007-06-29,30.20630022533756,30.41655504136395,29.540502219590806,30.059123992919922,5061800
2007-07-02,29.86991643106131,30.157261843681336,29.610605369307343,29.81385040283203,4452200
2007-07-03,29.323253882785522,29.750768287679392,29.15505048593297,29.589574813842773,2537900
2007-07-05,29.36530234448627,30.010076172734628,29.098981441143597,30.003068923950195,3991200
2007-07-06,29.820854552757186,30.178285805373466,29.820854552757186,30.136234283447266,3661500
2007-07-09,29.75077330900883,30.101194660885255,29.638638583348488,30.04512596130371,4081000
2007-07-10,29.652661811638396,29.729752279046412,29.162071284160046,29.225147247314453,4458200
2007-07-11,29.155054793256067,29.617610861060037,28.94480252125475,29.554534912109375,3206400
2007-07-12,29.554525387436737,29.925973710883483,29.302224346446984,29.799821853637695,3594700
2007-07-13,29.63162183153179,29.701707689859774,29.421369603552087,29.65264892578125,2116700
2007-07-16,29.540527980071012,29.925991023089633,29.470442089110936,29.78582191467285,1899500
2007-07-17,29.673676997256404,29.74376019070454,29.309238509620698,29.372314453125,3450900
2007-07-18,29.141045131484734,29.519498214534085,28.951817253208493,29.41437339782715,3103400
2007-07-19,29.610602290131325,30.136234283447266,29.31624965715563,30.136234283447266,4251200
2007-07-20,29.8628986489805,30.388530511592922,29.785805548037043,30.35348892211914,3197500
2007-07-23,30.164263656693198,30.837071855537133,30.09417779837479,30.70391273498535,4086900
2007-07-24,30.08717891994781,30.486659066245977,29.624622820365573,29.834875106811523,2379300
2007-07-25,29.792824412155397,29.827868688794144,29.211126314292898,29.365312576293945,3067900
2007-07-26,29.2741825717967,29.358282897435128,28.87470268313773,28.909744262695312,3285300
2007-07-27,28.31404133233791,29.330260935646454,27.879517007341494,29.23214340209961,3897800
2007-07-30,29.22514234734296,29.54052211023751,29.105997693137088,29.519495010375977,3103800
2007-07-31,29.498462544034478,29.954011263331054,29.435386608647292,29.52649688720703,4134800
2007-08-01,29.470427471752068,29.827858654603837,28.61540141415981,29.112998962402344,3792000
2007-08-02,28.66445773723227,29.785804605937418,28.342068173165444,29.56854248046875,3247500
2007-08-03,29.638634258948645,29.715727372873694,28.72052948852673,28.734546661376953,2273300
2007-08-06,28.972832395796914,29.54752309814466,28.713521389494215,29.23214340209961,2311900
2007-08-07,28.944798353655276,29.407354354858402,28.72753886238706,29.4073543548584,2288600
2007-08-08,30.031113203535096,30.031113203535096,28.874724176357052,29.028907775878906,2296200
2007-08-09,27.8865302710562,28.895742745799545,27.40294712135415,27.893537521362305,3696200
2007-08-10,28.026704589118193,28.026704589118193,27.248768657777244,27.466028213500977,2862400
2007-08-13,27.58515474886828,28.243945581678165,27.332851080366225,28.096769332885742,2694100
2007-08-14,28.250968189648663,28.83967612270729,27.42397364860196,27.543115615844727,2861600
2007-08-15,27.332859155479998,27.865498311399698,27.1506412707844,27.227731704711914,2623000
2007-08-16,26.88432819071236,26.933386969100287,26.106392314128207,26.253568649291992,3956800
2007-08-17,26.772185442912214,27.402942121988715,26.379712659807513,27.192689895629883,2580200
2007-08-20,27.262784399790007,27.900551203663614,27.20671569577771,27.753372192382812,2145900
2007-08-21,27.606205092889713,28.159871699529717,27.480053140148854,28.0126953125,2446100
2007-08-22,28.152847365234805,28.5803618003538,28.103788594664017,28.215923309326172,2025100
2007-08-23,28.734555996398594,28.87472509693533,27.991661635006153,28.328065872192383,2834100
2007-08-24,28.433181187979674,28.804626872833317,27.90054204227441,28.068742752075195,2445600
2007-08-27,27.991657458476276,28.31404714365918,27.865505554166184,28.180885314941406,1958100
2007-08-28,28.17387945196616,28.18088670321622,27.71132333787655,27.753372192382812,1717300
2007-08-29,28.054725335209458,28.419163767925276,27.802421599213734,28.201904296875,1183100
2007-08-30,27.823455911743945,29.056937895694833,27.788414311208925,28.80463409423828,3127800
2007-08-31,29.084976086170506,29.435397484799065,28.531309634696637,28.881731033325195,2596400
2007-09-04,28.909759526044162,29.11300453768606,28.67147291634394,28.986852645874023,1470500
2007-09-05,28.671461042330453,28.769578545660366,28.22992960384439,28.68547821044922,2660100
2007-09-06,28.734547841703804,28.78360661194359,28.194898695563708,28.412160873413086,2403000
2007-09-07,28.05473483609977,28.215928350130095,27.17167413456343,28.047727584838867,3079300
2007-09-10,28.138820818294846,28.257962731958465,27.529086061953258,27.928565979003906,2153600
2007-09-11,28.13882015017511,28.13882015017511,27.480026659908187,27.732330322265625,2667500
2007-09-12,27.67625665972729,27.844457272367265,27.38190157735653,27.83745002746582,2310600
2007-09-13,28.03370282260756,28.187889043652614,27.872509352197834,27.8795166015625,2472900
2007-09-14,27.816440299617277,27.865499065035298,27.54311212843053,27.7954158782959,2095200
2007-09-17,27.816440932739553,27.921568388743633,27.16465712191968,27.26277732849121,2483900
2007-09-18,27.45200817445169,27.57115282757371,26.10639142967975,26.968427658081055,6808100
2007-09-19,26.996453101833662,27.75336160266911,26.975428682602715,27.487043380737305,3549600
2007-09-20,27.14363565473026,27.718326416836412,26.982442165212934,27.51508140563965,4592000
2007-09-21,27.68328673541385,27.90755618622559,27.332865384332663,27.823455810546875,2410700
2007-09-24,27.697301509747145,28.622413582541625,27.40294621012935,27.613201141357422,5396600
2007-09-25,27.578157756823696,27.578157756823696,26.4918521624099,26.653045654296875,5451400
2007-09-26,27.045509932484013,27.13662019848665,26.491843761893616,26.49885368347168,4357900
2007-09-27,26.58997506976213,27.367911011380507,26.582967818050733,26.64604377746582,5502900
2007-09-28,27.33286057940181,28.286006914546444,27.33286057940181,28.208913803100586,7379100
2007-10-01,28.208914356129416,28.713521878393344,28.187889933869194,28.65044593811035,3028500
2007-10-02,28.391135039199344,28.391135039199344,27.858495792834713,28.07575798034668,3802600
2007-10-03,27.802427157614993,28.103789716581797,27.78841265703743,27.907554626464844,2481100
2007-10-04,27.893533653795085,28.13182023370222,27.851484810783504,27.984643936157227,2601700
2007-10-05,27.872504849566596,28.45420269894484,27.59216679722651,27.697294235229492,4343600
2007-10-08,27.690286262141854,27.98464150516377,27.43097528325497,27.851482391357422,2270900
2007-10-09,27.851487424300206,28.25096751140986,27.59918364854622,28.22994041442871,3064900
2007-10-10,28.102466162727378,29.802213167585858,27.974985002279325,29.596826553344727,6154100
2007-10-11,29.476421286652464,29.788043046933442,28.8744291252108,29.016075134277344,3516500
2007-10-12,29.016077119350303,29.972183018031814,28.860266228550348,29.894277572631836,3702700
2007-10-15,29.32769611996042,29.62515302871286,28.860266150497807,29.037322998046875,2894600
2007-10-16,28.69029205557424,29.001913854442613,28.314932381489967,28.52031898498535,3662400
2007-10-17,28.89567016522412,29.136467529170673,28.371583533010856,28.973575592041016,5280500
2007-10-18,28.775280615396245,29.186051111047433,28.548648058828725,29.072734832763672,5459000
2007-10-19,28.69737612530421,29.03024388585443,27.769597208490442,27.812091827392578,3204500
2007-10-22,27.55711704590988,27.87581978925867,26.841808845657752,27.727092742919922,3321300
2007-10-23,27.797911833679578,28.28658752770802,27.69167669504775,28.22284698486328,2378200
2007-10-24,28.22993620341304,28.293676758529685,27.245500842356673,27.71293067932129,2453400
2007-10-25,27.578374135679702,27.578374135679702,26.983463008327803,27.273836135864258,3727000
2007-10-26,27.500470737623935,27.918322302402647,27.28800036015758,27.762514114379883,3987500
2007-10-29,27.69877354147459,27.904160132133097,27.316330104042837,27.762514114379883,3173200
2007-10-30,27.762511332625483,27.861662724616014,27.23134084552808,27.408397674560547,2988900
2007-10-31,27.62086587670683,27.88290923240206,27.054284552903827,27.65627670288086,4267100
2007-11-01,27.52171927559361,28.024560119182784,27.174686634638363,27.252592086791992,3725600
2007-11-02,27.330490783914012,27.330490783914012,26.4310418160666,27.1959285736084,3999600
2007-11-05,27.231332861731644,27.231332861731644,25.545751587059957,26.59392738342285,7261600
2007-11-06,26.615189301846986,26.615189301846986,25.397037203445752,25.687410354614258,8063600
2007-11-07,25.687410654384536,25.687410654384536,25.354542879036085,25.439529418945312,4198500
2007-11-08,25.4041193109443,25.4041193109443,23.57689379153446,24.90835952758789,7447500
2007-11-09,24.49049995082535,25.042916349162805,24.49049995082535,24.68880271911621,4893400
2007-11-12,24.872939190932538,25.715731311159136,24.47633367710585,25.255382537841797,4163300
2007-11-13,25.538674673860903,26.197326208413187,25.404109772210408,26.062761306762695,3707200
2007-11-14,26.346053921215887,26.346053921215887,25.057080557962482,25.19164276123047,4228200
2007-11-15,24.979168789910855,26.055674247876134,24.787947159054667,25.963603973388672,7167200
2007-11-16,26.041510640473145,26.346048507844248,25.800713319799996,26.055675506591797,3265700
2007-11-19,26.218573733144982,26.218573733144982,24.710048898852467,24.787954330444336,6098200
2007-11-20,24.787954333400414,25.389946429399664,24.398429877067215,24.809200286865234,3789000
2007-11-21,24.78795841626933,24.78795841626933,24.12222564854897,24.47633934020996,3759500
2007-11-23,24.795032845719916,24.929597741501055,24.448003033981095,24.901268005371094,1074900
2007-11-26,25.000424886220728,25.000424886220728,23.881427079363814,23.99474334716797,4110200
2007-11-27,24.178872324649763,24.178872324649763,23.392739825593203,23.92391014099121,3831300
2007-11-28,24.079730460156497,25.2341418239795,24.065565588626235,24.68172264099121,5075200
2007-11-29,24.802122483682616,24.809203568550014,24.164716778697787,24.54007911682129,4161400
2007-11-30,24.738382715570637,25.01459096279852,24.278033835742125,24.47633934020996,3073100
2007-12-03,24.433841033258435,24.68171949930359,24.086808479122563,24.15763282775879,3018400
2007-12-04,24.25678467127489,24.341771189567204,23.83893046230135,23.966411590576172,2729800
2007-12-05,24.306361686477025,24.78795648576282,24.278031944948957,24.497583389282227,4106700
2007-12-06,24.63922316690244,25.113734060022068,24.554233963801952,25.02874755859375,2570100
2007-12-07,24.894185499653535,25.227050424306576,24.646304375189498,25.09956932067871,2686600
2007-12-10,25.35454022295141,25.999027044900977,25.163318501932558,25.878629684448242,2620600
2007-12-11,26.091090142603758,26.133584747183882,24.78795198720929,24.957927703857422,4481200
2007-12-12,25.581171499399208,25.581171499399208,24.185965436645933,24.54007911682129,4101900
2007-12-13,24.525915248971582,24.80212349854265,24.455090889034718,24.617982864379883,2486000
2007-12-14,24.5188234393936,24.5188234393936,23.47773135486932,24.079723358154297,4058700
2007-12-17,23.931003412385746,24.263868438197868,23.690205999206228,24.249706268310547,3381000
2007-12-18,24.77379201495623,25.262467906676978,24.448008087142394,25.085411071777344,6107900
2007-12-19,25.283717740320547,25.404115096850763,24.540079539479095,24.759628295898438,6548800
2007-12-20,26.452294306261727,26.91264323168354,26.204415778218184,26.374391555786133,6632600
2007-12-21,26.64350491217192,27.096769860763743,26.324802150920732,26.91263198852539,4599600
2007-12-24,26.912631099518084,27.224250065963176,26.905550016911835,26.948041915893555,691200
2007-12-26,27.19592778383034,27.19592778383034,26.61518164849039,26.891389846801758,2173900
2007-12-27,26.841814027416024,26.870141064326134,26.07692729571908,26.105257034301758,2299100
2007-12-28,26.487699489139686,26.487699489139686,26.034431792424076,26.119421005249023,1607200
2007-12-31,25.821963453845644,26.317723041672526,25.425357944922062,25.517425537109375,2664900
2008-01-02,25.765307809437058,25.956529488896187,25.31204280701802,25.53867530822754,3455600
2008-01-03,25.850291075190334,25.850291075190334,24.972088217050846,25.09956932067871,3424300
2008-01-04,24.88710842603638,25.064165261966263,24.476337971548972,24.72421646118164,4636400
2008-01-07,24.88710779822495,25.01458893301241,23.739780286810646,24.058483123779297,4086100
2008-01-08,24.18596425856676,24.95084836561868,24.03723446686616,24.058483123779297,5045300
2008-01-09,24.341769248323487,24.341769248323487,23.336087873994355,23.94516372680664,4734900
2008-01-10,23.881429465797986,24.072651193389664,23.44941030735085,23.803524017333984,3512900
2008-01-11,23.82476273425448,23.82476273425448,23.144865266132037,23.22277069091797,3567100
2008-01-14,23.725615555224515,23.966412955493706,23.37858297478517,23.73978042602539,4044200
2008-01-15,23.612300186046163,23.881427338124436,23.26526759244474,23.725616455078125,5216600
2008-01-16,23.484819981446222,24.440925870645597,23.378584793013818,24.108060836791992,5807300
2008-01-17,24.15055065175263,24.355937223978223,23.470653069563937,23.661874771118164,6275200
2008-01-18,23.803521425471583,24.05139991480008,23.704370029740186,23.916837692260742,3091400
2008-01-22,22.74117958156723,24.072647694020766,22.663274144428108,23.583969116210938,5913400
2008-01-23,23.605212581085627,23.605212581085627,22.599528607248725,23.421072006225586,4780100
2008-01-24,23.42107822171841,24.07972987260285,23.24402138441986,23.99474334716797,4892400
2008-01-25,24.37718109980038,24.37718109980038,23.817683615206466,23.980575561523438,2762200
2008-01-28,23.980585191737244,24.051406865821075,23.456495617826356,24.030160903930664,3705700
2008-01-29,24.221368499131273,24.50465773144727,23.93807656514317,24.46216583251953,2331600
2008-01-30,24.547158090521386,24.547158090521386,23.768109141806548,24.09389305114746,2822500
2008-01-31,24.07264620150396,24.766708604944096,23.725613648947572,24.518827438354492,4254000
2008-02-01,24.17179933011567,25.127905137065166,24.115139847379755,24.816286087036133,4145300
2008-02-04,24.943766579362766,24.943766579362766,23.97349322503533,24.193044662475586,3180200
2008-02-05,23.73269663978852,23.99474269709546,23.520228981121083,23.73978042602539,4578100
2008-02-06,24.143466487565064,24.164712440025614,23.789352870969317,23.94516372680664,3332900
2008-02-07,23.711451953750576,23.711451953750576,23.180281427810804,23.506065368652344,6956500
2008-02-08,23.513143042926377,24.136383721150068,23.513143042926377,24.044313430786133,4707900
2008-02-11,24.228455487437493,24.285114968714762,23.683120137671256,24.193044662475586,4322700
2008-02-12,24.015984013852396,24.979173428892313,24.015984013852396,24.901268005371094,3918800
2008-02-13,25.134989326347437,25.38286781311035,24.625064780237583,25.38286781311035,3378700
2008-02-14,25.326206991534523,25.46785299149027,24.98625821264437,25.219974517822266,3001200
2008-02-15,25.007509877701448,25.05708557840014,24.30636357947654,24.47633934020996,3908500
2008-02-19,24.9579296106226,25.375783798397592,24.384264562489026,24.632143020629883,3610500
2008-02-20,24.370100362225998,24.370100362225998,23.909751553986748,24.150548934936523,4136900
2008-02-21,24.136392185191188,24.263870637442583,23.888510962927384,23.959335327148438,2722500
2008-02-22,23.938088759231707,24.129310506831427,23.668961555016526,24.100980758666992,2334400
2008-02-25,24.688805418297445,24.6958865029366,24.115140302302088,24.625064849853516,2029400
2008-02-26,24.80212341721937,25.9565348145108,24.52591516855396,25.751148223876953,4372100
2008-02-27,25.503257890990415,26.48061209178024,25.425355175702684,26.23981475830078,5343700
2008-02-28,26.13358565017676,26.13358565017676,25.61657739910769,26.062761306762695,2669700
2008-02-29,26.10526393207553,26.10526393207553,24.823371290057732,24.965017318725586,3728000
2008-03-03,24.880023498647155,25.0358316530635,24.433839584547982,24.702966690063477,2272700
2008-03-04,24.646305858171154,24.759622101361757,24.079724642218135,24.56131935119629,3304300
2008-03-05,24.780871568236858,24.957928372891764,24.561320157862696,24.86585807800293,2740500
2008-03-06,25.028754216107437,25.028754216107437,24.5329945395072,24.625064849853516,2230200
2008-03-07,24.46925702915501,24.568408436532117,23.704372813907902,23.90267562866211,2743700
2008-03-10,24.079733183889676,24.079733183889676,23.3219300321776,23.371505737304688,2415600
2008-03-11,23.86017397219286,24.299276792011817,23.527309017283404,24.129301071166992,2171000
2008-03-12,24.34885987450784,24.34885987450784,23.838935258809276,23.959335327148438,1799500
2008-03-13,23.661873968157355,24.242620137611798,23.286514363958755,24.11513900756836,2328600
2008-03-14,24.136383444613465,24.306356453844675,23.399826533485502,23.619375228881836,2611300
2008-03-17,23.47065252248989,23.69020396026936,22.96072799689771,23.41399574279785,3279000
2008-03-18,23.534387204039167,24.483411666239103,23.534387204039167,24.433835983276367,2391200
2008-03-19,24.745459603257352,24.894189381798437,24.270948633722885,24.348854064941406,2698600
2008-03-20,24.11514097490149,24.525914138924392,23.83893273783166,24.511749267578125,2402500
2008-03-24,24.90835493014109,25.89279322898774,24.787957575861363,25.715736389160156,2893000
2008-03-25,25.84321588081892,25.850296965224047,25.000423647950612,25.057083129882812,2583800
2008-03-26,25.489101197992234,25.489101197992234,24.67463873886679,25.042917251586914,2121400
2008-03-27,25.205806497926794,25.46076872565236,24.06556025819435,25.10665512084961,6313200
2008-03-28,25.651991081327072,26.18316150271288,24.221371755527272,25.014585494995117,9344600
2008-03-31,25.127911022099955,25.354543602776005,24.64631611274498,24.90835952758789,3449200
2008-04-01,24.915436009948728,25.67323898595198,24.787954882988117,25.404111862182617,3062900
2008-04-02,25.552847194440627,25.552847194440627,25.113744238799754,25.32621192932129,5113200
2008-04-03,25.32621095705303,25.77239498119062,25.00042699731524,25.666162490844727,3682600
2008-04-04,25.581162826815834,26.133581817744684,25.517422277926816,26.04151153564453,3480900
2008-04-07,26.47353982894585,26.79932377052131,26.126507229147286,26.324810028076172,4609800
2008-04-08,26.3248031339494,27.613779094439998,26.069843617099874,26.90555191040039,6435600
2008-04-09,27.04011691532242,27.04011691532242,26.062762543220774,26.17607879638672,5576000
2008-04-10,26.310638241832606,27.025946434867453,26.06275713209703,26.96220588684082,5037600
2008-04-11,26.799329536289665,26.799329536289665,25.779482877374168,25.857385635375977,2593600
2008-04-14,25.80779682132193,26.25398069003417,25.751140053208115,25.892786026000977,3365200
2008-04-15,25.999026033397303,26.197331533594156,25.538679865156507,25.885709762573242,3731500
2008-04-16,26.402709638709553,26.72141242492548,26.034431163712533,26.62226104736328,3141100
2008-04-17,26.487695148529454,27.082606032452027,26.246897821663836,27.03302764892578,3300200
2008-04-18,27.288002332142096,28.052889262280637,26.204415216119106,27.833337783813477,4133200
2008-04-21,27.550047900569893,27.61378847685767,26.74975015421739,27.21009635925293,3229900
2008-04-22,26.508948141233056,27.011788877464788,26.508948141233056,26.792240142822266,3222100
2008-04-23,27.011784958476714,27.33756882186723,26.79223625568728,27.153430938720703,2192000
2008-04-24,27.011794152929475,27.620870184129284,26.841821080118027,27.44381332397461,2187100
2008-04-25,27.4863034409779,27.67752514282516,27.280916868437565,27.578371047973633,2635100
2008-04-28,27.394228684313266,27.762507157517398,27.054279947895385,27.691682815551758,3345800
2008-04-29,27.656274343874117,27.97497715560157,27.365901271338572,27.457971572875977,2800600
2008-04-30,27.57128154960566,27.57128154960566,26.59392738342285,26.59392738342285,3114400
2008-05-01,26.579775370378318,27.25259198913473,26.565610497158115,27.18177032470703,2076700
2008-05-02,27.507541132905278,27.67751682848858,27.34464922137696,27.670433044433594,2708400
2008-05-05,27.720014906219607,27.720014906219607,27.252585016243547,27.457971572875977,2062000
2008-05-06,27.42255962320809,27.613781302389206,27.061362217530696,27.372983932495117,2149400
2008-05-07,27.259665106743597,27.259665106743597,26.374381139544074,26.45228385925293,3702700
2008-05-08,26.55852305881419,27.10385838982256,26.55852305881419,26.877225875854492,2419800
2008-05-09,26.763914003338364,27.040122256130875,26.53728145224332,26.735584259033203,1751600
2008-05-12,26.834726568922633,27.146348247333663,26.246899432990176,26.91263198852539,3346100
2008-05-13,26.83472902243353,27.068445302610588,26.523110017203244,26.77098846435547,2736900
2008-05-14,26.77098713446531,27.132184512855456,26.742657398577396,26.955127716064453,2692000
2008-05-15,27.06844711303711,27.13218767537835,26.735579431735882,27.06844711303711,2359800
2008-05-16,27.238420150588333,27.422560753689783,26.9551308636461,27.110939025878906,2167800
2008-05-19,27.380065690508566,27.44380625180547,27.125103445320953,27.280914306640625,2030500
2008-05-20,27.30216288263055,27.309246668828816,26.452289550919637,26.820568084716797,1850100
2008-05-21,26.80640210646939,26.82765076251343,26.154834290137096,26.34605598449707,2372400
2008-05-22,26.537281730838707,26.643514220588635,26.17608424133877,26.423965454101562,1473500
2008-05-23,26.261077676048725,26.268158762495535,25.850304418620752,26.225664138793945,2440600
2008-05-27,26.190245769410236,26.8984730840022,26.190245769410236,26.643510818481445,1907300
2008-05-28,26.84181294563963,27.337569842493732,26.445204726483887,27.1888427734375,2935400
2008-05-29,27.19592393820599,28.484897149174234,27.132183385941747,28.350332260131836,4148800
2008-05-30,28.364508000120303,29.773881773013965,28.201616015599377,28.90984344482422,4107000
2008-06-02,28.732775991216553,29.455168026817205,28.491978646016335,28.867338180541992,4487500
2008-06-03,28.831936994409645,29.370191334871453,28.612388228042693,28.853185653686523,2423500
2008-06-04,28.67613189735249,28.86026985369497,28.187453206341626,28.591142654418945,2692100
2008-06-05,28.57696848579987,29.108138923838325,28.22993864588471,29.058563232421875,1887200
2008-06-06,28.810679826242637,28.846090642361155,28.2016040629846,28.244098663330078,1883600
2008-06-09,28.237025166929108,28.66196322018875,27.542962651778748,27.762514114379883,2570000
2008-06-10,27.578371017555224,28.038719858717485,27.387149315918876,27.925403594970703,1878100
2008-06-11,27.996221731112623,28.116621765915543,27.252583674800775,27.31632423400879,1673500
2008-06-12,27.507552199396628,28.208698510955053,27.330495350199087,27.521717071533203,2454900
2008-06-13,27.805009743841858,28.010396361944135,27.25259317263077,27.755434036254883,1972100
2008-06-16,27.819157272165203,28.24409511725227,27.224246450380715,28.02454376220703,2209400
2008-06-17,28.187441834553624,28.279512126417245,27.613779535391277,27.790836334228516,2302800
2008-06-18,27.79084616722737,27.868748916874654,27.316332373580778,27.500473022460938,2121000
2008-06-19,27.309240459893605,28.20868928380538,27.27382694029948,28.088289260864258,1754400
2008-06-20,27.93248503895517,28.024555348707104,27.479219978134676,27.705852508544922,2309100
2008-06-23,27.946649580975077,27.946649580975077,27.535879137567246,27.578371047973633,2424800
2008-06-24,27.5783661777803,27.5783661777803,26.926798450999268,27.153430938720703,2961200
2008-06-25,27.762506725773726,28.116620325077797,27.203006590471926,27.882904052734375,2313100
2008-06-26,27.578366105174773,27.620860709637803,27.10385517952988,27.514625549316406,2930900
2008-06-27,28.357419443748803,29.363100831496272,28.357419443748803,29.278114318847656,8825800
2008-06-30,29.256870167648607,29.256870167648607,28.484902317567645,28.83901596069336,6136700
2008-07-01,28.20870186791173,28.647802149707974,27.62795284789291,28.591142654418945,4921900
2008-07-02,28.591131435756637,28.82484770960754,27.982055608757488,28.647790908813477,4271200
2008-07-03,28.754032836624546,28.754032836624546,27.86874854114136,28.619470596313477,1960700
2008-07-07,28.73985910602185,28.860256424979855,28.11661845620438,28.229934692382812,5240200
2008-07-08,28.081217101951154,29.037322998046875,28.081217101951154,29.037322998046875,4102400
2008-07-09,29.03731346130371,29.03731346130371,28.2299349339155,28.329086303710938,3620100
2008-07-10,28.435330126673463,28.562811270037212,28.05996778158108,28.32201385498047,3558600
2008-07-11,28.045792549187023,28.045792549187023,27.188838392231602,27.670433044433594,3704600
2008-07-14,27.996220167608726,28.237017522094263,27.2525821528268,27.790836334228516,4532600
2008-07-15,27.62086906674794,27.974982772731884,27.068452549948393,27.401317596435547,3287800
2008-07-16,27.500472324330318,27.69169135240596,27.139274823135803,27.613788604736328,3854400
2008-07-17,27.80499518044862,28.03871142380827,27.203003216955263,27.9891357421875,3134100
2008-07-18,27.87582207294186,28.03871399918212,27.564200386506347,27.89706802368164,1909000
2008-07-21,28.300757768490634,28.329087504396387,27.9395630915454,28.052879333496094,3152000
2008-07-22,28.06704159620613,28.484895706176758,27.62793883544238,28.484895706176758,3271100
2008-07-23,28.399914871362558,29.00190972326969,28.229941824985456,28.831933975219727,4660900
2008-07-24,28.952336107447643,28.952336107447643,28.215778982406714,28.470741271972656,2826200
2008-07-25,28.676121882913,28.867340858551305,28.43532451537413,28.7398624420166,3863000
2008-07-28,28.36449507926515,28.824843779228328,27.52878687733545,28.258262634277344,3037200
2008-07-29,28.23701377642031,29.320603078701964,28.17327322922727,29.249778747558594,6774300
2008-07-30,29.10106412416675,29.724304995849828,28.96650189007502,29.68181037902832,7847600
2008-07-31,29.511832397918702,29.745548720381855,29.334775560297384,29.575572967529297,5895800
2008-08-01,29.625147203237805,29.625147203237805,29.008987549723777,29.426841735839844,2068300
2008-08-04,29.39142404486526,29.533070002283335,29.150626727756116,29.320602416992188,3105100
2008-08-05,29.547248005915037,29.547248005915037,28.945253094638563,29.235626220703125,2287000
2008-08-06,29.348933031566162,29.348933031566162,28.86025725554665,29.242700576782227,3495400
2008-08-07,29.136464134164218,29.688880439337858,29.00190195004227,29.511823654174805,4474900
2008-08-08,29.568482449697225,29.71012841494037,29.03731210628949,29.5614013671875,2658700
2008-08-11,29.56848312222961,29.717210173365256,29.171874950862403,29.511823654174805,3559800
2008-08-12,29.603913169763295,29.603913169763295,28.89568556904325,29.051496505737305,2296500
2008-08-13,29.122300393303664,29.122300393303664,28.371581324252347,28.867338180541992,3749500
2008-08-14,28.817777123947575,29.164809801189975,28.68321486631305,28.966506958007812,1367700
2008-08-15,29.12231818513975,29.27104803456312,28.81069901342553,29.051496505737305,1879100
2008-08-18,29.037315014307687,29.26394750072459,28.683201416572228,28.888587951660156,2162200
2008-08-19,28.690294069501313,28.768199524687013,28.484910153262167,28.591142654418945,1325800
2008-08-20,28.683201150920496,28.909833635238428,28.406992979512538,28.46364974975586,1576200
2008-08-21,28.46365333981079,28.513229033153685,28.25826948239279,28.364501953125,1960200
2008-08-22,28.569887393221798,28.7894388134788,28.34325488919572,28.690284729003906,2100200
2008-08-25,28.640706807309375,28.640706807309375,27.70584712558255,27.790836334228516,2284700
2008-08-26,27.86874443823933,28.144955367171203,27.691687605209413,28.09537696838379,1851700
2008-08-27,28.215780690817514,28.853186453326046,28.0599697929436,28.789445877075195,2313300
2008-08-28,28.775280237455686,29.41976706829347,28.775280237455686,29.292285919189453,2945400
2008-08-29,29.31353187681574,29.52599955809805,29.143558812459155,29.292285919189453,2735300
2008-09-02,29.58973916147657,29.958017724392658,29.39851744409669,29.717220306396484,3929700
2008-09-03,29.568492843603426,29.59682258694493,27.833335238195087,28.32201385498047,8512100
2008-09-04,28.29368215877333,28.406998422645096,27.507549396181094,27.578371047973633,3077700
2008-09-05,27.472133876412762,27.727096101979754,27.217171650845774,27.592531204223633,2699500
2008-09-08,27.982063604893877,28.683209925133323,27.67752830604287,28.10954475402832,2745700
2008-09-09,28.109536577440974,28.329087981902774,26.990539007025443,27.153430938720703,5357800
2008-09-10,27.146345799492433,28.067040481007687,26.955124159984564,27.07552146911621,3637000
2008-09-11,26.69308482319648,26.707249692791624,25.66615744343859,25.942365646362305,6840700
2008-09-12,25.75822626740718,26.183164270437928,25.38994774544964,26.098175048828125,5654700
2008-09-15,24.667555482458674,26.055680191619317,24.639225745127447,25.65199089050293,2807000
2008-09-16,25.55991852563184,26.494778168494616,25.262461711081553,25.984853744506836,5466500
2008-09-17,25.786560111747022,25.836135814739425,24.86586501116548,24.97918128967285,3357500
2008-09-18,25.035840083950227,25.708656723475535,24.433847812712187,25.42536735534668,4455100
2008-09-19,26.21149006515807,30.48210233896071,25.602416882567702,27.457971572875977,7477500
2008-09-22,27.5500396392629,27.5500396392629,26.15483116649045,26.253982543945312,3300600
2008-09-23,26.423964341677376,27.06845114505131,26.15483718262923,26.3814697265625,3477600
2008-09-24,26.24689483413061,26.324797538411413,25.56699482869961,25.906946182250977,2584500
2008-09-25,25.991945001541687,26.763912942380152,25.54576100227868,26.324810028076172,4042400
2008-09-26,26.487687816372684,28.329076722678256,26.268136499170264,28.010374069213867,6001000
2008-09-29,27.783751068163838,28.187440331857943,26.282310250535375,26.91263198852539,5984700
2008-09-30,27.16759419752634,27.2454996171291,24.986253255337942,26.91263198852539,8170600
2008-10-01,26.650597586214296,26.650597586214296,25.496186177806266,26.24690818786621,4119600
2008-10-02,26.268144414092976,26.721409345962854,25.595328098867082,25.850290298461914,4106900
2008-10-03,26.15482646365851,26.15482646365851,24.809193921568212,24.922510147094727,3407600
2008-10-06,24.086804440994456,24.391342334893125,22.67035012580891,24.079723358154297,7553200
2008-10-07,24.129305500002378,24.483419173558826,22.35873713222015,22.606616973876953,7725800
2008-10-08,21.433836565702222,23.43403923965525,20.865432739257812,23.02392578125,8334400
2008-10-09,23.390869961477446,24.45572901567352,21.59212701136117,21.628101348876953,5744100
2008-10-10,19.99484220193517,23.22538541227872,17.814763626717085,20.79348373413086,8580900
2008-10-13,22.11735414037539,24.35499054904742,21.728826183697866,24.19670295715332,5683500
2008-10-14,24.8946286522405,25.347913141630695,23.131860822316163,23.743432998657227,4644600
2008-10-15,24.362194429970007,24.362194429970007,22.304430410972422,22.4195499420166,4909000
2008-10-16,23.07428471012313,24.045605241664305,21.160421461225848,22.203693389892578,7797700
2008-10-17,21.56334416513792,23.196605539047336,21.31871485334527,22.592226028442383,6087700
2008-10-20,23.038314396037812,23.426843774183116,22.282841062644,22.923194885253906,4144600
2008-10-21,22.26844765611276,23.059893789842775,22.124547610525916,22.369176864624023,3240800
2008-10-22,22.592223510757336,22.592223510757336,21.210788116130594,21.5561466217041,4452300
2008-10-23,21.82236109356275,21.98065006383753,20.498485464054436,21.160423278808594,5034600
2008-10-24,20.08117795114613,21.29712928212006,19.28973031490867,20.771896362304688,3407000
2008-10-27,20.28983259421746,21.146033738545274,19.69984341744614,19.814964294433594,5123700
2008-10-28,20.117150765099954,21.75041052693728,19.922887470289112,21.70724105834961,4121200
2008-10-29,21.700044371466323,23.02391987400841,21.074082318397956,22.146133422851562,4150400
2008-10-30,23.04550295721384,23.3836676445197,22.05979219732029,23.081480026245117,4002200
2008-10-31,23.434037525039166,23.959270464133915,22.987949764173127,23.779396057128906,4669400
2008-11-03,23.90170784221913,23.90170784221913,22.786485893169804,23.16062355041504,3722400
2008-11-04,23.225378744647525,23.937682487204512,22.973555714012075,23.786588668823242,2842500
2008-11-05,23.793779641878032,23.793779641878032,22.448320224689795,22.570634841918945,3707800
2008-11-06,22.347590662316797,22.513076120637564,21.038105508266135,21.1748104095459,4072100
2008-11-07,21.46261328590688,22.031017046846923,21.160424239959728,21.951871871948242,3597400
2008-11-10,21.95906633848895,22.6497833524024,21.448222346157664,21.59931755065918,2682900
2008-11-11,21.512979917175507,21.707244616158924,21.059696991880422,21.26835060119629,3035500
2008-11-12,21.138834835240733,21.390659221472838,20.145928941248364,20.210683822631836,4608600
2008-11-13,20.073981036115086,21.153227343135605,19.39765296612909,21.131643295288086,6433900
2008-11-14,20.527267218882706,21.584928206985182,19.951668309963434,20.62799644470215,6853800
2008-11-17,20.541658407567784,20.627998733803384,19.786186385421235,19.822160720825195,3717000
2008-11-18,20.081178456664805,20.541656494140625,19.88691376997989,20.541656494140625,4370500
2008-11-19,20.5416562171813,20.714336851239313,19.426435470581055,19.426435470581055,2902900
2008-11-20,19.124248876748617,20.009230721426313,18.91559525664557,19.217782974243164,4218300
2008-11-21,19.656673991969587,20.556045981882782,19.145831360418608,20.512876510620117,6412500
2008-11-24,20.599218587802383,21.865534706979954,20.592024818441192,21.577735900878906,4813300
2008-11-25,21.58492699629719,22.24686481241028,20.397756285967386,21.182008743286133,5191500
2008-11-26,20.958963397743656,22.002235412597656,20.67116464712856,22.002235412597656,3235500
2008-11-28,21.99503946042071,22.333204180702385,21.592121224431892,22.2900333404541,1526800
2008-12-01,21.58492601213365,21.685655227710498,20.908597946166992,20.908597946166992,3301700
2008-12-02,20.87262483456312,21.656877301818632,20.771895613117255,21.59931755065918,4156000
2008-12-03,21.009328861332417,22.26844956498649,21.009328861332417,22.21088981628418,2995300
2008-12-04,21.246767384142856,22.00943455503725,20.548853743120347,20.958967208862305,5059100
2008-12-05,20.75030222112095,20.757497358793646,19.36886735160346,20.34018898010254,6397000
2008-12-08,20.865430362863318,20.872625503530443,20.21788279848239,20.390562057495117,5216800
2008-12-09,20.397755792097275,21.390661806060336,20.203491124474287,20.865428924560547,5171600
2008-12-10,21.009332783279923,21.030916835364614,20.261054538131336,20.484098434448242,3510000
2008-12-11,20.16032293980874,20.448121703321476,19.50558023819249,19.82935333251953,4318800
2008-12-12,19.275344922137037,20.62800005609417,18.886815487670816,20.5704402923584,6501700
2008-12-15,20.44811983612095,20.987742983056936,19.82215638184885,20.894208908081055,5568500
2008-12-16,20.901405196104413,21.47700411231063,20.714337023595146,21.22517967224121,5228500
2008-12-17,21.160427283902802,21.97346045481895,20.9373833807693,21.757610321044922,3809700
2008-12-18,21.84394853417499,22.304426579245163,21.584928947656607,21.87992286682129,4360500
2008-12-19,22.621004309329237,23.72902986939997,21.944676199580798,23.175016403198242,6936600
2008-12-22,22.858441644057166,23.29013915458927,22.46991223777877,23.02392578125,4761000
2008-12-23,22.98794805886812,23.340500333431947,22.47710406725655,22.800878524780273,3485900
2008-12-24,22.520275820100547,22.764905130061983,22.455520922032353,22.556251525878906,1128800
2008-12-26,22.426741697419565,22.930390598927886,22.40515627398366,22.714540481567383,1257000
2008-12-29,22.88721599166114,22.995140346442874,22.48429776005411,22.915996551513672,1823000
2008-12-30,22.959170063586242,23.333309173583984,22.73612617476688,23.333309173583984,2809500
2008-12-31,23.175011568903027,23.664270041030807,23.175011568903027,23.592321395874023,3026300
2009-01-02,23.412456313286572,24.319022226861392,23.412456313286572,24.225486755371094,3787400
2009-01-05,24.06719124206419,24.585227561014946,23.556348690256954,24.333404541015625,4469100
2009-01-06,23.67867198958735,24.42695034455,23.606723308968963,24.031227111816406,4020100
2009-01-07,23.642693744250945,24.49889497872374,22.692957044690374,24.304630279541016,5442100
2009-01-08,23.93048588038367,24.211092213693583,23.880121274455906,24.059995651245117,3203800
2009-01-09,24.103169749959203,24.549257496228215,23.822566123359895,24.268653869628906,4375800
2009-01-12,24.211097547922535,24.211097547922535,23.470013085901726,23.76500701904297,4756400
2009-01-13,23.7793949016009,25.03851568945066,23.45562043579215,24.513282775878906,8009800
2009-01-14,24.362193813732098,24.362193813732098,22.880027487446583,23.340505599975586,7292400
2009-01-15,23.23977043137515,23.685858146082197,22.563443719098956,23.491596221923828,4892400
2009-01-16,23.743424549887905,23.88012812739842,23.06709768715266,23.513185501098633,4162900
2009-01-20,23.369288607102295,23.527579004053827,22.83686039084071,22.937589645385742,5273800
2009-01-21,23.383672089173697,24.06719536071342,22.95197325306086,23.72903060913086,4841900
2009-01-22,23.606720320702888,23.606720320702888,22.700151689538657,22.779296875,6358200
2009-01-23,22.23967544764938,22.908808577879917,22.23967544764938,22.577838897705078,3644200
2009-01-26,22.793679850055085,23.239767508660588,22.304421355585177,23.03830909729004,3890500
2009-01-27,23.031120449966018,23.55635619267167,22.880026589844856,23.29733657836914,2971800
2009-01-28,23.34769582820756,24.06719337148258,22.987947056570047,23.865732192993164,3492200
2009-01-29,23.484408910028275,23.556360340373395,22.664181816758866,23.146244049072266,3337200
2009-01-30,23.268554636237468,23.268554636237468,22.51308263561053,22.707345962524414,5184200
2009-02-02,22.46271852172264,22.951977195194655,22.254064894702516,22.887222290039062,2680700
2009-02-03,22.80088092320679,23.73622869203534,22.606616228257842,23.65708351135254,5120400
2009-02-04,23.65708854271889,24.06000555600955,23.585137115583912,23.822572708129883,3291100
2009-02-05,23.649886321837723,23.649886321837723,22.930390064406502,23.462818145751953,4022900
2009-02-06,23.527568158742913,23.980852339915195,23.254158347676213,23.829755783081055,2740100
2009-02-09,23.7866038649167,24.002452706880195,23.42685488008856,23.743432998657227,2333700
2009-02-10,23.39806179091692,23.923294698547735,22.966362965499133,23.031116485595703,3738600
2009-02-11,23.275748620547052,23.383674369348828,22.808076779959556,22.944780349731445,3524900
2009-02-12,22.75051210066461,22.772096147890565,21.98784374425343,22.635391235351562,4933600
2009-02-13,22.405151411067987,22.951969668431353,21.96625887512661,22.268447875976562,4453000
2009-02-17,22.081382483789366,22.232476326239464,21.563343315771178,21.822362899780273,4051700
2009-02-18,21.592128650719392,22.793690004236037,21.592128650719392,22.311626434326172,4896900
2009-02-19,22.441134514446844,22.76490766855865,22.095774562128042,22.167724609375,3429500
2009-02-20,21.289932061719387,22.045403920678506,21.225177174113448,21.57053565979004,4982700
2009-02-23,21.83675662635362,21.83675662635362,20.77190030329863,20.78628921508789,3443900
2009-02-24,20.90860920747638,21.14604346659787,20.491300468040627,21.074094772338867,3295200
2009-02-25,20.92298851336996,21.59931658861923,20.887014185122375,21.32590675354004,3430000
2009-02-26,21.592124875402025,21.73602358356326,20.714338226920002,20.851041793823242,3634500
2009-02-27,20.527267903855844,21.36188504592294,20.1891031390359,21.00213623046875,3819100
2009-03-02,20.577625677500063,20.74310974823462,20.01641721792313,20.030807495117188,4099000
2009-03-03,20.239467392715092,21.34749438327536,19.62789551521481,20.002033233642578,7133300
2009-03-04,20.28264298800478,20.426541721921343,19.901308667076304,20.275447845458984,5051500
2009-03-05,20.26106034993253,20.26106034993253,19.73582722277282,19.944480895996094,3502100
2009-03-06,19.92288738937792,20.347391050375208,19.757401911187376,20.145931243896484,4348300
2009-03-09,20.13154631703679,20.196301223041292,19.426438865357802,19.491193771362305,4304000
2009-03-10,19.656677658334676,20.35459133097519,19.5703386997054,20.333005905151367,4307700
2009-03-11,20.47690125178802,21.095669633416474,20.397757448145224,20.807870864868164,5421000
2009-03-12,20.930185956002656,21.75041280680756,20.527267671507783,21.62090301513672,6188700
2009-03-13,21.721633075903874,21.88711719566887,21.419444026956462,21.671268463134766,3510200
2009-03-16,21.901505237812913,21.944674705439326,21.239567454099795,21.57053565979004,2986900
2009-03-17,21.64968090109601,21.93028450012207,21.21798210636409,21.93028450012207,3161500
2009-03-18,21.937478316792067,22.448322248569806,21.700044199862287,22.268447875976562,3804700
2009-03-19,22.340396656879385,22.55624672864426,21.736018651669834,21.966259002685547,3927300
2009-03-20,21.836752797503475,22.160525899486558,21.57053807725123,21.72882843017578,3897200
2009-03-23,21.815167596744026,22.822463989257812,21.815167596744026,22.822463989257812,3490000
2009-03-24,22.43393976761718,22.71454344725628,22.311625096842928,22.462718963623047,2741500
2009-03-25,22.44112764235836,22.901605607995112,22.182108100521393,22.743316650390625,2602500
2009-03-26,22.7433189280632,23.0239225449331,22.462713938860574,22.995141983032227,7349700
2009-03-27,19.872521244358957,20.404949221387746,19.325702988194443,19.90130043029785,26465000
2009-03-30,19.61350340624737,20.325805817104936,19.426433878294983,20.023616790771484,9028700
2009-03-31,19.915694726568724,20.217883787709802,19.62789594746599,19.778989791870117,9315600
2009-04-01,19.61350420146437,20.217882278635397,19.48399441745162,19.894107818603516,8635200
2009-04-02,19.951676039532526,20.649589866899976,19.64229172913252,19.944480895996094,7269900
2009-04-03,20.08117578081049,20.620798923696473,19.93008195952207,20.174711227416992,6230600
2009-04-06,20.145932509720858,20.404952081135175,19.901303219459056,20.311416625976562,4678300
2009-04-07,20.124347279837565,20.29702653831568,19.82935337506252,19.85093879699707,4836700
2009-04-08,20.02362085943427,20.066790337015743,19.440828108919067,19.743017196655273,5101400
2009-04-09,20.46251110491571,20.87981963715265,19.671063510029732,19.93727684020996,5172700
2009-04-13,20.124356410545037,20.210696765124325,19.95887221762923,20.073991775512695,3793500
2009-04-14,20.066788129056246,20.14593330619135,19.656674706324885,20.002033233642578,4269400
2009-04-15,20.05959253969032,20.073982821090013,19.491190147730254,19.70703887939453,4875900
2009-04-16,19.750211883161683,20.07398501606076,19.563142321509076,19.78618621826172,5014700
2009-04-17,19.707038729227033,19.771793622699438,18.944371661180977,19.512775421142578,8071000
2009-04-20,19.260950733423293,19.534359212657932,19.088271477222563,19.433629989624023,5171900
2009-04-21,19.22497923635813,19.577532966434717,19.10266456491662,19.18900489807129,6571000
2009-04-22,19.153028284373846,19.944474611323553,19.066687961476543,19.27534294128418,7785600
2009-04-23,19.426434454866335,19.84374299196645,19.203390591674733,19.8365478515625,6210300
2009-04-24,20.42653750744643,21.217985183859184,20.06678868837998,21.059696197509766,9399500
2009-04-27,20.807875540652685,21.01652918011245,20.145937538079604,20.879825592041016,6251700
2009-04-28,20.822267496720098,20.872632125034578,20.469713726185542,20.800682067871094,3452700
2009-04-29,21.009337410829374,21.383475243478937,20.72873232092568,21.275550842285156,4966000
2009-04-30,21.36907505257517,21.520168860042943,21.038105508266135,21.1748104095459,8199400
2009-05-01,21.3043251176567,21.577733611359267,21.081279865803413,21.48419952392578,5242300
2009-05-04,21.46981090080226,21.944679260253906,21.40505599975586,21.944679260253906,4517500
2009-05-05,21.944675227497722,22.03820930496888,21.656876482587236,21.887115478515625,3863500
2009-05-06,21.944682239193163,22.095776113923456,21.64249311739947,21.69285774230957,4797400
2009-05-07,21.93748559191151,21.93748559191151,21.448226916632024,21.628101348876953,4144000
2009-05-08,21.93029203021005,21.93029203021005,21.095674714238786,21.153234481811523,5243500
2009-05-11,20.85104054129723,21.383468611409782,20.807871068675347,21.203594207763672,4523000
2009-05-12,21.146033403671865,21.2251785764934,20.973354149424388,21.09566879272461,3846800
2009-05-13,20.505682833465034,20.973356027130123,20.42653765355778,20.73592185974121,3272300
2009-05-14,20.714336949771273,20.915795403242594,20.534462546410282,20.84384536743164,4546700
2009-05-15,20.757508569249932,21.023721945251975,20.498488962473512,20.743118286132812,3625200
2009-05-18,20.92298472447737,21.656872415424424,20.541650601377643,21.649677276611328,3849800
2009-05-19,21.505785235902295,21.6928547975549,21.19640101364348,21.584930419921875,2339500
2009-05-20,21.58492812363542,22.023822101295828,21.54895379236247,21.829557418823242,2945900
2009-05-21,21.556154054834664,21.584934626389778,21.318719828837704,21.498594284057617,2766400
2009-05-22,21.613709918394214,22.00223793315078,21.606514777262984,21.815168380737305,4293700
2009-05-26,21.80797159241249,22.29723017371891,21.57053744234705,22.23247528076172,3513600
2009-05-27,22.16772231671791,22.26125778016512,21.836754054877908,21.89431381225586,3791500
2009-05-28,21.83675488262088,22.009434161300305,21.34030109870946,21.584930419921875,3982800
2009-05-29,21.86553323355425,21.86553323355425,21.196400196751252,21.534564971923828,4316900
2009-06-01,21.707237887989198,22.61380482992136,21.54894894473087,22.5202693939209,3714400
2009-06-02,22.53466901213726,22.606619060651475,22.304429954758202,22.462718963623047,2520800
2009-06-03,22.304421877118646,22.304421877118646,21.35468542321454,21.851139068603516,3659400
2009-06-04,21.779193043439854,21.786388184239403,21.520173463987156,21.72882843017578,4112600
2009-06-05,21.858336458017394,22.239670679600874,21.858336458017394,21.97345733642578,2944000
2009-06-08,21.937478844212663,21.937478844212663,21.138836171551286,21.376270294189453,6429100
2009-06-09,21.433838481555775,22.016631270733107,21.433838481555775,21.786392211914062,4265200
2009-06-10,21.887120530315375,22.117359579385592,21.7863912894304,22.05260467529297,3259800
2009-06-11,22.02382343135486,22.764905130061983,21.959068533286665,22.556251525878906,3513900
2009-06-12,22.50588980126867,22.721738574335735,22.30442994002852,22.642593383789062,2385700
2009-06-15,22.844049411875773,23.139043325990535,22.700149339088316,22.822463989257812,4772400
2009-06-16,22.908801105847804,23.01672545918936,22.563442626221782,22.6569766998291,3311100
2009-06-17,22.613808212201448,23.326109249566905,22.556248463104613,23.268550872802734,4174700
2009-06-18,23.196599417461186,23.31891266874616,22.88001877711889,23.03830909729004,2923500
2009-06-19,23.110261503951154,23.210990726017137,22.664173772802325,22.83685302734375,3902500
2009-06-22,22.6857600530157,22.865634454847097,22.290035545586957,22.390766143798828,4384300
2009-06-23,22.52027281689842,22.764902094237197,22.311619240540445,22.426738739013672,2424700
2009-06-24,22.685759619395135,22.858438877172713,22.39076571581684,22.61380958557129,3540300
2009-06-25,22.613812076988463,22.87283167835801,22.369182758435645,22.76490592956543,3254400
2009-06-26,23.297336143735986,24.347802120218,23.023926250998926,24.261463165283203,9954700
2009-06-29,24.290235801095168,24.34060315410823,23.714638316645576,24.05280303955078,5300300
2009-06-30,23.980863394012424,24.117566990227434,23.779402140257364,24.07439613342285,5070600
2009-07-01,23.944877431852824,24.333406765076067,23.944877431852824,24.275848388671875,3360900
2009-07-02,24.13195647844702,24.247076014789062,23.621113707470844,23.84415626525879,4149200
2009-07-06,23.7218365190786,23.88732063610578,23.311723110649176,23.836956024169922,4194400
2009-07-07,23.829757440354552,23.858538000292643,23.383669739975144,23.43403434753418,3075000
2009-07-08,23.36928021059096,23.505983757689716,23.038311994668483,23.491596221923828,4625500
2009-07-09,23.635497460934193,23.664278026574898,23.210993724064082,23.304529190063477,3968700
2009-07-10,23.153437295560067,23.86573851507993,23.153437295560067,23.527576446533203,2760000
2009-07-13,23.498786913702148,24.009629451145347,23.218183343688697,24.0024356842041,3501600
2009-07-14,23.836957626780027,24.26865511373006,23.714641600522587,24.25426483154297,3352000
2009-07-15,24.362185635297386,24.527669729892523,24.24706614581098,24.491695404052734,3035700
2009-07-16,24.491704585372027,24.815479128635264,24.297439859414084,24.729137420654297,2447900
2009-07-17,24.606818508656197,24.772302627563477,24.4485281581077,24.772302627563477,2906100
2009-07-20,24.786690650855363,24.92339419454263,24.549255146663217,24.70035171508789,2478700
2009-07-21,24.822660376555728,24.822660376555728,24.340598434508085,24.642786026000977,2457800
2009-07-22,23.74341803880089,24.61400937483727,23.434033887206933,24.319015502929688,4270500
2009-07-23,24.247066023456068,25.2759476563399,24.20389518586709,25.26875114440918,5155500
2009-07-24,24.937788206998064,25.534972568376755,24.808278411630774,25.513385772705078,3159200
2009-07-27,25.33350910010364,25.513383494869498,25.132050656258823,25.261560440063477,3367700
2009-07-28,25.182421373379686,25.405466665052277,24.944985797276658,25.376686096191406,2988700
2009-07-29,25.30473461624564,25.37668603823349,25.060108015485266,25.153640747070312,2745800
2009-07-30,25.254360865212853,25.44862551736558,25.19680249309266,25.26875114440918,2393000
2009-07-31,25.30472529265779,25.527770501639417,25.189605804559392,25.232776641845703,3107800
2009-08-03,25.412651594088473,25.88751983642578,25.081683401327805,25.88751983642578,4260700
2009-08-04,25.635701639436224,25.894721228555643,25.41985289672527,25.657285690307617,3637100
2009-08-05,25.66448571523145,25.801192056516747,25.18242349715434,25.455833435058594,2695500
2009-08-06,25.62131444059343,25.62131444059343,25.1248592534821,25.290346145629883,2043900
2009-08-07,25.542169229379823,25.758017997878,25.283149609315608,25.650094985961914,2092500
2009-08-10,25.570945521958638,25.87313319840101,25.434239220521384,25.85154914855957,2547900
2009-08-11,25.614116997727674,25.80838170590248,25.434242572899063,25.55655860900879,2344800
2009-08-12,25.542162155538424,25.894717150690113,25.29753288707905,25.758010864257812,3082500
2009-08-13,25.808375720931053,26.175320999499583,25.5709429624443,26.15373420715332,4468500
2009-08-14,25.837158801930485,26.03142348401003,25.736429576703806,25.988252639770508,4169400
2009-08-17,25.441440225251792,25.937892671912195,25.441440225251792,25.858747482299805,3245500
2009-08-18,25.765207453056206,26.21848891931374,25.614110886305113,26.117759704589844,3105600
2009-08-19,25.981056857340754,26.31202507019043,25.8587408471435,26.31202507019043,2889800
2009-08-20,26.29764501709001,26.434351360750217,26.002651017928113,26.14655113220215,3558900
2009-08-21,26.196909082773402,26.268857749237142,25.448630875021436,25.513385772705078,6521400
2009-08-24,25.43424578534037,25.837165535926466,25.38388115960039,25.585342407226562,3327800
2009-08-25,25.51337903427216,25.59972070482346,24.844246183156876,24.923391342163086,6952000
2009-08-26,25.08168282834126,25.434235059851627,24.901808456645945,25.232776641845703,6331200
2009-08-27,25.182412213896338,25.311921981998157,25.01692812013626,25.26875114440918,5032800
2009-08-28,25.304733900748158,25.427049942335938,24.506093724260555,24.606822967529297,8440100
2009-08-31,24.355005174998286,24.52768589536925,23.743432998657227,23.743432998657227,67461400
2009-09-01,23.92330037485346,24.232684629349666,23.664280743678393,23.894519805908203,20331300
2009-09-02,24.10316921437613,24.383772834740302,23.966465660642825,23.98085594177246,10751400
2009-09-03,24.18231043956213,24.786688424991375,24.081581232768094,24.75790786743164,10567800
2009-09-04,24.772309071507728,25.196812876404493,24.6499930202665,24.95937728881836,5707800
2009-09-08,25.11766392219579,25.239979955134913,24.750721312710084,24.822669982910156,7699400
2009-09-09,24.81547053452274,25.088877614444122,24.685960762069364,25.002538681030273,6901900
2009-09-10,24.959375192750347,25.405465760207505,24.901816801744726,25.28314971923828,6226100
2009-09-11,25.383877130041785,25.82996766530456,25.268757611672704,25.686067581176758,5832400
2009-09-14,25.41266170292113,25.98106561528686,25.340713021845122,25.765216827392578,4333300
2009-09-15,25.69326540165032,25.822775223320136,25.369490847475774,25.765216827392578,5247100
2009-09-16,25.62850467408489,26.21849250793457,25.62850467408489,26.21849250793457,4788200
2009-09-17,25.765213673242734,26.211301479570153,25.765213673242734,26.088985443115234,3196800
2009-09-18,26.160941492175493,26.225696406548852,25.786802291870117,25.786802291870117,3892600
2009-09-21,25.722047835942213,26.045822413579668,25.362298915159805,25.945093154907227,2782300
2009-09-22,26.00264192966703,26.61421651541182,25.858741865687932,26.57823944091797,7884400
2009-09-23,26.57104729157314,26.599827855055405,26.168127636818195,26.189714431762695,5188600
2009-09-24,26.168120820835085,26.42714033537775,25.822762382999827,25.873126983642578,5229500
2009-09-25,25.606919788650778,26.28324654707673,25.563748944411255,25.988252639770508,3620400
2009-09-28,26.830070804248177,27.391278151042535,26.657390142722065,27.261768341064453,6418300
2009-09-29,27.189818011014722,27.197011780168395,26.628607953723986,26.801288604736328,4714100
2009-09-30,26.981157934094274,27.01713226240667,26.57823832086562,26.815673828125,4686100
2009-10-01,26.650194248607967,26.981162516760442,26.182519667117806,26.283248901367188,6463200
2009-10-02,26.700557481077656,27.513590571259652,26.54946363753911,26.98116111755371,11315600
2009-10-05,27.11785828303531,27.513584081821513,26.909206105552123,27.333709716796875,6793200
2009-10-06,27.132250103622646,27.65748294998571,27.12505633626541,27.578340530395508,6850300
2009-10-07,27.391282565991933,27.765421772380904,27.348111707485593,27.63591194152832,4686400
2009-10-08,27.69346856869728,28.283456482043103,27.62871366383415,28.16114044189453,4345900
2009-10-09,28.053208991197355,28.14674169090047,27.736628331693982,28.110767364501953,3099700
2009-10-12,28.06042158247861,28.42736434936523,27.988472881415987,28.427364349365234,6621900
2009-10-13,28.434547924823132,28.434547924823132,27.938095526241124,28.36259651184082,4588500
2009-10-14,28.788006291530138,28.934697329028527,28.567971134231964,28.795339584350586,4658900
2009-10-15,28.71464134748212,28.71464134748212,28.34057933324114,28.457931518554688,4816000
2009-10-16,28.09121924938711,28.898018363892675,27.64381295098007,28.692649841308594,6575800
2009-10-19,27.95920213906662,28.4726193315355,27.871188642554372,28.377269744873047,8037200
2009-10-20,28.142564500404873,28.333263668838487,27.849185253589486,27.9812068939209,4784100
2009-10-21,27.98853670175156,28.58263400928502,27.827176317456455,28.157230377197266,4318400
2009-10-22,28.289248424639972,28.311251093208288,27.51178815975143,27.621807098388672,5475800
2009-10-23,27.65115032669325,28.164567460198096,27.65115032669325,27.702491760253906,2903000
2009-10-26,27.790508083080137,27.885857668523848,27.189077401786395,27.43111801147461,2886000
2009-10-27,27.475117550422656,27.636477922760744,27.167068982756838,27.40177345275879,3733900
2009-10-28,27.13773528785304,27.482458766566804,27.13773528785304,27.33576774597168,4992700
2009-10-29,26.793008583804642,27.775834666211587,26.793008583804642,27.58513832092285,4402700
2009-10-30,27.607138735283357,27.665816250820484,27.189071229724124,27.196407318115234,5085000
2009-11-02,27.137732096202914,27.67315188019103,27.086390664717626,27.614477157592773,4059000
2009-11-03,27.453118879922204,27.97386932373047,27.453118879922204,27.97386932373047,4929800
2009-11-04,28.010534808664726,28.487279794813613,27.87851320628189,28.2452392578125,4772400
2009-11-05,28.03253171146271,28.58995390844311,27.944515471494586,28.58262062072754,5847200
2009-11-06,28.472621082569248,28.80267521216138,28.252585928807417,28.788005828857422,4861800
2009-11-09,28.67797896522022,29.3380870428434,28.611968157457902,29.32341766357422,5541300
2009-11-10,29.15472597176079,29.15472597176079,28.824671910614047,28.91268539428711,3089800
2009-11-11,28.83200751418052,28.883348945283434,28.45794531854713,28.677980422973633,3334400
2009-11-12,28.67064576202441,28.986030422529225,28.58996557474671,28.927352905273438,2811900
2009-11-13,28.920025977138163,29.03004494724857,28.567969189842962,29.008039474487305,3492300
2009-11-16,29.125392712966562,29.294086420996763,28.986037771002152,29.279417037963867,3233500
2009-11-17,29.213405247118253,29.704816924859276,29.176730395312077,29.521453857421875,4617600
2009-11-18,29.572795399947424,29.6608088892257,29.27941337182201,29.338090896606445,3774100
2009-11-19,29.28674573717205,29.374759215258248,29.05937455439319,29.15472412109375,2627600
2009-11-20,29.118052227223814,29.279409804927248,28.9053504226397,29.213401794433594,3594700
2009-11-23,29.49945872184612,29.778168641075265,28.883358545925297,29.734163284301758,3413800
2009-11-24,29.60947491167897,30.020209294925877,29.60947491167897,29.734163284301758,2429800
2009-11-25,29.814835926700454,29.83683859949662,29.338090831528763,29.76349449157715,1631800
2009-11-27,29.2574053099587,29.763489075362877,29.15472245839781,29.71214485168457,1663000
2009-11-30,29.653473368977174,30.12288234038082,29.455440934560357,30.100879669189453,5390000
2009-12-01,30.254911284848866,30.64364015875687,30.21090313391823,30.438274383544922,4245300
2009-12-02,30.694970428081398,30.878333460024294,30.38692187740829,30.82699203491211,4714600
2009-12-03,30.753652032155895,30.944348379667957,30.687641219959758,30.71697998046875,3946900
2009-12-04,30.91501341200754,31.237731394298038,30.753653021913145,31.201059341430664,3484700
2009-12-07,30.97368661289811,31.780485725771747,30.97368661289811,31.391754150390625,4307200
2009-12-08,31.38441953389707,31.707137486678473,31.032362822345167,31.44309425354004,6330500
2009-12-09,30.57761717137802,31.02502340193825,30.25489925325317,30.98101806640625,5443700
2009-12-10,31.08370445133044,31.465099924107886,30.988354883661565,31.303739547729492,3720000
2009-12-11,31.36975509521844,31.538448787870863,30.77565772708719,30.804996490478516,3548800
2009-12-14,31.032365712765298,31.281739589745694,30.709644932026965,30.77565574645996,3627100
2009-12-15,30.85633998273802,30.85633998273802,30.37959483851865,30.394264221191406,5768400
2009-12-16,30.650969092202697,30.99568973468415,30.188893407976522,30.687641143798828,4641900
2009-12-17,30.474941901764456,30.80499598980635,30.26957615715991,30.555622100830078,5040600
2009-12-18,29.888176911684823,30.702309294856985,29.888176911684823,30.34291648864746,8384800
2009-12-21,30.269568348286747,30.438261994678204,29.60212705260851,29.800159454345703,5599800
2009-12-22,29.792832779802023,30.034873391032157,29.66814722703396,29.983531951904297,5541100
2009-12-23,30.02752885383138,30.30624144347648,29.88817395795773,30.269569396972656,2598300
2009-12-24,30.26223063413603,30.43092706935904,30.21822530138008,30.357580184936523,1085000
2009-12-28,30.49693767792435,30.731642110830855,30.298905288053703,30.69496726989746,2934900
2009-12-29,30.672963671788313,30.782982595450953,30.46759799870867,30.680299758911133,2631900
2009-12-30,30.562946360792818,30.790317509340802,30.438260852100363,30.57761573791504,2267400
2009-12-31,30.570296038437988,30.658309542400417,30.438274383544922,30.438274383544922,2001000
2010-01-04,30.45293275984052,30.951680431851134,30.43826338149929,30.85633087158203,3650100
2010-01-05,30.878333045963828,31.135042965980247,30.79031957522284,31.047029495239258,2613000
2010-01-06,30.871011219390905,31.465108662772632,30.665645445436205,31.377092361450195,5772100
2010-01-07,31.171721839498,31.465103870087933,30.98102547814343,31.34775161743164,4022900
2010-01-08,31.179044849070493,31.582445707573843,30.944340421158078,31.223052978515625,5069700
2010-01-11,31.127709056741033,31.399088373858923,30.97368477268903,31.1937198638916,4231900
2010-01-12,30.959017340899052,31.99318485270917,30.951684049820155,30.995689392089844,5557100
2010-01-13,31.135049785148862,31.487106543117736,30.951686715504756,31.34775161743164,4496800
2010-01-14,31.33307802112984,31.75114553984733,31.24506174505393,31.62645721435547,3312500
2010-01-15,31.509100222833187,31.971175809862462,31.347742670171893,31.399084091186523,4734200
2010-01-19,31.31107493182611,32.14721283067949,31.171720014299666,32.08853530883789,5343600
2010-01-20,31.802499448837377,32.191228361411454,31.57512817659453,31.91251564025879,4409900
2010-01-21,31.861163103086316,32.11053696724699,31.435762274752303,31.604455947875977,4578300
2010-01-22,31.553115523506317,31.553115523506317,30.724313713545133,30.937015533447266,4903400
2010-01-25,31.201058337274354,31.201058337274354,30.52628083505849,30.71697998046875,3665700
2010-01-26,30.628955542743768,30.94434013948605,30.46026191158585,30.680299758911133,3459000
2010-01-27,30.738983192119534,31.171720124588575,30.46027055818229,30.753652572631836,4562300
2010-01-28,30.915017823819134,30.915017823819134,30.14489061420973,30.28424835205078,4773300
2010-01-29,30.540945455762078,30.782985995393986,30.02752841845923,30.0642032623291,4618100
2010-02-01,30.188892867346066,30.51161083267016,30.00552981475094,30.210895538330078,3540100
2010-02-02,30.357576296999103,30.68763023988606,29.924839526968913,30.526269912719727,3817900
2010-02-03,30.474936076095727,30.577618928768874,30.35758384476957,30.511608123779297,2555100
2010-02-04,30.350250428619205,30.350250428619205,29.74881989582778,29.785491943359375,4069400
2010-02-05,29.49212263045115,29.888187628807195,29.118063108380937,29.734163284301758,5850400
2010-02-08,29.653477259771137,29.7561601360013,29.264748428928797,29.462778091430664,4514200
2010-02-09,29.68281186732152,29.91018026202174,29.470110054687385,29.514118194580078,4525700
2010-02-10,29.58013537116773,29.74149298970243,29.066718153523922,29.352764129638672,4885800
2010-02-11,29.352756417073277,29.778157224214507,29.05204113685168,29.53611946105957,4753300
2010-02-12,29.587458404388144,29.734149386835682,29.191393591149122,29.697477340698242,3347700
2010-02-16,29.85149883236417,29.954181671142578,29.49944218602498,29.954181671142578,2420000
2010-02-17,30.159554485930073,30.159554485930073,29.822167136416464,29.917516708374023,2480300
2010-02-18,29.954186725865704,30.320912810757353,29.873506539525863,30.29891014099121,2309400
2010-02-19,29.52877300501746,30.372243830373638,29.52877300501746,29.976179122924805,5039200
2010-02-22,30.064205169379726,30.137549265976354,29.7414844293995,29.851503372192383,2421400
2010-02-23,29.77083590065677,29.968868403513806,29.514128655045315,29.52879524230957,2600900
2010-02-24,29.646143731048568,29.800170856599298,29.51412487727459,29.543460845947266,3261600
2010-02-25,29.34542045659684,29.462772693344444,29.008033125684744,29.15472412109375,5548700
2010-02-26,29.154717846025576,29.521443856667407,29.13271518071424,29.316078186035156,4534000
2010-03-01,29.250085605950318,29.668153294576936,29.250085605950318,29.404109954833984,4157800
2010-03-02,29.572788678893957,30.01285882316828,29.521447255325214,29.778154373168945,3726700
2010-03-03,29.89551050531423,30.00552945471043,29.719483543758038,29.807497024536133,3194000
2010-03-04,29.748826034790667,30.071544036721797,29.66080974507435,30.00553321838379,3642900
2010-03-05,30.13754906982178,30.416261671291224,29.946852741172954,30.20355987548828,2781800
2010-03-08,30.11554871258234,30.5189468680036,30.11554871258234,30.40892791748047,4536100
2010-03-09,30.218225978069302,31.032358227056314,30.218225978069302,30.848995208740234,4826300
2010-03-10,30.77564832267523,30.915006007249925,30.56294654993315,30.848995208740234,3192100
2010-03-11,30.64363608972469,30.856337927464104,30.562955889347776,30.804996490478516,3282900
2010-03-12,31.01769752803827,31.09104163672602,30.643635299194905,30.893009185791016,2755900
2010-03-15,30.981024151571567,31.22306193823084,30.826997053262996,31.171720504760742,2619800
2010-03-16,31.230400165957345,31.245066749754535,30.48961177876793,30.804996490478516,4625500
2010-03-17,30.86366584182469,31.531107143738122,30.7243081515794,30.98101806640625,5203200
2010-03-18,31.06170597325437,31.36975741585504,30.760990620993464,31.010364532470703,2731700
2010-03-19,30.848995208740234,31.047027604269314,30.36491695230169,30.848995208740234,4329100
2010-03-22,30.70964800056937,31.186393129988833,30.65097326959847,31.12038230895996,2346200
2010-03-23,31.230402690515145,31.325749482396755,30.929684538292733,31.09838104248047,3822900
2010-03-24,31.01770044743357,31.098380653322778,30.56295797749414,30.65097427368164,3096400
2010-03-25,30.878335066468832,31.157047672933437,30.438264886070375,30.45293426513672,4643600
2010-03-26,30.298917861781035,31.1717251589892,30.276912388509455,31.09838104248047,6528800
2010-03-29,31.289079168947765,31.487111652042866,30.871011526157726,31.025035858154297,3810200
2010-03-30,30.885680310146725,31.047040729809325,30.731655981140857,30.95902442932129,3778000
2010-03-31,30.790332297663547,30.95902601874475,30.599635899280127,30.768329620361328,3026200
2010-04-01,30.92967892265184,31.281738452089623,30.548286228574256,30.687641143798828,3622700
2010-04-05,30.672972879097145,30.92968004750419,30.51894857805292,30.77565574645996,2561300
2010-04-06,30.819660348101426,31.032362147716466,30.4015928373535,30.45293426513672,5802000
2010-04-07,30.445583014666898,30.71696219539971,30.342900210236788,30.482257843017578,5314800
2010-04-08,30.37226600208394,30.834341831422268,30.240244336558703,30.731658935546875,6134100
2010-04-09,30.848996952780404,31.465096841069382,30.82699148676802,31.413755416870117,5265100
2010-04-12,31.325747068515426,31.597126434063075,31.325747068515426,31.58979034423828,3500800
2010-04-13,31.413760065239206,31.62645908358213,31.20839154015549,31.61178970336914,4201500
2010-04-14,31.93365180732849,32.081630369596525,31.726483513627034,31.844865798950195,4426100
2010-04-15,31.84484988084178,32.05201807098722,31.800455487615654,31.992828369140625,3651900
2010-04-16,31.778264318573854,32.081618993549306,31.778264318573854,31.92624282836914,4399800
2010-04-19,31.76345811601147,31.852244070350917,31.341721304830838,31.689470291137695,3700900
2010-04-20,32.029825697471665,32.36277662599682,31.741269166901592,32.31098175048828,4988100
2010-04-21,32.31838550033625,32.555150001825815,32.25179530788884,32.54035186767578,4875100
2010-04-22,32.2073923087376,32.53294552823168,32.02982039124514,32.495948791503906,3151900
2010-04-23,32.39237139625276,33.050872802734375,32.370175607593254,33.050872802734375,4864100
2010-04-26,32.688337196090664,32.93989988413377,32.56995492068545,32.60694885253906,3108200
2010-04-27,32.14080780391989,32.46636108084377,31.889245191049277,31.96323585510254,5239700
2010-04-28,32.15561398279354,32.259198115931966,31.91145178646096,32.200008392333984,2752300
2010-04-29,32.495950140295584,32.836301504116605,32.473754355301445,32.69572067260742,3849000
2010-04-30,32.629136445227,32.710524768320155,32.25179391924236,32.288787841796875,3532100
2010-05-03,32.14081515997615,32.42197410281681,32.00763475665457,32.370182037353516,2423200
2010-05-04,31.992832801172437,32.044624855883654,31.615487462613217,31.815258026123047,3608900
2010-05-05,31.43051582234294,31.600690123879904,31.030974685279446,31.201148986816406,5743500
2010-05-06,31.030982019978502,31.29734284097973,28.670734207139454,30.402076721191406,10320000
2010-05-07,30.29108443275704,30.402069020882454,29.72136900379353,29.832353591918945,8319500
2010-05-10,30.535251323941306,30.875599942728712,30.180104570973295,30.372474670410156,7077000
2010-05-11,30.335479946373606,30.7794126702652,30.217097698505487,30.44646453857422,6271200
2010-05-12,30.624034971911247,30.786811613032935,30.557444784402854,30.675827026367188,5357600
2010-05-13,30.550038554286687,30.801601100658957,30.18009379917773,30.202289581298828,5403300
2010-05-14,29.86934669789739,29.965533150148296,28.641129896493226,28.84830093383789,10623700
2010-05-17,28.855698728581125,29.462408065795895,28.83350294043713,29.4624080657959,5350400
2010-05-18,29.44761785849578,29.85455674457349,29.01108269862361,29.048076629638672,4653900
2010-05-19,29.048069007458352,29.225643781173652,28.69292228248303,29.033273696899414,3782700
2010-05-20,28.530139918901867,28.789100112948788,27.982620451189824,28.086204528808594,6359700
2010-05-21,27.56089884480883,28.700329971084322,27.375926369340316,28.21940040588379,7745300
2010-05-24,28.18239628950495,28.67072333535079,28.15280002673733,28.367368698120117,3256800
2010-05-25,27.75326497520911,28.10101408212809,27.657081334004115,28.06402015686035,4567900
2010-05-26,28.130610651511066,28.49315507444145,27.67187976389369,27.679277420043945,5603600
2010-05-27,28.15280274433248,28.36737143642762,27.82725228982813,28.30078125,5282900
2010-05-28,28.197199055181876,28.278587379941754,27.716269584758276,27.760663986206055,5535800
2010-06-01,27.58308909104286,27.65707975982252,27.139156368186587,27.161352157592773,6240800
2010-06-02,27.25012969970703,27.464695494365653,26.976368572030232,27.25012969970703,6189700
2010-06-03,27.34632417357547,28.02702420355983,27.22054427227548,28.004825592041016,4418200
2010-06-04,27.531289647307418,27.997420856959376,27.279727085863225,27.324121475219727,3740100
2010-06-07,27.494309688327323,27.523905962919397,26.961588035494376,27.04297637939453,4902600
2010-06-08,26.97637650113119,27.109556866591163,26.673021851462376,26.961578369140625,6039500
2010-06-09,27.161348917330585,27.39071572950167,26.857994267661773,26.961578369140625,4115500
2010-06-10,27.38331692787939,27.88644215652468,27.368521617438578,27.864246368408203,3363700
2010-06-11,27.72367115635033,27.85685154349104,27.501701962812124,27.849451065063477,3064400
2010-06-14,27.923435272795142,28.293380079775996,27.923435272795142,27.96782684326172,2597900
2010-06-15,27.71627365516232,28.530154199831948,27.583093253715575,28.515356063842773,3651300
2010-06-16,27.953035543689303,28.766916011423174,27.92344209696425,28.62633514404297,3125000
2010-06-17,28.655921595001075,28.74470754966714,28.300774953882204,28.478349685668945,3530400
2010-06-18,28.633731199243712,29.107260143161014,28.441358301742845,28.803905487060547,4133700
2010-06-21,28.981482087165233,29.040674625894788,28.552347471198345,28.715124130249023,3832000
2010-06-22,28.52274856221364,28.929687349724844,28.27858641868905,28.293384552001953,4349300
2010-06-23,28.44876731388127,28.581947722119626,27.975238227903105,28.241596221923828,5422500
2010-06-24,28.21938905968608,28.33037362932591,27.649673725614342,27.782854080200195,6791800
2010-06-25,29.151661321952382,30.431670428278963,29.033279058432463,30.002532958984375,53159900
2010-06-28,29.86194519034557,30.002523200534434,29.27003406526761,29.388416290283203,8682500
2010-06-29,28.855706786884074,29.025881129240204,28.478364170782406,28.59674644470215,6533100
2010-06-30,29.107269471770536,29.18865781430087,28.500559965124843,28.59674644470215,5956900
2010-07-01,28.38217342001741,28.515353810942024,27.94563832142131,28.322980880737305,6624400
2010-07-02,28.25638161767227,28.433956356072414,27.8790391794472,28.071409225463867,3773400
2010-07-06,28.263792284204552,28.64853533740843,28.108416096119065,28.41916847229004,4655500
2010-07-07,28.411773677793967,29.048076629638672,28.367379267102283,29.048076629638672,4391400
2010-07-08,29.107257843017578,29.336624641926388,28.863092912973855,29.107257843017578,4044900
2010-07-09,29.070272575223616,29.240446900222025,28.766917852842845,29.16645622253418,3749400
2010-07-12,28.996275696278847,29.447608855055677,28.863095327378957,29.395816802978516,3226500
2010-07-13,29.432816143175124,29.854553114875547,29.432816143175124,29.78056526184082,5391800
2010-07-14,29.59558880187489,29.8397537642689,29.58819114655475,29.66957664489746,2947600
2010-07-15,29.566001019493093,29.662187500986875,29.277444397467846,29.610395431518555,3112600
2010-07-16,29.373619032751147,29.395814818584398,28.78170789007317,28.855695724487305,2709900
2010-07-19,28.944489532242773,29.19605218884398,28.848305885936234,28.981483459472656,3373600
2010-07-20,28.485747006933725,28.85569177325754,28.10100411126241,28.78170394897461,6895300
2010-07-21,29.055473467852956,29.055473467852956,28.4043696382565,28.56714630126953,5012400
2010-07-22,28.88529021973579,29.51419524113796,28.88529021973579,29.41800880432129,5482100
2010-07-23,29.292226105836548,29.906332937582754,29.136849984576553,29.876739501953125,4811500
2010-07-26,29.787962246905238,30.05432302775702,29.684378126008568,29.95073890686035,2429200
2010-07-27,29.884149502324263,30.017329896273854,29.721372838062393,29.839757919311523,5086100
2010-07-28,29.736164608862335,29.83975153278488,29.39581604048208,29.492002487182617,4180400
2010-07-29,29.79536408975989,29.79536408975989,28.97408591868144,29.04067611694336,4657700
2010-07-30,28.85569661146326,29.44021011764878,28.85569661146326,29.329225540161133,3355500
2010-08-02,29.721372838062393,29.839757919311523,29.44021673746276,29.839757919311523,3614200
2010-08-03,29.83975556858859,29.987731263581374,29.543798533692097,29.595590591430664,3803600
2010-08-04,29.573399961558998,29.91374863535425,29.536403208900246,29.847158432006836,3367300
2010-08-05,29.721362802682346,29.758359539308643,29.536390409369798,29.573387145996094,2836300
2010-08-06,29.410617556568493,29.869348411188465,29.336629710565578,29.795360565185547,3869300
2010-08-09,29.63998571498242,30.15050864902923,29.588193655982984,30.0173282623291,2820600
2010-08-10,29.484608483847165,30.143112800893597,29.373626703244692,29.943342208862305,3381500
2010-08-11,29.492009331757533,29.736171510102988,29.388425206250023,29.58819580078125,3015300
2010-08-12,29.08506696800561,29.284837538372066,28.988880510616855,29.196048736572266,3496600
2010-08-13,29.040673683418802,29.23304378313555,28.729921332540478,28.74471664428711,3434100
2010-08-16,28.76691058254965,29.025870832870403,28.470953591507318,28.789106369018555,2820400
2010-08-17,29.040670001657265,29.56599099818336,28.959281685091646,29.344024658203125,3161100
2010-08-18,29.381018577790638,29.418012497378154,29.144254105484368,29.344024658203125,2261500
2010-08-19,29.16644402219135,29.31442249321179,28.5967315658127,28.78170394897461,4763400
2010-08-20,28.641124284036955,28.678118197667207,28.256381372882004,28.426555633544922,4549300
2010-08-23,28.626331361801643,28.655927627071883,27.753261293516086,28.115808486938477,5212400
2010-08-24,27.768053492409624,28.07140809046785,27.516490936279297,27.516490936279297,5303000
2010-08-25,27.316723391883986,27.66447241616737,27.250136035698564,27.583084106445312,5689400
2010-08-26,27.745866307081286,27.89384482521015,27.449909270823564,27.47950553894043,3598200
2010-08-27,27.649686644499667,27.738475470678665,27.353732357938178,27.523906707763672,3928800
2010-08-30,27.346321046928313,27.62747990689215,27.2279388146996,27.301929473876953,2601900
2010-08-31,27.087356530667453,27.272328915801808,26.968974317079653,27.0799560546875,5827600
2010-09-01,27.353725984492872,27.990031644901663,27.353725984492872,27.671878814697266,5251900
2010-09-02,27.65708048351721,28.130609486276043,27.5386982328275,28.108413696289062,3656500
2010-09-03,28.463560251883077,28.55974388946639,28.167603215973962,28.54494857788086,2960900
2010-09-07,28.567138275168148,28.72251441577822,28.32297334924814,28.374765396118164,2669400
2010-09-08,28.389568032381717,28.611534385972508,28.182399812024354,28.21199607849121,3287800
2010-09-09,28.500553668483175,28.500553668483175,28.20459663784173,28.27118682861328,3693800
2010-09-10,28.359970769396266,28.80390341679756,28.359970769396266,28.722515106201172,3566600
2010-09-13,28.855698707814,28.97408094858887,28.774310388070912,28.92228889465332,2373400
2010-09-14,28.759519021913654,29.08507237748453,28.759519021913654,29.01108169555664,2492400
2010-09-15,28.996274630153238,29.38841806747589,28.766910642946172,29.329225540161133,3281100
2010-09-16,29.277427178465217,29.54378784905045,29.262629049826653,29.499393463134766,2516000
2010-09-17,29.48460016086721,30.017321589239515,29.41061232801768,30.009923934936523,8160900
2010-09-20,29.943336975817502,30.76461499204145,29.943336975817502,30.742416381835938,4442000
2010-09-21,30.646240394354283,30.76462549598998,30.39468052074694,30.735029220581055,4646200
2010-09-22,30.76461217575524,31.26773452758789,30.33547483549907,31.26773452758789,4965700
2010-09-23,30.942192824136246,31.437920483670116,30.860804490298165,31.393526077270508,4480000
2010-09-24,31.445321369569132,31.600697574241085,30.868208139384148,31.001388549804688,5328900
2010-09-27,30.949592389581237,31.215950352749775,30.838607788085938,30.838607788085938,3449400
2010-09-28,30.956986512846672,31.060570623777547,30.705423890962262,31.016176223754883,3353300
2010-09-29,31.06057586457402,31.4453189289881,31.02358193620755,31.297340393066406,3360800
2010-09-30,31.356542699570266,31.667295181551285,31.008793455247677,31.437931060791016,4488900
2010-10-01,32.42937249962884,33.44302077318894,32.42937249962884,32.83631134033203,13329900
2010-10-04,32.754922051893374,32.98428890784845,32.629139317190386,32.84370803833008,4854300
2010-10-05,32.59214819737558,33.59100121499257,32.577350061286154,33.406028747558594,12356000
2010-10-06,33.30984327528913,33.591002224526285,33.287647481715865,33.443023681640625,6644000
2010-10-07,33.45781501841438,33.96094026849996,33.406022962298685,33.91654586791992,6511000
2010-10-08,33.783356835783884,33.901739051220986,33.450405972849964,33.87214279174805,5626700
2010-10-11,33.65018475533438,33.84255766670197,33.55399829965058,33.70937728881836,2699000
2010-10-12,33.59100092919664,33.923949109780345,33.48001632069818,33.83516311645508,3627200
2010-10-13,33.96966447903471,33.999554881733424,33.521319840576766,33.812744140625,4752000
2010-10-14,33.708125254031195,34.06680147820901,33.67076368181574,33.947242736816406,3655200
2010-10-15,33.89493906969408,34.00702379660511,33.752961091565744,33.84263229370117,3028700
2010-10-18,33.72307045301843,34.05185627922178,33.64834445808227,33.947242736816406,3002800
2010-10-19,33.588563516171924,34.04438206785012,33.37186242594704,33.96218490600586,5567800
2010-10-20,33.89494626201153,34.186370604526516,33.80527789135448,34.044395446777344,3341200
2010-10-21,34.05186686740649,34.35076523908093,33.88747247793493,34.186370849609375,2971800
2010-10-22,34.17141227362151,34.21624786697893,33.96965637927064,34.10416030883789,2082600
2010-10-25,34.17889201932017,34.290976745719206,33.99955246637403,34.021968841552734,3297500
2010-10-26,33.820216087840315,33.94724887695595,33.60351778959371,33.66329574584961,2965600
2010-10-27,33.43165379523016,33.64088092758062,33.267259419522865,33.52879333496094,2732700
2010-10-28,33.655812394536774,33.81273267975816,33.446582497070196,33.55867004394531,2883400
2010-10-29,33.581083300045236,33.59602849494343,33.304604320689734,33.409217834472656,3699700
2010-11-01,33.31208755545907,33.61845700933385,33.28966833165977,33.603511810302734,2292600
2010-11-02,33.610979955397596,33.835152219650475,33.55867318875542,33.61845397949219,1884300
2010-11-03,33.610977967927575,33.902402179274446,33.5885615979793,33.87998580932617,4024700
2010-11-04,33.969662768855564,34.149002325513436,33.74549046091239,34.126583099365234,4490000
2010-11-05,33.969662768855564,34.15647350055914,33.902410791422064,34.126583099365234,3570000
2010-11-08,33.90241676839522,33.924835998495915,33.41671049063958,33.610992431640625,3223400
2010-11-09,33.678235952755344,33.9621890417489,33.54373200799552,33.850101470947266,5090300
2010-11-10,33.588570634603876,34.02944408206251,33.37934067361134,33.99955368041992,4313900
2010-11-11,33.20001197047843,33.50638153492767,32.93100399183884,33.05803680419922,5355200
2010-11-12,32.8413250723869,32.968354993459194,32.33319968708698,32.40045166015625,4544500
2010-11-15,32.45276885226016,33.222428351862966,32.45276885226016,33.05803680419922,3787800
2010-11-16,33.02813456518092,33.02813456518092,32.55737077118197,32.84132385253906,4076800
2010-11-17,32.83385615189335,33.214951675368646,32.699352184843924,32.95341491699219,2275500
2010-11-18,33.20747279585715,33.39428351717825,33.12527847290039,33.12527847290039,3120100
2010-11-19,33.110332381095795,33.15516512868155,32.83385046862549,33.035606384277344,2348000
2010-11-22,32.93099323236672,32.95340960642721,32.61715259349853,32.8338508605957,2586400
2010-11-23,32.534949776980724,32.76659320343361,31.548589582362073,32.66197967529297,3471600
2010-11-24,32.87868148727101,33.14021531344506,32.78901315408346,33.02065658569336,4585700
2010-11-26,32.83384789631847,32.96835182954891,32.624620822628934,32.759124755859375,758500
2010-11-29,32.654524957312304,32.87122614652057,32.54243734896147,32.80397415161133,2182700
2010-11-30,32.62462237272213,32.67692914362976,32.176277807655204,32.37055969238281,2863000
2010-12-01,32.70683087049342,32.923532053889424,32.31079293915371,32.87869644165039,3647700
2010-12-02,32.81143420177627,33.229891233807564,32.789017827910335,33.11033248901367,4517600
2010-12-03,32.975835020305745,33.09539378857752,32.92352823734347,33.043087005615234,2973800
2010-12-06,33.1476948472972,33.229892020759344,32.94593892620976,33.12527847290039,2431300
2010-12-07,33.31208455322875,34.05185331031375,33.30461052913416,33.61845397949219,3842100
2010-12-08,33.77538942387918,33.9397809711064,33.52879782727894,33.6334114074707,3055100
2010-12-09,33.678241900309175,33.69318710242239,33.20000683470953,33.334510803222656,2798400
2010-12-10,33.401761354495136,34.17142070201845,33.37934212703421,34.11911392211914,3904200
2010-12-13,34.19384167499931,34.67955081135547,33.9995597307605,34.298458099365234,4971700
2010-12-14,34.44788912264036,35.112937554676776,34.43294677630681,34.80656814575195,4349000
2010-12-15,34.649666314483085,34.821531908068266,34.41054871901617,34.44791030883789,3142600
2010-12-16,34.73184614804176,34.97843764842137,34.373169934266556,34.87382125854492,3437400
2010-12-17,37.601261138916016,38.43070118397385,37.27994647550613,37.601261138916016,18135600
2010-12-20,37.362144209349715,37.42939618294676,35.97974601380593,36.38325500488281,5259100
2010-12-21,36.181493061540245,36.63731160110239,36.12918629639425,36.41313934326172,4734400
2010-12-22,35.91248692576171,36.59994887478144,35.86765133541071,36.34588623046875,2920100
2010-12-23,36.218865553619295,36.36084068344879,36.061942372696066,36.12172317504883,1472200
2010-12-27,35.62106404152163,36.21138655643191,35.50150530373646,36.054466247558594,2168700
2010-12-28,36.05446663050204,36.061937804596965,35.62853844446192,35.85271072387695,1254800
2010-12-29,35.897552258837365,36.48040085184372,35.882607057669816,36.33095169067383,2402600
2010-12-30,36.33842265498684,36.712044101181014,36.18149948120117,36.18149948120117,1618800
2010-12-31,36.241281599778084,36.24875277475149,35.934912116769254,36.23381042480469,1868500
2011-01-03,36.360839489932715,36.891381266123915,36.2786423146485,36.30853271484375,2508700
2011-01-04,36.428092305241215,36.51776065738949,35.949857293109694,36.06941604614258,3169400
2011-01-05,35.97227928386224,36.26370361171519,35.62854817154882,36.0768928527832,3041600
2011-01-06,36.00216054955186,36.29358480342099,35.777988265845245,36.211387634277344,3859000
2011-01-07,36.144123587393125,36.390715012431265,35.89753501285928,36.271156311035156,2914600
2011-01-10,36.03204150796148,36.390717638028356,35.934899165285714,35.94984436035156,3177900
2011-01-11,35.99468015772735,36.450498669254266,35.93490222288212,36.44302749633789,3696100
2011-01-12,36.59995823838563,37.30983958944681,36.577541862727614,37.27994918823242,5374300
2011-01-13,36.95116254970796,37.27247722974498,36.78676819698981,37.2650032043457,4260200
2011-01-14,37.04082979973056,37.362144470214844,37.02588459988183,37.362144470214844,3432500
2011-01-18,37.07071818817317,37.683457096200385,36.95863062064162,37.62367630004883,3670600
2011-01-19,37.52654569697308,37.62368523803823,37.22017617017745,37.511600494384766,4065700
2011-01-20,37.242585521020224,38.22147472704105,37.220169146620755,38.2140007019043,5312500
2011-01-21,38.26630450959198,38.47553443962149,38.07949380272949,38.13927459716797,4012400
2011-01-24,37.832913760048314,38.48301436970559,37.832913760048314,38.46059799194336,2437100
2011-01-25,38.37839202869785,38.692232647614624,38.00477061541303,38.64739990234375,3370900
2011-01-26,38.580143596801555,39.39463830021822,38.580143596801555,39.11815643310547,5928800
2011-01-27,39.095746655579255,39.23025059996241,38.62498285023821,39.12563705444336,4442800
2011-01-28,38.96870757281652,39.207825006491134,38.393330357254264,38.49794387817383,2755100
2011-01-31,38.29620362033809,38.72213190085553,38.00477930740572,38.46059799194336,2886300
2011-02-01,38.7296010450022,39.22278124714369,38.61751346930872,39.13311004638672,3427000
2011-02-02,39.11816608288332,39.454425970088316,39.021026554750634,39.275089263916016,2378800
2011-02-03,39.20783635039662,39.46937022836447,38.811795670252536,39.43947982788086,2514500
2011-02-04,39.364754829033615,39.43947797622896,39.17794411053991,39.26761245727539,1757700
2011-02-07,39.19288164004717,39.43947025793877,39.170462419871726,39.35727310180664,2193800
2011-02-08,39.47684354456221,39.52167629397674,39.19289044607994,39.33486557006836,2362800
2011-02-09,39.08827544464146,39.41706128032386,39.02102347251264,39.37969970703125,2612100
2011-02-10,39.230258510341685,39.813107153190586,39.20036810545049,39.59640884399414,2993400
2011-02-11,39.43947158656554,39.506723548347864,39.02848864256458,39.155521392822266,2517000
2011-02-14,38.92388829498755,39.30498097380958,38.856636310430034,39.16300582885742,2817900
2011-02-15,39.09574023519841,39.18540856655989,38.82673239060911,38.849151611328125,2380600
2011-02-16,39.04343858855201,39.97749214330206,38.901463474411884,39.910240173339844,2199700
2011-02-17,39.95508368558507,40.76210463450398,39.86541247420069,40.381011962890625,3365100
2011-02-18,40.358572460301254,40.425824409802026,39.992425174522666,40.05967712402344,2162500
2011-02-22,39.708487423969366,39.78321342460018,39.06585807107172,39.13311004638672,2861700
2011-02-23,38.97619259323985,39.110696553782354,38.296201615166396,38.303672790527344,2817000
2011-02-24,38.31114263933547,38.78937762445328,38.25883586599479,38.66981887817383,2720100
2011-02-25,38.81926911908471,39.14058379324763,38.67729114414897,38.99113464355469,1782500
2011-02-28,38.98365991864866,39.11816386590781,38.37092098135938,38.46806335449219,2443500
2011-03-01,38.73707208630744,38.99860596135026,38.17663991078245,38.228946685791016,3309000
2011-03-02,38.11685729829885,38.41575558457053,38.10938612386945,38.221473693847656,2161700
2011-03-03,38.6623444883605,39.626285552978516,38.557728099873984,39.626285552978516,3510900
2011-03-04,39.476838679994565,39.63375898461966,39.21530198844765,39.34233474731445,2912600
2011-03-07,39.31246187659595,39.67860941728354,38.95378551305232,39.148067474365234,2082900
2011-03-08,39.15554647002693,39.57400085533434,38.834231652447755,39.05093002319336,3546200
2011-03-09,39.04344453742545,39.163003296629874,38.60257107838932,38.88652420043945,3030300
2011-03-10,38.5726757579863,38.79684804659966,38.385865042390954,38.40081024169922,2529500
2011-03-11,38.29619414811556,38.66234438053443,38.12432864326756,38.54278564453125,1491000
2011-03-14,38.243896060782184,38.52784919218761,38.03466893790754,38.44565200805664,1889000
2011-03-15,37.67599359623473,37.922585173487505,37.07819972025141,37.377098083496094,3807700
2011-03-16,37.33226198668225,37.57137953395517,36.40568220362621,36.5999641418457,3715200
2011-03-17,37.08565939565729,37.167856556266116,36.54017251675905,36.62984085083008,3353800
2011-03-18,37.481705845926136,37.892688893806884,37.32478551227259,37.54895782470703,6382700
2011-03-21,37.97488135117611,37.97488135117611,37.49664638398465,37.62367630004883,4504500
2011-03-22,37.57136952866884,37.87026780841613,37.548953155364636,37.62367630004883,3388300
2011-03-23,37.58631770560448,37.92257758433515,37.317309802619945,37.862796783447266,2987600
2011-03-24,37.74322636882656,38.893980775764824,37.74322636882656,38.82672882080078,4669300
2011-03-25,42.196815372288455,42.42845889031702,40.08959022796207,40.56782531738281,11769900
2011-03-28,40.50055931857277,40.61264402547034,40.02979556818899,40.037269592285156,4235800
2011-03-29,39.85046441850317,40.59023327824412,39.84299039337143,40.55287170410156,3642000
2011-03-30,40.70979424913176,41.075944536938714,40.37353436247344,40.94144058227539,4639000
2011-03-31,40.95637663638065,41.21043928839514,40.814398687884214,41.07593536376953,5481200
2011-04-01,40.956380328483654,41.21044300340119,40.75462442335751,41.00121307373047,4197800
2011-04-04,40.956390981482215,41.344957694219005,40.77705140233219,41.150672912597656,2993400
2011-04-05,41.038565558409104,41.352408958173164,41.00120399547409,41.04603958129883,3599300
2011-04-06,41.02363200364218,41.26274947826663,40.78451452901773,40.85923767089844,2426400
2011-04-07,40.814411172606526,41.098364305952906,40.478151258183935,40.97880554199219,2407800
2011-04-08,41.06847070502529,41.359894991334635,40.9489119503726,41.1730842590332,2524100
2011-04-11,40.90408283724563,41.84560775756836,40.881663609031555,41.84560775756836,3899700
2011-04-12,41.54670415072963,41.98757757629031,41.367367450792834,41.726043701171875,3916900
2011-04-13,41.83903105905444,42.878601584718986,41.80889783039849,42.599876403808594,5680400
2011-04-14,42.26842883064201,42.72041586550229,41.48498195479827,41.85410690307617,5409100
2011-04-15,41.77877324271488,41.83150496693769,41.055592847376104,41.18365478515625,4659500
2011-04-18,40.73919532243963,41.13845055652564,40.71659396342478,41.04805374145508,2525900
2011-04-19,41.07818526835965,41.97463019504549,40.94258860505696,41.73357009887695,3571300
2011-04-20,41.974636450595526,42.547153545903235,41.63564474181832,42.223228454589844,3738000
2011-04-21,42.35127939374148,42.863532725065205,41.90682438196538,42.79573440551758,3286400
2011-04-25,42.69029017172794,42.93135322305744,42.291034791281426,42.59236145019531,1962300
2011-04-26,42.59989621651475,42.88615627455671,42.35130414864309,42.712894439697266,2900000
2011-04-27,42.59988985417352,42.999148075768325,42.59988985417352,42.84095001220703,2870400
2011-04-28,42.66016109620562,43.11968297181147,42.637559728221284,42.93135452270508,3162100
2011-04-29,42.984083910334626,43.59426621295997,42.86355382443768,43.03681564331055,4215700
2011-05-02,43.02927574127432,43.85038775109185,43.02927574127432,43.73739242553711,4686500
2011-05-03,43.19501296866939,43.31554306049987,41.793848855100016,42.14790725708008,5950000
2011-05-04,42.03490237018492,42.547155897614644,41.93697078808887,42.117767333984375,4580400
2011-05-05,41.899305817724716,41.92190718207614,41.085728542663766,41.379520416259766,4243100
2011-05-06,41.40210709823788,41.77123195828414,41.22131347697412,41.54523849487305,3646200
2011-05-09,41.50756589842274,42.11021889859247,41.371969260750795,41.989688873291016,1988900
2011-05-10,42.17801752670194,43.097057898741014,42.17801752670194,42.908729553222656,4150100
2011-05-11,42.7957424983539,42.916272547713206,42.04242897144253,42.396484375,2062500
2011-05-12,42.16296483563548,42.75054854808979,41.98970304539032,42.637550354003906,2844800
2011-05-13,42.53207255031631,42.938862463332136,41.93695429316306,41.989688873291016,2919000
2011-05-16,42.46428430957677,42.93887265406315,42.24582556251378,42.29855728149414,3098900
2011-05-17,42.185561956187996,42.7580790326101,42.14036210528756,42.74301528930664,4159100
2011-05-18,42.908745754650155,42.92381237281995,42.509490430972946,42.87861251831055,2500200
2011-05-19,42.82588222530764,42.976545538386105,42.66015516721864,42.893680572509766,2449100
2011-05-20,42.85599766688003,43.43604931348667,42.788199347830876,43.255252838134766,2985500
2011-05-23,42.80328256964782,42.886147533269785,42.4266257340306,42.44169235229492,3187200
2011-05-24,42.68274221608452,42.773139030232706,42.05749351387042,42.479347229003906,2648200
2011-05-25,42.41155469533665,42.803278108390025,42.275958018754196,42.6300163269043,3360900
2011-05-26,42.44168246537266,43.05186743144696,42.35881752105434,42.96146774291992,3700800
2011-05-27,43.12722058984698,43.50387753822992,42.87109375,42.87109375,3054200
2011-05-31,43.33812180932372,43.360723166888526,42.90873337320821,43.23265838623047,3484200
2011-06-01,43.28539923861948,43.45866102367039,42.878609200501685,42.92380905151367,3103000
2011-06-02,43.014193103026585,43.210056192236394,42.45674280777945,42.79573440551758,2670600
2011-06-03,42.30609164362618,42.30609164362618,42.02736641636673,42.049964904785156,3223600
2011-06-06,41.86163744128959,42.14036267478401,41.718508888665625,42.019832611083984,3059700
2011-06-07,42.185566750320646,42.93888044229066,42.15543351296256,42.38896179199219,2917400
2011-06-08,42.16295060505795,42.44920761910985,41.75616069204212,41.989688873291016,2153100
2011-06-09,42.14789504456553,42.562216935577446,41.95203190605306,42.44921875,2810800
2011-06-10,42.193101987641285,42.34376531278311,41.718516392890805,41.839046478271484,2320200
2011-06-13,41.95956218533282,42.40401726168426,41.95956218533282,42.1328239440918,3454600
2011-06-14,42.486897657434746,43.277876538967334,42.33623432912759,43.02928161621094,6633700
2011-06-15,42.68275777555959,42.72042288904644,41.71851707670904,41.74111557006836,4066500
2011-06-16,41.73356301600389,41.73356301600389,40.35499813094612,40.663856506347656,4903800
2011-06-17,40.88233748290038,41.025466060620765,40.4830821156998,40.64127731323242,5761800
2011-06-20,40.42280260454527,40.701527797053664,40.302272558568966,40.64879608154297,4407700
2011-06-21,40.904915406544234,41.68083013155026,40.87478218207241,41.27404022216797,6186900
2011-06-22,41.29666502458756,41.967113891260375,41.20626816721907,41.62059020996094,3072600
2011-06-23,41.38704878786726,41.96710061365403,40.98026162157679,41.95203399658203,5209900
2011-06-24,42.77314481878808,43.09706989312453,42.27595796319362,42.953941345214844,10466100
2011-06-27,42.54713975178013,43.556579805279576,42.09515286905725,43.53398132324219,6833900
2011-06-28,45.80900144444687,45.93706337818972,44.82969145709477,44.935157775878906,29562100
2011-06-29,44.49823602626076,45.259084404070194,44.49823602626076,45.131019592285156,14051400
2011-06-30,45.19128318582731,45.56793997797113,45.11595010320058,45.51520538330078,9807200
2011-07-01,45.34193365688547,45.88432023815898,45.30426856066651,45.85418701171875,8136500
2011-07-05,45.64327659580276,46.77324713089575,45.620678104673274,46.517120361328125,89655900
2011-07-06,46.20825232627314,46.82596919473823,46.10278889121761,46.78076934814453,15294600
2011-07-07,47.22522555964623,47.95594062495684,47.15742722499202,47.79021072387695,13973000
2011-07-08,47.35330334289869,47.88815542202319,47.09717654993339,47.782691955566406,9067400
2011-07-11,46.80336341333494,46.91635870171271,46.215776993852536,46.32124328613281,13542400
2011-07-12,46.200721619204984,46.36644864689728,45.974725254206405,45.98979187011719,7971300
2011-07-13,46.087732398273474,46.25346233185442,45.537813742084715,45.70354080200195,11420100
2011-07-14,45.71860365361414,46.32878873488513,45.50014488258835,45.82406997680664,9897800
2011-07-15,45.816524435141055,45.92952260367482,45.349470894282895,45.72612762451172,7208000
2011-07-18,45.31181496107362,45.718602128016606,44.648898177159175,45.18375015258789,7102900
2011-07-19,45.417286053812624,46.40412521362305,45.319354463030876,46.40412521362305,6417400
2011-07-20,46.306192376489705,46.48698604867065,46.110329212352795,46.24592590332031,5110500
2011-07-21,46.32877839297201,46.73556835634548,46.24591345150747,46.50957489013672,5869700
2011-07-22,46.404119371066486,46.52464943929016,45.921999098171796,46.16305923461914,4489300
2011-07-25,45.28921688564297,46.449320623276556,45.206351922431494,46.087730407714844,4539900
2011-07-26,46.012406894239305,46.494527251897786,45.67341511974068,46.20826721191406,4975300
2011-07-27,45.824066652116564,45.95212858192093,44.96528675326582,45.0104866027832,5126200
2011-07-28,44.91256215497601,45.477547432059225,44.74683509445626,44.965293884277344,4901400
2011-07-29,44.573559026509045,45.010482241855165,44.25716873153123,44.550960540771484,7036800
2011-08-01,44.920092567635756,45.22141629547867,43.92571880579357,44.41537094116211,5996500
2011-08-02,44.091441872494286,44.995418721795176,43.684654732922596,43.6997184753418,5178800
2011-08-03,43.805196428047935,44.942698944730544,43.729863327618126,44.897499084472656,5391900
2011-08-04,44.17430952621169,44.47563611896488,42.92380905151367,42.92380905151367,8561100
2011-08-05,43.27033822349742,43.66959644163383,41.80891066887027,43.097076416015625,9210700
2011-08-08,41.582914577204804,41.94450478890841,39.83522711713891,40.0461540222168,12495400
2011-08-09,39.96328712655532,41.43224926617984,39.036711715078546,41.34938430786133,11745900
2011-08-10,40.49814030703706,40.550874905978645,38.87851769383533,39.01411437988281,11307100
2011-08-11,39.27777587688372,41.34185668027688,39.051782341509046,40.67893981933594,8486900
2011-08-12,40.98026687759975,41.537717412444,40.41528159642144,41.13846206665039,4685400
2011-08-15,41.37198135469622,41.74863815307617,40.78439766879574,41.74863815307617,4741200
2011-08-16,41.41718764152207,42.01230616512691,40.80700249880099,41.29665756225586,5251400
2011-08-17,41.6055116274813,41.70344320444822,40.859732739673305,41.07065963745117,4445600
2011-08-18,39.45855994055216,39.45855994055216,36.43777134895915,36.8068962097168,12560000
2011-08-19,36.543247137761256,37.221230632350576,35.70707132598613,35.73720169067383,9329800
2011-08-22,36.4829852776956,37.19109917080274,36.3775218120907,36.53571701049805,5080300
2011-08-23,36.75416282587318,38.01972961425781,36.55829972542695,38.01972961425781,5007200
2011-08-24,37.846472637233596,38.486787981934356,37.590345924620685,38.40392303466797,5640800
2011-08-25,38.59979591268118,38.78812434090264,38.03481062801682,38.23067092895508,6053900
2011-08-26,38.09507098518414,39.11204326147223,37.28902561096149,38.8709831237793,5166500
2011-08-29,39.36062922985899,39.92561433842157,39.29283090188497,39.89548110961914,3740000
2011-08-30,39.86535195071785,40.94259056424675,39.699624922710974,40.70153045654297,4095800
2011-08-31,40.85973020664591,41.05559047477427,40.1064166199528,40.37007522583008,5314400
2011-09-01,40.38514032792883,40.724132003960925,39.78249005590686,39.85028839111328,5462100
2011-09-02,39.2627159238328,39.654439459363196,38.75046229072877,38.77306365966797,4194900
2011-09-06,37.29653853825333,38.29844656147183,37.14587818397084,38.20804977416992,4405600
2011-09-07,38.863442038044994,39.345562199130875,38.803175581077845,39.32296371459961,3689300
2011-09-08,39.225042859296686,40.09888660806168,39.051781058745235,39.30037307739258,4000300
2011-09-09,38.8408535573416,38.88605053804504,37.37942320977419,37.530086517333984,6330900
2011-09-12,36.9726267246123,37.68074035644531,36.5733686288552,37.68074035644531,5309400
2011-09-13,37.86907860193552,38.41899723715716,37.46228852974518,38.313533782958984,3891400
2011-09-14,38.43405854058675,39.051775435752745,37.77867654179614,38.62238693237305,5886900
2011-09-15,39.15724596034693,40.226952913547116,38.49432909668753,39.94069290161133,7980600
2011-09-16,40.31733737833213,41.628101210752774,40.28720414976404,41.44730758666992,10390600
2011-09-19,40.754267399081364,41.409652344962645,40.07628683688961,41.130924224853516,6136900
2011-09-20,41.13846225491186,41.808910998525434,40.70907366914442,40.995330810546875,6601100
2011-09-21,41.19871307453126,41.98969452530837,40.18174102876479,40.21940612792969,4991000
2011-09-22,38.863445890192075,39.240102662582515,37.28148859561748,37.93687057495117,8981300
2011-09-23,37.876605327162935,38.36626029644481,37.236289943021916,37.97453689575195,6435300
2011-09-26,38.33614058732759,39.17985127754868,37.80128845438073,39.11205291748047,5751500
2011-09-27,40.20434960755347,41.30418974547787,40.04615442714546,40.415279388427734,8994300
2011-09-28,41.52265298301475,42.41156343550249,40.41528372760272,40.550880432128906,8554700
2011-09-29,41.19119159477485,41.439783610901586,40.204349655208496,41.01039505004883,4609600
2011-09-30,39.97834301334984,40.67139285481446,39.68455123901367,39.68455123901367,5464200
2011-10-03,39.60170751522094,40.58101491211923,38.87852693354197,38.88605880737305,5348700
2011-10-04,38.034811408694964,41.00286646386651,37.92181319997726,40.87480163574219,9000000
2011-10-05,40.62620109384377,41.35691617692485,40.37760623617829,41.31924819946289,5419900
2011-10-06,41.14598402915874,41.69590255888275,40.43787034848598,41.65823745727539,5652200
2011-10-07,41.8013753235965,42.923811042659686,41.650712020230955,42.12529754638672,5928100
2011-10-10,42.080089728621765,43.240193129972994,41.982158175608284,43.23265838623047,3443500
2011-10-11,42.37388953474409,43.413463095955535,42.328689684721574,42.953941345214844,3720200
2011-10-12,43.60574035255527,44.43668900647188,43.460894250880386,43.77345275878906,5155200
2011-10-13,43.34654808556499,43.8268219388868,42.828157905999376,43.59049606323242,3107000
2011-10-14,44.1622442984086,44.848349719527576,44.1622442984086,44.825477600097656,2586500
2011-10-17,44.086009372788304,44.42905915749846,43.78107299961396,44.017398834228516,3213400
2011-10-18,43.62862199507865,44.21562285435729,43.09498458590808,43.81158447265625,3680500
2011-10-19,43.39228367629678,44.406194754997514,43.39228367629678,43.712467193603516,3221600
2011-10-20,43.52950702012181,43.85731265590107,43.056858183359104,43.52188491821289,2826400
2011-10-21,44.086022948527834,44.52055552385243,43.68198169343907,44.276607513427734,3184400
2011-10-24,44.35283364827171,44.7111335081374,44.131754887584826,44.497676849365234,3188400
2011-10-25,44.29183996829143,44.688256107079546,43.39228082798163,44.3452033996582,3702400
2011-10-26,44.8407247747942,44.901713215909716,43.56762160144147,44.37569808959961,3866500
2011-10-27,45.38960912598293,46.792311283079016,44.71112871286001,46.616973876953125,5495400
2011-10-28,46.19006279076366,47.188726688039026,45.90799852515492,47.08199691772461,4129200
2011-10-31,46.02997830780372,46.70083378592901,45.885132198137484,45.93849563598633,4063600
2011-11-01,43.53712647989682,44.49767114287666,43.19407377594371,43.8039436340332,3813000
2011-11-02,44.46719396979987,44.810243874740046,44.13176326013066,44.58154296875,2687900
2011-11-03,45.22190068468382,45.45060155746916,44.5891615063747,45.145668029785156,3419000
2011-11-04,44.69588624025511,44.71113335212058,44.02502785862067,44.39857482910156,2628500
2011-11-07,44.2765989490044,44.49767479137743,43.81919433686662,44.21561050415039,2593800
2011-11-08,44.40618906945742,44.955073367084594,44.02502006456937,44.89408493041992,1973400
2011-11-09,43.90305520994341,44.05552342515607,43.17121126662986,43.23219680786133,2953900
2011-11-10,43.87256686959141,43.94117743023487,42.88152769992226,43.45328140258789,2547500
2011-11-11,44.086016908122225,44.99319826583683,44.02502845982749,44.955081939697266,2189300
2011-11-14,44.52054010461587,44.68063038574462,43.78107131832306,43.84968185424805,2172800
2011-11-15,43.64386032940072,44.436692725902454,43.49901712369129,44.16225051879883,2292600
2011-11-16,43.887809768627314,44.54342108334139,43.3617974596097,43.3999137878418,2484900
2011-11-17,43.22457651159073,43.55238217016184,42.20304320750413,42.46223831176758,3889600
2011-11-18,42.60708109113545,42.66044453193525,41.80662657104907,42.00483322143555,3446800
2011-11-21,41.53981357996944,42.22591627758889,41.04429254161396,41.97434616088867,4016400
2011-11-22,41.989580480962,42.469851350529474,41.75325464253995,41.79899597167969,3326100
2011-11-23,41.349223988239004,41.47882008240913,40.67836557840544,40.88419723510742,2567300
2011-11-25,40.85371098344405,41.27299648088776,40.5487744899814,40.93756866455078,1439400
2011-11-28,41.76850441901324,42.462231960769174,41.50168434412926,42.14967346191406,2332500
2011-11-29,42.40886617693708,42.62231989854258,42.02007214619696,42.36312484741211,2884300
2011-11-30,43.55238056306263,44.21561395817016,43.26269124355443,44.16225051879883,3630900
2011-12-01,43.99452805830815,44.82547664706823,43.69721668484067,44.1927375793457,2570000
2011-12-02,44.772123458536164,45.14567046712124,44.406201460706235,44.505306243896484,3193500
2011-12-05,45.061806817704124,45.89275548628834,44.756870405932446,45.22189712524414,3612200
2011-12-06,45.641188916159535,45.69455235949583,44.764501698427864,45.10755157470703,2467400
2011-12-07,44.81786574862928,44.87885129551531,44.078396726542614,44.627281188964844,3836600
2011-12-08,44.29184200807237,44.42144099599506,43.10259644502835,43.201698303222656,3233000
2011-12-09,43.56763209195189,44.91696823351241,43.30843697097803,44.75687789916992,3320100
2011-12-12,44.52817068395823,44.55866490752901,43.986911301978395,44.38332748413086,2695600
2011-12-13,44.63489937098322,45.016068456829515,43.8878083116952,44.16225051879883,2930000
2011-12-14,43.933545028942454,44.13937666262532,42.614700479572136,42.713802337646484,5031200
2011-12-15,42.93488225694129,43.48376662844784,42.6833121920602,42.7900390625,5397900
2011-12-16,41.555044563026875,42.294513379641856,40.35055199283925,41.28060531616211,15986400
2011-12-19,41.28061622648421,41.5169392160845,40.571641441504255,40.78509521484375,5087200
2011-12-20,41.2196212852549,41.631284561699474,41.135763628043335,41.349220275878906,5814900
2011-12-21,40.92993300756148,41.01379066685821,38.94023293811619,39.6796989440918,8343700
2011-12-22,39.87790859049382,40.159972884069134,39.52723084086894,40.083740234375,4007300
2011-12-23,40.091363679840846,40.35055876881313,39.67970037828087,40.320064544677734,2342100
2011-12-27,40.12947667542261,40.51064572121209,40.10660746326373,40.350555419921875,1881600
2011-12-28,40.32006083182405,40.46490692908444,40.205711863980014,40.29719161987305,3077000
2011-12-29,40.47252370293535,41.09764061741618,40.19808156329232,41.04427719116211,3293400
2011-12-30,40.79270787431695,41.013786607291436,40.57163204943135,40.579254150390625,2332800
2012-01-03,41.10527262509255,41.23487162586662,40.34293445704776,40.365806579589844,5309600
2012-01-04,40.20571222943393,40.503023619855476,40.030371909252416,40.350555419921875,4232100
2012-01-05,40.365815007757305,40.381062123272436,39.49674978002433,39.580604553222656,5640900
2012-01-06,39.57296749503572,39.75592990398657,39.23753980472947,39.51198196411133,5586600
2012-01-09,39.45100436611036,39.565356266639284,39.26041980395524,39.443382263183594,4966700
2012-01-10,39.74831728368784,40.62500746516941,39.65683750474472,40.121864318847656,4985100
2012-01-11,39.67968999290259,41.05952273894763,39.390000755615375,40.914676666259766,6269300
2012-01-12,40.54876037092486,41.211996577054165,40.40391718641388,41.120513916015625,5096400
2012-01-13,40.91468208310405,41.181502147645205,39.94651531078361,40.59450149536133,5478400
2012-01-17,40.86131292255343,41.12813294968313,40.70884765915188,40.77745819091797,4963800
2012-01-18,40.929932387142216,42.16492222846439,40.75459496949282,41.890480041503906,6061900
2012-01-19,42.11918343062552,42.28689875677496,41.600793248062985,41.77613067626953,5753100
2012-01-20,41.87523835867597,43.15596679179152,41.74563934999347,42.54609680175781,6051000
2012-01-23,42.62232932912088,43.08735610387185,42.49273322892576,43.056861877441406,4802400
2012-01-24,42.896769037063144,43.28556022295483,42.43936439167897,43.17121124267578,4133900
2012-01-25,43.1483457534394,43.674361031092225,42.69856604911513,43.59812545776367,2972200
2012-01-26,43.62861409288918,43.76583519919586,43.10260179077318,43.39228820800781,3312400
2012-01-27,43.33891781359254,43.636232101610865,42.98824300178294,43.011112213134766,3469600
2012-01-30,42.79004109722647,43.521885021976004,42.584209448123936,43.49901580810547,3520100
2012-01-31,43.68197297136686,44.06314202505782,43.453272120770094,43.712467193603516,4542600
2012-02-01,44.20799814879125,44.61203650671249,43.91830878804728,44.53580093383789,4166600
2012-02-02,44.634902270384984,44.66539649717498,44.032654377685475,44.040279388427734,2716500
2012-02-03,44.3985713811128,44.6730106491106,44.37569926104623,44.451934814453125,2131300
2012-02-06,43.964035370230505,44.40619284942074,43.91067193765085,43.95641326904297,2729700
2012-02-07,43.78871099253831,44.230868603304465,43.51427164678569,44.18512725830078,2864500
2012-02-08,44.139391238124915,44.139391238124915,43.034000058776535,43.506649017333984,4441100
2012-02-09,43.59049357646219,43.90305208677318,43.537130141147315,43.765830993652344,3519600
2012-02-10,43.44564738789144,43.49901081952899,43.072100458339634,43.42277526855469,2558900
2012-02-13,43.62860990053151,44.02502606864847,43.44565038176313,43.765830993652344,2345900
2012-02-14,43.44564672820562,44.01740026543118,43.43802171917951,43.8039436340332,2902900
2012-02-15,44.27659845135569,44.77211647382417,43.887804390003986,44.12413024902344,3527100
2012-02-16,44.291846127223025,44.619651770109364,43.964040484336685,44.55866622924805,2107000
2012-02-17,44.794992800902705,44.970333151691115,44.32996892666113,44.54342269897461,1788600
2012-02-21,44.77211000732235,44.85596765189786,44.17748730300678,44.322330474853516,2308100
2012-02-22,44.169887266465956,44.70352474520802,43.994549777810334,44.619667053222656,2777400
2012-02-23,44.65015164508475,45.39724279073884,44.56629397121006,45.2905158996582,3683300
2012-02-24,45.0008208402367,45.740289789082105,45.0008208402367,45.473472595214844,2763100
2012-02-27,45.077052286654315,45.67167506904509,45.077052286654315,45.4810905456543,2186600
2012-02-28,45.61069361727702,45.61069361727702,45.06180921018161,45.55732727050781,2142300
2012-02-29,45.557326520562384,45.6106928664531,45.30575644351109,45.38961410522461,2257500
2012-03-01,45.595450303576804,45.67168296287345,45.32100807716562,45.49634552001953,2571300
2012-03-02,45.389617708726696,45.511591705969224,45.07705915903715,45.43535614013672,2397000
2012-03-05,45.420094110318296,46.50261254750905,45.420094110318296,46.4111328125,5433100
2012-03-06,45.953741762238764,46.19006763056389,45.2600141769951,45.3286247253418,4029600
2012-03-07,45.458221201373824,45.66405283500859,45.03131082330663,45.44297409057617,2575200
2012-03-08,45.831776939081365,46.121466302020345,45.60307603490418,45.946128845214844,1806500
2012-03-09,46.289173849572826,46.59410736769017,45.97661532135122,46.39590072631836,2206200
2012-03-12,46.43401146164105,46.677959409997854,46.08333664938926,46.616973876953125,2590500
2012-03-13,46.79232994641946,47.60040675712325,46.65510880722634,47.577537536621094,3818000
2012-03-14,47.539414974767304,47.836726434724625,47.46317940292587,47.72999954223633,2595900
2012-03-15,47.68425316307126,48.53807112089339,47.45555228788008,48.5075798034668,3290100
2012-03-16,48.62955322650956,48.7820214442101,48.12641014376032,48.49995422363281,6566400
2012-03-19,48.28651462664155,48.53808478775962,48.111177142688895,48.33987808227539,2993700
2012-03-20,48.09590945473606,48.21026132966545,47.775725949787144,48.088287353515625,3239700
2012-03-21,48.32461404922491,48.99546951610075,48.32461404922491,48.599056243896484,3394800
2012-03-22,48.15690500056313,48.49233568577777,47.79860800693329,48.42372512817383,4804800
2012-03-23,48.797272081993505,49.47575264628177,48.179777064337536,49.46050262451172,6655500
2012-03-26,49.53673265431851,50.2304573059082,49.37663653392733,50.2304573059082,4204900
2012-03-27,49.65107217354271,49.93313932922633,49.30802239775181,49.902645111083984,5455200
2012-03-28,49.651093196248375,49.81118354714628,48.99548176903993,49.17082214355469,3534200
2012-03-29,48.72104241382493,49.25467982490785,48.72104241382493,49.17082214355469,2436200
2012-03-30,49.16319713174626,49.52149707640435,48.9726125497945,49.17082214355469,2716400
2012-04-02,49.26992566050144,50.05513904968168,49.094591096372504,49.925537109375,3405700
2012-04-03,49.72732601762281,49.925529772626106,49.24704920345672,49.51386642456055,2277100
2012-04-04,49.216537869923854,49.376628146944356,48.67527860489918,49.12506103515625,2384800
2012-04-05,48.85825126271153,49.635839464935735,48.774396505537936,49.39189147949219,2726600
2012-04-09,48.82012384191962,48.86586225851682,48.37034432748634,48.59142303466797,2547400
2012-04-10,48.42371159324815,48.62954320852792,48.02729547212662,48.14164733886719,3987000
2012-04-11,48.577032109459346,49.30907869726252,48.376681031782184,49.023963928222656,3359700
2012-04-12,48.98543408417244,49.486308821523515,48.91608224268551,49.416954040527344,2924900
2012-04-13,49.01626176385336,49.01626176385336,48.091571448672134,48.1994514465332,4975800
2012-04-16,48.338165468965094,48.43834103388703,47.59841423456488,47.68317794799805,4144900
2012-04-17,48.0761531201598,49.54795355962049,48.0761531201598,49.455482482910156,4837000
2012-04-18,49.08560596372,49.2782496268904,48.5770268105305,48.977725982666016,3650700
2012-04-19,49.00085077511501,49.09331892640215,48.24568783733274,48.584739685058594,3079700
2012-04-20,48.69261205326397,49.23972229977948,48.57702761714787,48.854434967041016,2696600
2012-04-23,48.384392003735826,48.66950385435294,47.97598536419288,48.56932830810547,2992700
2012-04-24,48.66948905911179,49.07789263499288,48.315025467233546,48.407493591308594,3056800
2012-04-25,48.946906110302145,49.43236900243374,48.723438738105614,49.363014221191406,2839900
2012-04-26,49.28596102042585,49.82536688067232,49.247432870268085,49.57877731323242,2152100
2012-04-27,49.848478948101516,50.24146781003092,49.6481278810864,50.10276412963867,3872300
2012-04-30,49.94094432284642,50.20294277739632,49.78683173477122,50.048824310302734,2033100
2012-05-01,49.971761572327864,50.5805162110563,49.933236369786144,50.08734893798828,2234000
2012-05-02,49.740594076601234,50.395581327850266,49.67123930370641,50.187522888183594,2637200
2012-05-03,50.156703150992534,50.22605792935354,49.363012170417,49.478599548339844,2600000
2012-05-04,49.093308863321205,49.27054067508845,48.24567794799805,48.24567794799805,3376300
2012-05-07,47.40575732498391,47.660045455100324,46.29613078177634,46.40401077270508,5852800
2012-05-08,46.5504250135217,46.5504250135217,45.124862764519435,45.72591018676758,7419500
2012-05-09,45.16339081304394,46.018729336264684,44.947630803406156,45.63344192504883,5242000
2012-05-10,46.04183363007172,46.064949928071584,45.00155906695316,45.232730865478516,5095200
2012-05-11,45.01696480543675,45.656543107185115,44.75497227451373,45.16337585449219,3237300
2012-05-14,44.85515446499568,45.59490550257578,44.6162781792511,45.317501068115234,4031800
2012-05-15,45.08632641286621,46.28842405666042,44.97074196642077,45.409969329833984,5149000
2012-05-16,45.71049294545479,46.326952144209905,45.49473296076783,45.55637741088867,3839200
2012-05-17,45.540957971983026,45.648840885852174,44.99385070800781,44.99385070800781,2823300
2012-05-18,45.25584496826985,45.4022530810154,44.338862271478476,44.42362594604492,4276900
2012-05-21,44.60855559991663,45.60259737174181,44.42361937323325,45.5178337097168,3185300
2012-05-22,45.67196485709005,45.964784079201976,45.11715010772206,45.409969329833984,3102400
2012-05-23,45.08632309135117,45.56408150789234,44.70103575256519,45.394554138183594,3973100
2012-05-24,45.456201663591855,45.74901792552601,44.44674777463502,44.68562698364258,5800800
2012-05-25,44.63938166245918,44.90137711380927,44.24638701567981,44.26179885864258,4480700
2012-05-29,44.59315865603561,45.27896969316872,44.52380681298231,45.00926971435547,4218300
2012-05-30,44.72414556034642,44.9013773460723,44.36968198889466,44.477561950683594,3133600
2012-05-31,44.61627130768519,44.64709205820551,43.313998329285866,43.99980926513672,5136400
2012-06-01,43.42189653951796,43.53748395591292,42.33538599554372,42.597381591796875,7582100
2012-06-04,42.55883702036263,43.329411660469525,42.55883702036263,43.24464797973633,4454500
2012-06-05,42.94412997463237,43.891936553573814,42.90560182547397,43.722412109375,3951500
2012-06-06,44.21558739188025,45.01698303222656,44.03064812748655,45.01698303222656,4011900
2012-06-07,45.656545507795435,45.656545507795435,45.21731821655203,45.356021881103516,4154600
2012-06-08,45.124861033477764,45.371444732608005,44.70874993887939,45.101741790771484,3003700
2012-06-11,45.44849660386632,45.4639084509976,44.061462696652995,44.09999084472656,3790900
2012-06-12,44.10769074149859,44.57773877132152,44.02292706643762,44.19245147705078,4460000
2012-06-13,44.31574815759576,44.46986368012106,43.73011269941057,43.86881637573242,3202200
2012-06-14,44.02293054616919,44.785797803000136,43.9227550186781,44.570037841796875,3059100
2012-06-15,44.81662064961025,45.57949083156914,44.562332548629925,45.525550842285156,3884400
2012-06-18,45.23273339797116,45.5640807388956,45.07091342389432,45.371437072753906,2402000
2012-06-19,45.74130649306701,46.481057367467606,45.73359910131837,46.103477478027344,3211800
2012-06-20,46.23448026686365,46.311536558171454,45.51784558756653,45.91854476928711,2501400
2012-06-21,45.910842460150256,46.10348613692596,43.575999098762445,43.660762786865234,5552800
2012-06-22,44.015223832181555,44.54692222978595,43.83799201281644,44.354278564453125,3503700
2012-06-25,43.76865481884169,43.84571407446099,43.290899192042154,43.49895477294922,4308300
2012-06-26,43.54518738681076,43.96129854862489,43.23695918286366,43.49895477294922,4060200
2012-06-27,43.745528019197145,43.745528019197145,42.71295775764899,43.05200958251953,6226700
2012-06-28,42.6744310849349,43.73011768438517,42.643607389014306,43.63764953613281,5011100
2012-06-29,45.04008357169203,46.30382537841797,44.7010288843694,46.30382537841797,6630500
2012-07-02,46.072669030965216,46.789303846201236,45.84920162847019,46.6120719909668,3930700
2012-07-03,46.55812289696212,47.097525785684034,46.527302142370864,47.07440948486328,2234500
2012-07-05,46.642898844469144,46.92030628526226,46.30384693878313,46.44255065917969,3064800
2012-07-06,45.880020758100784,45.880020758100784,44.870566789750946,45.032386779785156,3313800
2012-07-09,44.87827194816121,45.00156378292913,44.45445351035661,44.54692459106445,2936400
2012-07-10,44.80119965031897,45.19419427995803,43.70698530326252,43.90733337402344,3341600
2012-07-11,43.861114837675714,44.48528146444092,43.64535484104504,44.0229377746582,2851200
2012-07-12,43.66846323834233,44.31574605056567,43.32941145651447,44.13080978393555,3765900
2012-07-13,44.11539649493324,44.88597110619845,44.11539649493324,44.73956298828125,2327500
2012-07-16,44.361993174514254,44.83974875086092,44.361993174514254,44.731868743896484,3808000
2012-07-17,44.955330836461066,45.27897081908467,44.38510423056457,44.92450714111328,2929000
2012-07-18,44.72415574581127,45.49473043637517,44.72415574581127,45.41767120361328,1863800
2012-07-19,45.641132488968736,46.06494792441563,45.27896149200981,45.73360061645508,2955400
2012-07-20,45.271265466334455,45.77214021751039,45.14797362690013,45.46390914916992,3079700
2012-07-23,44.593166249580186,44.754989203933455,44.34658252995877,44.50069808959961,2751300
2012-07-24,44.5083897096856,44.83203258555175,43.768638764147205,44.13080978393555,3100500
2012-07-25,44.39280472666909,44.662504670284406,44.03834110377213,44.43903732299805,2038200
2012-07-26,45.13256125517018,45.8800196765306,45.13256125517018,45.625728607177734,3172400
2012-07-27,45.84919175510287,46.843233760821725,45.82607545620537,46.565826416015625,3220000
2012-07-30,46.40400614778669,46.80470531666385,46.23447878493239,46.52729797363281,2049700
2012-07-31,46.35777248129068,46.666003528097455,46.21906880417854,46.46565246582031,2793600
2012-08-01,46.573524195357635,46.85093150041245,46.34235242098149,46.388587951660156,2383900
2012-08-02,45.96478081774037,46.234480779819,45.22502689123633,45.487022399902344,3527100
2012-08-03,46.22677649171984,46.735355664536236,46.142012806332254,46.504180908203125,2374900
2012-08-06,46.97423595334886,47.721694399882054,46.67371227181761,46.719947814941406,2355100
2012-08-07,46.843234203693456,47.28246152395271,46.835526810982074,46.96652603149414,1323600
2012-08-08,46.71993868361849,47.675449538682564,46.53499948677867,47.62150955200195,2904000
2012-08-09,47.43658617837527,47.61381803124872,47.15147138333095,47.42887878417969,2363200
2012-08-10,47.16686999126184,47.52133359750171,46.83552268210016,47.49051284790039,1564600
2012-08-13,47.21311088914583,47.42887085841304,46.958819834358806,47.390342712402344,1437000
2012-08-14,47.42888122939845,47.49052862810293,47.04359380602477,47.205413818359375,2479700
2012-08-15,47.0281835431854,47.359530973627955,46.75848351352744,46.866363525390625,1801700
2012-08-16,47.06671124307678,47.29017570602575,46.6660119854126,47.12065124511719,1816800
2012-08-17,47.49051929086835,47.76021925839961,47.02046825644885,47.06670379638672,2280900
2012-08-20,47.09753847070301,47.22083034080262,46.75848656280658,46.8432502746582,2396400
2012-08-21,47.020455337655186,47.282450779635234,46.80469542290986,46.98963165283203,1749900
2012-08-22,46.78159582870249,47.74481433747751,46.658303977159676,47.42887878417969,3729700
2012-08-23,47.31328508885636,47.382636925527514,46.72764670374237,46.87405776977539,2059900
2012-08-24,46.66599681760395,47.49821582109594,46.5504094567954,47.4134521484375,2238300
2012-08-27,47.42886848981962,47.6138076967479,47.08981670654493,47.197696685791016,1447200
2012-08-28,46.79700862048023,47.120651574494595,46.642893068069085,46.88947677612305,1900800
2012-08-29,46.99735336462027,47.20540595180249,46.642886760159236,47.020469665527344,1322100
2012-08-30,46.850948295405516,47.29017570602575,46.61977643815955,47.12065124511719,2082700
2012-08-31,47.49822329016508,47.73710250162898,47.12064333923248,47.46739959716797,2133400
2012-09-04,47.46739667655813,47.46739667655813,46.76617387131951,47.05128860473633,1616800
2012-09-05,47.05128535956522,47.61380445556278,47.02816612307986,47.274749755859375,2620800
2012-09-06,47.559868583128285,49.224309718104124,47.52904489148767,49.21660232543945,3104400
2012-09-07,49.470895842627144,49.74060170422189,49.101023260528194,49.65583801269531,3362800
2012-09-10,49.49400202475198,49.632705667959314,49.19347550479715,49.332176208496094,2251200
2012-09-11,49.41696100634151,50.21065800797162,49.28596469812831,49.99489212036133,3134400
2012-09-12,50.08736458907216,50.26459938900206,49.69436977463245,50.218360900878906,2343700
2012-09-13,50.118192149476265,50.857943347226254,49.72519730475848,50.70383071899414,2505200
2012-09-14,50.765459263347154,51.435861370692706,50.57281558780149,50.77316665649414,4594600
2012-09-17,50.68068651156002,51.04285749745464,50.47263396594894,50.54969024658203,2946200
2012-09-18,50.665277497166,50.85792113783964,50.295399120304985,50.310813903808594,4139500
2012-09-19,50.29540470210165,50.51117054197644,50.00258845222715,50.42640686035156,2319500
2012-09-20,50.26459215777598,50.38788105732222,49.987184785023665,50.233768463134766,2786500
2012-09-21,50.53428600526993,50.76545486850102,50.241463881218806,50.27999496459961,3182300
2012-09-24,50.210659077453045,50.93499542471971,49.663545770990495,50.688411712646484,2300600
2012-09-25,50.72692879796203,50.85792507279131,49.910115700576,50.018001556396484,3390600
2012-09-26,50.02571806229763,50.05654176191014,49.424670617402484,49.586490631103516,2920500
2012-09-27,49.971765287579785,50.63445996235011,49.60959425845902,50.38016891479492,4766500
2012-09-28,52.25265674105264,54.44109145257951,52.175600464234996,53.96333312988281,9827000
2012-10-01,53.93252657718223,54.68769243954481,53.66282658313093,53.901702880859375,5009800
2012-10-02,53.37771149187015,54.21764104449508,53.28524628245674,54.132877349853516,5613400
2012-10-03,54.0712184309813,54.53356201654541,53.855458482985895,54.31010055541992,4448000
2012-10-04,54.27157485019103,55.142322120582236,54.001874888478554,55.01132583618164,3621500
2012-10-05,55.15774193130131,55.31956192307067,54.31011088340612,54.51045608520508,3486000
2012-10-08,54.17910462845412,54.78015194663066,54.040400948950435,54.74162673950195,2964800
2012-10-09,54.56437991452443,54.63373467845727,54.11745116069389,54.24844741821289,3214000
2012-10-10,54.21726608276367,54.55247010775898,53.983400596507835,54.21726608276367,3820100
2012-10-11,54.36538625789497,54.63043425871054,53.96782317784296,54.11593246459961,2239100
2012-10-12,53.9756143341555,54.48231902450632,53.78852547604588,54.11593246459961,2228300
2012-10-15,54.23285556132283,54.75514841861984,54.154902379963744,54.70058059692383,2736400
2012-10-16,54.981228430711006,55.16052613844198,54.560274025447114,55.15272903442383,1878400
2012-10-17,54.786356872808874,55.01242536921588,54.28744913847937,54.373199462890625,2818300
2012-10-18,54.14712931521475,54.33421822302052,53.42215310658708,53.71058654785156,4121200
2012-10-19,53.44550770208432,53.882056165526954,52.767308571509936,52.81407928466797,4070400
2012-10-22,52.588031455962906,52.94662094087635,52.4009425828446,52.87646484375,5066300
2012-10-23,52.24502053963497,52.46329778979992,51.800680831259925,52.19824981689453,2881600
2012-10-24,52.40875168376666,52.665996712895556,51.62141048914039,51.699363708496094,2764200
2012-10-25,52.1281009300608,52.50227865854061,51.9020324931907,51.96439743041992,3498300
2012-10-26,52.01116772940425,52.533460692621325,51.80848465880967,52.315189361572266,2814000
2012-10-31,52.70496723343579,53.398760877064554,52.20605957840945,52.5490608215332,3030000
2012-11-01,52.556846150770326,53.78072978557648,52.494481213945726,53.656005859375,3202800
2012-11-02,53.8976670360847,53.98341734448552,52.8998517537278,52.9388313293457,3637600
2012-11-05,52.96999598679318,53.07134048171769,52.03454585600113,52.915428161621094,2576300
2012-11-06,53.133716266908856,53.632623898269195,53.063554221667005,53.562461853027344,2834200
2012-11-07,53.0479703097577,53.05576146740821,51.91762796833295,51.94101333618164,3139800
2012-11-08,51.89422700967327,52.19045149250826,51.41090774536133,51.41090774536133,2592700
2012-11-09,51.59799967047485,51.75390603229485,51.09129507339016,51.3017692565918,2928500
2012-11-12,51.33295503891986,51.979977782473846,51.21602228626783,51.948795318603516,2394600
2012-11-13,51.30178432884409,52.29180845435014,51.145877921219444,51.66817092895508,2384300
2012-11-14,51.77730671123494,51.8474687580254,50.58460544283129,50.70933532714844,2920900
2012-11-15,50.69373206919528,51.15366600120756,50.12466842905718,50.350730895996094,3814100
2012-11-16,50.37411992191498,51.82407179158803,50.249390065516614,51.59800338745117,3442600
2012-11-19,52.00336782111665,52.346369007095745,51.808481864982596,52.276206970214844,2408800
2012-11-20,52.20606138251346,52.28401459115861,51.50447060980992,51.94101333618164,2143100
2012-11-21,52.19046662270818,52.92323986064281,51.94880989421847,52.66598892211914,2488900
2012-11-23,52.923227394232384,53.149295806884766,52.44770520683377,53.149295806884766,1380700
2012-11-26,52.76732226459117,53.008978941878375,52.2840029625695,52.75172805786133,1709900
2012-11-27,52.68937006222177,52.68937006222177,52.198259539629326,52.502281188964844,2800300
2012-11-28,52.24503036774954,53.024574279785156,51.668169538128645,53.024574279785156,2884900
2012-11-29,53.39876644352222,53.40656354916466,52.899858736488156,53.28183364868164,1508500
2012-11-30,53.133727246260676,53.38318111348705,52.89986164372687,52.946632385253906,2654400
2012-12-03,53.11812155267148,53.531278873388096,52.814099903561214,52.87646484375,2426700
2012-12-04,53.00897868862485,53.57804828260011,52.95441086022563,53.484500885009766,1918100
2012-12-05,53.61702655182816,54.45893536077557,53.4377347918815,54.25625228881836,3058200
2012-12-06,54.349809276725544,54.4355595935393,54.030193378156305,54.412174224853516,3294700
2012-12-07,54.474517221910766,54.474517221910766,53.89765648982024,54.16270446777344,2147600
2012-12-10,54.03798095258834,54.45113825303014,53.48450551733162,54.18609619140625,1905000
2012-12-11,54.49791279873113,55.22288286157286,54.412162500394416,55.215091705322266,2332000
2012-12-12,55.33980723413127,55.34760433664684,54.73176408174266,54.96562957763672,2670600
2012-12-13,54.809728869447554,54.95784411137073,54.045779189675905,54.22507095336914,1603100
2012-12-14,54.006778532172206,54.95782265596603,54.006778532172206,54.731754302978516,2160200
2012-12-17,54.809720424512776,55.60485839843749,54.809720424512776,55.6048583984375,3084000
2012-12-18,55.58148789240965,55.58148789240965,54.95005322730483,55.44116973876953,4158500
2012-12-19,55.72957104907489,55.73736815046466,54.8798713684082,54.8798713684082,4235300
2012-12-20,52.37755081968636,53.936638449289084,51.44989177688961,53.80411148071289,10555800
2012-12-21,53.429941777694474,53.71837517342538,52.408741130632194,52.55685043334961,6623300
2012-12-24,51.93319020781401,52.533436087056295,51.7227101318528,52.18264389038086,2891800
2012-12-26,52.03455382544097,52.393143295413196,51.48107838608507,51.67596435546875,2515300
2012-12-27,51.39533047707518,51.86305563588689,50.82626080309808,51.62139892578125,4111600
2012-12-28,51.231608055688994,51.64476522590489,51.14585778102767,51.184837341308594,3545100
2012-12-31,51.06792149423092,51.902033212018736,50.91980625312211,51.83966827392578,4083200
2013-01-02,52.689366214381536,53.835296630859375,52.65818969398887,53.835296630859375,4040500
2013-01-03,53.60143394029736,54.06915903593018,53.46890697278613,53.64040756225586,3340700
2013-01-04,53.726180518944524,54.264067876901656,53.258455226022996,53.93666076660156,3145600
2013-01-07,53.46111356586594,53.74174980091881,53.281815880574996,53.7027702331543,2262800
2013-01-08,53.60144909210754,54.14712753335448,53.523495878707834,54.01460647583008,2502800
2013-01-09,54.022409527344344,54.41218158469185,53.983429942629755,54.39658737182617,2599000
2013-01-10,54.451152680632845,54.451152680632845,53.57027001322157,53.92106246948242,2773900
2013-01-11,54.32641235097781,54.77854326010008,54.20168248125613,54.47452163696289,2542800
2013-01-14,54.40437076225936,54.762960250920365,54.06916663955153,54.45893859863281,2340600
2013-01-15,54.35759831880745,54.84091172648347,54.326415849369006,54.76295852661133,2621600
2013-01-16,54.34201216272436,54.79414911540719,54.34201216272436,54.482330322265625,2382000
2013-01-17,54.723987061912155,54.74737837804303,54.396580005465474,54.482330322265625,1743900
2013-01-18,54.31082642067479,54.66162477214412,54.108149272659745,54.65382766723633,2271600
2013-01-22,54.40438835190911,54.92668151855469,54.40438835190911,54.92668151855469,3331900
2013-01-23,54.99682500117801,55.70620686366026,54.911074695638135,55.542503356933594,3591100
2013-01-24,55.57370488759545,56.11159227093084,55.09818246557865,55.61267852783203,2608500
2013-01-25,55.73737248551435,56.314233136862704,55.355397751947514,56.29084777832031,2908200
2013-01-28,56.805360718928036,56.805360718928036,55.94006659661913,56.205108642578125,3420600
2013-01-29,56.197305427151804,56.20510252984596,55.721789216850055,55.89328384399414,2564500
2013-01-30,55.92447533937665,56.65724847735755,55.85431924613901,56.3922004699707,2321800
2013-01-31,56.17391809865096,56.750784728874606,56.04139709472656,56.04139709472656,2454700
2013-02-01,56.50912805653964,57.616084765935824,56.50912805653964,57.53033447265625,3158800
2013-02-04,56.563704855242754,57.40561371508758,56.47016339133651,56.766387939453125,3185700
2013-02-05,57.187347412109375,57.444598355431935,56.82875789146973,57.187347412109375,2531200
2013-02-06,56.8365400619273,56.8911078888285,56.12715236476471,56.454559326171875,2706100
2013-02-07,56.290879653106856,56.90672021571055,55.799769003286,56.867740631103516,2973700
2013-02-08,56.91449020808005,57.4601684479201,56.76637499407486,57.14834976196289,2000100
2013-02-11,56.97685382317999,57.117171945905234,56.20510712191473,56.961265563964844,1880100
2013-02-12,56.82094955224382,57.29647176650997,56.57929286702404,57.195133209228516,1710300
2013-02-13,57.15614238324524,57.46016394266838,57.06259500055877,57.343231201171875,1884700
2013-02-14,57.07041395690316,57.29648242438026,56.641668337162656,57.00804901123047,2096100
2013-02-15,56.969061586024395,57.810970306396484,56.906696655453025,57.810970306396484,3221900
2013-02-19,57.90453450885165,58.82439678018155,57.5537420445735,58.777626037597656,2787600
2013-02-20,58.777616200069126,59.22195602259599,58.465797424316406,58.465797424316406,2639900
2013-02-21,58.22414456067382,58.27091529853248,57.257505696969766,57.5693244934082,2647600
2013-02-22,57.803185982189454,58.30989074707031,57.64727362129234,58.30989074707031,1930700
2013-02-25,58.59829819784249,58.871137301938816,57.6160774230957,57.6160774230957,2835000
2013-02-26,57.93570487293859,58.21634116466422,57.33545866129933,57.55373001098633,1970600
2013-02-27,57.68626251759959,58.17737315200547,57.21074014807748,58.00587844848633,2199900
2013-02-28,58.0916085437902,58.574927900647275,57.89672256968705,57.96688461303711,2365400
2013-03-01,57.78757903748204,58.42680470767024,57.39001598656604,58.32546615600586,1678100
2013-03-04,58.099425058134166,58.684083175768606,57.8811536458093,58.65290069580078,1825700
2013-03-05,58.90231409618968,60.02485881354779,58.85554338211504,59.962493896484375,2536600
2013-03-06,60.04827857271476,60.49261845332717,59.96252824948699,60.34450912475586,2000100
2013-03-07,60.25094406959458,60.67968961285781,59.923537084386844,60.469215393066406,2565800
2013-03-08,60.78882785076615,61.16300554240998,60.32889391828861,61.07725524902344,1877900
2013-03-11,61.10065474391578,61.13963432172462,60.5159967614745,61.03829574584961,1752200
2013-03-12,61.007086820850894,61.116222454456945,60.515970522177696,60.81999206542969,1645300
2013-03-13,60.804419057293494,60.897966458462726,60.38346467320315,60.74985122680664,1789700
2013-03-14,60.866788642254,61.09285708510132,60.69528803406307,61.00710678100586,1959300
2013-03-15,60.710865903757245,60.93693430791059,59.65068591408142,59.713050842285156,6129300
2013-03-18,59.14400650506361,60.23536336710684,59.136209399635064,59.876773834228516,2578400
2013-03-19,60.14961781471806,60.19638855147222,59.09722865815977,59.38566207885742,2801700
2013-03-20,59.51037512393325,59.868970531517476,59.34667162783487,59.6273078918457,2497500
2013-03-21,59.1128021138273,59.24532311973425,57.74080349208524,57.920101165771484,3844700
2013-03-22,57.920113914989706,58.26310918533943,57.16395538345281,57.59270095825195,3308100
2013-03-25,57.84214121575993,57.93568860254646,57.078191706399494,57.2263069152832,3397400
2013-03-26,57.68625000729266,58.25531968505258,57.561520125474765,58.10720443725586,2040600
2013-03-27,57.82657121006807,58.496979491688506,57.764206265859556,58.372249603271484,2481200
2013-03-28,57.52252607939629,59.35445244932438,56.45454914835757,59.22193145751953,4040700
2013-04-01,59.29990331689708,59.59612785322905,58.89454311205082,59.12840270996094,2017100
2013-04-02,59.323284157037484,60.009286532456976,59.17517487389254,59.76762390136719,2686700
2013-04-03,59.900139679449445,60.02486953585691,59.34666432339686,59.713050842285156,2986600
2013-04-04,59.91574167829036,59.962512406803036,59.48699017543187,59.720855712890625,1796400
2013-04-05,59.05822230837514,59.525947259142846,58.87112757011172,59.4401969909668,2077200
2013-04-08,59.35447546704477,59.72865917733631,59.167386585623156,59.67409133911133,1950800
2013-04-09,59.837786215626025,59.98589549945667,59.19076340761354,59.409034729003906,1975500
2013-04-10,59.53510802792097,60.76426472977209,59.487834851005886,60.67759323120117,3405900
2013-04-11,60.64607835289103,61.410360139303926,60.52000852730781,61.2842903137207,2533900
2013-04-12,60.669713023938,60.96124497787567,60.015739349919414,60.85093688964844,2985200
2013-04-15,60.6145815642348,60.71700882394065,59.275122273068725,59.282997131347656,2929100
2013-04-16,59.881800797084196,61.11095162665852,59.57451308969061,61.0557975769043,3439600
2013-04-17,60.50426540386773,60.85095148507352,60.21273338000455,60.433349609375,3184300
2013-04-18,60.661814861334484,60.78788464698624,59.47206281877184,59.542972564697266,3530000
2013-04-19,59.10962371372239,59.40115562657444,58.47141186301665,58.889007568359375,5591800
2013-04-22,59.09388115248445,59.19630838239953,58.45566915966656,59.046607971191406,2333800
2013-04-23,59.322357429238,60.82727794940456,59.101741312048205,60.11815643310547,3285900
2013-04-24,60.220597249173906,61.386719004105885,60.220597249173906,61.30792236328125,3654900
2013-04-25,61.45761776705429,62.76556482548798,61.36306542179229,62.505550384521484,3477400
2013-04-26,61.93824374888327,62.54493805487197,61.82005482889274,61.97764205932617,2683300
2013-04-29,61.97764111991024,64.17592734625825,61.95399852719995,63.92379379272461,3947700
2013-04-30,63.75835463265196,64.16807556152344,63.05710774693681,64.16807556152344,3333600
2013-05-01,64.16807356897377,64.75113147589623,62.804972152539555,62.85224533081055,3600800
2013-05-02,63.15162433944108,63.64012961688977,62.513406717844184,62.631595611572266,3432600
2013-05-03,63.09650136825098,63.26196349634527,62.43464684453404,62.63950729370117,3485800
2013-05-06,62.560711843298655,62.9152726602801,62.04068289963058,62.10371780395508,4917800
2013-05-07,62.14310187162638,62.52129918816822,62.04066867275374,62.28492736816406,2567800
2013-05-08,62.347941269680454,63.03343200683594,62.24551410675049,63.03343200683594,3095000
2013-05-09,62.828611324461924,63.64016631195605,62.78921901139676,63.1043815612793,2155200
2013-05-10,63.30135277865702,64.19958516317294,63.151652390687296,63.41166687011719,2193600
2013-05-13,63.080728904033,63.577121215209715,62.91526680408702,62.970420837402344,1739400
2013-05-14,62.96256011442454,63.52985629384223,62.92316179121187,63.466827392578125,2264900
2013-05-15,63.42741801778397,63.77410396536062,62.89163337668329,63.63227844238281,2382900
2013-05-16,63.474696986449715,64.23109784097866,62.47404338000172,63.514095306396484,2528800
2013-05-17,63.58500594614464,64.79840087890625,63.42742468686224,64.79840087890625,2567600
2013-05-20,65.34995832523933,66.04332439883954,64.86932758866554,65.02690887451172,3026700
2013-05-21,65.121463678026,65.6572484857333,64.70386784477519,65.31844329833984,2674600
2013-05-22,65.37358694750735,66.35848489233217,64.76688644714486,65.0190200805664,3092700
2013-05-23,64.4202064582777,65.20024394740378,63.900177457967004,65.0190200805664,2760000
2013-05-24,64.64081302638057,64.91658320766659,63.648034362411806,64.78263854980469,2207000
2013-05-28,65.6099728526146,65.7439235703224,65.20813873351506,65.46814727783203,2105300
2013-05-29,65.01897555508576,65.68871050799913,64.88503096903743,65.35778045654297,2457800
2013-05-30,65.41296656924219,65.71237933364439,65.22386788369367,65.2711410522461,2195600
2013-05-31,64.80629198791858,65.79119004244623,64.60931237701305,64.69598388671875,3134700
2013-06-03,64.98749258250504,65.08991977938192,64.29412075337383,64.68807983398438,2018900
2013-06-04,64.60929499699519,64.83779200554038,63.77410359505278,64.01835632324219,3340300
2013-06-05,64.0183557135612,64.0183557135612,62.53707161620946,62.70253372192383,2433400
2013-06-06,62.828594410460234,63.072853135605044,62.064312808931646,62.67889404296875,2721400
2013-06-07,63.69530886019373,63.78198034916643,63.08073358299766,63.74258804321289,2916700
2013-06-10,64.04199655299588,64.28624929508568,63.50621188451486,64.2547378540039,2127600
2013-06-11,63.53773564699261,64.29413654620204,63.31711946947402,63.35651779174805,1971000
2013-06-12,63.69532307998698,63.82139291439716,62.757704234758656,62.80497741699219,1462600
2013-06-13,62.9467937681216,64.12079037548413,62.59223293054879,63.88441848754883,2150500
2013-06-14,63.75047848795703,64.33353640119584,63.285603521675995,63.466827392578125,1367400
2013-06-17,64.04201165865727,65.35783404807361,63.90806696277818,64.96387481689453,2473400
2013-06-18,65.11355167335962,65.63358050775902,64.71959262111939,65.34204864501953,1862600
2013-06-19,65.29479282330932,65.4208566276103,64.4674761893516,64.47535705566406,1876400
2013-06-20,63.90806302669009,64.22323159449033,62.53708666980053,62.655269622802734,2885900
2013-06-21,62.78920792323441,62.97042575628095,62.07219942278791,62.56071090698242,4554900
2013-06-24,62.292834962891796,62.93105303843682,62.12737279851823,62.37163162231445,2516500
2013-06-25,63.07284773518513,63.16739406206583,62.44251083640226,62.765560150146484,2898100
2013-06-26,63.41164914432774,63.41164914432774,62.584332763347454,62.68675994873047,3065500
2013-06-27,63.20680618286133,63.75834658130151,62.907393385417095,63.20680618286133,4106900
2013-06-28,56.57254457798701,56.92710546005324,54.36637061236919,56.6986083984375,28284300
2013-07-01,56.8404240076086,57.91987421090989,56.73011592976343,56.80890655517578,6396100
2013-07-02,56.51737743993334,57.08467351758489,56.24948211509265,56.82466506958008,4684700
2013-07-03,56.635540006326096,57.51801027322953,56.635540006326096,57.26587677001953,2903300
2013-07-05,57.71499030992292,58.376838507898725,57.51801082081055,58.02227783203125,3125500
2013-07-08,58.31382029701194,58.98354948012146,58.11684077190102,58.67626190185547,4583900
2013-07-09,58.98355845272366,59.07811080324194,58.179878501665684,58.38473892211914,4338500
2013-07-10,58.47929504835103,58.69991120246546,58.09321677865077,58.581722259521484,3546500
2013-07-11,59.09384170872472,59.550835527326264,59.00717025997834,59.25142288208008,4098000
2013-07-12,59.487814840082244,59.67691349547214,59.06233835695158,59.503570556640625,3508400
2013-07-15,59.73206095609081,60.11026423664527,59.36961940170045,60.0787467956543,2247400
2013-07-16,59.86603416414681,60.37030138753369,58.84173798526376,59.32236862182617,3676300
2013-07-17,59.692670720543084,59.70054557255931,59.0702147650284,59.21992111206055,3335500
2013-07-18,59.13326413644851,59.86602831308699,59.10174668664978,59.4405517578125,2646900
2013-07-19,59.535105066405855,59.535105066405855,58.731431042128,59.267215728759766,4100500
2013-07-22,59.74786112493214,59.79513431116628,58.99933494529221,59.09388732910156,2697300
2013-07-23,59.204172584175694,59.24357089838985,58.487170153920324,58.502925872802734,2495000
2013-07-24,58.77081209367089,59.05446310940141,57.919865057817766,58.0853271484375,2318300
2013-07-25,57.91199656583362,58.29020000472242,57.53379312694482,57.62834548950195,3265100
2013-07-26,57.62834651149733,57.63622737801845,56.85618990994284,57.61259078979492,3391100
2013-07-29,57.391953432717614,57.391953432717614,56.84829401329513,57.021636962890625,3101600
2013-07-30,57.801690299762356,58.24292264955996,57.16347836361369,58.101097106933594,3977100
2013-07-31,58.06170745617529,58.95993393017516,57.888364450431425,58.156253814697266,3839600
2013-08-01,58.47139518265857,59.07021455734436,58.10895361705168,58.97566223144531,2972200
2013-08-02,58.57382584338756,58.81020366652165,58.30593658775083,58.77080535888672,4042600
2013-08-05,58.613246429126484,58.92053410919405,58.38474938293829,58.4871826171875,2556000
2013-08-06,58.31383114761543,58.69990940549675,57.667738425485005,57.71501159667969,3261600
2013-08-07,57.57318992920743,57.83320441087772,57.17923077928502,57.518035888671875,2584200
2013-08-08,57.368330506994056,57.99078669628768,57.218630115075605,57.502281188964844,3151600
2013-08-09,57.54166407652889,58.235035926438556,57.54166407652889,57.93562316894531,3196300
2013-08-12,57.51015082400714,58.06957205469603,57.18710747055091,57.352569580078125,2944300
2013-08-13,57.51803334342839,57.659858871578095,57.21074570099394,57.42348098754883,2769500
2013-08-14,57.289550816959796,57.415620656689335,56.249498684554354,56.3361701965332,4341200
2013-08-15,55.68217309634733,56.69858821073747,55.54822845626617,56.35978317260742,3651300
2013-08-16,56.233744746719545,56.627703991378624,56.076157442051304,56.45436096191406,3396300
2013-08-19,56.43857913841866,57.02164294115825,56.25736131672466,56.470096588134766,3138400
2013-08-20,56.47799386204329,57.24227570852495,56.25737766127345,56.856197357177734,3078500
2013-08-21,56.82465723286681,57.73075826585257,56.714349176480056,57.368316650390625,3539800
2013-08-22,57.391960281363566,58.699907412507784,57.352567977151836,58.38473892211914,3467200
2013-08-23,58.73143472380126,58.81810622349392,58.038068737599936,58.313838958740234,2836500
2013-08-26,58.211410339659444,58.747195102345664,58.08534651914881,58.09322738647461,2009700
2013-08-27,57.45500083902095,57.69925959907606,56.81678894136311,56.91921615600586,2836900
2013-08-28,57.00588421243532,57.33680843487183,56.73011402707156,57.08467483520508,2002800
2013-08-29,56.98224059409646,57.69136813418349,56.840415086079055,57.29740905761719,1828100
2013-08-30,57.33681219261483,57.41560883188796,56.548893890600205,56.92709732055664,2709900
2013-09-03,57.297426473431734,57.93563844782828,57.25802814926442,57.581077575683594,3186000
2013-09-04,57.58107830168807,57.778057902327674,57.14772077574483,57.55744171142578,2079400
2013-09-05,57.51803191932472,58.510810591792136,57.51803191932472,58.30595016479492,2390800
2013-09-06,58.40050306338359,58.77870045838906,57.63622139633021,57.683494567871094,2984700
2013-09-09,57.911978843828436,58.108958363705405,57.722880187921156,57.975013732910156,2827700
2013-09-10,58.30594975399438,59.04659482314661,58.25867658322777,58.889007568359375,2017500
2013-09-11,58.90478857282394,59.613916423041374,58.865390243401436,59.09388732910156,3266100
2013-09-12,59.08598583624321,59.275090537852535,58.36898337949285,58.4320182800293,3104500
2013-09-13,58.69989776611328,58.88112157199066,58.32169443753082,58.69989776611328,2328700
2013-09-16,59.36176654352945,60.28363559624528,59.36176654352945,60.14968490600586,3258500
2013-09-17,60.094527588565,60.57515824440948,59.86603656586884,60.362422943115234,2549100
2013-09-18,60.464835959015794,61.504887656113624,60.14966750294469,61.292152404785156,2761200
2013-09-19,61.49701311589001,61.71762923286101,61.03213828826827,61.10305404663086,2830300
2013-09-20,61.14246447951734,61.7255223917612,60.85093852906548,60.92184829711914,4290400
2013-09-23,60.7484897392751,61.06365820972203,60.11027794484055,60.16543197631836,2870600
2013-09-24,60.110277315852315,60.39392833515259,58.89688262469857,59.20417022705078,5160600
2013-09-25,59.440564141429206,60.14181101436402,59.09387813275487,59.976348876953125,3259800
2013-09-26,60.27575576707088,60.45697963854978,59.58238976023801,59.77936935424805,5003300
2013-09-27,58.69992245490841,58.818111420508544,57.013777512278686,58.37687301635742,8859200
2013-09-30,58.35320193101916,58.45563511261323,57.91196979903528,58.02227783203125,5534400
2013-10-01,57.94350359220197,58.71566004110151,57.76227976608306,58.164119720458984,2529400
2013-10-02,57.81743906410196,58.069572663836716,57.5259131586413,57.91987228393555,2512100
2013-10-03,57.80956934823486,57.99078719562804,57.52591827190319,57.62834548950195,2760900
2013-10-04,57.77805443504065,58.164132745950226,57.51015906835034,57.722900390625,2241300
2013-10-07,57.131963533776414,57.888364458761984,56.97437625065013,57.00589370727539,2966300
2013-10-08,57.13195971012711,57.455003099070446,55.72946604653844,56.01311111450195,5089300
2013-10-09,56.34842843004038,56.48414859733341,55.70973597415616,56.108917236328125,5006100
2013-10-10,56.6757541666366,57.035020958909826,56.532048667931846,56.89131546020508,3247200
2013-10-11,57.130824379051994,58.08087780009853,56.96316896787139,58.04894256591797,2747800
2013-10-14,57.61781217335006,58.1447342739731,57.44217147314239,58.00901412963867,1734000
2013-10-15,57.689676235082445,57.897246100552245,57.130818827760415,57.16275405883789,2267800
2013-10-16,57.49008669533997,58.017002790517616,57.3463811982874,57.82539749145508,2441000
2013-10-17,57.33041537509673,58.208619092876205,57.13082472851469,58.16071319580078,2998300
2013-10-18,58.24054700145158,58.368287936246915,57.729595444316274,58.184661865234375,4100600
2013-10-21,58.304424320246476,58.75949079463978,58.16071879722629,58.70360565185547,3067200
2013-10-22,58.775454891861465,59.20657141275313,58.49602311813725,59.038909912109375,2990800
2013-10-23,58.79939424546713,59.00697018295719,58.49601262351504,58.90317916870117,2711500
2013-10-24,58.87123553006993,59.05486154296676,58.559874713827526,58.679630279541016,3761200
2013-10-25,58.679624277456654,58.88720016405991,58.51995426685135,58.7674446105957,2564900
2013-10-28,58.759486573480835,59.430114329739794,58.63175172387451,59.33430862426758,2893600
2013-10-29,59.438064943129724,59.837246053804925,59.31831548274345,59.80531692504883,2780700
2013-10-30,59.70154298883345,60.08475964457762,59.246476636337185,59.278411865234375,2835000
2013-10-31,59.27041668843416,59.37420768786236,58.679630279541016,58.679630279541016,2773600
2013-11-01,58.991006330470555,59.206567622628704,58.21659370868512,58.28046417236328,3300700
2013-11-04,58.360303485399534,58.46409451924213,57.91322238891792,58.04894256591797,2942700
2013-11-05,58.112804730988394,58.87923196874361,57.745558726919576,58.56787109375,2834800
2013-11-06,58.63176235767456,60.06083241228075,58.62377702468112,59.909141540527344,4268900
2013-11-07,59.37420875596537,60.89907764101713,59.37420875596537,60.31627655029297,4435800
2013-11-08,60.18854984659547,60.66756614000158,59.89315352166742,60.06879425048828,2909400
2013-11-11,59.996935106552804,60.44401609791123,59.87717952928989,60.268375396728516,1778200
2013-11-12,60.22848856329067,61.154586197554295,60.124697506235414,60.91508102416992,4196900
2013-11-13,60.867165363757685,61.92898912626039,60.32427853030712,61.80125427246094,3826800
2013-11-14,61.32222941815989,61.93697203174731,60.89909821430073,61.521820068359375,3943500
2013-11-15,61.84913902456177,62.67943669071093,61.801239227425754,62.28823471069336,6371000
2013-11-18,62.28824243767654,63.42990110887896,62.24034263459845,62.68742370605469,3836600
2013-11-19,62.78322305484956,63.26223931026261,62.59161777088877,62.64750289916992,2720600
2013-11-20,62.64750721395557,63.310149559943916,62.160505594954266,62.40001678466797,2447600
2013-11-21,62.55968493793766,62.84709592039858,62.176468264315645,62.615570068359375,2201500
2013-11-22,62.66347576270711,62.69541099609805,61.99285413456627,62.14453887939453,2175200
2013-11-25,62.128557302755326,62.24032754351905,61.51382097855482,61.64155578613281,1863000
2013-11-26,61.777273976414634,62.24032558271726,61.68147439650451,61.76929473876953,2002800
2013-11-27,61.801248351805114,62.28026466695369,61.64157218607364,61.96091842651367,1755200
2013-11-29,62.07268067936374,62.47186190559759,61.74534915016137,61.84914016723633,1560600
2013-12-02,61.80922281476148,61.98486353797986,60.79530512757692,60.93901062011719,2489300
2013-12-03,60.939017558889,61.665524343716136,60.69950634704265,61.54576873779297,2138700
2013-12-04,60.27637128262589,60.95497821793435,59.98896028326797,60.73143768310547,3550500
2013-12-05,60.78729909464688,60.90705464614869,60.38013265594889,60.50787353515625,2197300
2013-12-06,60.651593452867246,60.85118405599448,60.012901086451365,60.30031204223633,3259400
2013-12-09,60.38814271015255,60.65958914410432,59.88517649712512,59.98097610473633,2434400
2013-12-10,59.96500998431444,60.428061712546246,59.374223418894076,60.20452117919922,2350700
2013-12-11,60.28436106554848,60.6755570303895,59.30237239671697,59.39817810058594,3000800
2013-12-12,59.414121382320666,59.773388074824624,59.11074589864664,59.14268112182617,3266300
2013-12-13,59.294384580739404,59.57381634922594,58.911173963367304,59.03092956542969,2841400
2013-12-16,59.15068092083653,59.76542352144757,59.15068092083653,59.57381820678711,4172100
2013-12-17,59.501946542316084,59.70952246428391,59.04688023443914,59.07881546020508,4082900
2013-12-18,59.19858696288022,60.515886447824094,59.19858696288022,60.3721809387207,6325600
2013-12-19,61.889056561223185,63.8290776247337,61.86510666146737,63.47780227661133,10933800
2013-12-20,63.64548574655829,64.65142461728254,63.54968001424289,64.3081283569336,6782700
2013-12-23,64.27615535596638,65.22620242316474,63.85302427942119,65.10645294189453,4405000
2013-12-24,64.5555952516648,64.97872642185904,64.38793984975894,64.91485595703125,1564700
2013-12-26,65.04260056602193,65.88886295428188,64.85099525172261,65.58548736572266,2399200
2013-12-27,65.83298897360197,66.62336635867402,65.80903906663374,65.87290954589844,2466200
2013-12-30,65.23418524259418,65.62538107874359,64.4118730173935,65.51361083984375,2551900
2013-12-31,65.21024099548234,65.83296269215339,65.0505709520873,65.641357421875,2113800
2014-01-02,65.0665450051068,65.4018557997294,64.73921345010191,64.77114868164062,2405400
2014-01-03,64.83501876855341,65.32202038740374,64.73921307449311,64.98670959472656,1812600
2014-01-06,64.91485394729868,65.06654477381271,64.22028245962409,64.30011749267578,2312300
2014-01-07,64.53962512833606,65.41782879948718,64.39592571780895,65.08251190185547,3368400
2014-01-08,64.89889505754165,65.62540184023084,64.86695982332125,65.58548736572266,4217400
2014-01-09,65.48166687067304,66.3039850770746,65.46570230625706,66.2241439819336,4054200
2014-01-10,66.06449117346878,66.43972249064898,65.77708021099127,66.42375183105469,4369200
2014-01-13,66.03255494690572,66.05650484491306,64.5076858938931,64.71525573730469,3941400
2014-01-14,64.4917214793179,65.66531532349286,64.4358363482154,65.4258041381836,3288600
2014-01-15,65.53755962429933,67.30992494112773,65.15434912343005,67.23807525634766,4284900
2014-01-16,66.69519723634805,67.27001915278258,66.37585105043753,67.15824890136719,4183500
2014-01-17,66.77501667682282,67.78095479582805,66.76703134900757,67.40572357177734,3762200
2014-01-21,67.2380949608347,67.89275200843984,66.95068395544484,67.804931640625,3031300
2014-01-22,67.42969025805681,68.56336344935328,67.42969025805681,68.1801528930664,3564100
2014-01-23,67.7091385057377,67.91671451281934,66.66328531990638,66.99859619140625,4147500
2014-01-24,66.4956109758142,66.50359630601467,64.80308034362764,64.81106567382812,3370800
2014-01-27,64.93880173495003,65.3858888693316,64.01270441784568,64.78711700439453,2640300
2014-01-28,65.25016406942147,65.39386955043035,64.6114716891549,64.90686798095703,2995700
2014-01-29,64.88292320416222,65.28210448805673,63.9727903641646,64.12448120117188,2703500
2014-01-30,64.70726288457655,64.93878257728495,64.02067086138591,64.44380187988281,2244700
2014-01-31,63.86899905071914,64.172374603442,62.92693107108013,63.773193359375,3696800
2014-02-03,63.884967596671615,64.41188979532676,62.0008376111466,62.3441276550293,3745100
2014-02-04,62.583618592340564,62.67942425863216,62.19242278093629,62.33612823486328,2608200
2014-02-05,62.1685006375306,62.69541680978412,61.80923379683528,61.92898941040039,3163200
2014-02-06,62.16849292998131,62.86306443870472,62.10462246519534,62.68742370605469,2224800
2014-02-07,62.91894904891454,64.45180973590477,62.80717878198083,64.3320541381836,3437500
2014-02-10,64.02069536348216,64.33205627327725,63.69336379158209,63.845054626464844,2399900
2014-02-11,64.29215768936852,64.57956879528973,63.98878200690724,64.3081283569336,2159900
2014-02-12,64.53963323093971,65.33799587510883,64.53963323093971,64.83502960205078,2489300
2014-02-13,64.55559894254876,65.44976722819241,64.37197286842597,65.2581558227539,1895000
2014-02-14,65.25015235592767,65.80900352007133,64.97072068283498,65.55352783203125,2024000
2014-02-18,65.54555642137035,66.06449323599043,65.29008067908354,65.93675231933594,2013800
2014-02-19,65.80105940882686,66.85489804348347,65.65735386359984,66.47168731689453,3801400
2014-02-20,66.39181687406335,66.73510684196249,66.21617618005449,66.56745147705078,2465300
2014-02-21,66.74308725163247,67.21412417730313,66.68720213411436,66.90276336669922,2366600
2014-02-24,66.83093191465325,67.66122974211646,66.75109687357515,67.02253723144531,1843100
2014-02-25,67.06245401417178,67.06245401417178,66.24014156451405,66.59142303466797,2189700
2014-02-26,66.87084605166142,66.902781283227,66.35190919801022,66.58343505859375,1987600
2014-02-27,65.78505606179888,66.81494418044274,65.41781012733242,66.55148315429688,2108000
2014-02-28,66.51158283312735,66.91076411257913,66.04853717814073,66.54351806640625,2420000
2014-03-03,65.91279847700939,66.06448928370621,65.29007677312828,65.86489868164062,1970600
2014-03-04,66.59937602028602,67.56539359137003,66.55147623542878,67.04646301269531,2217800
2014-03-05,67.01454839518631,67.23010358433396,66.64730238599476,67.1502685546875,1793900
2014-03-06,67.25403863780409,67.34984430684413,66.73510192312389,66.90276336669922,1976200
2014-03-07,67.31792981518261,67.61332615076114,66.74310780596106,67.0065689086914,1951800
2014-03-10,66.91873491097284,67.27799554804996,66.61535939724155,67.09437561035156,1520800
2014-03-11,67.3179147502054,67.541455239094,66.56745217377521,66.70317840576172,1687300
2014-03-12,66.39180745850979,66.51155692287735,65.93673512983077,66.0644760131836,2643300
2014-03-13,66.27208061289097,66.28005985329179,65.36194774329485,65.53758239746094,2702000
2014-03-14,65.44977135413784,65.84096733894526,64.92284909249952,64.97074890136719,2048800
2014-03-17,65.44176631711221,66.60737467976192,65.25016104831244,66.575439453125,2286600
2014-03-18,66.81494038176184,67.15823640179212,66.52752947703785,66.894775390625,2181100
2014-03-19,66.71914392255898,66.91873451776719,65.38588020841334,65.96868133544922,1984500
2014-03-20,65.86491534733679,66.34393169529457,65.3140431971225,66.31199645996094,1657300
2014-03-21,66.61536615484205,66.81495677146991,65.96868841507265,66.12836456298828,4799100
2014-03-24,66.51957482885692,66.91875614830302,65.15437544727409,65.46573638916016,2998500
2014-03-25,65.95271552143723,66.86284813110427,65.93674486315032,66.6792221069336,2875900
2014-03-26,67.06242439111051,67.15823004729364,66.2401123046875,66.2401123046875,3972700
2014-03-27,63.95680233816496,64.10050779130721,60.875123469352786,62.91094970703125,14814900
2014-03-28,63.50972638368562,63.8370517747252,62.647493597352025,62.9189338684082,7108500
2014-03-31,63.21434932671634,63.75723612474589,62.47187188369097,63.64546585083008,4318100
2014-04-01,63.54963165675491,63.6055167686574,63.046665649632494,63.501731872558594,3877400
2014-04-02,63.302167781856944,63.988760067143616,63.118541713968355,63.861019134521484,3091800
2014-04-03,63.70134860987892,63.86900401449422,62.312199478050076,63.350067138671875,3588500
2014-04-04,63.541663938902005,63.62150505605008,62.32017037520989,62.38404083251953,4121300
2014-04-07,61.95292011555858,63.06264334804399,61.86509976556146,62.974822998046875,4568100
2014-04-08,62.64750875232637,63.11056048193151,62.415982887523796,62.50380325317383,3772600
2014-04-09,62.746206102542445,63.46529034797964,62.439177212862404,63.40873336791992,3470700
2014-04-10,63.481421747713924,63.610698316315116,62.02709117218081,62.0755729675293,3518400
2014-04-11,61.77663942679301,62.72195143148045,61.69584463535987,62.28565216064453,4761900
2014-04-14,62.59267294790151,63.537984831011,62.11597326053433,62.875457763671875,3672900
2014-04-15,63.07744866732412,63.788451380233546,62.55227333694651,63.76421356201172,3333400
2014-04-16,64.2651707148263,64.62875042776405,63.80463353512247,63.917747497558594,3771500
2014-04-17,63.61069895735887,64.23282549834498,63.02088539460263,63.748050689697266,4428100
2014-04-21,63.73191065128891,64.41060055562238,63.61072152930822,64.40251922607422,2423900
2014-04-22,64.29747925176649,64.636821083033,63.75614735461552,64.34595489501953,2187800
2014-04-23,64.09549977117211,64.41868516281046,63.90966616759926,63.917747497558594,2014000
2014-04-24,64.192421979345,64.20050330564158,62.988563259479655,63.31174850463867,3378900
2014-04-25,63.90156715946038,64.00660592712714,63.23904006379982,63.368316650390625,2666600
2014-04-28,63.46526236444456,64.09547019701975,62.964324930329155,63.885398864746094,3553000
2014-04-29,63.85309761454805,64.45098647396443,63.69958319438467,64.3782730102539,2315900
2014-04-30,62.73811750474436,64.95192696465313,62.495726952998,64.8145751953125,3446600
2014-05-01,64.78223984664584,65.20237637847875,64.35402198797587,64.50753021240234,2387100
2014-05-02,64.52370054949499,64.79840405220365,64.09548263983326,64.11972045898438,1797700
2014-05-05,63.61878223640549,63.97428668475131,63.32791608125834,63.828853607177734,1913100
2014-05-06,63.82887199992945,63.82887199992945,63.489530109222926,63.61072540283203,2188900
2014-05-07,63.61876573706738,63.72380447733548,62.78656796176487,63.190547943115234,3421800
2014-05-08,63.15824116416259,63.86925001559164,63.02897075024146,63.691497802734375,2607600
2014-05-09,63.675335190684095,63.69149784508906,63.0855277540799,63.618778228759766,1801200
2014-05-12,63.5945410799496,64.23283032223232,63.5945410799496,63.982364654541016,2835500
2014-05-13,64.02276852745348,64.6125822226226,63.990449377721845,64.3782730102539,1380800
2014-05-14,63.74805351660238,64.32170445143609,63.49758169236776,63.7076530456543,1705800
2014-05-15,63.69149609165772,64.55601315112739,63.24711557145288,63.3602294921875,2790200
2014-05-16,63.58645646680403,64.43481702499463,63.4652673849879,64.25706481933594,2575100
2014-05-19,63.97428078773905,64.29746605969501,63.77229076329737,64.28130340576172,1727600
2014-05-20,64.11162617098181,64.28129703498756,63.174395755867295,63.34406661987305,1797200
2014-05-21,63.158244099218464,64.2166760983518,63.158244099218464,64.12779998779297,1578200
2014-05-22,64.16011560884546,64.26514820453225,63.73189157047666,64.19242858886719,1309200
2014-05-23,64.37827932712223,64.60450723319387,64.21668972685625,64.46715545654297,1199800
2014-05-27,64.48330401369631,64.81457066698894,64.3863527311696,64.71761322021484,1830600
2014-05-28,64.68527983663739,64.75799944677712,64.20050503794128,64.2974624633789,1943100
2014-05-29,64.5802593680226,65.00847728996737,64.19243575773936,64.97615814208984,1320800
2014-05-30,65.00847834956633,65.84067638717384,64.85496393570764,65.80835723876953,2477600
2014-06-02,65.52558157283944,66.04267569123648,65.5175002435447,65.66293334960938,1578100
2014-06-03,65.61445594481661,66.25274532854527,65.52557981769945,66.14771270751953,2280400
2014-06-04,66.14773572935196,67.65054292004923,65.84070675999978,67.42430877685547,4563600
2014-06-05,67.4889040349721,67.58586146303823,66.99604789640006,67.52930450439453,2313400
2014-06-06,67.54547909293919,67.77170698813347,67.35157034909379,67.48892211914062,2429000
2014-06-09,67.45659492035506,68.3211120819968,67.38388146168055,68.07872772216797,2093000
2014-06-10,67.92521243238203,68.26455423029306,67.51315101249176,67.57778930664062,1889300
2014-06-11,67.34349044031134,67.5616431754546,66.76175803225992,67.0122299194336,2402300
2014-06-12,67.0930013393603,67.15763962089842,66.32543561564822,66.5920639038086,1928700
2014-06-13,67.028371934388,67.38387636568129,66.66479234001741,66.84254455566406,1625000
2014-06-16,66.60823007837502,67.10108621373388,66.48703483514403,66.91525268554688,1807000
2014-06-17,66.76175383702048,67.05262002276847,66.4628124869583,66.66480255126953,1735500
2014-06-18,66.68094985824068,66.89102122217444,66.43856551300638,66.81022644042969,2702500
2014-06-19,66.92334162127858,67.35964084796882,66.8263841828207,67.10916900634766,2352300
2014-06-20,67.00414375316383,67.37580472831043,66.58400713559517,67.16573333740234,4154500
2014-06-23,66.97181196107424,67.04453157522741,66.38200454211992,66.79405975341797,2964000
2014-06-24,66.8182881187186,67.04452209189202,66.46278991793704,66.60822296142578,2795800
2014-06-25,66.50319888554125,67.4889112683325,66.39008495613047,67.10916900634766,3735900
2014-06-26,67.0202954624896,67.18189119944216,64.45098180529115,65.87299346923828,7405900
2014-06-27,65.51748296476438,66.09114007268715,65.42053169578877,65.72755432128906,4008700
2014-06-30,65.52556207206416,65.92954211710062,65.2427772733879,65.31549072265625,3472900
2014-07-01,65.51749007094652,65.94571415760555,65.37206315170974,65.64676666259766,2141600
2014-07-02,65.44477234925122,65.84067109796747,65.16198752873962,65.49324798583984,2400500
2014-07-03,65.65483574199162,66.00225881192944,65.62251660010834,65.88914489746094,1042900
2014-07-07,65.54175596129818,65.70334559062356,65.25896486360493,65.48519897460938,2083500
2014-07-08,65.43668057853793,65.65483323686477,65.2912475277353,65.53363800048828,1815600
2014-07-09,65.56596151193523,65.83258981688849,65.0650240448333,65.15390014648438,2884000
2014-07-10,64.70145298876646,64.97615649238017,64.39442417384878,64.45098114013672,2965000
2014-07-11,64.53985725348163,64.72569080799744,64.27323507769391,64.45098114013672,2586700
2014-07-14,64.76608388015724,64.89535428936257,64.03891856510754,64.20050811767578,2595800
2014-07-15,64.11972045898438,64.52370054949499,63.9096490859297,64.11972045898438,3195000
2014-07-16,64.53178132145703,64.72569003724276,64.19243336352334,64.42674255371094,3423500
2014-07-17,64.35403276235343,64.71761239569126,63.97429047263549,64.02276611328125,2107700
2014-07-18,64.22475251019544,64.4671430281128,63.707658491935554,64.42674255371094,2818900
2014-07-21,64.51562930216598,64.79841417685873,64.14396830053438,64.47523498535156,1985800
2014-07-22,64.63680747139024,65.17813925454402,64.62872614446735,64.8711166381836,2105700
2014-07-23,64.96000949558174,65.2670321911271,64.79033857191868,65.11351776123047,2483700
2014-07-24,64.90343168213833,65.36396865971328,64.8226369107516,65.19429779052734,2065600
2014-07-25,64.89536438639196,65.30742582307356,64.7337748086821,64.94384002685547,1487600
2014-07-28,64.78224504805758,65.38013383283302,64.612574156334,65.1619873046875,1799200
2014-07-29,65.11346940901497,65.4124167178076,65.00843686690891,65.0973129272461,2416900
2014-07-30,65.12157567934553,65.33972833437885,64.7579961399509,65.03269958496094,1722500
2014-07-31,64.56410310407429,65.17007325936058,64.00660858865182,64.05508422851562,2745800
2014-08-01,63.70765536653842,64.21667419634383,63.30367529932607,63.58646011352539,2402700
2014-08-04,63.80461827190148,64.224754865553,63.42487598988632,64.11164093017578,2160900
2014-08-05,63.79653329964503,64.04699897592343,63.053211434127505,63.38447189331055,2163300
2014-08-06,62.42301217896605,63.13401499735461,62.10790816684232,62.891624450683594,3093600
2014-08-07,63.27136631258914,63.49759420026995,62.48764387008944,62.616920471191406,2138100
2014-08-08,62.79468311564982,63.76423312750111,62.51997337493448,63.723838806152344,2523000
2014-08-11,63.7965316772461,64.24898738140317,63.51374686214793,63.796531677246094,2931600
2014-08-12,63.739984720963406,64.03085090908455,63.287528945773914,63.48143768310547,2062500
2014-08-13,63.820777893066406,64.0308492823163,63.44103559243112,63.820777893066406,2103700
2014-08-14,63.982342079373595,64.0469741821289,63.731870335810726,64.0469741821289,1682400
2014-08-15,64.21669074207686,64.58027043054736,63.50568169547046,63.83694839477539,2533800
2014-08-18,64.16012011846675,64.62065716922704,64.09548182538713,64.4832992553711,1920700
2014-08-19,64.5883477912056,65.04080358269985,64.35403856653956,64.89537048339844,1663000
2014-08-20,64.89538365667944,65.03273545494334,64.53987908305612,64.96002197265625,1214500
2014-08-21,65.17006887541032,65.46901018679043,64.97615400050528,65.2993392944336,1360100
2014-08-22,65.1215949945093,65.29934723600005,64.96000541001634,65.04888153076172,1810200
2014-08-25,65.47707211882556,65.9295276977517,65.34779557384955,65.42859649658203,1733300
2014-08-26,65.68716222878552,66.24465053693207,65.60636128291941,65.94570922851562,2432900
2014-08-27,65.81641380302015,65.91337121175216,65.2508443293625,65.42859649658203,1728000
2014-08-28,65.11349916410548,66.0911362745679,64.9034339838993,65.46092224121094,1846100
2014-08-29,65.70331935146851,65.70331935146851,65.0569487638019,65.49324798583984,1416600
2014-09-02,65.40437487105005,65.84067411306785,65.37206188800909,65.54173278808594,1754000
2014-09-03,65.88913704668815,66.22039742409122,65.68714705716948,66.13960266113281,2041300
2014-09-04,66.36585293010766,66.38201558671811,65.86491536738946,66.05883026123047,2781100
2014-09-05,66.01034818809065,66.30929569169831,65.82452078755544,66.11538696289062,2276700
2014-09-08,66.0507481669804,66.29313869934714,65.88107726002261,66.03459167480469,1880100
2014-09-09,66.01032789510857,66.04264703401549,65.20236791517215,65.40435791015625,2173800
2014-09-10,65.40437716474753,65.7275624847147,65.20238711029897,65.61444854736328,1922600
2014-09-11,65.49325622810369,65.87299853382953,65.29934749309918,65.85684204101562,1856200
2014-09-12,65.68716820739063,65.89723342587108,65.10543586398906,65.42053985595703,2801800
2014-09-15,65.43668597325917,65.56596254651744,65.00038678488195,65.12158203125,1949200
2014-09-16,64.50755123377482,65.01657019819915,63.974300609435346,64.70954132080078,4188400
2014-09-17,64.69337701482792,64.80649095676488,64.11164464815359,64.3782730102539,3119200
2014-09-18,64.70143082364832,65.21044334586462,64.4671217109391,65.00845336914062,3034400
2014-09-19,65.15389685795327,65.31548639957408,64.35401814771218,64.58024597167969,4365500
2014-09-22,64.57218441816212,64.57218441816212,63.88541940960847,64.0066146850586,3698500
2014-09-23,64.0066140938289,64.32171810853993,63.7480670519058,64.31363677978516,4313400
2014-09-24,62.98050539134073,64.98424972625851,62.665401355112444,64.79841613769531,6875200
2014-09-25,64.61256949940824,64.72568341907132,63.457186322067166,63.81269073486328,5547600
2014-09-26,64.01469574244337,64.12780968858442,63.626872095497035,64.06317138671875,2912100
2014-09-29,63.23095595019343,64.62064823810367,63.085522892987804,64.5721664428711,2967300
2014-09-30,64.47522656978212,66.06690298937146,63.6995793515113,65.70332336425781,5449100
2014-10-01,65.59020456351321,65.64676152687419,64.26515042398742,64.41058349609375,3785700
2014-10-02,64.22475279874702,64.48329980903858,63.6268639932441,64.17627716064453,3046100
2014-10-03,64.63682343622347,65.1458362016545,64.63682343622347,64.89537048339844,2588200
2014-10-06,64.96000281297421,65.39630207075935,64.82265105522164,65.22663116455078,2475100
2014-10-07,65.0488630356735,65.08925733818783,63.66725213906999,63.67532730102539,2991100
2014-10-08,63.35215320880026,64.70144507101408,63.33599055512616,64.50753021240234,4899600
2014-10-09,64.58832656284096,64.64488351818908,63.11783955954448,63.17439651489258,3949100
2014-10-10,63.35215969167028,63.68342015493249,62.05134332887284,62.083656311035156,3389400
2014-10-13,62.08367199115566,62.471495681769554,61.6069783307797,61.63929748535156,3332200
2014-10-14,61.92204713744105,62.334108418382606,61.38879680114456,61.54230499267578,6816800
2014-10-15,60.764332710989486,62.394000647063194,60.58417416211669,62.115562438964844,4809700
2014-10-16,61.36215678615343,62.729762405505504,61.09190956855804,62.36124801635742,4648200
2014-10-17,62.918120961354994,63.04096117903962,62.500466720392474,62.74614715576172,2738000
2014-10-20,61.97635755149838,62.84441763910687,61.689734527091176,62.5987434387207,2457700
2014-10-21,62.91812135353715,64.05642863187816,62.71338973875765,63.818939208984375,2382800
2014-10-22,63.95814478881061,64.60509733587543,63.401274637407475,63.43403244018555,2421600
2014-10-23,64.05642547442699,64.26934809271802,63.62239547215461,63.941776275634766,1976700
2014-10-24,63.95816356111719,64.75252332987917,63.93359676380107,64.16289520263672,2314000
2014-10-27,63.90082770207492,65.03913492869864,63.827127323101024,64.71156311035156,3383300
2014-10-28,64.92446489664364,65.08825387721731,64.69516657175126,65.08006286621094,2465400
2014-10-29,65.08007613025757,65.47315726792719,64.6951797573517,65.14559173583984,2432800
2014-10-30,64.98180301888482,66.0464097467706,64.98180301888482,66.02184295654297,2775400
2014-10-31,66.39855475491888,66.67698673503824,66.28390555746823,66.43131256103516,3089700
2014-11-03,66.35761289945663,66.63605115671047,66.06279886138236,66.30847930908203,2306800
2014-11-04,66.24296420103215,66.57053605118777,66.15288178604152,66.45588684082031,2371300
2014-11-05,66.74250850004981,67.561434984713,66.61966827776769,67.54505920410156,3201700
2014-11-06,67.30755061816284,68.22474402128914,67.24203501853624,68.16741943359375,2606900
2014-11-07,68.16742869930681,68.58508289380693,67.74158973967444,68.36397552490234,2504900
2014-11-10,68.1019262155276,69.07644443721699,68.1019262155276,68.92085266113281,2444500
2014-11-11,68.89628392447815,69.19928897753391,68.60966090018938,68.74069213867188,1650300
2014-11-12,68.6506178379216,68.96999870957822,68.43769517417917,68.88810729980469,1929600
2014-11-13,68.81439125727569,69.42858611854793,68.62604166531695,69.15015411376953,2337200
2014-11-14,69.01092928999478,69.39582572170507,68.83077071898695,69.31393432617188,2777200
2014-11-17,69.14195585972953,69.43676986210349,68.89627544178038,69.3221206665039,1890200
2014-11-18,69.32212256962161,69.42038974116898,68.85533476103343,69.0354995727539,2715500
2014-11-19,68.83895799852235,68.9536072060376,68.34760335946935,68.49501037597656,2117400
2014-11-20,68.36398797380525,68.71612662389705,68.10193173987042,68.33123016357422,1573400
2014-11-21,69.05186435119995,69.09281316476284,68.55231881570903,68.8553237915039,2204300
2014-11-24,68.78162927373444,69.60874671946367,68.78162927373444,69.55142211914062,2003200
2014-11-25,69.44497241483167,69.91994505499146,69.42859038535956,69.87081146240234,3475200
2014-11-26,69.83804082195921,69.84623183519057,69.45314442294796,69.73158264160156,1930100
2014-11-28,69.84623749728917,70.82894673569048,69.76434610207454,70.69792175292969,1725100
2014-12-01,70.32939991849301,71.3121153882618,70.10829253034493,70.42767333984375,2743600
2014-12-02,70.30482860152719,70.60783361192782,69.81347402221434,70.41129302978516,2504300
2014-12-03,70.75527130344116,70.91905415162199,70.24753447741634,70.8535385131836,1728400
2014-12-04,70.76345421505414,70.8862882131629,70.37036667736275,70.70612335205078,1724400
2014-12-05,70.68151145952568,70.82891841112898,70.49316195064453,70.58324432373047,2229900
2014-12-08,70.55871496830362,70.55871496830362,69.42040130892612,69.58419036865234,2179100
2014-12-09,68.92905451564395,69.7889299958707,68.78164746897407,69.75617218017578,1652900
2014-12-10,69.77255017878065,69.86263261282244,68.47865078129024,68.56873321533203,1967700
2014-12-11,69.10102212524839,69.96089752786528,68.52777602211309,68.69155883789062,2369300
2014-12-12,68.30664887967912,68.35578246064746,67.03731055609207,67.070068359375,2784800
2014-12-15,67.25841198644963,67.84803989771541,66.89808867794065,67.05368041992188,3154600
2014-12-16,67.15199526566947,68.9700136981382,66.8735631623478,67.86446380615234,4386500
2014-12-17,67.97088290427158,69.86260065805868,67.8480427096815,69.85441589355469,5081000
2014-12-18,72.16379132598534,74.51410592298924,71.89354413430165,73.49044799804688,8918400
2014-12-19,73.82621870106139,74.81711892875266,73.40856447355091,74.12103271484375,6480600
2014-12-22,73.76890555011538,74.72704811965716,73.51503406956586,74.66972351074219,2986500
2014-12-23,74.80892448708137,75.13649629270839,74.27662108392654,74.86624908447266,2148500
2014-12-24,74.91537873779244,75.2920840763116,74.77615652197596,74.78434753417969,914900
2014-12-26,74.84988633632382,75.11194257686414,74.66972149946855,74.73523712158203,1194000
2014-12-29,74.44043042579784,74.56327066742065,73.8999358618232,74.12923431396484,1994000
2014-12-30,74.11282815954544,74.3912600950699,73.69517400834711,73.85896301269531,1721900
2014-12-31,73.85078149617911,74.096461910335,73.12193751487246,73.13831329345703,1754500
2015-01-02,73.4331437777816,73.77709143648967,72.41767658391848,72.75343322753906,2021300
2015-01-05,72.09829198892618,72.3275904161906,71.39401467780627,71.52503967285156,3000000
2015-01-06,71.65607751978771,71.87718495276657,70.43587863486673,71.00912475585938,2867000
2015-01-07,71.37762474786578,72.67971466512189,71.37762474786578,72.49954986572266,2865500
2015-01-08,72.88447222082871,73.82623912270323,72.75344095716308,73.6051254272461,2802900
2015-01-09,73.66243988947238,73.82622894647771,73.19565201085615,73.52322387695312,2399900
2015-01-12,72.97453693293988,73.71975675836164,72.81075414104212,73.30210876464844,2418500
2015-01-13,73.51500812469563,74.80072211196118,73.00727783861198,73.56414794921875,4007000
2015-01-14,73.32667048031965,73.32667048031965,72.0655230767274,72.70428466796875,2377900
2015-01-15,72.89264388745288,72.96634426776515,71.79527921324923,72.20474243164062,1821000
2015-01-16,71.8607893621057,72.89263834338732,71.69700658637129,72.79436492919922,2657400
2015-01-20,72.79436481798396,73.22839479613825,72.00000523626959,72.57325744628906,2333600
2015-01-21,72.35215463741869,72.5814530565229,71.84442420880602,72.34396362304688,2040800
2015-01-22,72.65517587391348,73.34307128445417,72.02459883300313,73.29393768310547,2656900
2015-01-23,73.3021103987649,73.6378670040142,72.99910535429484,73.06462097167969,1939100
2015-01-26,72.91720862436709,73.04823360164228,72.26206499425307,72.94996643066406,1997200
2015-01-27,72.02458108520487,72.32758613065847,70.42767695572294,70.55870819091797,3689000
2015-01-28,71.18926564847818,71.3448636494864,69.06005845406817,69.08462524414062,3469100
2015-01-29,69.56779704588637,70.18199186235239,68.74068585820932,70.13285827636719,3590600
2015-01-30,69.70702521460736,69.96908144200421,68.6751760857702,68.81439208984375,3837500
2015-02-02,69.13377797073646,70.30484318917276,68.35580024606017,70.28846740722656,3088500
2015-02-03,70.6324020401168,72.03276543516264,70.40310364765259,72.00000762939453,3501300
2015-02-04,73.03186772731051,73.03186772731051,71.38582366314296,71.52503967285156,2764100
2015-02-05,72.1556025734898,72.50774116061743,71.5250257731413,72.4504165649414,2102000
2015-02-06,72.55686882750005,72.96633197691925,71.93448309096755,72.1883544921875,2386500
2015-02-09,71.66426020825361,72.25388829157149,71.32849734217572,71.54141998291016,2670500
2015-02-10,71.85260439240412,71.99182663619189,70.98454436175759,71.67243957519531,2573800
2015-02-11,71.6724613935868,72.20476499340668,71.45135393564784,72.03279113769531,1829800
2015-02-12,72.114674628737,73.0646324867928,72.04916524894092,72.95816802978516,1931300
2015-02-13,72.95815792607951,73.53960123159312,72.94997315968482,73.53141021728516,1774400
2015-02-17,73.40035259020583,73.53138378037028,72.74521538311664,73.13011169433594,1915900
2015-02-18,72.88445651846577,73.31029553780647,72.76980731141585,73.2365951538086,1508900
2015-02-19,73.31848802603217,74.01457429651924,73.18746303587515,73.92449188232422,1751700
2015-02-20,73.71975597520999,74.50593086212389,73.13831894786281,74.10465240478516,2950600
2015-02-23,74.19474044061504,74.35033847660448,73.80984398184962,74.17017364501953,1579000
2015-02-24,73.84261994370979,74.52233061253249,73.61332146456839,74.39949035644531,1592000
2015-02-25,74.22749810544454,74.8826418103052,73.97363288756989,74.19474029541016,1732900
2015-02-26,74.37492054379051,74.71068348030795,73.70340091867033,73.94908142089844,2156800
2015-02-27,73.74435597173976,74.32579321161266,73.58875789067686,73.72797393798828,1686100
2015-03-02,73.72795672321307,74.71885710469394,73.48228250554054,74.66972351074219,1975000
2015-03-03,74.66971939008945,74.74341977694992,74.15379793832591,74.39128112792969,2888300
2015-03-04,74.38307753596686,74.68607626914842,73.75250078437745,74.44859313964844,2728800
2015-03-05,74.77616921256384,75.488637445323,74.66971102749476,75.3821792602539,3019600
2015-03-06,75.03004381501891,75.3002847958858,74.10465292518104,74.25205993652344,3735000
2015-03-09,74.3011777060789,74.48952723535524,73.81800799376128,74.35031127929688,1464200
2015-03-10,73.6706314902046,73.87536312715423,72.10648503282458,72.11466979980469,3230200
2015-03-11,72.30300767101387,72.8025532407525,71.05005136419511,71.13194274902344,4320400
2015-03-12,71.27116665239201,72.31120672387763,71.13195065791375,72.22930908203125,2164100
2015-03-13,72.21293349458321,72.23750028803735,70.75524543578356,71.95906829833984,3617200
2015-03-16,72.32758301954534,72.9663446438623,72.18017601024813,72.81075286865234,2246000
2015-03-17,72.3521609590463,72.78619103997515,72.23751173947694,72.75343322753906,2210900
2015-03-18,72.72067001958341,74.80892868273958,72.36853140216937,74.46498107910156,2664900
2015-03-19,74.43220890813487,74.8007232340729,73.69517400834711,73.85896301269531,2658500
2015-03-20,74.43222018848547,75.05460600350912,74.12103040492995,74.91539001464844,3558200
2015-03-23,74.83349970864856,75.1610715511745,74.69428370614682,74.96453094482422,1916200
2015-03-24,74.92358487053305,74.92358487053305,73.11375802786725,73.22022247314453,2948600
2015-03-25,73.22022629609586,73.66244113771958,72.21294388416366,72.23751068115234,3607100
2015-03-26,74.93998255075778,77.78165914195135,74.47319459111515,77.11832427978516,7157000
2015-03-27,76.91356487282064,77.09372967787326,75.87353110898854,76.92994689941406,4352000
2015-03-30,77.10193640247527,77.66699147684128,76.92996257567572,77.32304382324219,3333100
2015-03-31,76.9872682805027,77.38034943154868,76.61056290745353,76.72521209716797,2708600
2015-04-01,76.61874389648438,76.92174888174648,75.89809098980794,76.61874389648438,2736100
2015-04-02,76.73341549630628,77.32304361397397,76.24206081422112,77.12650299072266,2145700
2015-04-06,76.53685159129223,78.61692515236464,76.26660441158214,78.3630599975586,2563700
2015-04-07,78.32211505632766,79.2556905888454,77.912651884244,78.93630981445312,4232700
2015-04-08,79.01081050784414,79.59019380523279,78.34866628691707,78.72940063476562,2651600
2015-04-09,78.96114342333064,79.17634327281594,78.3652092645928,79.01908111572266,1952200
2015-04-10,79.00251000955026,79.01906724146077,78.24104152474474,78.37347412109375,2158000
2015-04-13,78.08381832373998,78.53076908714334,77.33890669947128,77.38028717041016,2443900
2015-04-14,77.44649893445425,77.98449554282828,77.15681039601793,77.6451416015625,2087000
2015-04-15,78.02585398401536,78.21622429252277,77.81066045320578,77.934814453125,2093900
2015-04-16,77.72791831478072,77.98449869996368,77.5292693248938,77.85206604003906,1934800
2015-04-17,77.21475900365019,77.31408350859363,76.27947692903149,76.46984100341797,2647800
2015-04-20,76.96644556373268,77.43822587872208,76.66020607884123,77.19819641113281,3294400
2015-04-21,77.72790497300835,77.8023935953776,76.86711177546142,76.9747085571289,1949800
2015-04-22,77.25612981190216,77.4961592660972,76.7760772182487,77.28923797607422,1896200
2015-04-23,77.28923325873141,78.02587250107354,76.85056116101491,77.66996765136719,2165500
2015-04-24,77.21474027072051,77.65341234367142,76.67674371692308,77.3057861328125,2249800
2015-04-27,77.82723962420654,78.1334854265429,77.41339701740783,77.60376739501953,2155500
2015-04-28,77.4713455845901,78.20798502272632,76.75953569598283,78.1500473022461,1976300
2015-04-29,78.0093280446518,78.14176070423626,76.90023293694738,77.5127182006836,1701900
2015-04-30,77.16507928694017,77.6865185903845,76.25462068844664,76.68502044677734,1804800
2015-05-01,77.23955877560094,77.52924724325689,76.72639183665686,77.27266693115234,1851300
2015-05-04,77.66997168625755,78.59698133044306,77.60376167325161,78.16658782958984,1990600
2015-05-05,78.16659024922416,78.41489201383988,77.33890507103156,77.5127182006836,1769000
2015-05-06,77.52098371344618,77.77756405458786,76.63535466037379,76.9747085571289,2386600
2015-05-07,76.91677532222411,78.48937824913675,76.75951313511203,78.20796203613281,2466600
2015-05-08,79.10187834082035,79.69781272553486,78.62181938482952,79.36673736572266,2411700
2015-05-11,79.04392802002953,79.82195404429307,78.96943939118876,79.46604919433594,2837700
2015-05-12,78.88666866800071,79.14325535540628,78.17485894246406,78.97771453857422,2065100
2015-05-13,79.12667767230914,79.54052013535966,78.69628428921996,79.1928939819336,1784400
2015-05-14,79.57365441915921,80.28546419451635,79.50743808779183,80.26891326904297,1504600
2015-05-15,80.14474608533335,80.48409367715986,79.838500339026,80.302001953125,2578500
2015-05-18,79.96266001146643,80.89794192449925,79.96266001146643,80.66619110107422,2110900
2015-05-19,80.87308970519824,81.0717323103313,80.21921788545339,80.43441772460938,1672000
2015-05-20,80.55858643309273,80.93104217507988,80.0288685128402,80.32683563232422,1441100
2015-05-21,80.10336572012481,80.32684424105616,79.6978017753151,80.1447525024414,1677800
2015-05-22,79.87160921732813,80.02887140126946,79.39155036141791,79.78056335449219,2083000
2015-05-26,80.17783367916145,80.42613534527865,79.24254575739067,79.53223419189453,2397400
2015-05-27,79.71432037951786,80.24403814176878,79.40808104758975,80.09505462646484,1513600
2015-05-28,80.03715619825574,80.3020152092829,79.52399541643017,80.21097564697266,1202700
2015-05-29,80.10336811879571,80.26063031862424,79.2922402048873,79.49088287353516,1713800
2015-06-01,79.60674213397473,79.95436831224343,79.13496194497141,79.61502075195312,1422100
2015-06-02,79.4246654789974,80.16130475029536,79.1432555617539,79.73091125488281,1152300
2015-06-03,80.09509382051934,80.50893641946014,79.74746755294592,80.26891326904297,1322900
2015-06-04,79.52398006861112,80.11163568857684,79.20118340855582,79.39982604980469,1535100
2015-06-05,79.38327224577083,79.5074199453348,78.49764322397795,78.96115112304688,1753900
2015-06-08,78.7625001947041,78.96114280782334,78.35693003638656,78.439697265625,1449700
2015-06-09,78.84527275868388,78.96114815040488,78.0093091629235,78.58041381835938,1284800
2015-06-10,78.87837515195422,80.21922067667523,78.78732930586392,79.88814544677734,2131100
2015-06-11,80.00402187533099,80.4344152255362,79.91297603523739,80.2192153930664,1857600
2015-06-12,79.71432514408212,80.03712172741206,79.39980717730106,79.54051208496094,2034700
2015-06-15,78.70456748833816,79.41637712851222,78.3734985238499,79.28395080566406,1961500
2015-06-16,79.35843085572084,80.22750258046213,79.13495869735782,80.0371322631836,1675300
2015-06-17,80.27716762497552,80.54202657648747,79.48259077043966,80.22750854492188,1839900
2015-06-18,80.33510907161379,80.86482699935364,80.11163688620995,80.54203033447266,2003400
2015-06-19,80.26890010760583,80.83172620247,80.1116379250783,80.302001953125,2353900
2015-06-22,80.80687134401774,81.9904609571804,80.7323827370122,81.60144805908203,3081900
2015-06-23,81.97394809545534,82.30502345912045,80.88968243632102,81.32007598876953,2513300
2015-06-24,81.12139366095917,81.44419024626308,80.11161713678415,80.92274475097656,2533000
2015-06-25,82.94231074469403,83.15751060672909,82.07324530813266,82.33810424804688,5103200
2015-06-26,82.74366657993276,83.05818459187809,81.54351959737474,81.94081115722656,4990400
2015-06-29,81.22900341928765,81.99875070315639,79.9047087144423,80.02058410644531,3025000
2015-06-30,80.85655180870367,80.85655180870367,79.92954231088717,80.10335540771484,2572500
2015-07-01,80.8979294459484,81.76700121447381,80.54202464637667,81.16278839111328,2259500
2015-07-02,81.35315529325622,81.70906007784542,79.87987707812631,80.55857849121094,2456700
2015-07-06,79.82195248090899,80.76551298282902,79.71434937726484,80.56686401367188,1817900
2015-07-07,80.94761131608901,82.02359823713714,79.99577211746967,81.67597198486328,3089500
2015-07-08,82.31328107257241,82.31328107257241,80.24406831242996,80.79862213134766,2623300
2015-07-09,81.77528366225336,82.0153067644919,80.82344461280002,80.90621185302734,2734900
2015-07-10,81.71733993825403,82.17256288331218,81.13795666990477,81.75872039794922,2536200
2015-07-13,82.23051371168341,83.40582504228638,82.0153138167993,83.22373962402344,3488900
2015-07-14,82.7767749582784,83.48858453198567,82.54502417888256,83.3809814453125,2394900
2015-07-15,83.23199248703665,83.35614648642117,82.4788025029774,82.72710418701172,1858600
2015-07-16,83.22371659497902,84.10933915744604,83.22371659497902,83.9686279296875,1858500
2015-07-17,84.05968169199345,84.05968169199345,82.90920011406212,83.16578674316406,1544700
2015-07-20,83.34786842462623,83.75343857963402,83.04162904746966,83.36442565917969,1579000
2015-07-21,83.07475766985348,83.77828875807755,82.93404640041962,83.09130859375,1534400
2015-07-22,83.0250864945744,84.83771879989246,82.97542741160214,84.69701385498047,2775300
2015-07-23,84.83772358737386,85.50814650427556,84.56458598614122,84.7715072631836,2308100
2015-07-24,84.56457772753278,85.08602333618619,83.49686328449917,83.73689270019531,2114800
2015-07-27,83.31478711213911,83.60447564085064,82.80162006503849,83.09130859375,1871100
2015-07-28,83.5217267272572,84.2252579699261,83.1409859319544,84.16732025146484,1708400
2015-07-29,84.1673047761001,85.01154084913034,84.02659350164794,84.79634094238281,2071700
2015-07-30,84.47353012128501,85.24327743336944,84.10107439258485,84.97014617919922,1447200
2015-07-31,85.25155973058938,86.07096615793213,85.19362202996383,85.34260559082031,2402100
2015-08-03,85.39226110447342,85.89714946657003,84.74666780598544,85.42536926269531,2177600
2015-08-04,85.42536903475677,86.57585069227156,85.34260179679065,85.59918212890625,2141300
2015-08-05,86.90693795966189,87.18007556592899,86.18684962897676,86.49309539794922,2569900
2015-08-06,86.3275381137639,86.79103963982931,85.25154521141526,85.33431243896484,1643800
2015-08-07,85.27638099227244,85.93853149062213,84.94530574309759,85.8640365600586,1760600
2015-08-10,86.33581724138882,87.2131676040295,86.19511231195779,87.07245635986328,1763800
2015-08-11,86.73312668078295,86.86555301967634,85.59092345953937,85.73162841796875,1940000
2015-08-12,85.0694638519673,85.95508655523201,84.70528042884466,85.88887023925781,2357100
2015-08-13,86.11236029728617,86.15374076427845,84.97842941412779,85.5743637084961,2358200
2015-08-14,85.2515676580922,85.69023976286826,84.7715087712769,85.6240234375,2055600
2015-08-17,85.52470308847624,85.69851620209393,84.77978523387465,85.64885711669922,1874600
2015-08-18,85.7812947788327,86.15375059795724,85.33434400704105,85.96338653564453,1952300
2015-08-19,86.10407037101808,86.2116734634877,84.85426424082469,85.14395904541016,2082100
2015-08-20,84.57287402575813,85.79785090078074,82.66092323363367,82.74369049072266,3459900
2015-08-21,82.24706250483528,82.56985915664846,80.35993535958102,80.3930435180664,3360600
2015-08-24,75.60076106099545,78.01760657783106,73.19220047879563,76.70158386230469,5216500
2015-08-25,78.97772310819747,79.25913936997932,76.18842792533681,76.2629165649414,4313200
2015-08-26,78.07553708513994,78.85355678598233,76.47810458777857,78.66319274902344,3998900
2015-08-27,79.63158402434362,79.87161346506397,77.76929251868151,79.23429870605469,3993100
2015-08-28,78.92806181033,79.57365526115095,78.56387829869273,79.33362579345703,3221800
2015-08-31,78.80387417195315,79.176336145001,77.95963839956642,78.02584838867188,2725400
2015-09-01,76.04769294441496,77.38854487218967,75.88215847593003,76.38704681396484,3869300
2015-09-02,77.46303599518261,78.17484559922435,76.41187882534538,78.15829467773438,2539300
2015-09-03,78.63834666670931,79.40809390125516,78.34865820526407,79.13495635986328,2815400
2015-09-04,78.05896744393468,78.7293965631732,77.53752818651377,78.17484283447266,3421400
2015-09-08,79.68125860737706,80.56688159861089,79.46606498259175,80.38479614257812,2508200
2015-09-09,80.63305004350181,80.98895475277753,78.90319187812166,79.0604476928711,2099700
2015-09-10,78.95288532815178,80.58342607109859,78.92805578420624,80.1281967163086,3342100
2015-09-11,79.94609190304811,80.65790151520847,79.4577607793315,80.57513427734375,1982700
2015-09-14,80.62480059124792,80.69928921175494,79.78883695538994,79.8798828125,2002500
2015-09-15,80.28544001003999,81.62629190000712,79.57363044910207,81.311767578125,2090800
2015-09-16,81.29522965204258,82.23051152010498,81.16279700803231,81.90771484375,1741900
2015-09-17,81.90771606090806,82.71885023068442,81.40282764890426,81.55181121826172,2397500
2015-09-18,78.45625101787003,81.53523980085735,78.45625101787003,80.72410583496094,3629600
2015-09-21,81.15452947049296,82.04842461112162,80.83173277517832,81.46904754638672,2345900
2015-09-22,80.39304565854098,80.97242897535824,79.58191785562683,80.83999633789062,2920500
2015-09-23,80.96414526068578,81.41109591190289,80.55030276675164,80.99725341796875,2816500
2015-09-24,79.26737505619371,81.11311504435966,79.18460783440142,80.92274475097656,4054600
2015-09-25,81.41110537118047,81.4524921512768,79.76401382207047,80.23579406738281,3413400
2015-09-28,79.89641767699223,80.55028946721663,79.29221127185976,79.4163589477539,3025500
2015-09-29,79.53225506834661,80.1033597853739,79.06875345147573,79.95437622070312,3371600
2015-09-30,80.81516401324573,81.42764915359618,80.57513460215564,81.32833099365234,3704100
2015-10-01,81.50215498275807,81.94082708710901,80.32684362492414,81.47732543945312,3222700
2015-10-02,80.3516828854903,82.28846327433503,79.71436172815322,82.26363372802734,2610200
2015-10-05,82.74367810213654,84.2666156117142,82.71884856020108,84.10935974121094,2228200
2015-10-06,84.0100326538086,84.38248840076368,83.5051442676561,84.0100326538086,2460800
2015-10-07,84.4238752312256,84.94531454023121,83.82794098394156,84.93704223632812,1954200
2015-10-08,84.84599433082873,87.13040047071853,84.58113537338923,86.91520690917969,3450100
2015-10-09,86.99796818459338,88.13189887308974,86.63378477505742,86.7248306274414,3835700
2015-10-12,86.65036655978496,87.08903871024188,86.58415022752129,86.94833374023438,2356700
2015-10-13,85.25156548933296,86.59241762761584,85.02809329032058,85.64885711669922,2585600
2015-10-14,85.51501607777851,86.12571452849004,84.66170282482159,85.6906967163086,2421100
2015-10-15,86.20936556871301,86.20936556871301,85.45644409118599,85.5819320678711,2737800
2015-10-16,86.16750523840395,86.17587280273438,85.48151176268303,86.17587280273438,2190500
2015-10-19,85.9834626647554,86.43521542901532,85.82451084513193,86.25116729736328,2021700
2015-10-20,86.45197075146989,86.70294671406926,86.03368173552683,86.56072998046875,2817900
2015-10-21,86.9790101755196,87.35546769865674,85.66558305396171,85.7659683227539,1964500
2015-10-22,86.08389466851959,89.18759890245711,86.08389466851959,89.0621109008789,2483400
2015-10-23,89.76480663428936,90.5428242968207,88.90312607996854,90.342041015625,2972600
2015-10-26,90.24166086886729,90.71851001919619,89.84846823248358,90.3253173828125,1479900
2015-10-27,89.97397161052437,90.52610980323058,89.75645953093273,90.2416763305664,1792300
2015-10-28,90.25839226601938,91.90645180766973,89.84847086785626,91.79769897460938,2910400
2015-10-29,91.24554800310976,91.50488510031941,89.91539225377724,90.30857849121094,2484300
2015-10-30,90.39224100677679,90.67667441767922,89.68114471435547,89.68114471435547,2529200
2015-11-02,89.58077508862189,90.29186512255791,89.58077508862189,90.01579284667969,2484600
2015-11-03,89.53892968545456,90.09107415119088,89.41344172664333,89.7731704711914,2443200
2015-11-04,89.78989122718744,89.78989122718744,89.06206628867754,89.11225891113281,2625600
2015-11-05,89.11228463797558,89.48038099580202,88.6019779363301,88.75255584716797,1841800
2015-11-06,88.10838809987983,88.88640583686109,87.91597236596698,88.67726135253906,2204900
2015-11-09,88.03311046129348,88.45139948368707,87.46423713553482,87.74030303955078,2174100
2015-11-10,87.4893020201023,88.00797613665313,87.42237426874682,87.89922332763672,1580900
2015-11-11,88.09168164196657,88.3510188257272,87.87416953610474,87.92436218261719,1808400
2015-11-12,87.69010908448124,88.0331091413414,87.137970902144,87.27182006835938,1830700
2015-11-13,87.00408141166652,87.42237026460722,86.18423245156693,86.2929916381836,2039300
2015-11-16,86.74478069455908,89.02863521386318,86.63602146239333,88.9533462524414,4147900
2015-11-17,89.01190782623246,89.47202193467393,88.15859462152754,88.91988372802734,2898700
2015-11-18,89.43854011376393,90.35040689751598,88.9198595542152,90.25001525878906,2438900
2015-11-19,90.25003820747108,90.710158690407,89.54731570544243,89.74809265136719,2527800
2015-11-20,89.99905251061813,90.60975080674281,89.99905251061813,90.3253173828125,3405400
2015-11-23,90.32534249464324,90.69343891743812,89.97398120883977,90.21658325195312,2238800
2015-11-24,89.84008924405101,90.13289019692402,89.27121608593399,89.80662536621094,2547400
2015-11-25,90.09106499305297,90.13289005334987,89.53055301835225,89.59748077392578,1789000
2015-11-27,89.56403392293423,90.14964232165805,89.45528108638906,89.89866638183594,995700
2015-11-30,89.99904450604546,90.17472508448014,89.5974843392074,89.6978759765625,2868800
2015-12-01,89.75645266696142,90.55956676567075,89.69789246338628,90.45917510986328,2433700
2015-12-02,90.27511918233337,90.89418500644031,89.94048676461145,90.00740814208984,1780300
2015-12-03,89.96560455437657,90.4926464298538,88.15023171181537,88.61871337890625,2587500
2015-12-04,88.91987821447545,91.40451594678339,88.88641432787725,91.27066040039062,1970100
2015-12-07,91.29574814151701,91.73077224383476,90.55119428677105,91.13680267333984,1618700
2015-12-08,89.9070277493821,91.38776782100152,89.8400999856998,91.11170196533203,2293500
2015-12-09,90.81891344010968,91.71405172171046,89.29634160460414,89.75646209716797,1994700
2015-12-10,89.7564557052943,90.76871433426406,89.37999177021025,90.01579284667969,2313200
2015-12-11,89.06207892293251,89.27959095539755,87.85740475245862,88.0916519165039,3066800
2015-12-14,88.41792600427738,89.60586516718564,88.15022131428984,88.97843170166016,3071800
2015-12-15,89.748083671928,90.34205326519148,89.07045755811453,89.27960205078125,2859500
2015-12-16,89.78155008128388,91.37104954676366,89.37998983573539,91.2539291381836,3146800
2015-12-17,89.51383210086524,89.639320057897,86.36829752216029,86.3850326538086,7181300
2015-12-18,86.2762678400209,86.2762678400209,85.25564826618144,85.27237701416016,5473700
2015-12-21,86.10058897695842,86.44358895187464,85.4898907335655,86.15914916992188,2176200
2015-12-22,86.41014440675912,86.95392139599299,85.95002394296496,86.80333709716797,1815100
2015-12-23,87.05427736555858,87.54786154987399,86.7949403092294,87.3554458618164,1491800
2015-12-24,87.18815037815334,87.66499952923512,87.16305406218844,87.19651794433594,686200
2015-12-28,86.70294094053523,87.17142256476849,86.5188927645626,87.07103729248047,1400900
2015-12-29,87.42238199375957,88.34261631717744,87.42238199375957,88.1083755493164,1563100
2015-12-30,88.09166849539059,89.00353547806726,87.76540357658116,88.56015014648438,2047300
2015-12-31,88.17532290842743,88.61870822938589,87.3220097700008,87.42240142822266,1987700
2016-01-04,85.84961025639475,85.8747065674635,84.46925570437855,85.18871307373047,2817000
2016-01-05,85.30585333995741,86.05877476050533,84.88756437105116,85.63211822509766,2409000
2016-01-06,84.33539768973858,86.21769755480524,84.10952451426643,85.46478271484375,3134200
2016-01-07,83.44864841002993,84.36051528891569,82.68735943107049,82.95507049560547,3194700
2016-01-08,83.22277209217557,83.4988379477221,81.984633994936,82.15194702148438,2330200
2016-01-11,82.38619268668359,83.42354747398315,82.05156025712745,83.01362609863281,2734400
2016-01-12,83.62431446818779,84.73696445200177,83.1892968291276,84.50272369384766,2811000
2016-01-13,84.82064328622145,85.12181187816613,82.60371029985568,83.03873443603516,3160200
2016-01-14,82.92160230491885,85.72413694470661,82.74592171488135,85.23055267333984,4285500
2016-01-15,82.60371851697315,84.5027543485659,82.3611101058515,83.04710388183594,5184300
2016-01-19,83.79165137036664,85.28912029911108,83.47374766134642,84.81227111816406,3477500
2016-01-20,83.02198319253496,83.816735971406,81.26517100213002,82.87139892578125,5245000
2016-01-21,82.85466724556102,83.58249223954763,81.98462555538987,82.22723388671875,4499300
2016-01-22,83.4821320526892,85.6321375836071,83.28971627515708,85.53174591064453,3609700
2016-01-25,85.50661303286431,86.29299817841982,84.6951315754433,85.12178802490234,2962100
2016-01-26,85.15526428697117,86.27627559722103,84.87082448510091,85.77433013916016,2925500
2016-01-27,85.8914472360397,86.66946490007105,84.77043596882383,85.29747772216797,3044300
2016-01-28,86.03366039125049,86.66109375950377,84.98793811082835,86.23444366455078,3378800
2016-01-29,86.47706960519649,88.38446641179605,86.36831038103787,88.29244232177734,4878500
2016-02-01,87.63152080653929,89.34650777631097,87.61479205959003,88.91148376464844,3693100
2016-02-02,88.06658194705645,88.35938941528256,86.5440099191375,86.85354614257812,2992900
2016-02-03,87.38056101861747,87.57297674817447,84.17647244210029,85.41460418701172,4535300
2016-02-04,85.51500905795929,86.18426766657556,84.81228017894063,85.94166564941406,3875400
2016-02-05,85.68230313271039,85.82451983749445,82.46984720482692,82.79611206054688,3894500
2016-02-08,80.85525716859281,80.85525716859281,78.09454748215194,79.53346252441406,6681700
2016-02-09,78.64671423669816,79.54185260836046,76.46324473881992,78.06947326660156,6679500
2016-02-10,78.99805114946334,80.0939661532229,78.74707522707462,78.81400299072266,4649100
2016-02-11,77.41691473258504,78.57138986379432,77.17430639102857,78.16146850585938,4202800
2016-02-12,78.99804190245335,79.47489099310873,78.629945628059,79.22391510009766,3122500
2016-02-16,80.51226468539298,81.22335470669046,79.87647000280752,81.0727767944336,3808300
2016-02-17,81.76713220595488,83.58251132278126,81.75877102138716,82.82958984375,3741700
2016-02-18,83.33989567515658,84.59476257001846,82.24397424682071,82.4196548461914,2740200
2016-02-19,82.24397145199974,82.83794099614008,81.92607414716745,82.77938079833984,3229400
2016-02-22,83.79166180807846,84.15138424769178,83.30644499998257,83.95060729980469,2126300
2016-02-23,83.94224001812967,84.22667987930782,83.28134896314135,83.36500549316406,2359100
2016-02-24,82.52840496351803,83.33988648727953,81.91770033367635,83.28132629394531,2567800
2016-02-25,83.62430709961693,84.43578849927694,82.95504876137443,84.41905975341797,2794500
2016-02-26,84.89594093901908,85.41461523060437,84.45254922359604,84.59477233886719,2109900
2016-02-29,84.22666637509273,85.10507575595453,83.7749135262995,83.87530517578125,2389500
2016-03-01,84.81225246313822,86.5439682006836,84.49435520662496,86.5439682006836,2125500
2016-03-02,86.56908844631776,86.56908844631776,85.31422153042125,85.88309478759766,2436000
2016-03-03,85.70742144877362,86.04205395614183,84.64497009915758,86.00022888183594,2036200
2016-03-04,86.24279702988335,86.62762841086818,85.80777940899598,86.3180923461914,1581900
2016-03-07,85.69905989715299,85.79944518112542,84.91267446558663,85.66559600830078,1835600
2016-03-08,85.12179957799681,86.1173293009915,84.79553471429955,85.84962463378906,2330600
2016-03-09,86.10897406559927,86.51889549976259,85.84963692721196,86.50216674804688,2296300
2016-03-10,86.70293311012658,87.33873410172448,85.41460237725477,86.65274047851562,2406900
2016-03-11,87.41402377539121,88.50994517447089,87.13795791665447,88.40955352783203,2952700
2016-03-14,87.92435057835824,89.26287416357124,87.81559773107291,88.94497680664062,2757900
2016-03-15,88.72745741764135,89.75645112863582,88.17531927662199,89.57240295410156,2391000
2016-03-16,89.7146071700516,90.28348036540412,88.89476444834449,90.00740814208984,2332800
2016-03-17,90.00740429923242,90.91090987373178,89.67277827837981,90.81888580322266,2876700
2016-03-18,90.96111752896235,90.96111752896235,89.67278680195828,90.15799713134766,8616800
2016-03-21,89.7898994329463,91.06149491781528,89.63094760386932,90.48426055908203,3472200
2016-03-22,90.11616684404511,90.71013635045429,89.75643811395703,90.20819091796875,2136200
2016-03-23,89.8317470516524,90.65159633384287,89.68953031759997,90.06599426269531,3193300
2016-03-24,91.01131844975139,95.7379852737789,90.91929436211353,95.62086486816406,6472700
2016-03-28,95.72962756101174,96.59130194069735,95.10219401666777,95.51211547851562,4214700
2016-03-29,94.95160917934102,96.59966896780821,94.90977772358522,96.42398834228516,4033800
2016-03-30,96.54109515721596,97.46969717742033,96.23155902295346,96.51599884033203,3182300
2016-03-31,96.29012360291871,97.04304505659867,96.20646708197282,96.54109954833984,2740600
2016-04-01,96.00567498267617,97.47804738986736,95.95547597197522,97.33583068847656,2019200
2016-04-04,97.10995728001039,97.21034253604138,96.1395239211615,96.62474060058594,2231900
2016-04-05,95.77980626337552,96.33195076568543,95.28622834396194,95.4786376953125,2069700
2016-04-06,95.36150857420294,96.16462255473459,95.15236410898379,95.93038177490234,2918800
2016-04-07,95.14403725672156,95.3866393072414,93.52107357857942,93.78041076660156,3075900
2016-04-08,94.46637170845963,94.72571518875475,93.57123364134796,94.39108276367188,1627300
2016-04-11,94.48311709255097,95.36988769004932,94.36599668845056,94.6169662475586,2465400
2016-04-12,94.80936602639554,95.78816054556542,94.466366055999,95.69613647460938,2715500
2016-04-13,96.18607555174218,97.15747624677385,95.8481939669439,97.10679626464844,4390500
2016-04-14,97.14058803317334,97.36865440425555,96.41414485927388,96.92941284179688,2062200
2016-04-15,96.9378530408499,97.4024345538661,96.58307385299801,96.98853302001953,2299700
2016-04-18,96.52394945820407,97.71498057936921,96.25364548273154,97.63895416259766,2237500
2016-04-19,97.6558587160733,97.84169392075215,96.61687391016673,97.22505950927734,1823000
2016-04-20,97.56294428726143,98.13734110015481,97.21661385917528,97.59673309326172,2220900
2016-04-21,97.41931866125442,98.12886404941047,96.66753566661359,96.70132446289062,2327300
2016-04-22,96.29588446545428,97.1152452152804,95.99179168315685,96.25364685058594,2634600
2016-04-25,96.17762945617852,96.50706223840822,95.65391266272228,96.38035583496094,1805900
2016-04-26,96.64222726391574,97.19127766032793,96.16074159303041,96.81116485595703,2177200
2016-04-27,96.41414860447529,97.70653979477324,96.41414860447529,97.54605102539062,1990200
2016-04-28,97.13211449063817,98.01905264642183,96.27897157477233,96.57461547851562,2028200
2016-04-29,96.4563872203421,96.4563872203421,94.85145439801857,95.38361358642578,2451100
2016-05-02,95.36671506130847,96.88717253018487,94.86833827235664,96.6337661743164,2293900
2016-05-03,95.85663622428476,96.19451134142446,94.81765154987139,95.70458984375,2031600
2016-05-04,94.82609921507701,96.21985661237467,94.82609921507701,95.91576385498047,1822100
2016-05-05,96.00025797175385,96.65912363849212,95.84821155292529,96.36347961425781,1704600
2016-05-06,96.14382108563831,97.70651589130952,95.74681077642664,97.60515594482422,1917600
2016-05-09,97.37707959928785,98.17954899862681,97.14056447343766,97.5375747680664,1452900
2016-05-10,97.6389609152357,98.78775450158244,97.54604975761943,98.77931213378906,1622200
2016-05-11,98.82153449754178,98.82153449754178,97.86702501297196,97.96839141845703,1582900
2016-05-12,98.34004765227951,98.51743401457792,97.53758461646943,98.28936767578125,2114300
2016-05-13,98.17113369746748,98.51745769437267,97.2588552338953,97.51226806640625,1803400
2016-05-16,97.66431195167029,99.32836716767002,97.14904393156253,98.95670318603516,2609800
2016-05-17,99.09186349339576,99.25235873147498,97.87549854315533,98.171142578125,2136800
2016-05-18,98.0359836503711,99.12564857647757,97.52916440311506,98.42454528808594,1367300
2016-05-19,98.21333883331812,98.21333883331812,96.79424152553345,98.01061248779297,1752500
2016-05-20,98.0697369050156,98.75394876308393,98.0697369050156,98.38227844238281,1538200
2016-05-23,98.56814359547202,98.56814359547202,97.85014272208592,98.13734436035156,1256200
2016-05-24,98.47522479390379,100.69678566772336,98.47522479390379,100.62076568603516,2066400
2016-05-25,100.71366368093452,101.12756520459988,100.07168936750634,100.13926696777344,2123600
2016-05-26,100.1730512892919,100.68831922347027,99.7169185899238,100.02101135253906,1435900
2016-05-27,100.38423662020897,100.46871185302734,99.48040705222927,100.46871185302734,1317400
2016-05-31,100.42647146569767,100.64609546476586,99.75070828912874,100.49404907226562,1955700
2016-06-01,100.49401272260964,100.6207190779548,99.7675698261538,100.52780151367188,1202900
2016-06-02,100.26597538945354,100.74745455409212,99.67468744851325,100.72211456298828,1605700
2016-06-03,100.41802364056275,100.51939005141082,99.59866931995673,100.43492126464844,1196700
2016-06-06,100.51938022523427,101.16135454207243,100.11392106603262,101.02619934082031,1202900
2016-06-07,101.31339963468811,101.49078600066296,100.72210530355062,101.06843566894531,1317300
2016-06-08,101.01774681899921,101.32183956609178,100.13081501044128,100.78968048095703,2072100
2016-06-09,99.97034026446012,100.96708748492065,99.5057586824876,100.89106750488281,1197200
2016-06-10,100.09704739133338,100.42648019629735,99.62401699334528,99.90276336669922,1452100
2016-06-13,99.55641795838788,100.4686961963948,98.85531488040733,98.89755249023438,1992300
2016-06-14,98.89755127892448,99.94497825535092,98.61879852441083,99.75069427490234,1425300
2016-06-15,99.92809135890246,100.00411132545112,99.10873068180881,99.21009063720703,1453300
2016-06-16,98.67794818324809,100.11393697976027,98.51745296738818,99.92810821533203,1568800
2016-06-17,99.75070393675968,99.76760155994202,98.65259687844237,99.31146240234375,2216500
2016-06-20,100.60386905380979,101.64285392569946,100.43493146313055,100.56163787841797,2092700
2016-06-21,101.03466053350625,101.22893810342089,100.68833012127206,100.88261413574219,2040400
2016-06-22,101.31341193053963,102.0229574805527,100.45181354031757,100.54473114013672,3275500
2016-06-23,100.13085583654167,100.44339752197266,98.40766504860972,100.44339752197266,2858800
2016-06-24,95.25689615805503,97.05611279349061,93.70264994623317,94.14189147949219,6814300
2016-06-27,93.20427657596314,93.55060697281559,91.78518551926588,92.31734466552734,3648000
2016-06-28,93.42391026641987,93.76179188645341,92.56231825766245,93.39012145996094,2873000
2016-06-29,94.32774401778238,94.62338803152689,93.67732718754446,94.40377044677734,3603000
2016-06-30,94.87676069286371,95.71301239035758,94.69937435973188,95.69612121582031,3682600
2016-07-01,96.0086906701417,96.49016984152323,95.69614907152183,95.89042663574219,2195500
2016-07-05,95.8819748994927,95.92420606627898,95.1386341850419,95.53564453125,2041100
2016-07-06,95.13864348120885,95.89042663574219,94.5726955234465,95.89042663574219,2667200
2016-07-07,95.88199650329875,96.2114293234099,95.03729564259201,95.19778442382812,2050500
2016-07-08,96.06780544140899,97.34329875204439,95.59476870652914,97.23348999023438,1962800
2016-07-11,97.73185536478057,97.96837694263058,97.25037628784118,97.52912902832031,1522300
2016-07-12,97.90081938266526,99.18476170238883,97.64740657681787,98.40763854980469,2431400
2016-07-13,98.82997604280035,98.96513124017669,98.2302393546906,98.6863784790039,1537200
2016-07-14,99.25232307131716,99.67467338225894,98.54277764232104,98.63568878173828,1502000
2016-07-15,98.39074611061335,98.52589487932785,96.50706060413617,97.21660614013672,2749000
2016-07-18,97.29264370597448,97.41090130885719,96.21987646709394,96.41415405273438,2390700
2016-07-19,96.00024045699817,96.32967323026396,95.48497248967367,95.76372528076172,1827000
2016-07-20,96.1860762665523,98.0275241506048,96.1860762665523,97.52069854736328,2665700
2016-07-21,97.19972191709768,97.38555712636575,94.58115069586606,94.91058349609375,2465300
2016-07-22,95.26536153275859,95.5610055435225,94.47978947869672,95.33293914794922,1982800
2016-07-25,95.2653509469774,95.54410374524699,94.6571653669548,95.51031494140625,1834100
2016-07-26,95.78904467463114,96.65063640916357,95.41737436643285,96.51548767089844,2796100
2016-07-27,96.67600298960282,96.67600298960282,95.62857581283238,96.0509262084961,2275800
2016-07-28,96.23675202949939,96.23675202949939,94.53890180001609,94.67405700683594,2224600
2016-07-29,94.9443636119153,95.55254917038009,94.04053408601766,95.29068756103516,2678700
2016-08-01,95.09640140916393,95.91576207669874,94.85988625658781,95.34980773925781,2235300
2016-08-02,95.14709908255179,95.44274307825836,94.67406868942128,95.3075942993164,2120100
2016-08-03,95.29069794425608,95.96646118164062,95.10486273174755,95.96646118164062,1601600
2016-08-04,95.59478700783261,96.28744139893888,95.18933423694656,96.0509262084961,2215300
2016-08-05,95.6201290645194,96.92096908459052,95.06262988137792,96.8027114868164,2746700
2016-08-08,96.80271219303027,96.9294186043,95.86509377201246,96.02558898925781,1481900
2016-08-09,95.84818447751856,96.13537960720254,95.23999897400593,95.34980773925781,1820000
2016-08-10,95.61167630598261,95.85664028748081,95.25689710665984,95.63701629638672,1498600
2016-08-11,95.89886670992857,96.28742824752084,95.77216031962452,95.78060913085938,1297600
2016-08-12,95.62012193325,95.91577235019169,95.17243156869979,95.47652435302734,1414700
2016-08-15,95.45117345260799,96.38879168969797,95.23999829010222,95.95799255371094,2284400
2016-08-16,95.53565562199456,95.67081083833205,94.89368123350235,95.43429565429688,1998500
2016-08-17,95.5272080997789,96.05937371559953,94.95281775625462,95.39205932617188,1566900
2016-08-18,95.23155525548529,95.56098801341197,94.53890093823495,94.9021224975586,2405600
2016-08-19,94.7838563271867,95.57787697668677,94.37840363626852,95.493408203125,1519000
2016-08-22,95.22311420403896,96.16917487800373,94.9105726202156,96.09315490722656,1458600
2016-08-23,96.24521102263391,97.90082381399091,95.99179820531619,97.54605102539062,2385100
2016-08-24,97.53759861755788,97.74877380935321,96.52395383020702,96.7773666381836,2266800
2016-08-25,96.49860667063854,97.3602049981171,96.01712752689049,97.17436981201172,1869300
2016-08-26,97.28418454457575,98.15422529233034,96.75202538821122,97.30952453613281,1419300
2016-08-29,97.20813129409767,97.61358390932897,96.5914971175523,97.01384735107422,1367700
2016-08-30,97.12371356679321,97.60519282820366,96.91253833907712,97.43624877929688,1319000
2016-08-31,97.0814580579425,97.46157081998004,96.70134529590496,97.14058685302734,1999400
2016-09-01,96.92941374341362,97.56293932343594,96.3296769676725,97.19126892089844,1572700
2016-09-02,97.56294200816002,98.20491641805725,97.3433179965665,97.6980972290039,1539600
2016-09-06,97.84168198431986,97.9852795542148,96.99698129850768,97.44467163085938,1479200
2016-09-07,97.45311852667724,97.86702005011433,97.08989698113521,97.241943359375,1484300
2016-09-08,96.65908847110845,96.76889722742776,94.81764093284869,94.85987854003906,3078500
2016-09-09,94.36151035545136,94.68249428757304,93.19582575974722,93.24650573730469,3282700
2016-09-12,93.10291817296935,95.41739643534783,93.01000057442904,95.24845886230469,2370900
2016-09-13,94.25173811784097,94.57272217436463,93.0607066272021,93.36479949951172,2483200
2016-09-14,93.55060150617307,94.21791582525218,92.31733927095068,92.74813842773438,2328100
2016-09-15,92.6130053032269,94.11657186018114,91.92879964281784,93.52528381347656,2903300
2016-09-16,93.19583882311885,93.3309875970676,92.17375165026343,92.81571960449219,2604900
2016-09-19,93.43234935965246,93.99829730871492,93.0353389807547,93.33943176269531,1785700
2016-09-20,93.91382097458691,94.39530009986444,93.50836181640625,93.50836181640625,1995200
2016-09-21,94.17566388719547,94.51354540102926,93.55058727556295,94.3530502319336,2466900
2016-09-22,94.58959236935878,96.52395140642214,94.53046357492306,96.0086898803711,2596200
2016-09-23,93.34787588971032,96.1184931465154,92.49472638071875,95.5271987915039,2265200
2016-09-26,94.98659533082632,96.25364643676649,94.98659533082632,96.06781768798828,3224200
2016-09-27,96.0847148430784,98.17112682508557,96.0847148430784,98.09510040283203,3134700
2016-09-28,97.7149640464459,98.88064853508864,97.4531089270427,98.5343246459961,3640300
2016-09-29,101.83709624892701,105.55377995795398,101.65970990676792,102.74937438964844,7643400
2016-09-30,102.86764215850157,103.92351795080768,102.86764215850157,103.19707489013672,4815800
2016-10-03,102.70715064187972,103.4504913507111,101.90468758890543,102.09052276611328,3667500
2016-10-04,102.36085651408914,102.58048055512742,99.4719809490764,99.87743377685547,3973700
2016-10-05,100.08861178782531,100.27444702429075,99.26080848209688,99.85209655761719,2875100
2016-10-06,99.85207457909286,100.3588937386334,99.40438421408945,100.11392974853516,2504500
2016-10-07,100.1139258632315,100.2152922690278,97.9261541057068,97.98528289794922,3034300
2016-10-10,98.30628837626178,99.65781497127867,98.30628837626178,99.21856689453125,2157600
2016-10-11,99.1509809710838,99.20166740311316,98.16268254801562,98.80465698242188,2708200
2016-10-12,99.17633520399785,99.64936564307651,98.58504071059313,99.35372161865234,2366500
2016-10-13,98.89756031615603,100.09703377332889,98.01062199603872,99.7676010131836,3106600
2016-10-14,100.06327357180919,100.65456810240963,99.55645429169223,99.8858871459961,2508500
2016-10-17,99.88587532335151,99.88587532335151,98.61882405075086,98.70329284667969,1904900
2016-10-18,99.4212770260855,99.8943138347059,99.12563304854486,99.27767944335938,2472900
2016-10-19,99.61053783936548,100.29333052965633,99.1155134644843,99.70442199707031,2263100
2016-10-20,99.51667082753313,99.97755499614681,98.97043918582688,99.04725646972656,2247800
2016-10-21,98.96188863777563,99.00456562414773,98.07426722789968,98.65463256835938,1979100
2016-10-24,99.02163174251659,99.43130866908709,98.56075415356632,98.83386993408203,1539800
2016-10-25,98.83388474210483,98.89362862455661,98.1084149402828,98.38153076171875,1456400
2016-10-26,97.97184256023435,98.91921431885254,97.73286707366285,98.53514099121094,1830900
2016-10-27,98.70582772876786,99.09843118564883,98.32175445828523,98.54366302490234,1871600
2016-10-28,98.8765742530924,99.4996232999422,98.17671441899054,98.72294616699219,1656200
2016-10-31,98.68876840767808,99.48251213263393,98.55221377831026,99.20939636230469,1877800
2016-11-01,99.43131767934497,99.60201261578761,98.54368968433545,99.12406158447266,2444400
2016-11-02,99.12406205027037,101.73573235736319,99.00457429188015,101.232177734375,5361100
2016-11-03,100.82249195123087,101.13828472026965,99.56787059785754,99.81537628173828,2086400
2016-11-04,99.89218708283097,100.81395523144352,99.38009583746629,100.05435180664062,2068300
2016-11-07,100.8054337887504,102.41852503715809,100.8054337887504,102.3929214477539,2311100
2016-11-08,102.33315729144122,103.27199228260078,102.00029767195369,102.25634002685547,2118800
2016-11-09,98.9021371916668,100.71153318285441,97.86088782680285,100.03727722167969,5797600
2016-11-10,100.14821729488723,103.101289691654,100.10554682804855,102.70014953613281,4357500
2016-11-11,102.12832772448554,103.27199796481196,101.31751061036769,101.7186508178711,3201800
2016-11-14,101.71011335314262,102.068576573986,99.1752541985051,100.07141876220703,3622500
2016-11-15,100.32747790382287,100.57498359715693,98.47540471682134,98.99603271484375,3119900
2016-11-16,99.16674102282774,100.73715531397613,98.79974103997975,100.13117980957031,2147100
2016-11-17,100.28479951618412,101.17242745925057,100.03728731471033,101.02733612060547,1313600
2016-11-18,100.92489372285011,101.1894727558769,100.600570827153,101.07852172851562,2123500
2016-11-21,101.30898781571649,102.31610356645844,101.07854900083915,102.1454086303711,1694600
2016-11-22,102.35023104243157,102.75137125477062,101.83813978668552,101.97470092773438,2251800
2016-11-23,101.87228143037017,102.66602516641855,101.62476924261382,102.26488494873047,1958700
2016-11-25,102.333175697302,103.08424252299946,102.06859008457677,103.05010223388672,783700
2016-11-28,102.8708717820917,103.60487172746623,102.49533510912954,103.06717681884766,2075600
2016-11-29,103.05009324705722,103.72434924714601,102.73430699559358,103.22079467773438,1484000
2016-11-30,103.2805494966133,103.39150055461712,101.93203735351562,101.93203735351562,2635500
2016-12-01,101.99177804052047,102.46119887044927,99.96047970070747,100.4213638305664,2260400
2016-12-02,100.39575060954144,100.92491530032163,99.14965941344038,100.1055679321289,1922800
2016-12-05,100.59207535976542,101.2065876343032,100.10558756102223,100.47258758544922,2052300
2016-12-06,100.8224728108436,101.4711251133735,100.48108303102093,101.06145477294922,1973600
2016-12-07,101.26632407723213,103.82678735851944,101.0956226181894,103.75850677490234,2024100
2016-12-08,103.84383583973889,104.45834796016555,103.50243949376922,103.90357971191406,1449300
2016-12-09,103.55365887841369,105.3715852417507,103.1525186381877,105.24356079101562,2227200
2016-12-12,104.85949515146574,105.65323894120185,104.63758653508947,105.4996109008789,1608700
2016-12-13,105.66177998949428,107.300474812648,105.55935912119928,107.02735900878906,2333200
2016-12-14,106.89933142070923,107.24072779343354,105.34598411082817,105.53375244140625,2041300
2016-12-15,105.3630383426988,106.92492216496787,105.20088013161924,106.3018798828125,1761400
2016-12-16,106.32746215913032,106.82248641532937,104.50099963882968,104.97895050048828,4514000
2016-12-19,105.17528918026312,106.20800848684833,105.11554530340594,105.53375244140625,2750400
2016-12-20,105.8666089867714,106.06290749996302,104.9875177483012,105.91781616210938,3290800
2016-12-21,101.18096610397104,102.4014537351986,100.3701489087449,100.6261978149414,6032500
2016-12-22,100.76274163800574,101.24922929827194,99.86658358572244,100.53230285644531,2758400
2016-12-23,100.19945776317482,100.89078071978227,99.95194554759568,100.26773834228516,1697200
2016-12-27,100.16530414615866,101.12121259173195,100.03727970525964,100.32746887207031,1546300
2016-12-28,100.711516375032,100.711516375032,99.08135226407524,99.5251693725586,1797700
2016-12-29,99.84098119197452,100.6944687823906,99.43984098262399,99.86658477783203,1633900
2016-12-30,100.33600936148922,100.66886903504644,99.50812527181309,99.96900939941406,1739500
2017-01-03,100.18237040671572,100.54937032881588,98.85093185751214,99.39716339111328,2351600
2017-01-04,99.78125967588846,100.54086328061126,99.37158267560443,99.63616180419922,2639800
2017-01-05,99.8409850367074,99.97753967040384,98.10839969170479,98.14253997802734,3685400
2017-01-06,98.14254682480262,99.63615026974641,97.58777852864752,99.2606201171875,4125300
2017-01-09,99.12403723595098,99.3032688286682,98.08278144927615,98.15106201171875,2550800
2017-01-10,98.09986379579222,98.99602184113898,97.84381491906832,98.20227813720703,2550100
2017-01-11,98.4924748574858,99.22647474806188,98.07426773756026,99.10698699951172,2845800
2017-01-12,98.68024071629895,98.97896008021654,98.01451490466211,98.8167953491211,2110800
2017-01-13,98.44979736842473,100.23358991112327,98.44979736842473,99.81537628173828,2665600
2017-01-17,98.93626722336089,99.31180379866737,98.55220046159214,99.0301513671875,2374300
2017-01-18,99.46547528236852,99.81540191646411,98.782682394559,98.9619140625,2262200
2017-01-19,98.66316728365257,99.0045636329816,98.38151480708659,98.57781982421875,1647100
2017-01-20,98.90215365098724,99.2179464483733,97.9889220602703,98.21083068847656,2781400
2017-01-23,97.96329624133779,98.38150330177153,97.81820492610876,97.9974365234375,2320000
2017-01-24,98.32178347534622,99.55080788505629,98.0145273729187,99.41425323486328,2810100
2017-01-25,99.77270829028485,101.01879948667312,99.60200685212574,100.34454345703125,2905900
2017-01-26,99.84953444869019,100.23360786006958,98.68026034709186,98.94483947753906,2864600
2017-01-27,99.17526946579207,99.38011120488797,98.21083069602817,98.4498062133789,2545100
2017-01-30,98.42418990055222,98.43272659980963,96.79403196844407,97.83528137207031,2529700
2017-01-31,97.27199297440875,97.31466345190972,96.11124919623568,97.1866455078125,2339000
2017-02-01,97.12691323356877,97.95479092121082,95.85521173645839,96.62335205078125,2471600
2017-02-02,96.57213403901439,97.10129224275398,96.1965973693197,96.99034118652344,2450500
2017-02-03,97.29759790351245,98.00599425804874,96.73429289534786,97.71580505371094,1663700
2017-02-06,97.35734111337916,98.33885326500038,96.76843252008756,97.45122528076172,2019400
2017-02-07,98.1084028630689,99.14965883898746,98.1084028630689,98.93628692626953,2538200
2017-02-08,99.1326015041347,99.1326015041347,98.08280872729621,98.5180892944336,2373700
2017-02-09,98.5180796970808,100.25065858467505,98.5180796970808,99.84098815917969,2117100
2017-02-10,99.60200750729453,101.4284705822499,99.44837946773781,100.37014770507812,2183000
2017-02-13,100.62619347968976,101.52235158958023,100.48110214450661,101.21509552001953,1988400
2017-02-14,101.11269806715427,102.41853332519531,101.06149088420207,102.41853332519531,2559400
2017-02-15,102.08566410426198,102.56361513155142,101.82108500152594,102.35877990722656,1951100
2017-02-16,102.35874890199919,103.26344350435673,102.01735262380633,103.03300476074219,1966900
2017-02-17,102.85381811639313,103.51953756834466,102.50388498767256,103.46833038330078,1904900
2017-02-21,102.95623307257529,104.31328208832076,102.9050258872399,104.21086120605469,2117100
2017-02-22,103.8353265332986,104.87657615609072,103.76704594805469,104.30474090576172,1557000
2017-02-23,104.62904916076462,104.73147002418443,103.89505576350196,104.53517150878906,1439600
2017-02-24,104.12549021934865,105.34597778320312,103.78409386713038,105.34597778320312,1447700
2017-02-27,104.98750432397134,105.34596752869004,104.53515696874159,104.79973602294922,1679800
2017-02-28,104.76560273462412,105.05578539260112,104.06574316419263,104.55223083496094,1744900
2017-03-01,105.18381560553273,106.07998023792281,104.51809628391447,105.8922119140625,1879700
2017-03-02,105.82391615097575,106.19945274479647,105.45691625563086,106.13117218017578,1896600
2017-03-03,106.00318148899987,106.04585848336966,104.97046203888323,105.52523040771484,2123000
2017-03-06,104.97043547837735,105.34597209670564,104.57783197357662,105.18380737304688,1814100
2017-03-07,105.51669236843533,106.15680820629392,105.08141828703992,105.95197296142578,2705300
2017-03-08,105.9263325616691,106.50670431345264,105.64468012809927,106.22505187988281,2168600
2017-03-09,106.1482742757878,106.1482742757878,104.68027429751409,105.13262176513672,2338100
2017-03-10,105.53372962236874,106.11410137703086,105.03870531453488,105.772705078125,1931100
2017-03-13,106.0287647602737,106.47257543606841,105.3801123772567,105.8666000366211,2233700
2017-03-14,105.97756311805368,106.4555206442809,105.51667899183148,105.75566101074219,1627800
2017-03-15,105.32890396031105,106.67740936980896,105.00457451684231,106.51525115966797,2087700
2017-03-16,106.5920721876336,106.84812108751157,105.49960903646311,105.91781616210938,2182000
2017-03-17,106.43842256604255,107.07000147631517,105.68735592981545,106.87370300292969,4603600
2017-03-20,106.87372529655845,107.01881663525567,105.97756065336918,106.16532897949219,2257400
2017-03-21,106.75423690634466,107.03588939384241,105.51667590594273,106.37870025634766,3219900
2017-03-22,106.71155858296552,107.99179004291298,106.23360758829519,107.9491195678711,4288600
2017-03-23,104.73147523475828,104.98752415024964,102.87940848236659,103.06717681884766,7116800
2017-03-24,103.084239904908,103.53658732887331,101.36019767386388,101.54796600341797,3949800
2017-03-27,101.33458973073334,102.24782123937787,100.96758978735691,101.89788818359375,3122800
2017-03-28,102.26489696464336,104.41568312480695,101.57357400451835,103.57073211669922,5516000
2017-03-29,103.83529272187201,103.8779631900586,102.54652476932775,103.25492095947266,2438900
2017-03-30,103.17811269404896,103.27199684847504,102.46118625471532,102.86231994628906,2030200
2017-03-31,103.0244897315379,103.45123354113498,102.2819531586652,102.31609344482422,2102800
2017-04-03,100.71154532855232,100.85663667005662,99.85805765627644,100.40428924560547,3917500
2017-04-04,100.09702175306164,100.77127771869556,100.09702175306164,100.74567413330078,1690600
2017-04-05,100.91638054665215,101.6418437657678,100.27626479244525,100.40428924560547,1902100
2017-04-06,100.43842126249372,100.6517931629909,99.6532142314466,99.69588470458984,2049600
2017-04-07,99.85802972969181,100.48960860730041,99.43128601289825,100.23356628417969,2408000
2017-04-10,100.28479901361715,101.18949384015757,100.17384796313763,100.57498168945312,2308300
2017-04-11,100.18694093253102,100.7215955924265,99.8506279207235,100.1007080078125,2295300
2017-04-12,100.07481942189858,100.37663788958089,99.57465934451123,99.66951751708984,2087800
2017-04-13,99.47980854138086,99.93684890903572,99.01414290853923,99.04863739013672,1838900
2017-04-17,99.06588930148887,99.79888558082125,99.06588930148887,99.7902603149414,1168300
2017-04-18,99.60053886866132,100.3421537969591,99.50568068626394,100.2386703491211,1978100
2017-04-19,100.35079090998488,101.20450807320276,100.03172184251024,100.85094451904297,2185400
2017-04-20,101.45456059749293,103.36033605969482,101.22172452042798,102.79981231689453,3743500
2017-04-21,103.2568751446527,103.46384205365388,102.64461284194563,102.81708526611328,2639000
2017-04-24,103.42933643810164,103.92087128056914,102.71359075792013,102.9291763305664,2106800
2017-04-25,102.94643697406012,103.42935320891311,102.34279990443214,102.35142517089844,1947200
2017-04-26,102.38591586522612,103.01542213178536,102.10134129473478,102.60150146484375,1581400
2017-04-27,102.72221316431833,104.0157265641986,102.72221316431833,103.90361785888672,2008200
2017-04-28,103.64491144510262,104.64522497905078,103.50693353468282,104.60211181640625,2476600
2017-05-01,104.66249682058715,104.93844611847139,104.42966069412687,104.55901336669922,1931900
2017-05-02,104.59351138950744,104.95569362164171,103.66218001046178,104.0674819946289,2697100
2017-05-03,103.85187873674423,104.23131143684387,103.19649677634013,103.73977661132812,1762100
2017-05-04,104.1278229533385,104.33478324375484,103.67078262989246,104.18818664550781,1557500
2017-05-05,104.26582440941011,104.7918472290039,104.14509041866098,104.7918472290039,1716900
2017-05-08,104.429630046645,104.79181216023603,104.13643688206606,104.4382553100586,1522100
2017-05-09,104.60211969254752,104.88668764070472,104.26580673451222,104.40377807617188,1094400
2017-05-10,104.40377464740583,104.66247995085182,103.9639782632073,104.51587677001953,1343600
2017-05-11,104.12783209686198,104.2571847569116,103.1965008394842,104.17095184326172,1835200
2017-05-12,103.808754117769,104.77457977305957,103.808754117769,104.30891418457031,2362300
2017-05-15,104.30891109221227,105.67141333897503,104.13644528491395,105.42133331298828,1772200
2017-05-16,105.8007761214711,106.33542412281325,105.39547419842178,106.18882751464844,2180600
2017-05-17,106.18883342677879,106.18883342677879,103.77427228392257,103.86051177978516,2277900
2017-05-18,104.22268065782364,104.36927725541528,102.97228707741421,103.82600402832031,1968800
2017-05-19,104.35202582814993,104.52449162717558,103.64490552550717,104.32615661621094,2190100
2017-05-22,104.86083075510824,105.93013345051168,104.5331430233806,105.81803131103516,1912500
2017-05-23,105.94738344417095,106.12847455124421,105.0333026429964,105.33512115478516,1472300
2017-05-24,103.85188599929467,105.33511584433712,103.73978386603905,105.16264343261719,2026900
2017-05-25,105.85250892735235,106.55100402961043,105.37821806831964,106.15432739257812,1425500
2017-05-26,106.01635582713003,106.16295242718668,105.65416709049423,105.97323608398438,1414500
2017-05-30,105.73178781360409,106.90457384446823,105.50757697792874,106.73210144042969,1373000
2017-05-31,106.93046003403592,107.4478641699834,106.52515804414605,107.33576202392578,2655600
2017-06-01,107.73241059281438,108.04285430908203,106.80970470811573,108.04285430908203,1902600
2017-06-02,108.11184579443284,108.63787507158092,107.69791863666997,108.430908203125,1766000
2017-06-05,108.65511339999641,109.50021162126623,108.17220389021288,109.1552734375,1950000
2017-06-06,108.8189774987342,109.51747265997783,108.66375562077454,108.93970489501953,1513600
2017-06-07,108.72410029582254,109.31911190793596,108.24980947972267,109.12940216064453,1640400
2017-06-08,109.12944453935617,109.51749602747815,108.24122624981177,108.80175018310547,2128900
2017-06-09,108.65513032518187,109.29326178810437,107.77554406975625,108.49990844726562,1929200
2017-06-12,108.24983395488746,108.9138412475586,107.55996402357526,108.9138412475586,2355800
2017-06-13,109.03455421447676,110.00037330627502,108.7241104837847,109.57782745361328,2434100
2017-06-14,110.20736898745142,110.37983484774067,109.25878701840796,109.73307800292969,1861200
2017-06-15,108.8965934421599,109.82792478085193,107.36162507606572,109.54335021972656,2196300
2017-06-16,109.9658869882954,110.37981418631992,109.11216995510996,110.00038146972656,2965400
2017-06-19,110.78510099343552,110.78510099343552,109.85376985939948,110.18145751953125,2123000
2017-06-20,109.80203613467232,110.06936011677304,108.98280708054746,109.1121597290039,2356400
2017-06-21,109.57782546804286,109.67268363843266,108.6809887710888,109.61231994628906,3257900
2017-06-22,106.04221850790329,106.84419699529768,102.70495191600749,105.27473449707031,8691100
2017-06-23,105.32650606435477,106.60277578212377,104.96432381521858,105.84391021728516,3817800
2017-06-26,106.1974641959621,106.97357364489906,105.44722396546467,105.49896240234375,2623000
2017-06-27,105.63693002136405,105.93012324057443,105.2057588784197,105.3696060180664,2214800
2017-06-28,105.87839751803601,106.78385965856756,105.36961866628135,106.70624542236328,1727500
2017-06-29,106.49925985752964,106.49925985752964,105.73177583913926,106.05946350097656,2687300
2017-06-30,106.32680753586523,107.2753827439171,106.19745487586961,106.65449523925781,2290300
2017-07-03,106.77522086338033,107.68930157499757,106.74935164764014,106.87007904052734,1236200
2017-07-05,106.93046728056896,107.60309336079871,106.921842013626,106.97358703613281,1328600
2017-07-06,106.36993728473516,106.61139211215341,105.23164554179866,106.0163803100586,1938100
2017-07-07,106.54239163336632,107.57719974069518,106.12846444294507,107.11153411865234,1889400
2017-07-10,106.97358193517759,107.24953125183524,106.57689862452848,106.9822006225586,1301500
2017-07-11,106.9821698665866,107.01666434364593,106.240555057683,106.80107879638672,1379800
2017-07-12,107.18914312780686,108.20670723478177,107.033921261348,108.19808197021484,2017900
2017-07-13,108.39642645013737,108.95695027116356,108.17222218504668,108.42230224609375,1713700
2017-07-14,108.81898393942006,109.48298465828967,108.42230724541159,109.25877380371094,1752900
2017-07-17,109.31912958289523,109.56059095140786,108.78448157191976,109.0173110961914,2005600
2017-07-18,108.8707296101785,110.00902133184762,108.20672884718422,109.83655548095703,1641400
2017-07-19,109.94863921167301,110.37981034583643,109.27601329504196,110.19009399414062,2275300
2017-07-20,110.29358986411654,111.03519824563405,110.0780042727399,110.8454818725586,1655300
2017-07-21,110.84547106731989,111.20766640483,110.38843071081783,111.11280822753906,1765400
2017-07-24,110.61266807748977,110.81100315367392,110.02626837801745,110.3884506225586,1763200
2017-07-25,110.59540626127472,111.50948704590346,110.10387138550172,111.19904327392578,1600000
2017-07-26,111.24214836831332,111.76817765824735,111.01794412409325,111.68193817138672,1615300
2017-07-27,111.8458008145212,111.8458008145212,109.87966129773807,110.5177993774414,2097000
2017-07-28,110.36258630300767,110.8368706886514,109.78481187885353,110.72476196289062,1133900
2017-07-31,110.81098872019963,111.38013781247429,110.54366470487962,111.08694458007812,1584400
2017-08-01,111.32837410864569,112.00961860085272,111.19901489432768,111.98374938964844,3465700
2017-08-02,111.84578277129488,111.96651015518975,110.83684395768111,110.9144515991211,1318300
2017-08-03,111.43186582167958,112.34594649498639,110.37118196674027,112.12174224853516,3559700
2017-08-04,112.15623488734525,112.68226420473927,111.70781321719815,112.27696228027344,1283200
2017-08-07,111.95790385837769,112.40632554459076,111.56985244994114,111.82854461669922,952900
2017-08-08,111.51809516365522,112.00962335569864,111.1904009300948,111.354248046875,1099500
2017-08-09,111.25078033962855,111.91478762451831,111.17317268716477,111.77680969238281,1216900
2017-08-10,111.43185309286633,111.91476258901316,110.54364173567551,110.58676147460938,1800900
2017-08-11,110.95758618909662,110.99208725099638,110.48329527522286,110.55228424072266,1105500
2017-08-14,111.13869347728847,111.99240403777267,110.92310787582464,111.83718872070312,1421600
2017-08-15,111.5957010600435,111.93201397302697,111.01793339713839,111.56983184814453,1152500
2017-08-16,111.81132386058898,112.52706966435112,111.58710640501207,112.13038635253906,1935500
2017-08-17,112.00103178171851,112.13037787453986,110.0003911574123,110.02626037597656,1567200
2017-08-18,110.14699933983017,110.62990240677406,109.75031604008063,109.89691925048828,1263500
2017-08-21,109.94002751526278,110.6471479993953,109.74169245339341,110.52642059326172,1284500
2017-08-22,110.86271142686202,111.64744598897835,110.37117663469701,111.50946807861328,959500
2017-08-23,110.96620454369484,111.36288780455787,110.62127287552676,110.69026184082031,1543300
2017-08-24,110.88857635510065,111.31112875490294,110.6126337033318,110.95756530761719,1099000
2017-08-25,111.51811883006616,111.91478894174972,111.3973782693016,111.57847595214844,1252400
2017-08-28,111.85442148691162,112.01825546502907,111.25940321605216,111.4491195678711,999900
2017-08-29,110.78510521631488,112.09586906510276,110.62987677557653,111.81129455566406,1170800
2017-08-30,111.80266586255694,112.0700030092338,111.3197563147378,111.92339324951172,1149100
2017-08-31,112.10449703698717,112.8978503600992,111.95790042755007,112.75987243652344,2003500
2017-09-01,112.92371789958533,112.92371789958533,111.99238666672352,112.19073486328125,1528300
2017-09-05,112.19074826884646,112.44082176798446,111.32840589370791,111.90617370605469,2442400
2017-09-06,112.28561377596246,113.29455284164786,112.14763582895388,113.0703353881836,1549900
2017-09-07,113.39801112877637,116.26961253331466,113.27728373451497,115.76083374023438,2094800
2017-09-08,115.90742671399242,116.39033627588701,115.25203817287945,115.31240844726562,2178800
2017-09-11,116.08852644172406,117.50276741197429,115.21756537898776,117.47689819335938,1667200
2017-09-12,117.76145492418863,118.09776787355611,117.28716405756825,117.46826171875,1658800
2017-09-13,117.2009294558206,117.42513368680815,115.73495037379965,116.22647857666016,3078600
2017-09-14,115.9850502959601,116.6231883951714,115.55387910526879,116.29549407958984,3290500
2017-09-15,116.41622299498844,116.97674028682923,115.5883685084829,116.71804809570312,3713500
2017-09-18,116.83878604235386,118.44274356350459,116.83878604235386,118.08917999267578,2496500
2017-09-19,118.14091213645695,118.82215686204387,117.89083862304688,117.89083862304688,2379600
2017-09-20,117.28716396037011,119.13257583762868,117.28716396037011,119.01184844970703,1997700
2017-09-21,118.96014090937011,119.106737550033,117.77011725037076,117.84772491455078,2007000
2017-09-22,117.86494114133092,119.00323931159953,117.70972584082128,118.91699981689453,1918500
2017-09-25,118.95151134376479,119.23608591136957,118.3651116764366,119.14122772216797,2463200
2017-09-26,119.43442121529277,119.60688706192188,117.925322030262,118.0029296875,2911500
2017-09-27,118.41682857264168,118.60653173715477,117.38200748157088,117.83042907714844,3885500
2017-09-28,114.51043151197383,118.7272849535984,114.06202297708711,117.55451202392578,4246400
2017-09-29,118.06329212500802,118.63244122353193,116.2782371773557,116.4765853881836,3312000
2017-10-02,116.6145413719144,117.14057068242371,116.08851206140508,116.79563903808594,2667500
2017-10-03,116.27822609732944,117.25267705270844,115.26066855599088,115.76944732666016,2534900
2017-10-04,116.00228543544011,117.00259246480371,115.95054700475048,116.55418395996094,2193000
2017-10-05,116.8473742494103,117.5976077922381,116.64903921729574,117.46826171875,1666100
2017-10-06,117.41652535015051,118.11502047584247,117.03709265019471,117.49413299560547,1275700
2017-10-09,117.49414798061926,118.14090475849423,117.30443160644525,118.13228607177734,1012100
2017-10-10,118.14088803886064,119.00323028731948,118.0115419649112,118.58930969238281,1804100
2017-10-11,118.30472532565753,118.58929982296146,117.63209948050182,118.06327056884766,2648200
2017-10-12,118.12360925719155,120.42606093088878,117.39924509972855,120.03800964355469,2872200
2017-10-13,120.36570383024785,120.72788590897936,119.1756676013477,120.03800964355469,1687200
2017-10-16,120.23636946645637,120.35711000927053,119.10670326313459,119.94317626953125,1453100
2017-10-17,119.78796863361805,120.10703106485991,119.24468878946126,119.56375122070312,1446700
2017-10-18,120.35607818000585,120.70436389694751,119.5985783349879,119.65081787109375,1584800
2017-10-19,119.67692981924047,120.73917793645545,119.14580576063297,120.69564056396484,1351700
2017-10-20,121.17455740550251,121.4618881976788,120.59989582114991,121.45318603515625,1368900
2017-10-23,121.67951749350655,122.04520747236467,121.07003419540969,121.31382751464844,1518200
2017-10-24,121.32257342556747,121.40093274520811,120.19938332015207,120.94818115234375,1215000
2017-10-25,121.02653846661065,122.97689897728576,120.73050551793277,122.90724182128906,2354700
2017-10-26,123.27289467550227,124.43091963324648,123.06392327065896,123.61246490478516,1965500
2017-10-27,124.19585362743166,125.04042829190419,123.6299075592045,124.75309753417969,2367600
2017-10-30,124.8488316248646,125.18840180646217,123.75176179641204,124.76175689697266,2145000
2017-10-31,124.66599637319976,124.76177327215652,123.77789780368063,123.95203399658203,2255300
2017-11-01,123.86497536288347,124.67472802948647,123.17713266147678,124.47447204589844,2060100
2017-11-02,124.07392015577305,125.18840763887458,123.57761809799536,124.88365936279297,1585200
2017-11-03,124.88368608788966,125.9807694879682,124.5963686395984,125.41481018066406,1336000
2017-11-06,124.61374770825735,125.56281446861112,123.89106993924435,125.31900787353516,1488700
2017-11-07,125.79791018767169,125.79791018767169,124.45704679600959,124.94463348388672,1284400
2017-11-08,125.17099562353638,126.25066123350287,124.50927280269593,126.1548843383789,1208300
2017-11-09,125.91109693901016,126.01557599833272,124.48315889006199,125.2319564819336,1288500
2017-11-10,124.96208798428282,125.44097265331409,124.24811206213715,125.28424072265625,922500
2017-11-13,125.04046579833516,125.62382965024587,124.64865584236489,125.31037902832031,1456200
2017-11-14,124.86624937243272,126.68599693013725,124.30900565619704,126.21582794189453,1811900
2017-11-15,125.73704224826758,126.25074900391073,125.10142546340545,125.60643005371094,1792800
2017-11-16,126.21583846311103,128.2358421206989,125.90238801624092,128.02687072753906,2040100
2017-11-17,127.46097975478082,127.8092522744502,126.03304116694439,126.64252471923828,2557100
2017-11-20,126.57284707859726,127.86148442151071,126.1462153038933,127.61769104003906,1602600
2017-11-21,127.99207864591104,129.27200049522952,127.47837213108045,128.87147521972656,1732000
2017-11-22,128.7321787784426,129.14140622972374,128.01820295765668,128.08786010742188,1263700
2017-11-24,129.01084928652975,129.01084928652975,127.81800164010384,128.54067993164062,601800
2017-11-27,128.86274579581567,128.94982053294652,128.36644370850112,128.42739868164062,1352100
2017-11-28,128.8714784964201,129.28942139080874,127.68733353380446,128.89759826660156,1925900
2017-11-29,129.35036596570717,129.35036596570717,126.45095183948177,127.94854736328125,1973000
2017-11-30,127.99207864591104,129.38519502029953,127.81794242054806,128.87147521972656,2837100
2017-12-01,128.60156672749866,129.17622824914307,126.90371521877003,127.61769104003906,1971600
2017-12-04,128.42741373521275,128.8366411333639,127.19102938032202,128.12266540527344,2099800
2017-12-05,128.2010472411948,129.28069978591785,127.80922413565025,128.575439453125,1398900
2017-12-06,128.84536104243,129.2807082676038,128.22717542269928,129.09786987304688,1363400
2017-12-07,128.8627861151186,129.4374476742105,128.20106307739522,129.3852081298828,1526400
2017-12-08,129.82055654046437,131.1178828553414,129.48968837577385,131.06564331054688,1736000
2017-12-11,131.0830136225353,131.5967200086479,130.71732365518025,131.2049102783203,1983300
2017-12-12,131.13527781100336,133.0421005810502,130.56933179250854,132.4326171875,2317900
2017-12-13,132.18013124004923,132.9985862039464,130.96116424216657,131.84056091308594,1596800
2017-12-14,132.20621267327653,132.7025147764674,131.60543151077812,131.65768432617188,1612500
2017-12-15,132.815658441334,133.12910881636736,131.1787627368142,132.92015075683594,3498800
2017-12-18,133.25978605817693,133.86926950609677,131.97986417467385,132.1017608642578,2277500
2017-12-19,132.31067267144098,133.03333703596357,131.4660983865437,132.53704833984375,2063900
2017-12-20,132.5022149425571,133.10299596636014,132.01462839736527,132.12782287597656,3206200
2017-12-21,136.0895414904211,137.95282703130877,134.00858234295433,134.26107788085938,4563600
2017-12-22,135.636777100682,135.82833093794108,133.912805851093,133.9911651611328,1818600
2017-12-26,133.33814890336475,133.62547966908846,132.74608304847456,133.20755004882812,1514400
2017-12-27,133.42523115075466,133.87798272905005,133.0682432139979,133.49488830566406,1690400
2017-12-28,133.61676276151354,134.0085725676267,133.2075353481367,133.71253967285156,1124300
2017-12-29,134.46132873851218,134.59194086891196,133.27719711830338,133.2946014404297,1452100
2018-01-02,133.6515836846009,134.1740056126484,133.02468268524052,133.94761657714844,3061900
2018-01-03,133.2075603397179,134.9489493920331,133.2075603397179,134.5658416748047,2064200
2018-01-04,134.95763241912005,136.57712453957916,134.75737642650594,136.15919494628906,1777000
2018-01-05,136.35946040396894,137.32593178948537,135.94153078166926,137.2823944091797,1597600
2018-01-08,137.02117441878482,138.4491127131743,136.55970744647092,138.37945556640625,2616900
2018-01-09,138.00506986785444,138.86706215336653,137.09083804123426,138.8409423828125,3204700
2018-01-10,138.39685463235696,138.57099083307548,137.33460653651127,138.3533172607422,1624100
2018-01-11,138.353342168252,138.7886893912934,137.6132598605274,138.53619384765625,1809200
2018-01-12,138.87576671578844,139.8683578712302,138.06602724312896,139.40689086914062,2048800
2018-01-16,139.52875027277162,139.6332293288715,137.49132896438633,137.5348663330078,2858700
2018-01-17,138.5274558851455,139.72030271656286,138.27494712102364,139.49392700195312,2143100
2018-01-18,139.4242868399588,140.25144379349624,139.1543737242957,140.12954711914062,1715500
2018-01-19,140.70422475860732,141.48784442883922,139.4852445890056,140.83482360839844,2246700
2018-01-22,140.36467280276773,140.9480365509585,140.02510246320162,140.55621337890625,1720000
2018-01-23,140.4342602879209,141.09599637627076,139.86831437779546,140.07728576660156,1635800
2018-01-24,140.35590465074768,141.0437605198761,139.7812432808848,139.83349609375,1951900
2018-01-25,140.2863084709037,140.83485031553403,139.85096117471966,139.9989776611328,1327100
2018-01-26,140.39946673560578,141.55749183847374,139.59842951193042,141.5313720703125,1950700
2018-01-29,141.33982006402155,141.57491126623728,140.15567517776628,140.34722900390625,1314800
2018-01-30,140.14693357495798,140.3210697445117,138.5361441136754,139.0498504638672,1700000
2018-01-31,139.38945392325704,140.13825158827515,139.0760034289299,139.9205780029297,1878300
2018-02-01,139.45044363846097,140.29501842282644,138.91060397803747,139.71165466308594,1692600
2018-02-02,139.2936786742667,139.54618747629178,136.37686056732164,136.6119384765625,2183600
2018-02-05,135.93284501759564,138.6755411468543,131.23980136788217,132.19757080078125,3733700
2018-02-06,130.85668009014537,135.11437597382252,130.10788223417737,134.687744140625,4259600
2018-02-07,134.27847176332764,138.37943434665124,133.27717866428216,135.0882110595703,2918700
2018-02-08,135.2275695642838,135.36688388202614,130.9263363256382,131.04823303222656,2900900
2018-02-09,132.07562902550438,134.94892305828253,129.5506074209302,133.94761657714844,3656800
2018-02-12,134.67033011377032,136.23758302678348,133.9998915620865,134.91412353515625,2273700
2018-02-13,134.26110494183314,136.69035032089823,134.07826651547055,136.5597381591797,2059500
2018-02-14,135.83704130299355,139.4155961541008,135.0882435173247,139.12826538085938,2583200
2018-02-15,139.650690842551,140.27759194774023,137.665508438033,140.2340545654297,1854900
2018-02-16,140.1469283977565,142.44556029387027,140.05115151517936,141.62710571289062,1997900
2018-02-20,141.38335043086104,141.67938331631322,140.24274297722843,140.5648956298828,1425700
2018-02-21,140.69553047960608,142.58493607672685,139.67681944073883,139.71165466308594,1628600
2018-02-22,140.25147525136933,141.0525126176246,139.23276425453133,139.58975219726562,1511700
2018-02-23,140.26887721547288,141.96672868748198,139.58973662666924,141.87965393066406,1577200
2018-02-26,142.63717981486093,143.5165764797534,141.85354679095505,143.43821716308594,1782800
2018-02-27,143.49043439685585,144.16957494053153,141.5313720703125,141.5313720703125,1820800
2018-02-28,141.8361179296414,143.1334574186688,140.13826644114428,140.1905059814453,2002200
2018-03-01,140.4256370809288,140.69555030630417,135.72389111809161,135.95896911621094,3005400
2018-03-02,135.14049959010813,137.24757869204595,134.68773472876185,137.13438415527344,2960100
2018-03-05,136.84702581600888,139.01505947367139,136.6903072142637,138.30979919433594,1936800
2018-03-06,138.5884623159657,139.4417393312214,136.6816389553186,137.5958709716797,2352500
2018-03-07,136.68160266329548,138.40558713436133,136.28109068086033,138.04859924316406,3176200
2018-03-08,138.44908467464867,138.80607249738492,137.6045102090237,138.00503540039062,3093200
2018-03-09,139.00634721617686,140.90446780165828,138.62325286343165,140.62583923339844,2988000
2018-03-12,141.05247536076953,141.7229136858867,140.19919867427345,140.78256225585938,2105000
2018-03-13,141.15697526531267,143.0550960114667,141.1047357257773,141.47914123535156,2742200
2018-03-14,141.7142259429125,142.09733363215648,139.67680408910743,140.1818084716797,2214800
2018-03-15,140.43427314838598,142.34981117351265,140.08600075422126,141.80126953125,1840300
2018-03-16,141.58362456450152,142.1756904113317,140.07732689113143,140.08602905273438,4018600
2018-03-19,139.7987126019863,140.61716759170665,138.76258397822306,139.8509521484375,1890000
2018-03-20,140.13824812246648,142.053772968985,140.13824812246648,141.81869506835938,2249400
2018-03-21,142.09729340216128,142.55005811451414,140.99150802777115,141.07858276367188,3452600
2018-03-22,136.48139167615412,137.51752047552347,130.36911127629435,130.80445861816406,8203600
2018-03-23,131.76215798366692,132.75474886361573,128.13136467843998,128.2967987060547,4039800
2018-03-26,129.73345387293708,133.3642475984478,129.73345387293708,133.08563232421875,4231000
2018-03-27,133.41647122707255,133.7908766491808,128.68860800321826,129.61154174804688,3212000
2018-03-28,130.32552670949994,130.9089036278905,128.28810507563827,128.34906005859375,2965700
2018-03-29,129.1152722071841,133.65159606933594,128.70605804470856,133.65159606933594,3595900
2018-04-02,132.1888443839371,132.1888443839371,127.55674330123364,128.84536743164062,2845800
2018-04-03,129.2894157129765,129.70734530326874,127.16491925989924,129.5506134033203,2363300
2018-04-04,127.72218687661638,131.02211340668737,127.17364505347543,130.57806396484375,2161100
2018-04-05,131.5619334444678,132.40650810286834,130.61286642035512,131.97116088867188,3336300
2018-04-06,130.5170771987052,131.29199463549818,127.28680861388223,128.32293701171875,1927200
2018-04-09,129.08914649703902,130.97855174395727,128.8714728978216,129.0804443359375,1465800
2018-04-10,130.59542545126416,132.98983445745188,130.4648133522106,132.38905334472656,2257400
2018-04-11,131.22961974350665,131.6424583244412,130.14044000059823,130.3512420654297,1734900
2018-04-12,131.0364120097668,132.74925968056647,130.81681752920105,131.8357391357422,2005600
2018-04-13,132.63503392648786,132.9951720035333,131.2823381532906,131.870849609375,1607800
2018-04-16,133.03025650014837,133.5572883090669,132.17822933741627,133.00390625,2151600
2018-04-17,134.08429634890445,135.78835054262757,133.5836282318168,135.48092651367188,2702300
2018-04-18,135.57758547939787,136.76338717625413,134.69041554146983,136.60528564453125,1975700
2018-04-19,136.14851384977706,136.33297902391573,134.93634859880703,135.7883758544922,1512900
2018-04-20,135.2877544886427,135.92896653919138,133.434376767401,133.87356567382812,2302000
2018-04-23,134.59380429928817,134.79584081004796,133.6100256148135,134.42691040039062,1533000
2018-04-24,134.8924620681015,135.56880320807625,131.6248961397,132.69651794433594,1922600
2018-04-25,133.07425522284908,133.07425522284908,130.37762856806953,131.8357391357422,2040200
2018-04-26,132.57351816965323,134.50595951634335,132.28366537062755,133.7681121826172,1634600
2018-04-27,133.76809866449653,134.3654023121061,132.80189149177073,133.85594177246094,1179500
2018-04-30,134.5411199822944,134.62017076403268,132.7931434136331,132.8107147216797,1504700
2018-05-01,132.71406026254041,133.46946548852753,131.86203297033478,133.443115234375,1204800
2018-05-02,133.2674667171842,133.59246217967157,132.11679406601854,132.38031005859375,1642100
2018-05-03,132.0201714353861,133.54854006062808,131.001250083238,133.2762451171875,1725000
2018-05-04,132.38035216362354,135.2350806180427,132.06413555255313,134.7783203125,1504100
2018-05-07,134.34787192943062,134.4620653239699,133.3728721071582,133.7769317626953,2057000
2018-05-08,132.9424689967887,133.95259798102745,132.66138170202112,133.46070861816406,1770100
2018-05-09,134.30394755544526,136.13097481499065,133.6890858341993,135.81475830078125,1515300
2018-05-10,136.1397461742576,137.90528028790317,135.64784347014296,137.501220703125,1299400
2018-05-11,137.50122400886653,138.44987342799865,136.86880446575702,137.97555541992188,1211600
2018-05-14,138.18637656610503,138.4762293922804,136.42082893425308,136.6492156982422,1636700
2018-05-15,135.91133818961134,135.9728310441345,134.725536681715,135.3316192626953,1774500
2018-05-16,135.7093711721192,136.19248164653214,134.9715370310058,135.3404541015625,1946900
2018-05-17,135.63033505033536,136.7810079573576,135.11209530492556,136.0870819091797,1615300
2018-05-18,136.14854246189674,136.96542728323774,135.8147546494882,136.42083740234375,1517400
2018-05-21,137.0445245506403,138.27424825698276,137.0445245506403,137.85263061523438,1653000
2018-05-22,137.87895448022945,138.28300073367146,136.28030056509817,136.43841552734375,1757100
2018-05-23,136.40326609564332,137.07962067232066,135.34921554427623,136.42083740234375,1738000
2018-05-24,136.87762459514212,137.07086879808145,135.876274363085,136.66680908203125,1911100
2018-05-25,136.49111071726423,137.44853919670828,136.192465514994,137.0181427001953,1314900
2018-05-29,136.11344303560068,136.35938777130426,134.09317121833618,134.8661346435547,2047300
2018-05-30,135.972852499804,137.50122091598976,135.735686799611,137.05325317382812,1577800
2018-05-31,137.02694213740807,137.71207577585653,136.06951351483033,136.79856872558594,2767100
2018-06-01,137.85256574109073,139.9079658556881,137.51877800517295,139.56539916992188,1808800
2018-06-04,139.35461561728474,140.54043086389078,138.83637599518931,140.0397491455078,1481800
2018-06-05,139.80259161192495,140.85664212355232,139.7059695331853,140.47015380859375,1756500
2018-06-06,141.04110971388687,142.9559666120341,140.68097165040717,142.92083740234375,1771300
2018-06-07,142.94721248948693,143.04383458664276,140.189106646927,141.07626342773438,1841800
2018-06-08,141.16406369365583,142.5870310532007,141.07622057638454,142.4464874267578,1725200
2018-06-11,141.88432618064346,143.72892441765367,141.88432618064346,142.95594787597656,1978400
2018-06-12,143.56203557775476,144.06270383493734,142.69243693783338,143.03500366210938,2881300
2018-06-13,143.25465575609655,144.27357738846328,142.83303809555932,143.19317626953125,2357600
2018-06-14,143.46541861647032,144.0100084531831,142.42014710176377,142.96473693847656,1914400
2018-06-15,142.15664432979594,143.79042739456386,141.10259376610244,143.59718322753906,8561500
2018-06-18,142.29716809324347,143.15797436961563,141.29581818722497,143.0701446533203,1789800
2018-06-19,142.40257395777448,143.47419571506708,141.68231128654915,143.44784545898438,2574400
2018-06-20,143.17555454712752,143.50054998321986,141.99853173259618,142.09515380859375,2026800
2018-06-21,141.7437952801811,142.2356846134185,140.21542676661912,140.5667724609375,2034200
2018-06-22,140.9795924814692,140.9795924814692,139.17013692805259,140.2154083251953,3623900
2018-06-25,138.77491345115507,138.83639292760645,136.45599659520613,137.16748046875,3134500
2018-06-26,137.49246711032654,138.4235453739089,137.16747163420305,137.78233337402344,2164000
2018-06-27,138.04584318586367,139.3985389527958,136.41206012020376,136.4471893310547,3191900
2018-06-28,140.97081397314722,145.4241810604296,140.27688822193824,144.49310302734375,5801100
2018-06-29,144.22083385063496,145.42420698684396,143.20191252210336,143.6938018798828,3370000
2018-07-02,142.20939540110052,143.5445337379924,141.6823766333956,143.3776397705078,2279400
2018-07-03,143.97489437709885,145.30123990070618,143.19313874743963,143.47421264648438,1919100
2018-07-05,143.7904168092477,144.8005591357836,143.31609878154617,144.7566375732422,2427900
2018-07-06,144.73030940630392,145.08165515430238,143.18435594795594,144.50192260742188,1840400
2018-07-09,144.93226449865057,146.03901514793293,144.93226449865057,145.92483520507812,1651600
2018-07-10,146.24985088168864,147.36539403764374,146.10930726773057,146.2147216796875,2071000
2018-07-11,145.2836352826234,146.77688777703952,144.58972294469388,146.0829620361328,1307100
2018-07-12,147.14584321144773,147.69921207532752,146.67151172471566,147.59381103515625,1717000
2018-07-13,147.34785444209695,148.0066376959364,147.2424534104361,147.64649963378906,1420300
2018-07-16,147.6991884551943,147.9802757213403,147.0228473516153,147.251220703125,1522800
2018-07-17,146.75935324557926,148.40191531742033,146.68908141857796,147.6289520263672,2315300
2018-07-18,147.10186787011185,147.10186787011185,145.78430173768928,146.14443969726562,2206500
2018-07-19,145.995117013825,146.92619493543097,145.38024209686185,146.5924072265625,2055100
2018-07-20,146.3289507883729,146.68030994128497,146.09179843851115,146.26747131347656,1110200
2018-07-23,145.74917955581068,146.20593963187957,145.38026259540118,145.77554321289062,1783300
2018-07-24,146.10057117590028,146.26746509106098,144.326244387375,145.08164978027344,2545500
2018-07-25,144.93231127089146,146.79446758735804,144.93231127089146,146.75933837890625,2285200
2018-07-26,147.04042838862216,147.66408248164672,144.9850276927057,145.08164978027344,2228000
2018-07-27,145.2485210203507,145.59108774952455,141.51541620626034,142.3147430419922,2704000
2018-07-30,142.50796037415662,142.66606187957697,138.85390701515814,140.0309295654297,2553200
2018-07-31,140.80393163916827,141.6823092371631,139.5654160092807,139.951904296875,2722700
2018-08-01,140.81273945021974,141.76138905884116,139.74111748879446,140.2857208251953,2060600
2018-08-02,139.0471895085875,140.8039448696487,138.64312987823234,140.67218017578125,1774700
2018-08-03,140.97084718123486,141.36611448045227,139.6269303221073,140.8654327392578,1478500
2018-08-06,140.7776469788238,141.4276381262972,140.1715640093264,141.04994201660156,1135800
2018-08-07,141.57691111505767,142.2181364855805,141.41880956264166,141.594482421875,1415700
2018-08-08,141.5066493546274,141.98974635537454,141.33096309655966,141.54177856445312,1123400
2018-08-09,141.53301001679398,142.06882097613658,141.01475696216505,141.10260009765625,1722100
2018-08-10,140.5843265817404,141.83162106797622,140.4350040097591,141.1376953125,1354200
2018-08-13,141.18165103017165,142.20935138222035,140.5843605977252,140.74246215820312,1590100
2018-08-14,140.61945072893246,141.9721595843172,140.44377790956455,141.6295928955078,2083200
2018-08-15,141.03232502769603,141.8053017127105,140.32962016886293,140.90057373046875,1669400
2018-08-16,142.12149014509137,143.39513491087112,141.86675315014878,143.07891845703125,1957000
2018-08-17,143.58842893205392,145.08166860394832,143.2282907950315,144.83572387695312,2717500
2018-08-20,145.23097916951076,145.49449518454435,144.75666106483536,145.03773498535156,1285800
2018-08-21,145.37152314713148,145.72286889928552,144.51071667226722,144.5897674560547,1291600
2018-08-22,144.6600221746446,145.68772245125453,144.35258462564192,144.86204528808594,1184400
2018-08-23,144.9147575316266,146.23232415744,144.9147575316266,145.10800170898438,1299200
2018-08-24,145.73159622118317,146.5045592115776,144.94104852715265,145.7052459716797,1768200
2018-08-27,146.49585460688044,146.90869326257737,145.93369332722662,146.5749053955078,1406800
2018-08-28,147.0228947187988,147.4796415689709,146.320189730018,147.27761840820312,1668500
2018-08-29,147.17216261304958,149.2539131378234,147.17216261304958,149.12216186523438,1370800
2018-08-30,148.93770382700055,149.12216902045412,147.68163029145637,148.12081909179688,1480000
2018-08-31,148.1910772579351,148.93769010795435,147.74309614494624,148.50729370117188,2803300
2018-09-04,148.23502068006047,148.96407580328693,147.4620573927805,148.88502502441406,1676900
2018-09-05,148.48971562010098,148.70051763731854,147.1282278460053,148.12957763671875,1869000
2018-09-06,147.81337455372034,149.25391321433625,147.42688628329057,148.76202392578125,1813000
2018-09-07,148.33160747483578,149.0343121712483,147.97148287799226,148.50729370117188,1826600
2018-09-10,149.20121947170455,150.20256939824034,148.84108143947347,148.92892456054688,1888500
2018-09-11,149.06952176577366,150.21140233222678,148.64789071666945,149.93032836914062,1963400
2018-09-12,149.9303133350854,150.2289585793505,148.89382053036624,149.6316680908203,1743300
2018-09-13,150.3431291374124,151.52893098107046,150.07083419708306,151.1424560546875,1586500
2018-09-14,150.8525831168225,151.318122201185,150.22892908519725,150.76473999023438,2212900
2018-09-17,150.59788534108404,150.83505112229983,149.99180245741192,150.2377471923828,1770900
2018-09-18,150.32557279908326,151.81003339241204,150.25530096829465,151.4411163330078,2078400
2018-09-19,151.8012624907009,152.23165904800862,150.94923492629968,152.08233642578125,1531100
2018-09-20,152.74988302610987,153.18029294209595,152.18772181083247,152.95191955566406,1818900
2018-09-21,153.49645158043526,154.27820693505492,152.7234751747976,153.0045623779297,4743000
2018-09-24,152.01203433589893,152.17892823428335,151.29177163068852,151.63433837890625,2074700
2018-09-25,152.4336432981817,153.27689169421114,151.45864362291886,151.8012237548828,1979900
2018-09-26,152.0208112571369,153.32080629750288,151.48500040760436,151.93296813964844,2623900
2018-09-27,148.38432622898333,152.77621436792884,148.18230312742594,149.3681182861328,3112800
2018-09-28,149.3154108832419,150.0268945844452,148.49851275754222,149.49986267089844,2384500
2018-10-01,150.32553704226675,152.99579896217207,150.2991867873614,152.40728759765625,2336700
2018-10-02,152.0647447116683,152.4512330481523,151.52893377299378,152.09109497070312,1762700
2018-10-03,152.59176110880892,153.55798185130502,152.53906059612348,152.96067810058594,1655500
2018-10-04,152.72354234868308,152.96070810526874,149.74584217104155,150.9580078125,1779100
2018-10-05,150.6681333132916,151.21272322546312,149.42083852552352,150.4046173095703,1485800
2018-10-08,149.62287755295236,150.85261456666564,148.13841686379553,149.23638916015625,1693600
2018-10-09,148.63024904267363,149.21876030534892,147.66402852008682,148.27011108398438,2027900
2018-10-10,148.00662979928003,148.1208231794731,141.92825824318044,142.0688018798828,2972300
2018-10-11,141.5241901252347,141.89310709715267,136.24514574208146,137.0269012451172,4752800
2018-10-12,140.1802589513658,140.74242000298764,138.24783117410178,140.0485076904297,3376300
2018-10-15,139.60934310333965,140.2066334602207,138.64312234605677,138.71339416503906,1945100
2018-10-16,140.16273588629207,142.19178622684447,139.57421103324126,141.594482421875,2830200
2018-10-17,141.0714854955118,142.14404252429696,139.87484571433288,140.84988403320312,2687200
2018-10-18,140.44211172980349,140.44211172980349,137.5435615006104,138.45655822753906,2196000
2018-10-19,138.28817832460302,140.62828933817372,137.77406128424911,140.30032348632812,2426100
2018-10-22,140.13188229833702,142.08197225057447,139.19229436388034,141.42604064941406,1958300
2018-10-23,138.89979338751886,141.22218590177337,137.9070231679779,140.13189697265625,2204000
2018-10-24,139.93689909223846,140.44215696186612,135.62010656438866,135.72647094726562,2473700
2018-10-25,137.74749241383472,140.01670322459356,137.28657101403238,139.09483337402344,2313700
2018-10-26,136.7724552702181,138.35025694622172,135.49602840300557,136.90541076660156,2472500
2018-10-29,138.3236655306258,138.8466418491819,133.51934640703607,135.38966369628906,1909200
2018-10-30,136.01012357911992,137.26881833516393,135.00848058308944,137.0560760498047,2296400
2018-10-31,138.47433859383935,141.33742602526246,138.3059192992589,139.71530151367188,2414900
2018-11-01,139.9634754045609,141.1246784054022,139.55573629627858,140.5662384033203,1771600
2018-11-02,140.8853607301095,142.41883920243896,138.2704659407437,139.5114288330078,1998600
2018-11-05,139.7241543847726,140.90307575391466,138.92638102777357,140.58396911621094,1705200
2018-11-06,140.90309762387747,141.79836277602638,140.6726234175259,141.3108367919922,1364700
2018-11-07,141.82496873191238,145.3617337588383,141.8161095405405,145.25535583496094,2278400
2018-11-08,144.3689054670803,145.8492015007923,144.3689054670803,145.81375122070312,1294400
2018-11-09,145.39716801103594,146.83314133288965,144.60826725050768,146.3899383544922,1882100
2018-11-12,145.83148816556871,146.2126361729905,143.881398081748,143.98776245117188,2263800
2018-11-13,144.19163039543034,145.22872356220276,142.6492794285621,143.11021423339844,1486700
2018-11-14,144.67917714356867,144.8387237189218,141.27538161455684,142.08200073242188,2819900
2018-11-15,141.7539746891504,144.4397824379402,141.31963109816223,144.03204345703125,2561800
2018-11-16,143.34068885692818,146.9926764499396,143.32295695367185,146.2569580078125,3218500
2018-11-19,145.81376707965796,147.09019370935613,143.69525757009734,144.28028869628906,2194400
2018-11-20,142.00221434230423,142.68475063334932,139.82166352745557,140.84988403320312,2224800
2018-11-21,141.82496016413938,141.82496016413938,138.93528146996863,139.14801025390625,2525600
2018-11-23,138.1463769189898,139.93690725409664,137.61452792262267,139.1036834716797,938800
2018-11-26,140.53078879282893,141.36401252281604,139.50256820362446,140.4066925048828,2127500
2018-11-27,140.08759562436268,141.27538992113764,139.6178015353366,141.0360565185547,1930000
2018-11-28,141.83378620366966,143.91684522939266,141.19557295006427,143.7838897705078,2784000
2018-11-29,143.7839245495977,144.00552605166047,142.54294802275703,142.77342224121094,2414600
2018-11-30,143.39385104788337,145.84918505011134,142.69358298442776,145.8314666748047,5832800
2018-12-03,147.1167736488918,148.09182545194693,145.97330257753813,147.87022399902344,2319800
2018-12-04,147.5511147004408,149.24413949082938,145.45032376734864,145.55670166015625,3108900
2018-12-06,142.45429956940626,143.3672965735276,138.84662102798097,141.16014099121094,6012000
2018-12-07,140.8321885756372,142.5163545530968,138.4920772938131,139.5646209716797,3090000
2018-12-10,139.1834432025248,140.6282754664592,136.8699235118803,139.80392456054688,2280800
2018-12-11,141.82498776549738,142.5607065125891,139.52919902215976,140.31809997558594,1786300
2018-12-12,142.05537413407177,142.8974703784717,140.52189604378378,140.60166931152344,2423400
2018-12-13,141.6387562291601,142.7910863066473,141.13351202989796,142.0465087890625,2227100
2018-12-14,140.3446405127695,140.6194241634834,137.4992717696934,137.86270141601562,2336100
2018-12-17,137.15359274681506,137.37519424060093,133.74093785780175,134.44119262695312,2755000
2018-12-18,135.9126132319131,136.53309463381632,133.98024140829423,134.8577880859375,2692600
2018-12-19,134.99073645211897,138.46545917088505,132.58858425284342,133.81182861328125,3261000
2018-12-20,129.4152407762481,130.4789249816421,123.64474415601369,127.19922637939453,6409200
2018-12-21,125.0009133088512,128.39584815746616,121.37550436303262,121.61483764648438,6236900
2018-12-24,121.0652990838337,121.36667379303198,118.42381373322335,118.48585510253906,2305400
2018-12-26,119.48750785182276,123.22814151338031,117.56400883564886,123.21926879882812,2488600
2018-12-27,121.53510134237453,124.46024322509766,119.39000090183873,124.46024322509766,2684100
2018-12-28,124.99208270701756,125.69235089532204,123.04199256289985,123.93727111816406,2015600
2018-12-31,124.45137259345294,125.2402732377845,123.55610757812642,124.99208068847656,1826400
2019-01-02,123.1483899347866,125.15167632754641,122.57223139423093,124.61982727050781,2059300
2019-01-03,123.3256416222582,123.7156623330854,120.1788983695158,120.36503601074219,2801300
2019-01-04,122.43038730362224,125.2846155870387,121.88081993461662,125.04529571533203,2296400
2019-01-07,124.83253416224254,126.19759318376708,123.96386023945419,125.47960662841797,2315600
2019-01-08,128.20092236394063,130.1332812268767,126.4812923149885,128.65298461914062,2647800
2019-01-09,128.75929500061497,130.47892432803576,128.65293063825192,129.3000030517578,2181500
2019-01-10,128.227463529622,130.41688689079942,127.88176581604024,130.3193817138672,1836300
2019-01-11,126.76491233235437,130.6828250791361,126.76491233235437,129.619140625,2004100
2019-01-14,128.3338566470391,129.11389823725705,127.77541655172566,128.46681213378906,1484500
2019-01-15,128.59978514749224,130.744886061856,128.53773023475682,130.2041778564453,1543800
2019-01-16,131.87945537572696,132.48221835998626,130.93986738087617,131.08169555664062,2677100
2019-01-17,130.5144132267986,132.62405013033504,130.5144132267986,132.18084716796875,1814700
2019-01-18,132.96087654518695,134.20183931608346,132.17197588537138,133.35975646972656,2470500
2019-01-22,132.51767610396013,133.31543596797255,131.10829403231415,132.04788208007812,1950300
2019-01-23,132.83677503941038,133.78522222151736,130.69167460530716,131.5603485107422,1989400
2019-01-24,131.90604576061614,133.23565446894918,131.78194948885758,133.0938262939453,1947100
2019-01-25,134.36145084520666,134.92875026131998,133.81188333988956,134.6007843017578,1742800
2019-01-28,133.59911597608553,134.9464569091797,133.1381810600697,134.9464569091797,2046500
2019-01-29,134.7514190673828,135.09711680263842,133.94478650995978,134.7514190673828,1963200
2019-01-30,135.19463815548585,136.94971813473802,134.5918750812542,136.58628845214844,1679400
2019-01-31,136.06326673426048,137.30422922913795,135.72642826044654,136.1075897216797,2115600
2019-02-01,136.72805570453764,137.5878701676674,136.2050796776165,137.1623992919922,1957400
2019-02-04,137.39288364401125,138.84658845251587,136.7103474671621,138.76681518554688,1666100
2019-02-05,138.94412872725877,139.52915988380477,138.766850247376,139.4493865966797,1985700
2019-02-06,139.29865292129585,140.07869427987643,139.06819230420516,139.30752563476562,1375100
2019-02-07,138.14634824170696,138.2793037004581,136.67491137929224,137.5524444580078,2109800
2019-02-08,136.6394517509457,138.2349849321366,136.52422819166486,137.91587829589844,2300000
2019-02-11,138.27927826677768,139.43160829076282,137.41060453659418,137.67652893066406,1410500
2019-02-12,138.305904373093,139.19231022744876,137.96020663091343,138.83775329589844,1861300
2019-02-13,139.16572311868293,140.5307822222663,139.041626836539,140.07872009277344,1952100
2019-02-14,139.8039218550446,140.7966920086677,138.93524797062437,139.91915893554688,1552900
2019-02-15,141.00943955664005,141.23104101177833,140.25598919897817,141.14239501953125,2395200
2019-02-19,140.59284484233308,141.9135945448015,140.22055597546864,141.364013671875,1656500
2019-02-20,141.62995826066117,141.93133307297882,140.4333046772758,141.5679168701172,1942300
2019-02-21,141.45267872037388,141.86929064484727,140.83219719205698,141.40835571289062,1835700
2019-02-22,141.98450910026676,143.4470871414372,141.78951222025978,143.15457153320312,1679300
2019-02-25,143.65096515934871,143.96121269321964,143.18117102553265,143.30526733398438,1368000
2019-02-26,143.26094897261058,144.04099066560062,142.7468318136384,143.01275634765625,1526200
2019-02-27,142.57835688631215,142.9417729302645,141.94014372430627,142.3833465576172,1536300
2019-02-28,142.62271790252822,143.59776989845125,142.1706557183177,143.04820251464844,2017300
2019-03-01,144.484167147492,146.1683330107979,144.20051075656656,145.5478515625,2227600
2019-03-04,146.03540325673262,146.18609066890158,142.63160711889813,144.32464599609375,1896300
2019-03-05,144.4575976824248,145.29082154868263,144.05871765775416,145.0780792236328,1564900
2019-03-06,145.423747130607,145.423747130607,143.89912792844876,143.94345092773438,1733300
2019-03-07,143.7838587552346,143.9965874435632,142.51629171021366,143.46475219726562,1655000
2019-03-08,142.71131492652867,143.42930136549882,142.26811208514195,143.32293701171875,1458100
2019-03-11,144.02322427042185,145.43261990559392,143.5888940434932,145.3173828125,1240400
2019-03-12,145.80489724302564,146.98381859893757,145.1223609789757,145.3616943359375,2351200
2019-03-13,146.23035758131448,146.50514119959095,145.06916821351217,145.46804809570312,2095200
2019-03-14,145.77827502580607,146.19487322608086,145.46802764689295,146.09738159179688,2270100
2019-03-15,146.2569861988613,148.0652484406534,146.1683401909723,147.4890899658203,3737200
2019-03-18,147.80820781787662,148.41983015223474,146.38109354620195,147.52455139160156,1592100
2019-03-19,148.12728075546485,148.58821558030795,146.72675790244602,147.32064819335938,1949600
2019-03-20,147.49794452332384,148.26025418058603,146.08856231033906,147.38272094726562,2128800
2019-03-21,146.41650831121632,149.7316709801522,146.41650831121632,149.12892150878906,1666400
2019-03-22,148.7388926790171,149.28845993479615,146.354458965299,146.46969604492188,1602600
2019-03-25,146.23923486326325,146.67357860344282,145.37056090838414,146.327880859375,1769900
2019-03-26,147.56884038017674,148.5616241177924,147.09018717803397,147.97659301757812,1777800
2019-03-27,148.02980693099346,148.73893445971152,146.58496077471017,147.5600128173828,2376200
2019-03-28,151.50452932774786,157.32822391000343,151.11450847879826,155.22743225097656,5398700
2019-03-29,155.38696364452167,156.86725993800036,155.07671615601313,156.02517700195312,2773000
2019-04-01,155.5642477898469,156.46838566670053,154.93489359971304,156.29110717773438,2977900
2019-04-02,155.85674251111442,156.49495580630986,154.73100329243917,155.44898986816406,1923600
2019-04-03,155.91876958265235,157.23951904954686,155.54648078219077,157.06224060058594,2481800
2019-04-04,157.0622356214772,157.28383705702296,155.88331436131648,157.03564453125,2270200
2019-04-05,157.28388258176113,158.1525566733983,156.929312066973,157.91322326660156,1861500
2019-04-08,157.48772020165856,158.7375556522699,157.22179575092517,158.5868682861328,1373300
2019-04-09,157.5586254572035,158.1968386929925,157.14201366368906,157.5408935546875,1813900
2019-04-10,158.014612543886,158.8636702198093,157.38899181623242,158.193359375,1582600
2019-04-11,158.35419943447368,159.50714152070876,158.10395118765655,159.40882873535156,1417200
2019-04-12,159.5339792494476,160.30260288825065,158.90835852891234,159.6591033935547,2663400
2019-04-15,159.45357305855842,160.55287920494644,159.04244300614295,160.24900817871094,1619800
2019-04-16,160.6958478476376,160.7852144399491,159.3194686784582,160.0344696044922,1618200
2019-04-17,160.49920736087896,160.87457974378023,159.89145185700986,159.93614196777344,1637400
2019-04-18,159.7305759674356,159.98082421039547,158.54188999462295,159.63226318359375,1319700
2019-04-22,158.41679373754712,159.31054151603823,158.21123556699663,159.14967346191406,1393900
2019-04-23,159.26584510378117,161.36615775521273,159.05135437342784,161.3035888671875,1785500
2019-04-24,161.64318558927062,162.1347494788533,161.11587779749354,161.59849548339844,1463900
2019-04-25,161.39302168033527,161.39302168033527,159.6323369616548,160.8299560546875,1035300
2019-04-26,160.98184239077275,161.63428807548505,160.06128328769495,161.6164093017578,1010300
2019-04-29,161.5717207960435,162.4118458819824,161.4465966537234,161.95603942871094,1111900
2019-04-30,162.28675853442724,163.40394350040592,161.9203185925834,163.2609405517578,1535800
2019-05-01,163.73454668586328,163.86861699943628,162.02748561057203,162.0453643798828,1242400
2019-05-02,161.76832575128844,162.95701177038163,159.52502404401895,160.3293914794922,1889900
2019-05-03,158.22013566389523,159.05132801881166,157.7643292999127,158.17544555664062,2680200
2019-05-06,155.3601517156039,158.07713850253975,154.52002676380275,157.53195190429688,1630200
2019-05-07,156.3343651281479,156.5399233057342,154.0463729188991,155.45849609375,2308500
2019-05-08,155.57464844378103,156.62926404656537,154.76133486959634,155.35121154785156,1984900
2019-05-09,153.8140330273539,156.0305242023394,153.17946596016438,155.92327880859375,2044800
2019-05-10,155.2618523558912,156.38796955434236,152.53591912897727,155.7802276611328,2139600
2019-05-13,153.17943720980352,153.72462392153724,152.24994548427043,152.8487548828125,1853800
2019-05-14,153.64416018074354,156.20027897856272,153.64416018074354,155.1635284423828,2181200
2019-05-15,153.9122925640515,157.42471436828757,153.8854675873904,156.76333618164062,2060800
2019-05-16,157.54089862911755,160.65113656440786,157.39789573525195,159.239013671875,2232100
2019-05-17,157.64819170942135,160.1506885596843,157.64819170942135,159.38206481933594,1551100
2019-05-20,158.17547309815555,160.40090990687023,157.69285531328805,159.56971740722656,1566000
2019-05-21,160.5260393208545,160.87460040957487,159.81103836931015,160.49029541015625,1224900
2019-05-22,160.26684159873855,162.10795964988833,160.15065003555674,161.22314453125,1212300
2019-05-23,159.92725490415955,159.92725490415955,157.69288510531416,159.3284454345703,1250200
2019-05-24,160.48134597781305,161.16953557312019,159.65909967319675,159.81103515625,1288100
2019-05-28,160.21324049782655,160.9729316529101,158.90837622646072,159.43568420410156,2336500
2019-05-29,158.7653214685568,159.71269173271045,157.84476254112406,158.73851013183594,1547700
2019-05-30,158.7832564787817,160.39200543937181,158.7832564787817,159.82000732421875,1047900
2019-05-31,158.61341933981586,159.65017003586766,157.73755033539706,159.14967346191406,1799600
2019-06-03,158.97090740002167,159.40884870556883,155.71766614633694,156.54885864257812,1774600
2019-06-04,158.43466678077368,159.10497759039575,157.09404516152955,159.06028747558594,2269700
2019-06-05,160.35621436561468,161.18740683713202,159.43565530455768,160.48133850097656,1492100
2019-06-06,160.87457731714954,161.75044619737432,160.27576802696987,161.23207092285156,1737700
2019-06-07,162.33144613356276,164.65518264411784,162.0096963228691,163.484375,1965900
2019-06-10,164.74452167627774,165.5846467294199,164.20826758012075,164.84283447265625,1525000
2019-06-11,166.02259241822375,166.844838787437,163.6184222048495,163.88653564453125,1423400
2019-06-12,164.10997694090062,165.40592224199952,163.75248325353473,164.97691345214844,1402100
2019-06-13,166.12089131991732,166.32646312314523,164.66409174872095,165.29864501953125,1323700
2019-06-14,165.0394534566897,166.08513662856586,164.5747008344644,165.31651306152344,1864700
2019-06-17,165.34332691396583,165.63826529577275,164.25295361304606,164.36019897460938,1177900
2019-06-18,165.33441044775728,165.94215240581264,164.70877607768844,164.89646911621094,1972600
2019-06-19,165.10206007563428,165.68300444355356,164.01168645201358,164.40493774414062,2023500
2019-06-20,165.15564975068577,167.09509447521827,164.87859011504088,166.70184326171875,2122000
2019-06-21,167.22025158891302,167.4079310266692,165.51318968354371,165.8438720703125,3306600
2019-06-24,166.29965953092147,167.26489515297845,165.8617181998424,166.3354034423828,1703100
2019-06-25,166.70186342674577,166.8269875882213,164.87861005951876,165.2539825439453,1863300
2019-06-26,165.90641781850783,166.17453126359524,163.83291625976562,163.83291625976562,2395300
2019-06-27,159.8021091407959,163.65415997132965,159.07817560582436,163.55584716796875,3434500
2019-06-28,164.65509455349002,165.79015767249834,163.43959743421843,165.13772583007812,2937900
2019-07-01,165.19140891055147,167.09509610468876,164.833901605016,167.0146484375,2397800
2019-07-02,167.05040086153102,168.68596093571335,166.4515914853291,168.5608367919922,2123500
2019-07-03,169.2132551591582,170.6790008544922,168.11394929703465,170.6790008544922,1106900
2019-07-05,169.7405871746503,171.3672147802395,168.24802992680742,171.0543975830078,2111000
2019-07-08,170.75942205868353,170.83092350644392,169.68692761729122,170.089111328125,1877200
2019-07-09,168.9809093378784,170.8398928295821,168.9809093378784,170.78627014160156,1732500
2019-07-10,171.16161735736057,171.67999266058794,170.68793216669738,171.3403778076172,1584400
2019-07-11,172.03753701609853,173.98590087890625,171.82303261204652,173.98590087890625,1922200
2019-07-12,174.28083325537128,175.38013930817155,173.22621732321542,175.36227416992188,2059400
2019-07-15,175.3711551044556,175.49627922291356,174.35228338629597,174.56678771972656,1267000
2019-07-16,174.41490234656106,174.81709982336832,172.83297833616209,173.61053466796875,1460100
2019-07-17,174.1378444385962,174.37916019962722,172.97596939521898,173.21728515625,1557700
2019-07-18,173.11000998370514,174.85281543015824,172.66313609294747,174.1199493408203,1562400
2019-07-19,174.12888988972733,175.13882929312956,173.26195341092372,173.3245086669922,1583200
2019-07-22,173.96801388451428,174.63832477331283,173.66414288792797,173.78033447265625,1090000
2019-07-23,174.56684149143982,174.72770956293527,172.4933398754297,173.7982177734375,1111800
2019-07-24,173.38708158771752,173.8786456289991,172.3860883672967,173.80714416503906,1250900
2019-07-25,174.28975697371777,174.81707855052738,173.11001694617312,174.25401306152344,1531000
2019-07-26,174.37023627935596,176.0951633340217,173.90548351144895,176.0057830810547,1255400
2019-07-29,176.06831684775926,176.4883794053511,175.3533158792513,176.38113403320312,1319700
2019-07-30,175.50528552180137,176.27390932595534,174.59367240612778,174.86178588867188,1143900
2019-07-31,175.22815785035158,175.52309620423824,170.26785578499675,172.117919921875,1566000
2019-08-01,172.78827796078036,176.26495664199822,172.698897718457,173.53009033203125,1837100
2019-08-02,173.8071360917988,173.8071360917988,170.25895622796335,172.50225830078125,1833100
2019-08-05,169.43668670060958,170.7058067688826,164.65513116071912,165.8348846435547,2422000
2019-08-06,166.83593032308565,169.41886138610934,166.69292737625452,168.74855041503906,2055600
2019-08-07,167.31848295405067,169.24003470993546,164.8070409112942,168.80209350585938,2495100
2019-08-08,169.81208381725915,173.63732335119457,169.2579645393321,173.54794311523438,1804100
2019-08-09,173.03851385745537,173.10106911258467,169.99977676165773,171.13482666015625,1831800
2019-08-12,171.13481560738168,171.50125545843161,169.20433082900158,169.81207275390625,1597200
2019-08-13,168.70382771721717,172.51120202580054,168.70382771721717,172.38607788085938,2072000
2019-08-14,170.1695674245864,171.0543826132428,166.96101625096173,167.10401916503906,2316500
2019-08-15,167.4436483291424,170.01763260502287,166.86270410250495,169.4188232421875,1932600
2019-08-16,170.81306567559182,173.08319259838854,170.2321350928925,172.68994140625,2526900
2019-08-19,174.28081285772316,175.43374146535513,173.8518177522681,174.44168090820312,1891000
2019-08-20,174.37910955634965,175.15666567022873,172.60054677215282,173.5657958984375,1423500
2019-08-21,174.89751414412686,175.92531868838944,174.3433948563515,174.93325805664062,1044700
2019-08-22,175.5856678040555,176.04147419211904,173.62835828544758,175.47840881347656,1160900
2019-08-23,174.28081134245372,176.89948570533886,171.2152631043315,172.32350158691406,2290400
2019-08-26,173.69092741867004,174.70086669921875,172.91337127170334,174.70086669921875,1641500
2019-08-27,175.1924166852921,176.42577915832445,174.49529461520655,176.21128845214844,1632700
2019-08-28,175.97001360632132,176.54201168470817,173.8965256862351,175.92532348632812,1326200
2019-08-29,176.96205011660604,178.66911154982373,176.4615535710048,177.62342834472656,1494200
2019-08-30,178.74954311025667,179.35728501082775,175.8627418075282,177.11398315429688,2176600
2019-09-03,175.4962974778718,176.74753879260456,174.67405123711774,174.95111083984375,1696500
2019-09-04,176.81008042559603,177.28376553870126,176.39895054983214,176.7028350830078,1250700
2019-09-05,178.57080657401065,178.57080657401065,177.3642416335578,178.2937469482422,2216100
2019-09-06,178.74955616588016,181.25205267970424,177.89155229578003,179.75054931640625,2184100
2019-09-09,179.61647063110428,179.75052732682548,172.3502976978576,174.1288604736328,2702800
2019-09-10,172.47544480163344,172.9759413823394,167.92627182074148,169.50820922851562,3631000
2019-09-11,169.81203869610508,172.01959629015488,169.1327954508227,171.03646850585938,2430300
2019-09-12,174.01269520381317,175.38012825680272,171.53700996122356,174.74557495117188,2122200
2019-09-13,175.17455358906923,175.17455358906923,173.3513142358906,173.94117736816406,1592600
2019-09-16,172.82402187520353,174.4774608956135,172.50227209535387,173.53009033203125,1360000
2019-09-17,172.81507404089334,174.9868746349066,172.81507404089334,174.2361297607422,1457800
2019-09-18,173.54789607285284,173.91433584844833,171.1884030406737,173.5032196044922,1780500
2019-09-19,173.8160865970539,175.2907788045791,173.5837170541305,173.98590087890625,1567900
2019-09-20,174.3255126906402,175.38012855815282,172.00176293466671,172.57376098632812,2541000
2019-09-23,171.89455049572413,173.33348528790142,171.6085445963417,172.35035705566406,1516300
2019-09-24,173.78031283566798,175.0583655585117,169.61544509215537,169.93719482421875,2950200
2019-09-25,171.2420911261476,171.59958480615654,168.65916042118033,170.5896453857422,2825100
2019-09-26,168.07818891757836,172.79717564432624,167.38106680822975,171.70680236816406,3594600
2019-09-27,172.9938041307266,173.01168290338381,170.16062553364958,171.04544067382812,2012500
2019-09-30,171.14376042777428,172.80613177730606,171.07225897174504,171.91238403320312,2025200
2019-10-01,172.13582071952226,172.82399666247724,169.2847632379684,169.47244262695312,2066900
2019-10-02,168.32844515955682,168.60550477544282,163.45752273065278,165.2092742919922,2930700
2019-10-03,165.62936352694416,166.31753957495226,163.4218051742181,166.06729125976562,2172800
2019-10-04,166.96101811152835,169.6512076172413,166.32646483419023,169.49032592773438,1568800
2019-10-07,168.28380277495256,168.65024272328574,166.94318079203694,166.9610595703125,1596400
2019-10-08,165.7097718184399,165.986831435959,162.662088750713,162.84083557128906,2200000
2019-10-09,164.26186930835232,165.61143694443834,163.75244025574528,164.75343322753906,1683100
2019-10-10,164.2976837158203,165.22717556312313,163.1983775797047,164.2976837158203,1999700
2019-10-11,165.9778912686322,167.7653866675674,165.110954909148,165.31651306152344,2381200
2019-10-14,165.66505227567416,166.53198852085174,164.6461805781209,165.79017639160156,1348400
2019-10-15,166.07621306090311,167.4704573656268,165.8438299184436,167.13082885742188,1462400
2019-10-16,165.6857180691545,167.8399368684015,165.29976191408267,167.46295166015625,1923100
2019-10-17,167.81303655690607,168.1451396907142,166.1973756290079,166.98724365234375,1486500
2019-10-18,167.73221588114419,168.86318519426277,167.4988480003286,167.92071533203125,2896700
2019-10-21,167.8040398096211,168.33361333509347,166.40380500513672,168.1540985107422,1344700
2019-10-22,168.09124397644615,168.84521431953573,163.66612971559525,164.00721740722656,1752100
2019-10-23,163.71103950351204,165.91012689053642,163.33405426825954,165.218994140625,2263000
2019-10-24,166.09859305805452,167.86684177832024,165.7395497897187,166.0537109375,2008700
2019-10-25,165.75751266340535,165.9011299770527,164.27649849270696,164.32138061523438,1389200
2019-10-28,165.52413832472251,166.88846166269104,163.86359572888273,164.141845703125,1832700
2019-10-29,163.8546493294055,166.72692743975276,163.69307640964408,165.8742218017578,1554000
2019-10-30,166.18832079974183,167.88476063356552,165.41639499886395,167.4718780517578,1243300
2019-10-31,167.09494498774237,168.80035629717887,165.461328648383,166.43072509765625,1574800
2019-11-01,167.57964762843486,169.06067578775009,167.05007408787833,168.94398498535156,1502100
2019-11-04,169.20426573139162,169.79667694714388,168.19897181091685,168.56698608398438,1144500
2019-11-05,168.74648953146504,168.74648953146504,166.48456466666678,167.74119567871094,1536600
2019-11-06,167.83993712199774,169.88643608190824,167.7681284589708,169.85052490234375,1652200
2019-11-07,169.9223391802378,170.7211917506692,169.3478835531422,169.72486877441406,1676800
2019-11-08,169.33888428290555,170.2813540265019,168.98882565769551,170.27236938476562,1282400
2019-11-11,169.42863808888106,170.9545480345997,169.24015235419378,170.5955047607422,1167000
2019-11-12,170.69422465859452,172.02265041261848,170.42494565134797,171.82518005371094,1522800
2019-11-13,171.57388622353957,174.82316306480482,170.98148874074678,174.580810546875,1817700
2019-11-14,174.1319632949343,176.2951523115894,173.97937507372302,176.1515350341797,1672900
2019-11-15,175.8374277328596,177.3274266254919,175.7566481256462,176.65423583984375,2426200
2019-11-18,177.21067790529958,178.57501461975255,176.60929597692618,177.74026489257812,1561000
2019-11-19,177.90189563142636,178.39557165068652,177.17485171947166,178.02755737304688,1342200
2019-11-20,178.3775808874104,179.3020950247722,176.618316851617,177.46205139160156,1477300
2019-11-21,177.201774957807,177.65953978745065,176.052863714068,176.6273193359375,1217400
2019-11-22,177.7672078498975,178.0993108435204,175.1193274531591,176.51956176757812,1117900
2019-11-25,177.39925265459,178.0634725587238,177.18382665149454,178.04551696777344,1951900
2019-11-26,178.04547025722601,180.41510088518748,177.51589688,180.34329223632812,2324500
2019-11-27,180.0022634776691,180.73829209724244,178.79052808393047,180.63955688476562,1205000
2019-11-29,180.63055499794729,181.0075401911687,179.5175413112212,180.55874633789062,750600
2019-12-02,180.81007895243667,181.0344758904344,177.76725702103138,179.1495361328125,1262300
2019-12-03,177.3094664564567,178.88024491572975,176.34905474904528,178.3955535888672,1243600
2019-12-04,179.30210791242155,179.86759252690743,178.83537218551666,179.1405487060547,1221800
2019-12-05,179.51753672683907,179.54446326165998,178.5122429039211,179.38290405273438,1816600
2019-12-06,180.77413203839063,182.04871844683652,179.9573377545746,181.80636596679688,1345700
2019-12-09,181.10633846650776,182.1026617156509,180.81013277664292,181.33970642089844,1976300
2019-12-10,181.33963450209546,181.54607582972494,180.29842952571073,181.2050018310547,1403000
2019-12-11,181.4294124616741,181.86922168438772,179.82272275326176,181.58200073242188,1669700
2019-12-12,181.45633757247575,183.49385184478015,180.63055850992083,183.0360870361328,1932600
2019-12-13,182.26411711602026,185.54929068115473,182.21923500141708,185.4954376220703,1648300
2019-12-16,185.90834402378374,187.29063663250517,183.97853611349242,184.00546264648438,2702400
2019-12-17,184.00548176139543,184.6517460125382,182.16542420456116,182.5693359375,2377400
2019-12-18,182.74884323789266,185.05563627820842,182.66804994379595,184.6876220703125,3002800
2019-12-19,181.36654725585373,186.96749877929688,181.36654725585373,186.96749877929688,3759800
2019-12-20,189.48977539144337,191.41061288142456,187.6587021667181,189.48080444335938,4148800
2019-12-23,189.35510936417643,189.65130125596386,187.45221410526267,189.23841857910156,2220900
2019-12-24,189.1307141297105,189.9923906693724,188.99606775431843,189.93853759765625,998500
2019-12-26,189.9385248153628,190.39628959024563,189.62436365669174,190.33346557617188,1059800
2019-12-27,190.69251006811064,190.85408298111827,189.93853966367988,190.48606872558594,1292200
2019-12-30,190.50397075681877,190.50397075681877,187.64066451820577,189.0678253173828,1193900
2019-12-31,188.47544828523522,189.44484457725642,187.9907569872748,189.00503540039062,1371000
2020-01-02,189.2653450581288,190.2167858392504,187.42528751360598,188.6280517578125,2431100
2020-01-03,187.14703704940118,189.05890324949286,185.8006554878947,188.31390380859375,1802100
2020-01-06,186.94060962196005,187.40734540348612,185.63012544496146,187.08421325683594,2841400
2020-01-07,182.3898392002806,185.13645569165448,182.38086825282946,183.04507446289062,3097400
2020-01-08,183.1078929227761,184.40939236364417,182.68602560319727,183.4040985107422,2271300
2020-01-09,184.45429313426268,186.05199832460357,184.1491165689398,185.0377197265625,2910600
2020-01-10,185.73783272450433,186.97650824354537,185.55831790774107,186.39308166503906,1573100
2020-01-13,186.24048594247165,188.34980892331592,186.24048594247165,188.1254119873047,2202800
2020-01-14,188.08953379423232,189.39103341735841,185.82760861234829,186.45591735839844,2499100
2020-01-15,187.4200225855999,187.81649021784065,186.2756753287324,186.75323486328125,1986000
2020-01-16,187.54619995380136,188.4112216298074,187.3299410975366,188.30308532714844,2691600
2020-01-17,189.22217665170376,189.8078588417185,187.7354364776333,188.50132751464844,2584500
2020-01-21,186.9694524724638,189.36626899429191,186.51892367132533,188.45619201660156,2687200
2020-01-22,189.40235086790207,190.89811014771908,188.63645997092434,188.69052124023438,1873600
2020-01-23,188.68151638719638,189.95201130998905,188.20395680612717,189.83486938476562,2368400
2020-01-24,190.12320346914487,190.65482429281704,187.4650856017325,187.9336395263672,2348900
2020-01-27,184.87906662941722,187.2758841157045,184.58172960018206,186.113525390625,1381300
2020-01-28,187.3028838943436,190.0871629962832,186.74423244787505,189.4384002685547,1810200
2020-01-29,189.834867468857,190.31244079415856,187.23081074685365,187.38400268554688,1491600
2020-01-30,186.9695020466125,188.25800815996732,184.89706626206865,187.75341796875,1579600
2020-01-31,187.87055634535022,188.88875608639074,183.81579613645778,184.9060821533203,1793600
2020-02-03,185.02321404596057,187.79847385024854,184.9421221399225,187.2398223876953,2345700
2020-02-04,189.22214063013564,192.63714369002085,188.99687617700454,191.50181579589844,2242800
2020-02-05,192.7272532872042,193.24086283540072,189.59157597674707,191.2224884033203,2102500
2020-02-06,191.92536567014767,193.16883018545462,191.3036334124942,192.97059631347656,1611500
2020-02-07,192.2317005548131,192.27675620231162,190.20432015885913,190.64584350585938,1447700
2020-02-10,189.3933545762171,191.8982943374486,189.3933545762171,191.5198516845703,1421600
2020-02-11,192.26772253316398,192.80834897714445,190.80799951159892,191.15040588378906,1321000
2020-02-12,191.2044579644054,191.80816502648224,190.60975653046088,191.01524353027344,1801300
2020-02-13,189.1049989042195,192.4118794296103,188.62743936302732,191.38467407226562,1721200
2020-02-14,192.15055541864135,192.41185610327486,190.438551280299,191.3576202392578,2096600
2020-02-18,191.47477956096003,192.8804275075359,190.30340168912988,192.610107421875,1699400
2020-02-19,193.72745535450855,194.97992532986163,193.168803836439,194.55642700195312,1806000
2020-02-20,194.5203561180042,194.9168237373263,190.67283558382883,192.7362518310547,1481700
2020-02-21,191.5559087216311,192.42093041419193,189.66369525205025,190.9251708984375,2088800
2020-02-24,184.23926887442332,187.30285955240075,183.3201861714103,184.14015197753906,2600400
2020-02-25,184.5186285478324,185.14936630370337,176.48119403960754,177.5985107421875,2883600
2020-02-26,179.0131402718262,181.51807969912,175.5170318269485,176.30996704101562,2671100
2020-02-27,173.18328182152825,175.12056406590233,167.9301139434899,167.99319458007812,3040100
2020-02-28,162.42466467418944,165.07377665265784,157.95542594442037,162.72201538085938,5785200
2020-03-02,163.99251284922036,171.03879115470357,160.4063068025814,170.79550170898438,4317900
2020-03-03,170.99378679844472,172.91303105967287,162.74909754579397,164.1907958984375,3514000
2020-03-04,167.41654758827806,170.9396870038653,166.0649608430805,170.1737823486328,3875400
2020-03-05,166.77679131053844,168.91230772794916,163.01938179004807,164.4971160888672,3548200
2020-03-06,159.8927241345112,162.46975031923893,156.7119907971198,161.06410217285156,3284400
2020-03-09,149.0349475687484,153.9727539784313,144.25935245394777,147.87258911132812,5112200
2020-03-10,154.1529881103332,157.45086334396854,149.61164856751185,157.28866577148438,4349500
2020-03-11,152.56712608747958,154.23407490781378,146.55705795840282,148.77366638183594,5188300
2020-03-12,137.86183748114036,143.04291960869955,132.5275771840437,137.43833923339844,6357900
2020-03-13,144.72786652951103,150.21531773310727,137.7987314231412,150.03509521484375,5742800
2020-03-16,133.61792068361618,150.03520295610085,129.31086338590978,137.44741821289062,5324900
2020-03-17,138.76291929618972,144.76396832656383,137.3933074118432,142.10585021972656,6081100
2020-03-18,136.573372243354,143.98907598251193,127.95024029439016,136.19491577148438,5860200
2020-03-19,136.38412007258628,160.20809241103257,136.38412007258628,142.8176727294922,6338300
2020-03-20,141.94362390857344,143.69167811449321,132.83392965686633,135.10459899902344,6449700
2020-03-23,133.3655543233401,133.3655543233401,123.58006648397357,129.47299194335938,6173700
2020-03-24,137.19509616304006,142.0337873262369,134.69917521983908,141.33096313476562,4685100
2020-03-25,140.96152897117284,143.88996774646563,133.45571347568963,136.79864501953125,4795500
2020-03-26,138.22229967295988,154.6215672181032,135.15870779587527,154.3872833251953,5194500
2020-03-27,148.6745819758932,152.54011505768221,144.71893758722408,146.76434326171875,3802500
2020-03-30,147.88161354942588,153.5132252492919,147.57525717272563,153.0176544189453,2731300
2020-03-31,150.86408312898055,153.07168547884345,146.1155189802203,147.10667419433594,2963000
2020-04-01,142.88072266077126,144.9081024371335,137.4833822175981,139.37559509277344,2973100
2020-04-02,138.80795445150144,144.61977441169395,138.3574255592532,140.8083038330078,3030000
2020-04-03,140.20462347227925,143.01591989568433,133.60887263391712,137.09596252441406,3766600
2020-04-06,143.25020979260498,150.25143492804293,141.50215491653185,149.62069702148438,3090000
2020-04-07,154.15297561883008,154.5224126298911,147.71040386765767,147.88160705566406,3002500
2020-04-08,150.09822023220048,155.603684316428,148.73762781087046,154.73866271972656,2466200
2020-04-09,156.09024445206921,162.07326790905734,155.44148171283726,160.3162078857422,3743700
2020-04-13,158.74838090807202,159.49626064645494,152.78338175855552,155.49557495117188,1918500
2020-04-14,159.4872396774424,161.19023846640897,158.6042068329176,160.47840881347656,2875000
2020-04-15,157.76305468217367,157.7721009466652,152.86633242954883,153.37319946289062,2504700
2020-04-16,155.01147533771834,155.7265307739303,151.62632163823022,152.01551818847656,3051800
2020-04-17,156.15186776103803,158.5413926008969,155.7264587264611,158.47802734375,4759100
2020-04-20,156.21524651722083,160.11632621703265,155.4639924271859,158.16127014160156,2511700
2020-04-21,154.6132104085899,156.40535115852597,149.98802854651015,150.46774291992188,2711400
2020-04-22,153.9071733132095,156.89408322661063,153.15593306227413,155.96180725097656,1921200
2020-04-23,156.9122278009176,158.6862761332599,155.80797590436484,156.49586486816406,3027900
2020-04-24,159.6637774984797,159.6637774984797,156.19716669884878,158.81297302246094,2121100
2020-04-27,159.5099184536393,163.4109987224578,159.48276585217891,162.40631103515625,2457800
2020-04-28,164.80488080140796,165.87291985195182,160.12539418339315,161.4378204345703,2160100
2020-04-29,165.01309995268443,170.3171254004822,164.46097394185065,169.76499938964844,2957600
2020-04-30,167.92756595336604,168.78743053715883,166.71470374839143,167.6198272705078,2740800
2020-05-01,164.4699713398106,165.6285281323237,162.25240806544932,163.003662109375,2064200
2020-05-04,161.09389706576064,163.50152919535333,160.09826937631553,162.49684143066406,1710500
2020-05-05,164.80488215787128,166.443153419681,163.82734715838023,164.38851928710938,1621900
2020-05-06,164.82297236994108,165.18501619607315,162.0623433096524,163.2661590576172,1474900
2020-05-07,165.62856145271238,169.64729836647697,165.18504594639842,169.357666015625,2295400
2020-05-08,171.0592847257405,171.8376914403525,169.87356141228642,170.67007446289062,1778600
2020-05-11,168.79648479820662,171.5480541337986,167.71032556020265,169.9369354248047,2013800
2020-05-12,170.01840586374823,171.96442980060198,168.07239573798392,168.09954833984375,1912300
2020-05-13,167.4840707141142,167.57458860171027,161.79084914823923,163.82737731933594,2349300
2020-05-14,161.7455756352236,162.9312852760405,158.34231605895397,162.91319274902344,2773300
2020-05-15,161.4468880577722,166.50653935112942,160.9581274029269,166.4341278076172,3630000
2020-05-18,171.06834180067486,175.7206760464084,170.26278243670254,174.46255493164062,2254700
2020-05-19,174.23629815460882,176.05559167243837,171.9010775401928,172.05494689941406,1784100
2020-05-20,174.2362781515209,177.10551806167243,173.99189093324244,176.66200256347656,2294800
2020-05-21,176.2274872592448,176.96969492512198,174.4172408286186,175.14134216308594,1373000
2020-05-22,175.6663732141485,176.3995210505461,172.99626161067883,175.33148193359375,1317500
2020-05-26,180.4997429521755,181.0156700229158,177.43137456355888,177.76626586914062,2408700
2020-05-27,179.5584038562408,180.97944056557068,177.59428752396752,180.96133422851562,2000500
2020-05-28,181.03374655572185,184.80810989949399,181.03374655572185,182.5362548828125,2280600
2020-05-29,182.37331015201786,183.2060219830275,179.83896199050497,182.490966796875,2535400
2020-06-01,182.41860746057233,184.41893672847007,180.9070526794416,184.08404541015625,1530800
2020-06-02,184.7266410441769,186.2653481423642,183.1426750114072,186.2563018798828,1939200
2020-06-03,185.02535969285123,188.11183440074296,184.92579554707763,187.614013671875,1605400
2020-06-04,186.53689199216822,188.07559912379122,183.1336327283713,183.83058166503906,2451400
2020-06-05,186.4464043896859,189.82251135236876,185.3602450845825,188.70921325683594,2537900
2020-06-08,187.8221925038075,191.27072500716542,187.36058444166827,191.23451232910156,1626900
2020-06-09,189.52381039311422,189.88585427112503,186.00288050676784,187.66830444335938,2269600
2020-06-10,187.59591153023226,190.82720939719388,186.36494288725973,189.56002807617188,2077200
2020-06-11,186.0209863119826,186.41018278917667,177.29559629042544,177.35894775390625,4046600
2020-06-12,182.02036545292822,183.2241677134148,178.58993919992602,182.4638671875,2590100
2020-06-15,177.84772862316174,181.69450365251424,176.34522023821208,180.83462524414062,2310800
2020-06-16,184.0659558728566,187.25199515856892,182.94359751476352,185.0072784423828,2154000
2020-06-17,186.48259265951796,186.75413247036605,184.32839432083512,185.73133850097656,1594800
2020-06-18,182.590536220961,183.89391610250811,180.38203295623805,183.6766815185547,2228000
2020-06-19,187.84932370760308,188.52816632752388,182.40049022235587,182.42764282226562,3710000
2020-06-22,181.74882647229688,184.71763085430734,180.54501039497396,183.3780517578125,2454500
2020-06-23,185.88524107186117,189.7863218248756,185.88524107186117,187.72264099121094,2203800
2020-06-24,186.01194164628532,187.72262465721354,181.4772774899745,182.6901397705078,2753700
2020-06-25,192.79132132177676,197.2173750475655,191.4336359603558,196.7014617919922,4690200
2020-06-26,196.21271111738326,196.34847414555,191.0444626158293,192.31163024902344,3348400
2020-06-29,190.21169828663218,193.14430340303454,190.21169828663218,192.53787231445312,2247900
2020-06-30,192.2210834108708,195.18084127903748,192.00386259851388,194.34812927246094,3136400
2020-07-01,194.14898043641034,196.3212711965784,193.58780831576928,194.23043823242188,2124700
2020-07-02,196.02261065144108,197.72423350610995,194.51104219386895,195.2532501220703,2006200
2020-07-06,197.09969039510872,198.8194333492743,195.78726406896175,196.9096221923828,1934500
2020-07-07,195.7963278822348,199.00950535244573,195.61529212806323,195.8053741455078,1783700
2020-07-08,196.83720858754242,198.35780943773827,195.81441461331804,198.1224822998047,1750700
2020-07-09,197.74229371657432,199.6792570776614,195.71481249864493,198.50259399414062,1756700
2020-07-10,198.2220372084188,199.90556739194753,197.01822135251658,199.36248779296875,1373600
2020-07-13,200.33098404918076,200.81974465775613,194.809725226095,195.27134704589844,2090000
2020-07-14,194.4205580133622,198.55696581063484,193.25294079929128,198.3668975830078,1747800
2020-07-15,199.8567176341433,202.3549266045701,198.4577267098473,199.63868713378906,2193700
2020-07-16,199.65687069237566,200.4290499609167,198.5849185293265,199.0482177734375,1408400
2020-07-17,199.57510566948883,202.25499982091765,198.312375131063,201.6190948486328,2069700
2020-07-20,201.67356393366583,203.59037178498028,199.95661387626558,202.97262573242188,1371800
2020-07-21,204.3080590147646,205.07115880811773,202.07330537750462,202.35491943359375,1546200
2020-07-22,202.3549454829853,204.1627454968127,202.07333139064366,203.69943237304688,1488000
2020-07-23,203.56318870066713,204.86225093969773,201.10131078399814,201.9461669921875,1444900
2020-07-24,200.0475095410532,202.73648325159206,200.0475095410532,201.16488647460938,1542300
2020-07-27,201.21939007891768,203.96288180686494,200.61073715381988,202.8727569580078,1523200
2020-07-28,202.6183863889553,204.18090379577217,201.58276567622224,201.83712768554688,1422300
2020-07-29,201.6554600707732,204.7623224794308,201.61003530907735,203.83572387695312,1473700
2020-07-30,200.59256836493051,203.48141382514137,199.65687658087947,203.47232055664062,1408600
2020-07-31,203.39054021883905,204.35348397095288,200.67430084160114,204.1990509033203,1495500
2020-08-03,204.39894151634672,207.12426073656468,203.90839015585127,206.37933349609375,1631700
2020-08-04,205.5707921662925,206.92437216827943,204.89855572990956,206.35205078125,1260500
2020-08-05,207.0697379445806,208.39605208324113,206.63369078984047,207.76014709472656,1155400
2020-08-06,206.833491224045,209.82226483346858,206.833491224045,209.7495880126953,1317900
2020-08-07,208.25979816765374,210.639905710972,207.77832624265713,210.35829162597656,1275400
2020-08-10,208.65948930023242,210.08573223242772,208.50505623507038,209.24996948242188,1315700
2020-08-11,209.46803344189786,211.2213154574361,207.26961097092666,207.64207458496094,1757200
2020-08-12,209.21364908430004,210.14026138606008,208.25978470263726,208.71400451660156,1512900
2020-08-13,208.56863520898332,211.10318934338625,207.96906177270654,210.5126953125,1745700
2020-08-14,209.4589507692654,210.69441546871045,208.40515737794945,209.16824340820312,1130500
2020-08-17,210.25834011277135,212.3659266129725,209.83137239698385,211.3212127685547,1395400
2020-08-18,211.9844264204304,213.4197490624411,211.28492391445442,212.78384399414062,1475800
2020-08-19,212.39314934359382,214.84593312276382,212.39314934359382,213.14715576171875,1671500
2020-08-20,212.52036028769035,215.2547584683391,212.19332148023003,214.94589233398438,1279300
2020-08-21,215.17300941296892,216.4811646864679,213.4833111616475,215.74533081054688,1976100
2020-08-24,216.26315095200428,217.44412532444656,214.25550699437312,215.98153686523438,1293200
2020-08-25,216.1450229681434,216.8717774056657,215.0367394314896,216.39939880371094,1501700
2020-08-26,216.81730459201543,219.16108071445782,216.30858057071444,218.434326171875,2322100
2020-08-27,220.17851642649032,220.54190060827625,218.02551886345427,218.81585693359375,1295300
2020-08-28,219.81514790986122,220.95069749659163,218.26170997607073,220.74176025390625,1212200
2020-08-31,221.02336504562453,221.24138168563405,217.20792136688212,217.9619140625,2001100
2020-09-01,216.65375921359967,218.04367065429688,215.48186439940378,218.04367065429688,1914500
2020-09-02,219.75153568072434,225.1295103595986,218.7885919138945,224.548095703125,1702800
2020-09-03,222.65855200228717,223.60332308925578,215.41828726517107,217.09889221191406,2350500
2020-09-04,218.17993147185803,218.8158364032082,210.67622555855044,214.45533752441406,1946400
2020-09-08,209.89496993954154,214.39174313551234,209.50433370795412,211.3484649658203,2361200
2020-09-09,215.1184855974341,219.26096767720958,213.31068592470157,217.03529357910156,1670200
2020-09-10,218.9339647396249,221.65020439610484,210.8579364702947,212.25692749023438,2024100
2020-09-11,214.78238285048474,215.99060926557058,211.893551376011,213.27438354492188,1301000
2020-09-14,215.84526957960855,218.92487948422524,215.1275944829397,216.962646484375,1576400
2020-09-15,218.36164744190663,220.56916313300187,217.11708948187263,218.20721435546875,1297500
2020-09-16,219.3518668091255,222.47688788642847,217.2715320316453,217.49864196777344,1800400
2020-09-17,215.66357104011334,217.19883629264365,212.46587339804242,215.13668823242188,2002500
2020-09-18,213.13808855669083,216.57198903974023,212.05704324504788,214.5552520751953,3676400
2020-09-21,211.52108122336278,212.55670185248565,208.96836806764608,212.4931182861328,2305900
2020-09-22,212.70206264353172,215.36379807049684,210.56722388575574,215.22752380371094,1786200
2020-09-23,216.69006253143058,217.4349895396498,209.27719323680057,209.53155517578125,2688100
2020-09-24,198.83018184573842,200.26551815676177,193.63390593655632,194.78762817382812,4828600
2020-09-25,193.5248695215901,195.3780939019176,191.15384182378284,194.97837829589844,3691100
2020-09-28,199.03002731132017,203.39054013460947,198.31236613124383,202.38217163085938,2587600
2020-09-29,202.9181426741569,204.55333667538738,201.95519894612332,203.56314086914062,2572000
2020-09-30,204.6441555296891,207.39672591049856,204.0536615795642,205.29823303222656,2250100
2020-10-01,206.5428138475444,208.2506846141736,203.51770852357743,204.56240844726562,1928800
2020-10-02,201.71899601675534,204.3262129753478,201.0830911319385,202.0369415283203,1936100
2020-10-05,203.8266239816552,204.3444412971106,201.70995768299565,203.02720642089844,1446000
2020-10-06,203.11801821457396,204.6442040361391,199.93847943647643,200.1746826171875,2286300
2020-10-07,201.5827604432678,204.0628107623372,199.90215534397825,202.9908447265625,2005800
2020-10-08,205.3436710613768,206.02500072811893,203.46320838924606,204.9530487060547,1394200
2020-10-09,205.9836072048241,208.92935310678425,205.9288896208817,208.56455993652344,1312500
2020-10-12,209.47657163197766,211.37352686697412,207.55225760307002,210.29736328125,1524300
2020-10-13,210.41592012900907,211.4920697619249,208.67400275779653,209.19384765625,1634000
2020-10-14,208.7378385363358,211.49205893859465,208.2271225389889,209.2394256591797,1443800
2020-10-15,205.73735514152196,210.3794155220237,205.43639452706563,208.63751220703125,1273300
2020-10-16,208.87462995534128,211.52854403354686,208.5554255028958,209.80487060546875,1796400
2020-10-19,209.9690436837152,212.7232782351495,205.85594264913146,206.33018493652344,1904500
2020-10-20,206.74970403201235,211.84776359953312,206.52170479644198,210.11497497558594,1783800
2020-10-21,209.6680705013256,213.7538264137468,208.90199648623445,212.5864715576172,1701800
2020-10-22,212.58646819663326,214.0547836603277,207.79848480406014,208.06295776367188,1661300
2020-10-23,207.6616480597039,209.57684671686778,206.95940669661508,209.4856414794922,1187600
2020-10-26,205.5276337849825,207.92619022331868,199.13454015730377,199.9370880126953,2162100
2020-10-27,201.21386740434713,203.37529546356333,200.83083040119283,201.24122619628906,1567800
2020-10-28,197.73003639043432,198.7514684174272,194.18236917243124,195.11260986328125,2412300
2020-10-29,196.54441391408324,199.29864798618345,193.75370609513215,197.392578125,1499000
2020-10-30,196.33468394338007,198.6420348980762,194.83900964172764,197.8212432861328,1972700
2020-11-02,199.8823356676107,203.52120788535586,199.10714674230414,200.8125762939453,2087200
2020-11-03,202.46330254917294,207.72552831820573,201.94345766026058,205.84681701660156,1544000
2020-11-04,205.19929081978836,210.58006665712023,204.65208714454857,207.86231994628906,1725000
2020-11-05,212.83266963738433,215.340660612012,211.96627553843334,213.3981170654297,1954800
2020-11-06,214.32837269530629,216.14325141950525,210.7351168294748,215.4957275390625,1417600
2020-11-09,218.77890389889978,226.17519823658148,218.57826349686422,219.07986450195312,3052100
2020-11-10,217.61156879652262,218.5235656459417,214.84821945606026,217.70277404785156,2818000
2020-11-11,219.7548147328687,222.60024106853098,218.99785551337484,221.3872833251953,1757200
2020-11-12,220.7032406042314,221.6973138439802,216.0429360827678,217.19204711914062,1672200
2020-11-13,218.87014092581302,221.08628671198446,217.13733846714197,220.5026092529297,1456200
2020-11-16,222.41780156484737,224.98051054824816,221.2869204339797,223.3936309814453,1631400
2020-11-17,221.95270362389684,223.88614671096323,220.04663324929908,222.3631134033203,1318100
2020-11-18,221.94357952276715,222.36310424508855,218.46887335081405,218.63302612304688,1613200
2020-11-19,220.25639129463733,222.04391154443562,217.68456698119894,221.79766845703125,1611700
2020-11-20,222.48163867300028,224.3512350818762,220.9403617013707,222.0165252685547,1771900
2020-11-23,223.17473358536887,224.9622394446128,221.2230610727851,224.53359985351562,1288600
2020-11-24,225.6371230023075,228.0812676532101,224.25999898073263,227.9991912841797,1899300
2020-11-25,227.99923513277864,228.37315721822895,226.46708695235145,227.38819885253906,1434000
2020-11-27,228.07219934066322,228.82915848045602,226.64035744689426,228.10867309570312,888100
2020-11-30,227.14192221496404,228.40048226001633,224.61568716655,227.16928100585938,2441400
2020-12-01,229.3763010435583,231.58333154194182,228.1998313413329,230.06942749023438,2078600
2020-12-02,228.64674747133677,229.65906458055267,226.2937938143493,227.68914794921875,1671100
2020-12-03,227.99922549112264,229.558746316508,226.95954957952185,227.9353790283203,1552300
2020-12-04,228.19985882194004,231.1547337021068,228.0448210233466,231.13648986816406,1852700
2020-12-07,227.86241035885843,228.91120113232088,226.50353009139252,227.36080932617188,1973400
2020-12-08,227.08721839775387,228.50993127441387,225.44562126469705,227.8715362548828,1825600
2020-12-09,228.1086942956589,228.47350145980818,223.9499900361499,225.0535125732422,2201500
2020-12-10,224.23264448775745,226.0110493466245,223.09264850949216,224.49713134765625,1874000
2020-12-11,224.25093035921446,225.1902861081246,223.02885778124949,224.1962127685547,1838900
2020-12-14,225.3544197666072,227.44288636117983,222.11682827272668,222.29922485351562,2412500
2020-12-15,227.00515268850975,227.00515268850975,223.49395904212398,225.308837890625,2415800
2020-12-16,225.28149300630835,226.43971912627083,224.5518926549505,225.67364501953125,2248000
2020-12-17,240.56652074711442,247.31529166782627,240.12875225277924,241.19580078125,4855600
2020-12-18,240.66685370052926,243.4666627799751,235.86061265644895,242.81915283203125,5948000
2020-12-21,238.14062983198997,240.15613521984596,235.05807580824725,238.41424560546875,2680500
2020-12-22,237.90351028300094,238.14063839548888,235.61441687128783,236.63584899902344,1602900
2020-12-23,237.8761398909014,238.8702410069726,234.68415073137476,234.78448486328125,1455900
2020-12-24,235.29522360146342,236.91857713163782,233.7265876641761,234.6568145751953,528100
2020-12-28,236.87299386908512,237.45665748396613,235.65092121323607,236.82737731933594,1057100
2020-12-29,237.93091003573767,238.05857514277832,234.5929976850741,235.07635498046875,1065200
2020-12-30,235.90624758344873,236.43519353315077,234.5564821678897,234.8756866455078,992800
2020-12-31,234.9304065826352,238.32303615779327,234.82097140794247,238.2227020263672,1325300
2021-01-04,238.03119026055367,238.6331115527691,231.69281460577474,233.89071655273438,2505100
2021-01-05,233.83597604308173,235.87886781905107,232.68686507456175,235.22222900390625,1809200
2021-01-06,236.38961216873864,240.39326416429444,234.33761910419034,237.7940673828125,2535600
2021-01-07,237.44751703592075,241.6062488120001,237.42928711607354,240.03761291503906,2068200
2021-01-08,240.59389671920465,243.07452936704286,238.29567458168222,240.91310119628906,2010700
2021-01-11,239.70015018927663,241.4147089374765,237.36544018422026,237.43841552734375,1745100
2021-01-12,237.22863951173755,238.23184171183777,233.48944649242105,235.66000366210938,1898200
2021-01-13,234.6808414969682,237.0967263395416,234.6808414969682,235.25733947753906,1870700
2021-01-14,235.4129482493681,235.4129482493681,232.54863852148546,233.35394287109375,2253200
2021-01-15,232.09104747195457,234.24156946797626,231.55113393713103,232.11849975585938,1915100
2021-01-19,232.81401410945537,235.4586774345328,232.21003588654435,234.12261962890625,2249400
2021-01-20,236.0900796088696,240.10744054171874,235.18412634675556,239.4577178955078,2081600
2021-01-21,238.35041765182703,239.5858262718145,235.1017763983817,236.04434204101562,1625600
2021-01-22,233.69249225031777,234.60760560238984,232.04529938740532,233.1434326171875,2049600
2021-01-25,230.48045841182585,232.24662054780435,227.91813813325945,230.64517211914062,1921600
2021-01-26,231.6975462404703,232.813985620073,229.8215611213988,231.5145263671875,1345500
2021-01-27,227.5520842556864,229.8947721490681,223.64454642222165,225.2093963623047,1833100
2021-01-28,228.08284397191932,231.34064508651377,227.07621375627687,228.17434692382812,1794200
2021-01-29,227.16773928778804,228.0736925527067,221.21034254079524,221.38421630859375,2494400
2021-02-01,225.20937834115134,227.7716842923022,223.26018263361425,226.55459594726562,1559700
2021-02-02,228.7783675457365,230.08697310560686,227.52466655991336,227.6344757080078,2010300
2021-02-03,227.1220141832881,228.8790303687488,225.6578270469758,227.28672790527344,2470400
2021-02-04,228.37569846849098,231.55114309189673,225.950653537543,231.5328369140625,1702200
2021-02-05,232.52113737837834,234.04022882286267,230.75497539415042,232.017822265625,1497700
2021-02-08,232.36557038753944,235.504416307111,232.21914890644993,235.46780395507812,1508700
2021-02-09,234.5526653336138,236.84044836556512,233.91208887737133,235.80636596679688,1542600
2021-02-10,236.117552138864,237.1882471171186,234.14091778433226,235.12924194335938,1428300
2021-02-11,236.0992772859636,237.92034417023518,235.22077616679832,236.9869384765625,1285300
2021-02-12,235.59593508228212,236.639149743592,233.72909609246602,235.61422729492188,1219200
2021-02-16,235.77890136523985,237.4627062375125,234.516040729276,235.22982788085938,1606700
2021-02-17,234.86383813352816,239.40279257713902,234.05854787235174,236.8130340576172,1881000
2021-02-18,233.89382676820478,236.19077030167344,233.07937641393096,235.7606658935547,1664300
2021-02-19,236.52019901806221,236.55681137324365,232.5852226109111,232.7041778564453,2038400
2021-02-22,231.2399936779349,232.5943575204809,228.86069339248354,231.18508911132812,1476000
2021-02-23,230.2059371304503,236.0352053356505,229.31827596732109,234.4429168701172,2191300
2021-02-24,231.71585811491525,238.35957602675137,231.3589644660051,237.2614288330078,2476300
2021-02-25,236.99607328253123,237.11501456325254,231.1393392705301,232.2374725341797,2157700
2021-02-26,233.57354669467495,234.1317664211259,228.60447372585392,229.60194396972656,2712800
2021-03-01,232.4388066180209,237.74645323611833,232.4388066180209,236.2456817626953,1954700
2021-03-02,236.2456602926194,238.95438792604745,235.2847745412419,237.22483825683594,2099800
2021-03-03,237.83799655651188,237.92951349326506,232.48459088102786,232.60354614257812,2114400
2021-03-04,231.36811743942204,233.02447042233115,224.35834560045495,226.0330047607422,2590400
2021-03-05,228.0828549878539,229.4006064744476,223.69030814197703,228.32992553710938,3236500
2021-03-08,232.9878389480997,234.07681198583478,228.07367130224756,228.2200927734375,2856100
2021-03-09,231.08442297803586,235.60507111798395,230.27911877590552,232.77737426757812,2729200
2021-03-10,234.53441914924346,236.31887350813193,232.99702138903578,235.31227111816406,2046000
2021-03-11,237.9294607083167,245.3510162508152,237.9294607083167,243.75872802734375,2972000
2021-03-12,242.48675709429702,243.64894105045425,240.40029967393266,242.4593048095703,1828600
2021-03-15,241.3062935703171,243.96011727261194,241.11412754491917,243.65814208984375,2295700
2021-03-16,244.53661139710078,244.573223753801,240.76634854129935,241.1506805419922,2185600
2021-03-17,241.15983064302628,243.676392466501,239.4211207867617,241.83700561523438,2626500
2021-03-18,244.53657898521243,248.46242289135807,241.66310979658618,244.23460388183594,4089900
2021-03-19,243.74045897356237,246.2661529598993,238.96356592223557,241.38861083984375,4460500
2021-03-22,240.81206550570076,243.35607942807673,240.07998601768097,242.6880645751953,2295700
2021-03-23,242.96260759244493,244.45424690211175,241.92852498257554,243.44761657714844,2160300
2021-03-24,243.3469507319277,246.88843487588423,243.14562468081436,244.83856201171875,2160600
2021-03-25,243.5848446781123,246.62302745162017,243.24625723490968,245.80856323242188,1714700
2021-03-26,245.6988089655567,257.4214103938285,245.6988089655567,256.9364013671875,3171900
2021-03-29,254.60283470370928,257.41223936145417,254.1635702465464,255.810791015625,2398700
2021-03-30,256.03963653933886,256.3049993702406,253.0471972574216,254.90487670898438,1763100
2021-03-31,254.8590845168446,255.5637117883435,252.6628179197027,252.80007934570312,2375800
2021-04-01,254.96887710528986,255.1152985925331,252.6353492336381,254.712646484375,2301900
2021-04-05,255.32577236566843,258.693382628229,255.13357846399708,257.26580810546875,2631300
2021-04-06,257.54035482293096,259.0228340474269,255.91145410468866,257.723388671875,1786600
2021-04-07,258.0345140476051,259.5536055694524,257.2383698963996,258.5835876464844,2736300
2021-04-08,260.00203001818664,261.1276296200664,259.18759356639106,260.2765808105469,1600600
2021-04-09,260.8072822998572,263.38790842720874,259.52612930554676,263.2872314453125,1787800
2021-04-12,261.6949791320935,263.64417513509903,260.93544730084614,263.1317138671875,1437500
2021-04-13,262.27152805860646,262.69247243839715,259.9654242235642,261.0086669921875,2228000
2021-04-14,261.04541988020844,263.2668329332991,259.8520735833458,261.1004943847656,1903500
2021-04-15,262.7710702343837,263.61556435040444,261.0728655701732,261.75213623046875,2047500
2021-04-16,261.7613748702838,263.87263857887086,261.62368863076324,263.4136657714844,2625500
2021-04-19,263.54215391914227,263.6614913141546,261.53185106917203,263.0281066894531,1437100
2021-04-20,262.4681708951999,265.19447036682743,262.31213583537755,264.9190979003906,1889800
2021-04-21,265.9012807516034,267.25982213968587,264.1755387590384,266.8651123046875,1585900
2021-04-22,267.1128342514264,269.2149363629162,265.42381863810465,266.3509521484375,1460400
2021-04-23,266.37867845242994,268.8571431736935,265.9288940009006,267.8014831542969,1505300
2021-04-26,267.6729227162454,268.379730690988,265.13938408378067,265.7635803222656,1420700
2021-04-27,266.2684923321856,267.0212144627333,264.43260109483634,266.4337158203125,1270900
2021-04-28,266.86508247674436,267.53519269020535,266.0389372359443,266.4519958496094,1159900
2021-04-29,268.1135219994604,269.2150678569678,266.75498052380607,268.5357971191406,1247800
2021-04-30,266.9110114778382,267.04872571801695,264.69875939054094,266.1766662597656,1969200
2021-05-03,268.8937253757494,269.3435376476185,267.461732866974,268.19610595703125,1300400
2021-05-04,267.02111825184187,267.98494959877945,265.42387440168955,267.6728515625,1810700
2021-05-05,268.3521934455688,268.8019777919073,265.3964077121847,265.7635803222656,1553800
2021-05-06,265.72681006694586,267.2873002367902,264.0102288599168,267.2689514160156,1863200
2021-05-07,268.2236783708595,269.9585807475318,267.15885826074197,267.608642578125,1394200
2021-05-10,266.77325702077064,269.9677167306625,266.37854726734514,266.7640686035156,1620700
2021-05-11,264.77220254405984,264.790551369229,261.2197579374188,264.3224182128906,1541700
2021-05-12,261.8255805720516,261.89900387925894,256.2352963612982,256.46478271484375,2116600
2021-05-13,258.05288115736164,263.67989257239475,258.05288115736164,261.90826416015625,1698200
2021-05-14,263.32180837451205,270.334924793551,263.1015104391608,264.5518798828125,1285600
2021-05-17,264.0378770288534,264.8731828451494,262.62423300820336,263.45037841796875,1500000
2021-05-18,262.3579246545473,263.17490935791943,259.61327737373557,259.7876892089844,1438400
2021-05-19,256.9604291121397,258.00690023321005,254.16070706529297,257.91510009765625,1625200
2021-05-20,258.5852876756135,261.73383437194906,258.47511067188833,260.6506652832031,2094700
2021-05-21,261.6144474851698,263.5788641513493,259.4756469597272,260.12738037109375,2210200
2021-05-24,261.7980931994841,262.5691641326602,260.88930801717106,261.476806640625,1231300
2021-05-25,262.3488119913428,262.71601260113727,260.33850911065383,262.5232238769531,1761300
2021-05-26,262.44064240169484,263.29432508959746,260.08151547779136,260.6506652832031,1873200
2021-05-27,260.8526075101562,261.871513656377,256.2445027749552,257.0706481933594,7166300
2021-05-28,259.36546094478047,261.5410150688965,258.95240232384987,259.0074768066406,2005700
2021-06-01,262.1468152606255,262.1468152606255,257.5846258457204,257.8324890136719,1670800
2021-06-02,257.98854290461935,259.88869660172776,257.98854290461935,258.677001953125,2089800
2021-06-03,257.0247855595315,257.74997047684843,254.619772405381,256.6851501464844,1540600
2021-06-04,258.23633566901833,260.1823748999493,258.1078099018808,259.9345397949219,1146200
2021-06-07,259.93463082430173,260.92599960505265,257.99775131739574,259.0350341796875,1404000
2021-06-08,258.86066332601575,260.21923292052173,257.8692943881439,258.3558044433594,1321400
2021-06-09,259.8703634170165,260.0263984565242,258.4383707510284,258.9615783691406,1166500
2021-06-10,260.265113832548,261.3482829130898,259.57665463523267,260.89849853515625,2007200
2021-06-11,261.61440588443264,262.1376414194336,260.64138612467667,261.8714294433594,1473100
2021-06-14,262.29374207885206,262.38554223290237,259.94380380522955,262.2662048339844,1672400
2021-06-15,263.312726177743,264.32247203713246,261.9541564747937,262.7068786621094,1408200
2021-06-16,263.89101480468304,263.89101480468304,259.8061456230739,260.6414794921875,2350600
2021-06-17,259.31962446348825,262.0091982700878,259.31962446348825,261.4033508300781,1872100
2021-06-18,259.6317102060914,260.69653038194446,257.75909348211025,258.17218017578125,3134000
2021-06-21,260.6598518411966,263.9093874469261,258.86987454312253,262.1285705566406,1959400
2021-06-22,262.312137074467,263.1015568242987,260.4303318333404,262.2203369140625,2019800
2021-06-23,264.1388266947723,264.7354856875652,262.156060985073,262.2570495605469,2161300
2021-06-24,272.84093238853546,273.3641399975101,265.79109014047884,267.63616943359375,3003900
2021-06-25,268.3429829226472,270.9958587379038,266.5897317529148,270.4818115234375,4233600
2021-06-28,270.2799086801419,271.592564184213,268.49909194887294,269.7842102050781,1662400
2021-06-29,270.60115138768236,273.2264619703061,270.42673950830834,272.1065673828125,2060700
2021-06-30,271.70274486322035,272.6206905837769,269.6832810860841,270.6012268066406,1595300
2021-07-01,271.2345331032419,275.43871096082654,270.79390920003254,275.3836364746094,3104100
2021-07-02,275.3836546351951,280.12944527600354,275.3836546351951,279.8265075683594,2280100
2021-07-06,279.8448472483804,281.6715778135913,276.934975747043,280.3405456542969,1856200
2021-07-07,280.72614531746063,284.37039066734735,280.1570234967971,284.20513916015625,1889900
2021-07-08,280.00102649710436,283.8655707507298,277.82549927597427,283.782958984375,1867700
2021-07-09,285.11383904086983,290.2726875655484,284.72828965749295,286.96807861328125,2054000
2021-07-12,286.25210764921775,286.56420574265394,285.2332016394824,286.0042724609375,1456900
2021-07-13,285.6738000369336,288.1522639953765,284.60897993696784,286.977294921875,1570600
2021-07-14,288.1740182896737,290.44774518539606,287.6953492930935,289.4075622558594,1743800
2021-07-15,288.9380517457937,290.420102286074,288.4041247504081,289.913818359375,1927800
2021-07-16,291.9206226032077,291.9206226032077,286.56309173854766,287.1246337890625,2666100
2021-07-19,283.5252543378333,285.1730226104498,281.9235297477472,284.6114807128906,1851600
2021-07-20,285.3663615430398,289.20501173484035,284.43661053678386,287.2626647949219,1448700
2021-07-21,287.7689660426246,289.094541146044,287.16143653839566,288.8367919921875,1180300
2021-07-22,289.7573269284908,289.96906048279646,287.91625352860007,289.2878723144531,1274800
2021-07-23,290.8895631413157,293.46705436251096,290.46612417480804,293.3289794921875,1221000
2021-07-26,293.4670640400216,294.33237071264637,291.67203448152856,293.6327819824219,1345800
2021-07-27,292.620232127368,294.6638248747781,290.7147142765628,294.47052001953125,1641000
2021-07-28,295.3541707455167,295.49224561561266,291.0000225581752,291.1749267578125,2006300
2021-07-29,292.5649731306975,293.78008828532154,291.0092639007357,293.0528564453125,1863800
2021-07-30,292.46368064862935,293.8168705989857,291.7180482364481,292.4360656738281,2305400
2021-08-02,293.89970979848624,294.10222897393305,290.4292969341747,290.96319580078125,1507200
2021-08-03,292.51891758928036,294.20351537006053,290.4293095325853,293.2093200683594,1979600
2021-08-04,292.7489982248033,293.82603825596965,290.75144981571293,291.59832763671875,1448300
2021-08-05,292.6478341735191,295.0872508809073,291.8469717160512,294.85711669921875,1952400
2021-08-06,295.49228402978457,296.75341482818766,293.1909422538517,296.2563171386719,1392600
2021-08-09,296.4219768386114,296.6521109709745,294.00096127134407,294.12982177734375,1225100
2021-08-10,294.5441524189502,296.4680709036649,293.7064605843045,294.7374572753906,918900
2021-08-11,295.1425122075981,295.363432055884,291.8838039826082,294.37847900390625,1841600
2021-08-12,294.2956215183794,296.2563412734632,293.3198547732962,296.1919250488281,910900
2021-08-13,296.5877343475173,298.29073293410613,296.02619232829414,297.74761962890625,970300
2021-08-16,298.25388728401083,302.39630238517765,297.46223921576757,302.1661682128906,1781000
2021-08-17,301.5678254289322,303.7310922701361,300.80376424398236,303.1327209472656,1531700
2021-08-18,301.3561132647772,303.0222825454448,298.60371735443016,298.76019287109375,1636800
2021-08-19,297.1584463765205,302.85657072975175,296.82706665285133,302.1661682128906,1294200
2021-08-20,303.6022316632081,307.04503021376786,302.2398271222255,306.216552734375,1726800
2021-08-23,307.6801749738427,308.2693319412032,306.29018367172426,306.465087890625,2017900
2021-08-24,306.6675833893751,307.4592313989733,304.4674873808695,304.6147766113281,1451300
2021-08-25,305.5629206884813,308.00233705547777,304.81728829125876,306.9437255859375,1613600
2021-08-26,307.8918836624881,307.8918836624881,304.9185402738388,306.75042724609375,1702300
2021-08-27,307.5420555480216,309.21743882719227,306.8608674841474,308.9873046875,1126200
2021-08-30,308.3798430581475,311.73979692370284,306.46513878137637,310.2209167480469,973800
2021-08-31,310.40498338256657,310.59828822172534,308.471850713328,309.8158264160156,1641300
2021-09-01,310.6350917852735,312.0895272753932,309.90785999393967,311.04931640625,1621100
2021-09-02,311.5648137592899,314.8695368244971,311.3715089367282,313.9029846191406,1600500
2021-09-03,313.9030134209617,316.73825408468684,313.0837222768757,316.0478515625,1566100
2021-09-07,316.04781839607284,317.06041427419404,313.1757486999819,314.3540344238281,1380700
2021-09-08,313.75573808173925,315.07209887349455,312.7247414310623,313.2770690917969,1392800
2021-09-09,314.3264053113104,315.32978678868835,312.89037052785704,313.9950256347656,1668200
2021-09-10,316.2043746739456,318.06384880179525,314.3633011678382,314.74993896484375,1725200
2021-09-13,317.58509975482724,318.0177530434125,309.18059682303,312.4669189453125,1854200
2021-09-14,313.95824277689707,315.98343474180524,312.9824761281369,313.645263671875,1758800
2021-09-15,313.20343436932063,318.0454669660035,312.8260109071691,317.06048583984375,1657200
2021-09-16,317.2537750917015,317.58515481229904,313.18499060265964,315.0352783203125,2252700
2021-09-17,313.0100750110147,314.38166562567136,307.98395278342036,308.74798583984375,4455100
2021-09-20,304.78969097309425,308.3061477245314,302.14775527772497,305.8851318359375,2650200
2021-09-21,307.26598502053764,308.8032657381166,304.57800521533846,304.83575439453125,2820300
2021-09-22,308.79406539774243,310.0459818988847,306.6676277431902,308.06683349609375,2441100
2021-09-23,310.79158778251866,317.3458044150567,310.340533801292,315.74407958984375,4543400
2021-09-24,313.60841238108117,315.63360420419673,310.88363182206535,312.2736511230469,2035900
2021-09-27,310.6994762433169,310.88359478440975,306.6122918454527,307.9286804199219,2025300
2021-09-28,305.2130927373724,305.6365316795576,298.1249501474081,298.4471435546875,2300500
2021-09-29,300.3711660502704,300.47243971295524,297.39784997299984,297.8212890625,1741300
2021-09-30,298.7049701535576,299.9937441170156,293.00684524938043,294.4981384277344,2382100
2021-10-01,297.67397194129137,300.9142793631299,294.1943440612873,299.0455627441406,1802300
2021-10-04,297.70153541941477,298.54844146521594,290.8987844484728,294.10223388671875,1774500
2021-10-05,295.455445623126,301.31925979333914,295.31737073932004,299.2848815917969,1628800
2021-10-06,297.43466327455894,299.48747066797756,295.04128981665116,299.3493957519531,2166400
2021-10-07,301.93604301364945,303.3444630662001,299.9108510003179,300.3251037597656,1188400
2021-10-08,300.77621670513327,301.595508027806,298.7510523874762,299.3493957519531,1229800
2021-10-11,298.9258362433173,302.6079823478349,298.723317083867,300.55517578125,1475900
2021-10-12,302.0373360682634,303.22483648522274,301.19045788772223,301.6507263183594,2054600
2021-10-13,303.0632502191909,306.11002866921604,300.8566223214698,304.84515380859375,1768500
2021-10-14,307.57810461867183,313.2377246394296,306.54401880874866,313.025390625,1638400
2021-10-15,315.0011349105043,315.6751319036662,313.1730790216891,315.592041015625,2074900
2021-10-18,315.3888722945884,317.82628916528665,314.5117549840258,316.8476257324219,1636800
2021-10-19,318.52800804168834,323.8460498879063,318.05713153523516,322.904296875,2177800
2021-10-20,323.14440674902704,323.55064768587374,319.05432859154746,319.26666259765625,1740100
2021-10-21,319.2666288806663,320.836198532357,318.26951007113627,320.4853515625,1520200
2021-10-22,321.52863329230564,328.0838529874396,321.52863329230564,326.6435546875,1459400
2021-10-25,326.16340276109725,329.7549346035482,324.5107706598082,329.0901794433594,1523800
2021-10-26,329.5979833340042,331.73997542426025,328.93322813964716,328.99786376953125,1547700
2021-10-27,327.77917863811706,329.53341350124134,326.64357500940906,326.88360595703125,1567700
2021-10-28,328.1669493949118,330.9183029505877,327.52064940351306,328.97943115234375,1500600
2021-10-29,327.37296294602027,332.02625019602715,326.92981151570433,331.25994873046875,1936400
2021-11-01,331.29677857521307,332.2662284449193,325.0831929424473,328.0561218261719,1600200
2021-11-02,329.64418833316364,335.3684429903083,329.2287057396823,333.761962890625,2204300
2021-11-03,333.2449218831152,334.6852201627048,327.19751745124546,334.31591796875,1727500
2021-11-04,335.09149655050055,338.7661199833679,333.7342890074825,338.6553039550781,1979200
2021-11-05,340.54798538406084,343.567066724462,338.8029923781745,340.1878967285156,2110600
2021-11-08,341.60977420834195,342.21913556507127,338.0274834193018,338.77532958984375,1731600
2021-11-09,338.4983217004519,339.5600760542729,336.78102567542646,339.27386474609375,1865700
2021-11-10,336.96574962935586,339.1354390987812,334.8514540888558,336.7533874511719,1352400
2021-11-11,337.52893127235063,338.98771320603174,336.30099494423695,338.110595703125,1184300
2021-11-12,339.7632813280321,343.09627173181747,338.2583470683444,342.7454528808594,1802100
2021-11-15,343.24391394330456,343.56706392427395,339.8185917673115,340.1786804199219,1957400
2021-11-16,339.1169202297598,344.4811144690563,338.8584058631414,342.6807556152344,2041600
2021-11-17,343.0408512617548,346.1522938684172,341.21279525907204,344.1764831542969,2254600
2021-11-18,342.8284379218291,344.1487065462172,340.9449602502581,342.3298645019531,2555900
2021-11-19,343.4101900861051,345.94918186387963,341.3051362119339,341.4159240722656,2554000
2021-11-22,342.9208632036714,344.10264735753344,335.22076868796324,335.42388916015625,2098400
2021-11-23,334.63909836417923,335.6731558716013,329.8380848786294,333.02337646484375,1998600
2021-11-24,331.6660732771759,335.08215311629897,331.17674162727155,334.56512451171875,2191500
2021-11-26,333.4572661856841,334.07584098787083,325.6371721949348,326.4681091308594,2649400
2021-11-29,331.58308414067426,341.17584139902505,331.58308414067426,337.7505187988281,2857100
2021-11-30,333.9189418810636,337.0395695851065,329.87501636442715,329.9765625,4761200
2021-12-01,337.2426354222971,341.2219246577711,332.3308631644623,332.50628662109375,2876800
2021-12-02,332.10937197481024,340.5850101552457,332.10937197481024,337.27044677734375,3183100
2021-12-03,341.06505661208763,342.3114763179908,329.921184788009,333.6881408691406,2331900
2021-12-06,334.21433974897775,337.3626923366711,330.61359409218585,334.4359436035156,2100200
2021-12-07,341.60977637454226,344.50885664985447,337.8982424610596,342.8469543457031,1943800
2021-12-08,343.4009406258101,346.0968724195862,341.2866450856545,345.7922058105469,2271000
2021-12-09,344.1948470539564,345.1919938598218,342.1451877040643,342.9484558105469,1841400
2021-12-10,345.505910541048,350.77777145289934,344.3795206333861,350.32537841796875,1984000
2021-12-13,350.32542108747447,351.9042042223621,348.3127001113075,348.7373962402344,2843900
2021-12-14,345.6537024670911,346.946274365803,338.3875746953761,341.3605041503906,2475200
2021-12-15,341.80367332440994,347.03862500624075,339.10774153495953,346.50311279296875,2804900
2021-12-16,381.3749582582484,381.9104421976924,368.4030042269631,369.8617858886719,6298500
2021-12-17,365.94712207143687,373.5640962077425,361.2938636130337,365.8363342285156,4929100
2021-12-20,360.8876667254403,361.39545379270527,354.0923870465202,356.1789855957031,2690800
2021-12-21,358.22866659106336,362.9835002160369,355.3203724846005,362.74346923828125,2222400
2021-12-22,363.06654271132595,372.77011560378145,363.03884574927895,372.7147216796875,2282400
2021-12-23,371.4312888869645,375.6321817948098,370.1941112036715,372.3638000488281,1374000
2021-12-27,375.54917873726487,384.0340292304395,375.1613930797339,383.4615783691406,1906300
2021-12-28,383.15682480196494,385.1418485000868,381.9381023560301,383.4060974121094,1362600
2021-12-29,382.9907408009788,385.345067247676,381.0334135600304,383.5447082519531,1041700
2021-12-30,384.3202574768763,384.6895597247012,380.27633164969853,382.0766906738281,1278000
2021-12-31,381.03336785660497,384.95726358108146,380.488614008252,382.74139404296875,1163200
2022-01-03,382.8430314359884,383.64627159673944,373.9611810994786,375.96466064453125,2129900
2022-01-04,377.44184803511996,379.80541598906296,372.26231903341,373.27789306640625,2516300
2022-01-05,372.9362005054408,372.9731391705597,366.63028292578633,366.7041320800781,2471400
2022-01-06,355.1725554975617,362.10631864019746,346.92776540917146,348.9958801269531,4386600
2022-01-07,350.0022809149638,350.833217947389,341.739034625912,342.3022155761719,3469000
2022-01-10,335.53463709993343,344.72115234941765,332.5801632269223,344.3795471191406,2952400
2022-01-11,341.1573496400342,346.946239731356,335.940854001051,346.32763671875,2407000
2022-01-12,349.7618811050073,354.9363355258843,348.6233050843414,349.15093994140625,3143400
2022-01-13,350.1043590590919,351.0855598540205,333.9422864615871,334.5069274902344,2944100
2022-01-14,330.4988391907578,332.6648879664545,323.72297691867925,327.0923767089844,3949800
2022-01-18,322.6954711094441,324.9263230637723,319.3260713696345,322.3900146484375,3425600
2022-01-19,324.90782473069174,329.60094453434016,317.9653498432838,318.1875,3374700
2022-01-20,319.7704160615868,329.4806155787249,316.6139006432265,317.215576171875,2817300
2022-01-21,316.01221924943167,318.5022276295625,310.3286328174299,310.6803894042969,2830700
2022-01-24,303.8952864457339,314.3367685889001,295.3792000163462,313.7998962402344,4544500
2022-01-25,307.236909494325,314.4385688430868,302.8862806818716,310.0509338378906,3625400
2022-01-26,316.03989848518347,318.3910623488866,303.6637594828634,305.36700439453125,4422200
2022-01-27,312.43919171961045,316.3269896158662,306.40387602968747,308.57916259765625,2778000
2022-01-28,309.0789798848587,317.5580593678732,302.84928376042234,317.3636779785156,2457400
2022-01-31,319.35381196569097,327.4070933061648,318.00235156970103,327.2959899902344,3159300
2022-02-01,327.88849917591824,330.18415463705713,322.94545988168903,327.1479797363281,2087200
2022-02-02,328.055079584546,333.3313718825552,327.23125390760947,332.7481994628906,2603200
2022-02-03,319.6129656450469,325.76861983379536,318.4096148709446,319.8628845214844,2706300
2022-02-04,319.25206188355844,324.48205441587584,315.51237385777364,321.66802978515625,2142800
2022-02-07,320.44611747441263,322.3807504000076,317.5117806048317,318.3911437988281,1265100
2022-02-08,314.7070173528171,320.21469701127495,314.59591402820286,319.41864013671875,2197700
2022-02-09,325.4910231561386,330.02676812863336,325.38918549350245,329.1011047363281,2430500
2022-02-10,320.3628034214426,325.4446858244335,314.71625172422955,316.9378662109375,2457700
2022-02-11,318.37260635371433,319.33530400076495,302.96031957413214,304.7098083496094,3091600
2022-02-14,299.06327624484646,303.49721120901273,297.5637062702811,301.8865661621094,2689900
2022-02-15,307.9867341871738,308.5513753137682,303.015926142344,304.92279052734375,2395600
2022-02-16,301.64589105704044,310.5044955005034,300.94237791867505,308.912353515625,2867500
2022-02-17,308.1718121954636,308.1718121954636,298.29497319044356,298.9059143066406,2148000
2022-02-18,298.44311095223094,302.2198048247523,296.3048309675898,297.3045349121094,2421800
2022-02-22,296.22150859034167,303.5990458954799,294.16653502513753,297.2397155761719,2794300
2022-02-23,298.77634851500005,300.6739753268538,289.3531024168303,289.8807373046875,2192200
2022-02-24,279.8743179811816,293.04648929978714,278.35621653601925,292.6669921875,3785900
2022-02-25,293.74068773645104,299.14658562670314,292.87059032668304,298.53564453125,2552600
2022-02-28,294.9996401367148,295.70315328630284,288.7236440756596,292.5281066894531,3419300
2022-03-01,293.43522192066763,293.78697844154783,286.73342967736386,288.2052307128906,2525400
2022-03-02,291.9727567674452,296.4529641523898,289.316079128416,294.6664123535156,2220800
2022-03-03,298.84117242714746,299.6279919768509,292.1393783664845,295.2403564453125,2120900
2022-03-04,291.16742105072024,292.80586340368154,286.95566373740274,290.8064270019531,1917300
2022-03-07,289.8992415305015,290.65829225819783,281.95706240727543,282.3458251953125,2908100
2022-03-08,281.13314945361526,286.03918113425647,275.25518275789307,279.1985168457031,2902600
2022-03-09,287.90903594393484,289.44564030974215,284.87286165158065,286.4187316894531,2825900
2022-03-10,282.32727352859314,287.1036989886616,281.42011343089445,286.5112609863281,2049000
2022-03-11,291.03770236850295,295.02730757207985,288.0755695182823,288.4180603027344,3811900
2022-03-14,286.09472983134305,289.87142322910574,281.3090386941229,284.80804443359375,3156600
2022-03-15,288.1589923506763,293.3612441573036,287.18705712334946,292.7225341796875,2695200
2022-03-16,296.83242975121306,301.2663361246626,292.08377303172847,300.7572326660156,3473100
2022-03-17,313.7073146527653,318.8540007991072,294.66641209659883,295.74945068359375,4661600
2022-03-18,297.9432264423072,300.35922221983924,292.9816849704263,299.8686218261719,7566200
2022-03-21,299.3316816906165,302.0901679863869,297.0638239725575,300.377685546875,2290500
2022-03-22,299.914930632083,304.3118316212879,299.2299487808145,303.1269836425781,2022800
2022-03-23,300.8405640791061,302.85850323686105,296.48069796786467,296.6750793457031,1837500
2022-03-24,296.5454674626632,301.2293495323165,296.2122422496527,301.1090087890625,1430400
2022-03-25,303.228780341355,305.0153320323686,300.15559956381946,303.34912109375,1814000
2022-03-28,302.303076792053,306.2927111911547,301.145997786826,306.1538391113281,1984400
2022-03-29,313.7998844472233,315.706748741761,311.9485576953223,315.3642578125,2223000
2022-03-30,311.550468525173,315.38269946550616,311.4671622274483,313.2999572753906,1721600
2022-03-31,312.4113263621533,318.1967212947858,312.1614074707031,312.1614074707031,2752600
2022-04-01,313.4203055826675,315.928844993647,311.346829014094,315.31793212890625,2090300
2022-04-04,316.56759548769696,319.1317010097937,314.77180635452567,318.8632507324219,2317500
2022-04-05,316.11405501709794,319.63156468108275,316.11405501709794,317.3359375,3058100
2022-04-06,313.14265913164377,316.51205899904465,309.6714216073829,314.9662170410156,2299000
2022-04-07,313.79060965630737,319.17797712756544,312.69833368418386,316.36395263671875,2313100
2022-04-08,316.9748583425808,318.7058440916388,313.1240958518365,313.7257995605469,2170000
2022-04-11,311.1153939901205,312.33727614211807,300.71092085356247,302.9417724609375,2445400
2022-04-12,305.21900683599387,309.12530756238755,301.9976879944115,302.4420166015625,1835000
2022-04-13,301.1235030106494,303.9180540834595,300.1022361457431,302.2840270996094,2081400
2022-04-14,303.481764608603,304.78154621591995,296.43506414486046,296.6021728515625,2964800
2022-04-18,295.7201515549179,298.0226419794775,288.58060375299726,291.15234375,2479300
2022-04-19,290.32602188764827,297.83693141419224,289.80610929164584,297.6234130859375,1758200
2022-04-20,300.83580437296376,304.87443533339456,299.5267293260314,300.5015869140625,2273600
2022-04-21,302.8411638529232,306.67554098302503,298.3383235387223,299.2388916015625,1910200
2022-04-22,298.04118165098294,300.6593311243442,288.0978179416051,288.552734375,1906800
2022-04-25,287.2437260551933,294.4296840024108,284.31918192959085,294.1418762207031,2049600
2022-04-26,289.3141166395064,292.55429203761906,280.4755720818232,281.40399169921875,2101400
2022-04-27,281.2925858784302,287.1694695899721,280.73552844136924,281.40399169921875,1821200
2022-04-28,286.1017070225937,293.510503550747,283.7435139673037,291.3751220703125,2215200
2022-04-29,287.81005478858583,289.64833566102806,278.3401642332635,278.8600769042969,2972100
2022-05-02,278.95289970557053,284.14276102536377,275.9726812076345,282.79656982421875,2528900
2022-05-03,284.72767055431245,285.60968036638434,281.0418441989441,283.0008239746094,2121700
2022-05-04,281.45030062380306,293.269088323564,279.27780289654663,292.32208251953125,1900200
2022-05-05,288.4692073267017,289.8525716118454,273.52164810311075,277.31890869140625,2231700
2022-05-06,274.48724641803244,275.79632144134274,268.9724317807324,274.57080078125,2477000
2022-05-09,269.8543873777613,271.5533824205824,265.39795723851023,266.9112854003906,2584100
2022-05-10,269.2416447000021,271.469845748138,263.4390230469848,267.004150390625,2634600
2022-05-11,265.2772758601386,267.83969404584127,260.38448766419856,260.83013916015625,2398600
2022-05-12,258.10071289437985,261.4987328741873,255.12049317157218,261.0809326171875,2284600
2022-05-13,262.77990228755834,268.00690938309106,260.8766250296801,266.2428894042969,2373600
2022-05-16,264.30242684909143,268.28535399113866,261.86067930435274,265.685791015625,1598000
2022-05-17,273.5867195689277,273.5867195689277,267.57057784441446,270.2351379394531,1598000
2022-05-18,266.33561595108165,266.688419786446,252.91997528022586,254.53541564941406,2666000
2022-05-19,250.81251782860096,258.10061644150363,250.3947460608483,254.02484130859375,2679500
2022-05-20,255.8538742154194,258.4720244236096,248.97430955456772,256.8472900390625,3007800
2022-05-23,261.1458479119821,263.6061540342172,256.3923443852978,263.1048278808594,2128900
2022-05-24,259.79039762730275,260.91377748940164,253.50497835801445,259.31689453125,2088700
2022-05-25,258.40700480264036,261.2015567571058,255.53819174962018,259.6232604980469,1812600
2022-05-26,262.2228065134653,271.9155083847624,260.98799270878106,270.6806945800781,2742800
2022-05-27,272.43541930594336,282.39737070280984,272.43541930594336,282.3787841796875,2759000
2022-05-31,280.7541061850167,281.60826475907476,275.4621309972091,277.09613037109375,4143700
2022-06-01,282.360209684183,284.7555193801402,276.093378445014,277.2724609375,1784600
2022-06-02,278.48877919452224,284.8020504698623,276.55767858860025,284.67205810546875,1318500
2022-06-03,280.6612170535141,284.85769152911047,280.3084414263155,283.1215515136719,1714500
2022-06-06,287.8100891972905,289.96402956800586,282.02602462414467,282.9173278808594,1401000
2022-06-07,278.9250152706155,284.9226246015727,278.9064570837514,284.58837890625,2311100
2022-06-08,283.167893157827,285.4053871234079,280.13197217536566,280.9768371582031,1428600
2022-06-09,279.1293408390348,280.95832854350914,273.65167098800185,274.2829895019531,2497900
2022-06-10,270.06795351459346,270.37431947344834,265.50941051208565,265.5372619628906,2169900
2022-06-13,256.85652780653083,261.17367257181195,255.1853558007648,256.7079772949219,2414200
2022-06-14,254.99044523026834,257.40434193032337,253.09646125537978,255.4268035888672,2052600
2022-06-15,257.15367820245007,265.3887557515485,256.33666439829324,261.06231689453125,2536000
2022-06-16,255.64029740408662,255.6867070426479,249.82838266733793,251.50881958007812,2741800
2022-06-17,253.09642695931535,258.6483857838068,251.53668899516958,255.6681671142578,4446100
2022-06-21,258.2399181144514,263.95898651709126,257.7942948188684,262.4920959472656,2550200
2022-06-22,259.112608394367,269.57588650618055,259.112608394367,265.89935302734375,2939000
2022-06-23,256.24379598843785,265.7879478361318,255.3153764377551,265.3701477050781,3482100
2022-06-24,264.9802489534824,278.16379064762975,264.5717420512436,277.94097900390625,4647900
2022-06-27,277.5417518535534,279.45429392405873,270.76430024445597,271.67413330078125,2107500
2022-06-28,272.110499731465,275.3042654522485,263.19766582074635,263.4854736328125,2167500
2022-06-29,258.4906695766442,261.02523765819313,255.54756615741144,259.7811584472656,2405800
2022-06-30,257.47859472937773,260.57024785825547,255.61249060331897,257.77569580078125,2562200
2022-07-01,257.71059820578876,262.15773426471816,256.50366453624275,260.56085205078125,2400200
2022-07-05,256.50379888998725,256.624497986784,250.37622307657765,255.4732666015625,3181300
2022-07-06,258.06344628848194,259.2239705285783,255.2781881122506,256.18804931640625,2260300
2022-07-07,257.4135574363568,259.73460580584543,254.76755662851784,259.4003601074219,2169100
2022-07-08,257.7756869250207,259.78107658826843,255.4824894628599,259.09405517578125,1987600
2022-07-11,256.95875525648944,258.13786661558015,253.75572372934016,255.19476318359375,1850000
2022-07-12,254.94405094776278,259.2983415333073,252.93866102991777,254.08062744140625,2280400
2022-07-13,249.88783943862893,256.31671523450785,249.07721745416765,253.58677673339844,2185200
2022-07-14,250.17666570733297,251.56492229075718,243.89684053435823,250.32574462890625,1877700
2022-07-15,253.52158538737487,254.2203769521505,248.63934231975617,252.98117065429688,1741100
2022-07-18,254.3600945937027,256.5030437240467,249.69215848417983,250.30709838867188,2048900
2022-07-19,253.79173638533592,261.34798717921757,253.18609441659228,260.9194030761719,1942100
2022-07-20,260.8821406727497,264.2922463521826,260.3697049842727,262.4288024902344,2158500
2022-07-21,261.98153878661543,268.5501947848413,261.5902315388281,268.34521484375,1546800
2022-07-22,267.8700276089715,271.20557926793686,266.2860891156392,268.34521484375,1502400
2022-07-25,268.55954712880447,269.78942702475723,265.96006315396284,269.5378723144531,1354700
2022-07-26,268.2520459902859,268.99741210991186,264.29222805774646,265.70843505859375,1710700
2022-07-27,269.11857417112833,279.0600602411514,268.28935639184397,277.2152404785156,1821500
2022-07-28,276.70279254943307,283.70933131651475,274.6436665853703,282.9453125,1845400
2022-07-29,283.73732321568247,286.7467957631874,282.2372643186939,285.3492126464844,1868000
2022-08-01,281.8738552245288,285.8336737203408,280.4855985448447,283.9329528808594,1425700
2022-08-02,281.7340621169459,285.6472768900093,278.966847040257,281.8272399902344,1772100
2022-08-03,281.4545422054857,288.28407973225205,281.025958088158,287.1287536621094,1359800
2022-08-04,288.0790705536815,289.58845534612584,286.4112805416097,289.402099609375,1624600
2022-08-05,284.0540555185607,288.45178409226935,283.5322935211627,288.2281799316406,1504500
2022-08-08,289.29967111464344,291.4519465863884,287.4548513814772,289.1412658691406,1604700
2022-08-09,287.0635406938265,289.8400539285273,286.80265968317207,288.6381530761719,1761100
2022-08-10,293.4923489576167,296.07320794875744,292.90535971027884,294.8713073730469,1474800
2022-08-11,296.0546479321629,298.0298939055283,292.36503699259555,292.9520263671875,1570100
2022-08-12,295.13227444901617,299.02686564598054,292.97067255096823,298.5610046386719,1774400
2022-08-15,295.9894384776785,299.0454855038517,295.9055869096495,298.45849609375,1125300
2022-08-16,296.4646205714261,300.83439895416024,296.39939320836476,298.8777770996094,1596000
2022-08-17,295.74720615114626,298.45849211631406,294.07941582995454,296.7068786621094,1505900
2022-08-18,297.219304045208,298.9522932355706,294.8154739089861,297.64788818359375,1386200
2022-08-19,295.2626930334256,296.0546624119446,292.16007131670364,293.76263427734375,1672500
2022-08-22,288.209565510718,291.4892452822548,287.4455750493033,288.8338317871094,1648100
2022-08-23,287.0448771233184,290.017072328221,285.5727689979628,285.7591247558594,1217900
2022-08-24,285.7405199961765,286.95177575765985,283.11305691263857,285.3492126464844,1695500
2022-08-25,286.1504190249609,289.47667295824056,284.99509299346016,288.6194763183594,1722900
2022-08-26,288.6754226294304,288.749976314449,277.6531635794571,277.7742919921875,1701600
2022-08-29,274.857948611685,277.53198579960264,273.18086063778173,274.9884033203125,1662800
2022-08-30,277.22454234775887,277.6531264606704,269.89189553729807,272.5286560058594,1661100
2022-08-31,274.5318256102333,275.7151305065409,267.8047930051551,268.76446533203125,2455000
2022-09-01,268.14959731055507,269.2956256797734,264.7301932756843,269.072021484375,2021400
2022-09-02,272.5939546343204,273.14366728749457,263.5096637256514,264.67431640625,1889400
2022-09-06,264.55313276831475,266.677457677044,262.1399763297857,264.10589599609375,2354500
2022-09-07,262.89461619343615,268.37314471207645,260.3137571448187,267.1805419921875,1899300
2022-09-08,264.79535970009835,268.61539651715896,263.08096648361686,268.2986145019531,1790700
2022-09-09,269.6402870761174,272.1466210285489,269.17442616947795,270.7117614746094,2005100
2022-09-12,273.80505187801805,276.5443159552156,272.6870028965207,275.10015869140625,2026400
2022-09-13,268.4290546563712,270.1434193460189,261.198884432902,262.2983093261719,1789200
2022-09-14,261.75799628821346,263.2860056720952,257.18323758816115,259.5125427246094,2397600
2022-09-15,258.3013040229021,261.3386984516735,253.08365506084354,255.161376953125,2198700
2022-09-16,254.4253053542818,255.39427565519998,251.6860407011374,254.06192016601562,3838900
2022-09-19,251.91902866172836,256.5403623660284,251.7513255060579,256.2049560546875,2165200
2022-09-20,253.06499828931476,253.33520563029137,249.35676293407903,251.78854370117188,2390100
2022-09-21,251.56495827490033,256.1676675639754,247.12995213387228,247.2976837158203,2746500
2022-09-22,246.05845468768948,252.92524114207208,244.05525811420003,244.40931701660156,3462900
2022-09-23,241.44643718265397,242.58311065292585,238.7071724043106,242.2290802001953,3100000
2022-09-26,240.4215341816165,244.446551299459,239.5084364562813,239.95567321777344,2349800
2022-09-27,241.7538949543021,245.22922805610506,236.90894366870535,238.8376007080078,2495800
2022-09-28,239.45251652059753,245.70436220055925,238.54874518470098,244.0458984375,2552600
2022-09-29,241.24146049780276,243.28190541497764,238.23198835445595,240.6358184814453,2559100
2022-09-30,241.04578707660855,246.0211790706072,239.40597571602714,239.7320556640625,2924400
2022-10-03,242.49929883141766,248.86297664755924,241.00856623021542,246.8038787841797,1893900
2022-10-04,251.9376516321094,256.1676779524325,251.49044321918154,255.5806884765625,3143700
2022-10-05,252.8227723576773,258.0310949662113,251.1736062071258,255.60861206054688,1843000
2022-10-06,254.9097957032885,256.885041616691,250.81955127579857,251.07110595703125,2336800
2022-10-07,248.28530023193508,248.63933072376622,240.65449442575715,241.97752380371094,1951200
2022-10-10,243.63595989666723,243.63595989666723,238.45558820826355,240.2445068359375,1526800
2022-10-11,238.70716058501156,239.74135823894582,234.11376425538188,235.70700073242188,2261800
2022-10-12,236.1936608761036,237.64424049434456,233.9007797398244,234.0318145751953,1699400
2022-10-13,228.04229956740417,242.54822622848374,227.36847539826442,240.9478759765625,3435100
2022-10-14,244.38250165791396,245.000176161164,235.89419683464055,236.51187133789062,1723100
2022-10-17,241.36902594125783,246.01090988988364,241.0976170039987,245.40260314941406,2534800
2022-10-18,251.7664241254194,252.4496159442651,245.15921866764575,247.11517333984375,2114500
2022-10-19,245.365156684882,247.7048199271141,243.11908568440765,247.1245880126953,2412600
2022-10-20,247.33049283596606,252.36545297397163,243.9145900304736,244.99082946777344,1970100
2022-10-21,244.75689877403832,252.58074906801303,243.96140740093946,252.28126525878906,3206600
2022-10-24,255.2759400519194,259.1785104983356,252.79590298661384,257.6530456542969,2201900
2022-10-25,257.8215631723774,263.1185650361654,257.8215631723774,262.6131896972656,1701400
2022-10-26,260.1705298785927,265.43945561089623,260.1705298785927,261.92059326171875,1772500
2022-10-27,263.14658631491704,264.66268346279014,260.591692439924,260.9566650390625,1927800
2022-10-28,261.162557017822,269.7350862216424,261.162557017822,269.32330322265625,2306300
2022-10-31,265.2990912608006,269.4636744856688,265.1025389949225,265.692138671875,2364500
2022-11-01,268.64951383477893,269.70704628437267,262.56638886168116,263.41802978515625,1537200
2022-11-02,261.82698212343985,265.0463605167622,254.64891243346162,254.97647094726562,1727200
2022-11-03,249.53912924569929,251.1956004915042,239.60021608984542,240.4050750732422,3225500
2022-11-04,243.25947409020216,247.21819481087502,239.70319717674963,244.4105987548828,2496300
2022-11-07,245.89860276349268,251.85069224606357,244.6071041051087,251.8132781982422,2170000
2022-11-08,253.70374405774965,257.26938889350123,249.05249194702125,251.77586364746094,2444000
2022-11-09,249.23962945544872,251.92555803713404,248.35054608226315,249.3519287109375,1831600
2022-11-10,260.33898476184953,268.88343894490936,259.58093620474267,268.6120300292969,3121400
2022-11-11,268.78984153920794,273.0293098386611,262.6318609650328,271.4851379394531,2620500
2022-11-14,267.7978618918604,274.04943552171915,266.7029154355512,270.380859375,2493000
2022-11-15,274.2085094668105,277.4372559000267,271.42898862092784,273.8809509277344,1960700
2022-11-16,273.9745506794246,274.28337364395657,271.5038527218063,272.8140869140625,1607900
2022-11-17,267.47967881744427,271.1108410186617,265.1774580067007,268.7243957519531,1555400
2022-11-18,271.9717582790327,272.2431671701723,264.8872807799444,268.1253662109375,1322900
2022-11-21,267.1895251508468,270.3059438233594,266.80581697645414,268.6120300292969,1308100
2022-11-22,270.3246871577068,274.9104212382078,268.743072577075,274.1055908203125,1417500
2022-11-23,274.2834256070391,277.38116643269603,273.6470439738804,275.64044189453125,1229100
2022-11-25,275.42521015005883,278.4386982563495,275.42521015005883,277.3905334472656,677900
2022-11-28,274.4518993146775,276.05222116910676,271.195077405693,271.9624938964844,1253100
2022-11-29,270.75512500615054,271.9811059806344,268.23764564686127,269.51043701171875,1055000
2022-11-30,268.2376552726684,281.6673254140754,267.87268272840294,281.6298828125,2767100
2022-12-01,283.0525067046108,285.56061916687986,280.759625009561,283.4081115722656,1767200
2022-12-02,279.8705055891609,282.77169372136393,277.4466178976445,280.8812561035156,1744500
2022-12-05,276.8008499597743,278.1391589501627,271.94370711081496,273.9651794433594,1800300
2022-12-06,272.5894419148732,273.721859351177,264.1666552572381,267.10528564453125,1920300
2022-12-07,266.8152306186024,268.6495188013507,264.0918588838267,268.3032531738281,1861600
2022-12-08,269.5291597737051,275.2005002257831,268.44355278626495,273.4129943847656,2046000
2022-12-09,270.8300610677664,273.0573963939669,269.4168953870709,269.91290283203125,1827200
2022-12-12,267.7885032662921,274.16174349871295,266.23496348389216,273.5908508300781,2429900
2022-12-13,283.52969591285813,284.4374862445787,274.14296966480816,276.40777587890625,3516800
2022-12-14,275.1912229162973,278.22344638175764,269.3982135219055,272.75799560546875,2552200
2022-12-15,268.99573078140486,269.8941819475369,261.36843502274087,263.0904235839844,2870000
2022-12-16,257.0541395565022,257.3629625450053,246.366545054446,247.51766967773438,6532500
2022-12-19,246.28229707063468,247.3117545345181,237.85951001032709,239.0199737548828,4147500
2022-12-20,237.466424472203,245.5990804992045,237.24181169896454,245.1030731201172,3102500
2022-12-21,247.51760829469669,253.34802950345633,247.45209088417815,251.6728515625,3580100
2022-12-22,247.48027082936213,248.87470126096042,243.92399341493973,247.77975463867188,2276200
2022-12-23,248.74362014954096,249.60460014198225,246.42266416580378,249.0243682861328,1213300
2022-12-27,248.86529572058424,250.08190910127752,246.78767375761572,248.29440307617188,1009600
2022-12-28,249.0337773528503,251.87881603666128,245.82376603097862,246.24488830566406,1387000
2022-12-29,248.55645413959,253.49782163286616,248.55645413959,251.1675262451172,1516800
2022-12-30,248.50968958660997,249.77311350364258,245.7582432109722,249.72630310058594,1339500
2023-01-03,251.93498687547716,255.8843401590673,249.92285333915987,252.927001953125,2250100
2023-01-04,255.89361852428303,257.3442267417036,249.88537984619506,252.06593322753906,2052400
2023-01-05,250.26910520302738,250.94292934558413,244.6351779509901,246.11386108398438,2477100
2023-01-06,247.04973290627817,253.14219660626145,244.607109614677,251.9442901611328,1587000
2023-01-09,254.48049437305698,260.62910743282265,254.0967861887527,256.193115234375,2181500
2023-01-10,255.80937166669435,258.5701852292909,253.87212398963183,257.2973937988281,1853000
2023-01-11,258.34991920669853,264.23240951429324,258.143185495906,264.1290283203125,2382400
2023-01-12,265.6888962470904,270.60350293278003,265.34121428593284,266.7225646972656,2482500
2023-01-13,263.4148124781794,265.61369118979474,262.15562699428824,265.12506103515625,2226800
2023-01-17,265.97079688884736,270.3967442561008,265.31300011483944,267.6998291015625,2863700
2023-01-18,267.41792231602153,269.9551058450848,260.27627576060644,261.1407775878906,2192700
2023-01-19,260.558130093366,262.12743035980037,256.1509666786012,256.4328918457031,2212500
2023-01-20,257.94587561140975,264.11966902495794,256.3577912415228,263.55584716796875,3306600
2023-01-23,261.760906499083,265.81098144822937,260.69904871237344,262.4938659667969,2593300
2023-01-24,260.0225811882622,261.34755246876654,256.51754277542403,258.2935485839844,2205300
2023-01-25,254.41257492456054,257.24106115726596,249.63894520213398,256.6866455078125,2576300
2023-01-26,260.4548174761515,260.6051431756913,254.53473218670257,257.7203063964844,1942600
2023-01-27,256.780586147922,262.5690999973743,256.47987742601646,260.5487365722656,2101100
2023-01-30,257.07190238985396,260.71791697406394,256.8275729557068,257.77667236328125,1732900
2023-01-31,258.35927931461623,262.2214050292969,257.3913963585128,262.2214050292969,1841800
2023-02-01,259.9191565806111,268.066280932925,259.0734383978921,266.49700927734375,1797000
2023-02-02,271.966102434267,277.95194537591055,269.56046071739723,276.3638610839844,2715900
2023-02-03,270.83841335724105,272.21035759266454,269.4664691218176,271.7781066894531,2168000
2023-02-06,268.75226749737527,270.44370386390653,266.3466550894738,267.3239440917969,1262400
2023-02-07,265.65129945004423,271.43040733708057,265.4633493247899,270.4625244140625,1401100
2023-02-08,268.63955399448605,271.7405307460912,266.85414226849616,267.54010009765625,1381800
2023-02-09,270.08663698922686,271.9284276645403,267.26755733884124,267.9629211425781,1752000
2023-02-10,264.7115790368979,267.4084938625193,264.0725658828495,266.83526611328125,1347600
2023-02-13,267.22058159679574,271.0169505934093,267.22058159679574,270.9605712890625,1284500
2023-02-14,268.2542934756401,270.7632876346222,266.2621479265417,267.59649658203125,1821100
2023-02-15,264.99347370464733,270.47187226293147,264.9652840566588,270.302734375,1890200
2023-02-16,265.96137099905286,268.2448186419029,261.8361326739879,264.2605285644531,1899200
2023-02-17,261.9676901883883,262.5502954308335,258.3310818006662,260.3420104980469,2722400
2023-02-21,255.59660420928287,256.677245881352,252.57079032118926,252.91847229003906,2446200
2023-02-22,254.30923075842298,256.0570467265105,251.98818690121516,253.36953735351562,1823800
2023-02-23,254.4407215720574,255.87845104431813,251.65923768449417,254.8730010986328,1885500
2023-02-24,251.27396468130613,251.27396468130613,248.30453062480032,250.45643615722656,1735000
2023-02-27,252.69296258782242,253.70781886979168,249.46041490870917,250.19337463378906,1512900
2023-02-28,248.72738484947158,252.29820738710882,246.90437782464303,249.53550720214844,2160400
2023-03-01,249.0281485624537,249.93024616588124,245.96473900691615,247.6937713623047,1700500
2023-03-02,247.96631050042276,250.13700006109582,245.8425941410653,249.26309204101562,2278300
2023-03-03,251.75321131356978,253.45405372936997,249.94898773255363,252.96542358398438,1596100
2023-03-06,253.90516947683287,255.64357933417796,252.85268877451645,253.36953735351562,1649100
2023-03-07,252.98424865549165,253.7548040966508,247.80652904208773,248.26699829101562,2219300
2023-03-08,247.54344269871646,249.5731840251662,246.66012854709936,247.75958251953125,1462700
2023-03-09,249.79870522792004,250.61626264453028,243.11749834862403,244.09478759765625,1949800
2023-03-10,244.45183082654273,244.63975228178163,236.42684194929618,237.69541931152344,2924600
2023-03-13,237.84579361467084,239.8661286600776,234.20918479750537,236.1543426513672,3232100
2023-03-14,240.9091754161126,241.24747992843172,234.8857520433233,237.25376892089844,2925600
2023-03-15,233.0063694292323,233.01576120084474,228.15754830084342,231.32431030273438,4508000
2023-03-16,230.1778793086338,238.49417105043824,228.84351649490802,237.667236328125,4119600
2023-03-17,238.99219828740226,240.3077631696453,233.43860745295416,234.92332458496094,6470800
2023-03-20,235.59992422176492,238.57875050108203,234.9327356162703,237.31956481933594,3182100
2023-03-21,239.5090355172169,242.91072071215106,238.62572151136322,242.0837860107422,2831200
2023-03-22,241.7455366658591,245.56068962942504,237.77062320408945,237.99615478515625,3059300
2023-03-23,243.80343723072966,258.0491623687688,243.66246029453364,255.27708435058594,5166900
2023-03-24,254.14005975876182,255.67173572063535,248.84958198919605,255.59657287597656,4123600
2023-03-27,254.40322396655114,257.814287180663,254.31865499534197,257.43841552734375,3743800
2023-03-28,257.4007932997698,259.50569704921406,256.1603913000632,258.4156494140625,2869400
2023-03-29,259.3553755262413,263.35847854257867,259.3553755262413,263.0577697753906,2431500
2023-03-30,264.0538141951758,265.9707965342412,263.8470805245201,265.61370849609375,2293600
2023-03-31,266.045953285202,268.7146787234313,265.5667005421229,268.57373046875,3009300
2023-04-03,266.2996973384053,269.18453396703,266.08355755620556,268.6019287109375,2417300
2023-04-04,267.2863638298957,270.0960376126739,267.07963015736317,268.6019287109375,2331700
2023-04-05,268.9778199888622,269.5980210518705,263.9692669645135,264.3639221191406,2443200
2023-04-06,263.7343806541097,265.21908376335625,262.0429151509963,264.711669921875,2125300
2023-04-10,261.22533938003863,264.7398119313475,259.693634665258,264.69281005859375,1575900
2023-04-11,265.94264803978086,270.31221677420126,265.5103684124066,269.0624084472656,3122500
2023-04-12,272.0623583672273,272.3076184794278,266.9209072112896,267.6944885253906,2656000
2023-04-13,266.9775482317787,269.2605491209112,263.88325129785676,269.1190185546875,3164200
2023-04-14,267.25109640376155,268.8171163315792,262.05304456062635,263.4398193359375,2871700
2023-04-17,262.99646824881,265.8643623382766,262.99646824881,264.1285400390625,2899000
2023-04-18,265.43038086555293,265.47756731675395,262.64741667681244,264.1096496582031,1893800
2023-04-19,263.01531192844647,264.1473836600444,261.79836792522576,264.05303955078125,2204700
2023-04-20,261.58137411196975,261.8549633864174,258.4870774026821,259.9493103027344,2686100
2023-04-21,260.1190821751108,262.1001640314173,259.80774957041837,260.6850891113281,1600700
2023-04-24,260.18518286317294,261.9021479082172,259.2983999845141,261.5531005859375,1359700
2023-04-25,260.241749991998,261.0436316987663,255.27012947368058,255.37391662597656,1935400
2023-04-26,256.4588054930523,258.08142623465403,254.9022285047771,255.8550262451172,2009400
2023-04-27,258.3455915447536,260.8361091520375,255.496554791464,259.8550109863281,1983600
2023-04-28,258.22295300014815,264.5530487198941,258.22295300014815,264.4209899902344,2084500
2023-05-01,263.2888565801657,264.0624378393074,261.74172285165747,263.6001892089844,1165600
2023-05-02,264.0152508636195,264.5058286317291,258.51533859329373,261.0718994140625,1728300
2023-05-03,262.37376904010193,263.75110065077513,259.2606155443861,259.6002197265625,1951200
2023-05-04,257.80780493570967,258.2794966183928,250.6380856009707,251.4116668701172,2586200
2023-05-05,253.97771892607915,255.07204729214624,249.42118907500773,250.60983276367188,2592700
2023-05-08,250.95887094094925,251.8833971449782,248.54381145877156,249.8268280029297,1843000
2023-05-09,248.06270625396968,249.51549613531705,246.86459076702602,248.5626983642578,2712000
2023-05-10,250.7984278304844,254.628561294143,249.44939677289096,253.66632080078125,2800200
2023-05-11,255.00598741766032,257.0153988462121,252.99657598910855,256.8550109863281,2915700
2023-05-12,257.6663555401243,261.6002488506947,257.0720192928254,261.4964904785156,2664400
2023-05-15,260.66626823358234,262.76058055954866,259.07194796432174,261.79833984375,2762700
2023-05-16,261.4021286525953,264.80775803342755,260.71344833830045,263.38323974609375,2079000
2023-05-17,265.26998699346467,270.1567062146328,264.3643469686011,268.5152282714844,2486600
2023-05-18,268.43030805333467,271.61894840150524,268.1661618653677,271.203857421875,1869700
2023-05-19,272.2605077005822,274.85481255277284,271.08127822231376,273.496337890625,2213300
2023-05-22,272.98685506942246,275.25096951474274,272.5151633604067,274.4774169921875,2044100
2023-05-23,272.78874140305766,274.56230676244013,270.86423124821965,271.78875732421875,2219800
2023-05-24,269.835956834551,271.96801256354956,268.7699289700517,270.58123779296875,2815100
2023-05-25,272.17552044071886,276.55280390717206,269.03403798317436,275.24151611328125,3689600
2023-05-26,277.3547373864952,291.1281416677258,277.01513315980947,286.4112243652344,4578800
2023-05-30,288.8734608623428,300.8544431346908,287.7319748592855,290.9677734375,6238600
2023-05-31,287.43003855857074,292.77903493949015,285.84516140488194,288.599853515625,5270100
2023-06-01,288.42064639781955,288.76025063705157,283.0999496649487,287.920654296875,2393700
2023-06-02,290.0904173495937,294.5243311794665,289.2602352887002,293.76019287109375,2272500
2023-06-05,288.05273115868397,289.99609897832755,284.7980751685964,287.213134765625,3008000
2023-06-06,285.73199133294236,291.7979401637939,284.6754064479778,290.599853515625,2419400
2023-06-07,291.9582995000007,294.33561525892645,289.7696431436573,293.4205322265625,2490000
2023-06-08,293.2696395385803,293.2696395385803,289.34516051638934,289.9300537109375,1870300
2023-06-09,291.62809310991025,293.5526031622716,289.27907783334933,291.2413024902344,2202600
2023-06-12,290.4017502457627,294.19417060381994,290.1281897404619,293.8451232910156,2642300
2023-06-13,297.4676256892627,299.495894003287,295.64690285047374,297.3166809082031,3981900
2023-06-14,298.12800416904213,300.3355178144781,295.5620002343021,297.2129211425781,2421100
2023-06-15,301.1091732291889,306.67513076097026,297.4865836275911,305.4393005371094,3288900
2023-06-16,307.4675209828583,309.36370198176155,301.0241964358358,301.44873046875,5266300
2023-06-20,299.2978424107972,302.48648307657504,297.1752296493534,299.4299011230469,3349400
2023-06-21,298.57142326986013,299.6846376374673,295.36392525063235,295.46771240234375,3121400
2023-06-22,281.3263887400831,290.1564733732865,279.24151924201584,289.8545837402344,4889000
2023-06-23,283.033881201179,285.5527275813663,280.8452535632709,281.5339050292969,4233800
2023-06-26,279.7981044235966,283.82634154112185,279.72264641228264,280.5716857910156,2826900
2023-06-27,280.2980875524409,283.98672031638546,279.34526105013055,283.7791748046875,2054200
2023-06-28,283.46784810005505,285.0432822207873,280.9207014607205,284.63763427734375,2061700
2023-06-29,284.33577253830754,292.98661163904427,283.1093855413288,290.8734130859375,2739400
2023-06-30,291.96770471814443,294.98654296376725,290.8733765738506,291.1092224121094,2668500
2023-07-03,290.5621026382587,293.64695615584475,290.0055098574588,293.36395263671875,1172800
2023-07-05,288.80745069010055,294.3168071076947,287.7602799902487,292.35455322265625,1924800
2023-07-06,289.5432419181596,290.9866173492399,287.40174320337985,290.5337829589844,1375800
2023-07-07,289.3639659966558,293.63749113533476,287.99604871454534,288.4488830566406,1902800
2023-07-10,287.9300513811064,291.60924103557096,286.90176688728025,290.98663330078125,1684500
2023-07-11,290.98657549990514,293.2035031095606,288.5148871970669,292.1846618652344,1347800
2023-07-12,295.7258075002705,297.9413332564461,294.22038726444356,297.18389892578125,1788200
2023-07-13,298.2442937955722,299.6550273994245,297.5625913968403,298.443115234375,1822700
2023-07-14,299.257417706923,300.98061408567554,298.25380418836784,298.9733581542969,1295500
2023-07-17,298.88807392312185,303.6694673631112,298.25372931394776,302.7699890136719,2033400
2023-07-18,302.52384018714895,305.5725606684605,302.4102279409564,305.279052734375,1574200
2023-07-19,305.8187344815525,306.94543739381504,301.7474749610205,301.8421325683594,2170900
2023-07-20,299.4278073764308,299.4278073764308,294.19196418503407,295.848876953125,2097000
2023-07-21,296.53061609199295,299.65506899827034,295.9246454782133,298.0549621582031,3265700
2023-07-24,297.87500772021775,300.005323980274,296.04767670732605,296.625244140625,1341500
2023-07-25,296.79563142558754,302.41019075727445,296.36955666049056,300.69647216796875,2163900
2023-07-26,299.5603074506317,301.6148626440101,297.657215963884,299.6739196777344,1512500
2023-07-27,302.97827893575,306.3489099773694,301.03733589402196,301.8610534667969,2981200
2023-07-28,302.72269089279274,305.0139482452607,297.2690719145814,298.7650146484375,1920900
2023-07-31,298.2442654495779,301.44447838129344,298.2442654495779,299.5224609375,1351400
2023-08-01,298.6608855043395,304.2849229609644,297.5341825492546,303.896728515625,1913800
2023-08-02,300.6492098115101,303.84942323290915,299.8444177963937,300.8764343261719,1799700
2023-08-03,299.26682138399144,301.42554074752684,297.43949033516725,300.260986328125,1355900
2023-08-04,298.79342695796646,300.9711010257642,294.69376417306756,295.40386962890625,2140600
2023-08-07,297.3826471158337,299.31414174572046,295.451152485947,299.0679626464844,1530600
2023-08-08,296.2843480037492,298.52827627685497,293.1504187176611,298.3862609863281,1550300
2023-08-09,297.8465820516235,298.42414944108316,293.7090394081166,294.9588317871094,1504500
2023-08-10,294.93042329485826,298.073829925593,292.4403159004588,293.8984069824219,1862400
2023-08-11,291.5882092470517,293.98363026380105,289.8460874979851,292.6107482910156,1351200
2023-08-14,291.6544759624441,295.84882460720473,291.3893711222264,295.1292419433594,1334200
2023-08-15,294.31501929583663,294.9304381873591,290.19640226139825,291.04852294921875,1256100
2023-08-16,289.29696514481594,293.88898642688383,289.0224118258151,291.27581787109375,1212500
2023-08-17,291.93853377982805,292.76225143541564,288.5584250810086,289.3821716308594,1653700
2023-08-18,286.7310886477418,288.62470304554296,285.2824747891944,286.8257751464844,1997100
2023-08-21,288.0377356764463,290.944441200836,286.9205099283593,290.2059326171875,1072400
2023-08-22,293.13152662421635,294.3907675371109,291.49353970076174,292.46875,1139700
2023-08-23,293.51024541517756,299.84438818422683,292.8001399827215,298.5661926269531,1486100
2023-08-24,299.5698185221299,300.9427006400017,296.95665006950105,297.4300537109375,2077500
2023-08-25,299.8254973872892,302.73217400328815,297.4490016835139,301.8043212890625,1451500
2023-08-28,301.80424475235833,305.09911501508765,301.78529011776146,303.8398742675781,1236400
2023-08-29,303.34758418138546,307.11585848796517,302.5617179947952,306.24481201171875,1525000
2023-08-30,306.5856296293789,306.68979344385036,304.4079846802923,306.055419921875,1470400
2023-08-31,307.5892843409815,308.87695729991526,306.49098440062403,306.54779052734375,1986300
2023-09-01,308.7065034854286,311.2344916479627,307.8070539019111,310.3066101074219,1732700
2023-09-05,310.3066117489293,311.3859859279784,307.2200396339127,308.8106689453125,1736600
2023-09-06,307.00226340271666,310.306611594564,306.4909793763548,308.9432067871094,1247900
2023-09-07,306.6709286280681,311.5375328117717,306.0365838145631,310.7422180175781,1533000
2023-09-08,312.0013836542262,312.8629816961656,307.2673475298976,308.1573486328125,1416800
2023-09-11,310.0698642192481,310.7705211581466,307.229442770055,308.5360412597656,1551300
2023-09-12,304.35122086841176,305.3358796653588,296.4548224887394,298.1401672363281,3205000
2023-09-13,297.5152655412713,299.86332913131906,296.27495030123396,297.2122802734375,2496200
2023-09-14,298.84079840690083,300.128442490148,296.63472117514607,299.7497253417969,1904000
2023-09-15,299.40886856623445,299.8443918130177,294.8925794688276,295.9056701660156,3339300
2023-09-18,295.40383716899515,299.901171228459,294.45702999858173,299.07745361328125,1350700
2023-09-19,294.5517269932201,300.8763921823899,294.45704049395147,300.4503173828125,1898800
2023-09-20,301.79480248922494,306.1217184352231,299.6171574328904,299.9485168457031,1693100
2023-09-21,297.60991786490194,299.6834281074922,295.0914359418138,295.40386962890625,1911600
2023-09-22,297.335332489192,301.7095770022789,296.28436150288854,299.2762756347656,1994400
2023-09-25,298.77452092914655,301.72855519727614,298.13069887466025,300.1284484863281,2054600
2023-09-26,296.0856082081111,297.7614468867662,292.30785596751946,294.08782958984375,2343600
2023-09-27,295.6026727086353,298.2253471883226,294.1256557637576,297.6572570800781,2435400
2023-09-28,285.69906061823946,290.376290301625,278.8252313883528,284.77117919921875,4326800
2023-09-29,288.16078797628546,292.8474664566396,286.75950286545543,290.7739562988281,3171700
2023-10-02,291.2094936976016,292.05213706975997,288.88032721165405,291.86279296875,2063300
2023-10-03,290.7266332060633,294.97778853188476,289.2969450058455,289.9407958984375,2454800
2023-10-04,294.2108754114219,294.4570545424129,290.5467359795873,292.9327087402344,2153800
2023-10-05,292.38353206764464,293.89842938176713,289.1265129552733,293.1883239746094,2095400
2023-10-06,291.88169050281044,298.3483702573138,290.4046737440665,295.5837097167969,2441500
2023-10-09,293.33981995394333,296.43586916266366,291.95746060831334,295.413330078125,1407600
2023-10-10,296.69150688362424,298.65140483164583,294.98726538620116,295.70684814453125,1904600
2023-10-11,296.9332933834535,299.24357037883135,294.68005811531185,297.1424560546875,1298000
2023-10-12,296.4293313868934,296.4293313868934,289.22275216285175,289.3653564453125,2295500
2023-10-13,287.40695979531137,290.9246882192922,285.3153617982777,286.9601135253906,1672500
2023-10-16,289.04217366965094,292.66446830752915,287.0741761127197,290.2971496582031,1491600
2023-10-17,287.86329510814335,294.5659595005674,287.5210447286294,293.0638122558594,1576200
2023-10-18,291.6091817630093,294.12862147595695,288.3671748063092,288.80450439453125,1373800
2023-10-19,289.90733237004025,291.87535885403645,286.7223674396597,288.015380859375,1384700
2023-10-20,287.48296528095096,287.9963697893984,281.35071908268037,282.3680114746094,2385700
2023-10-23,280.4665571052442,283.7846098014004,280.1813484833203,280.4095153808594,1314900
2023-10-24,281.6739938345367,283.31877434544487,279.5633628785132,281.50286865234375,1849200
2023-10-25,279.06899408871175,280.9419415261167,276.77772130387905,278.2608642578125,2174900
2023-10-26,279.33516305573806,281.32219369690654,276.0646356711458,277.6523742675781,2692500
2023-10-27,277.54778781758813,278.6031177139738,274.2487394611553,275.75091552734375,1480300
2023-10-30,277.3671511024007,279.34469423589707,275.38963698300597,278.2798767089844,1843500
2023-10-31,278.64109973404715,282.6341940218928,278.64109973404715,282.45355224609375,1953400
2023-11-01,283.4804510533819,287.29287575995465,283.4804510533819,285.8287658691406,1973000
2023-11-02,288.7094362204874,293.662752745654,286.45617203704796,292.940185546875,2152800
2023-11-03,294.3853207049055,301.1260219934528,293.78635357953897,298.0456237792969,2145600
2023-11-06,296.9332894058203,298.7016409546622,295.7163508842433,297.66534423828125,1426200
2023-11-07,297.57975535977124,302.68519252672274,297.30403436344506,299.661865234375,1860400
2023-11-08,301.25911398433544,303.72151185727716,299.8425294393484,302.1623229980469,1815000
2023-11-09,301.64892922950276,301.7535250730864,298.0076302099231,298.73968505859375,1574900
2023-11-10,299.99464485031524,304.4915985564871,299.2530734158151,303.940185546875,1433500
2023-11-13,300.44148378541956,301.34466374658587,298.8252242551832,300.0802001953125,1448600
2023-11-14,304.06382997456757,306.31706546906406,303.1225833524074,304.7008056640625,1823700
2023-11-15,303.87360745766836,309.6730908708055,303.0369568650715,309.46392822265625,2347100
2023-11-16,310.9851427487246,313.4285364499601,310.0153753576721,311.1943054199219,2142100
2023-11-17,311.51752963918517,312.72495146603694,310.1484702538234,311.67913818359375,1561500
2023-11-20,310.3766387660853,315.6912387767514,310.148471872035,314.597900390625,1413900
2023-11-21,314.9781834532953,316.0620342118392,312.5633398235275,313.98944091796875,1602800
2023-11-22,317.77331837641634,318.9997733429998,316.41377573904873,316.718017578125,1425700
2023-11-24,316.737023738038,318.4008082245951,315.7292480273084,317.58319091796875,708500
2023-11-27,317.37402439428877,317.95395819573685,315.8243233635231,316.052490234375,1586900
2023-11-28,315.26342036892567,316.7750840439287,313.7327234436817,316.1761169433594,1377800
2023-11-29,318.49591614303364,319.2564917998242,316.3852853292232,316.9176940917969,1307300
2023-11-30,317.7353453972477,318.4959210657939,315.7958397241224,316.7275695800781,4298100
2023-12-01,317.355045153299,321.82350722858394,316.7465903894473,321.4051818847656,1688800
2023-12-04,318.6765373363827,322.11818983412263,317.7067990845536,319.8554382324219,2349500
2023-12-05,318.14417061761367,320.7111353928574,316.88919458663935,319.2850341796875,1516500
2023-12-06,321.1294608368184,322.73620385861994,318.47693346964843,318.8857421875,1502100
2023-12-07,319.9790364325528,319.9790364325528,317.7543223284246,318.5909729003906,1870200
2023-12-08,318.5910204790035,321.07242269160946,318.07761591242496,320.6160888671875,1274500
2023-12-11,318.6955228227189,325.5218147108399,318.68603521269904,325.44573974609375,1814100
2023-12-12,325.08448854829476,326.3394644646091,324.39047125698664,326.3109436035156,1935300
2023-12-13,326.48207020942664,328.1934089248821,323.1259801401618,326.71026611328125,2461000
2023-12-14,325.854580384389,328.3740488387769,323.95311227638354,325.8450927734375,2551300
2023-12-15,321.76647590695137,329.8667206177396,319.6843657464632,327.1951599121094,3880200
2023-12-18,325.77854565830563,327.0335216162419,323.85807324808326,325.0084533691406,3208000
2023-12-19,316.33779669246394,327.8131362863388,315.662754529097,324.68524169921875,3252800
2023-12-20,328.5357084157376,329.55300097493387,322.4985404321691,322.7742614746094,3406200
2023-12-21,323.4111965174636,332.28153194304434,323.4111965174636,331.5684814453125,3304200
2023-12-22,332.7569834840887,337.33952947716944,330.7699524072622,336.9877624511719,2313900
2023-12-26,336.69295585486253,337.4440148317782,334.19252076907895,336.0179138183594,1535700
2023-12-27,337.0351945329531,337.87184507419045,334.30659266375727,336.3887023925781,1309700
2023-12-28,336.6930052093092,337.0352555759311,333.94536959392326,334.26861572265625,1300800
2023-12-29,334.4587820601932,335.5235996892023,332.2150343298346,333.62213134765625,1233500
2024-01-02,331.0361267621518,333.0421618964422,328.27900352370494,329.8287048339844,2319500
2024-01-03,325.654965203904,326.8338662580238,320.9012944836099,321.2720947265625,3060900
2024-01-04,321.27209678392643,323.05945261435596,319.9505623884521,320.48297119140625,2750600
2024-01-05,321.3481199713808,323.0119046162031,319.00932225175063,320.0361022949219,1510800
2024-01-08,318.49593354511677,323.69645039670115,318.49593354511677,323.5823669433594,1909500
2024-01-09,322.5555401881932,325.87362184990155,321.3766392160215,325.8641052246094,1625900
2024-01-10,327.60396597744693,328.6022542596712,325.89265608521123,328.3170166015625,1569100
2024-01-11,326.57715236977583,331.2642643618006,326.14931043351993,330.8269348144531,1785800
2024-01-12,332.75692109630336,340.0395474797031,331.5304660346001,338.7750549316406,2405900
2024-01-16,335.0101144671916,338.9176460557562,333.8121804158788,337.09222412109375,2097500
2024-01-17,335.6991597395783,340.96636557943714,335.6991597395783,337.45489501953125,1917100
2024-01-18,339.71628050926415,343.3041030239365,338.905229013593,343.0846252441406,2064100
2024-01-19,344.9740106187237,348.1133557534117,343.6285769895716,347.2354736328125,2506500
2024-01-22,347.33089803259224,351.76794901037243,346.85379515067933,350.3938903808594,2302500
2024-01-23,350.5370318652488,353.0561491775452,348.8958258297258,352.92254638671875,1693100
2024-01-24,354.01036886230816,355.1935747929193,350.98552351769706,352.00653076171875,2250100
2024-01-25,355.32714045561937,358.52373552963707,353.17062615063134,354.90728759765625,2227400
2024-01-26,354.88825976809693,357.0065979630149,352.87487024119025,354.0771789550781,1404800
2024-01-29,353.55229753416353,358.2374511752964,353.1324446822461,356.2527160644531,1683100
2024-01-30,356.872936899049,358.0656940410913,353.9912461270919,354.29656982421875,1849500
2024-01-31,354.0103405677135,355.65157565644125,346.7965472782018,347.2164001464844,2320100
2024-02-01,347.3309335156824,354.21074962209,346.8061319399844,353.92449951171875,1500000
2024-02-02,355.14582705372635,357.6458413654132,352.55993772217784,355.87103271484375,1590500
2024-02-05,355.44164211501635,356.87295074098284,352.1687233791179,353.38055419921875,1787300
2024-02-06,353.5523265372722,354.6878337817375,345.8041800127213,347.9988708496094,4012000
2024-02-07,348.2851243263597,352.97982977393735,347.44541854548805,349.85955810546875,2531800
2024-02-08,350.8423917914785,352.5504283769268,350.1172151639546,351.60577392578125,1679800
2024-02-09,352.34049783136925,355.42259310265877,351.10004191762704,354.6496887207031,1482600
2024-02-12,352.5695130556871,353.4378438806312,349.411093996192,350.6038513183594,1325000
2024-02-13,344.8595217564189,349.0103228114402,343.5140880836852,346.1954040527344,1696900
2024-02-14,349.46831675817026,354.19164703353584,349.46831675817026,353.99127197265625,2114600
2024-02-15,355.5275387378269,357.40732534560243,353.1897519787479,354.49700927734375,2358800
2024-02-16,355.25080524726013,356.3290624530479,351.48170983522783,352.5599670410156,2410200
2024-02-20,352.9415870765087,353.0560870941969,344.88808913859424,346.3289489746094,1631000
2024-02-21,343.8385114814119,345.7850994500635,342.5312542060113,344.3824157714844,1757700
2024-02-22,352.78899900701344,355.1458886946714,351.52944025699856,354.3061828613281,1614600
2024-02-23,356.8634025867072,360.661151991774,355.7565204115614,360.0409240722656,1614500
2024-02-26,359.6019714790709,362.884441648114,359.6019714790709,360.193603515625,1455000
2024-02-27,359.73558159319504,362.3596475066733,357.73174361707447,360.6039123535156,1083200
2024-02-28,360.9188199038335,362.1115772444844,358.0275772748977,360.71844482421875,1264200
2024-02-29,362.97984949638476,362.97984949638476,357.01606375571055,357.6172180175781,3329500
2024-03-01,358.59048630620856,364.5065732264896,358.59048630620856,363.5428161621094,2110500
2024-03-04,364.80245375132023,369.2586080982334,364.1344979761335,366.1383361816406,1642900
2024-03-05,364.0677272561869,366.5677420550922,356.83483022662796,359.6211242675781,1539400
2024-03-06,362.59821971839654,365.51808726336685,360.49895521937475,363.39019775390625,1451200
2024-03-07,367.0352883569686,369.7643323343306,366.12881023697645,369.1918029785156,1564300
2024-03-08,368.9818431979149,369.7642989428675,360.43216738199243,360.8520202636719,1641100
2024-03-11,357.23557485801877,358.36153072201563,350.2603327350524,356.1286926269531,2220000
2024-03-12,357.82718547617424,364.90740553228517,357.68406042599395,363.0562438964844,1793700
2024-03-13,362.12111043306805,363.7241692295722,360.41307385343225,361.3768310546875,1635800
2024-03-14,363.53330519640025,364.0199303113087,359.31570310689216,360.89013671875,1706700
2024-03-15,351.90156228202875,357.96077488690435,350.0694743480632,357.44549560546875,3865400
2024-03-18,361.4150225742,361.58677264100595,355.1363316782523,355.6039123535156,2164400
2024-03-19,356.38634233436994,361.00469526717586,354.03900403944283,360.7661437988281,2062800
2024-03-20,360.71836622499546,363.80998325989384,358.0179770069898,363.01800537109375,2877600
2024-03-21,347.32137962101115,352.1305852807514,326.60557867581804,329.2296447753906,9574800
2024-03-22,334.28694364153125,334.4205464465585,320.4128106764014,322.04449462890625,5899600
2024-03-25,320.62270254902097,320.62270254902097,314.5921148595827,318.5329895019531,5320000
2024-03-26,319.7925941321926,322.36893270962383,319.02921190476326,320.9853515625,3006500
2024-03-27,322.40706733293604,326.6818907725162,322.40706733293604,325.3269348144531,3295200
2024-03-28,325.78497262164336,331.0903547936415,325.23151692395965,330.7372741699219,3614900
2024-04-01,329.06740480870343,329.2010076010064,322.5883682632244,323.63800048828125,2320200
2024-04-02,321.2524977016507,323.3612844855249,317.7505494044011,321.0520935058594,2453300
2024-04-03,320.8421848355766,321.7486920952036,316.69141243637216,317.06353759765625,1975700
2024-04-04,318.8192097922743,322.51198126118607,315.0501146787547,315.33636474609375,2273000
2024-04-05,316.347835163653,318.53297451260994,315.20277660104307,317.7505187988281,3694700
2024-04-08,318.7333274173668,319.65890810713563,316.4909382081283,316.6054382324219,2431900
2024-04-09,318.37077312836044,319.5349054195581,314.7161775689739,319.1341552734375,2416600
2024-04-10,314.5265768551044,315.64730386247476,310.01487451965363,310.74285888671875,2156700
2024-04-11,312.3234141023086,313.2334311765226,309.6508930307123,311.4996337890625,2204200
2024-04-12,307.45733922561334,308.92292589075964,300.00487415173137,302.121826171875,4207900
2024-04-15,302.744444179328,308.06080954401284,299.0373738867099,300.08148193359375,2997900
2024-04-16,301.8727894574068,302.3517397262169,298.7117001435771,300.7232971191406,2900300
2024-04-17,303.5299299943343,303.67360922430566,299.4492644663245,301.29803466796875,2760000
2024-04-18,299.46841345982085,304.3920064254228,298.8745198757211,302.696533203125,3025100
2024-04-19,304.4782440605935,305.13919775542405,301.3555082559547,303.5395202636719,3381500
2024-04-22,305.12966773374455,305.62776552589213,302.2176417014198,304.05682373046875,2433300
2024-04-23,305.0721362273776,306.34613092330284,303.1658945136356,303.4915771484375,2000300
2024-04-24,302.5432777730428,302.5432777730428,297.61009625069164,300.3401184082031,4133800
2024-04-25,296.1732448806811,297.1790286682329,292.49491063072907,295.9912414550781,3639000
2024-04-26,296.38402372339175,296.4606429078116,294.33410243828826,295.04296875,3371800
2024-04-29,294.132962336947,295.6272849670383,289.7649378439406,290.39715576171875,4719100
2024-04-30,289.2859598757391,290.25344876492017,287.0636236316816,288.2418518066406,5225000
2024-05-01,287.4946626624239,290.71319409707775,285.5501259457868,286.0865478515625,2617200
2024-05-02,288.0981623693552,290.55994442575957,285.712970257351,287.6958312988281,2684200
2024-05-03,289.7840462713839,292.12132581012804,288.9698542395518,290.9239501953125,2767100
2024-05-06,292.32253251399607,293.87432677450494,290.50249802791217,293.175048828125,2361300
2024-05-07,294.93757549050497,299.0086528555018,294.65021701668604,297.5813903808594,2483600
2024-05-08,297.06410788223315,300.20602045339274,297.06410788223315,298.8553771972656,2296400
2024-05-09,294.0754995821637,295.2345511836042,290.1672777921717,293.701904296875,3238100
2024-05-10,295.0333615233824,296.2403255386572,293.17503216737055,293.43365478515625,1786900
2024-05-13,295.177007118819,295.7996365421842,293.9604841152347,294.4681701660156,1695000
2024-05-14,295.89544572708076,299.1427423125151,293.3282795146679,294.0275573730469,1813600
2024-05-15,292.159634081841,295.53143310546875,288.74951085544427,295.53143310546875,4230800
2024-05-16,296.62347406005887,297.51431451435803,293.83598008093895,295.0333557128906,2583100
2024-05-17,296.7000723259396,296.9491357943281,287.3797197727428,290.8089904785156,4232000
2024-05-20,290.7323654222431,294.1424885740516,288.91233124054685,292.8301696777344,2418000
2024-05-21,293.87431444400215,294.21914460617745,290.2055390105224,290.85693359375,1866500
2024-05-22,291.1634056340295,295.21533496444164,290.90478304252275,294.1807861328125,2432400
2024-05-23,297.08325799461494,297.89744998648814,291.73815714203533,293.05047607421875,2526100
2024-05-24,293.9701181599692,294.5160992645957,287.68626356504495,288.3184814453125,2048700
2024-05-28,286.76665075293397,287.67666786629934,283.3661158756663,285.1957092285156,3530200
2024-05-29,281.76644219060404,283.63435996454353,278.7586496512693,281.4024353027344,4480000
2024-05-30,277.762386112787,278.27007216636025,272.321518740002,272.8100280761719,5007800
2024-05-31,272.81007228562,273.3752593501921,266.9573137994239,270.40576171875,6882000
2024-06-03,274.2948313539526,275.4155586394003,268.89225816082427,269.8980712890625,3596600
2024-06-04,269.89806902300586,276.71831627945875,268.5378373760413,275.9328308105469,3498600
2024-06-05,276.12446347394746,280.00394959246523,275.9328716419773,278.76824951171875,3002200
2024-06-06,278.94064051383367,281.4982185079942,278.36589436063684,279.4578857421875,2363200
2024-06-07,279.170540278673,279.5249588070165,276.0190392653831,276.2585144042969,2626900
2024-06-10,275.28144863378435,278.2892409837864,274.917441768828,278.2030334472656,2509900
2024-06-11,277.90609806042346,281.91970363381563,276.6321032134919,281.83349609375,2457600
2024-06-12,279.35250384176095,281.76640237358674,273.42309791013093,273.7008972167969,3749600
2024-06-13,275.55925233029143,277.36008073194284,270.21415111885125,270.4344787597656,3119200
2024-06-14,269.5627874017309,274.86956443937896,268.8922453481899,274.6396484375,2966200
2024-06-17,274.17988044601236,276.4501000349679,271.9958683972041,273.50933837890625,3559600
2024-06-18,273.2986203705385,277.70496901778034,272.41736818077413,273.3369445800781,5314900
2024-06-20,301.3842625442022,304.35376017281703,285.4543713070975,293.2708435058594,11374600
2024-06-21,294.1041892659787,297.28442594098954,289.8415203490126,295.97210693359375,8473700
2024-06-24,292.50448951496276,299.2193815320957,291.8531241755444,294.276611328125,4399600
2024-06-25,295.01417824201997,296.9491265427809,292.57151466142324,294.23828125,4481400
2024-06-26,287.29350930615584,292.86846758169986,286.82411821800366,291.7956237792969,3162100
2024-06-27,292.15967047578596,292.60029654771154,288.7686943119635,290.4258728027344,3162000
2024-06-28,290.7611589536473,292.68651929885,288.95071277143427,290.6366271972656,14905500
2024-07-01,290.9431194264288,291.5465721652107,286.9869858196449,289.8127746582031,2411100
2024-07-02,288.2610041763836,291.2017658672982,288.2610041763836,291.0389099121094,2177200
2024-07-03,291.9202121787644,293.97013352490893,291.1826392296376,292.87811279296875,1751200
2024-07-05,292.0734624101037,292.83021203549345,285.1478308575881,286.54638671875,3158900
2024-07-08,287.8107693939796,289.2380609843035,283.1553871033035,286.8624572753906,2557700
2024-07-09,286.49847723555945,286.55594893098703,282.08256965097814,285.5118408203125,2479200
2024-07-10,284.40060148877365,285.4542976959559,278.2987810776883,283.0020751953125,2283500
2024-07-11,284.2432473489501,290.72780155788433,282.8385874895411,286.69659423828125,2988000
2024-07-12,288.2359369305126,300.19484954020606,287.6971625289868,298.8575439453125,3951600
2024-07-15,300.82030128101565,307.2663639792041,300.82030128101565,305.8232116699219,3866200
2024-07-16,306.31387624974434,312.82729274934303,305.97713485695994,312.6829833984375,3640500
2024-07-17,313.5969647526749,316.1176657364042,311.35525203651537,313.2602233886719,4383900
2024-07-18,316.92584739758917,323.50661790086133,315.41534104952194,315.6654968261719,4563600
2024-07-19,318.5421592096541,323.0640476789498,315.2902516756932,316.71417236328125,5376200
2024-07-22,318.18619018439335,320.2066090855039,317.2240887420556,318.9462585449219,3419300
2024-07-23,318.8692610192476,319.6100978907623,315.5403983852223,317.8109436035156,1994000
2024-07-24,316.8969629471354,319.93720688598825,315.70396660997966,316.2234802246094,3286500
2024-07-25,313.2505989621999,322.96782921200395,311.0858707592685,317.6089172363281,2764500
2024-07-26,313.5680939432646,317.31065303484854,312.88498082516514,316.0118103027344,2438200
2024-07-29,316.2042244129479,316.512103883019,311.59575085364133,313.83746337890625,1629200
2024-07-30,315.07863162210276,317.9264733898723,314.5591179177611,316.7238464355469,1985400
2024-07-31,319.071358668517,321.27454998510217,316.56988887189254,318.0899963378906,2606300
2024-08-01,321.2264153707278,326.0754145759702,314.04914725414176,315.6462097167969,2538100
2024-08-02,312.67330861653664,314.2992622483498,308.209173616324,310.9030456542969,2682700
2024-08-05,299.800389821575,305.8231537131232,298.4727146118917,301.84967041015625,3186500
2024-08-06,304.9861546644072,310.43165230571066,303.7546660029785,306.60247802734375,2284200
2024-08-07,307.82434622712606,313.3948920403365,305.88088266141534,305.96746826171875,2327700
2024-08-08,303.35056459031205,307.40103268985877,302.55203333421673,303.9085998535156,2213700
2024-08-09,304.21647581568453,305.29402469085176,301.34940306061077,303.8604736328125,1851300
2024-08-12,303.5141534722839,305.4383564221545,300.887605875748,302.0613708496094,2276500
2024-08-13,304.12984617360985,308.0456057471756,303.18700563384454,307.2278137207031,2269600
2024-08-14,307.8724324532697,309.8639892973425,305.96746120750396,307.7088623046875,1404600
2024-08-15,310.0660494701149,312.8849996295941,309.7389385053533,312.80804443359375,2271600
2024-08-16,312.59640946254257,315.2902819834121,311.0185488710273,314.5302429199219,2292800
2024-08-19,315.14595644534904,317.907182977712,314.60718196883954,316.9547119140625,1678200
2024-08-20,317.4261297929725,318.0418888248104,315.617374338207,317.8494567871094,1790100
2024-08-21,318.3016522693243,321.0147855078874,318.0130335677781,320.9570617675781,1233900
2024-08-22,321.23605384469573,321.4092250518365,317.15672390123757,318.0418701171875,1679200
2024-08-23,319.09058756039366,321.11100658605915,317.1760149676336,320.6395568847656,1518700
2024-08-26,320.4566928844738,324.43017601074285,319.1963425114783,324.0164794921875,1692200
2024-08-27,322.4771631585626,328.06697034155223,322.3039919408778,327.4801025390625,2154100
2024-08-28,327.65323843886193,330.57803480885866,322.4097742564373,324.6033935546875,1528000
2024-08-29,327.3549900784903,330.8377923288095,326.12350150333316,327.3164978027344,1612600
2024-08-30,328.07662290234606,330.4337834036726,325.80607737671664,328.9906311035156,2004000
2024-09-03,328.4229062750145,332.44451227563053,326.79698198815,328.9232177734375,2049300
2024-09-04,327.11450209122467,331.8384238653335,326.1331691549135,330.9532775878906,1478300
2024-09-05,331.17453806863807,331.3958319559131,326.6334183823723,328.00921630859375,1195100
2024-09-06,327.7879632546423,329.4620103182572,323.99728133737227,326.9605407714844,1613400
2024-09-09,327.7206537380215,329.2792535420515,326.2390091386928,328.8559265136719,1569400
2024-09-10,330.7800859537332,334.81129324135287,329.25034822345106,334.5226745605469,1655700
2024-09-11,333.2334400164021,337.42821755435904,329.2695867890796,337.03375244140625,2121700
2024-09-12,337.19730548580947,339.0637845298985,332.11741132483627,336.6296691894531,2182100
2024-09-13,337.7938339322941,338.1113145003774,335.57138187269044,336.3314208984375,1812000
2024-09-16,337.5436494235924,341.5267632865707,336.3795149583614,340.6993408203125,2536400
2024-09-17,341.64221145350217,341.815382658071,323.5643180088989,324.26666259765625,4528800
2024-09-18,322.30399731443856,326.1524032525214,320.34130206493427,323.43927001953125,2150800
2024-09-19,327.1144939019461,327.48009715171514,319.63897618479626,322.5348815917969,2645700
2024-09-20,319.72553271605204,323.6028000431999,319.2925753573294,323.47772216796875,5231000
2024-09-23,324.5937680295774,326.57569452195486,321.38995399450823,326.3544006347656,1998500
2024-09-24,325.1325779203686,327.7110028513903,322.5733844490683,326.7489013671875,2842900
2024-09-25,322.43868773889704,326.87396124335345,321.49581776637876,324.2762756347656,3552700
2024-09-26,341.5556479609034,350.19530026170776,336.4468915683902,342.3253173828125,4454800
2024-09-27,342.82560756537146,344.759440936347,336.06203533312686,336.4468994140625,2575200
2024-09-30,335.29231246794285,340.64159349731733,334.54187460730407,340.0835876464844,2424900
2024-10-01,341.5363777552933,341.5363777552933,336.639284992528,338.6404724121094,1827300
2024-10-02,339.3427699876778,343.65299474599584,338.0246957930169,342.787109375,2421300
2024-10-03,345.9235458007156,350.6378661382776,345.7118823187801,347.54949951171875,3646300
2024-10-04,350.3973672189315,353.8513079739016,346.1833580813614,348.5116271972656,2131400
2024-10-07,346.3564764580996,348.28067910508906,342.363761837797,343.2777404785156,1536800
2024-10-08,345.90434531768955,346.98189428185145,343.97051193960897,346.7221374511719,2348300
2024-10-09,347.29942571545297,352.5717233823752,347.0973632514073,351.2440185546875,2046400
2024-10-10,351.2053622237914,352.08444179228707,346.7133862040974,348.79998779296875,2088000
2024-10-11,350.2006807589836,351.05078094206766,347.82428577846525,348.4811706542969,1436500
2024-10-14,349.2925996956448,353.19531870624564,348.8868888489055,352.2099914550781,2256500
2024-10-15,353.0118021205278,358.39252719169497,353.0118021205278,356.1320495605469,2955900
2024-10-16,353.26293819266476,360.1989366938945,352.48046638439166,359.60968017578125,2110700
2024-10-17,360.3245270141378,362.74924036963296,359.1459844865064,362.4014587402344,1906900
2024-10-18,362.7492750805235,364.5074046911943,360.9524670311451,364.0533752441406,1893300
2024-10-21,362.25655955878347,364.5170369527686,361.49339748543565,363.2515563964844,1785100
2024-10-22,361.88948683823014,362.12132161452655,358.5180950506847,359.1556701660156,1740200
2024-10-23,358.2379201142968,359.8222029381967,355.7166286325101,358.0350646972656,2211800
2024-10-24,355.0114670280213,360.74961391475233,351.38890103793943,351.85260009765625,2311800
2024-10-25,351.630391516519,353.0311287694369,347.37025054317616,348.53912353515625,2129300
2024-10-28,351.6303933855271,354.5187764688572,348.1430841292471,349.0414733886719,2717700
2024-10-29,348.6454112676777,352.6736881010672,346.84860322389716,350.7030334472656,2642900
2024-10-30,345.83426710880184,346.6360486672645,333.60448194656624,334.7926940917969,3916800
2024-10-31,332.9186576625876,336.0388757129523,330.9769528093259,333.1022033691406,3078200
2024-11-01,335.15014103786115,336.12582822589593,333.11182861739,333.9233093261719,2579800
2024-11-04,333.5272698186392,334.8989983994703,329.97230239167413,332.2134704589844,1931300
2024-11-05,331.14119026418103,335.61385658935075,330.5808835320224,333.7494201660156,1553900
2024-11-06,343.80566788141937,345.0904878356463,341.0042226565486,344.0278625488281,3009700
2024-11-07,345.83430996184774,349.6983804642147,344.18242807663097,348.45220947265625,2250500
2024-11-08,348.5101031320114,350.43249789492984,343.0521104621045,343.44818115234375,2289500
2024-11-11,342.93622201765186,348.38457501950927,342.0668121396257,345.1580505371094,2985200
2024-11-12,345.4865771303826,349.8239870786177,344.8200225729252,348.3556213378906,3233600
2024-11-13,347.3219771634125,358.0447784505391,346.83896836201507,357.6390380859375,3353900
2024-11-14,358.759612495169,359.3585386760798,348.76132467622307,349.7659912109375,3503000
2024-11-15,348.0368097429942,348.0657890909403,336.995235967755,341.5548400878906,3614700
2024-11-18,341.5548230559496,343.4192298020548,339.8642923888509,340.80133056640625,1759900
2024-11-19,339.3136767632038,341.9412457738719,338.09648517222365,341.92193603515625,2447000
2024-11-20,341.69007860521367,345.1870576163349,339.7000846985478,344.9359130859375,1792700
2024-11-21,347.3026339125379,351.1473945400201,346.13376088126864,348.7806396484375,2240100
2024-11-22,346.066122444953,352.24865843452415,345.1387538387239,346.47186279296875,2211100
2024-11-25,347.76631082113306,351.7752776747736,346.317284526045,349.0124816894531,3054800
2024-11-26,349.68869355989494,352.14238646209265,348.36525419516954,350.8382568359375,2106100
2024-11-27,351.7077037439475,353.2436977970486,348.61646485818454,349.85296630859375,1657000
2024-11-29,347.91122592363257,352.59641708789013,347.7663291825766,350.0557861328125,1311300
2024-12-02,350.4421753315999,351.01212214735006,344.82961573525427,349.09942626953125,2445500
2024-12-03,336.94688899086873,342.2986341443182,334.8409779362979,340.559814453125,3044700
2024-12-04,341.65143078218824,349.80459156500524,341.1104338465195,347.7952880859375,2074000
2024-12-05,343.9698755931613,346.7036922841756,342.82998196117745,345.9598693847656,1821300
2024-12-06,352.8861640314454,359.2425753856453,349.26359858020345,350.3745422363281,2332100
2024-12-09,348.20105370222194,353.56243955906643,345.93090645922285,347.2833251953125,2185000
2024-12-10,346.3366177554787,353.9005520379844,344.955219669119,350.5677795410156,2157800
2024-12-11,351.4854996876164,354.1323784027826,351.0797593356959,351.475830078125,1541300
2024-12-12,349.03175945515284,349.69831384827705,343.3225928378136,347.9401550292969,1834200
2024-12-13,347.36059035058804,348.5005135064346,344.1437647629681,346.4911804199219,1808700
2024-12-16,347.33161338379523,348.75166042314305,344.336982433247,344.9262390136719,2306300
2024-12-17,345.21600923027677,346.2979736239372,341.02349670158196,345.1580505371094,2479100
2024-12-18,345.15807616963906,347.18671902269716,335.32402409172624,335.79736328125,3232900
2024-12-19,352.59637297078734,364.10164445935874,350.84788372627736,359.5130615234375,6075500
2024-12-20,358.10270264847736,359.4261419199227,349.69833852163543,353.9198303222656,7013100
2024-12-23,348.3265838323807,350.62571024318146,343.6414224522954,346.5780944824219,3549300
2024-12-24,347.7180399227585,349.6500750839229,346.3559515964756,349.3409423828125,1075400
2024-12-26,348.1044332268756,349.6500672171352,346.8679319307712,348.18170166015625,910500
2024-12-27,346.58779301107813,348.1817161534216,341.97023006679797,344.0761413574219,1195700
2024-12-30,340.62742251210847,342.5787967639402,337.3623080683445,340.5115051269531,1490100
2024-12-31,342.9169255365315,343.0135037085338,338.5215279313189,339.8353271484375,1748600
2025-01-02,341.1008014773273,342.7526832268721,334.3483187822821,336.96624755859375,2253600
2025-01-03,338.1061439037678,342.7623555894236,337.22706439195605,341.8253173828125,2029700
2025-01-06,340.82064675141703,342.44354914720964,337.7680277799887,339.39093017578125,2356300
2025-01-07,343.2743556710857,350.8769093690871,341.78668033154446,344.2790222167969,4663100
2025-01-08,348.732353264096,351.2440049177803,343.27435972545675,345.573486328125,2216900
2025-01-10,342.96521236399144,345.834285689857,336.8889536709296,337.9032897949219,2830000
2025-01-13,333.401620544521,338.9852004491927,332.6674378194488,337.2753601074219,2711200
2025-01-14,339.27502283317847,340.54050349266066,333.8846577587942,337.1304626464844,1825400
2025-01-15,340.3763289883539,343.12948522024016,337.19812262688777,337.8453674316406,2624000
2025-01-16,338.67961357156247,342.6959368511772,336.63266832939416,340.0863037109375,2025800
2025-01-17,344.31603650619377,346.333879133979,341.3959570710115,342.0556335449219,4064800
2025-01-21,338.81541564465493,346.1980365464141,337.6027620453541,345.7712097167969,3098600
2025-01-22,347.5368570945256,349.4092170013602,344.2384447867548,348.380859375,3155800
2025-01-23,347.39131184343245,352.4650653581263,346.9644553914298,352.4068603515625,2111100
2025-01-24,351.3203223472926,353.1247367363143,349.3897576381353,351.5822448730469,1827800
2025-01-27,348.58455651700353,362.6804406242964,348.2061943871763,362.0013427734375,3855600
2025-01-28,360.8857389787826,370.6063603222188,359.67308528597755,367.0848388671875,4052700
2025-01-29,368.52061195416957,370.4899604208257,362.03048684460055,363.23345947265625,2345600
2025-01-30,366.7064903895478,374.3801667966922,365.4647341460058,369.37432861328125,2218600
2025-01-31,369.3743241856972,375.4375928033219,368.2975018899929,373.4488525390625,3104400
2025-02-03,369.7526417401737,375.10770927897454,367.2303163784501,373.7010192871094,2792900
2025-02-04,370.1115968438088,380.72474373227834,369.1802575441578,379.9195251464844,3166600
2025-02-05,379.14346442017086,386.44848916496045,378.75542115519494,386.3514709472656,3463400
2025-02-06,383.3926074335106,385.99252987311877,374.38986750669454,375.7674255371094,2828000
2025-02-07,377.37785042813397,378.8621374473852,373.8465884652696,374.4480895996094,2437400
2025-02-10,376.6404832183009,378.34790889640726,373.68162038848226,375.3308410644531,1771300
2025-02-11,373.4973405004504,378.68750427012384,372.4205182230399,378.357666015625,2121000
2025-02-12,374.5159500296592,379.81284261075365,374.46745572486566,377.212890625,2251000
2025-02-13,376.999441688992,379.2307420972051,373.23538974849015,377.8919677734375,3387300
2025-02-14,378.3479301216676,379.31805301941546,375.85470716906326,376.4076843261719,2024700
2025-02-18,373.13838192241633,378.8232879994586,370.09218175535545,375.9808349609375,3701100
2025-02-19,374.4577100117138,380.30754962257487,372.9540314340679,378.56134033203125,1438000
2025-02-20,376.28157332257905,378.3479398850333,372.76973307903603,373.34210205078125,2252400
2025-02-21,368.64674073681863,371.3339707941,353.0568569902659,353.37701416015625,3751700
2025-02-24,353.5225065416847,355.9672057091555,350.2725887492442,353.0374450683594,2755800
2025-02-25,350.2919853328378,354.6575386523716,348.75920408275493,352.10614013671875,1947600
2025-02-26,351.8635644272953,352.1643001379638,346.19802101247063,347.6435241699219,2267500
2025-02-27,347.3525322370096,350.8158784915808,344.75260967299175,346.2077941894531,2735400
2025-02-28,346.47941800241375,348.4099828735678,332.17981468435306,338.0878601074219,5768000
2025-03-03,338.980375930892,341.4735694245981,332.7618842372283,334.6827087402344,3011100
2025-03-04,331.95667850274197,338.8057444620392,331.78206346946683,335.4491271972656,3156300
2025-03-05,334.90585932876064,338.37888660160263,333.1984333948652,337.85504150390625,2578500
2025-03-06,334.2267534974687,336.7296873283189,329.6671933219889,331.6268310546875,3467600
2025-03-07,328.8716811531075,332.645473652051,325.874004780249,331.9566650390625,4459900
2025-03-10,328.76499414818534,329.7447982357103,322.5949965394641,325.2822265625,3454700
2025-03-11,323.1285416781521,324.43821359202127,315.8235169919434,317.9966125488281,3390000
2025-03-12,318.68541012613804,320.14059464726193,313.24303422792093,314.6399841308594,3086200
2025-03-13,314.019102553743,314.019102553743,305.2103695183706,307.5968933105469,3667400
2025-03-14,306.95661675632994,309.3722135113436,304.8999607682761,309.29461669921875,4086000
2025-03-17,310.4393056597268,316.96824296497067,310.051262448812,315.97869873046875,3518100
2025-03-18,313.9705801010468,315.338427295703,309.9445465027845,314.3877258300781,2811300
2025-03-19,315.47424645999206,316.9682439125697,311.4773451246019,314.7757568359375,4314100
2025-03-20,287.3019134124768,297.68224109768164,282.800558198992,291.9197082519531,10699500
2025-03-21,289.14512443627393,296.46957024506094,286.748919639869,296.19793701171875,11735300
2025-03-24,298.8949065706356,301.1843826731656,296.06213434285957,298.00238037109375,3793200
2025-03-25,298.3612876295741,303.13430534935304,296.29495071052634,299.67095947265625,3890400
2025-03-26,299.7971280185181,303.4059869856007,299.78741731406103,301.8634948730469,3669700
2025-03-27,299.9814294618896,303.6484931469723,298.29342494828444,299.3120422363281,2871000
2025-03-28,299.16650328365046,300.8060133456873,294.7621370479786,295.23748779296875,2377500
2025-03-31,293.4136878714993,303.7551721059487,291.42491812964215,302.7171630859375,5511900
2025-04-01,302.2903265698486,306.57825356334297,301.68885505901665,304.2111511230469,3503900
2025-04-02,300.49560144270885,308.4991162511103,300.49560144270885,306.8789978027344,4123000
2025-04-03,298.7978592544968,302.47463340962315,291.977896313537,292.4532470703125,3614800
2025-04-04,287.9324454961269,290.11522187419797,276.0969646762876,276.543212890625,4659000
2025-04-07,270.6060999181724,284.2848395291978,266.7935238036241,276.2134094238281,6333600
2025-04-08,281.6169984598829,284.2751258597265,268.41360976155767,272.98291015625,4730400
2025-04-09,271.63444349323606,291.47347094068897,270.5867236663163,290.97869873046875,6702200
2025-04-10,285.13885638290236,288.6778704241012,271.3630386369667,278.0705871582031,4578600
2025-04-11,275.49672331173673,279.12347749008785,269.793385559729,277.2126159667969,5019500
2025-04-14,282.65274709811746,285.9090215754838,279.45496625337483,282.5260009765625,3299300
2025-04-15,281.6680497888073,284.75857241817187,280.13739700572114,281.42431640625,3273200
2025-04-16,282.19451838372925,285.1680537093987,276.62762658003595,278.09002685546875,3183900
2025-04-17,278.3630449810709,279.4842424804364,274.70704379430623,275.27252197265625,2321500
2025-04-21,275.2627420279827,275.2627420279827,269.0621787714975,272.230712890625,2835500
2025-04-22,274.34630497004434,277.95357113692455,273.12763798834317,276.8421325683594,2499500
2025-04-23,287.2641684349403,289.4967746253107,279.7766858104886,280.9368591308594,2763100
2025-04-24,277.8560498393379,284.4466098756604,277.6025576063687,284.1053771972656,3271400
2025-04-25,284.2126158830702,286.64022063809966,281.77528202438117,286.0357666015625,2919200
2025-04-28,287.1374163632357,288.63882235013335,282.62349905149864,285.8992614746094,1865200
2025-04-29,288.20986711728676,291.5441531325339,287.4104144217592,290.9884338378906,3251900
2025-04-30,287.86862023161,292.0413346591915,284.3978591541175,291.6513671875,2834700
2025-05-01,293.2697453280788,297.1207445747817,291.0176513112059,292.99676513671875,2848600
2025-05-02,297.3547376510649,298.66114505928414,296.25305796098905,297.67645263671875,1810000
2025-05-05,295.82405113901416,301.6541639114243,295.80456318085106,299.99676513671875,3548600
2025-05-06,296.24327756504914,298.28091475227757,295.59984764052433,296.1847839355469,2719400
2025-05-07,297.15974676990464,300.367286616474,295.86309818443857,298.41741943359375,2647700
2025-05-08,301.25446895581433,305.3979365709024,300.27953539932304,301.1374816894531,2861600
2025-05-09,302.2586198692848,303.7795136889686,299.0121045337389,300.1820068359375,1844400
2025-05-12,308.53723538923475,314.38683694765984,307.45504362956785,314.016357421875,3271300
2025-05-13,313.85064778354183,317.5456248255152,313.4996562047983,314.4453430175781,2775500
2025-05-14,313.4801281094375,314.0260884930406,309.93135586340765,312.3784484863281,2417100
2025-05-15,312.19323446248956,315.8784822317555,311.7447733431388,315.1082763671875,3050400
2025-05-16,309.463432694829,310.0873747199939,301.96619102046,309.7266540527344,3968000
2025-05-19,307.87429673200774,312.8464641532751,307.17234333426865,311.3840637207031,2247300
2025-05-20,310.4773184883478,312.3004393988204,309.434162240517,312.1542053222656,2930500
2025-05-21,309.092942216644,314.76703288757676,308.4884881737269,309.7558898925781,2788000
2025-05-22,309.5511578853459,311.18903909233796,308.1180043910752,308.5177307128906,2996600
2025-05-23,303.3115629151219,303.9160467092235,300.1527877292097,301.8199157714844,2947200
2025-05-27,305.6611582469074,307.7865360143144,304.1890288068076,307.5232849121094,3248900
2025-05-28,306.860336297946,309.4341751632392,306.1778709087092,308.0692443847656,3437600
2025-05-29,309.5608675475276,310.4383314807326,306.88955933584725,309.765625,2557800
2025-05-30,310.1848864944373,310.9940683141092,306.2168994899015,308.87847900390625,4012700
2025-06-02,305.768431168628,307.04559181043464,303.40907875436574,306.5873718261719,2340400
2025-06-03,305.1542009656195,306.11937565870085,302.81436639755543,305.05670166015625,3678200
2025-06-04,307.2112910358372,308.8492019818399,306.50936745519203,308.4689636230469,2337800
2025-06-05,309.34640409791524,309.9898638124432,305.55392805261374,307.47454833984375,3787400
2025-06-06,310.43833991121454,312.12495583405274,308.4494672292718,309.6876220703125,2309500
2025-06-09,310.03864366497703,311.2280638471127,308.1180232828221,308.6834716796875,2291300
2025-06-10,309.6096684156838,313.62639006032066,309.0539491267848,312.8757019042969,2356100
2025-06-11,312.87569118949517,313.7043609134676,309.87287916301085,311.2182922363281,1859000
2025-06-12,309.541426702751,310.6333476050323,308.1862546793964,310.1556396484375,2194500
2025-06-13,306.4411375882733,309.35617954376227,303.47733110101075,303.89654541015625,3102600
2025-06-16,306.4508361816406,309.10265651093624,304.9787068177611,306.4508361816406,2930000
2025-06-17,305.1249665652747,308.03027937168105,304.03304570592013,304.2085266113281,2533800
2025-06-18,306.324121484627,306.324121484627,298.2029086652049,298.70013427734375,4593100
2025-06-20,274.3755561079825,281.62906447749486,266.3421127589448,278.216796875,11697400
2025-06-23,278.8310054455773,287.92712270690095,277.1053837102285,287.60540771484375,5454900
2025-06-24,288.2683636122241,294.0887184731705,287.615174752839,293.1820373535156,4940500
2025-06-25,293.4549922188464,294.0886930621525,286.9716902017428,287.2154235839844,3164500
2025-06-26,289.15555084870067,289.5162715177815,285.26557533250946,288.6583251953125,3634000
2025-06-27,288.4633487148933,289.26280138087714,285.6457764235397,288.0538635253906,4159500
2025-06-30,289.30175735587807,291.51487544321134,288.32682385558587,291.39788818359375,3136800
2025-07-01,290.64719222892853,296.5650461618716,290.46195246971797,295.0343933105469,3565600
2025-07-02,295.57059269695816,295.57059269695816,290.84215942484076,294.712646484375,2748500
2025-07-03,295.4048781865201,297.647213545637,294.7126836673755,297.1402587890625,1616100
2025-07-07,295.921572488866,297.14999825467044,291.7878638520271,293.00653076171875,2753300
2025-07-08,294.1861806765862,300.05526957682525,292.9772726695372,295.7265625,2890500
2025-07-09,295.5608475055293,296.5650278342706,287.40065875843345,289.9452209472656,3177400
2025-07-10,286.14356333811645,286.6922542441161,280.01975420739547,282.537841796875,5197200
2025-07-11,281.41110749754773,281.93040539069784,274.7679995901671,275.3852844238281,5077100
2025-07-14,275.02276223351214,275.2677146363778,271.35828385509575,274.3368835449219,4281800
2025-07-15,275.36568742966864,275.4342513738718,270.3882381143848,270.49603271484375,3970300
2025-07-16,271.162288947011,274.6112077474287,270.45682488540126,274.0233459472656,3176400
2025-07-17,275.0815165011895,277.4134678901274,272.63199275674435,276.9921569824219,3513000
2025-07-18,277.5212624799134,278.08956879464023,274.97378143237745,276.7374267578125,4207400
2025-07-21,277.79559640723465,278.85380747957174,276.48265518159894,276.7472229003906,2955600
2025-07-22,276.1103168723039,281.2739322936278,276.1103168723039,281.1661376953125,3614500
2025-07-23,283.89001748703726,285.1245871234474,280.00997993156807,280.2647399902344,2953400
2025-07-24,276.0907496104856,278.6578459942381,273.6314179307242,276.02215576171875,3952800
2025-07-25,276.11032604573444,278.5598499812055,274.8953717421937,277.4330749511719,2632300
2025-07-28,274.53283570196487,275.3166713685376,270.14327822548137,271.4464416503906,3693900
2025-07-29,271.84815404839856,273.3276460403709,270.9565238273224,273.26885986328125,3492600
2025-07-30,272.8769467207637,273.06311291853905,266.89032500714444,268.4678039550781,4272700
2025-07-31,265.5283738632888,268.35023000074835,260.75670639395685,261.7071228027344,4794100
2025-08-01,259.2870046960328,259.75729414076113,249.06758336658766,250.21395874023438,6042400
2025-08-04,252.86923609892344,253.90786173365447,251.42891486099748,253.55511474609375,3470600
2025-08-05,250.5764896318644,250.6352758103894,240.77839452552163,242.08154296875,10175900
2025-08-06,242.69881107262637,243.08093618103524,239.07351889913326,242.5420379638672,8064700
2025-08-07,243.18873088261518,246.25553960327076,234.97793689980656,236.83956909179688,7246300
2025-08-08,237.7605851891701,238.01533028584188,233.22406226098673,234.3704376220703,3810900
2025-08-11,233.19467397216124,236.9375536467094,232.1756786137874,233.7923583984375,4675000
2025-08-12,234.1058869834579,237.5254276715246,231.89152279805188,233.06729125976562,4832300
2025-08-13,233.9295166184664,241.74839219191412,232.51858855543992,240.71958923339844,5278400
2025-08-14,239.60262448542392,241.68962364343682,237.4568540963222,241.18992614746094,4928200
2025-08-15,240.77838831380862,244.36447966767736,240.77838831380862,242.02273559570312,4223400
2025-08-18,242.012961181318,245.9224067057324,240.15132899866774,244.09996032714844,3776000
2025-08-19,245.47168182604233,252.41852784720757,245.34430180215267,250.7136688232422,4555700
2025-08-20,251.8502628480734,255.13263092177976,249.84165021867284,249.9004364013672,5069900
2025-08-21,249.85143392302865,249.85143392302865,245.6676429805509,248.86183166503906,2670200
2025-08-22,249.5477004399748,256.8766867488636,249.33214113967173,253.98623657226562,3102600
2025-08-25,253.9862278764185,254.48594030578826,249.89061626159136,250.88021850585938,2358600
2025-08-26,250.18456815343924,251.50731703280252,248.04859050015276,250.26295471191406,4884400
2025-08-27,250.94880986326206,253.07500968154676,250.28254656497893,251.92861938476562,2239000
2025-08-28,252.79085625884318,252.91823628071916,248.8324323748064,250.99781799316406,2984900
2025-08-29,251.73267749014633,255.12281009001416,250.9194188358231,254.72108459472656,2805800
2025-09-02,252.64389081106842,255.14239312747992,246.89239875993894,250.99781799316406,3537800
2025-09-03,248.09759201102165,249.66527837921842,246.24575249030337,249.0186004638672,2934800
2025-09-04,248.15636200787458,249.55748244903836,242.88498199136419,247.83302307128906,4165400
2025-09-05,247.82322495961026,253.4277368416971,245.13855633230725,249.8024444580078,4235900
2025-09-08,250.12577423364579,250.83123828738562,244.43308328806472,250.40992736816406,4707800
2025-09-09,249.85142769496494,250.79205141283344,244.79560698167367,246.90220642089844,3456400
2025-09-10,246.95119994055761,246.95119994055761,235.80097708773744,238.20150756835938,5117500
2025-09-11,238.29948110722597,239.62221499529466,237.45684431786154,239.22048950195312,4644500
2025-09-12,239.56342616435265,240.29828329982612,233.20445703646777,233.7237548828125,5637500
2025-09-15,235.81076097090246,237.3588618432633,231.15666564064242,233.06729125976562,5385900
2025-09-16,232.7145501869041,233.9295193555496,231.06847739458428,232.0286865234375,6464100
2025-09-17,232.93012158495617,240.24930016506408,232.20507208189642,236.3692626953125,5248200
2025-09-18,237.09429350471532,238.42683499397276,233.12606212525185,234.71336364746094,5698200
2025-09-19,234.6839930157713,236.10471390590234,229.45179853554015,234.8603515625,11522600
2025-09-22,235.01712070591242,237.59402462248153,233.77275838356405,235.14450073242188,6070400
2025-09-23,235.65397255684124,236.33004348987964,229.3734051551286,230.74513244628906,6777800
2025-09-24,231.89152405226,235.22288548762526,230.99010106171377,234.25286865234375,6855400
2025-09-25,233.67478024162773,237.1139063104043,224.76830024949717,227.864501953125,10401100
2025-09-26,227.9036987515232,236.42803852625627,226.38499101591572,234.14508056640625,8163200
2025-09-29,235.64419274581107,244.0999538019556,232.45981176275956,242.01295471191406,7837500
2025-09-30,241.61122505122782,247.00998505482787,240.4256639088271,241.62103271484375,8966400
2025-10-01,240.30807571879262,243.9627759659195,234.87014488350536,238.7893829345703,6545100
2025-10-02,239.9651606074439,243.16912707315402,238.3386731654013,239.4066619873047,4323200
2025-10-03,239.93576373666676,241.4838645961912,237.760585372714,240.36688232421875,3384000
2025-10-06,241.03314736306146,243.39449194775548,237.16290266180414,243.15933227539062,3400900
2025-10-07,244.09995592974087,247.72524824421313,243.19853294538126,246.1575469970703,5930400
2025-10-08,246.62786031843035,248.54827860103688,242.64982111733187,247.87220764160156,5672000
2025-10-09,248.3915083376094,249.03818621497913,244.5702571544372,246.95118713378906,4427400
2025-10-10,246.5690534433717,247.84280877704865,235.84995012636494,236.07530212402344,4548800
2025-10-13,237.33926178998485,239.03434306656433,235.02691066682016,238.6424102783203,3572500
2025-10-14,237.1726936666141,241.10173947069205,234.7133771158462,239.2694854736328,3788600
2025-10-15,238.9853447179922,242.3166911211353,234.23326254370497,234.87014770507812,4118100
2025-10-16,234.96811924459772,235.24246471489488,229.03047592919876,229.29502868652344,4800800
2025-10-17,229.6183734908331,234.29205426899654,228.88351633003555,233.57679748535156,4436100
2025-10-20,235.25227725154454,239.25969469419306,234.8995452180408,237.29026794433594,3495200
2025-10-21,237.62341858929895,247.00018830065466,237.62341858929895,245.45208740234375,4475500
2025-10-22,243.59045859198568,245.98119634271382,242.17953041446037,244.10975646972656,3899900
2025-10-23,241.09193429829634,245.04056556937115,240.48445716450243,244.76622009277344,2885700
2025-10-24,244.96217715698302,246.02037325186535,242.12073547771706,242.6498260498047,2793900
2025-10-27,244.40368445461792,247.15694676181388,242.19911307616766,245.7068328857422,3033200
2025-10-28,244.95237342673667,249.53787468094612,244.15873012894707,248.2347412109375,3425100
2025-10-29,248.03878362605198,250.28255588625575,242.5028656036654,242.74781799316406,5780700
2025-10-30,240.84698206712395,246.79443318662098,240.52364312291684,244.217529296875,3982200
2025-10-31,244.61925067768232,245.81461949950673,243.05154945049085,245.0503692626953,3847800
2025-11-03,244.4918626652548,244.4918626652548,238.03492166621623,243.4238739013672,4196300
2025-11-04,241.98355948042337,243.5512607000266,236.2026892657117,237.9957275390625,3688300
2025-11-05,238.46604952051678,243.96278161238428,237.8585574420609,242.81640625,3631800
2025-11-06,242.72820630694792,243.649229640665,235.3306414986043,236.46722412109375,3512400
2025-11-07,235.15429128306263,241.57204680613768,234.60560032884865,240.79798889160156,4047400
2025-11-10,242.34608880477964,243.24751179035644,235.54620818347968,239.6124267578125,2818600
2025-11-11,239.94555565957248,239.94555565957248,233.7139664389041,237.66259765625,3766700
2025-11-12,239.0735275203493,241.9835630472888,237.41764700729604,241.5524444580078,3230700
2025-11-13,240.4746501243471,243.56105917013778,239.3870758790398,242.5714569091797,3703500
2025-11-14,240.80778516654496,244.1195311123385,239.16169743104732,240.25909423828125,2845000
2025-11-17,239.0049391264185,240.0337421559889,235.73237877964297,236.4574432373047,3187800
2025-11-18,236.19289262741805,236.86896362304688,232.63617910295727,235.154296875,3375300
2025-11-19,235.15428257203635,239.44585301320214,235.15428257203635,236.2124786376953,2554600
2025-11-20,237.88794852210364,239.80838177365825,234.70356755881707,235.92832946777344,2905500
2025-11-21,236.99632794265054,248.84222127438073,236.4182289719464,246.76502990722656,5959400
2025-11-24,245.9224090818942,246.2555407471523,238.3288849228751,238.70120239257812,5596900
2025-11-25,240.05333168192536,246.59845207960757,240.05333168192536,244.1979217529297,3664500
2025-11-26,245.22672462681297,246.8532120125931,241.90517096345587,242.84579467773438,2389100
2025-11-28,242.49307593889534,246.37311346493664,240.18072475492954,244.952392578125,1493700
2025-12-01,248.01919180957847,253.67268204904482,245.95179309744483,252.23236083984375,5025100
2025-12-02,252.5948899832083,257.6507108484528,251.81105430391753,255.7498779296875,4966400
2025-12-03,256.6905092205107,268.52659508422806,256.46514226604506,267.3410339355469,6961900
2025-12-04,270.72135170407324,275.04231516832334,263.73533511684866,263.9018859863281,4119400
2025-12-05,262.68694998804153,265.52839174226995,260.6979377699402,261.2074279785156,3785400
2025-12-08,260.36482005541194,263.2062619618694,259.6593559357507,261.1192626953125,3218800
2025-12-09,262.52037242913633,266.90012242837463,261.85410909403,264.08807373046875,3515000
2025-12-10,262.9612898273956,268.11509758992776,262.6379359335454,266.7237548828125,3580500
2025-12-11,267.65458696588706,272.0441145971684,264.26442440608184,264.9111022949219,4063100
2025-12-12,266.46897469189946,267.9191034698478,264.84248738595267,266.0770568847656,2983800
2025-12-15,270.42741253140673,270.81933033740177,265.5479506277448,269.1144714355469,4041700
2025-12-16,275.45385886793775,275.45385886793775,265.3618027345727,266.5473937988281,5503300
2025-12-17,267.14508484112054,273.7392142970959,266.5082145733425,268.21307373046875,5586800
2025-12-18,259.64952206346584,266.8707134211557,256.22018875319367,264.5093688964844,6923200
2025-12-19,264.5485718782283,271.2210723545994,264.5485718782283,266.7531433105469,8375700
2025-12-22,266.12607164156,267.2920474600314,262.44200787107184,265.205078125,3289500
2025-12-23,264.3722079438489,266.18486150926196,263.3531976857583,265.3030090332031,2598800
2025-12-24,264.5779702158985,266.4298246084566,264.29381707547867,264.52899169921875,1062700
2025-12-26,264.45060134868635,266.2632550635326,264.05868349446934,265.6165771484375,1411900
2025-12-29,265.5087941563959,267.7525364253242,264.4995915481361,265.86151123046875,2753800
2025-12-30,264.9698643570904,266.91970551004636,264.07823416279217,264.5485534667969,1784800
2025-12-31,264.2938322706365,265.4598080882281,262.8829040527344,262.8829040527344,1973000
2026-01-02,263.36302050710975,264.39180858650604,252.79086696214927,254.70150756835938,4899900
2026-01-05,255.5636921995151,261.36417744795233,254.24097332943686,258.6501159667969,3538200
2026-01-06,257.7192892295881,270.41761186094254,256.7982659159068,270.35882568359375,4080100
2026-01-07,270.4372544588084,276.1789243025619,266.40044373291477,268.4482421875,4303300
2026-01-08,266.75312948107126,280.7840083347984,266.6257494651372,276.1299133300781,5268900
2026-01-09,276.2670760263673,278.65781357925835,271.7305532936157,275.0031433105469,3135900
2026-01-12,273.89594925197207,275.70860276258014,271.0250847626534,275.2872619628906,4086400
2026-01-13,273.2688792416453,274.8365805118354,267.48800884039593,271.2112731933594,3622800
2026-01-14,271.0251129292245,285.212766378532,270.60380198716206,282.7142639160156,6421700
2026-01-15,282.1165509450835,284.8012493916583,279.4514678260239,281.95977783203125,5743500
2026-01-16,279.66702418433573,283.32172445932116,275.0717151423205,280.4312744140625,5702500
2026-01-20,276.737415229684,281.4698822600232,266.72376030469394,267.203857421875,5656100
2026-01-21,269.4476124876381,279.7748129895599,269.3986339732055,275.0521240234375,4232200
2026-01-22,278.09932325705034,283.1649516384854,277.6682345770051,279.3338928222656,4379200
2026-01-23,278.59904706729526,280.16674834563247,274.0331309235425,275.39508056640625,2565300
2026-01-26,277.5310524873876,278.8439936841538,270.5646210035781,275.0423278808594,3169300
2026-01-27,274.3466571300153,274.3466571300153,268.6245732980445,270.2314453125,2937100
2026-01-28,270.25106677268064,273.03372219855504,262.451761528244,264.9698791503906,3735200
2026-01-29,264.029290918764,265.7243722707983,252.17358892168951,255.94586181640625,8227500
2026-01-30,255.9458642193201,259.1988392589064,254.6525083744606,258.3170166015625,5457900
2026-02-02,258.2190306614721,263.71574817128663,256.85708096318336,261.4034118652344,3427300
2026-02-03,244.40370288716193,246.47110168934574,233.33185169467095,236.33987426757812,9119200
2026-02-04,233.03789368055442,240.12192730603238,227.16884419821778,236.77096557617188,7633800
2026-02-05,235.61480948686125,239.78879289039614,228.0310780008479,228.86392211914062,6108300
2026-02-06,227.6097570041504,236.22227620191828,227.31581115475717,235.7617645263672,5026300
2026-02-09,230.83333042058217,234.174484604999,227.17864495164784,231.97970581054688,4770300
2026-02-10,232.67537914820244,238.68161658011763,230.25524832085853,235.99693298339844,5673200
2026-02-11,237.0355128965478,237.417638004246,224.20981010533416,225.77749633789062,6076200
2026-02-12,225.60114666654388,225.60114666654388,210.8158242907694,217.56671142578125,9719900
2026-02-13,218.7032875582705,222.7204975834911,216.45951540538056,219.7026824951172,7644400
2026-02-17,221.0646218146973,224.48416246346295,212.94200737312948,215.4503173828125,7431600
2026-02-18,214.98981042270444,219.73208507320598,212.7754462141745,219.09521484375,4968700
2026-02-19,210.65903985124402,211.91319479941816,206.79858807767098,210.61004638671875,8040700
2026-02-20,209.22851587354225,214.0589845249708,207.66082963031553,211.00198364257812,5932400
2026-02-23,207.83719107528555,209.69883813798322,195.08008186010917,197.11807250976562,10007300
2026-02-24,196.4909911253084,200.17508442451557,192.13084182772104,192.75791931152344,11119600
2026-02-25,192.3954046953837,192.84612366870806,184.9194530112652,187.63352966308594,14156500
2026-02-26,190.08304554179662,203.3006812557976,190.07325282892,203.19290161132812,10834000
2026-02-27,200.04772273827837,204.6430321199434,195.2368540501726,204.505859375,7929300
2026-03-02,201.09611499775943,204.92715892949522,200.19469201672118,201.7721710205078,7263300
2026-03-03,198.90133461516177,208.94438229893225,198.90133461516177,205.6522216796875,5818700
2026-03-04,207.52365459275012,211.18813254551497,204.39805990312848,205.75999450683594,5549200
2026-03-05,205.56404784984048,212.28554200238514,205.0741430718145,209.6792449951172,7438800
2026-03-06,210.86482420526445,214.18637805059552,207.71962890625002,210.6590576171875,6495300
2026-03-09,208.54265221513722,211.2959145420962,201.67419294234,205.13291931152344,7849100
2026-03-10,204.398072258107,204.398072258107,195.70716627283574,197.5590057373047,5163000
2026-03-11,199.34225917991301,202.50703998663334,193.66916820125908,197.4120330810547,5132300
2026-03-12,196.94171368379074,200.86095176705024,191.5331609426947,192.09165954589844,7049600
2026-03-13,193.35560586875715,196.3636282525189,191.13144903689815,192.67953491210938,4223300
2026-03-16,193.5025972534718,196.42242558424277,191.68994356970126,195.2858428955078,7832700
2026-03-17,196.206865176089,200.80217442301296,194.0708875030709,194.6489715576172,5729500
2026-03-18,194.7371438931611,195.7659468887758,190.33779372559695,191.20982360839844,8070100
2026-03-19,183.22438073343088,203.7807803321922,183.22438073343088,199.4402313232422,10613700
2026-03-20,199.39124406927988,203.2320957236057,194.48240359017288,195.95211791992188,44335900
2026-03-23,199.51861934845857,200.3220553885715,194.70775096870426,195.98150634765625,4827900
2026-03-24,193.5809702618786,194.47258554512717,186.80067535928364,189.63232421875,5113700
2026-03-25,191.5429646177421,193.2576312434626,184.860656648595,188.40756225585938,4371200
2026-03-26,187.6041238805438,193.61036082675815,187.10442642387244,192.4541778564453,4916500
2026-03-27,191.06285583043382,191.59194639134557,186.42836100084733,188.71131896972656,4890100
2026-03-30,191.0628536198242,194.56078073166475,190.28881068859837,193.56137084960938,4636500
2026-03-31,195.96191897381888,197.43163336612253,191.97408674636188,194.28643798828125,6907300
2026-04-01,193.1596396039645,194.49218109006574,188.12341949265806,193.0812530517578,4810200
2026-04-02,193.62994540283495,197.26504516601562,191.34698751151384,197.26504516601562,5518700
2026-04-06,196.9025322174105,197.6471820873739,191.39599242268653,194.93310546875,5501600
2026-04-07,194.96249432794562,196.22645698259717,192.54236361470174,193.31642150878906,3803000
2026-04-08,196.8829229483252,198.07829173211226,189.6225309789397,189.92626953125,4952200
2026-04-09,188.4836387975651,188.4836387975651,180.21309024498134,183.81971740722656,6064900
2026-04-10,183.6220927232271,183.77030449149265,175.3910624615088,177.39694213867188,7261000
2026-04-13,178.82970972151224,189.75829961882647,178.226956739667,189.66937255859375,6681800
2026-04-14,190.43022385291374,191.99145309985212,187.2583564119674,188.10813903808594,4629600
2026-04-15,190.7167796687326,194.11591031662425,189.2346016590702,191.6950225830078,4433600
2026-04-16,193.90841383866837,194.35306422606823,189.01721434478682,191.6950225830078,4849400
2026-04-17,193.5329251985083,197.27788836026798,193.48351624902713,195.30165100097656,4501400
2026-04-20,194.88663198658105,197.20871678393988,191.67524645863443,192.74241638183594,4626800
2026-04-21,192.8313535395209,197.15931816405714,191.47763577855633,192.1100311279297,4203000
2026-04-22,190.83535256143233,192.44597564799383,185.95404420061018,187.8413543701172,4081800
2026-04-23,178.84947283228564,179.23483849661457,172.7923007784163,176.1617889404297,7387200
2026-04-24,176.62621040070064,177.811949776703,171.7745441635429,176.2408447265625,4568800
2026-04-27,175.88511633048242,179.77830614929772,174.53139863071436,174.8673553466797,4411700
2026-04-28,176.47799893409413,179.18543441638184,174.88712728634718,175.63809204101562,4426600
2026-04-29,174.47211060114793,178.33564291612757,173.48399198890377,178.11825561523438,5171900
2026-04-30,176.2013195220372,176.8633571880119,171.58679229932173,176.58668518066406,6033700
2026-05-01,179.14591022275005,181.715009608349,174.90687286639655,177.69337463378906,3708700
2026-05-04,177.84158343111847,180.17354395676873,175.64795890794346,177.97991943359375,6087200
2026-05-05,178.28624437777864,178.28624437777864,171.49787394017653,176.88311767578125,5134500
2026-05-06,177.36729783875347,177.36729783875347,171.45835252799642,172.49588012695312,6813000
2026-05-07,173.98793450973318,178.59257105872715,173.5432841306659,178.04910278320312,6330000
2026-05-08,175.9147641884362,178.98781383033457,170.470235788752,178.2763671875,5696000
2026-05-11,178.3455468435347,179.13602972936167,170.17380109871962,170.30226135253906,4624400
2026-05-12,171.93265227083796,172.9207709620497,167.74302359220223,167.75291442871094,5451900
2026-05-13,165.52963515188694,166.1521396286924,153.9686503337944,157.74325561523438,13901900
2026-05-14,160.07521869084823,164.09686876799435,158.59304074000704,162.0415802001953,8723100
2026-05-15,165.48022754911207,167.5849250478839,162.97039779496743,166.81419372558594,4996700
2026-05-18,165.75690933941863,175.4404754638672,163.89924138759739,175.4404754638672,5367600
2026-05-19,177.8613633745053,182.59444524354035,174.07686700007065,174.6993865966797,7191600
2026-05-20,172.92076012642266,178.365288345934,168.25683898995624,177.0906219482422,4239100
2026-05-21,174.71914035059729,176.3495300307022,171.0729802570059,175.75665283203125,3514600
2026-05-22,176.88311918704613,180.52927952262914,175.06498443744474,177.1103973388672,3450300
2026-05-26,175.88512183582716,176.52739293512883,171.77454458331258,174.89700317382812,3822100
2026-05-27,174.89699798294313,177.4759882173168,173.94839746148077,174.2646026611328,5272300
2026-05-28,176.02345956350499,177.70325828980037,173.24684850858537,176.28036499023438,4105400
2026-05-29,176.50764236841627,186.0034633644745,173.35554140726197,184.8473663330078,10778700
2026-06-01,191.141674224318,195.64749285959445,186.74454924372995,194.25424194335938,7179500
2026-06-02,188.4243532476994,189.6199684054914,181.23085047319213,184.00746154785156,5282800
2026-06-03,180.98381485370484,181.81383089790106,174.2744808027172,175.32188415527344,4955500
2026-06-04,181.49763329129277,182.8019571960512,175.479994102735,176.7349090576172,4395400
2026-06-05,178.76055570427187,181.00357427324207,174.23497029786685,176.1321563720703,3745700
2026-06-08,174.84759190339332,178.03921091756965,172.29824397998982,172.35752868652344,3795700
2026-06-09,171.39905978872656,174.26459771108114,168.3062437315178,171.408935546875,4426900
2026-06-10,168.07898648077474,171.46822617445795,165.8557195436084,168.47422790527344,3320600
2026-06-11,165.1146397850015,168.81019405066502,161.63645776070516,165.52964782714844,5257500
2026-06-12,166.43870131118177,169.7291380963356,162.6937233307017,168.2568359375,4040100
2026-06-15,165.60868530695788,170.53938752840648,163.08897983230824,163.39529418945312,6026500
2026-06-16,163.6620994180411,167.77266160829046,163.06922218764748,163.55340576171875,4422600
2026-06-17,162.94076164818452,164.8873566222918,154.05758450920686,154.15638732910156,7563200
2026-06-18,124.99700797545336,133.0995778089563,124.10769969159402,126.45942687988281,41744300
2026-06-22,123.51483352787281,124.34484959058148,116.74622215829481,123.34685516357422,27630900
2026-06-23,123.30732903318342,126.31121067756176,122.94172241341221,125.5009536743164,23534700
2026-06-24,124.9871249933929,130.31309141272945,124.30532825633719,127.61551666259766,13775200
2026-06-25,126.82503502324265,128.25780405323474,124.18675249278755,124.32508850097656,20977600
2026-06-26,124.74998056864486,127.71433654255324,124.2163955886917,127.44754028320312,14148700
2026-06-29,129.02853619548992,130.80715279572718,122.96148823731528,123.25791931152344,17088300
2026-06-30,121.79550651166825,123.98913111369626,120.33308759740059,122.96148681640625,10984400
2026-07-01,124.70057333453096,132.22015702815156,124.55236156479572,129.57200622558594,14977700
2026-07-02,131.55812278034074,137.24968104996864,131.36050205634226,135.71810913085938,13837800
2026-07-06,134.34461453192392,136.46906353902833,131.91383608678925,135.33273315429688,6974800
2026-07-07,138.73185522029812,142.25944610897065,138.72197946149726,140.45118713378906,8702700
2026-07-08,138.0895788445274,139.94724669778847,135.5303552058284,135.55999755859375,6861700
2026-07-09,130.94000244140625,139.1300048828125,129.5,139.05999755859375,7003100
2026-07-10,141.3699951171875,142.4499969482422,134.85000610351562,135.22999572753906,7632600
2026-07-13,139.10000610351562,141.74000549316406,136.10000610351562,138.52000427246094,5377400
2026-07-14,130.47999572753906,137.75,129.9600067138672,134.55999755859375,6876400
2026-07-15,137.00999450683594,139.5399932861328,135.92999267578125,137.02000427246094,10189100
2026-07-16,138.92999267578125,145.52000427246094,135.5,144.61000061035156,9515800
2026-07-17,145.0,147.4199981689453,139.72000122070312,143.57000732421875,10575100
2026-07-20,142.83999633789062,145.58999633789062,140.0,144.72999572753906,8070300
2026-07-21,141.3300018310547,144.4199981689453,140.30999755859375,140.86000061035156,4771000
2026-07-22,140.82000732421875,143.49000549316406,138.89999389648438,140.08999633789062,4768300
2026-07-23,139.0,139.3000030517578,135.9600067138672,138.74000549316406,10362500
2026-07-24,142.5,147.52999877929688,140.7100067138672,146.99000549316406,6570600
2026-07-27,150.1999969482422,156.83999633789062,149.5800018310547,154.05999755859375,7771400
2026-07-28,156.9499969482422,167.75,156.9499969482422,164.66000366210938,10614800
2026-07-29,165.0,176.39999389648438,163.86000061035156,173.1699981689453,10917200
2026-07-30,166.72999572753906,166.72999572753906,159.9600067138672,163.2899932861328,8643800
2026-07-31,160.82000732421875,166.94000244140625,159.1999969482422,165.9199981689453,9389200
2026-08-03,170.3699951171875,171.47000122070312,165.44000244140625,165.75999450683594,6741900
2026-08-04,160.63999938964844,171.3000030517578,160.39999389648438,170.42999267578125,5792900
2026-08-05,172.25,173.27000427246094,167.44000244140625,170.72999572753906,5395900
2026-08-06,160.2100067138672,171.47000122070312,157.75999450683594,171.11000061035156,5206000
2026-08-07,171.1300048828125,176.3300018310547,170.57000732421875,175.72000122070312,3678000
2026-08-10,174.4600067138672,179.66000366210938,172.5500030517578,178.25,3974700
2026-08-11,176.8300018310547,180.3000030517578,175.5500030517578,179.82000732421875,3900000
2026-08-12,176.02999877929688,180.14999389648438,173.82000732421875,180.13999938964844,5626900
2026-08-13,181.67999267578125,185.8000030517578,177.0,178.49000549316406,9336300
2026-08-14,180.0399932861328,180.5,173.91000366210938,176.88999938964844,6291000
2026-08-17,173.0,175.52000427246094,169.75,169.97999572753906,5041100
2026-08-18,172.86000061035156,176.92999267578125,170.42999267578125,172.92999267578125,5995600
2026-08-19,172.35000610351562,185.77000427246094,172.35000610351562,183.1699981689453,5660500
2026-08-20,182.2100067138672,187.13999938964844,181.1699981689453,181.35000610351562,4383300
2026-08-21,180.97999572753906,188.4499969482422,180.02000427246094,185.27999877929688,4837600
2026-08-24,184.63999938964844,188.0800018310547,183.42999267578125,186.52999877929688,7346300
2026-08-25,183.77999877929688,188.0,182.3300018310547,186.92999267578125,4071800
2026-08-26,182.35000610351562,185.83999633789062,180.7899932861328,181.3800048828125,4376500
2026-08-27,184.10000610351562,189.92999267578125,183.50999450683594,187.3800048828125,4930200
2026-08-28,189.33999633789062,191.89999389648438,188.6699981689453,189.61000061035156,4840700
2026-08-31,188.32000732421875,191.4600067138672,186.75999450683594,189.75999450683594,4194000
2026-09-01,187.32000732421875,190.5,186.99000549316406,188.08999633789062,3409500
2026-09-02,186.30999755859375,190.0500030517578,185.44000244140625,187.67999267578125,2876300
2026-09-03,190.0,195.32000732421875,189.08999633789062,193.1199951171875,5420300
2026-09-04,192.0,192.1699981689453,186.02000427246094,186.72000122070312,5103400
2026-09-08,184.35000610351562,184.35000610351562,177.0399932861328,179.02999877929688,6099500
2026-09-09,178.61000061035156,180.97000122070312,175.60000610351562,175.8000030517578,3981100
2026-09-10,177.6300048828125,179.38999938964844,175.49000549316406,177.91000366210938,3961100
2026-09-11,179.0500030517578,184.1199951171875,178.2899932861328,183.89999389648438,2886800
2026-09-14,190.5500030517578,195.47000122070312,187.77999877929688,195.0,5322100
2026-09-15,190.52999877929688,197.6300048828125,190.0800018310547,193.39999389648438,5748700
2026-09-16,190.0399932861328,192.0,188.17999267578125,189.63999938964844,3317200
2026-09-17,189.94000244140625,192.11000061035156,188.89999389648438,190.2899932861328,2935900
2026-09-18,188.5800018310547,189.47999572753906,180.6999969482422,181.2899932861328,11664700
2026-09-21,187.0,193.75,184.99000549316406,186.11000061035156,7418300
2026-09-22,189.3800048828125,190.24000549316406,182.16000366210938,183.72000122070312,3878300
2026-09-23,185.5,188.27999877929688,182.55999755859375,183.52000427246094,4021400
2026-09-24,185.75,186.33999633789062,176.8699951171875,177.41000366210938,4634600
2026-09-25,177.1300048828125,180.0500030517578,175.74000549316406,176.11000061035156,4960100
2026-09-28,173.50999450683594,177.0800018310547,172.3000030517578,174.47000122070312,5499800
2026-09-29,173.08999633789062,177.77000427246094,172.1300048828125,177.3699951171875,4353409
