date,open,high,low,close,volume
1995-01-03,19.90354408264809,20.001590728759766,19.658425594319453,20.001590728759766,2482411
1995-01-04,20.001590728759766,20.197685894032563,19.90354408264809,20.001590728759766,2116710
1995-01-05,19.903554799059584,20.246718245215472,19.903554799059584,20.05062484741211,2290609
1995-01-06,20.00159902698831,20.246715743961097,19.903552340199195,19.95257568359375,2040089
1995-01-09,19.8545182677173,19.952564901523466,19.756471633911133,19.756471633911133,1769037
1995-01-10,19.756477294142496,20.197689145726667,19.756477294142496,19.903547286987305,2503319
1995-01-11,19.95256487708617,20.197683334350586,19.90354156024313,20.197683334350586,2206351
1995-01-12,20.148664474487305,20.197689679781615,20.050617809998275,20.148664474487305,1695546
1995-01-13,20.19769023496774,20.393783569335938,20.19769023496774,20.393783569335938,2102312
1995-01-16,20.39378596740153,20.78597455530446,20.344762628044922,20.63890266418457,2808174
1995-01-17,20.491830236520034,20.491830236520034,20.295735029101994,20.393783569335938,2983451
1995-01-18,20.344751352502318,20.54084460124923,20.344751352502318,20.4918212890625,2451487
1995-01-19,20.344755863200078,20.393779186255916,19.952567405703928,20.001590728759766,3056065
1995-01-20,19.90354408264809,20.050614051815604,19.756474113480575,20.001590728759766,4650452
1995-01-23,19.756491364401292,19.854538096125154,19.560396027902488,19.70746612548828,3248493
1995-01-24,19.8545182677173,20.00158821842655,19.70744644395884,19.756471633911133,2173925
1995-01-25,19.756477294142496,20.001593948883844,19.658428759196212,19.903547286987305,2159778
1995-01-26,19.952567405703928,20.050614051815604,19.90354408264809,20.001590728759766,2252674
1995-01-27,20.09965162142985,20.197700210087444,19.75648811680596,19.805511474609375,1715828
1995-01-30,19.8055081001579,20.05062484741211,19.70745952820577,20.05062484741211,1358641
1995-01-31,20.099634827615297,20.295728094987464,20.050611510772256,20.197683334350586,1811354
1995-02-01,20.246718245215472,20.246718245215472,19.903554799059584,20.05062484741211,2088290
1995-02-02,19.952568011595957,20.099637985229492,19.903544687051447,20.099637985229492,1657737
1995-02-03,20.19769523727476,20.63890534887648,20.19769523727476,20.442811965942383,3177006
1995-02-06,20.540853570112084,20.540853570112084,20.344760235743887,20.393783569335938,2410548
1995-02-07,20.393783569335938,20.442806902927988,20.295735029101994,20.393783569335938,1896238
1995-02-08,20.344760235743887,20.491830236520034,20.295735029101994,20.393783569335938,1669130
1995-02-09,20.393774664689044,20.4918212890625,20.29572616726656,20.4918212890625,1724342
1995-02-10,20.540858657409434,20.687928694610004,20.344765274475336,20.442811965942383,1909008
1995-02-13,20.44280930675814,20.736949342897784,20.344762628044922,20.63890266418457,1568596
1995-02-14,20.58987932482796,20.63890266418457,20.491832646114748,20.63890266418457,2016302
1995-02-15,20.736946013403493,21.129134538337194,20.63889935043251,21.03108787536621,3250496
1995-02-16,21.178160957022534,21.227184295654297,21.03109094112725,21.227184295654297,4170571
1995-02-17,21.227181201308177,21.27620453279367,20.982064543880718,21.03108787536621,5276438
1995-02-21,21.129131317138672,21.178154641150414,20.933038021091704,21.129131317138672,2191202
1995-02-22,21.17817447070259,21.717433412800254,21.12915110078928,21.619386672973633,3407243
1995-02-23,21.71741485595703,21.962533369128817,21.61936819990817,21.71741485595703,4671861
1995-02-24,21.619377250844252,21.766449169538724,21.374260508104157,21.472307205200195,2941259
1995-02-27,21.423276400299912,21.423276400299912,20.982064543880718,21.03108787536621,2784137
1995-02-28,20.98207184666959,21.521330553748214,20.933048498121572,21.472307205200195,2167665
1995-03-01,21.387344360351562,21.53552591334467,21.23916469454074,21.387344360351562,2401534
1995-03-02,21.33795150356719,21.387344726349387,20.893410611345082,20.992198944091797,2501316
1995-03-03,20.89341684124945,20.992205203452432,20.794630366229352,20.942811965942383,1538173
1995-03-06,20.74522678833099,20.893406427001498,20.69583357544082,20.844013214111328,2708643
1995-03-07,20.844013728023985,20.942802043421906,20.547654443376175,20.794620513916016,2522725
1995-03-08,20.794621764365647,21.14037617109477,20.794621764365647,21.041589736938477,3228211
1995-03-09,20.99219651986033,21.090982954016624,20.646442113131208,21.041589736938477,1798834
1995-03-10,21.140386904035335,21.68371445492357,21.09099366188032,21.634321212768555,3293815
1995-03-13,21.634312197402142,21.831885083690402,21.535525754258014,21.584918975830078,2025066
1995-03-14,21.733102798461914,21.88128249152743,21.634316336418237,21.733102798461914,2056740
1995-03-15,21.733110161245815,21.78250340900119,21.189782548753413,21.23917579650879,2470017
1995-03-16,21.14037335876131,21.733093772030735,21.14037335876131,21.683700561523438,2484665
1995-03-17,21.683706980725777,21.683706980725777,21.387345742765937,21.436738967895508,5622734
1995-03-20,21.436737582288504,21.486132691407732,21.23916469454074,21.387344360351562,2020684
1995-03-21,21.33795012215513,21.68370454642881,21.288556902570633,21.48613166809082,2948145
1995-03-22,21.486132532685946,21.584918975830078,21.189771316071287,21.584918975830078,1765532
1995-03-23,21.486138761788876,21.63431846946424,21.436743638714272,21.535531997680664,2490549
1995-03-24,21.634316336418237,21.782496029483752,21.53552987437456,21.733102798461914,2515088
1995-03-27,21.782491862118338,21.831885083690402,21.486132532685946,21.584918975830078,1850165
1995-03-28,21.58491414050884,21.782486982538035,21.58491414050884,21.683700561523438,1555701
1995-03-29,21.733102798461914,21.88128249152743,21.53552987437456,21.733102798461914,2788518
1995-03-30,21.782500939233604,21.782500939233604,21.368832300287462,21.634321212768555,1890854
1995-03-31,21.535522589898527,21.535522589898527,21.2885546311446,21.337947845458984,2409797
1995-04-03,21.486132532685946,21.584918975830078,21.387344202359547,21.584918975830078,2217869
1995-04-04,21.4367326218051,21.683700561523438,21.4367326218051,21.683700561523438,2648298
1995-04-05,21.63430735101614,21.683700561523438,21.535520930001542,21.683700561523438,1472320
1995-04-06,21.733092248022064,21.930666963378403,21.68369904097841,21.831878662109375,1834766
1995-04-07,21.831880193045333,21.93066850124178,21.63430735101614,21.683700561523438,2146382
1995-04-10,21.5849231053964,21.83188926050559,21.5849231053964,21.733102798461914,1258608
1995-04-11,21.782500939233604,21.881287423543636,21.535534728458522,21.634321212768555,1833889
1995-04-12,21.634321212768555,21.634321212768555,21.387353114810416,21.634321212768555,1399455
1995-04-13,21.683709567440076,21.733102798461914,21.53552987437456,21.733102798461914,1811980
1995-04-17,21.88128149989284,21.980069844642173,21.28856086730957,21.28856086730957,2750208
1995-04-18,21.486129375584138,21.535522589898527,21.189768202515822,21.337947845458984,2686232
1995-04-19,21.436746356965433,21.68371445492357,21.09099366188032,21.634321212768555,2362723
1995-04-20,21.68370223284169,21.733095447156074,21.2885546311446,21.337947845458984,2406542
1995-04-21,21.53552987437456,21.733102798461914,21.436741525148253,21.733102798461914,4383657
1995-04-24,21.683709373853475,22.029463875102167,21.535529682110873,21.93067741394043,2550518
1995-04-25,21.93068205431272,22.029468536376953,21.733107203001236,22.029468536376953,2380626
1995-04-26,22.128241095085148,22.473995451940176,21.980061465225205,22.078847885131836,2393146
1995-04-27,21.980066981215113,22.32581953765637,21.980066981215113,22.276426315307617,2897064
1995-04-28,22.276437492862627,22.424617234260406,22.128257751464844,22.128257751464844,3185394
1995-05-01,22.128246648261367,22.32581953765637,22.128246648261367,22.276426315307617,2163409
1995-05-02,22.17764419782341,22.32582389378189,22.12825096583725,22.22703742980957,2094800
1995-05-03,22.276417679900558,22.57277878629159,22.276417679900558,22.37520408630371,2714652
1995-05-04,22.424606679688857,22.86914758183374,22.32582023191941,22.57278823852539,3425647
1995-05-05,22.819757143354437,22.869150373268155,22.572790993785844,22.67157745361328,2509078
1995-05-08,22.572791945621436,23.116119384765625,22.37521713045276,23.116119384765625,2460251
1995-05-09,23.116115047534723,23.214901492992624,22.918542156618926,23.165508270263672,2636153
1995-05-10,23.165513762680195,23.41247993487927,22.967940824920934,23.363086700439453,4826479
1995-05-11,23.41246189307212,23.41246189307212,23.017316322055546,23.066709518432617,2599846
1995-05-12,22.918544365629042,23.313690185546875,22.869149250956816,23.313690185546875,3380701
1995-05-15,23.11611539818501,23.11611539818501,22.671574499698874,22.770360946655273,4126251
1995-05-16,22.819763168210688,22.967944784257227,22.424615337391725,22.474010467529297,3479858
1995-05-17,22.62218369628427,22.770363382570753,22.57279046752211,22.720970153808594,2458999
1995-05-18,22.6715811985891,22.918549276135384,22.276433406824786,22.32582664489746,3075846
1995-05-19,22.276433406824786,22.37521988297014,22.128253692606755,22.32582664489746,5514939
1995-05-22,22.424606679688857,22.622181462410115,22.375213455804133,22.57278823852539,2391142
1995-05-23,22.622181276220676,22.770360946655273,22.424606495125534,22.770360946655273,2266070
1995-05-24,22.720967910179564,22.86914758183374,22.32582023191941,22.57278823852539,2882917
1995-05-25,22.52340148437107,22.52340148437107,22.029467216461402,22.32582664489746,2866391
1995-05-26,22.227033092958866,22.375212760005116,22.029460203563865,22.276426315307617,2515714
1995-05-30,22.276417679900558,22.42459728950529,22.128238070295822,22.37520408630371,2058618
1995-05-31,22.474001956514847,22.918542861938477,22.375213620834415,22.918542861938477,2370860
1995-06-01,22.869147750507075,23.017329310436534,22.62218162926193,22.918542861938477,2806422
1995-06-02,22.819761759054686,23.06672984575953,22.32582747282797,22.42461395263672,2586951
1995-06-05,22.375212247685578,22.8691463470459,22.325819026467773,22.8691463470459,2833339
1995-06-06,22.86914739361167,22.96793572775041,22.720967723177072,22.770360946655273,3337008
1995-06-07,22.622184223699563,22.720970683527,22.523397763872126,22.67157745361328,1911261
1995-06-08,22.671583439347234,22.720976682301718,22.474010467529297,22.474010467529297,1488220
1995-06-09,22.424607232712617,22.523395570100693,21.930674981684273,21.98006820678711,3973385
1995-06-12,22.029468033401724,22.42461395263672,22.029468033401724,22.42461395263672,2291861
1995-06-13,22.57279046752211,22.720970153808594,22.47400400999779,22.720970153808594,1831636
1995-06-14,22.622173194128948,22.86913922328783,22.523386782465394,22.819746017456055,1673261
1995-06-15,22.819746017456055,23.017320727964833,22.7209596057925,22.819746017456055,1884970
1995-06-16,22.869150373268155,22.96793872027818,22.622184223699563,22.67157745361328,6199643
1995-06-19,22.62218024095687,22.8691463470459,22.62218024095687,22.8691463470459,2069010
1995-06-20,22.819765373725733,22.86915862145404,22.52340588735588,22.6221923828125,3211184
1995-06-21,22.57278823852539,22.86914758183374,22.523395014640666,22.57278823852539,2371361
1995-06-22,22.720978878269115,22.770372125997426,22.57279913508419,22.6221923828125,3679547
1995-06-23,22.523395014640666,22.67157468629484,22.424606679688857,22.57278823852539,2519845
1995-06-26,22.572796953438267,22.671583439347234,22.37522209443724,22.474010467529297,2165912
1995-06-27,22.52340231962844,22.671582039341562,22.375220712732343,22.42461395263672,2794903
1995-06-28,22.52340231962844,22.622188799437186,22.22704099301922,22.42461395263672,3137193
1995-06-29,22.375223987127814,22.523405615708842,21.980078010067064,22.128257751464844,3295943
1995-06-30,22.191937724785454,22.490482846888614,22.191937724785454,22.440725326538086,2334428
1995-07-03,22.490483813966716,22.739273327518305,22.440726291476643,22.714393615722656,1243835
1995-07-05,22.739268621894624,23.08757310834885,22.739268621894624,22.988056182861328,2885797
1995-07-06,23.037816197952907,23.48563575744629,22.88854364515546,23.48563575744629,2710145
1995-07-07,23.43587234094429,23.883691787719727,23.386114835869304,23.883691787719727,3778829
1995-07-10,23.883708117129352,23.883708117129352,23.684677960751507,23.78419303894043,2007788
1995-07-11,23.63491021134478,23.833940281741377,23.435878239847142,23.48563575744629,1930416
1995-07-12,23.336366477616803,23.63491352618451,23.23685142846134,23.535396575927734,2303504
1995-07-13,23.386130448289656,23.435887986582433,23.187100295118547,23.2866153717041,2250921
1995-07-14,23.187099990642327,23.43588767883931,23.087584915363532,23.13734245300293,1982874
1995-07-17,23.137325542777283,23.7344174591592,22.98805113785649,23.684659957885742,2247291
1995-07-18,23.63491021134478,23.933455316939675,23.435878239847142,23.48563575744629,2499438
1995-07-19,23.43588767883931,23.8339498810563,22.739280250785942,23.13734245300293,5032178
1995-07-20,23.087575980186173,23.634910583496094,23.087575980186173,23.634910583496094,2625887
1995-07-21,23.634902868028536,23.88369037872651,23.386113456230113,23.833932876586914,6123648
1995-07-24,23.833945369552037,24.082734911757704,23.684672784889507,23.73443031311035,2584197
1995-07-25,23.73443031311035,23.933460425993722,23.53539829912553,23.73443031311035,2535119
1995-07-26,23.833937315802995,23.833937315802995,23.535390346258783,23.585147857666016,2809802
1995-07-27,23.734422292988526,23.883694827210228,23.585147857666016,23.585147857666016,2713024
1995-07-28,23.634903539348375,23.634903539348375,23.286599113377612,23.3861141204834,1861433
1995-07-31,23.585150792644587,23.784182764142226,23.38612072224799,23.48563575744629,2222376
1995-08-01,23.485637308751148,23.53539482963695,23.187092183436352,23.33636474609375,2195083
1995-08-02,23.58514980535372,23.684666737487213,22.789027655992523,22.83878517150879,3662896
1995-08-03,22.739270140476258,22.938300202541317,22.63975510944373,22.83878517150879,2863261
1995-08-04,22.988060515345392,23.187092502730497,22.838787950632458,22.938302993774414,2252173
1995-08-07,23.087569099166036,23.3861141204834,22.988052190959742,23.3861141204834,1260486
1995-08-08,23.38612072224799,23.48563575744629,23.286605687049693,23.48563575744629,1639458
1995-08-09,23.485637308751148,23.485637308751148,23.23684970432215,23.33636474609375,1592133
1995-08-10,23.336371215266585,23.38612874994588,22.988066571409835,23.087583541870117,2010042
1995-08-11,23.03781369505467,23.08757310834885,22.739268621894624,22.988056182861328,1531538
1995-08-14,22.988060198791985,23.386122266979548,22.938302677906183,23.33636474609375,1639333
1995-08-15,23.286607225207952,23.43587978786535,23.037817719677783,23.33636474609375,1866441
1995-08-16,23.236860816164178,23.435890994883394,23.037828736342885,23.187103271484375,1799085
1995-08-17,23.187092502730497,23.23685002430147,22.888545472203436,22.938302993774414,2279341
1995-08-18,22.98806785429211,23.08758483030608,22.73928016701169,22.789037704467773,3537198
1995-08-21,22.8885440826416,23.187091095043897,22.8885440826416,22.8885440826416,2130482
1995-08-22,22.938301601191803,22.938301601191803,22.739271526990997,22.8885440826416,2003532
1995-08-23,22.838795241923858,22.938310316836027,22.689522629555604,22.789037704467773,2112328
1995-08-24,22.838783646281307,23.03781369505467,22.789026134087965,22.988056182861328,1631195
1995-08-25,22.988046126504244,23.33635046058916,22.988046126504244,23.236835479736328,1723591
1995-08-28,23.286599113377612,23.3861141204834,23.23684160982472,23.3861141204834,1489472
1995-08-29,23.336363716282015,23.485636272352156,23.336363716282015,23.43587875366211,1637079
1995-08-30,23.435878239847142,23.53539327504544,23.336363204648844,23.48563575744629,1403336
1995-08-31,23.485636272352156,23.485636272352156,23.28660619759197,23.43587875366211,1612040
1995-09-01,23.3861141204834,23.48562912758919,23.286599113377612,23.3861141204834,2165412
1995-09-05,23.48562912758919,23.48562912758919,23.23684160982472,23.3861141204834,2007663
1995-09-06,23.43587860886453,23.634910583496094,23.386121090481907,23.634910583496094,1939305
1995-09-07,23.63491352618451,23.63491352618451,23.386124002194535,23.535396575927734,1760649
1995-09-08,23.53538663114208,23.585144134694975,23.336356616930505,23.3861141204834,1596641
1995-09-11,23.386121234972062,23.535393791042203,23.386121234972062,23.43587875366211,1209280
1995-09-12,23.684661767419783,23.883691787719727,23.53538735109426,23.883691787719727,4702158
1995-09-13,23.73441868941654,24.182238125190494,23.684661185563932,24.13248062133789,3482111
1995-09-14,24.18224060099857,24.978362645248726,24.18224060099857,24.829090118408203,3868220
1995-09-15,25.028127335712906,25.426189422607422,24.878854766040433,25.426189422607422,6551697
1995-09-18,25.22715209108364,25.27690960003048,24.729575100514523,24.829090118408203,3022011
1995-09-19,24.829089724177436,24.829089724177436,24.38127024966554,24.67981719970703,2929115
1995-09-20,24.779332216020634,24.829089724177436,24.530542774135945,24.67981719970703,1976614
1995-09-21,24.67980146826185,24.829073897582745,24.480769661401187,24.72955894470215,2344694
1995-09-22,24.580298196875336,25.276907054170923,24.53054069294001,25.0778751373291,3179509
1995-09-25,25.22716479510675,25.724742036248323,25.17740536000109,25.625225067138672,2446605
1995-09-26,25.475945393575124,25.625217954152376,25.376430353190287,25.57546043395996,3436915
1995-09-27,25.33908917856884,25.63955348823912,25.038626782208695,25.439245223999023,3152091
1995-09-28,25.339092254638675,25.489325384366612,25.088706893942717,25.339092254638672,2023313
1995-09-29,25.389172690405967,25.689635140404576,25.339093702095727,25.539403915405273,2235647
1995-10-02,25.43924522399902,25.73970762035917,25.389168157938997,25.439245223999023,2138369
1995-10-03,25.43925177519819,25.689637169978376,25.138787388151343,25.289020538330078,2973685
1995-10-04,25.238933526473808,25.639551944137523,25.188856463429595,25.489320755004883,2696248
1995-10-05,25.48933042348225,25.48933042348225,25.138788935897214,25.238943099975586,2050981
1995-10-06,25.138798098073796,25.238952298654723,24.9885667972024,25.188875198364258,3052184
1995-10-09,25.138798098073796,25.289031312256625,25.08872099778333,25.188875198364258,1567470
1995-10-10,24.938494712614812,25.18888026442541,24.888417602252694,25.088726043701172,2884420
1995-10-11,24.98853795031904,25.088692035281632,24.788227867084622,24.888383865356445,2459250
1995-10-12,24.938489696911937,25.339106499235655,24.88841259662147,25.188875198364258,2024189
1995-10-13,25.339097264053954,25.539407505521435,25.238943099975586,25.238943099975586,2196961
1995-10-16,25.339106499235655,25.389185512837557,25.08872099778333,25.188875198364258,1286527
1995-10-17,25.23895341027475,25.639572143554688,25.038645000290543,25.639572143554688,1843029
1995-10-18,25.63956141309547,25.839871652559,25.539407250019067,25.739715576171875,2623383
1995-10-19,25.789801113392404,26.140342712402347,25.789801113392404,26.140342712402344,2421941
1995-10-20,26.090250444550126,26.140327513390297,25.839865100349282,25.889942169189453,3742647
1995-10-23,25.689630554299143,25.789784686419193,25.43924522399902,25.439245223999023,2052359
1995-10-24,25.48933042348225,25.589484587560623,25.188866017936398,25.238943099975586,2482787
1995-10-25,25.389176259403882,25.48933042348225,24.938480607740473,25.238943099975586,2637030
1995-10-26,25.33910547287331,25.33910547287331,24.73817838041689,25.03864288330078,2280718
1995-10-27,24.788243427440843,25.038630710332487,24.3876268361109,24.9384765625,2247541
1995-10-30,25.038633230239267,25.389174696242154,24.93847907232719,25.289020538330078,1631946
1995-10-31,25.339092254638675,25.639556600784186,25.339092254638675,25.339092254638672,1971231
1995-11-01,25.23893900599746,25.28901799322413,24.7381663535246,24.9384765625,2093048
1995-11-02,25.188857980388768,25.589476422179093,25.188857980388768,25.439245223999023,1907255
1995-11-03,25.38918517140634,25.48933937064041,25.038643560775697,25.138797760009766,1762402
1995-11-06,25.138798098073796,25.289031312256625,24.88841259662147,25.188875198364258,1637455
1995-11-07,25.23893504644879,25.53939935611907,25.13878091432874,25.439245223999023,1742120
1995-11-08,25.63955940398591,26.140332093438225,25.38917401591504,25.990100860595703,2579689
1995-11-09,25.99008028015494,26.140311394035827,25.789770215004705,26.040157318115234,2818941
1995-11-10,25.99009168699856,26.29055404663086,25.889937567121127,26.29055404663086,1700429
1995-11-13,26.190399926753425,26.29055404663086,26.09024580687599,26.29055404663086,2063376
1995-11-14,26.290557489470114,26.440790602269704,26.14032628998067,26.240480422973633,2400532
1995-11-15,26.14032964029042,26.490871064003542,26.090252567375746,26.440793991088867,2664698
1995-11-16,26.440800483346248,27.19195867481567,26.390723398135677,27.09180450439453,2898191
1995-11-17,27.041731405034966,27.14188559021846,26.54095856580633,26.84142303466797,5415407
1995-11-20,26.841408195397612,26.841408195397612,26.340633719710965,26.641098022460938,2508452
1995-11-21,26.490876875372646,27.041726711585756,26.440799791472436,26.991649627685547,2305633
1995-11-22,26.94155963090248,26.991636690801137,26.440787118606004,26.54094123840332,2128353
1995-11-24,26.641102282747564,26.69117935566224,26.390716918174192,26.440793991088867,999700
1995-11-27,26.440805631523787,26.5910369164064,26.14034114844733,26.190418243408203,2329671
1995-11-28,26.1403399117612,26.941577219851467,26.0401857265777,26.84142303466797,3064203
1995-11-29,26.891496163552247,27.1418815896051,26.79134007982024,27.09180450439453,2373364
1995-11-30,27.04172599871682,27.29211141161725,26.891494750976562,26.891494750976562,2181437
1995-12-01,27.041724563915043,27.592574356379316,27.041724563915043,27.492420196533203,2488671
1995-12-04,27.392260993330893,27.94311068437487,27.342182009317522,27.84295654296875,3082482
1995-12-05,27.792899484720184,28.09336405928478,27.742822374511388,27.993209838867188,2607608
1995-12-06,28.09335855248717,28.59413146972656,28.09335855248717,28.594131469726562,3739266
1995-12-07,28.49396442786697,28.544041505692057,28.29365420325604,28.393810272216797,2349452
1995-12-08,28.44390514401019,28.49398225316257,28.093363466631768,28.193517684936523,2195709
1995-12-11,28.24359577820548,28.644214578695397,28.193518667308226,28.34375,2418811
1995-12-12,28.143420546894287,28.844503402709957,28.143420546894287,28.84450340270996,2326541
1995-12-13,28.844503402709957,29.044811696765628,28.594116121829956,28.84450340270996,2941635
1995-12-14,28.844518885001975,28.994750186180358,28.49397726894097,28.594131469726562,2634275
1995-12-15,28.493957427200655,29.04480706124922,28.193493120760483,28.99472999572754,9575462
1995-12-18,28.84450710214841,29.295200821577172,28.594119789155105,29.094892501831055,4439369
1995-12-19,28.944657549737794,29.14496584379346,28.443884901288207,28.84450340270996,4186847
1995-12-20,28.944655474275628,28.994732544198794,28.043264389038086,28.043264389038086,2926611
1995-12-21,28.143404792703684,28.343712974630304,28.043250701740376,28.243558883666992,3055689
1995-12-22,28.34372588164068,28.794421409520172,28.293648813355205,28.69426727294922,1814359
1995-12-26,28.794413375037944,28.94464645128517,28.74433632072543,28.894569396972656,1303303
1995-12-27,29.02965293917129,29.13044996410338,28.777658451249327,28.92885398864746,2108447
1995-12-28,28.979248022694023,29.080046957640498,28.62645848995139,28.676856994628906,1811354
1995-12-29,28.727254880010808,29.08004633073948,28.626457872828727,29.029647827148438,2030574
1996-01-02,28.777649721102737,29.68482652146887,28.727251223925855,29.634428024291992,3212937
1996-01-03,29.73523585685525,29.987228434588538,29.53363986907677,29.684837341308594,3853822
1996-01-04,29.735226900569725,29.936820902036,28.727253042055793,29.3320369720459,3893509
1996-01-05,29.231233654498155,29.382429122924805,28.82804381310289,29.382429122924805,2425697
1996-01-08,29.53362974574714,29.68482716615258,29.180840257847237,29.584028244018555,906303
1996-01-09,29.634444280006626,29.634444280006626,28.928861081306533,29.300552368164062,2948896
1996-01-10,28.828054440467483,28.928851456577064,28.17287191016365,28.374465942382812,3476102
1996-01-11,28.52567997028752,28.576080436627127,28.172890185059995,28.424882888793945,2685481
1996-01-12,28.62646297787092,28.676861490449678,28.172874439070377,28.32406997680664,2854497
1996-01-15,28.27367146422789,28.525664027121667,28.223272951649133,28.32406997680664,1585999
1996-01-16,28.37447476502828,28.626469309247966,28.021685098949742,28.57607078552246,2569799
1996-01-17,28.576053048657915,29.080039898685634,28.475254138179597,28.777647018432617,3401109
1996-01-18,28.97925246067189,29.2816454606379,28.6264628739019,29.231246948242188,3393346
1996-01-19,29.23123446405134,30.088012660045713,29.23123446405134,29.93681526184082,5266047
1996-01-22,29.936841381209764,30.289633050704502,29.53365117687186,29.836044311523438,2994969
1996-01-23,29.6344324771834,29.684830981933192,29.281641018343386,29.432836532592773,2578813
1996-01-24,29.533625969890036,29.88641733827696,29.382430494406044,29.73522186279297,2825452
1996-01-25,29.735245187289923,30.34002948921311,29.584047667614787,30.13843536376953,2724543
1996-01-26,30.13842201038972,30.44081306457519,29.987224557705385,30.440813064575195,2437966
1996-01-29,30.390419677399144,30.491216712448814,30.03762812913337,30.188825607299805,1489847
1996-01-30,30.239219028451547,30.541610082637014,30.0376230667363,30.440813064575195,3884620
1996-01-31,30.440812418021583,30.94479942321777,30.289616894140195,30.944799423217773,3151215
1996-02-01,30.793621558243693,31.096014705008376,30.69282448451969,31.04561424255371,2484915
1996-02-02,31.045583093362968,31.34797593672564,30.843989148181674,31.095983505249023,2504195
1996-02-05,30.995204177418607,31.5495898022966,30.894407141184782,31.499191284179688,2097179
1996-02-06,31.54957902102804,31.95276895377536,31.39838351834453,31.90237045288086,2854247
1996-02-07,31.851966155445155,32.053560122336336,31.599971771240234,31.599971771240234,3465335
1996-02-08,31.650385504980704,32.10397404691741,31.297593988898434,32.05357360839844,3670408
1996-02-09,32.003177642822266,32.25517215310806,31.801583575067156,32.003177642822266,3538325
1996-02-12,31.952764537204065,32.20475893243673,31.952764537204065,32.10396194458008,2650301
1996-02-13,32.05357233240615,32.255168301681614,31.952775310564256,32.15436935424805,3279417
1996-02-14,32.05357748498434,32.255173486666145,31.6503893328047,31.75118637084961,2910586
1996-02-15,31.650389413450355,31.952780528355582,31.39839489210401,31.448793411254883,2920101
1996-02-16,31.448801771798074,31.599997369445457,31.247207641601566,31.247207641601562,4403688
1996-02-20,30.9448171688297,31.34800738931839,30.793621558243693,31.04561424255371,2640535
1996-02-21,31.09600063924244,31.39839172363281,31.045600199585582,31.398391723632812,3015626
1996-02-22,31.65037357363409,32.30555592029339,31.599973154114736,32.10396194458008,3327743
1996-02-23,32.10397276891877,32.45676427095708,31.549585297605006,32.15436935424805,2809927
1996-02-26,31.95277597476558,32.10397343626303,31.59998446539381,31.6503849029541,2240154
1996-02-27,31.54960326800728,31.600001807634833,30.59202716389823,31.34800910949707,3494381
1996-02-28,31.59998914876787,31.90238219098816,30.642415353852968,30.692813873291016,3701582
1996-02-29,30.491211573606105,30.94480008047591,30.390414555544282,30.440813064575195,3463206
1996-03-01,30.69281947575821,30.99521064758301,30.340027849703592,30.995210647583008,2893183
1996-03-04,31.131087059285772,31.891619536949474,31.08038515239934,31.587406158447266,2213863
1996-03-05,31.486003850659205,31.790215306528314,31.435301941347685,31.739513397216797,1855924
1996-03-06,31.840917630063043,31.942321443835905,31.486002344674407,31.587406158447266,2314396
1996-03-07,31.53670425156084,31.68880997222013,31.283194717128683,31.587406158447266,2083282
1996-03-08,31.181785170976102,31.283190909590292,29.863531878008846,30.31985092163086,4919501
1996-03-11,30.167744043789742,31.080382154070406,29.964936435808898,31.029680252075195,4910361
1996-03-12,30.72545688776283,30.928266366820072,30.21843609589393,30.421245574951172,5048078
1996-03-13,30.522657366887195,30.573359265679674,30.167742138156537,30.269147872924805,2773620
1996-03-14,30.421250544603158,30.826867631796933,30.370548650851827,30.471952438354492,3027520
1996-03-15,30.167744808614398,30.877575328910122,30.167744808614398,30.725467681884766,5950876
1996-03-18,30.826875617967186,31.6381080653337,30.725469867010705,31.587406158447266,3170370
1996-03-19,31.739481706211215,31.99299293682848,31.232461182158467,31.283164978027344,2428952
1996-03-20,31.333896636962894,31.587406171499804,31.02968325833498,31.33389663696289,2164160
1996-03-21,31.435305415280826,31.536709245110057,31.181793903523825,31.38460350036621,1640209
1996-03-22,31.58739553514385,31.840906921500036,31.536693645309207,31.790203094482422,1664998
1996-03-25,31.942324052700915,32.19583360783827,31.840920230645974,32.04372787475586,2418185
1996-03-26,31.942324052700915,32.24653551886574,31.840920230645974,32.04372787475586,1901871
1996-03-27,31.94230387356626,32.24651514754957,31.89160199456904,31.993005752563477,1922529
1996-03-28,31.891621062335062,32.043726790269616,31.435301941347685,31.739513397216797,2375493
1996-03-29,31.790213785992993,31.790213785992993,31.232490873058634,31.587406158447266,2546888
1996-04-01,31.840914174443746,32.246529385514734,31.638104631724847,32.19582748413086,2456996
1996-04-02,32.246524810791016,32.55073617593664,32.19582291660008,32.246524810791016,3676417
1996-04-03,32.145127863181266,32.550743103027344,32.09442595820051,32.550743103027344,2126350
1996-04-04,32.55074040642093,32.70284804594567,32.398636641262954,32.601444244384766,2374366
1996-04-08,31.9423183307443,32.347933546304574,31.9423183307443,32.29723358154297,3438042
1996-04-09,32.29722586719479,32.29722586719479,31.638097424978493,31.790203094482422,3003232
1996-04-10,31.587381015059883,31.739486614643926,30.573339810135433,31.080360412597656,3594789
1996-04-11,31.080372118612075,31.080372118612075,30.066330531762166,30.674755096435547,5265296
1996-04-12,30.674751498107216,31.23247411173225,30.674751498107216,31.181772232055664,3041292
1996-04-15,31.435301941347685,31.790215306528314,31.33389812272465,31.739513397216797,2481535
1996-04-16,31.739512649558563,31.739512649558563,31.283195476503938,31.536705017089844,2689613
1996-04-17,31.536705759970722,31.840919153023545,31.33389812272465,31.739513397216797,3448183
1996-04-18,31.73951295149103,32.2465339746697,31.486003408493534,32.1451301574707,2752962
1996-04-19,32.145127105201226,32.44934046509599,31.942319490060378,32.094425201416016,4159554
1996-04-22,32.246524810791016,32.449334324737904,32.0944191282182,32.246524810791016,2116710
1996-04-23,32.04372177997924,32.246529385514734,31.942317977211495,32.19582748413086,2257682
1996-04-24,32.29723936707699,32.29723936707699,31.840920230645974,32.04372787475586,1976364
1996-04-25,31.840891905147895,31.99299750291793,31.435275040579082,31.63808250427246,2870773
1996-04-26,31.6381080653337,31.891619536949474,31.53670425156084,31.587406158447266,2235773
1996-04-29,31.486005783081055,31.89162301965126,31.43530387065776,31.486005783081055,1645968
1996-04-30,31.384598543870275,31.435300450777657,31.08038516524236,31.33389663696289,2958787
1996-05-01,31.283194717128683,31.68880997222013,31.181788966172203,31.587406158447266,2681350
1996-05-02,31.333893209606064,31.587402716413653,31.23248746969962,31.4352970123291,2511207
1996-05-03,31.435300102114475,31.688809633839597,31.181788633205755,31.23249053955078,2806547
1996-05-06,31.38458930498632,31.4859930889502,30.573355158909195,30.92827033996582,3238978
1996-05-07,30.826864191367367,30.928267967552873,30.42124714944245,30.573352813720703,3338886
1996-05-08,30.42125661121486,30.877575683159186,29.91423563540822,30.826873779296875,3334128
1996-05-09,30.87757719513561,31.283194383079405,30.82687528879059,31.23249053955078,2555902
1996-05-10,31.53670501708984,31.688810741441383,31.283195476503938,31.536705017089844,2143502
1996-05-13,31.43530227860138,31.840919494628903,31.384600368745907,31.840919494628906,2693995
1996-05-14,31.73949442039483,32.14511138955513,31.68879254139761,31.993005752563477,2612366
1996-05-15,31.94230079650879,32.19581016707388,31.84089704828275,31.94230079650879,1754640
1996-05-16,31.790201708998143,32.50003201011318,31.790201708998143,32.39862823486328,3100760
1996-05-17,32.753559840288645,33.26057897125648,32.652156014095084,32.95636749267578,4568323
1996-05-20,33.15916930116216,34.27461506707533,33.108469334184484,34.223915100097656,4498463
1996-05-21,34.274616257711095,34.32532010081716,33.666193386641375,33.76759719848633,4028096
1996-05-22,33.66619296375697,34.42672348022461,33.56478527881864,34.42672348022461,4005060
1996-05-23,34.42672118662793,34.73093259807422,33.86899832845964,34.3253173828125,4622533
1996-05-24,34.22391323706244,34.57882460968706,34.22391323706244,34.477420806884766,2274083
1996-05-28,34.477419247268315,34.57882304548352,33.46337739074964,33.564781188964844,3127052
1996-05-29,33.66618422122186,33.84363793786443,33.26056520990225,33.361968994140625,2344193
1996-05-30,33.36197807673934,34.02110479091513,33.20987429615549,33.76759719848633,2703635
1996-05-31,33.66618886154669,33.716888823470974,33.15916599610403,33.564781188964844,2742195
1996-06-03,33.463389897754666,33.61549758911133,33.20988224465102,33.61549758911133,1939806
1996-06-04,33.76758775435121,34.12250293372929,33.71688392542602,34.021095275878906,2503569
1996-06-05,33.9704036421082,34.32531890842004,33.81829599244112,34.223915100097656,2110826
1996-06-06,34.883062683678794,35.187274290845544,34.629551073855154,34.984466552734375,5192807
1996-06-07,34.578828765819075,34.93374405546883,34.426724980517236,34.832340240478516,4174202
1996-06-10,34.93372606725177,34.93372606725177,34.73091854170161,34.883026123046875,1603026
1996-06-11,34.98444404479622,35.13655168770279,34.22391357899707,34.3253173828125,2726170
1996-06-12,34.52811550940244,34.781626886513,34.477411684234006,34.57881546020508,2540252
1996-06-13,34.680231483969145,34.93373904792248,34.426720045649084,34.78163528442383,2922730
1996-06-14,34.73093144701312,34.93373904792248,34.47742000869306,34.78163528442383,3141575
1996-06-17,35.03516655007749,35.13657429350243,34.781658814623206,34.984466552734375,2284975
1996-06-18,34.832318822217616,35.085830140993906,34.68021513044376,34.73091506958008,2827455
1996-06-19,34.73091506958008,34.832318822217616,34.62951131694255,34.73091506958008,1962592
1996-06-20,34.832318822217616,34.93372257485515,34.32530005902994,34.73091506958008,3476603
1996-06-21,34.88302027085443,35.28863525390625,34.78161652509147,35.28863525390625,7177183
1996-06-24,35.288653929834936,35.694273001918496,35.237953967303675,35.44076156616211,3020759
1996-06-25,35.44076502811325,35.7449764561171,35.3900611862624,35.59286880493164,3369434
1996-06-26,35.491479952508364,35.64358766779545,35.18726839630288,35.237972259521484,2631396
1996-06-27,35.23794756281027,35.491455078125,35.08583995412864,35.491455078125,3595790
1996-06-28,35.6435826966197,35.694286552766684,34.781648137066334,35.18726348876953,3486368
1996-07-01,35.42580927270297,35.68066829565624,35.22191660131076,35.5787239074707,2419813
1996-07-02,35.6806755065918,35.833594067284956,35.57873109780366,35.6806755065918,2317026
1996-07-03,35.5787239074707,35.68066829565624,35.018027824939686,35.5787239074707,2339937
1996-07-05,35.06899516026632,35.11996539695609,34.81413229175632,34.91607666015625,1696673
1996-07-08,34.81413521413801,34.96705372708443,34.15149481640471,34.20246505737305,2563163
1996-07-09,34.30440824286955,34.76315592364664,33.99857126232465,34.508296966552734,2939006
1996-07-10,34.5592622454589,34.91606940826175,33.99856638820289,34.814125061035156,2411424
1996-07-11,34.81413521413801,34.81413521413801,33.53982465963974,34.20246505737305,3038913
1996-07-12,34.20246671846892,34.55927400265899,33.53982628855345,34.253440856933594,2514587
1996-07-15,34.04954687189307,34.25343560444531,33.183013916015625,33.183013916015625,2580190
1996-07-16,32.877185410740125,33.5398258316282,31.806765520263074,32.979129791259766,6132662
1996-07-17,33.947606027632354,34.20246502225375,33.335935871495444,33.74371337890625,4388164
1996-07-18,33.94760606248995,34.253439193362084,33.59079879562878,34.20246505737305,2733682
1996-07-19,34.151493833246974,34.20246407274797,33.28496470654467,33.488853454589844,3473973
1996-07-22,33.284966827839526,33.284966827839526,32.826215167990725,32.979129791259766,2538750
1996-07-23,33.0300967532482,33.233985469992696,32.26551017043634,32.367454528808594,3343643
1996-07-24,31.806759674562688,32.92815349671127,31.75578749367094,32.571346282958984,4482688
1996-07-25,32.87717056274414,33.13203334645247,32.77522622826463,32.87717056274414,3010368
1996-07-26,33.08106954973951,33.33593241293995,33.030099314111595,33.183013916015625,1971857
1996-07-29,33.081071761432575,33.13204589548875,32.57134989597364,32.62232208251953,1469941
1996-07-30,32.87719048931152,32.92816463495579,32.4184387585989,32.673301696777344,1926535
1996-07-31,32.520370353658095,33.641762166196656,32.41842599752003,33.539817810058594,2600097
1996-08-01,33.488862735933495,34.35539210279196,33.488862735933495,33.99858474731445,3094250
1996-08-02,34.20247255493706,35.22192044300591,34.15150230279548,35.11997604370117,3516791
1996-08-05,34.96705801206294,35.37483556986286,34.96705801206294,35.018028259277344,1567094
1996-08-06,34.96703991473978,35.32384704065843,34.763147346344006,35.27287292480469,2158526
1996-08-07,35.37481837521647,35.47676271511434,34.6612041009121,34.967041015625,2499814
1996-08-08,34.81412965765253,35.01801837902577,34.6102409362793,34.6102409362793,1761275
1996-08-09,34.71217743267477,35.018010445445974,34.10050751211316,34.15148162841797,1667627
1996-08-12,34.151479816147486,34.865094036431096,34.10050570254766,34.66120147705078,2500565
1996-08-13,34.559257144870124,34.81411992283127,34.457312812689466,34.66120147705078,2144003
1996-08-14,34.76315093991208,34.91606940826175,34.40634767212881,34.814125061035156,1495356
1996-08-15,34.71218361786171,34.763153848229436,34.55926513671875,34.55926513671875,1132159
1996-08-16,34.66121116911256,34.71218529696591,34.50829657559268,34.6102409362793,2395900
1996-08-19,34.71217559065061,34.865094036431096,34.61023125846995,34.66120147705078,1255603
1996-08-20,34.66120147705078,34.81411992283127,34.559257144870124,34.66120147705078,1723090
1996-08-21,34.55927400265899,34.61024814112367,34.20246671846892,34.253440856933594,2094800
1996-08-22,34.25343411443869,34.61024132839432,34.25343411443869,34.508296966552734,3240731
1996-08-23,34.40634519867707,35.11995557796216,34.40634519867707,34.967041015625,2419562
1996-08-26,35.01802102855617,35.11996539695609,34.763158160046174,34.91607666015625,1827254
1996-08-27,35.01801013557435,35.32384704065843,34.86509557805147,35.27287292480469,2123220
1996-08-28,35.27287887909718,35.37482323299435,35.170934525199996,35.22190475463867,1852419
1996-08-29,35.1199610408831,35.1199610408831,34.35537642520806,34.55926513671875,2485791
1996-08-30,34.45731755578522,34.45731755578522,33.89662170410156,33.89662170410156,2259936
1996-09-03,33.539824182952266,34.35538308204079,33.3359354319353,34.304412841796875,2970430
1996-09-04,34.15150744146399,34.508314840229,34.10053328663093,34.35539627075195,2264318
1996-09-05,34.253445953683084,34.40636449680978,33.89663861640178,33.94761276245117,2157775
1996-09-06,33.9985692325544,34.71218361786171,33.9985692325544,34.55926513671875,2247666
1996-09-09,34.61024355495648,34.9670507918664,34.508299186556556,34.91607666015625,2413928
1996-09-10,35.017999440973675,35.22188805208209,34.81411082986525,35.068973541259766,2772493
1996-09-11,34.91605513541946,35.17091784681398,34.76313672957916,35.068973541259766,2371612
1996-09-12,35.374816529678476,35.78259386799582,35.32384630989836,35.47676086425781,3418511
1996-09-13,35.78259372947987,36.29231929542247,35.78259372947987,36.03745651245117,3201043
1996-09-16,35.88454195868365,36.649126412578475,35.83356784408176,36.03745651245117,2684480
1996-09-17,35.88454209759425,35.93551231737437,35.47676086425781,35.47676086425781,2657312
1996-09-18,35.5787239074707,35.73164243725957,35.27289074291409,35.5787239074707,2197212
1996-09-19,35.425802541825135,35.88455414900813,35.32385817300896,35.833580017089844,2181813
1996-09-20,35.884552178747846,36.39427399484218,35.83357804962832,36.343299865722656,5283324
1996-09-23,36.24136219636265,36.292336334897215,35.833584668169784,36.08844757080078,1909008
1996-09-24,36.19038402338654,36.90399454136906,35.98649530396296,36.64913558959961,3320106
1996-09-25,36.853027417311324,37.36274925886164,36.598164549025974,37.3117790222168,3678421
1996-09-26,37.34663177646426,37.60278251848309,36.988021520578435,37.03925323486328,2794403
1996-09-27,37.50031280517578,37.70523177717532,37.39785331917601,37.50031280517578,3444928
1996-09-30,37.39785438638456,37.65400115134274,37.09047200491195,37.29539489746094,2257181
1996-10-01,37.29539575359051,37.500314736141746,37.09047285633744,37.14170455932617,2002029
1996-10-02,37.24414630005034,37.80767519083941,37.24414630005034,37.65398406982422,2274959
1996-10-03,37.602756305952475,37.961366311854604,37.500296863509,37.65398406982422,1986505
1996-10-04,37.858929965203615,38.42245919977298,37.858929965203615,38.31999969482422,2269325
1996-10-07,38.217538874492284,38.627376880181394,38.217538874492284,38.57614517211914,1974486
1996-10-08,38.47367581681578,38.62736698693691,38.26875686645508,38.26875686645508,1840400
1996-10-09,38.371213547198764,38.371213547198764,37.75645674088718,38.06383514404297,2017053
1996-10-10,37.80768637093508,37.9101458436768,37.65399520447193,37.70522689819336,1738739
1996-10-11,37.85891692463342,38.729824374063476,37.85891692463342,38.678592681884766,1877082
1996-10-14,38.678561034394136,39.19086187820352,38.627333298831886,38.93471145629883,2018305
1996-10-15,39.29335538678019,39.344587081530385,38.72982631803411,39.03720474243164,2782634
1996-10-16,39.088402492381206,39.088402492381206,38.524873913009564,38.93471145629883,2034330
1996-10-17,39.03718585462811,39.39579580026554,38.93472642940304,38.985958099365234,2542631
1996-10-18,38.985958099365234,39.03718585462811,38.781039248915086,38.985958099365234,2986580
1996-10-21,38.98598340754292,39.39582137449401,38.88352391580514,39.24213409423828,1937428
1996-10-22,39.29333925451079,39.34457092822731,39.088420389043904,39.190879821777344,1684404
1996-10-23,39.037217133889776,39.805669310862726,38.934757626567205,39.54951858520508,3070963
1996-10-24,39.54948883220577,39.95932655317597,39.39579772949219,39.39579772949219,2346447
1996-10-25,39.242122446414,39.651960291717266,39.242122446414,39.29335021972656,1679020
1996-10-28,39.549471685930534,39.80562210783523,38.88348372073658,38.93471145629883,2265570
1996-10-29,39.13965876823356,39.49826883745584,38.832280386629044,39.344581604003906,3019382
1996-10-30,39.54950052507359,39.54950052507359,39.344581604003906,39.344581604003906,1798709
1996-10-31,39.29334841010099,39.7544179221833,38.98597004027962,39.65195846557617,2556403
1996-11-01,39.754425883733774,39.856885360860275,39.447047452354255,39.60073471069336,1814233
1996-11-04,39.6519533768759,40.164250594166276,39.60072169779686,39.908103942871094,2146131
1996-11-05,40.01056444601003,40.727780569212044,40.01056444601003,40.47163391113281,3471219
1996-11-06,40.47163577465713,41.64992141723632,40.42040409186224,41.64992141723633,3476352
1996-11-07,41.393765000208155,42.264672085042946,41.34253332947699,42.11098098754883,3665275
1996-11-08,41.9060594483053,42.059750535949505,40.98392075183829,41.85483169555664,2533742
1996-11-11,41.803592681884766,41.85482434032951,41.547442219057935,41.803592681884766,1775172
1996-11-12,42.008515600216676,42.008515600216676,41.49621853909151,41.75236511230469,2404914
1996-11-13,41.64993986608308,42.469619750976555,41.64993986608308,42.46961975097656,2394648
1996-11-14,42.31591431311983,43.03313446044921,42.21345485131574,43.03313446044922,3149713
1996-11-15,43.23806650747943,43.494217197085725,42.67453733916673,42.72576904296875,4690515
1996-11-18,42.77699493586324,42.77699493586324,42.16223800570119,42.367156982421875,2600848
1996-11-19,42.46959813848332,42.72574870616586,41.90606923840176,42.21344757080078,2761726
1996-11-20,42.16221265828,42.52082260930002,41.85483437799113,42.11098098754883,3027395
1996-11-21,42.11099090358914,42.11099090358914,41.39377474736277,41.64992141723633,2995344
1996-11-22,41.701158144489725,41.90607707105709,41.39377975463867,41.39377975463867,2603602
1996-11-25,41.342523975065085,42.52081298828124,41.342523975065085,42.52081298828125,3814134
1996-11-26,42.52081241192054,42.77695896004894,41.803592681884766,41.803592681884766,3538200
1996-11-27,41.90608543813399,42.05977662109628,41.54747528768969,42.008544921875,2681600
1996-11-29,42.05976209235893,42.725750463973355,42.05976209235893,42.623291015625,1213161
1996-12-02,42.36713438416545,42.572053251584215,41.85483721561853,42.31590270996094,2374491
1996-12-03,42.008532441149555,42.52083362235158,40.625323949544565,40.67655563354492,3717983
1996-12-04,40.72776973248242,40.98392023710597,40.06178155222045,40.53565979003906,7555905
1996-12-05,40.471651637281184,40.98394909252055,39.90812247916697,40.010581970214844,4341340
1996-12-06,39.13966617796906,40.62533450903491,38.9347472181051,40.113037109375,5692218
1996-12-09,40.471642053455035,40.727788763067366,40.2154914291418,40.36918258666992,2923857
1996-12-10,40.522886030569666,40.72780504606663,40.11304799957574,40.21550750732422,3636980
1996-12-11,39.6007186792171,39.85686922568713,39.190880936624836,39.75440979003906,5797384
1996-12-12,40.16425574861179,40.779016402955044,39.65195846557617,39.65195846557617,5053462
1996-12-13,39.54949900896905,40.31794689087273,39.242120639147686,39.65195846557617,4680124
1996-12-16,39.85686517112803,40.06178402157818,38.832267004177965,38.985958099365234,3638608
1996-12-17,38.93475144215943,40.36919214623331,38.88352365398641,40.010581970214844,5750185
1996-12-18,40.266717820343615,40.881474540145575,40.21548613634325,40.67655563354492,3544835
1996-12-19,41.393765000208155,42.11098098754883,41.29130165874583,42.11098098754883,5282072
1996-12-20,42.93066128528786,42.98189295717531,41.854835322646,41.906063079833984,8439422
1996-12-23,41.957308760049315,42.11099599762445,41.34254806564645,41.39377975463867,2623508
1996-12-24,41.44498281686688,41.803592681884766,41.0351452081027,41.803592681884766,1126525
1996-12-26,41.80360554141402,42.36713438416545,41.80360554141402,42.31590270996094,1770915
1996-12-27,42.78755763476165,42.89053572931485,42.01521995835455,42.22117614746094,1874704
1996-12-30,42.32413622773736,42.47860527107917,41.80924597412236,41.86073303222656,1931668
1996-12-31,41.86074044576547,41.86074044576547,40.72797775268555,40.72797775268555,3572629
1997-01-02,40.6765192956573,40.77949743704831,39.49226476788347,40.21311569213867,5699855
1997-01-03,40.316080230928556,41.19139610468064,40.316080230928556,40.830970764160156,3750409
1997-01-06,41.139897591481976,41.39734081933125,40.727981344794976,40.77947235107422,3864714
1997-01-07,40.573520980252944,41.6547928944864,40.41905187771269,41.60330581665039,3078100
1997-01-08,41.96371352109767,41.96371352109767,41.03691101074219,41.03691101074219,2968302
1997-01-09,41.08844518929008,41.963761642303645,41.08844518929008,41.65482711791992,3564115
1997-01-10,41.03692016587243,41.963722882992926,41.03692016587243,41.75776672363281,3882367
1997-01-13,41.8092515109034,42.58158896086352,41.8092515109034,42.53009796142578,3477980
1997-01-14,42.89054404785752,43.25096941595568,42.68458781880629,43.09650421142578,4297771
1997-01-15,42.787557056483635,42.9420261634839,42.221175576837624,42.37564468383789,3373064
1997-01-16,42.58157952739262,42.63307051542311,41.55179517741125,41.809242248535156,3840050
1997-01-17,41.91224029440743,42.839047045198406,41.91224029440743,42.68457794189453,4109349
1997-01-20,42.83904892286768,43.55989558934339,42.78755790800412,43.25096130371094,3127928
1997-01-21,42.73608140823127,43.86884467051542,42.684590380619596,43.45692825317383,4694271
1997-01-22,43.456891631869546,44.280719837791985,43.4054045821635,44.22923278808594,3599797
1997-01-23,44.280723859825244,44.435192892001794,42.8905143737793,42.8905143737793,3533567
1997-01-24,43.09649679220423,43.14798387334482,41.75777366480333,41.96372985839844,5340664
1997-01-27,41.96371259540605,42.01520358988069,41.08839716545511,41.34584426879883,5184669
1997-01-28,42.83905136122044,42.89053844449829,41.24288489282627,41.4488410949707,4767637
1997-01-29,41.96372737249797,42.68457794189453,41.80926220371023,42.68457794189453,3354410
1997-01-30,42.94202611378295,43.55989467203645,42.73606992769846,43.50840759277344,3598169
1997-01-31,43.81734882752846,44.023305046306746,42.4271384489998,42.63309860229492,4364126
1997-02-03,42.787557569953634,43.4569171507937,42.47862328676198,43.353939056396484,3414254
1997-02-04,43.25097834637327,43.302469381526414,42.5301274613364,42.787574768066406,3102012
1997-02-05,43.199449946469656,43.35391503522263,42.01519661528839,42.42710876464844,4389666
1997-02-06,42.42711885236597,42.89052209783451,42.1696756650618,42.83903503417969,3187021
1997-02-07,43.19947422336369,43.40543041378532,42.42713260750811,43.25096130371094,2745826
1997-02-10,43.353956482161706,43.559912753738566,42.7875747680664,42.787574768066406,2731554
1997-02-11,43.09650421142578,43.25096941595568,42.47863158975507,43.09650421142578,2847737
1997-02-12,42.94202202250191,43.714359613992784,42.94202202250191,43.61138153076172,3523051
1997-02-13,43.76585254159533,44.43521207920038,43.662874453849625,44.177764892578125,3520046
1997-02-14,44.22927255014974,44.28075964614263,43.76586901362626,43.81735610961914,3187272
1997-02-18,43.920324940917645,44.280750274658196,43.61139062679003,44.2807502746582,2971807
1997-02-19,44.126285084852725,44.64117560839875,44.074794065239786,44.2807502746582,3282547
1997-02-20,44.07478124061477,44.22925031999039,43.19946563802247,43.55988693237305,3364301
1997-02-21,43.66286200017955,43.81732712048302,43.30243682861328,43.30243682861328,3394724
1997-02-24,43.04500661120289,44.02330051700722,43.04500661120289,43.92032241821289,2271329
1997-02-25,44.0747730931985,44.12626408831054,43.30243570812141,43.66286087036133,2654182
1997-02-26,43.920319050926665,43.97181006363433,42.99351229831777,43.76585388183594,3727748
1997-02-27,43.66286200017955,43.92030517885697,43.25094583216886,43.30243682861328,2546888
1997-02-28,43.09649527048416,43.37968601030717,42.32415366999906,42.37564468383789,3649124
1997-03-03,42.01523377445099,42.83906273629695,42.01523377445099,42.58161544799805,2950899
1997-03-04,42.43463740522251,42.79688493681964,41.91714375608973,41.96889114379883,2940758
1997-03-05,41.968883023590244,42.90037536621094,41.968883023590244,42.90037536621094,3359794
1997-03-06,43.00386915339091,43.41786789961419,42.90037045543688,43.314369201660156,3949723
1997-03-07,43.41788427042782,43.83187921834172,43.31438553344935,43.624881744384766,2470142
1997-03-10,43.62485841068585,44.03885313716572,43.36610972943268,43.83185577392578,2870022
1997-03-11,43.88362507479332,44.40111869495431,43.4696262242564,43.52137756347656,2478280
1997-03-12,43.46961044182621,43.78010650119158,43.10736306202993,43.366111755371094,2485040
1997-03-13,43.05562540811692,43.21087149561531,42.848627988514004,42.90037536621094,3066206
1997-03-14,43.00387574091422,43.10737445472264,42.53812955157243,42.64162826538086,3070463
1997-03-17,42.434626582521865,43.21086883544922,42.2793805045808,43.21086883544922,3226709
1997-03-18,43.00387574091422,43.210873168531066,42.227633410147156,42.64162826538086,2637280
1997-03-19,42.538113758459886,43.107358450266794,42.227617732312375,42.84861373901367,2725544
1997-03-20,42.745134010032544,42.84863669527313,42.33113908670376,42.48638916015625,2434461
1997-03-21,42.900375360631706,42.900375360631706,42.27938310190373,42.53812789916992,4067408
1997-03-24,42.53811632206644,43.83185577392578,42.53811632206644,43.83185577392578,3183015
1997-03-25,43.780115876835616,44.245862042827966,43.417872373870495,43.46961975097656,3442048
1997-03-26,43.46962192167169,43.83186939713351,42.90037701863389,43.003875732421875,2467513
1997-03-27,43.10737432851206,43.10737432851206,41.14089086309401,41.917137145996094,4358617
1997-03-31,41.55488801511632,41.55488801511632,40.67514700818365,41.089141845703125,6808602
1997-04-01,40.882146078857865,41.39963964666744,40.46814727020248,40.83039474487305,5383482
1997-04-02,40.675140990982456,41.089135767258384,40.46813964843751,40.4681396484375,4272356
1997-04-03,40.312907093054484,41.192648264638215,40.20940836430395,40.72690200805664,4574958
1997-04-04,40.468135672231796,41.865373836487585,40.41638830748525,41.76187515258789,4604505
1997-04-07,42.17588866889128,42.227640011089036,41.55489628896842,41.60664367675781,2745075
1997-04-08,41.39963962406137,42.1241345730069,41.244393531007134,41.917137145996094,2439969
1997-04-09,42.072385527690685,42.48638435864059,41.91713942619142,42.17588424682617,2770991
1997-04-10,42.227615779915176,42.279367092416834,41.86536845562181,42.0206184387207,2428326
1997-04-11,41.71012675701997,41.86537677095475,40.3646398176082,40.51988983154297,3634351
1997-04-14,40.5198831636051,41.50312254497212,40.20938714123755,41.39962387084961,2768988
1997-04-15,42.020629452883696,42.589874267578125,41.7618807313661,42.589874267578125,3867093
1997-04-16,42.434640337519376,43.728380481363246,42.27939420925598,43.624881744384766,3808375
1997-04-17,43.46962192167169,43.83186939713351,42.90037701863389,43.003875732421875,3542832
1997-04-18,42.9521170095506,43.62486044871225,42.9521170095506,43.366111755371094,3541079
1997-04-21,43.52136890014604,43.57311627465727,42.90037272515975,43.21086883544922,2560033
1997-04-22,43.21088204843116,44.91862106323242,43.159134658096654,44.91862106323242,4990363
1997-04-23,44.297640573965886,44.6081368904758,43.93539289416601,44.34939193725586,3752537
1997-04-24,44.50459273889877,44.659842716057035,43.831849428556225,44.1423454284668,2948395
1997-04-25,43.88360931572368,44.401102750047286,43.573109300722805,44.090606689453125,1947318
1997-04-28,44.09062305632435,44.71161540803112,43.93537299119357,44.401119232177734,2461628
1997-04-29,44.9186177566332,45.85010630376155,44.76336768824102,45.79835891723633,3715729
1997-04-30,45.487866986944965,46.47110696691745,45.436115641173906,45.95361328125,4191479
1997-05-01,45.798347438621654,46.108843543176945,45.1773512751038,45.436100006103516,2440595
1997-05-02,45.591343857442574,46.98857811580399,45.53959253649261,46.83333206176758,3346773
1997-05-05,47.0403159904805,48.38580249769712,46.833318674663424,48.23055648803711,4062150
1997-05-06,48.12710131307816,48.592843717263136,48.02359860724907,48.33409881591797,4467539
1997-05-07,48.33408474656212,48.85157835302671,47.868338523539975,47.92008590698242,3765433
1997-05-08,47.868323818513,48.4893159555033,47.66132643951622,48.075321197509766,4511733
1997-05-09,48.23055648803711,48.28230383978858,47.60956058618027,48.23055648803711,4242559
1997-05-12,48.33408038044224,50.507561240074445,48.127082956554915,49.57606887817383,4766885
1997-05-13,49.78307007362159,50.9215599456614,49.67957135383687,50.300567626953125,4582407
1997-05-14,51.439039714087635,51.6460370820883,50.19705155167707,50.404048919677734,4577963
1997-05-15,50.40404117480933,51.33553314208985,50.300542506712155,51.335533142089844,2870961
1997-05-16,51.02504379677627,51.43904250968409,49.886554256491685,50.09355163574219,5319193
1997-05-19,49.99005566985669,50.61105179585038,49.7830582793278,50.50755310058594,2350453
1997-05-20,50.19708002934852,51.85306386722867,49.67958236135489,51.74956512451172,3896639
1997-05-21,52.060067113271934,52.370567330189466,50.81807810882964,51.12857437133789,3671409
1997-05-22,51.23204792184407,51.5425440076374,50.197057014792605,50.50755310058594,3271342
1997-05-23,50.30059087865913,51.33558250934442,49.783093086111585,50.818084716796875,3398605
1997-05-27,50.404048919677734,50.818043655679055,50.09354891327014,50.404048919677734,3807186
1997-05-28,50.40405440532149,50.71455049111482,50.09355436512113,50.50755310058594,2482662
1997-05-29,50.507554768115384,50.92154956284138,50.09355601898222,50.611053466796875,1515012
1997-05-30,49.99007034301757,51.23206295955651,49.783072891730484,49.99007034301758,3055001
1997-06-02,50.50756340991229,51.02505699186245,50.093564589944314,50.19706726074219,2111452
1997-06-03,50.093564589944314,51.128555708252485,49.990065873554286,50.19706726074219,2401596
1997-06-04,50.09354891327014,50.71454497167872,49.57605549326849,50.404048919677734,2964170
1997-06-05,50.507589437753545,50.818085746930265,49.886592864990234,49.886592864990234,2123345
1997-06-06,50.09355934668931,51.54254913330078,50.09355934668931,51.54254913330078,2486918
1997-06-09,52.0600471496582,52.37054724750739,51.749551006216784,52.0600471496582,2252424
1997-06-10,52.47403932027699,53.095031528559986,52.060040560347716,52.370540618896484,2448608
1997-06-11,52.78451749557174,53.09501349424983,51.95652421135757,52.6810188293457,2211609
1997-06-12,53.30202726636475,54.44051681593232,52.88802855008128,53.92301940917969,2952589
1997-06-13,53.8195112604523,55.16499795450192,53.8195112604523,54.75100326538086,3331875
1997-06-16,54.751027284445726,55.06152343749999,54.33702845929882,55.0615234375,1923030
1997-06-17,54.751027284445726,55.47551830823902,54.33702845929882,55.0615234375,2360093
1997-06-18,54.95802523843683,55.16502267575971,54.544030363791066,54.85452651977539,2188573
1997-06-19,55.268521343749846,55.889517609557075,54.95802518805019,55.57902145385742,2008790
1997-06-20,55.682526726455016,56.510516572444764,55.5790279957063,55.99302291870117,4833240
1997-06-23,55.88952727351939,56.20002348290752,54.13004084483611,54.23353958129883,2468890
1997-06-24,55.165044512938714,55.372042032201925,54.07830555960212,54.90629959106445,3709657
1997-06-25,55.061531769615485,55.52727804687928,54.02654048174132,54.13003921508789,2670520
1997-06-26,54.02651809964885,54.59576287443263,52.99152724055043,53.92301940917969,2392081
1997-06-27,54.33703387477807,55.21677899438978,54.07828903198242,54.07828903198242,2691428
1997-06-30,54.54400994205255,54.75100730187386,53.66426523120227,53.819515228271484,2615245
1997-07-01,54.59577723071465,55.06152343749999,54.23352974161406,55.0615234375,2625386
1997-07-02,55.17374357486624,56.16084671020508,55.069838608503666,56.16084671020508,2646795
1997-07-03,57.35575792874384,57.66747283935547,57.04404301813221,57.66747283935547,1936927
1997-07-07,58.08308792114258,58.91433152720824,57.87527801210844,58.08308792114258,3636730
1997-07-08,58.135027749052455,58.602601943571244,57.14792887725076,57.771358489990234,2974374
1997-07-09,57.979203399657884,58.13505890139553,56.316715601632566,56.8881950378418,3849941
1997-07-10,57.303788265399824,58.135027749052455,57.251833812707346,57.771358489990234,3389152
1997-07-11,58.18698016270013,58.86236420446462,58.083075230884695,58.706504821777344,2535557
1997-07-14,59.018241882324226,59.53776670244987,58.60261805629423,59.01824188232422,2263817
1997-07-15,59.277964178928926,60.00530242919922,58.39477056783422,60.00530242919922,2626951
1997-07-16,60.05728211887754,62.03148393559633,60.00532766346952,61.51195526123047,3203860
1997-07-17,61.719768586222564,61.719768586222564,60.36900030940053,60.83657455444336,2828582
1997-07-18,60.78462999403089,60.88853495763439,58.498712854894805,59.12214660644531,3826967
1997-07-21,58.70650482177734,59.0182235871519,57.71940598456653,58.706504821777344,2744386
1997-07-22,58.706491383359236,59.84944934162447,58.34282619021538,59.74554443359375,2908708
1997-07-23,60.472876451526275,60.680686245910096,59.74553820125598,60.00530242919922,2937691
1997-07-24,59.84944934162447,60.005308688634216,58.34282619021538,59.74554443359375,2705826
1997-07-25,60.57683115112166,60.62878562739472,59.589731831305,60.109256744384766,2233018
1997-07-28,60.47292386721361,60.628783320171415,59.22606015334127,59.48582458496094,1953140
1997-07-29,59.122122183368006,59.84945662813404,58.75845297602108,58.96626281738281,2385383
1997-07-30,59.01823869143152,59.22604860824629,58.60261488787274,58.8104248046875,2638031
1997-07-31,58.81041059177458,59.17407984327585,58.18698099199664,58.29088592529297,2749081
1997-08-01,58.186975117807485,58.342834486981545,56.62839333585063,57.45963668823242,3757483
1997-08-04,57.35574922058983,57.45965417501812,56.21279075194949,56.524505615234375,3342892
1997-08-05,56.26474186313937,56.73231214525482,56.21278740405495,56.31669235229492,2836594
1997-08-06,56.16083953475269,57.77136829256643,56.0049801201576,57.61551284790039,3579890
1997-08-07,57.979186344887864,58.65457057356585,56.680368382852855,56.73231887817383,3527433
1997-08-08,56.4206121398797,56.94014098765118,55.27765343869834,55.7452278137207,3599671
1997-08-11,55.74520580833158,56.2127799987793,54.49834262378046,56.2127799987793,3258071
1997-08-12,56.16086532291328,56.52453084074274,54.86204685803521,55.01790237426758,2750584
1997-08-13,56.628416971882864,57.14794577268963,55.12179297737416,55.48545837402344,4674239
1997-08-14,55.79717724247932,56.05693767295315,54.86202857697078,55.48545837402344,2940383
1997-08-15,55.12178417457195,55.225689124154044,52.1604792167309,52.68000793457031,5146484
1997-08-18,52.62807450676756,54.86204174037361,52.16050006182514,54.75813674926758,4864477
1997-08-19,55.06982400406396,55.32958833604605,54.34248546248551,55.173728942871094,3898893
1997-08-20,55.53739176997129,56.52449055907585,55.53739176997129,56.42058563232422,3402924
1997-08-21,56.36864058505053,56.47254552181344,54.602248720224175,54.81005859375,3307085
1997-08-22,53.66710409358122,54.44639315907096,53.19952986030164,53.9268684387207,4385910
1997-08-25,53.97882814546788,54.60226188630045,53.1475884509303,53.303443908691406,2807298
1997-08-26,53.2514757794928,54.394433950941604,52.576091766357415,52.57609176635742,3109900
1997-08-27,52.3683133829127,52.73198285993576,50.965593928581995,52.16050338745117,4360057
1997-08-28,51.95268630981445,53.14759957572416,51.537066375548584,51.95268630981445,3501892
1997-08-29,51.95266514280807,53.30343334876064,51.900710687227466,52.00461959838867,3038162
1997-09-02,53.1995589053968,55.27766686122937,52.783938902202635,55.01790237426758,4078676
1997-09-03,55.173701425666444,56.05689495000944,55.06979653868059,55.6932258605957,3868908
1997-09-04,55.64128548772329,56.26471889256978,54.96590161493048,55.32957077026367,2696498
1997-09-05,55.90106383009848,56.16082814509932,54.446386842036375,55.069820404052734,2636216
1997-09-08,55.69325831961788,56.108882079720736,55.27763852944386,55.64130783081055,1974674
1997-09-09,55.69326830637432,56.36865654140903,55.48545837402344,55.48545837402344,2595777
1997-09-10,55.27763279414731,55.537397121018806,54.602248720224175,54.81005859375,2663509
1997-09-11,54.39445013131722,54.55030558383099,52.7839173224799,54.03078079223633,3707466
1997-09-12,54.55029177405106,55.53739458308295,53.82295724994825,55.069820404052734,3382892
1997-09-15,55.22568339723892,55.90106748444955,55.06982400406396,55.173728942871094,2124347
1997-09-16,55.79720158869269,57.35578073131488,55.745247097970676,56.99211120605469,3736700
1997-09-17,57.14792660625148,58.23893037015439,56.992067224296115,57.927215576171875,3986969
1997-09-18,58.08307605870032,59.745558961369774,58.08307605870032,58.29088592529297,4301214
1997-09-19,58.39479640336493,58.81041617601466,57.875271687552754,58.34284591674805,3987971
1997-09-22,58.49870876346725,58.966283051945396,58.34285331392732,58.44675827026367,2075144
1997-09-23,58.23892559424691,58.44673940978828,57.251826842618954,57.45963668823242,2238089
1997-09-24,57.615550800902916,58.96632005075371,56.888211680245576,57.044071197509766,2730990
1997-09-25,56.8362150256365,57.35573971164656,55.48544290215345,55.58934783935547,2719910
1997-09-26,55.910646335313274,57.16238055451855,55.910646335313274,57.00591278076172,2336181
1997-09-29,56.797309380343926,58.30981837835577,56.53653100489424,57.631797790527344,2084346
1997-09-30,57.16236809347253,58.04900931882127,56.797279357910156,56.797279357910156,2503319
1997-10-01,57.16237005737116,57.5274588054767,56.48434980464257,57.21452331542969,2267197
1997-10-02,57.05801709779247,58.048968117757184,57.005859893121226,57.99681091308594,1492727
1997-10-03,58.466282215284835,59.1443067885392,57.005930486533295,57.631797790527344,3256005
1997-10-06,58.10116675363616,58.62271924515613,57.944699013468245,58.30978775024414,2168542
1997-10-07,58.518414853780364,60.08307647705078,58.46625760647336,60.08307647705078,3130244
1997-10-08,60.08309024583188,60.08309024583188,58.57058552325937,58.83135986328125,2696749
1997-10-09,58.83133556711327,60.083065432724446,58.414093607050724,58.935646057128906,2909835
1997-10-10,58.883497483628034,59.0399612383721,58.15332001007623,58.30978775024414,2206101
1997-10-13,59.09210886201351,59.19641934333924,57.683911385981354,57.89253234863281,1552947
1997-10-14,59.19641934333924,59.19641934333924,57.475290423329895,57.89253234863281,2432144
1997-10-15,57.6317613342679,57.892535559333076,57.266672636668545,57.3709831237793,1748380
1997-10-16,57.9968453584127,58.831333230822416,57.683913900792824,57.84038162231445,2484352
1997-10-17,57.3188227086297,57.94468958200728,55.91062523259755,57.89253234863281,3736199
1997-10-20,57.42313227039645,58.779176476762,56.9537331192359,58.51839828491211,2486167
1997-10-21,58.518404097066366,59.09211378486413,58.205472627019454,58.935646057128906,2434148
1997-10-22,58.83133567856736,58.883492916385755,57.89253728122458,57.94469451904297,1825126
1997-10-23,56.74512428708283,57.16237028029808,55.44124102002314,56.22357177734375,4823600
1997-10-24,58.30978917144569,58.30978917144569,54.03304269504817,55.02399444580078,5527521
1997-10-27,54.24163982156627,54.763192096230064,51.581713257225445,51.6860237121582,4951864
1997-10-28,49.65199187485462,55.7020216012931,49.234745834304924,55.49340057373047,9121622
1997-10-29,55.858457577659195,56.3278566152694,53.35499870068621,54.1373291015625,4864477
1997-10-30,53.51149225299608,54.763222390040966,52.67700815191574,52.78131866455078,3762678
1997-10-31,54.13737015150472,54.65892281908487,52.98995029740319,53.928749084472656,3486305
1997-11-03,55.18043926489589,56.22354782542095,55.07612880738561,56.01492691040039,3390279
1997-11-04,56.22358046649728,57.31884289893023,55.91064492686678,57.11022186279297,3408495
1997-11-05,57.99684180833792,58.4140877117142,57.63175712284047,57.68391036987305,3302391
1997-11-06,57.370983123779304,57.57960409800081,56.4321847543591,57.3709831237793,2600660
1997-11-07,56.014931434969014,57.162350545686365,55.806306517674635,56.53648376464844,3527433
1997-11-10,57.26667359852379,57.52745181339243,55.85847602074129,55.91062927246094,2239967
1997-11-11,56.38003952297747,56.849434789030646,56.22357177734375,56.22357177734375,1938805
1997-11-12,55.858482575953964,56.43219232473798,54.81537357948993,54.867530822753906,2485478
1997-11-13,55.02398022907715,57.1623549074891,54.81535928128645,57.05804443359375,3421453
1997-11-14,57.57960341491953,58.4662445375542,56.953736514256406,57.84038162231445,3942462
1997-11-17,58.62272142596345,59.92660868140469,58.57056816758324,59.405052185058594,3629531
1997-11-18,58.83132265308254,59.19641128070863,57.94468168986392,58.04899215698242,2062374
1997-11-19,57.996841259550614,59.30072821895107,57.892530781049345,58.987796783447266,2473084
1997-11-20,59.665799045460666,60.44812939300336,59.50933138178337,60.030887603759766,3418135
1997-11-21,60.08305650729982,61.334790172387684,58.88348405760645,60.70892333984375,4133012
1997-11-24,60.13522651799068,60.81324673918488,59.56151679348606,59.770137786865234,2681037
1997-11-25,60.50030239080342,60.91754428888409,60.18737096724293,60.70892333984375,2387762
1997-11-26,60.865438289520725,61.647769448397284,60.81328101906347,61.28268051147461,2054550
1997-11-28,61.3869535589098,62.377909208705354,61.3869535589098,61.64773178100586,1129843
1997-12-01,62.117129568552336,62.69083925281241,61.230488416175,61.75204086303711,3491751
1997-12-02,61.38694875304347,61.69988020380577,61.126170551363245,61.43910598754883,2224943
1997-12-03,61.4912549308736,61.752033114293546,60.18737198461988,60.917545318603516,2852682
1997-12-04,61.49127998512583,61.69990102269397,60.343860293076425,60.500328063964844,2492364
1997-12-05,60.29172824162111,61.85639055937423,60.08310314521813,61.28268051147461,2432395
1997-12-08,61.334824875357356,61.54344594243455,61.02188928931637,61.38697814941406,1629567
1997-12-09,61.38694881309246,62.377904386277365,60.761085910955636,62.27359390258789,2726796
1997-12-10,61.96065699442777,62.169277956851616,60.552459519932015,61.54341506958008,3006549
1997-12-11,60.969727391205474,61.0218806578852,60.08308200340393,60.500328063964844,2696436
1997-12-12,60.917557625251234,61.23049310274402,59.87444866626417,60.29169464111328,2257870
1997-12-15,60.86539639464511,62.27359390258789,60.81323916008873,62.27359390258789,2573993
1997-12-16,63.42101242156827,63.8904115850575,62.638677825470744,62.89945602416992,3229463
1997-12-17,63.31673320369238,63.3688864779305,62.3257771534908,62.58655548095703,2087852
1997-12-18,62.586528763439986,62.638682015414446,61.59557313626672,61.75204086303711,2227885
1997-12-19,60.96970254945671,61.752033114293546,58.6748641003764,60.917545318603516,5304670
1997-12-22,61.3869535589098,62.0128204948556,60.5524656394566,61.64773178100586,2209982
1997-12-23,61.439114460323786,61.59557821457046,59.30073928833008,59.30073928833008,2180060
1997-12-24,60.08307001583496,60.29169499720359,59.30073928833008,59.30073928833008,1453165
1997-12-26,59.30075744286941,59.71800354792,59.09213638305665,59.09213638305664,1312631
1997-12-29,60.23395635592282,60.75773194284803,60.07682688175002,60.705352783203125,1928664
1997-12-30,61.91001953903571,62.329036712646484,61.386244069642174,62.329036712646484,2072390
1997-12-31,62.27665645162803,62.32903159283716,61.176730457679376,61.490997314453125,1685030
1998-01-02,61.43860480676851,62.06713438121882,60.33867905207518,62.01475524902344,1958774
1998-01-05,62.38138986388968,63.16704873818661,62.224256488078936,63.11467361450195,3532566
1998-01-06,62.48619629652865,63.009967982674475,62.01479977780654,62.27668762207031,2579564
1998-01-07,61.64814409706049,62.800445556640625,61.54338978276965,62.800445556640625,2089855
1998-01-08,62.48616521031527,63.114694923385045,62.06714806985525,62.22427749633789,2398279
1998-01-09,61.96240858849029,62.067166907780106,59.500676137560866,60.705352783203125,3254440
1998-01-12,59.08164927176364,62.53855741186654,58.87214065778906,62.38142395019531,4541530
1998-01-13,62.381426132115394,62.74806822058527,61.752896265826934,62.59093475341797,2937315
1998-01-14,62.64330359523463,62.74805788863732,61.96239468454702,62.329036712646484,2408607
1998-01-15,62.01479384029104,62.22430249469027,60.91486740112305,60.91486740112305,2123283
1998-01-16,61.75288102525827,62.69567359082004,61.22910960126825,61.490997314453125,3619703
1998-01-20,61.491004906725486,63.638474013801414,61.43862575666938,63.32421112060547,2918285
1998-01-21,63.00994422502931,63.69085316385752,62.852814779621454,63.32421112060547,3230840
1998-01-22,62.800413505930614,63.06230115919162,62.11950880935504,63.00992202758789,3154407
1998-01-23,63.32417444551151,63.58606203935566,61.70047776748245,62.06711959838867,3190652
1998-01-26,62.80044337472055,63.11471030905515,62.01478404364552,62.59093475341797,2528233
1998-01-27,62.80043775513446,64.63364803344227,62.69568345385693,63.90036392211914,3759423
1998-01-28,64.16225167650316,64.42413542850683,63.428967565180045,63.90036392211914,2665262
1998-01-29,63.90038266577291,65.26219298421584,63.79562833376819,64.6336669921875,3771254
1998-01-30,64.58124170458544,65.00025873336516,64.0574664162321,64.94788360595703,2363787
1998-02-02,65.57639214784119,65.89065884032813,64.58122496130629,65.8382797241211,4284125
1998-02-03,64.52890868040411,65.26219300707555,64.52890868040411,65.00030517578125,3212499
1998-02-04,64.52882646419904,65.209734758495,64.424072265625,64.424072265625,3009492
1998-02-05,64.63361728406409,64.89550091147687,63.95270864613114,64.26697540283203,2627077
1998-02-06,64.52886058830323,65.4716528764128,64.42410633433312,65.10501098632812,2212423
1998-02-09,65.20976730044765,65.26214242468347,64.05746253633991,64.58123779296875,1819304
1998-02-10,64.58124170458544,65.94305105049823,64.37173319019557,64.94788360595703,2675778
1998-02-11,65.10505162444554,65.83833586232578,65.00029730508851,65.73358154296875,1660992
1998-02-12,65.15743141421707,66.15259945890475,64.2670176898975,65.78595733642578,3425459
1998-02-13,65.419332291007,65.57646180177245,65.000310923408,65.20982360839844,1836706
1998-02-17,65.73355144945214,66.1001934005397,65.36690949836459,65.4192886352539,2151077
1998-02-18,65.41931858489767,66.15259882039685,65.36693942402863,65.73358154296875,2026130
1998-02-19,65.419332291007,65.57646180177245,65.05269009525108,65.20982360839844,1854359
1998-02-20,65.20980779205631,65.68120421478145,64.63365705343459,65.5240707397461,2561285
1998-02-23,65.4716528764128,65.57640713038292,64.7907482244178,65.10501098632812,2028133
1998-02-24,64.84313415284225,64.9478884177982,64.16222942943918,64.3193588256836,2289545
1998-02-25,64.73842132419223,65.00030515301327,64.3193999937918,64.6336669921875,2236712
1998-02-26,64.00514369048159,64.73842809357214,63.743255831894686,64.52891540527344,2241845
1998-02-27,64.10986281152462,65.20978881186184,64.10986281152462,65.15740966796875,2441159
1998-03-02,65.15741449030551,65.15741449030551,63.58609609053505,64.16224670410156,3431719
1998-03-03,64.05753209382007,64.89557101299167,64.00515691271217,64.73844146728516,2783135
1998-03-04,64.4241130203696,64.47649215397993,63.63845403286755,63.95271682739258,2049479
1998-03-05,63.363808323838256,64.62582533937238,63.31122243985982,64.25773620605469,2462567
1998-03-06,64.3628835474671,65.99298917944036,64.3628835474671,65.83523559570312,3093812
1998-03-09,65.62488435037618,66.5188117337497,65.51971665928369,66.0455551147461,2696999
1998-03-10,66.62401715370915,66.78176676107921,65.88783892539243,66.25592803955078,1987131
1998-03-11,66.36110269152452,66.67660595728299,65.99301353905098,66.46627044677734,1847285
1998-03-12,66.36110964213563,66.67661294093966,66.20335598364474,66.62403106689453,2439969
1998-03-13,66.2559293926718,66.41367900326354,65.20424790995992,65.8878402709961,2308763
1998-03-16,66.36109780876922,66.93952242918874,66.20334417840861,66.78176879882812,2042781
1998-03-17,66.99206433858569,67.30757141113281,66.62397945090511,67.30757141113281,2167853
1998-03-18,67.20242368811307,67.30759140414287,66.7291669568911,67.04467010498047,1761212
1998-03-19,67.09728517466563,67.41279249714269,67.04470329970466,67.3602066040039,2162031
1998-03-20,67.72826078437022,68.72735601457725,67.20241822876352,68.67477416992188,4254766
1998-03-23,68.14896590513888,68.51705507564157,67.51795130635996,67.67570495605469,2084659
1998-03-24,68.25414523754597,69.67392037273954,68.09639155181814,69.51616668701172,2669393
1998-03-25,69.98939096092909,70.19972644338897,68.2015353418433,68.99029541015625,2616435
1998-03-26,68.62217479243179,69.88419514396924,68.62217479243179,69.35835266113281,2180561
1998-03-27,70.25231170654297,71.04107172281938,69.83164076937595,70.25231170654297,3122294
1998-03-30,70.41006758917771,71.9875876726366,70.41006758917771,71.77725219726562,2623008
1998-03-31,71.98756989881309,73.72284316944732,71.98756989881309,72.51341247558594,3124110
1998-04-01,72.14534554114556,73.1444411171416,71.77725642845957,72.72377014160156,2808174
1998-04-02,73.35474268076261,74.24867411763672,73.19698912880246,73.82799530029297,3262891
1998-04-03,74.87973541695499,75.24782463040597,73.24962489504978,73.5125503540039,3632160
1998-04-06,74.24872309096358,74.56422236663232,73.0392837524414,73.0392837524414,2727547
1998-04-07,72.82890908609144,73.40733348972915,72.77632724112921,73.30216979980469,2591395
1998-04-08,73.40733648882781,73.93317906898689,72.46082305908203,72.46082305908203,2341314
1998-04-09,73.14442570504866,73.67026833185152,72.40824763479507,72.77633666992188,1914203
1998-04-13,72.04018797950555,73.24961928167235,71.35659148223843,73.0392837524414,2399844
1998-04-14,73.30218684007978,73.80173457422654,72.72376230197797,72.88150787353516,2171296
1998-04-15,72.72378522708658,73.56512735269077,71.77727131760413,72.82894897460938,1939118
1998-04-16,73.03927200382955,73.03927200382955,71.82984089620379,72.04017639160156,2064878
1998-04-17,72.40824566511681,73.45992285376228,71.51431402750424,73.40734100341797,2750521
1998-04-20,73.30217279460683,73.35475464171732,72.14532394006768,72.46082305908203,2515401
1998-04-21,71.61948896554189,72.82891979562706,71.25139992397645,72.40824890136719,2597217
1998-04-22,72.61861011859064,72.72378189765394,71.51434260202402,71.6720962524414,2005660
1998-04-23,71.19882263530964,71.93499272927868,70.83073357014874,71.04106903076172,2035019
1998-04-24,71.0936527420245,71.88241274899414,69.83163994541425,70.56781005859375,2704135
1998-04-27,69.83161330659057,70.25228407831975,68.67476466616037,69.35835266113281,3035470
1998-04-28,69.9368040174114,70.19972134229285,67.88602316700653,68.25411224365234,2723729
1998-04-29,69.4109651863704,70.19972524117536,68.56962327093937,69.25321960449219,2214113
1998-04-30,70.1997395636859,72.25052094640176,70.04199394962359,71.6720962524414,2949460
1998-05-01,71.88244010596665,72.09277565211772,71.1462616762599,71.51435089111328,1621617
1998-05-04,71.88241094303764,72.35567175714111,70.93589735118346,70.98848724365234,1772605
1998-05-05,71.19883371250063,71.40916920583783,69.93681271612344,70.09456634521484,1905878
1998-05-06,70.46263311144403,70.83072211708631,69.77903694772223,69.88420867919922,2187008
1998-05-07,69.98936785705803,70.04195773757797,68.77993722306493,68.8851089477539,2057679
1998-05-08,69.41096295485579,71.09365476797392,69.35838109592018,69.98938751220703,2426260
1998-05-11,70.51523021062268,70.8307374369427,69.25321737804897,69.98938751220703,2032515
1998-05-12,69.98937921348862,70.30488640239861,68.93770197770907,70.19971466064453,2049792
1998-05-13,70.56783029406515,71.56693408998453,70.19974111374857,71.19884490966797,2105880
1998-05-14,71.14621816039562,71.77723244925136,70.67296548010493,70.77813720703125,2437340
1998-05-15,70.41009888189815,71.14626935469987,69.35841300128388,69.51616668701172,3249620
1998-05-18,69.51613672309173,70.04197943674201,68.14895209668374,69.41096496582031,2407418
1998-05-19,69.7264633178711,70.620395013551,69.51612786647918,69.7264633178711,2169168
1998-05-20,70.30490989176876,72.19793758499819,70.30490989176876,72.09276580810547,3478731
1998-05-21,72.09274985625854,72.56601069302569,71.93499624400282,72.30308532714844,3795417
1998-05-22,72.35570111207359,72.56603665822466,71.3040153449622,71.51435089111328,1656047
1998-05-26,71.98759530013429,72.25051266311726,69.51614315721933,69.67389678955078,2210170
1998-05-27,69.35837925787202,70.72556380843872,68.7273728583073,70.462646484375,3156473
1998-05-28,70.35747282484772,71.35656827281804,69.67388458627973,70.98848724365234,2306509
1998-05-29,71.3039818521505,71.461735446753,69.46354467872732,70.14713287353516,2459062
1998-06-01,70.14713422065492,70.620395013551,69.04286707358308,69.7264633178711,2233957
1998-06-02,70.1471347649943,70.41006010853879,69.25321109872998,69.62129211425781,2167603
1998-06-03,69.51615571195721,69.72649124760139,68.35930624773646,68.4118881225586,2202783
1998-06-04,68.41185934164318,70.19971466064453,68.04377030003228,70.19971466064453,2574369
1998-06-05,70.35748707098583,71.35658272125521,69.72648056076638,71.30400085449219,2501629
1998-06-08,71.30398634743975,71.56691170047053,70.8833154262138,71.04106903076172,1898929
1998-06-09,70.72554588437542,71.67205926202291,70.56779231537568,71.35655212402344,1856300
1998-06-10,70.88329071405005,73.03923446096724,70.83070887631669,71.7246322631836,3459138
1998-06-11,71.51429938834548,71.82980649852996,70.35745069946938,70.8307113647461,2695121
1998-06-12,70.67295532676665,72.04013936228365,70.4100381017499,71.7246322631836,3182076
1998-06-15,71.3039882081262,72.46083728986207,70.46264634371938,70.56781005859375,3016127
1998-06-16,71.04104426360007,71.82980397500026,70.72553716450001,71.7246322631836,3028209
1998-06-17,72.5134012706345,74.03833084584261,72.35564771834399,73.67024993896484,3887688
1998-06-18,73.56506234118295,74.35382189597682,73.35472699566115,73.98573303222656,2651114
1998-06-19,73.98580469130765,74.6168193753918,72.93412694509429,73.1970443725586,4271292
1998-06-22,73.09183736981348,73.67026179708304,72.40824121197153,72.46082305908203,2249857
1998-06-23,73.19699555265491,74.3012624769376,72.88148842104535,74.14350891113281,2182564
1998-06-24,74.03837776723566,75.93140552171708,73.72287849905888,75.56331634521484,2892182
1998-06-25,75.51069641113283,75.82620355662945,75.037443729239,75.51069641113281,2287103
1998-06-26,75.66847935494138,76.08915035465482,75.40556198920906,75.77365112304688,1732104
1998-06-29,76.19426666352683,77.19336156972736,76.14167679957535,76.45718383789062,1942999
1998-06-30,76.50976566549372,77.40369691648809,76.0365131443692,76.45718383789062,2953904
1998-07-01,77.14080173385881,77.29855529798972,75.77361757197535,76.72013092041016,2761726
1998-07-02,76.72017021095408,76.77275208047612,76.0891556312702,76.50982666015625,1338108
1998-07-06,76.49925422900901,77.76545210703753,76.34097848638648,77.5544204711914,1813169
1998-07-07,77.81820788088692,78.92613001459334,77.65993213850719,78.18751525878906,2584510
1998-07-08,78.50408761194701,78.8206392133662,77.92374838464829,78.76788330078125,2591959
1998-07-09,78.66234174081197,81.19472966561668,78.6095858427615,79.4537124633789,3356288
1998-07-10,79.61197412424933,79.61197412424933,78.5040520836452,79.18991088867188,3268713
1998-07-13,80.19231569337003,80.19231569337003,78.9788818359375,78.9788818359375,3123797
1998-07-14,79.13714987582277,80.50885933410669,79.08439399052929,80.24506378173828,2849177
1998-07-15,80.08679102897956,80.24505867478751,78.97886913062382,79.40093231201172,2937190
1998-07-16,79.77025793553335,81.24748747267623,79.5592262963632,80.82542419433594,2851242
1998-07-17,81.03645177707845,81.77505844572572,80.87817603988566,81.61679077148438,3016002
1998-07-20,81.51126263093995,81.56401851698517,79.87576565993294,80.61437225341797,2673713
1998-07-21,80.71987815014501,81.03642953765709,77.81818397444854,78.45127868652344,3278979
1998-07-22,77.76549621286463,77.97652796840048,76.39377770744717,77.13239288330078,5734723
1998-07-23,76.86857800781095,77.29064136955274,75.813411540503,75.97168731689453,2979382
1998-07-24,76.6575187738081,77.87095251840776,75.86614823924742,77.39613342285156,3462455
1998-07-27,76.81577823852588,78.2929991610714,76.28819530614234,77.65990447998047,2720724
1998-07-28,77.39616191805206,77.87098118842403,75.6551444884323,76.65754699707031,3165174
1998-07-29,77.23788303892118,77.44891471316328,75.33858990778916,75.54962158203125,2553899
1998-07-30,76.18265414002931,77.60712685188172,76.02438656133158,77.07954406738281,2632898
1998-07-31,77.07960587862088,78.24028409751499,74.33618609995355,75.49686431884766,3673413
1998-08-03,74.86377065648274,76.86857559325922,74.81100669070732,75.54962158203125,2760412
1998-08-04,76.55200326271978,76.55200326271978,72.12032318115233,72.12032318115234,4790861
1998-08-05,72.54239732022498,74.6527218697827,72.17308991933096,73.22825622558594,5021098
1998-08-06,73.22825920863632,75.28582794558474,73.17550331006015,74.96927642822266,3417384
1998-08-07,75.91890892536972,76.23546038439083,74.07237218599843,74.38892364501953,3232530
1998-08-10,74.33617660197201,75.28582302908961,73.8613493569372,74.1251449584961,2206351
1998-08-11,72.8061590035021,73.86131675514348,72.33133196805214,73.70304107666016,3515163
1998-08-12,74.7054846362756,75.65513107156036,74.1251455959878,75.44409942626953,2716530
1998-08-13,75.07479277020755,75.86616346357536,74.17790222167969,74.17790222167969,2680285
1998-08-14,74.23062634651153,75.49682375172921,73.12270462481465,73.80856323242188,2944702
1998-08-17,73.49207887260941,75.4968925868698,73.0172594520738,75.39137268066406,2977316
1998-08-18,75.4441039542553,77.0796013191561,75.4441039542553,76.60478210449219,2687046
1998-08-19,76.97406906644034,77.60716387207012,76.44648603027363,77.02682495117188,2236586
1998-08-20,76.23550683476303,77.29066556949087,76.12998692981225,76.34101867675781,2282346
1998-08-21,75.76064790659238,75.81340380568935,73.4920474899909,75.65513610839844,3688749
1998-08-24,75.54959614339731,76.12993506789292,75.18028882208642,75.76062774658203,2326040
1998-08-25,76.12996901148647,77.39616725809718,75.39135403954306,76.23548889160156,2486355
1998-08-26,75.60240353097034,76.71032624965156,74.81103246418546,76.34101867675781,2754966
1998-08-27,75.23308070981956,75.49687638725234,72.01484117395614,73.06999969482422,5240256
1998-08-28,73.28100995706211,74.23065637945516,71.53999285983352,72.48963928222656,5541919
1998-08-31,72.54237133108235,72.96444254014379,67.53035736083984,67.53035736083984,6105682
1998-09-01,68.37449258867217,71.32894288631297,65.84210143594082,69.79895782470703,6868196
1998-09-02,70.43203569294961,71.11789423725229,67.58310187285154,67.84689331054688,4373328
1998-09-03,66.95003431748901,67.42485748464713,64.99798172740539,65.6310806274414,6331663
1998-09-04,66.68626704049355,67.05557453061691,61.30493854207232,64.0483627319336,6695737
1998-09-08,69.21861753440214,69.42964911830461,66.15865150486658,69.11310577392578,6046276
1998-09-09,69.21860630325175,70.27377211450661,67.10828274369045,67.6886215209961,4524316
1998-09-10,65.63111288442076,66.21145214823606,63.415271692446225,65.05077362060547,6912266
1998-09-11,64.52317659157104,67.37211639067017,63.52077408715287,66.89729309082031,5468115
1998-09-14,67.47763355962879,68.2690043977948,66.47523103548208,66.79177856445312,4720813
1998-09-15,66.15865846673366,66.21141435252332,64.57591335796332,65.89486694335938,4827105
1998-09-16,68.48003171463337,68.79658325488471,66.15867928547512,67.42487335205078,7353899
1998-09-17,65.52556728528965,66.6862452861985,65.31453565448363,66.05314636230469,4007564
1998-09-18,65.94761146476293,66.15864706598093,64.99796536944302,65.73657989501953,4996435
1998-09-21,63.52077408715287,67.00280893173398,63.41525824623921,66.89729309082031,4271230
1998-09-22,67.95245656481865,68.05796836960033,66.89729013928293,67.42487335205078,3214314
1998-09-23,68.37449732142406,71.11791622076686,67.89967016791253,70.95964050292969,4606758
1998-09-24,69.64069374725142,70.85413566067886,67.68864518328493,69.00759887695312,4533580
1998-09-25,67.74140430495346,70.85413904071748,67.53037670292944,70.11552429199219,4066469
1998-09-28,70.79326629638672,71.95815144053576,70.10492139658157,70.79326629638672,3318791
1998-09-29,71.42865530946895,71.42865530946895,68.8870884819679,70.21082305908203,3267961
1998-09-30,69.46952523749975,69.52247235034568,66.50436148938763,67.40450286865234,4213576
1998-10-01,66.1337442778437,66.45143921191887,63.22153060026322,64.0157699584961,6218485
1998-10-02,63.43334026124986,63.90988478335789,59.83278075063569,63.85693359375,8874795
1998-10-05,63.27444297294117,63.32739412257649,59.62093907682256,61.844810485839844,6448285
1998-10-06,63.962808593064125,64.33345464683441,61.2094448440665,62.480228424072266,4624348
1998-10-07,63.221542979790605,64.22757915773407,60.362275874965974,63.53923797607422,5212400
1998-10-08,61.89779409617171,62.639082257201736,58.45608490150365,60.627010345458984,9743288
1998-10-09,60.99765211071361,61.42124938964844,58.66788123788633,61.42124938964844,7283225
1998-10-12,63.115610376094985,63.85690239184923,62.268424125048725,62.74496841430664,4620655
1998-10-13,62.956807892029545,64.70413679502494,62.48026327793158,64.49234008789062,3994669
1998-10-14,64.54527796899518,66.71620402047353,64.12168461558035,65.76311492919922,4253639
1998-10-15,65.49835744897601,70.2637981599711,64.9688658349056,69.46955871582031,5285265
1998-10-16,70.52852565309952,71.37571194272388,69.78723360358924,71.00506591796875,6596769
1998-10-19,70.21082155934579,71.26981243528755,70.05197211873678,70.63441467285156,3067395
1998-10-20,71.11098808575015,72.54061737131232,69.36365980687187,69.68135070800781,4621970
1998-10-21,70.31675259893586,71.79932910164318,69.89315122026746,71.05803680419922,3245363
1998-10-22,71.21686412554493,73.49368744640965,69.99903178320348,73.28189086914062,3800363
1998-10-23,72.69947181765899,73.54665840127514,72.38177280271259,73.3348617553711,2690677
1998-10-26,72.75238037109375,74.34085841899821,72.54058383751826,72.75238037109375,2980195
1998-10-27,74.393785594645,74.393785594645,72.11696360125057,72.43465423583984,3398980
1998-10-28,72.38173823108924,72.69943709429344,71.42864973365353,71.95814514160156,2742070
1998-10-29,71.95819735153904,73.652579031041,71.21690486099551,73.54667663574219,2504008
1998-10-30,74.3408859675298,75.34692999004409,73.75844326131705,74.12908935546875,3476039
1998-11-02,74.23498996646853,75.3998753515726,73.9172910097386,74.023193359375,2553711
1998-11-03,74.12905554085557,75.77048865079902,74.07610843503744,74.97624969482422,2623258
1998-11-04,75.4528541986759,76.2470938321987,74.73803933772362,75.1881103515625,3226020
1998-11-05,74.81745014652668,76.9354248046875,74.55269825664337,76.9354248046875,3016252
1998-11-06,76.72359248364586,77.25308792509897,76.29999936735432,76.56474304199219,2604979
1998-11-09,76.61774007346703,76.61774007346703,74.76451695930803,75.1881103515625,2527232
1998-11-10,75.18805328984104,76.67062903757524,75.08215097605748,75.45279693603516,2516089
1998-11-11,75.61164633312566,76.29999114202718,73.59957520155841,73.86431884765625,2702508
1998-11-12,73.81141114236854,74.60565059685705,72.9642164566482,73.38780975341797,2214927
1998-11-13,74.02320318082971,75.29398299199896,73.86435368138848,74.71154022216797,2077461
1998-11-16,75.24108427324369,76.72366976581928,75.24108427324369,76.61776733398438,2546199
1998-11-17,76.24707794189453,77.94145924997684,75.87643177787088,76.24707794189453,3231341
1998-11-18,76.14118115057555,77.94145667918153,75.61168549198061,77.72966003417969,2731178
1998-11-19,77.88848091539978,78.68272006530306,77.35898545140502,78.41797637939453,2898191
1998-11-20,78.4709328798065,78.57682712995911,77.72964076002351,78.52388000488281,3190965
1998-11-23,78.52387254037039,80.16530609130858,78.52387254037039,80.1653060913086,2932620
1998-11-24,79.42407043393777,80.1124077597591,79.26522086884556,79.84766387939453,2373740
1998-11-25,79.47694409372036,80.00643945697198,78.57680278541024,78.94744873046875,1925221
1998-11-27,78.73567993696483,78.841582283788,78.15323725988495,78.20618438720703,1074067
1998-11-30,77.57077871622893,78.04732704118993,76.56474304199219,76.56474304199219,2567420
1998-12-01,75.8764071916099,77.57078795066137,75.50576114768681,77.20014190673828,2985266
1998-12-02,76.35296855211303,77.25311025353315,75.87642008941542,77.04130554199219,2542694
1998-12-03,75.82350788907323,76.67069475681237,74.55271949528108,74.60567474365234,2749144
1998-12-04,75.45282463362297,76.56476292173168,75.39987750338335,76.35296630859375,2720787
1998-12-07,76.51183149149156,77.5708147744814,76.35298197599779,76.9354248046875,2123533
1998-12-08,76.14122662119108,76.93546653730358,75.45288104472797,76.61776733398438,3054876
1998-12-09,76.4588745938822,77.09427264202617,75.71759035801584,76.24707794189453,2533930
1998-12-10,76.3529617535779,76.3529617535779,74.81743033079908,74.92332458496094,2459876
1998-12-11,74.87035444066689,75.61164636062223,73.4407258037362,75.45279693603516,3314410
1998-12-14,74.76451776685629,75.18811116368609,73.01718893579628,73.54667663574219,3010243
1998-12-15,74.60565023829186,79.21224552592987,74.60565023829186,78.89454650878906,5443890
1998-12-16,78.94744941375649,78.94744941375649,77.57076793112809,77.94141387939453,3359293
1998-12-17,77.67674221931048,79.9006118774414,77.67674221931048,79.9006118774414,3228086
1998-12-18,79.84761161817194,82.17738213550494,79.74170928003028,82.07147979736328,5490338
1998-12-21,82.07147474942015,84.29535088400662,82.07147474942015,83.3422622680664,3266083
1998-12-22,83.13047389188333,84.08356260177781,82.75982783291444,83.92471313476562,2028509
1998-12-23,83.92469544821653,86.14857133336339,83.92469544821653,85.88381958007812,2493992
1998-12-24,85.883837280391,86.41333280391149,85.46024409844607,85.51319122314453,862484
1998-12-28,85.98973300444668,86.62512272846634,85.40729040105083,86.1485824584961,1455919
1998-12-29,86.55240577351856,88.35890710162197,86.23361763101069,87.77444458007812,1686720
1998-12-30,87.98700472244833,88.35893108978759,86.60555928939904,86.97748565673828,1688786
1998-12-31,86.76489145234137,87.29621559003628,85.48972326602357,86.71176147460938,2510581
1999-01-04,86.18049111322232,87.9869926846103,84.58652582563413,85.48977661132812,3565993
1999-01-05,85.48976383770578,87.50878515095741,85.11783757682329,87.29625701904297,2633962
1999-01-06,87.66819107523737,89.15589625105162,87.29626478128382,88.99649810791016,3226584
1999-01-07,87.66815662542676,88.35887893423912,86.658646275731,87.50875854492188,2562850
1999-01-08,87.45563477810732,88.04008903477492,85.33034583384998,87.03057861328125,3205112
1999-01-11,85.86168941833881,87.03059819467185,84.00205812865954,84.74591064453125,3738327
1999-01-12,84.58649003675522,85.22407425800007,82.56746927608322,83.09878540039062,3362736
1999-01-13,80.76096505061248,83.73637419739967,79.96398277775914,82.08927154541016,4407256
1999-01-14,82.46115989415165,83.52380785099449,81.87670595392485,82.51428985595703,3168054
1999-01-15,84.05518211105861,85.80854514998033,83.63012588104029,85.6491470336914,3749846
1999-01-19,85.86165543225012,86.49923957057112,84.63960901697793,86.23358154296875,3117599
1999-01-20,86.55238364797626,86.87117982911863,84.48022471080453,85.3303451538086,3768813
1999-01-21,85.33035163703317,86.07420403613052,84.16144304420234,84.4271011352539,3056065
1999-01-22,84.00209147737641,84.85220433579272,82.78005221336997,83.20510864257812,3031652
1999-01-25,83.31132581773717,86.18046741862757,83.31132581773717,85.43661499023438,2886360
1999-01-26,85.4365851681666,86.81802955019835,84.95839912832868,86.71176147460938,3027708
1999-01-27,87.45562097533542,87.56188093970789,86.28671264648438,86.28671264648438,2789270
1999-01-28,86.49923350302727,88.57139195737459,86.49923350302727,87.93379974365234,2761789
1999-01-29,87.98696000418487,89.26212851257583,86.9243114603987,89.15586853027344,3480045
1999-02-01,89.20901029278717,89.20901029278717,86.81806293396707,86.8711929321289,2885734
1999-02-02,86.71176147460938,86.97741948339434,84.74587109727571,86.71176147460938,2945015
1999-02-03,86.39297146166834,88.99645423592172,86.18044341562477,87.45561981201172,2952402
1999-02-04,87.50877568463227,87.98697001980737,84.79903214569056,85.11782836914062,2955782
1999-02-05,84.74589216016302,85.11781833697611,82.03614894059731,83.31131744384766,4238553
1999-02-08,83.47072404313572,84.05517836338456,82.24868540628667,82.93939971923828,2813933
1999-02-09,82.46124248153153,83.20509517228754,81.45173159556153,81.61112976074219,2646232
1999-02-10,81.39854122428171,83.84261754435649,81.39854122428171,83.25816345214844,2704010
1999-02-11,83.25819557950955,85.1178266450884,82.72687125789733,85.01155853271484,2441534
1999-02-12,84.85216141941017,84.85216141941017,81.87675979971468,82.99253845214844,3027395
1999-02-16,83.78949661971828,84.95840493040043,82.72684827175694,84.16142272949219,2679847
1999-02-17,83.52385875360213,86.18046402450015,83.31132253660789,84.4271011352539,2932871
1999-02-18,85.01156807480419,86.18047684147808,83.68326118174227,85.54289245605469,2658877
1999-02-19,85.38347514395669,86.23359558696075,84.90528899236999,85.3303451538086,2729551
1999-02-22,85.33030417520337,88.41197204589845,85.17090616118068,88.41197204589844,3681300
1999-02-23,87.98693857571837,88.83705070760814,86.81803033430741,87.56187438964844,3021448
1999-02-24,87.56188835327632,88.7839348879058,85.59599764468385,85.86166381835938,2878535
1999-02-25,85.54287323452787,86.39298555740505,83.36445431705995,85.3303451538086,3838610
1999-02-26,85.86166061298898,86.23358674614899,84.00202994718902,85.27720642089844,3257633
1999-03-01,85.11781847119244,86.3398569854327,83.73638186376279,85.80853271484375,2737188
1999-03-02,86.23360213881246,86.499260229864,83.78951684465368,84.4271011352539,2611427
1999-03-03,84.1614263701905,85.11780667667709,82.93937990515849,83.94889831542969,3168993
1999-03-04,84.40749322019954,85.84716277547545,84.24752812538856,85.74051666259766,2818002
1999-03-05,87.02020030866267,88.61983442633455,86.91355423128046,88.45986938476562,3527120
1999-03-08,88.67319513530495,89.89958067029515,88.40658391534232,89.41968536376953,4349290
1999-03-09,88.99311492958722,91.44589408626148,88.83314983147626,90.43279266357422,4021398
1999-03-10,90.59273152661405,90.80602371418779,89.47299236140687,90.219482421875,4831049
1999-03-11,90.9126728979704,91.92577424364453,90.3261396821579,91.33924102783203,3382579
1999-03-12,91.81914192715632,92.72559722155319,91.33924663981843,91.6058578491211,3907156
1999-03-15,92.13905390209374,94.05861854368034,92.13905390209374,93.95198059082031,3850567
1999-03-16,93.95193719030146,94.11189404570042,93.1521203172793,93.84529113769531,2909647
1999-03-17,93.84539962762585,93.84539962762585,91.97915266709562,92.51236724853516,2944326
1999-03-18,92.13901133904481,94.11189404570042,92.0323734354455,93.84529113769531,2784137
1999-03-19,95.07176317672214,96.35147623743836,94.91180617452015,95.5516586303711,5828496
1999-03-22,94.91174316691936,95.39163015297879,94.16524505615234,94.16524505615234,2346071
1999-03-23,94.32522741083065,94.32522741083065,90.48609822179965,90.91266632080078,3321045
1999-03-24,90.91267437677914,91.44588862228508,90.2194950427203,91.07263946533203,2584697
1999-03-25,91.87243363339365,93.3121027699608,91.76578755153245,92.56561279296875,2765920
1999-03-26,92.72558608758357,92.88555116415516,91.4992007488856,91.97908782958984,1910573
1999-03-29,92.13909590113742,95.87158893280373,92.13909590113742,95.5516586303711,3191967
1999-03-30,95.33830226128632,97.09790129377096,94.37852023002122,96.67133331298828,3184768
1999-03-31,97.2578631507342,97.4178281755608,94.16523316744605,94.3785171508789,3397165
1999-04-01,94.69848336541804,95.92486877575946,94.32523421461656,95.231689453125,2510080
1999-04-05,95.97818853693154,97.95107226495455,95.92486955752851,97.79110717773438,2458749
1999-04-06,97.15122025411675,97.47115031420783,95.764870242069,96.67133331298828,2911337
1999-04-07,97.36450292763446,97.68443298339842,95.23165490356013,97.68443298339844,2776938
1999-04-08,96.93791539634164,97.68441327652019,95.92481462281634,97.15119934082031,3052372
1999-04-09,97.15121677236044,97.63111184529834,95.39161780293723,95.7115478515625,2741256
1999-04-12,94.37852229628383,99.39071655273438,94.37852229628383,99.39071655273438,3627653
1999-04-13,97.25793913637769,100.19060638607232,97.25793913637769,99.7640380859375,4061587
1999-04-14,99.71067007852166,99.87063516277738,97.25789928330381,97.31121826171875,3098069
1999-04-15,96.83128578459379,97.09788870075411,94.0052590176631,95.97814178466797,4119678
1999-04-16,95.33837249424165,95.71162178964023,93.79205631302301,94.91180419921875,3195284
1999-04-19,94.91176594314878,95.65825608404413,85.740510551742,89.3663558959961,6314198
1999-04-20,89.15303540644813,93.47205014871147,88.61982139595668,93.2587661743164,4738528
1999-04-21,93.15216782346658,96.88465118408203,92.56563460752686,96.88465118408203,3742334
1999-04-22,98.00440840563596,98.00440840563596,95.17838000223378,96.61804962158203,3108460
1999-04-23,95.87156564979179,97.57783845101524,95.76491952520915,96.29813385009766,2289670
1999-04-26,96.51142199574056,96.83135223388672,94.91178710303518,96.83135223388672,2365790
1999-04-27,97.31117266348379,98.05767060754121,94.96504092445022,95.97814178466797,2899005
1999-04-28,94.8051460387077,96.29814303113243,94.37857779773296,95.12507629394531,2543633
1999-04-29,94.69850831963296,95.07174941977703,90.53944758588486,91.81916046142578,3422705
1999-04-30,93.41878953753817,94.05864186034637,88.45991162599,89.89958953857422,6059672
1999-05-03,89.95291938422372,90.5394527881704,88.08667303120542,90.11288452148438,3457510
1999-05-04,89.57968619315311,90.0595816910762,88.19333500306705,89.5263671875,4196487
1999-05-05,89.52634447647405,93.52543186627013,89.52634447647405,92.99222564697266,3895513
1999-05-06,93.79202604500223,94.59184337731128,90.53942958433696,92.35234832763672,4315862
1999-05-07,92.45896106518529,94.27187915404882,92.45896106518529,93.7919921875,3630157
1999-05-10,93.57876343868487,94.5918650821395,92.19241253463957,92.77894592285156,2414992
1999-05-11,93.73870161587723,95.33833618754824,92.77891924307242,94.64515686035156,3010806
1999-05-12,94.43183223157494,94.43183223157494,92.35230329224214,94.00526428222656,3196787
1999-05-13,94.64511608238813,94.9650461184845,92.99216324357445,93.2587661743164,1951825
1999-05-14,91.71251026410478,92.03244050607246,89.47302301736941,90.37947845458984,4077612
1999-05-17,89.95287033238152,91.01929856658042,89.20637219824414,90.64604949951172,2488233
1999-05-18,90.59269572487587,90.75266072783388,87.50006616437683,88.93974304199219,3377697
1999-05-19,89.89958159701277,92.35235269227724,89.792935478126,92.13906860351562,2787392
1999-05-20,92.35236866471995,93.2588323104896,90.59276851635298,90.80606079101562,2597906
1999-05-21,90.96604867746488,91.4992632472443,88.72656052281704,88.83319854736328,3720549
1999-05-24,89.68627709370546,89.95288010671985,87.5001014207492,88.2999267578125,3152780
1999-05-25,88.77981830738865,89.57963553594948,87.07353775025399,87.34014892578125,3307461
1999-05-26,88.29996414479835,88.35328314017495,86.59368295162552,87.98003387451172,4021211
1999-05-27,87.87337381364956,87.87337381364956,85.52724060059664,85.9004898071289,3186020
1999-05-28,85.74050689759203,88.88646500655022,85.63386894587069,86.75361633300781,3201043
1999-06-01,87.12689621731454,88.35328198907968,85.95382129121795,87.50013732910156,2898379
1999-06-02,87.60676930030765,87.82005339355797,85.52723920485187,87.07355499267578,3192718
1999-06-03,87.92667343376516,88.29992252349261,87.07352916481253,87.76670837402344,2539251
1999-06-04,88.0866259644783,89.5796222491504,87.6600579257175,89.47298431396484,2435587
1999-06-07,88.72647479261845,89.79289475275405,88.24657969880127,89.09972381591797,1874641
1999-06-08,88.56653425637313,88.67318035638613,86.8069347237372,87.34014892578125,2257619
1999-06-09,87.2868583502633,87.82007277557636,87.02025521211371,87.6067886352539,1986192
1999-06-10,87.02022766080887,87.07354664175479,85.15398183758856,86.1670913696289,3195848
1999-06-11,86.16706063432449,87.55341068749435,85.47388153323537,86.4603271484375,3313220
1999-06-14,86.22043013400561,88.72652875063967,86.16711114082554,88.51324462890625,2941009
1999-06-15,88.03332260221595,90.05953336902233,87.87335752207193,88.88646697998047,2736875
1999-06-16,89.63295712466946,91.92577092619565,89.63295712466946,91.1259536743164,3537010
1999-06-17,90.64612843702119,92.72565145130771,90.59280127456584,92.51236724853516,2281031
1999-06-18,92.1923920443101,92.51231409013073,91.49921267184415,91.76581573486328,3402235
1999-06-21,91.87243513595605,91.87243513595605,89.5796217540279,90.05951690673828,2509391
1999-06-22,90.00621117958646,91.17927763296814,89.57964304181334,90.32614135742188,1811041
1999-06-23,89.89953238381015,90.64603036033049,88.56650144702489,90.27278137207031,2309076
1999-06-24,89.0997557208723,91.49920760213234,88.0333272298604,91.07263946533203,3850629
1999-06-25,91.55249379873395,91.6591398692516,88.56650976134605,89.09972381591797,2407355
1999-06-28,89.73958398573363,90.96596908911755,89.73958398573363,90.59272003173828,2415869
1999-06-29,91.12596382600633,93.57874298095703,90.53943056601938,93.57874298095703,2952339
1999-06-30,92.9922088549289,96.4047622680664,91.49921215286226,96.4047622680664,4562376
1999-07-01,95.60496352778863,95.818247648276,94.53854292535176,95.12507629394531,2855812
1999-07-02,95.33832066179676,96.35142184893846,94.85842547903928,96.13813781738281,2013297
1999-07-06,95.7423565337493,98.41672636371139,95.7423565337493,97.50743865966797,2888113
1999-07-07,97.93535227174242,101.6259803313007,97.66791036163985,100.9306411743164,4975401
1999-07-08,99.91436257787866,101.03759875025533,98.73764130426513,100.12831115722656,4828795
1999-07-09,100.1282898300763,100.87711378549588,99.21900243072416,100.23526000976562,3615947
1999-07-12,100.34222778463263,100.39571286883829,98.1492494138259,98.73760986328125,3379136
1999-07-13,97.77485812531731,99.11204273365165,97.72137302981577,98.8980941772461,1975675
1999-07-14,99.11202239990233,99.593404509455,98.09575674747292,99.11202239990234,2176805
1999-07-15,99.70043867903637,100.60971832275392,99.48649004672622,100.6097183227539,2786390
1999-07-16,100.50273416494079,101.83991906235804,100.28878556228217,101.73294067382812,2895124
1999-07-19,101.83992998488462,102.69572448730467,100.98412730806248,102.69572448730469,3214252
1999-07-20,102.21434532668353,102.32131555563744,100.39576969044377,100.6097183227539,2566419
1999-07-21,100.18181458239091,100.877153723254,99.37950521948848,100.07484436035156,2064628
1999-07-22,99.80739516441187,100.82365307154593,97.93534284588098,98.4167251586914,2798096
1999-07-23,98.41668500722773,99.32597232917205,97.5073976852834,98.5771484375,1963969
1999-07-26,98.04230297864304,99.1120540572903,97.40045723609491,97.56092071533203,2100434
1999-07-27,98.41668419315548,100.02130213380961,97.40042670903438,99.48643493652344,2250295
1999-07-28,99.27250936212705,99.27250936212705,97.34697213448267,97.56092071533203,1987569
1999-07-29,96.7051599268804,96.7051599268804,94.19125279964094,95.849365234375,2832087
1999-07-30,95.6888487588827,96.11674586845861,93.01447956243429,93.28192138671875,2654745
1999-08-02,92.47957808544774,94.08419574054649,92.1051662093385,92.3191146850586,2593712
1999-08-03,92.64003331144053,93.22839366326983,91.24936413206184,92.3191146850586,2605856
1999-08-04,92.10522375621282,94.08425452390914,91.24942114423504,91.35639953613281,2260562
1999-08-05,91.57034915107428,93.87030694531862,89.85875208272489,93.7633285522461,3115534
1999-08-06,92.53312350274699,93.22845445867188,90.82152640643686,91.57035064697266,2856563
1999-08-09,91.08893007931516,91.46333386805665,89.75174566444441,89.91220092773438,2406291
1999-08-10,89.53779860239936,90.71451959881423,87.77270893337865,89.75174713134766,3195910
1999-08-11,90.12616735485959,91.57032210112393,89.91221063191755,90.76801300048828,2674902
1999-08-12,91.08893007931516,91.24938534260512,89.91220092773438,89.91220092773438,2109824
1999-08-13,90.82149620866005,92.8005263723985,90.71452602380876,92.21216583251953,2261501
1999-08-16,92.74705048067965,93.97725677490234,92.58658701308543,93.97725677490234,1821996
1999-08-17,94.88656809041804,95.58190723280408,94.08425872575835,95.36795043945312,2330797
1999-08-18,95.74231866315333,96.33067913906861,94.94000966639597,95.58186340332031,2667453
1999-08-19,94.77958112881568,95.10050811543914,93.87030162405101,94.99353790283203,2512020
1999-08-20,95.20742559191493,96.65157975899672,94.77952049204268,96.54460144042969,2191202
1999-08-23,96.70509488569084,99.75387573242189,96.70509488569084,99.75387573242188,2882604
1999-08-24,98.95160151705387,100.87714713196577,98.8981164095289,99.8073959350586,2998286
1999-08-25,100.1817776617776,102.42824958951961,100.02131421345334,102.1073226928711,2963795
1999-08-26,101.51897380908837,102.2677978708894,101.35851034235961,101.78640747070312,3121794
1999-08-27,101.7329057586023,101.78639084731032,99.59341229189945,99.75387573242188,2530862
1999-08-30,99.32598970740713,99.70040171875088,97.56090801438627,97.77485656738281,2228762
1999-08-31,97.98878171652557,98.63062722221537,95.84928852316217,96.1167221069336,2814059
1999-09-01,96.49118582186017,97.3469884632081,95.79585486106681,97.29349517822266,2318215
1999-09-02,96.38417009766579,97.07950073019312,95.31441934461131,96.65160369873047,2396776
1999-09-03,98.84464535133553,100.02136702786085,97.02607771699726,99.6202163696289,2673775
1999-09-07,100.60970973136385,102.5352554321289,100.60970973136385,102.5352554321289,3582832
1999-09-08,101.83985565847095,103.55144341413235,101.62590718901328,103.44447326660156,4070413
1999-09-09,103.44450004912395,103.497985136737,100.98407975174605,102.48172760009766,2563977
1999-09-10,102.6957206074746,103.44454485600271,101.57248423468242,102.00038146972656,2518405
1999-09-13,101.41199897482774,101.67944082016474,100.66318306132418,101.46549224853516,1743747
1999-09-14,100.93061010914542,100.93061010914542,99.11204328242911,99.91435241699219,2076835
1999-09-15,100.93058736191557,101.57243289003019,99.2189911125456,99.27247619628906,2313896
1999-09-16,99.70039377205204,100.82362154215623,98.52367273716295,100.34223937988281,2349577
1999-09-17,101.41202455927251,102.69572448730467,101.09110570806602,102.69572448730469,3728938
1999-09-20,103.65848628921088,104.83520769122748,102.96314719965508,104.40731048583984,3265019
1999-09-21,103.60497372648278,103.65845881938222,101.03758300012268,102.05384063720703,3106832
1999-09-22,102.05386100324345,102.58872838777485,100.44924250084797,101.83991241455078,2863762
1999-09-23,102.26779472488369,102.64220674426637,99.75388895519967,99.91435241699219,3068585
1999-09-24,99.0585550511372,101.6259542216167,98.95158485410049,100.98410034179688,3483363
1999-09-27,101.83992998488462,103.60501227692755,101.5724880720768,102.69572448730469,3069461
1999-09-28,102.56696077970209,102.78153520534859,98.91917914708712,101.60137176513672,3339762
1999-09-29,101.01131905014672,102.08419148645153,99.88479684329074,99.93843841552734,3157600
1999-09-30,100.52848546197929,102.94246195403325,99.02646457175182,101.76229858398438,4260275
1999-10-01,101.17218304497156,101.38675738606086,99.8847288001268,100.74303436279297,3364363
1999-10-04,101.44046151950916,103.04977416992188,101.44046151950916,103.04977416992188,3042481
1999-10-05,102.72784855753356,105.356390266675,102.4059829611862,103.80072021484375,4333578
1999-10-06,103.96169314097595,106.42931120272311,103.96169314097595,106.16108703613281,4001868
1999-10-07,105.89286229217105,106.59022703122704,104.33719176879315,104.60540771484375,3215942
1999-10-08,105.46373147600082,107.44855113070683,104.39085111229824,107.07304382324219,4610389
1999-10-11,106.16109700750047,106.80482850913138,105.67830657958983,105.67830657958984,2045974
1999-10-12,105.249134405403,105.41005904686465,103.74710549860842,104.17625427246094,3492565
1999-10-13,103.69349353719998,104.28357531918655,102.24510576430643,102.62061309814453,3058757
1999-10-14,102.45969245260497,103.2107072099997,100.5285139902511,103.10342407226562,4267787
1999-10-15,101.27954454731021,101.27954454731021,99.13379127643546,99.3483657836914,5386549
1999-10-18,99.13372433582543,100.9576187133789,98.38270996839867,100.9576187133789,4006500
1999-10-19,102.56691911993252,103.31793340381073,101.22582335562274,101.33311462402344,3550219
1999-10-20,101.92322883871665,104.6590627810386,101.76229598358393,104.39083862304688,2962292
1999-10-21,103.586211935606,106.10747218586393,102.1378322250941,105.78560638427734,3218821
1999-10-22,106.00017855316315,108.30686428509703,105.94653698683362,107.8240737915039,3571502
1999-10-25,106.96572669564394,108.09224834619693,106.10742917044769,107.50216674804688,2857815
1999-10-26,108.09228982146524,109.21881190426743,107.23399196693806,107.8240737915039,3897641
1999-10-27,107.82406836624295,110.23803710937499,107.55584415146389,110.238037109375,2701506
1999-10-28,111.47185191482497,114.85141828581392,111.14999430685981,114.15404510498047,5642953
1999-10-29,115.44144616790165,116.99711650718558,114.63679022665963,116.29974365234375,4241307
1999-11-01,114.69043681064801,115.33415995227203,110.93537285370878,111.04265594482422,4253890
1999-11-02,111.31086858351804,114.26127625940904,110.02341423480668,110.72078704833984,3969129
1999-11-03,114.04675518212669,114.10039674720997,111.57913661022054,112.7593002319336,2872651
1999-11-04,113.72489394153565,114.636841575977,112.00829000542234,113.1884536743164,2725294
1999-11-05,114.31496193713951,115.70969990441309,114.31496193713951,114.7977523803711,2935187
1999-11-08,114.8513886106101,115.60240316567226,113.99308274840541,115.01232147216797,2200905
1999-11-09,115.49516021242192,115.49516021242192,113.7249143907674,114.4759292602539,2090982
1999-11-10,113.83214988684755,115.28053744255652,113.13478508451259,115.01232147216797,2312143
1999-11-11,115.01232147216797,115.49511185852973,114.3685900259365,115.01232147216797,1365339
1999-11-12,116.24616171230544,116.56802753315729,114.36862475452679,116.19252014160156,2312706
1999-11-15,116.08516928123323,117.05075805038568,115.17322205528089,116.29974365234375,2748017
1999-11-16,116.62163878811796,119.89391312177118,115.87062420023241,119.84026336669922,3435538
1999-11-17,119.03565836935086,121.2887031010968,118.49921797631862,121.18141174316406,3594914
1999-11-18,120.16212679774681,120.96678292694926,118.1773072526058,119.62568664550781,3386523
1999-11-19,119.73294691064497,120.3766700074385,117.90905250559838,118.17727661132812,3000790
1999-11-22,118.28453729171387,120.48393846956449,116.51429296208596,120.32300567626953,3154407
1999-11-23,119.84024531025351,119.84024531025351,117.64085163305361,118.12364196777344,2575934
1999-11-24,118.12366562978859,118.76739713611245,117.15808476692803,117.47994232177734,2023688
1999-11-26,117.26534868994116,118.12364629345653,116.40705108642578,116.40705108642578,1114068
1999-11-29,115.87062671632617,115.87062671632617,113.77851577583151,114.26131439208984,2774997
1999-11-30,113.0811319670734,114.15400393723375,111.47181171436637,111.68638610839844,3211936
1999-12-01,111.79375240723415,115.81704344076968,111.63281945416209,115.44153594970703,3434536
1999-12-02,116.83616810542706,116.83616810542706,114.42220060347435,115.60236358642578,2323285
1999-12-03,116.46067590349325,119.1965093694912,116.35338461931427,116.94346618652344,3517229
1999-12-06,116.99714739850094,118.928325446704,116.72892321505968,117.78839111328125,2098682
1999-12-07,118.87467747891402,120.1621322631836,117.15808203097116,120.1621322631836,3543583
1999-12-08,118.87471118156697,122.73706843109588,118.87471118156697,121.24845123291016,4080179
1999-12-09,123.80996877571978,124.4000507716544,121.12777490390201,123.21988677978516,4033417
1999-12-10,123.21988193644107,126.92129851228262,123.16623215832594,126.5457992553711,3585775
1999-12-13,126.27751877538837,128.10141366022398,125.04371379906175,127.72590637207031,3821959
1999-12-14,127.88684848045261,129.1743033866009,126.92125935041969,128.6378631591797,4841190
1999-12-15,128.637883052718,129.06703202169655,123.64901194129197,123.86358642578125,4101086
1999-12-16,125.41916566990807,126.70661163330077,123.38069726374029,126.70661163330078,3702521
1999-12-17,126.81391169239058,132.82201786656142,126.70662042217813,130.35440063476562,13261394
1999-12-20,131.53465274289348,132.392950692936,130.3008473901287,131.54806518554688,4828733
1999-12-21,131.9100873935083,135.82608397784608,131.53458019788877,135.45057678222656,4012948
1999-12-22,136.28752906831807,136.93292929881045,133.4907782968454,135.8572540283203,3871975
1999-12-23,136.71775287432507,137.0404487782095,134.24370710632093,135.53451538085938,2515588
1999-12-27,135.74962807010783,137.2555694580078,134.1899054096873,137.2555694580078,2566481
1999-12-28,136.3412517690884,136.3950330435979,134.29747292140186,135.31936645507812,2427950
1999-12-29,135.96477136233432,135.96477136233432,134.45882986386871,134.72775268554688,1861433
1999-12-30,135.31937160483497,135.31937160483497,132.89910730414368,133.38316345214844,1746877
1999-12-31,133.1680450439453,133.92101587874637,132.36129292656338,133.1680450439453,1227747
2000-01-03,131.66205174311673,132.25367027850498,128.38125505790413,129.0804443359375,4605131
2000-01-04,126.71398555972844,127.35938543486847,123.917236328125,123.917236328125,4615898
2000-01-05,123.70214080810545,126.49889089367947,122.68025530552433,123.70214080810547,5694973
2000-01-06,123.16437180912843,126.44516328010867,122.73409666405014,125.35604858398438,4146783
2000-01-07,127.35939960319394,130.69397832520943,126.49886634060898,130.20993041992188,4202747
2000-01-10,131.39313924190276,132.57637633092313,130.04855014625883,130.15611267089844,3177193
2000-01-11,129.9410102155507,131.39317039985673,129.61831434544519,130.37127685546875,3155597
2000-01-12,129.99482256045945,131.87724149590443,129.56454762524268,130.80157470703125,3827343
2000-01-13,131.76966588581277,133.3293805203995,131.6620951077378,132.3074951171875,3120229
2000-01-14,131.9847883796776,133.0604549737272,128.70399088341085,129.94100952148438,3856138
2000-01-18,128.75775310456044,128.75775310456044,126.2837161945226,127.35938262939453,3817828
2000-01-19,126.06863646472966,129.88727267399992,125.85350307233443,127.97795867919922,3098569
2000-01-20,128.27371225464225,128.86533088098096,122.73400309922964,125.58453369140625,6418237
2000-01-21,127.30566279061442,127.57457747417402,123.86351209877408,124.02486419677734,5009017
2000-01-24,125.04667991468564,125.58451720064136,117.4094200449055,118.86157989501953,5658102
2000-01-25,118.80774186538304,120.79773818829952,117.89342789449631,119.1842269897461,5297409
2000-01-26,120.90544390490186,122.3575966623202,119.50707245191775,121.71219635009766,3308713
2000-01-27,121.81971940247493,121.98107147216795,117.94730260851179,121.98107147216797,4015389
2000-01-28,120.74400412550268,120.90535614135273,114.98917035794835,115.31187438964844,6227875
2000-01-31,115.31187438964844,116.97915937421486,114.50511431039823,115.31187438964844,4545224
2000-02-01,115.52704084205062,117.89351583489584,115.31190749903442,117.03297424316406,5704613
2000-02-02,118.00112085049243,118.43138769132435,115.36573028564453,115.36573028564453,4553049
2000-02-03,116.97921081717453,120.31379047239189,116.38759197866287,119.82974243164062,4221651
2000-02-04,121.33562321068179,123.1642684384014,120.9053566463941,121.8196792602539,3790785
2000-02-07,121.92723675420973,121.9810262372719,116.92537376659851,117.46321105957031,3815386
2000-02-08,117.5170218585329,119.13052592330612,117.46324058161815,117.9472885131836,3900959
2000-02-09,117.89355825011941,118.48517721118077,115.36573028564453,115.36573028564453,3343580
2000-02-10,115.79592616966133,117.83969652107709,114.55890770536573,116.54889678955078,3999551
2000-02-11,116.2262120993421,118.16242023868911,114.93541215288826,115.09675598144531,4288507
2000-02-14,115.09678311883762,116.97921042583556,114.93543925223908,115.6346206665039,3034343
2000-02-15,115.31187907739525,119.61456131654428,115.25808959014881,118.3237533569336,3927751
2000-02-16,117.57076043051052,117.83967493707345,115.63455296819997,116.73711395263672,3032027
2000-02-17,116.06491961955064,116.71032814368922,111.86980531100212,112.73033905029297,6034320
2000-02-18,112.73029033322673,113.53704242008679,107.51329240890945,107.67464447021484,7371489
2000-02-22,108.6427834666327,111.86979284916823,107.62088949047153,111.54708862304688,5682077
2000-02-23,111.86969844615683,114.39752416517648,110.47132834578348,112.29996490478516,4581406
2000-02-24,112.1387200496129,114.39763344475703,108.48144343795639,112.73033905029297,5762955
2000-02-25,111.43948378393105,112.676502482362,108.1586861275855,108.53517150878906,5564893
2000-02-28,108.42758052182859,113.80593741089513,108.42758052182859,111.38567352294922,5642828
2000-02-29,112.40761009830526,115.31192294762151,111.97733513496104,113.91354370117188,4710547
2000-03-01,114.88163903176401,115.20434317420744,112.51516390629202,113.0530014038086,5568962
2000-03-02,113.0530311778195,117.14058244005474,112.62276435435676,116.38761138916016,4149225
2000-03-03,118.10867139567515,120.905413600656,117.94731930314384,119.93730926513672,4958625
2000-03-06,120.39901176769374,120.39901176769374,116.19151465634411,118.6189193725586,3859957
2000-03-07,118.56498442496384,118.56498442496384,111.87615014883153,112.14586639404297,6182553
2000-03-08,112.41557298865277,114.30355370583848,111.39067270385937,112.46951293945312,4990175
2000-03-09,112.46954195322697,113.92598695189436,109.77243654651146,111.33676147460938,3944778
2000-03-10,112.95499827197023,115.70605120304721,112.19980597811892,113.65624237060547,4319243
2000-03-13,111.33672182990779,112.63132998560741,110.14999356522489,111.71430969238281,4019020
2000-03-14,111.87614906749329,111.98403721331854,109.44875234755669,109.61058044433594,3979270
2000-03-15,109.50269847867597,116.24548126558105,108.96328245085778,115.27452087402344,5406643
2000-03-16,115.38238266708979,120.34506375373796,115.22055458658409,119.96747589111328,6260864
2000-03-17,119.21235545234283,122.07128970153146,118.40322280657543,120.72273254394531,6648600
2000-03-20,120.72271924555045,122.34099260274334,118.78079781205541,121.63973999023438,3254377
2000-03-21,119.75165692086131,130.7019236181437,119.15829299986272,129.89279174804688,7750586
2000-03-22,129.89286598621223,131.13353446358957,128.2746013211256,130.21652221679688,4530388
2000-03-23,130.75596819318903,138.0921173095703,130.27049198015212,138.0921173095703,6535547
2000-03-24,136.0422066079926,137.8762466450165,134.5857708081574,137.2828826904297,4815274
2000-03-27,136.15021406250386,137.01328666433832,134.85559691583092,136.31204223632812,3423644
2000-03-28,135.28709001125333,136.90536298876063,134.63978576660156,134.63978576660156,4551358
2000-03-29,135.82651762811489,142.29958496322834,135.82651762811489,140.6813201904297,8165177
2000-03-30,139.81826178331536,140.24979799989703,135.98835931233393,137.0132598876953,5209646
2000-03-31,137.4447883666316,137.98421272895084,133.56095439212282,134.31614685058594,4889203
2000-04-03,133.9924938717052,138.95518493652344,133.7767257702678,138.95518493652344,4002619
2000-04-04,136.85143295053632,137.12114927121456,126.98000687264994,132.9136505126953,6892109
2000-04-05,131.29536628970556,133.77671155850916,130.054697777263,132.3202667236328,4469292
2000-04-06,133.07544165163824,136.09621084215422,132.9675617485012,135.39495849609375,2877721
2000-04-07,136.04227580579814,137.9302567324917,134.8016073362099,137.0671844482422,2780756
2000-04-10,137.5526426918173,138.95514733754476,136.2580261895755,137.60658264160156,2970180
2000-04-11,136.63559688844276,141.43645762339236,136.04223281953128,139.49453735351562,4382405
2000-04-12,140.3576331349211,140.89704911152597,134.63975948035676,135.2870635986328,4057017
2000-04-13,135.82643095803266,135.88037088432884,129.46125584985037,129.89279174804688,5320257
2000-04-14,127.73515636042687,129.5691888013255,123.47371907054692,125.7932357788086,6603216
2000-04-17,124.6065150812685,132.26630973610096,124.17497897979686,131.18746948242188,6667067
2000-04-18,131.88875992618537,136.31202713020278,131.13356736131018,135.07135009765625,5307925
2000-04-19,134.69375871210394,135.34107135919922,133.02155360958926,134.20828247070312,2952652
2000-04-20,134.6936459448938,136.79739379882812,134.20817010993943,136.79739379882812,3559108
2000-04-24,135.50285247777967,141.49042643331043,134.9094882532239,139.87216186523438,5010957
2000-04-25,140.03402247247197,143.54027692362843,138.8472937479229,143.27056884765625,4768889
2000-04-26,143.37840201053814,144.94271823360154,139.2248528295013,140.8970489501953,4451451
2000-04-27,138.52358437828912,139.76426083773137,136.52773219064977,139.3866729736328,4220650
2000-04-28,139.27880522702262,139.81823777098722,135.12526367281194,135.7186279296875,2949209
2000-05-01,137.22901708119036,139.81825066257952,136.15017662554402,137.55267333984375,2605480
2000-05-02,137.22897137878508,139.65637602243055,136.5277273771353,139.00906372070312,2655246
2000-05-03,137.660617632536,138.09215399073486,133.39917754649724,134.69378662109375,3462706
2000-05-04,135.880472332718,135.93442054320548,131.83480996174148,132.9136505126953,3215691
2000-05-05,132.91364541948553,138.0921045973861,132.48210921564032,136.36595153808594,4316363
2000-05-08,134.96343542173236,136.9053563047982,133.6688187517157,135.77256774902344,2436443
2000-05-09,135.6108055040222,136.41993822432738,131.72696185141962,134.9635009765625,2804293
2000-05-10,133.34519793445895,134.80163477152888,129.6231835242582,131.07962036132812,3142326
2000-05-11,133.34517777091241,135.61074675753952,131.40325678584998,131.88873291015625,2803855
2000-05-12,131.56505049169073,136.25802389800538,131.2414025545112,135.2870635986328,2235564
2000-05-15,135.4489555518311,140.95106376115183,135.28712738498268,139.8182830810547,2828686
2000-05-16,141.9219217224582,142.89287347603377,139.81817368724413,140.46546936035156,3533046
2000-05-17,139.17093102236174,140.7891957449663,137.55266629975722,138.84727478027344,2356817
2000-05-18,138.52362562796597,140.78920295070174,136.90536906645596,137.55267333984375,2684834
2000-05-19,134.96345113901754,136.41988784896844,132.0505694751966,134.31614685058594,2690280
2000-05-22,134.31618412519333,134.31618412519333,126.22484117670199,129.4613800048828,3496050
2000-05-23,127.35763017876134,129.4613800048828,126.71032571069375,129.4613800048828,2523142
2000-05-24,126.87212770688132,132.69788320510767,126.87212770688132,131.4032745361328,3117954
2000-05-25,131.4032745361328,134.15432826260405,128.81404895426334,131.4032745361328,2386781
2000-05-26,130.59411403780607,131.88872242902,127.68123279169771,128.3285369873047,1850061
2000-05-30,128.97590632154785,133.3452345193767,127.84312546810985,132.6979217529297,2701235
2000-05-31,133.99244254504583,138.03810320218014,133.34513848868758,136.2580108642578,3018214
2000-06-01,134.80166141531524,138.20002020278326,131.40330262784724,135.6107940673828,2674547
2000-06-02,138.03813204878549,139.81823300262172,133.9924705462065,136.58169555664062,2507012
2000-06-05,134.6397462867291,135.28705034157448,132.21234989812172,133.5069580078125,2001549
2000-06-06,133.3451511946304,134.15428340315634,130.91774632513562,132.5360107421875,1661952
2000-06-07,132.37424104688137,135.77259925897468,132.05058474328388,133.02154541015625,2081738
2000-06-08,133.34518654209302,133.6688345649466,130.75595289574935,131.72691345214844,1813649
2000-06-09,132.21237404381918,132.69785011263576,127.51940024030968,129.13766479492188,2287521
2000-06-12,129.4613210034114,129.78496896798322,125.41565137296323,129.13766479492188,2555318
2000-06-13,129.46130999857235,133.506971041202,128.81400588053498,132.5360107421875,2797407
2000-06-14,132.69785657273798,134.1543013379269,130.27045962264722,132.05055236816406,2149240
2000-06-15,130.75595265441422,134.63979487284215,129.46134407755102,134.31614685058594,2500669
2000-06-16,134.63983742562624,135.1253219783262,132.17197822587246,132.374267578125,3963557
2000-06-19,131.5650946528826,133.99250033805652,129.46135350136356,130.10865783691406,2046433
2000-06-20,134.47794931825482,134.47794931825482,129.7849752862782,132.05055236816406,2329003
2000-06-21,129.62312478985757,130.43225691536736,127.35754824329726,128.00485229492188,2888968
2000-06-22,127.35758874337346,129.4613378850468,124.12105921210869,126.22480010986328,3274785
2000-06-23,126.06296378994224,129.13766479492188,125.73930758145274,129.13766479492188,2127456
2000-06-26,127.84306298686718,129.62315573676048,127.03392242426285,129.29949951171875,1899514
2000-06-27,129.46128360545237,130.27041564902152,127.03387923082965,127.51936340332031,2047622
2000-06-28,128.814001347038,131.56504581285535,128.32851709265844,130.87728881835938,2764105
2000-06-29,130.75596951214052,130.75596951214052,127.68126756274478,128.81405639648438,2690280
2000-06-30,127.51937940362973,137.51217664678362,127.03389517022363,137.22897338867188,3980501
2000-07-03,135.93440249982368,135.93440249982368,133.02152103301285,134.63978576660156,1378130
2000-07-05,135.64445127638683,135.64445127638683,128.5052713704075,129.64105224609375,2829041
2000-07-06,129.96555143368343,132.39936028634926,129.3165291270839,130.29005432128906,2006599
2000-07-07,131.75034863922608,133.6973990630125,130.61456784773495,133.21063232421875,2073642
2000-07-10,133.21058984640612,136.6179228686646,132.72383152852277,136.13116455078125,2555422
2000-07-11,135.80669527504074,138.56501530013531,135.15768122963445,135.64443969726562,2694370
2000-07-12,139.86310074698906,139.86310074698906,135.6444873069275,139.53858947753906,2250024
2000-07-13,138.24056926914892,140.1876204718916,134.83322553150043,136.29351806640625,3359564
2000-07-14,135.80665425461484,136.2934208409123,133.69735717773438,133.69735717773438,2321136
2000-07-17,133.85971508832029,141.32340945545212,133.85971508832029,139.37635803222656,3833039
2000-07-18,139.21402934554163,139.5385405010919,135.64443969726562,135.64443969726562,2501337
2000-07-19,137.42931765769256,138.40283512332087,136.45579192636552,136.9425506591797,1988821
2000-07-20,138.07822783189602,142.13458336153997,137.10470283540917,140.99879455566406,2341293
2000-07-21,141.81015935254544,142.13467063920442,139.21408559066882,140.5121307373047,2716718
2000-07-24,140.67432776231135,141.8101002609516,139.21402758084608,140.18756103515625,1969770
2000-07-25,140.18762364372373,140.6743905882716,138.88957845826266,139.0518341064453,1766909
2000-07-26,140.02539599262084,140.02539599262084,135.3200225830078,135.3200225830078,3498283
2000-07-27,136.6180210897316,137.75380233561444,135.64449548836026,136.29351806640625,2876741
2000-07-28,136.29352563360987,136.6180286749521,130.77688300811326,132.23716735839844,2797470
2000-07-31,134.021872263967,137.26695833989365,133.53511389870886,134.1841278076172,3587778
2000-08-01,134.83324353035465,137.26706199152162,134.50874046371146,136.9425506591797,2713212
2000-08-02,136.1312031143446,137.10472829158545,133.69739430408947,134.99542236328125,3222932
2000-08-03,139.86310959003137,139.86310959003137,134.67097854473425,137.2670440673828,2699128
2000-08-04,134.67098441449969,138.8895817737654,132.88618050758262,138.56507873535156,1896425
2000-08-07,135.31995271364147,139.21404570950605,135.31995271364147,136.61798095703125,1612895
2000-08-08,137.75379402695827,139.70084511226406,134.9954730337246,139.53858947753906,1837937
2000-08-09,139.86306790835067,145.86647538944487,139.2140455218355,145.2174530029297,4473235
2000-08-10,145.05517012553088,148.46250395113177,144.08165326023945,147.9757537841797,3806351
2000-08-11,145.70420852194746,148.94928714072128,144.73067501748184,146.83998107910156,2527127
2000-08-14,146.35319812304851,148.46250395113177,144.89291455941776,147.9757537841797,1626521
2000-08-15,147.32675814485376,148.94929756782554,145.86647431731816,148.62478637695312,2251923
2000-08-16,148.62480168430417,148.62480168430417,145.86648934058167,147.48902893066406,1554887
2000-08-17,146.1910623631099,148.62488131797727,145.379800399088,147.1645965576172,2155479
2000-08-18,145.86647033691406,146.67773176056713,144.73068119985405,145.86647033691406,1736027
2000-08-21,147.16449224725676,148.1380092203333,145.70420852194746,146.83998107910156,1630527
2000-08-22,147.00221863591818,147.8134964568171,145.5419350896872,146.02870178222656,1687555
2000-08-23,146.02866582100063,150.73402642930438,145.70415477255563,150.40951538085938,2360552
2000-08-24,150.73412917225264,154.62823134511316,149.92285099815908,153.0056915283203,2500043
2000-08-25,153.33020518576424,154.62823375313383,152.8434382737277,153.81695556640625,1689829
2000-08-28,154.46597899361313,157.06205267450022,154.30372335534554,155.76400756835938,2619961
2000-08-29,154.62817651119943,155.60169344349092,153.6546430475195,155.43943786621094,1717435
2000-08-30,153.49247874690883,153.97922918439022,148.30033080833803,149.27386474609375,2187279
2000-08-31,148.62482135455608,153.97920766988992,148.46256572093438,152.1944122314453,2483204
2000-09-01,153.8169237610267,154.95271298759332,150.08507793651856,151.869873046875,1615253
2000-09-05,151.7075762979522,153.005620776267,150.0850372314453,150.0850372314453,1942268
2000-09-06,153.00565212181385,153.81691355557328,151.86986297060463,153.16790771484375,3048449
2000-09-07,152.84339652878396,153.65465796254338,151.0586015368452,153.16790771484375,1675870
2000-09-08,152.681126115228,155.7639490207709,151.22084245109656,155.43943786621094,2270118
2000-09-11,154.46594620123076,155.9262301042333,152.35663988294215,154.9527130126953,2457518
2000-09-12,154.46597308837048,155.11499561662873,153.00568893118339,153.3302001953125,2124180
2000-09-13,152.68117766705424,154.79048435249962,152.03215513879599,153.3302001953125,1586833
2000-09-14,153.65465796254338,154.14142474163305,151.38311272290497,153.16790771484375,1653605
2000-09-15,151.86989004721178,152.1944012911281,146.35324849481358,147.3267822265625,4224197
2000-09-18,147.16455774568618,151.5454274027939,147.00230208939357,149.27386474609375,2675319
2000-09-19,149.43603734781044,150.40955421310187,147.00222038750098,147.9757537841797,2480658
2000-09-20,147.00228881835938,148.1380617784762,142.78367519839117,147.00228881835938,2965485
2000-09-21,144.40614614042872,150.2472968567397,144.243907107636,146.02870178222656,2237212
2000-09-22,150.24730141277763,150.57181255097754,143.10812249792988,148.78701782226562,2973414
2000-09-25,147.97578814024135,151.38312275693517,147.6512769326722,150.73410034179688,2295951
2000-09-26,148.1380659927621,152.6811910252639,148.1380659927621,150.57188415527344,2930617
2000-09-27,151.05864643397982,154.46598183754404,150.08511258645007,154.30372619628906,3063619
2000-09-28,153.65465796254338,155.11495829981237,152.1943741566644,153.16790771484375,2329650
2000-09-29,151.89804013491667,153.19908907994653,150.10909162180263,150.43434143066406,2234667
2000-10-02,150.92229349790077,153.19914237111345,150.27176051416367,152.2233428955078,2482056
2000-10-03,152.54862465960437,155.80125676418905,152.22335813517216,153.6870574951172,2551833
2000-10-04,153.1990509033203,155.47589841713676,152.54851830798498,153.1990509033203,2382754
2000-10-05,153.8496215687357,155.9638198870193,152.87382243427126,155.47593688964844,2457747
2000-10-06,154.82549033529054,155.9639067228054,150.43442492511645,154.66285705566406,2922417
2000-10-09,153.84967535485055,155.63862449026044,152.06070964957354,152.2233428955078,2021435
2000-10-10,152.87386415939554,154.01228022379334,149.78386586326877,151.0849151611328,2296911
2000-10-11,147.66968793633535,150.10917048858988,143.9291557554845,147.34442138671875,3862586
2000-10-12,147.18185317285761,148.64553672327574,140.51395223768762,141.81500244140625,3632598
2000-10-13,142.14014772581706,149.9464754201098,141.81488131024432,148.32015991210938,3245301
2000-10-16,148.3201781803347,150.59701023004908,147.3443788134297,150.27174377441406,2711397
2000-10-17,150.1091746479566,150.1091746479566,142.95336006772132,144.7423095703125,3517208
2000-10-18,139.86335474209176,145.230203013555,137.58651378674443,144.41705322265625,3842533
2000-10-19,144.41705958155364,145.555475966886,142.46547679964775,144.7423095703125,2752044
2000-10-20,142.46550508192882,143.7665550048606,134.33390578138912,135.6349639892578,3755938
2000-10-23,134.33388985589073,135.30968132487635,127.50335785792716,129.45494079589844,14877461
2000-10-24,131.40650847213684,138.8875732421875,130.26809205620907,138.8875732421875,9597475
2000-10-25,138.8875310604118,140.1885886498141,135.6348995143055,137.74911499023438,6103867
2000-10-26,137.91180549685689,138.88759708152418,133.68338081992323,135.6349639892578,3895805
2000-10-27,137.09856828374294,138.39962574247514,134.82172808712673,135.96014404296875,3226751
2000-10-30,136.44804244962108,140.5138397216797,135.96014280020665,140.5138397216797,3804911
2000-10-31,140.83910298672924,142.95330161357546,140.0259369226624,142.6280517578125,3583166
2000-11-01,142.4654336060874,142.95331672624152,140.1885849558613,141.6522674560547,3317769
2000-11-02,141.1644277510628,143.11601077056235,139.21284473156322,139.70074462890625,2991839
2000-11-03,140.02598769893544,140.18862097072292,137.74914674871508,138.7249298095703,2516986
2000-11-06,139.3755188107911,141.97763578810574,138.72499370893178,141.81500244140625,2492406
2000-11-07,141.8148618593906,143.27854395885092,141.16432911747,142.95327758789062,2019891
2000-11-08,142.7907359343739,143.76651898965918,140.83915325393372,141.97756958007812,1978659
2000-11-09,140.67651998307457,142.7907359343739,138.2370374900569,141.97756958007812,2565521
2000-11-10,139.86333214106605,142.95333067292293,138.56228274394743,140.1885986328125,2556674
2000-11-13,135.3096451945931,138.56228531767292,131.40648036087075,133.84596252441406,3851589
2000-11-14,133.84600994799857,138.2370677992849,133.35811002844642,137.2612762451172,3068898
2000-11-15,136.28546646269638,138.07441602524142,134.17125033062112,136.61073303222656,2532386
2000-11-16,135.96015251986054,139.37541717018703,135.47226112049933,136.93594360351562,2151974
2000-11-17,137.0985976909377,139.05018844011187,133.19543276245724,134.98439025878906,2501379
2000-11-20,133.35804942737605,135.14699841625307,129.780151449622,130.26805114746094,3087135
2000-11-21,130.26801260005823,134.17116760312888,130.26801260005823,132.0569610595703,2544426
2000-11-22,130.10546166747392,130.26809495477815,125.87702933730597,126.36492919921875,4637202
2000-11-24,128.8044148119898,129.61757303401734,127.66598998717672,128.47915649414062,1315197
2000-11-27,130.4306276286119,132.21957595273616,127.82852172851562,127.82852172851562,3356538
2000-11-28,127.82855908760898,131.32514017167594,126.8527680542726,129.6175079345703,3090765
2000-11-29,128.1538424423917,132.54489852952628,127.50331776261373,129.29226684570312,2658355
2000-11-30,128.15380702545042,130.26802200660515,124.73854304430128,128.9669647216797,4204353
2000-12-01,132.38223785750355,133.84592843988017,130.91855556005854,132.70750427246094,3798255
2000-12-04,132.70754628490602,134.98439534054748,132.21964650801104,134.3338623046875,2502589
2000-12-05,134.659142352491,141.81494018645546,134.33387580187986,140.8391571044922,4171364
2000-12-06,139.375457672068,140.8391571502941,137.58651649793018,140.35125732421875,3313283
2000-12-07,138.23703131932717,140.83914696704878,138.23703131932717,139.2128143310547,2161572
2000-12-08,141.8149626121319,144.57971215965554,141.32706270906192,143.60391235351562,3517730
2000-12-11,143.6038868979936,146.2060026832375,141.4896709293335,143.9291534423828,3431448
2000-12-12,140.18861454012855,143.27861342261014,136.1228160716829,137.4238739013672,5283303
2000-12-13,137.4238517347125,139.53805897514002,137.26121849661814,137.9117431640625,3664816
2000-12-14,137.26122761145425,137.4238608603483,133.84596252441406,133.84596252441406,3286470
2000-12-15,131.08119862704103,133.35803884820444,128.15382552703187,129.6175079345703,7490886
2000-12-18,131.5690801050417,133.84592843988017,131.406446897563,132.70750427246094,2909021
2000-12-19,132.70752806432193,133.84595243583837,130.43067932128906,130.43067932128906,3208764
2000-12-20,126.36490425642201,128.64174497445566,123.43753051757812,123.43753051757812,4228412
2000-12-21,123.76270928463961,126.20218152837707,122.78691873015899,124.57586669921875,4105573
2000-12-22,125.22644989418674,128.47908936783074,124.57592531343077,127.17803192138672,2441326
2000-12-26,126.52754841126635,128.64175605622464,125.06385727328858,128.31649780273438,1901705
2000-12-27,128.4078258088338,129.87628106804806,125.79724884033203,125.79724884033203,2552292
2000-12-28,127.75522901686128,128.4078714127969,124.32883773641503,126.44993591308594,2621213
2000-12-29,126.61309309603007,127.42889813352609,124.32883234151824,125.14464569091797,2291798
2001-01-02,122.04461141847077,122.37093684250831,111.27597216810189,114.2128677368164,7686631
2001-01-03,115.51814622043176,125.1446618687614,114.37601569552905,124.8183364868164,8180764
2001-01-04,123.51304213337545,127.26575074356104,123.02356237687088,125.47097778320312,5618519
2001-01-05,124.65512291762697,124.81828554200435,120.41293624332216,123.51299285888672,4755492
2001-01-08,123.34986224099977,123.34986224099977,116.49708888409306,118.94450378417969,4843235
2001-01-09,119.92347585014392,120.73928084706763,114.21283255977453,116.4970932006836,4187013
2001-01-10,115.19178472684044,117.80237034019446,112.74437006521102,116.66024017333984,5175926
2001-01-11,119.10766112572169,122.69720614378998,118.12869354698464,121.55508422851562,4924238
2001-01-12,122.20777799697754,122.53409511943346,117.47610075825851,119.2708740234375,3506128
2001-01-16,119.27084995145738,124.16568891945077,119.10768726720686,123.67620086669922,4122850
2001-01-17,125.30773636412945,126.61302874788059,121.2287132497187,121.88135528564453,5093859
2001-01-18,123.67613902915035,125.47091103471874,121.71820442091206,124.32878112792969,4025154
2001-01-19,124.81832565275177,125.63413072489868,121.71825972907023,122.69722747802734,4039719
2001-01-22,122.37088549745974,123.67617002211976,118.618177943233,119.4339828491211,4317615
2001-01-23,121.39187583667503,123.02348508243932,120.41290862683654,121.88135528564453,4407277
2001-01-24,121.39190027395809,123.18667246798253,119.59712807993364,120.90241241455078,3994857
2001-01-25,121.0656152079589,123.18671334543926,119.59716776625953,119.9234848022461,4342696
2001-01-26,121.22876883236385,122.20773649105298,116.3339305389182,116.4970932006836,5604351
2001-01-29,117.13669886383363,120.73929426355787,114.86549597063284,115.85751342773438,4804904
2001-01-30,116.84952514251044,120.79150370984051,115.96193018178047,120.73928833007812,4140503
2001-01-31,122.04452729673642,122.56663930341406,118.93793799927911,120.03438568115234,4454122
2001-02-01,121.39190743772461,121.99233427736925,119.82555450708638,120.68704986572266,3669719
2001-02-02,120.73925812670703,122.43614117784945,119.69503391171409,120.81758117675781,3347044
2001-02-05,121.07861366823816,125.56881032063205,120.21712675097152,124.91616821289062,4558641
2001-02-06,124.91619203690081,125.54272658496912,123.219317246005,124.2635498046875,3330789
2001-02-07,124.44629364767778,124.78566862406778,121.70518615101183,122.5666732788086,2719097
2001-02-08,124.65508142210811,125.69931355861512,122.77547022591439,123.06262969970703,3695093
2001-02-09,123.06272215145539,123.08882984465886,118.49420831704525,119.19906616210938,3855804
2001-02-12,119.19902259333877,124.83787498087399,119.19902259333877,124.02859497070312,3746152
2001-02-13,124.42019089727758,125.28168637114811,123.03658325129062,123.11490631103516,2988479
2001-02-14,123.11492197130553,123.19323672910897,120.39991339524164,120.76539611816406,2762623
2001-02-15,120.86977956317477,125.56882144125014,120.47819758861083,125.25555419921875,5010311
2001-02-16,121.39194268735389,123.55872308682355,120.76539967078355,122.69722747802734,3529937
2001-02-20,123.21932707385625,126.11706413562128,123.14100401517425,124.4985122680664,4179982
2001-02-21,124.52461751790017,126.48255277498734,123.27153995079274,123.48038482666016,3859727
2001-02-22,123.61090949818,124.00249985708118,120.24326732162112,122.95826721191406,4778633
2001-02-23,121.52244401462728,122.69719838530668,117.52825089385023,120.55652618408203,4876120
2001-02-26,122.69718427620957,125.33386893175131,120.60872768409918,125.25555419921875,4397261
2001-02-27,123.95030017596939,125.30780029296875,122.69722250551585,125.30780029296875,4711360
2001-02-28,125.30780764007818,125.93435066799259,119.04241892045512,121.3919448852539,5540688
2001-03-01,118.78136760532225,120.26938964209795,117.2411218740656,119.85169982910156,4999085
2001-03-02,118.38974244575965,119.19902245499122,116.22296263056592,116.3534927368164,4586622
2001-03-05,117.24429583910401,118.84248555263324,116.85129467627047,118.10888671875,3478793
2001-03-06,121.17432813388582,122.09132297734786,118.73774803234873,118.99974060058594,3274242
2001-03-07,119.1306532971052,121.20044061001467,119.1306532971052,120.46685028076172,2898212
2001-03-08,120.9122639380647,121.46245884983973,117.89928028245923,120.17866516113281,3457969
2001-03-09,118.5543013692055,118.86869734299327,113.83832839499011,114.78152465820312,4150560
2001-03-12,112.65936604481499,113.44536032209496,101.13142773310449,103.75141143798828,9537589
2001-03-13,108.72932931939634,111.3493116508552,106.76434048534041,110.90391540527344,8959888
2001-03-14,106.76437164373799,110.6943504587853,105.06138304837738,107.49797058105469,7394379
2001-03-15,108.72934261637695,109.6463369616231,106.63335315814341,107.62894439697266,5184773
2001-03-16,105.84737513566395,109.38435266538933,105.06138105593047,106.37136840820312,9358703
2001-03-19,106.63338617200824,109.04377229268172,105.19239818699563,107.68138122558594,4346807
2001-03-20,108.72932062439006,110.30130822918521,104.79934327055568,104.93034362792969,4658256
2001-03-21,104.93036537364587,106.37135291969655,101.83878466119964,102.17938232421875,5600657
2001-03-22,101.52439790961691,101.68159171175758,95.41983282754605,98.7734146118164,11672849
2001-03-23,101.52440313951814,104.77317810058595,99.95240664418918,104.77317810058594,9543495
2001-03-26,106.10936702452727,107.4193542666975,104.93037183309508,105.40196990966797,6498551
2001-03-27,106.76435070598693,110.66812700587134,106.24035752627168,109.80352783203125,7627079
2001-03-28,108.07431966775954,108.99131376379628,106.89532487518488,108.86031341552734,5605478
2001-03-29,108.20536063510689,108.67695876552618,106.6333724282757,108.46736145019531,5626511
2001-03-30,109.38434385365203,109.82974018489264,107.99575136597305,109.67254638671875,6140529
2001-04-02,108.78175901494924,111.74234824833027,107.1049721259169,109.5153579711914,5059722
2001-04-03,108.86035203798522,108.96515068541261,102.86058567806063,103.96097564697266,4924279
2001-04-04,103.62041100146635,107.15739776200357,102.28422156427554,103.75141143798828,5598675
2001-04-05,107.41934714608443,110.69433171811531,106.37135241670849,110.30133056640625,4965052
2001-04-06,108.86036879855354,109.25336170145074,105.71638386612503,107.8647689819336,5144188
2001-04-09,108.57212519267996,111.08730885150408,107.9957285899558,110.03931427001953,3710283
2001-04-10,112.00430490332622,119.28786361019043,111.61131214248272,114.83389282226562,5448397
2001-04-11,116.32735023462632,116.58934277783322,112.00436899856346,113.36676025390625,4204103
2001-04-12,114.10030515896362,117.11328887939452,113.23571432783625,117.11328887939453,3602614
2001-04-16,116.66794952012943,117.24434646941843,115.04355735923748,116.98234558105469,2948437
2001-04-17,115.54127591289017,119.18305926239985,115.2530817915646,119.10445404052734,4279117
2001-04-18,120.20491566800126,125.65448019243296,119.26171924128003,125.47108459472656,7603542
2001-04-19,124.44922171643394,127.20020419615882,124.0038255064038,127.09540557861328,4603503
2001-04-20,127.0954675327323,127.0954675327323,124.44928238064016,126.02127075195312,4855775
2001-04-23,125.10425676986146,125.1304585184239,122.82487148191615,123.66326904296875,3382809
2001-04-24,123.13925702831551,125.2352465828171,120.23108007183934,120.49307250976562,3884140
2001-04-25,122.35333341448549,127.01690493121075,121.56733896486693,125.26152038574219,3726246
2001-04-26,128.24819749916472,129.40099062309707,127.04300089603254,129.16519165039062,4391148
2001-04-27,129.16528173993268,130.86827087402344,126.51909605716017,130.86827087402344,3272093
2001-04-30,130.97298310374183,131.02538658489843,125.78541385234371,127.1478042602539,3807874
2001-05-01,125.89022592302081,128.24821599006162,125.23523238966396,128.14341735839844,2726671
2001-05-02,128.45785503075854,129.5320517819686,126.07367078679755,128.64125061035156,3780874
2001-05-03,128.6412093200584,128.66741106354746,125.78542782594235,127.06922149658203,3853467
2001-05-04,124.71122556154558,130.94678100033016,124.47542658068781,130.81578063964844,3821166
2001-05-07,130.8158344434187,130.99923836054475,129.63684739606626,130.89443969726562,3073572
2001-05-08,130.89444846453407,130.99924713483256,127.61946290669164,129.63685607910156,3158247
2001-05-09,128.37926738054904,132.04724597188752,127.75046699884913,129.505859375,4819927
2001-05-10,131.3921915430254,131.5231919179859,129.4534043456747,130.55380249023438,2831106
2001-05-11,130.57999698878086,130.99919986054581,127.09542368968623,128.40541076660156,2477528
2001-05-14,128.40537180965387,130.97295838103548,127.8289753349669,130.29176330566406,2289482
2001-05-15,130.29183707174508,131.94243056525468,129.1652452201718,131.39222717285156,3721363
2001-05-16,130.97294725828425,136.89410523240952,130.08215505719363,136.789306640625,5108173
2001-05-17,136.23920221042354,137.88979572282,135.45320808037522,136.52740478515625,4059396
2001-05-18,136.52740531431317,138.83299255371094,136.0820089169545,138.83299255371094,3610271
2001-05-21,138.8329924200724,140.30017368137686,138.07319169672724,139.9071807861328,3806956
2001-05-22,139.25214208462668,139.61894145239347,135.45316472060486,138.020751953125,3626318
2001-05-23,137.41819304958398,138.41378446926836,134.11701447538866,134.5362091064453,3338385
2001-05-24,134.2741741698339,136.05576758279184,132.96418710974632,134.66717529296875,2728173
2001-05-25,134.14324869468228,134.14324869468228,129.820275635694,130.86827087402344,3262766
2001-05-29,132.021005284046,132.4401998536548,130.0822178868325,130.13461303710938,2716280
2001-05-30,130.13462920289774,131.13022894216834,128.37924546821444,128.431640625,3255003
2001-05-31,128.77228072143146,130.08227685810306,127.72428548046464,128.37928771972656,2793485
2001-06-01,128.35308596178564,129.45347637678208,125.75929544638336,128.37928771972656,2808467
2001-06-04,128.64121793155223,130.00360858201253,128.14342648117525,129.55821228027344,2879683
2001-06-05,128.90326410464763,129.29626539617797,127.38367078932185,128.85086059570312,3178508
2001-06-06,128.37921451223534,129.13900666628948,126.83342011928005,127.72421264648438,2924963
2001-06-07,127.72421448989805,128.3268128783471,126.204630159858,128.14341735839844,2326290
2001-06-08,127.9599721664062,127.9599721664062,125.2089902046387,126.12598419189453,3506733
2001-06-11,125.36625876682444,128.24824258993127,123.71566537754755,124.18726348876953,3730774
2001-06-12,124.18720902418987,129.08657520383983,121.20042785759135,127.7765884399414,7840019
2001-06-13,126.02126571086056,129.1390489179994,124.97327072462353,125.36627197265625,6907800
2001-06-14,127.77668256356034,131.54946023599294,125.36629613324075,128.01248168945312,12546455
2001-06-15,126.54526526210164,129.2962489268495,125.75926277915931,127.88145446777344,9130406
2001-06-18,128.37928771972656,130.26567247998506,127.17409027296642,128.37928771972656,4194734
2001-06-19,130.47521418189746,130.9468122561793,127.72423097648588,128.03863525390625,4713301
2001-06-20,127.5932612636647,133.22622942085582,127.2526634994383,133.01663208007812,6260405
2001-06-21,132.04718865344086,137.339556896545,131.99478516860836,134.274169921875,6670781
2001-06-22,133.88126815834386,137.3658436710651,133.85506639811706,135.87245178222656,5136092
2001-06-25,135.45323030197787,137.8374148340237,131.3922502316845,131.6542510986328,5653428
2001-06-26,128.3792285643792,130.92060605101625,127.80283186453556,127.82902526855469,6427710
2001-06-27,127.59324543635812,128.6412403520987,125.0780609753206,126.44046020507812,5636172
2001-06-28,125.10424816302468,129.5582197800936,124.161052014461,128.03863525390625,4919209
2001-06-29,128.37928771972656,133.8550547204723,127.01688806717311,128.37928771972656,10994468
2001-07-02,128.1696269556355,131.52320861816406,128.0648283107298,131.52320861816406,4837392
2001-07-03,129.68926760400882,130.73726278105207,129.06047550289395,129.71546936035156,3666235
2001-07-05,128.26972997817572,129.84682265295538,127.21833765128673,127.40233612060547,4061128
2001-07-06,126.69263376659623,126.77148546381294,122.48706485425045,123.24932861328125,4891352
2001-07-09,123.27561299941358,123.88015661493587,121.69852050229538,123.1441879272461,3370686
2001-07-10,122.88131826343033,124.16927372341233,120.09513060895706,120.27912902832031,3969379
2001-07-11,120.38425978701731,120.75223986470627,116.44154197304155,117.2563705444336,5662588
2001-07-12,120.64720768807288,124.0642367063947,118.01872962167711,123.53853607177734,4471107
2001-07-13,122.48715569456793,125.50990954597411,121.27805917534418,124.72136688232422,3676584
2001-07-16,123.93272934729914,124.85269647879903,120.33171251663369,121.48824310302734,2869479
2001-07-17,120.25284300034318,122.27676704214947,119.33287600517845,121.1990966796875,3809356
2001-07-18,119.85860782724741,121.56711733550064,119.33291581274374,121.30427551269531,3537365
2001-07-19,121.69857240987854,124.72132525233809,120.98888173880768,122.17169952392578,2687776
2001-07-20,122.74998444992488,123.40710182591205,121.38317629080132,122.56599426269531,2503736
2001-07-23,122.22431610909588,122.53973150694348,118.80728667460376,119.07013702392578,3172331
2001-07-24,119.3329148322667,119.72718174768178,113.6816859705426,115.65304565429688,5490171
2001-07-25,116.70452002364314,118.04504186794414,113.41891545308746,115.12742614746094,5232306
2001-07-26,115.52162630855962,115.91589324359573,113.68169162800879,114.99592590332031,4927263
2001-07-27,116.0473521270193,117.88728734318684,115.25880965850403,117.3615951538086,3436080
2001-07-30,117.09869017257388,118.01865735089936,114.07593848124968,114.60163879394531,3483071
2001-07-31,113.94452402014579,116.31015036727537,112.99827013373714,114.33879089355469,5166703
2001-08-01,113.02456357468313,114.41764942868197,111.44747088017081,112.49886322021484,4866981
2001-08-02,113.2873788643641,113.49765560937216,110.65890281398214,110.9217529296875,5106984
2001-08-03,111.18463019826766,112.4988643599681,110.13323784757172,112.36743927001953,3187272
2001-08-06,111.44750401461745,111.7366409693168,108.50361128235976,108.79273986816406,4441644
2001-08-07,108.9504433390033,112.63031315653807,108.4510295658598,112.42003631591797,4867899
2001-08-08,111.31608567477599,111.71036108189136,109.08188347447549,109.47615051269531,3044922
2001-08-09,109.4761749560045,111.05326856769628,108.55620716955822,110.13330078125,3099675
2001-08-10,110.39610750207513,112.52517943221805,108.79273606431578,111.89434051513672,2786390
2001-08-13,111.71033139199244,113.3137025574458,110.44866214099811,111.00064086914062,2962104
2001-08-14,111.97315992954695,112.36742678669944,109.60752531106519,110.00180053710938,2620754
2001-08-15,110.39607541078152,111.21090424199575,109.63381996108086,109.81781005859375,3118664
2001-08-16,109.16072803704238,110.13326895603204,107.76763340654095,109.3447265625,3564470
2001-08-17,108.55616247215329,108.81901269402435,106.05911047106014,107.24192810058594,3270903
2001-08-20,107.76758862658443,110.13322319309897,106.21679118310625,109.16068267822266,2666263
2001-08-21,109.1344292332349,109.94925823558364,106.19053684138363,106.37452697753906,2904305
2001-08-22,106.58480976258643,108.55616129862652,105.90139751933079,107.37335205078125,3304394
2001-08-23,107.5047766956296,108.58244752498383,106.74251273751736,107.87275695800781,2192454
2001-08-24,108.0304710635993,111.07950185431186,107.7939075362351,110.36981964111328,2837095
2001-08-27,110.39608571638144,111.86804010946241,109.47611840515236,110.84292602539062,2988104
2001-08-28,111.05323556452264,111.18466069051438,108.16190789938916,108.37218475341797,2657082
2001-08-29,109.4761076476431,109.4761076476431,106.74249267578125,106.74249267578125,2482995
2001-08-30,106.97909048344732,109.081875768387,104.7186017419189,105.66485595703125,4603440
2001-08-31,105.53340862781036,108.29331059531205,105.32312344844158,107.50476837158203,3601445
2001-09-04,107.50471525283143,110.84287261528999,106.0590482495618,107.32071685791016,3857369
2001-09-05,107.71506679067012,110.36983088550362,106.45339730582117,109.6075668334961,4207567
2001-09-06,108.5561454797621,109.13441085602564,106.21680565174934,106.453369140625,3843577
2001-09-07,105.13910273215522,105.92764472639055,103.40430699728121,104.24542236328125,5046075
2001-09-10,102.53694526815327,105.55968912655933,102.37923347260175,103.43062591552734,5027713
2001-09-17,93.31101993035219,97.77943320119374,90.68254202802754,92.39105224609375,14907738
2001-09-18,92.52241233674872,95.15088839078481,88.21170558252828,88.97396087646484,9621555
2001-09-19,90.41962437373337,91.07674126760539,81.48279612017882,85.4255142211914,11822961
2001-09-20,82.27138366582504,82.87592746469464,79.82689666748047,79.82689666748047,9739595
2001-09-21,76.22588720957944,85.4518490854768,74.91164431194049,82.27139282226562,17921757
2001-09-24,88.7111437826697,93.23212016970771,86.08266699816336,92.5224380493164,14809667
2001-09-25,92.54868759526954,94.96688682410364,91.12931542694518,93.31095123291016,9191043
2001-09-26,95.05359838358109,95.05359838358109,92.41322205183388,93.68060302734375,5527125
2001-09-27,93.99749821127806,95.0536510100724,92.46608463947193,94.921630859375,4381883
2001-09-28,95.84579183566049,98.48617017805256,95.10648220080456,98.22212982177734,6775467
2001-10-01,98.48610071941455,99.70067036947303,97.82600029427117,99.38382720947266,5159045
2001-10-02,99.14625268116255,100.62486339523987,96.87552938478615,100.46644592285156,4666582
2001-10-03,99.410231328487,101.57533883092991,98.75013091383073,100.73041534423828,5351807
2001-10-04,101.52254145222255,102.18264195801864,97.95803234805086,98.72374725341797,5556734
2001-10-05,98.72376184088046,99.5158741580968,95.6081155762119,98.8821792602539,4768409
2001-10-08,97.0338887277175,98.35408117852745,95.71370468368833,97.16590881347656,3284279
2001-10-09,97.16596146255193,98.14290558245476,96.1362143238028,97.2187728881836,2957639
2001-10-10,97.19231637134094,100.704022136659,96.40020424841363,100.09673309326172,3754687
2001-10-11,101.39056858223515,104.2685809878504,101.12652827881062,102.8427734375,5154350
2001-10-12,102.81634376579252,103.34442424957929,99.04060529656252,102.97476959228516,4614854
2001-10-15,101.78658461350624,103.18598595698042,100.49279767267329,102.6051025390625,2686211
2001-10-16,102.60509455106167,103.63484120173273,100.59840424353837,101.57534790039062,3463206
2001-10-17,102.3146910690254,102.34108837131639,97.74683126360594,98.09008026123047,4525776
2001-10-18,97.95810353224819,99.01425670222555,97.2980109535578,98.35416412353516,3161606
2001-10-19,97.69407154484477,98.75021630803424,96.47949245699505,98.35416412353516,3416362
2001-10-22,98.09004831084675,99.80629273994562,97.72039372455284,99.30462646484375,3395350
2001-10-23,100.33438804063012,100.46640815584904,97.48277372817995,98.40690612792969,3173709
2001-10-24,98.43331499096018,100.07035102135337,97.42997385259592,97.90524291992188,3340513
2001-10-25,97.29799081427059,100.22881504414953,95.15927919622177,99.99118041992188,4697005
2001-10-26,100.96811849094698,102.92199855244667,99.27827877491075,102.65796661376953,3885100
2001-10-29,102.0506211432595,102.31466134373161,98.61813216424908,98.82936096191406,2951150
2001-10-30,97.03393559190177,97.64122491698187,95.89857407552475,95.95138549804688,3187564
2001-10-31,96.63785945411425,98.09006392317184,95.71372704468229,96.13618469238281,3324071
2001-11-01,95.7137065147579,100.94164820743433,95.18562616161906,100.09673309326172,3879696
2001-11-02,99.27825202111754,101.39055740202237,97.90525604556464,100.22879028320312,2914884
2001-11-05,101.9186064669763,103.23879913281372,101.49614884916377,102.36746978759766,3163484
2001-11-06,102.36745024799598,105.56230428813869,101.52252676686527,105.08704376220703,3505607
2001-11-07,104.69102290608728,105.50954099741737,103.21241256286585,103.89891052246094,3189150
2001-11-08,104.42698601934026,106.85613466417509,104.1629541541163,106.53929138183594,4183153
2001-11-09,106.38081082734408,106.88248540479928,105.19264702792968,106.69766235351562,2462108
2001-11-12,105.35111370985014,106.01121435945164,101.94502966639762,104.11013793945312,4150539
2001-11-13,105.61521511501499,107.17304346182999,105.0871426963929,107.09382629394531,3681237
2001-11-14,108.12354389680374,109.31171701841316,106.96177649051589,107.938720703125,2972058
2001-11-15,107.9386845514444,109.8397609092959,107.72745571319054,109.7077407836914,3535383
2001-11-16,109.70773909863686,109.70773909863686,106.3016468120632,107.8594741821289,3608665
2001-11-19,108.65166999919009,109.78703216480777,107.4634963808508,108.91571044921875,2960873
2001-11-20,108.78365553918078,110.28867217361503,107.72750248260397,108.51961517333984,2991985
2001-11-21,108.25551092113105,108.78359134116933,106.03759165189076,106.80330657958984,2508515
2001-11-23,107.33142075142973,108.65161391330052,107.06738884448384,108.30836486816406,1094641
2001-11-26,109.44367460274964,110.15657806804067,108.25550216059793,109.10042572021484,2630666
2001-11-27,108.78358703147917,110.31500001264315,107.27857134484569,108.44033813476562,2928510
2001-11-28,106.27524767333998,108.25553283579771,103.34443269460087,103.89891052246094,4960858
2001-11-29,103.89891851776149,105.06068567829021,103.34444064723286,104.90225982666016,3211435
2001-11-30,104.90218264552554,105.2982427798097,101.52249808268002,101.6545181274414,4923382
2001-12-03,101.39056342414416,101.39056342414416,96.6642775417849,97.48279571533203,7034771
2001-12-04,99.67430068133605,100.88887917697691,97.69402391081587,98.61815643310547,6088113
2001-12-05,99.2782298244343,101.02088011304043,97.98444285772614,99.14620971679688,7343549
2001-12-06,100.07036920719771,101.36415652484095,99.14623660985032,99.67430877685547,4041284
2001-12-07,99.70071081983664,99.70071081983664,97.82603998404724,98.09008026123047,3416633
2001-12-10,98.22206109276837,100.73041750184842,96.76985696298014,97.16590881347656,4329112
2001-12-11,98.61812171962212,99.01417357160277,96.21537128200795,97.1395034790039,4323207
2001-12-12,98.88220261266216,98.90860832438814,95.60813815540425,97.8260498046875,4721877
2001-12-13,97.29797760409268,100.07037557248175,96.50586509980795,97.8260498046875,5446727
2001-12-14,97.82603747523153,100.30799752217712,96.24181266632905,99.41027069091797,5450087
2001-12-17,99.80633279989908,102.57873069970782,99.5423009095255,101.12652587890625,5574596
2001-12-18,104.95504108104885,105.87917340192021,103.898888656227,104.87582397460938,6889250
2001-12-19,104.82300119901363,108.2026866394055,104.29492088285033,107.67460632324219,5697602
2001-12-20,107.72746967363177,108.67800797573813,107.2786062324781,107.83308410644531,3892863
2001-12-21,108.51961028073394,109.28531721900643,108.12354974982891,109.17970275878906,6400814
2001-12-24,109.17965982317267,109.28527424185646,108.255527354602,108.7572021484375,1162206
2001-12-26,107.9914923659712,108.994833517636,107.0673599243164,107.0673599243164,3120583
2001-12-27,107.41215909595468,108.60562133789062,106.93477082147291,108.60562133789062,2687922
2001-12-28,108.12824111458394,109.0564942853561,107.19998794381178,108.02215576171875,2842353
2001-12-31,107.54474269160764,108.20777805337066,106.16561664162612,106.29822540283203,2927696
2002-01-02,106.88172392685561,108.60562133789062,106.21868840975026,108.60562133789062,3691921
2002-01-03,107.27953897500439,108.52604797992679,106.48389474964397,107.7038803100586,3651065
2002-01-04,108.2078034053348,109.63995978451163,106.82868547650679,108.60562133789062,4142589
2002-01-07,107.80994214268503,108.34037714014258,103.6991131337178,104.388671875,5743820
2002-01-08,105.15780588796393,106.11258224963761,102.37304712926023,103.30130004882812,5034620
2002-01-09,102.63829731156747,105.02523053078089,101.2856942208373,102.24047088623047,4213368
2002-01-10,102.24044968319247,103.16870270553774,101.84263178462606,102.39958190917969,3075262
2002-01-11,103.69914113085645,103.8317414717551,101.20611454711262,101.39176177978516,3505982
2002-01-14,101.3121769848263,101.97521231651284,100.19827695205161,100.51653289794922,4346953
2002-01-15,100.25130141085593,103.40736232273123,99.64130459972971,102.66475677490234,5435084
2002-01-16,101.8426137019992,102.0813077764649,100.0126229830067,100.03914642333984,4777298
2002-01-17,103.16871485704362,103.19523830521013,101.577426186816,102.7708969116211,4707500
2002-01-18,101.94870837609618,103.16869385646397,101.44479674058174,102.58522033691406,3763680
2002-01-22,104.62739999104922,104.62739999104922,101.39176740845606,101.57742309570312,3583062
2002-01-23,101.57740510460506,101.60392854726668,99.42915824582072,99.85350799560547,4695273
2002-01-24,101.0469668789684,102.34652264194519,99.03133729631607,99.58828735351562,4044852
2002-01-25,100.78176983088265,101.78958474258312,99.74743147417928,101.47132873535156,3287805
2002-01-28,102.37300487155895,102.42605173387375,100.14519709534086,101.17953491210938,2913486
2002-01-29,100.78175550142954,101.36522898719458,96.06092073284574,96.69744110107422,7580548
2002-01-30,96.53832311120244,98.9252642881533,91.47271663786775,97.81135559082031,13009184
2002-01-31,98.12960981482868,98.73959832378137,94.15138056411575,98.52742767333984,6471237
2002-02-01,97.86442032903784,98.12963794023851,96.51181726732987,97.7318115234375,4286921
2002-02-04,95.21226654925061,95.21226654925061,92.08272754622497,92.82532501220703,8292398
2002-02-05,93.09050282138287,96.98916107295791,93.06397938358286,96.03439331054688,9259589
2002-02-06,96.40571707310583,98.36830851651968,95.318340234235,98.02352905273438,6929480
2002-02-07,98.15615292494601,100.35743883119432,96.93616711336868,98.66006469726562,4998313
2002-02-08,99.1905274673841,100.118780998943,96.0875106904144,98.79270935058594,4739530
2002-02-11,98.79264040124792,100.51653740753372,98.2622053566883,100.2513198852539,3290330
2002-02-12,99.45568084716797,99.72089838300653,97.9970012885897,99.45568084716797,3407348
2002-02-13,99.9860831282443,101.76301808051994,99.45564823052418,101.04693603515625,3914355
2002-02-14,101.04696261439516,103.03607711553099,99.56175970978876,100.78175354003906,4251511
2002-02-15,100.78174276969469,100.78174276969469,98.18263163119555,98.42132568359375,4613394
2002-02-19,97.86442501210445,98.12964263599646,96.32617461550834,96.53834533691406,3536468
2002-02-20,96.88313609430482,100.11876108126788,95.87532082873602,99.64137268066406,4592256
2002-02-21,100.72873666493577,102.00176931157752,99.13744796770081,99.50875091552734,5766794
2002-02-22,99.50874299027312,101.78959050427247,98.34179578676923,101.02046966552734,4081222
2002-02-25,100.91437962851742,104.17651851298116,100.7817708464344,103.96434783935547,5097761
2002-02-26,103.96435919215745,104.0969679887212,102.10785292880229,102.7708969116211,3919509
2002-02-27,104.5827939777256,105.19563795248834,102.58439561388438,103.25053405761719,4818655
2002-02-28,104.58274029459128,105.64855277379532,102.47776255698999,102.58434295654297,4882171
2002-03-01,104.18303129579243,105.11561584472656,103.11721917077179,105.11561584472656,4197843
2002-03-04,106.04826951670053,107.2473015156741,105.1689703348645,107.11408233642578,6735946
2002-03-05,106.44788844058627,108.71274056038126,106.04821414417526,107.91338348388672,4964801
2002-03-06,107.91342651542548,111.03092290198828,107.64697122245147,110.711181640625,5140662
2002-03-07,111.24410596584396,111.37733363894552,107.6469927268123,109.11248016357422,5098491
2002-03-08,110.57790442348775,111.48384183306827,107.2206014750192,108.17982482910156,5863718
2002-03-11,109.24567993677297,110.23155937573736,108.87264424409251,109.6453628540039,4891436
2002-03-12,107.91346872721527,110.65793047388236,107.4604996421801,109.5121841430664,4124749
2002-03-13,108.57956705701241,108.60621428569374,106.36800826632089,106.58116912841797,4919167
2002-03-14,107.24726155452709,108.04662723422899,106.58113197178263,107.67359161376953,3080624
2002-03-15,108.04665752959747,108.9792426003982,106.34135378182253,107.0874252319336,6906340
2002-03-18,107.24727455862131,108.04664033524902,105.86172078634634,106.31468963623047,4172908
2002-03-19,106.58114489510638,106.84760015398228,105.48868512065503,106.31468963623047,3728875
2002-03-20,105.88840492877486,106.9542178522176,102.58438571447022,103.38374328613281,5737477
2002-03-21,102.05145100734458,102.85080832453833,98.13458912431764,99.7865982055664,10496392
2002-03-22,99.97314601053151,101.22547251358871,98.66752504689954,100.90573120117188,6385415
2002-03-25,101.57184889601213,101.86494294305207,98.58758003671342,98.69416046142578,5132941
2002-03-26,98.85397936056879,100.7724430509851,98.58753266864487,99.41352844238281,4175433
2002-03-27,99.30698211851515,101.43860728681518,98.7207856214164,99.7865982055664,4095369
2002-03-28,100.45275492555433,101.0922375039452,99.22706725812355,99.65338897705078,3903943
2002-04-01,98.72074867856823,99.78656086387466,97.5217173933114,99.38688659667969,4493684
2002-04-02,99.12048209788492,99.12048209788492,97.78821406430457,98.8540267944336,3632953
2002-04-03,98.85402518775777,99.17376645649685,95.9230423484593,97.92144012451172,3989098
2002-04-04,97.92139166050637,99.52011418030197,97.62829776347486,99.38688659667969,4283749
2002-04-05,100.18629482801394,100.71919695124033,97.97473617019098,98.8540267944336,3093249
2002-04-08,97.25536676317908,98.29453285199764,96.93562530900745,98.214599609375,3581351
2002-04-09,98.05465525669493,98.45433815435348,96.61580700553418,97.1220703125,3580871
2002-04-10,97.33520895585568,99.54676679156782,96.98882058360373,99.12044525146484,4732435
2002-04-11,97.7882113237506,97.97473342440966,89.26171820535299,89.9278564453125,16666655
2002-04-12,91.7930316976881,91.7930316976881,87.92946362395439,89.39495086669922,10375555
2002-04-15,88.19588372197303,88.5955580451137,84.30566997361015,84.86521911621094,14304099
2002-04-16,86.5972218719708,88.88872297176641,85.77121694399597,88.1959457397461,9313570
2002-04-17,89.2617093077786,90.54068272386684,88.48899920686024,89.66139221191406,6186601
2002-04-18,89.68803003248001,90.64726211489676,87.92944070927409,90.06106567382812,5684101
2002-04-19,90.99367234846403,90.99367234846403,89.31501580182534,89.79463195800781,4106720
2002-04-22,89.39494217511198,89.39494217511198,87.3965445048113,87.5564193725586,4132782
2002-04-23,89.26168428840032,90.54065734600204,86.99684058414353,87.39651489257812,4065823
2002-04-24,87.529737353142,88.35574162141714,86.27741158524316,86.59715270996094,4537086
2002-04-25,85.93102744970206,88.43567910802949,84.78528200065826,85.39811706542969,5774139
2002-04-26,87.39653197919732,87.39653197919732,83.87936174591637,83.93264770507812,4837497
2002-04-29,84.5987939830003,84.94518247856296,81.74775282219274,82.20072174072266,4720709
2002-04-30,82.0675121231925,84.99849560798631,80.33556926483207,84.06591033935547,8409040
2002-05-01,84.59878855416463,84.89189106127286,81.93426118361761,84.46556091308594,5382543
2002-05-02,84.33233957611198,84.86524164297829,82.7602636324245,84.19911193847656,4087043
2002-05-03,83.39975675180759,84.46556091308594,81.90761395866676,84.46556091308594,4133033
2002-05-06,84.06587533188795,85.39813459875322,82.30728597333926,82.52044677734375,4865916
2002-05-07,82.60037813360405,83.55961021411296,81.29476611699387,81.66779327392578,4304073
2002-05-08,83.53298922163331,87.98275411790061,83.39977004299942,87.52978515625,7068700
2002-05-09,86.59715664821759,86.65045107993042,83.5063086680359,83.9059829711914,6868968
2002-05-10,84.59877547343955,84.59877547343955,81.56121287427749,81.66779327392578,5478903
2002-05-13,81.4013643266301,82.73362385555899,81.00168137774577,82.20072174072266,4701887
2002-05-14,84.06587218129935,84.35896615490245,82.33393010907889,84.14580535888672,6191442
2002-05-15,83.79943332311535,84.46556306177868,82.36058494327382,82.41387939453125,6182804
2002-05-16,83.53298726862178,85.26493835449219,82.97343788694023,85.26493835449219,4902933
2002-05-17,86.33073816211676,89.12850189208984,85.93106368903223,89.12850189208984,6817846
2002-05-20,87.92946790222086,87.95611513134538,86.54391379186845,86.86365509033203,4237593
2002-05-21,87.6630097129172,88.46236717478627,85.26493732731002,85.66461181640625,4144905
2002-05-22,85.26495007490512,85.77120506902678,83.93268178349058,85.0517807006836,3946656
2002-05-23,85.53136613757611,87.79621887207031,84.78530328940761,87.79621887207031,3768124
2002-05-24,87.79624024027514,87.92946790222086,86.54391379186845,86.86365509033203,2959580
2002-05-28,87.26329492671024,87.50309441922558,84.89186238077819,85.39811706542969,2978902
2002-05-29,84.86526990236017,86.03766332353801,83.42642111718422,83.66622924804688,3496613
2002-05-30,82.33392075696742,83.66617982257469,81.93423794708133,83.1332778930664,4346077
2002-05-31,83.1333016852919,84.41227516581905,82.60039111959482,82.97342681884766,4156841
2002-06-03,82.97343420171329,83.00008142910428,79.80264320144481,80.22897338867188,6034591
2002-06-04,79.93587938816285,81.02833947473101,79.37632997159955,80.06910705566406,6951619
2002-06-05,80.60201134417984,81.16156071644204,79.42961814340353,80.33555603027344,4981390
2002-06-06,80.73521346559913,80.73521346559913,77.56443153124641,78.07068634033203,4461029
2002-06-07,75.67259877591569,80.60197760117914,75.67259877591569,80.46875,6589340
2002-06-10,80.33555343284827,81.00168321240028,79.26974069535929,79.80264282226562,4348831
2002-06-11,80.20232062349368,81.13490564837528,78.20392292965086,78.33715057373047,4653999
2002-06-12,78.33716886088487,81.0283441452334,78.20394118570437,80.86846923828125,5870186
2002-06-13,79.93585297563254,81.1348931032775,79.24307612047645,79.53617858886719,4346744
2002-06-14,78.60361820938817,79.40297571575773,76.95160873717512,79.13652038574219,7125456
2002-06-17,79.93586929589706,81.66781178739276,79.61612802446928,81.29478454589844,4442791
2002-06-18,81.00170836856181,83.666236797951,80.5753865346368,83.00010681152344,4548416
2002-06-19,81.80105448086705,83.5596445226298,80.73524156310074,80.86846923828125,4365440
2002-06-20,80.6020162171506,81.37472649378319,78.87006505572664,79.13652038574219,4332221
2002-06-21,77.67100249146303,79.13648926284593,76.60519007424196,77.13809204101562,8182016
2002-06-24,76.07230095404121,79.93586886841274,74.87326907168021,78.87005615234375,7759204
2002-06-25,79.80262208108783,80.44211295084425,76.471965565309,77.00486755371094,6211745
2002-06-26,73.73379640729954,80.19555850576145,73.51929956812906,79.09626007080078,9389878
2002-06-27,79.63248877427276,80.43685605428868,77.05851006348323,80.16873931884766,6935615
2002-06-28,80.16871847384965,81.10714814600433,77.80923717964994,77.8896713256836,6774298
2002-07-01,77.91650894335348,79.20349835045903,75.74470951688656,76.28096008300781,5626865
2002-07-02,75.47659104304695,76.4418353196686,73.4924825504622,75.34253692626953,6582851
2002-07-03,73.0634921711175,74.94035233250001,72.12506209042624,74.80628967285156,6358915
2002-07-05,77.08530971991168,79.76653632518043,76.4149966659609,79.60565948486328,4018415
2002-07-08,79.63251027385138,80.2223809100321,77.97014679581036,78.90857696533203,4251740
2002-07-09,78.82813715007215,79.71293877276348,75.71790727699448,75.8787841796875,5150573
2002-07-10,76.14691797673913,77.08534818367994,72.52725982666016,72.52725982666016,6988928
2002-07-11,71.85694598373941,74.67223658675496,70.78445737432241,73.33162689208984,10745931
2002-07-12,75.34253420164879,80.24918104790582,72.79536094858344,76.68314361572266,10040903
2002-07-15,76.36138220984101,76.46863059878122,67.70101291079028,75.74469757080078,7826268
2002-07-16,73.25115894156313,75.47657812233751,73.25115894156313,73.86784362792969,7477385
2002-07-17,76.14688543196061,76.38819644128742,73.59971271830587,75.74469757080078,7988983
2002-07-18,75.2084569834419,76.79037715149406,73.76059090135033,74.27002716064453,5836759
2002-07-19,72.66128858149993,74.27003161480843,70.38224946765253,71.1061782836914,7534621
2002-07-22,71.05252107100058,72.09819886151918,67.94229765210316,68.80029296875,9277388
2002-07-23,69.65834179398934,70.11414978303388,65.60968557395483,66.49449157714844,10140998
2002-07-24,64.85894227574522,71.72288489425297,61.72190203257935,71.13301849365234,13019367
2002-07-25,71.32069929051904,72.92943423684062,69.30977633919284,71.45475769042969,8317187
2002-07-26,72.52723315738059,74.7526523001839,71.0257428173396,74.53814697265625,7467808
2002-07-29,77.46070377426258,81.64341735839844,77.32664112807663,81.64341735839844,9425642
2002-07-30,80.43685915426296,85.15582315152444,79.47162350315227,84.7268295288086,9077260
2002-07-31,84.72684402125326,86.33557891845705,81.08037199390266,86.33557891845703,9428167
2002-08-01,86.06745005334967,86.57688644916502,83.7884104654344,84.19058990478516,6877064
2002-08-02,82.71591770813423,83.7615962017262,77.99695309899226,79.09626007080078,8029463
2002-08-05,78.69407448730264,79.60569034991751,75.79834999676505,75.8787841796875,5721598
2002-08-06,78.42594328912291,82.04560930230957,78.29188917323968,79.4984359741211,7547558
2002-08-07,81.69702287950294,82.74270098176223,79.23029307849127,82.44776153564453,5940318
2002-08-08,82.58185250011464,86.33557268026314,82.0724161201753,85.66526794433594,6923888
2002-08-09,84.45870143107618,87.27399119421717,83.76158254897535,86.8718032836914,5664654
2002-08-12,85.15586129818256,86.87184509458966,84.32467937919694,86.46966552734375,4343218
2002-08-13,85.26306311390282,86.41598976341649,82.58183616374762,82.98402404785156,5482951
2002-08-14,82.44778881784634,86.20150895120466,79.90062402359536,85.53120422363281,7783743
2002-08-15,85.53119543842497,86.89861899106208,83.60070709414047,86.57687377929688,6028039
2002-08-16,85.79932102765677,86.60368832840877,83.65433586775369,84.59276580810547,4556930
2002-08-19,84.59276505559886,88.18560791015625,84.45870241719166,88.18560791015625,5021933
2002-08-20,87.54215860141716,87.78346975650493,85.53123515463584,86.46966552734375,4249550
2002-08-21,87.54217505593219,88.18566589921707,85.4240027572948,86.60374450683594,4462844
2002-08-22,86.87181728659546,88.42693217304632,86.1478925899137,87.67619323730469,4293285
2002-08-23,86.46966552734375,86.89865934223288,85.77254630972361,86.46966552734375,3452752
2002-08-26,86.7377160590104,86.8717701078113,83.89561314651614,85.98696899414062,3840405
2002-08-27,87.1399400707453,87.8102533435201,84.9413347318477,85.66526794433594,4233378
2002-08-28,84.72684518178758,85.2630873092512,83.14491596628531,83.92247772216797,3630846
2002-08-29,81.77745484362292,82.23326257830581,80.5708999360244,81.3752670288086,5338056
2002-08-30,80.9731129396105,82.26010239578531,80.38324241649508,80.83905029296875,4203414
2002-09-03,79.09626199228559,79.14988193495687,76.25415746211388,76.30777740478516,6293165
2002-09-04,76.6831457521053,77.72882419748039,75.82515843498572,76.9512710571289,5545007
2002-09-05,75.87876142462373,77.32662750412018,74.91351737162609,75.07439422607422,5221289
2002-09-06,77.35346493330388,77.48751905922526,75.744721516918,75.8787841796875,3777243
2002-09-09,75.47657901078196,78.10418611451122,74.91352278479603,77.16575622558594,3623334
2002-09-10,78.29186936149405,79.36435323825287,76.76356916605609,77.9701156616211,4248569
2002-09-11,78.72083604265598,79.6324512951648,77.48746720009737,77.7555923461914,3113572
2002-09-12,77.08531649087078,77.27299904035563,74.67220635837668,75.07439422607422,4225574
2002-09-13,74.13599488517325,74.40412024054177,72.25913447129162,72.52725982666016,7573119
2002-09-16,72.66130419217214,75.02078651354992,72.5272500693716,74.80628967285156,3914751
2002-09-17,77.59474435148529,77.59474435148529,73.76059090135033,74.27002716064453,5227069
2002-09-18,72.9294388615809,74.80629926359127,72.12507133741204,73.33162689208984,5406956
2002-09-19,71.72282621630987,73.06344338070724,71.18658447265625,71.18658447265625,4671381
2002-09-20,71.21341173988453,72.12502713951882,69.76554596151682,71.72283935546875,8543022
2002-09-23,70.6503764447133,71.64243060646744,69.52425964075842,70.78443908691406,4468144
2002-09-24,68.77353094376623,70.78445392460966,68.50540987158512,69.44384002685547,6113340
2002-09-25,72.89981842041016,73.38581812684932,70.55082127205277,72.89981842041016,6802009
2002-09-26,74.24979021661726,75.62679188417478,69.63280712823158,71.25279998779297,11807812
2002-09-27,68.1747938678187,68.30979467677678,65.71780321522684,66.06880187988281,11484010
2002-09-30,64.79981173206792,67.09480857451896,63.476818255141616,66.5548095703125,10398967
2002-10-01,66.82483860425543,70.73983001708984,66.41984023366847,70.73983001708984,8371252
2002-10-02,69.5248184113273,70.1188170268142,65.31282861953807,66.95982360839844,6267395
2002-10-03,67.0948240498365,69.87581676904021,66.31182509822492,66.47382354736328,6200624
2002-10-04,68.17484148429166,68.30984238754061,64.7998489911448,64.82685089111328,6427168
2002-10-07,64.85382818833229,66.04182107204092,61.66783301040728,61.9648323059082,8048744
2002-10-08,62.7748633042434,64.52985803138859,60.72286484049209,63.04486083984375,8823381
2002-10-09,60.884829951008655,60.9118275386991,59.129832012527785,59.39983367919922,10067529
2002-10-10,58.45482403827874,61.019813537597656,57.779824313130106,61.019813537597656,12641730
2002-10-11,64.7458435182111,67.25683945523663,63.28784851179725,65.3668441772461,12513424
2002-10-14,65.33984414364544,66.82484108989834,64.50284547409413,65.74484252929688,5200318
2002-10-15,68.84983475548651,70.92883040290944,68.30983549527181,70.73983001708984,9192045
2002-10-16,69.79481196405358,70.36180865731062,68.01281621625284,69.11981201171875,5741483
2002-10-17,72.62983851105024,72.76483942527366,71.27984226370715,72.60283660888672,5389700
2002-10-18,71.81983737642942,72.60283231672294,70.44283930832876,71.954833984375,4477012
2002-10-21,70.73983358652607,73.46682762414781,70.73983358652607,73.30482482910156,4804653
2002-10-22,72.92680438724338,73.08879852294922,71.54980265420569,73.08879852294922,4467810
2002-10-23,72.76482266046335,72.89982354358295,70.46982913891046,72.62982177734375,5556734
2002-10-24,73.16982646744283,73.43982826967577,69.25483901973504,70.19983673095703,6780099
2002-10-25,69.65984166917092,71.4148405957274,69.57884456220319,70.84783935546875,4940325
2002-10-28,72.49481005660108,72.6298109195387,70.30781584917047,70.87481689453125,4801273
2002-10-29,70.73979699434568,70.90179540729713,68.03980625197781,69.7947998046875,4722253
2002-10-30,69.25483459197542,69.65983297113489,67.2298383978817,67.90483856201172,6988552
2002-10-31,68.03980815541104,69.25480273397812,67.60780807716091,68.1748046875,5595107
2002-11-01,68.25584180772579,70.19983673095703,67.39184549683301,70.19983673095703,4744809
2002-11-04,71.54981994628906,72.8728182227725,70.76682517690503,71.54981994628906,5241195
2002-11-05,71.27982249103523,71.81982169983876,70.33482495020304,71.54981994628906,3862481
2002-11-06,72.6297977648955,72.845795667838,70.06480332512717,71.8198013305664,5655389
2002-11-07,71.84679099538748,71.84679099538748,69.52480089996106,70.49679565429688,4784434
2002-11-08,69.79480115325285,70.19979934260392,66.50081186812272,67.76980590820312,6428691
2002-11-11,66.82483918365995,67.36483844855672,64.90784630648756,65.3668441772461,5268760
2002-11-12,65.60980459799032,66.28480004938878,64.12480858730248,64.39480590820312,6741142
2002-11-13,64.52984928245029,65.60984787502011,63.34185169028279,65.0428466796875,5809257
2002-11-14,66.41983112312394,67.20283015794922,65.7718329594089,66.14983367919922,5498684
2002-11-15,63.449814919839234,64.85381401798955,63.422817334308085,64.42181396484375,7488841
2002-11-18,64.85382724365665,66.47382025130446,63.719829559326165,63.71982955932617,5865011
2002-11-19,62.90984094228961,64.79983601615082,62.63984348815052,64.52983856201172,6385769
2002-11-20,64.25983224616456,66.95982360839844,64.15182898110719,66.95982360839844,6948093
2002-11-21,66.95982806154778,72.60281098566331,66.95982806154778,72.49481201171875,13397254
2002-11-22,71.81983145589157,72.22482554463903,71.11783367857592,71.41483306884766,5732469
2002-11-25,70.73980178097882,72.73779523745775,70.63180283170341,72.35979461669922,5313079
2002-11-26,71.54978113234701,72.33278407356353,70.92878517298983,71.14478302001953,5223772
2002-11-27,71.95482875959397,73.97982931130011,71.81983216145075,73.30482482910156,4848389
2002-11-29,73.70983098818115,73.95283089389282,72.92683606788434,73.22383117675781,2560993
2002-12-02,75.54581250534264,75.54581250534264,72.68382641688021,73.4398193359375,4614750
2002-12-03,73.41279725258367,73.41279725258367,71.65780772563029,72.22480010986328,4096225
2002-12-04,71.54982130870225,73.43981642635492,71.36082523557376,71.60382080078125,5145837
2002-12-05,72.22477962567415,72.65678393469673,69.52479352807339,69.6597900390625,3800300
2002-12-06,68.17479723401436,70.46979390644417,68.06679830083286,70.33479309082031,3675750
2002-12-09,69.25482129947254,70.68581844992661,68.74182402410611,68.84982299804688,3715542
2002-12-10,69.44382928617958,70.19982648515861,68.87683246151931,70.01082611083984,3568936
2002-12-11,69.52480834452415,72.14379795332377,68.98480929060716,70.57780456542969,4218688
2002-12-12,70.469816335781,70.95581168978181,69.33581857985519,69.92981719970703,3232238
2002-12-13,69.95681892838309,69.95681892838309,68.17482296347374,68.84982299804688,4247985
2002-12-16,69.2548272198972,71.36082458496094,69.20082772831053,71.36082458496094,4396135
2002-12-17,71.3608367436247,71.3608367436247,69.6598374247878,70.19983673095703,4008607
2002-12-18,69.92980493578803,71.92779838005751,68.76880549243558,69.28180694580078,3877505
2002-12-19,68.71483487598731,69.79483341229302,67.76983723129389,68.579833984375,4373537
2002-12-20,69.79481429556672,70.19981256117869,68.98481776434281,70.06481170654297,6661767
2002-12-23,69.25481533833337,70.19981272641736,68.768815699137,69.47081756591797,4252909
2002-12-24,68.57982706488484,69.20082766500732,68.30982960719848,68.39083099365234,1565633
2002-12-26,69.03883700704371,70.14583315633689,68.03983985305284,68.3098373413086,3146207
2002-12-27,68.55467332031454,68.82671378432289,66.75919326539915,67.1944580078125,3881157
2002-12-30,66.73200061537787,67.33049408864677,65.83426040547451,66.650390625,4601959
2002-12-31,66.24231719970703,66.89521871621766,65.56221379920294,66.24231719970703,4420068
2003-01-02,67.05841045725913,69.64280888691137,66.78636578204214,69.31636047363281,4551671
2003-01-03,68.96273681496942,69.31639158683765,68.03779056720776,69.0987548828125,3135294
2003-01-06,69.09871948093055,71.27505942124031,68.96270148277463,70.86699676513672,3932237
2003-01-07,70.7037847299655,71.43829590496132,70.05088350173662,70.45894622802734,4550023
2003-01-08,70.32292881667509,70.59496920971007,68.98992006375629,69.37078094482422,4503721
2003-01-09,70.05088350173662,70.59496424957847,69.72443072221286,70.45894622802734,4042077
2003-01-10,69.50682153513328,70.67660202819073,69.37079913753401,69.77886199951172,3879153
2003-01-13,70.05089457323683,70.676589697555,69.3979932418173,69.75164794921875,4079678
2003-01-14,69.91487575905178,70.29573236212636,69.15315822208308,69.94207763671875,3829617
2003-01-15,70.54054679450716,70.56775299369079,68.50023343436884,68.52743530273438,4290927
2003-01-16,69.37077121022146,70.4589412912995,67.33045339090475,68.09217071533203,5106566
2003-01-17,67.46652587954752,69.53404710566633,66.10631443260563,67.68415832519531,5277669
2003-01-21,67.71131941718825,68.09217594323367,65.26293871219295,65.453369140625,4486256
2003-01-22,65.42613556953232,65.48054362192248,63.957109493364214,64.06592559814453,5185086
2003-01-23,64.33797655696043,65.91582333105934,64.25636663021511,65.15410614013672,4586330
2003-01-24,64.74606849092096,65.1541312745179,62.596934077267115,62.73295211791992,4969538
2003-01-27,62.70572280883789,64.6372197169573,61.83518520925341,62.70572280883789,5938502
2003-01-28,64.20197573989664,64.20197573989664,62.6513347471984,62.977783203125,4709712
2003-01-29,62.02562972743247,63.195414081665135,61.23670620124176,62.651329040527344,5315312
2003-01-30,62.67853970179487,62.97778629985143,61.26392099491618,61.34553527832031,4517409
2003-01-31,61.2095388666798,63.249857839427314,61.07351644694442,62.95061111450195,5475126
2003-02-03,63.52187945192402,64.6100498244623,63.24983902419921,64.33800506591797,4450262
2003-02-04,62.97776310194718,63.19539966725198,62.21604595042379,62.70572280883789,5106650
2003-02-05,63.113833254257855,64.25641201302744,62.16168501041997,62.56974792480469,4173012
2003-02-06,62.29769876527085,62.76016971522914,61.48156871913382,62.27049255371094,4088525
2003-02-07,62.56973822050232,62.84177867762625,61.10071109039313,61.75361251831055,4762107
2003-02-10,61.50876330470282,61.753601839184114,60.475001084761686,61.56317138671875,4916183
2003-02-11,61.61755818400443,62.08002888679686,60.93745089750788,61.209495544433594,4569345
2003-02-12,61.209507288816205,61.699184282583545,60.50219800040497,60.52939987182617,3801635
2003-02-13,60.61098347967831,60.66539152580981,57.94497189596936,60.311737060546875,4728346
2003-02-14,60.06693908933759,61.15510940551758,59.35962968306638,61.15510940551758,5502732
2003-02-18,61.3183603742945,62.73297980328317,61.3183603742945,62.32491683959961,4390751
2003-02-19,62.35210448210308,63.5218849182129,61.78081303849,63.52188491821289,3972509
2003-02-20,63.38586252723551,63.902745880621616,62.950597805419704,63.52188491821289,4956246
2003-02-21,63.793907853889245,65.31734252018283,62.92337004673428,64.74605560302734,5222603
2003-02-24,65.15413200376615,65.83423520710011,63.71230697631836,63.71230697631836,4921358
2003-02-25,62.97780483353442,65.42618641718214,62.29770148468909,65.23575592041016,5186776
2003-02-26,65.40027703845608,65.72933712823504,64.0017836617675,64.08404541015625,3933948
2003-02-27,64.35823120221208,65.948675151341,63.97432868066069,65.537353515625,5177136
2003-02-28,65.53739332439949,66.33261796470285,65.09864794260996,65.94871520996094,4665267
2003-03-03,66.359996787057,67.18264442389486,65.26314054694961,65.537353515625,4386766
2003-03-04,65.07124619571766,65.26319762436886,63.83727584396688,64.16633605957031,3480505
2003-03-05,63.754970545401704,65.53736609749068,63.72754706056648,65.26315307617188,4417022
2003-03-06,64.71473199192715,65.97612080254211,64.44051456569368,65.67448425292969,4301298
2003-03-07,64.4405097819938,66.90844460785294,64.16629674152367,66.63423156738281,5972139
2003-03-10,65.53734964372931,66.03093732359008,64.71470642089844,64.71470642089844,4202893
2003-03-11,64.90671922130448,65.72936322424776,64.00180907190297,64.02922821044922,4487487
2003-03-12,63.67270445630272,65.26315307617188,63.50817664351143,65.26315307617188,4786729
2003-03-13,66.36000659925368,69.18442023856302,66.36000659925368,69.12957763671875,8041941
2003-03-14,69.23928241584755,70.39098611100181,68.41663879019784,70.33614349365234,6244192
2003-03-17,68.55374029691161,72.3927492995363,67.8682011041255,72.03627014160156,7210840
2003-03-18,72.11853616150302,72.52986232085982,71.15878385381889,72.39275360107422,5244930
2003-03-19,72.36533944291801,74.0928929464468,71.62496186449602,73.98320770263672,5198378
2003-03-20,73.65415536747969,73.90094936013632,72.47503239403869,73.6267318725586,5193641
2003-03-21,74.69616021519172,76.78019714355469,74.31225752696493,76.78019714355469,8326765
2003-03-24,73.62672416920641,76.64309002451796,72.69439528596895,73.29766845703125,5805438
2003-03-25,73.29767274611976,74.53164265250325,72.39276293657457,73.98320770263672,4616878
2003-03-26,73.98318358062757,74.25740096615303,72.72179495726785,72.94116973876953,4507685
2003-03-27,71.43302638148518,72.74925833056155,71.13138971126313,72.5024642944336,4368904
2003-03-28,71.98145477861011,72.47504283503129,71.35075795864772,71.37818145751953,3392136
2003-03-31,69.78769599474302,72.66695235019961,69.4312168859002,69.9248046875,5106253
2003-04-01,70.06192965079232,72.17338567488686,69.92482092619449,71.65237426757812,4463616
2003-04-02,73.9009457946952,74.77843647411837,73.2702490960218,74.17516326904297,5733158
2003-04-03,74.80582951541233,76.50596339339205,72.94117218524983,75.54621124267578,5900526
2003-04-04,75.60107100240876,76.20434413435878,74.94295088991096,75.76559448242188,3607517
2003-04-07,77.71252696657312,78.67227933358019,76.03981619726454,76.12207794189453,5713669
2003-04-08,76.64310690742037,77.46575073447767,76.23178062848292,76.94474792480469,3746632
2003-04-09,76.45113615090868,76.91730055050998,74.4493611046033,74.86068725585938,5327957
2003-04-10,74.83326130035815,75.10747872549278,73.76382381931053,75.0800552368164,3480233
2003-04-11,75.90270394051291,76.58824754994593,74.9977985992026,75.82044219970703,3747488
2003-04-14,75.10748732207267,76.20434841734013,74.77843161273712,76.12207794189453,3353596
2003-04-15,76.50594549977056,77.6576530497507,76.06720475547998,77.6028060913086,4256185
2003-04-16,77.60287261515208,78.2335695238335,76.20437874578028,76.3140640258789,3454756
2003-04-17,76.3414446187504,78.15125508853237,76.17691242567287,78.12384033203125,3359314
2003-04-21,78.06896931719955,78.2335014596118,75.32682223880137,77.21890258789062,2671104
2003-04-22,77.05442631653659,79.49493408203125,76.91731756911477,79.49493408203125,4310583
2003-04-23,79.4949130287492,80.89341489742178,79.05617213784812,80.5917739868164,4292805
2003-04-24,79.52235995058712,80.3175802323825,78.86424842030482,79.79657745361328,3711598
2003-04-25,79.71433510398882,80.07081445239207,78.94652940089598,79.82402038574219,4019270
2003-04-28,78.83679102229316,81.66120040412672,78.83679102229316,80.9482421875,4186262
2003-04-29,81.38698388373727,81.49666908101614,79.93364410627656,80.61917877197266,4352232
2003-04-30,80.2901678668715,81.16764993347873,79.93368859460799,80.75633239746094,4621031
2003-05-01,80.75632998338777,80.75632998338777,77.79480190466619,79.79657745361328,4252659
2003-05-02,78.97394051390782,80.23532542158398,78.8916700173857,79.74173736572266,4257625
2003-05-05,79.63204791138477,80.07079767729797,78.75456584119316,79.05619812011719,3609917
2003-05-06,78.94650444103569,80.45468313643065,78.94650444103569,79.85140991210938,3849398
2003-05-07,80.1255671278652,80.1255671278652,78.78191294831915,79.11097717285156,3908992
2003-05-08,78.69969685395725,79.41265520216214,77.82220629816085,78.06900024414062,3152759
2003-05-09,78.42545530422156,79.76910984910023,76.99953904624817,79.5223159790039,3124047
2003-05-12,79.19324676077412,79.71425789256439,78.83676775765727,79.4400405883789,3346397
2003-05-13,78.83677234782238,79.57715387374446,77.65765009430702,78.28833770751953,3962055
2003-05-14,79.19330099621176,79.19330099621176,77.87706925783672,78.45291900634766,3325615
2003-05-15,78.6997241348683,79.3304209633132,77.73997150798965,78.09645080566406,3354264
2003-05-16,77.87705312954198,78.2061088132843,76.36886596679688,76.36886596679688,5495179
2003-05-19,75.82042863739862,76.14948427257784,75.29941733358797,75.54621124267578,3920197
2003-05-20,76.06722603816334,76.75276082562455,74.99778862663081,76.03980255126953,3558982
2003-05-21,75.21716234688289,76.09465285013007,75.13490061342092,75.6833267211914,3460431
2003-05-22,75.95754082140212,76.47854341831446,75.6558999271982,76.03980255126953,3662959
2003-05-23,76.03979315750611,76.53338093736208,75.68331406436712,75.79299926757812,2602121
2003-05-27,75.40912603786693,78.20612163528526,75.18975554607262,77.6302719116211,4694167
2003-05-28,78.28834998254007,78.34319694749445,77.13665102662443,77.52055358886719,3846289
2003-05-29,77.5205833751888,79.3852412071072,76.31403699071832,77.46573638916016,4029557
2003-05-30,77.87707844782953,78.9190928171859,77.49317565991367,78.69972229003906,4930518
2003-06-02,80.67402361639088,80.67402361639088,79.02872823881123,79.5223159790039,4381403
2003-06-03,79.52236085142593,79.87884011707135,78.83682581691177,79.65946960449219,3087343
2003-06-04,79.74171610644058,80.81115369875354,79.44008389206203,80.509521484375,3604533
2003-06-05,80.4272331753759,81.85314949414439,79.5223193695035,81.66119384765625,4097602
2003-06-06,82.84031093269243,83.6903777186907,81.88055895470845,83.08710479736328,5959055
2003-06-09,82.4016129894903,83.19684195818827,82.37418949453867,82.64840698242188,3433681
2003-06-10,83.08712597819445,83.88235473632812,82.78549380604375,83.88235473632812,3225478
2003-06-11,83.88237504265605,85.33571547229785,83.49847231449883,84.95181274414062,3528163
2003-06-12,85.25346192596253,85.55510296187377,84.07433874373086,85.19862365722656,3535445
2003-06-13,85.00661946957935,85.22599861201857,82.73063617003596,84.04686737060547,3468006
2003-06-16,84.59535509415197,85.96642539062448,84.34856104385594,85.93901062011719,3911016
2003-06-17,86.15831133827639,86.81642245179148,85.47277674566193,85.55503845214844,4016891
2003-06-18,85.30827220538569,85.88412179874403,84.18398777582748,84.2662582397461,4020418
2003-06-19,82.97745344416823,83.27909439324928,81.19505743401176,81.8805923461914,7284122
2003-06-20,82.81293497706157,83.11456721362082,81.74349730610686,82.29192352294922,7882252
2003-06-23,82.15476808315118,82.97741130617116,81.57891870011831,81.90797424316406,3528852
2003-06-24,81.90803092060779,82.48388070210822,81.77092216676155,82.07256317138672,3325636
2003-06-25,81.82575482904177,82.45645149394258,80.18046753268945,80.23530578613281,4016578
2003-06-26,80.18009838931887,81.50493266521393,79.9316914133461,80.45610809326172,3539869
2003-06-27,80.5941071085322,82.69175610052292,78.74485628664601,78.9932632446289,3712954
2003-06-30,79.269300713092,80.01451306036506,78.80008057075356,79.15888977050781,3246386
2003-07-01,78.60685945531527,79.49008526124848,77.50282939486858,79.0208740234375,4347516
2003-07-02,79.54528108350218,79.71088866656262,78.44125103481726,78.96566772460938,4552902
2003-07-03,78.9932744081381,79.49008839431478,78.41366102022519,78.80006408691406,2565438
2003-07-07,79.84887028789245,81.42211111163131,79.68326275301804,80.78729248046875,4090966
2003-07-08,80.78730717093195,80.78730717093195,79.07606122160212,79.51766967773438,4770036
2003-07-09,79.62804251605272,79.87644056297985,78.1376015072458,78.33080291748047,5883311
2003-07-10,78.3308501711064,79.07607112506955,77.28202556249865,77.80644226074219,4414393
2003-07-11,78.24808509577828,79.6281254812008,77.25445672130473,77.61326599121094,6005358
2003-07-14,78.66204661155717,79.32446808286315,77.30961851925592,77.39241790771484,4751632
2003-07-15,77.9444185815935,78.19282550331128,75.95717199572825,76.37117767333984,5160255
2003-07-16,76.50919263098103,76.70240292228942,74.88075485098905,75.57077026367188,4599497
2003-07-17,74.93594030530916,76.09517551612517,74.24592499583956,74.79793548583984,4898927
2003-07-18,76.12280923153371,76.8956242321912,75.07397569167777,76.67481994628906,4205146
2003-07-21,76.64721321820473,76.86801749259703,74.5771577669867,74.96356964111328,3549363
2003-07-22,75.07395119479153,75.79156928375252,74.5219406601591,75.653564453125,3630616
2003-07-23,75.62597094270417,75.73637305025167,74.5219410793514,75.68116760253906,3945487
2003-07-24,76.3159717939095,77.22679120487652,75.54314840021698,75.73635864257812,4016912
2003-07-25,76.3987792039307,78.63444146452827,76.12277835245258,78.46883392333984,4919125
2003-07-28,78.80004414609954,79.4900682788856,77.86162187096336,78.30323028564453,3874166
2003-07-29,78.33083069692553,78.38603614107022,76.7299870591324,77.00599670410156,3834291
2003-07-30,77.69600084824299,77.80641172064429,76.45397520036272,77.1991958618164,2854184
2003-07-31,78.24802254830477,79.98687081368698,77.39239977510294,78.49642944335938,5724665
2003-08-01,77.83403280724546,79.1588670716628,77.83403280724546,78.55165100097656,3514037
2003-08-04,78.55166709182333,78.93807899557403,76.73001850661065,78.60687255859375,3139676
2003-08-05,77.99962545189331,78.60684140632158,76.61958599623733,76.72998809814453,3388568
2003-08-06,76.73004842402949,77.55807802115407,75.98483584723202,76.39884185791016,3590553
2003-08-07,76.39877786696451,77.61320971342212,75.01874727009337,77.5028076171875,2742237
2003-08-08,77.11639588642794,77.94441600212598,77.11639588642794,77.5028076171875,2210420
2003-08-11,77.42002133626514,78.55164521103418,77.28201649566148,78.05484008789062,2432541
2003-08-12,78.16524663678848,78.38605087912832,77.22681542502598,78.19284057617188,2939485
2003-08-13,78.49645471774687,78.60685684133232,76.86800801607338,77.33721923828125,3200397
2003-08-14,77.83403884443265,79.3244808029627,77.36482758812794,78.80006408691406,4075567
2003-08-15,79.21404081301448,79.98686415280015,78.96563393864591,79.43484497070312,2975000
2003-08-18,80.04204801162206,82.38811158500152,79.9592486626848,82.25010681152344,5415449
2003-08-19,82.52619613002105,82.80219715589155,80.95295425224087,82.38819122314453,4419380
2003-08-20,82.36059220552536,82.36059220552536,80.73214477626277,81.28416442871094,3422434
2003-08-21,81.97417447941166,83.57501905663517,81.75337014901164,83.24381256103516,5111512
2003-08-22,83.63021249610068,83.87861955512017,82.11217619266749,82.47098541259766,4157217
2003-08-25,82.19498083836443,82.38819122314453,81.560170569768,82.38819122314453,2401471
2003-08-26,81.83616639644984,82.66418699722085,81.14615069378766,82.47098541259766,2933852
2003-08-27,81.7809609113002,82.27777497588805,81.6981527086149,82.11216735839844,2542610
2003-08-28,82.25018231775094,82.526192118086,81.14615190429281,81.91897583007812,2860194
2003-08-29,81.64293628468229,81.97414265168634,80.87011264046068,81.6153335571289,2739650
2003-09-02,82.11213890790428,84.15459113915573,81.64292774011875,84.01658630371094,5105899
2003-09-03,84.3201841949477,86.27983670299427,84.20978210315825,85.89342498779297,7137725
2003-09-04,85.86586686676365,86.52827976155884,85.58985709999182,86.44548034667969,3942065
2003-09-05,85.3966434704672,86.14186446273182,85.06543706986507,85.67265319824219,3869409
2003-09-08,85.64502845574802,86.99746522879191,84.4581992343813,86.61105346679688,3174209
2003-09-09,85.72782792832119,86.30744117798804,85.28621950721835,86.00383758544922,3373795
2003-09-10,85.70024672138518,86.22466344401575,85.28624091962818,85.64505004882812,3786591
2003-09-11,85.70021655268376,87.35626554037867,85.70021655268376,86.88705444335938,4185928
2003-09-12,86.74910731249035,87.21831872151145,85.92108666198942,87.02510833740234,3470906
2003-09-15,86.94229241423918,87.6323080274348,86.25227680104355,86.6662826538086,2979611
2003-09-16,86.1970467877936,88.4051066666956,86.1970467877936,88.12909698486328,4187139
2003-09-17,87.71509182068222,88.15670028418448,86.88707155767631,87.54948425292969,4003287
2003-09-18,87.68750820275933,88.81914112192635,87.52190059891919,88.62593078613281,4645945
2003-09-19,89.48153388038772,89.48153388038772,86.99747310753169,88.12909698486328,4845071
2003-09-22,87.21830217466974,88.04632266808066,86.11427192082826,86.6662826538086,3874083
2003-09-23,86.39023876020583,87.21825884223354,86.0590236970936,87.10785675048828,2735351
2003-09-24,87.21828385413632,87.46669082876883,85.03782653808594,85.03782653808594,3991622
2003-09-25,85.62105593444589,87.75950458730503,84.2602354236575,84.37132263183594,3966270
2003-09-26,83.64920070321924,84.17686241193545,81.39966620440015,82.95489501953125,4680499
2003-09-29,83.315938651659,85.14888992096395,83.26039949693205,84.343505859375,4369113
2003-09-30,84.01029063404057,84.12137784703137,82.2606515552157,82.78832244873047,6017314
2003-10-01,82.7883119517853,85.17669999187453,82.76053794145632,85.06561279296875,4975026
2003-10-02,84.81568511626047,85.81547899320137,84.51018861278972,85.39889526367188,3686621
2003-10-03,86.50971766365745,86.92630111050536,85.39883731446938,85.59324645996094,4363354
2003-10-06,86.09320473620852,86.23206599889981,85.34336806553723,85.50999450683594,2811054
2003-10-07,84.92676961518812,85.56552777632355,84.73236918643093,85.12117004394531,3973260
2003-10-08,84.84342603581246,85.12113957141659,83.73254536616928,83.87140655517578,4521749
2003-10-09,84.78785949178763,84.84340749221306,83.31594358939691,83.6769790649414,5582274
2003-10-10,82.34396192061293,82.34396192061293,81.09422860687128,81.427490234375,8169663
2003-10-13,81.98288728034144,82.0662092793887,79.56672615610628,80.34434509277344,6163377
2003-10-14,80.2610024541169,81.34410858154297,79.59447968757986,81.34410858154297,4466788
2003-10-15,81.67740627809054,81.78849344320909,79.81668078814184,80.12217712402344,4890372
2003-10-16,80.06659833559254,80.92753016604868,79.92773722198295,80.59426879882812,3473160
2003-10-17,80.59432976164601,80.70541696808097,78.9280039803001,79.2890396118164,4441748
2003-10-20,79.84442124676345,79.927734375,79.17788969365978,79.927734375,3353325
2003-10-21,80.53879757350573,80.53879757350573,79.92781339677073,80.20553588867188,3377509
2003-10-22,79.92778305482436,79.92778305482436,78.59472797912679,78.73358917236328,4186596
2003-10-23,78.73357835649675,79.78891090074715,78.42808200486157,78.84466552734375,3816430
2003-10-24,78.84467493733868,78.8724489439672,77.76156826050737,78.5947265625,3708280
2003-10-27,79.15016894598085,79.28903014805309,78.12261019850195,78.37255859375,3465669
2003-10-28,79.0946089420346,79.26124410912195,78.4003119569175,79.20569610595703,4023673
2003-10-29,79.20568781100502,80.9553259337625,78.92796550908018,80.06661987304688,4293723
2003-10-30,80.95538131135744,81.23309496084609,79.95558741444334,80.20553588867188,4369530
2003-10-31,80.39991598703027,81.23307440953889,80.39991598703027,80.5665512084961,3518815
2003-11-03,80.6775961029848,81.26080580867654,79.9832992553711,79.9832992553711,3782272
2003-11-04,80.0111029706175,80.0111029706175,78.87245700654239,79.59452819824219,3966186
2003-11-05,78.90021034974065,79.37233301738857,78.45585284187798,78.95574951171875,3576593
2003-11-06,78.59470342729597,78.98351287841797,77.90040652041077,78.98351287841797,3289057
2003-11-07,79.26127761062577,79.42790400573402,77.92822223770426,78.0948486328125,3755563
2003-11-10,78.40030060927721,78.42806576443357,78.01149117062117,78.2336654663086,2929178
2003-11-11,78.17813429088427,78.28923030503594,77.67824643924183,78.06704711914062,3290726
2003-11-12,78.09481222408031,79.98331161335136,78.03927306574096,79.7055892944336,4932855
2003-11-13,79.4278970341851,79.78893264844561,78.17815496851011,78.70582580566406,5203490
2003-11-14,78.4558729721024,78.53919500005969,77.34499218102708,77.42831420898438,5745135
2003-11-17,76.8450847984604,80.12218754407756,76.01192653051365,77.23389434814453,4903747
2003-11-18,78.9279648815121,80.31656753768887,78.8724257270126,78.98351287841797,8574697
2003-11-19,80.53875897842221,82.01067510076192,80.39989779901548,81.84403991699219,9369011
2003-11-20,80.87201740077968,81.81627161603606,79.95554603122865,80.39989471435547,5092920
2003-11-21,80.76092977414523,83.1770911992232,79.23347455271254,79.31678771972656,5206557
2003-11-24,80.0110935153812,80.37212906856605,79.48343160990109,79.84446716308594,3812862
2003-11-25,79.89997841826549,80.81645840533272,79.48340384065781,80.28878784179688,3404739
2003-11-26,80.84425578251282,80.89979494913345,79.23347847198141,79.9000015258789,3158622
2003-11-28,80.12219597619523,80.26104833345875,79.5667511775029,79.62229919433594,1746961
2003-12-01,81.09417882647156,81.1219439799114,79.92775058261472,80.6220474243164,4137707
2003-12-02,80.62208421262328,81.87182617187501,80.39990982929177,81.871826171875,5050749
2003-12-03,82.1773423083259,82.48282994813997,81.42749695276636,81.9829330444336,5230449
2003-12-04,81.64964223105106,82.06622578284168,80.81648396987839,80.9553451538086,4094201
2003-12-05,80.98311653291947,81.64964849846564,80.56654179156119,80.81649017333984,2862009
2003-12-08,80.95535361772284,81.67742477572588,80.95535361772284,81.56633758544922,3145998
2003-12-09,81.92736017344171,82.78829239337718,81.76072499324489,82.09398651123047,5150302
2003-12-10,82.34393614990512,82.53834533691406,82.0384486309028,82.53834533691406,4778111
2003-12-11,82.59390490071534,84.62126622965013,82.59390490071534,84.4268569946289,5982259
2003-12-12,84.09360572555912,84.56572860199714,83.17712514474712,83.6214828491211,4298230
2003-12-15,84.95450050524462,84.98227450737137,83.62144566964389,84.23242950439453,5631665
2003-12-16,84.48242072522193,85.53775376009764,83.89920175412627,85.12117004394531,5364598
2003-12-17,85.12113193658442,85.34331512451172,84.53792206899446,85.34331512451172,4520330
2003-12-18,85.7320986022717,85.84318575273709,85.34329799684606,85.67655944824219,5087870
2003-12-19,85.78765106201172,86.09313853108361,84.73231865648138,85.78765106201172,5278274
2003-12-22,85.53771144017708,86.09314727783203,85.34331110759976,86.09314727783203,3395245
2003-12-23,85.95433577901655,86.89858157275587,85.84323971630664,86.37091064453125,3223641
2003-12-24,86.23202733456195,86.25980134312974,85.50995616625717,85.8154525756836,1211388
2003-12-26,85.78765916827805,86.00983350176169,85.25998849444873,85.31553649902344,1061881
2003-12-29,85.81872741015957,86.18212890625,85.31555473859511,86.18212890625,3470990
2003-12-30,86.18213854801125,86.26600660289155,85.48329149281159,85.87464904785156,2930930
2003-12-31,85.6229983219491,86.60138702392578,85.48322723590252,86.60138702392578,3512179
2004-01-02,86.65733587837656,88.27866887218828,86.43370558275164,86.99279022216797,3826550
2004-01-05,87.32826822132482,88.27870178222656,86.96486663037079,88.27870178222656,4089547
2004-01-06,87.83140628851937,88.13889571293986,87.21641853932456,87.69163513183594,3435413
2004-01-07,87.63571862411952,88.5582046508789,87.10459893632799,88.5582046508789,3875606
2004-01-08,89.06136899602002,90.15157318115234,88.5302404569738,90.15157318115234,5636130
2004-01-09,88.47434930346633,89.98385820214692,88.47434930346633,88.8936538696289,5007932
2004-01-12,89.31301094487645,89.73231571577237,89.22914287041078,89.7043685913086,3886603
2004-01-13,89.48069273114658,89.81614709122589,87.66368536552731,88.36254119873047,5576766
2004-01-14,88.86568012603534,89.56453576411167,88.13887738271757,89.45272064208984,3432137
2004-01-15,89.64839488054002,89.87202512458366,88.474331649135,89.45272064208984,4135683
2004-01-16,90.57089019160692,93.56196978697862,90.09567360175417,93.22652435302734,10507576
2004-01-20,94.3446750492843,94.3446750492843,92.72334226717008,93.25447082519531,5514292
2004-01-21,93.56199606721495,95.15537345148277,92.33202023022376,94.6242446899414,4462614
2004-01-22,94.98763820447897,95.18332142129901,93.42221697169629,93.7017593383789,3733236
2004-01-23,94.06512696216576,94.73602662039998,92.47175028675584,92.83515167236328,3405365
2004-01-26,93.58991251291556,95.60259373127198,93.4221853695723,95.43487548828125,4451201
2004-01-27,95.7423718807649,96.32940357493943,95.12738417725987,95.57465362548828,4231813
2004-01-28,95.88213723736497,96.63689604159433,93.67377283996173,94.37261962890625,5657768
2004-01-29,95.0435593601551,95.46287295042437,94.09312590263909,95.1274185180664,4337313
2004-01-30,94.65215228788794,94.95965054000715,93.58990420857523,94.00920867919922,3586254
2004-02-02,94.17693580765985,94.9316945352051,93.1426437331492,94.00920867919922,3896139
2004-02-03,94.09308296883225,94.09308296883225,92.61152141973598,92.83515167236328,3431406
2004-02-04,92.41582749810063,95.01554890756842,91.96856704499483,92.75128173828125,4195381
2004-02-05,93.11472748862984,94.2049320382654,92.38792445553946,93.7017593383789,2809176
2004-02-06,93.00286796824108,93.50604042816074,92.19219727154773,92.75128173828125,3824088
2004-02-09,93.22651544286919,93.22651544286919,91.68904177525135,91.94062805175781,3219656
2004-02-10,92.72336040224548,92.72336040224548,90.57089864112197,90.8504409790039,4629085
2004-02-11,90.85040820826983,93.17058741492482,90.43110375304923,92.47174072265625,4967869
2004-02-12,92.66748154241941,92.94702398035622,91.26978715345096,91.85681915283203,3230819
2004-02-13,92.24814622011188,92.72336286693015,91.4654312133789,91.4654312133789,3372689
2004-02-17,92.47179861660065,92.77928814958271,92.0524849985084,92.387939453125,3123818
2004-02-18,92.38791930035894,92.91903908699317,91.54930114746094,91.54930114746094,3187543
2004-02-19,92.24811153755067,92.52765377776352,91.0740394688676,91.12995147705078,3833957
2004-02-20,91.66112462778403,91.94065810388624,90.85045351612688,91.40953826904297,3658076
2004-02-23,91.54925524472579,93.58989202361553,91.4374312400765,93.42216491699219,4346577
2004-02-24,93.39420880875903,94.09306433526302,92.38787287122432,93.03080749511719,4415978
2004-02-25,93.08675457612641,93.1147105877916,92.0245062360342,92.16426849365234,3508778
2004-02-26,92.02365796877955,92.50177493152425,91.71429185657563,91.8830337524414,3488246
2004-02-27,92.10799575234994,92.67048340581383,91.46112823486327,91.46112823486328,3549759
2004-03-01,91.93929445230522,92.61427999967745,91.43305081443818,92.22054290771484,3274075
2004-03-02,92.61427530315287,92.67052857325245,91.17992437171687,91.37679290771484,3951726
2004-03-03,91.29238633274589,92.44549732773805,91.15176216704715,92.38924407958984,3087719
2004-03-04,91.96742686448833,92.67053909249329,91.96742686448833,92.52991485595703,3189922
2004-03-05,91.82677579738203,94.16111595059733,91.68615160193431,92.16426849365234,3875481
2004-03-08,91.40489434289549,91.40489434289549,89.32367615247205,89.52055358886719,5726376
2004-03-09,88.84559379932395,89.15495995565918,88.05810165736395,88.76122283935547,12132115
2004-03-10,88.98621446709201,89.04245878658999,86.90499555214843,87.46748352050781,8450293
2004-03-11,86.96120118971454,87.60806878159624,85.1049782877966,85.55497741699219,8824570
2004-03-12,86.1456044519938,86.53935039005057,85.66748758245106,86.06123352050781,5864782
2004-03-15,86.76434055567996,87.01746229035639,84.7393666782685,85.21748352050781,7217726
2004-03-16,86.20185479154905,86.31436131430699,84.65500651438794,85.77999114990234,5272369
2004-03-17,86.0612250136181,86.76433693407189,85.80810328950716,86.51121520996094,5068298
2004-03-18,86.14564369951256,86.56751645849216,85.21752721162837,86.39876556396484,5570276
2004-03-19,86.11748156688185,86.37060332701654,84.683130895901,84.76750183105469,8423647
2004-03-22,84.20504385128677,84.37378578140319,81.6175810276259,82.71443939208984,9506478
2004-03-23,83.78315590244554,83.98002443672424,82.09568317964897,82.12380981445312,12322289
2004-03-24,81.7019312969725,82.12380392475367,81.22381435829192,82.06755065917969,12241537
2004-03-25,82.1519077650739,83.67063822365937,81.84254172055077,83.53001403808594,11584669
2004-03-26,84.43002649103865,86.90499134124968,84.43002649103865,84.65502166748047,14427439
2004-03-29,86.00500333611562,86.7362421509632,85.63938392869183,85.7237548828125,12338064
2004-03-30,85.63935206760765,86.3424639846055,85.24560617040682,86.31434631347656,10061853
2004-03-31,86.2862112630706,86.2862112630706,85.52684616861124,85.83621215820312,10405603
2004-04-01,85.55500477774136,87.10185321335716,85.30188298495472,86.11749267578125,9926181
2004-04-02,86.93309261773466,87.60808697436194,86.7643507445832,87.35496520996094,11313095
2004-04-05,87.1300312386981,88.8175048828125,87.1019045885375,88.8175048828125,11324384
2004-04-06,88.53622981604764,89.52059054031992,88.2268546974427,88.64872741699219,9902268
2004-04-07,89.04243400623788,89.15493156860188,88.00182931570251,88.31119537353516,6421096
2004-04-08,89.37993863111178,89.57680713315104,87.60808629406363,88.33932495117188,8115223
2004-04-12,88.73306315578954,89.26743326416144,88.4518147877335,88.929931640625,3583625
2004-04-13,89.1268527235461,89.26747697643464,86.79251161682173,87.18624877929688,6780016
2004-04-14,86.2018718806224,86.34249610727396,84.79564752345814,85.7237548828125,7512566
2004-04-15,86.3424644089962,86.56746846184,85.2174799634667,86.51121520996094,5200819
2004-04-16,86.84873120075535,88.14246679498486,86.56749172978463,87.83309173583984,5383691
2004-04-19,87.69247870785156,87.7206053449385,85.49876219923611,87.46748352050781,3755959
2004-04-20,87.60813202922947,87.74875629895809,85.4706592477756,85.69566345214844,4288256
2004-04-21,85.92063504096254,86.48312301030029,84.48627504846834,86.34249877929688,6272341
2004-04-22,85.78001309077554,87.01749561089815,84.96439432020425,86.76437377929688,7355923
2004-04-23,87.18620007593738,87.18620007593738,85.92060041627572,86.31434631347656,4018686
2004-04-26,86.76435693539295,86.9612254530079,86.20186010562266,86.48310852050781,3469946
2004-04-27,86.96122090305212,87.29872256512543,85.77999194981746,85.92061614990234,5600115
2004-04-28,85.35813049860062,85.49875471705312,84.37376992410832,84.43002319335938,5710247
2004-04-29,84.79566807713921,85.38628280849474,84.31755096343817,84.51441955566406,4915077
2004-04-30,84.7112419067459,85.161232084161,83.81125259724368,84.23311614990234,4835285
2004-05-03,84.7112490058277,85.4143609556299,84.43000064403772,85.21748352050781,3547715
2004-05-04,85.5549998924052,86.37060953665905,85.10500064499422,85.61124420166016,3636062
2004-05-05,83.3050164681483,85.92060475152097,83.3050164681483,85.7518539428711,3752391
2004-05-06,85.35816162292838,85.92065870184285,84.6550492289637,85.69566345214844,3385104
2004-05-07,85.27376131136735,86.20186863578562,84.3175273517424,84.37377166748047,4168046
2004-05-10,83.67062291080305,86.48307924353509,83.1081352261252,84.45811462402344,5919180
2004-05-11,84.71124687065999,85.24560799898495,84.26124771220381,85.07686614990234,4108911
2004-05-12,84.37377159348819,85.4987564086914,83.5300352207546,85.4987564086914,5359402
2004-05-13,84.79563590444052,85.72374313662212,84.71126496188067,85.35812377929688,3768896
2004-05-14,85.21745969014889,85.63933211486072,84.26122627307304,84.82372283935547,3857599
2004-05-17,83.53001011157863,84.54249703637483,83.47376581279698,84.28937530517578,4154024
2004-05-18,84.51437570409976,85.69561350858552,84.34563384251122,85.5831069946289,4560602
2004-05-19,86.56746989327637,86.9049625461141,84.82374442160591,85.07686614990234,5134089
2004-05-20,85.10497791331285,85.63934795921227,84.85185620258912,85.0206069946289,2990003
2004-05-21,85.24562467309124,86.31436504813261,85.24562467309124,86.20185852050781,4573310
2004-05-24,87.0174645922639,87.0455912201215,85.94872437105927,86.56747436523438,4071164
2004-05-25,86.3425255491217,87.91751026093101,86.25815456623145,87.77688598632812,4828295
2004-05-26,87.69247124121392,88.42371001515723,87.60810029181282,88.00184631347656,3879237
2004-05-27,88.02997042021808,88.50808737755287,87.32684934648317,87.91747283935547,3388777
2004-05-28,87.9455987755605,87.9455987755605,87.10186236253719,87.52373504638672,3657387
2004-06-01,87.18619193259617,87.69243533104576,86.67995748881809,87.29869842529297,4030079
2004-06-02,87.69247870785156,87.80497630152344,87.07373746531829,87.46748352050781,3709219
2004-06-03,87.46749728507397,88.0862386249772,87.01750683957248,87.18624877929688,3245238
2004-06-04,87.7487207900161,88.19871110730908,87.35497478504735,87.83309173583984,3703543
2004-06-07,88.53619083181883,89.12680521538775,88.33931340084747,89.09867858886719,4389624
2004-06-08,88.73307467058162,89.15493832273751,87.91746504298587,88.5080795288086,4102505
2004-06-09,88.31119252744877,88.81743601910831,87.60808054666524,87.69245147705078,3859602
2004-06-10,87.60808205284532,88.5924424247349,87.60808205284532,88.56431579589844,3337279
2004-06-14,88.17061106675969,88.81747905897491,88.02999576620104,88.78935241699219,3308421
2004-06-15,89.12682459416753,89.82993668202326,88.7893229118832,89.46431732177734,4877768
2004-06-16,89.37995994134772,90.33619395868149,89.2393357115029,90.30806732177734,4680687
2004-06-17,90.11121145162281,91.2361964939931,89.97058720199188,91.01119232177734,6469714
2004-06-18,90.95494297351424,91.93930371191145,90.64556785046999,91.62992858886719,12584682
2004-06-21,91.6298582147815,92.22048136794739,91.32049228401488,91.68611145019531,4689889
2004-06-22,91.40488387437051,92.72673670446372,91.40488387437051,92.38924407958984,5059075
2004-06-23,92.41736563682304,94.18921749094363,92.05174640792036,93.99234008789062,7164162
2004-06-24,93.99235640933301,94.16211416263354,93.48306513226383,94.13382720947266,7144548
2004-06-25,93.93574547789086,94.16209510887879,91.04977416992188,91.04977416992188,16750767
2004-06-28,92.80403512731777,92.88892303819456,90.85175731453597,91.41764068603516,7523792
2004-06-29,91.50247808636458,91.87029850757541,91.44588617144794,91.47418212890625,4237343
2004-06-30,91.6722869873047,91.92693272941318,90.76688791188562,91.67228698730469,5677069
2004-07-01,91.67225575414143,91.81372656362277,90.17268679424183,90.56879425048828,6556685
2004-07-02,90.39906761408118,90.42736358743778,89.52195550013877,89.6068344116211,4218542
2004-07-06,89.40874717646399,90.22926703681908,89.12580556589295,90.05950927734375,3636187
2004-07-07,89.7765642165883,91.10637532143193,89.7765642165883,90.59708404541016,4605694
2004-07-08,90.17271593690604,90.54053655699866,89.63512848885249,89.69171142578125,4479975
2004-07-09,90.68197369975846,91.24785696641045,90.31415317986861,91.0215072631836,5263355
2004-07-12,91.16292554016368,92.37956125026626,90.56874665090363,92.23809051513672,4002890
2004-07-13,92.60596957328423,93.05866900603253,92.37961985691007,92.91719818115234,4788273
2004-07-14,92.8039827249096,94.04891462894457,92.60592906186918,93.73768615722656,6884785
2004-07-15,93.68115260430272,94.86950234853445,93.36992393871466,94.41679382324219,6547837
2004-07-16,95.12413570994858,95.12413570994858,93.51138263065688,93.62455749511719,5277836
2004-07-19,94.21873706874688,94.38850388645685,93.14357124614843,94.02068328857422,4232043
2004-07-20,93.73770064064028,94.07722511913299,93.28499232740049,93.96405029296875,3782251
2004-07-21,94.30354162743694,94.64307499517973,92.23809051513672,92.23809051513672,4429938
2004-07-22,92.09665376783784,93.51135263264152,91.67224140582182,93.03035736083984,3842533
2004-07-23,92.88887610212362,92.88887610212362,90.880007363824,92.01176452636719,3045068
2004-07-26,92.43621453927791,92.66257329302951,90.59711159907864,91.41764068603516,4207859
2004-07-27,91.95524559620918,93.08700365699124,91.81377471253778,92.80406188964844,3611210
2004-07-28,94.21869512837571,94.67139442930605,91.53077726408203,94.19039916992188,4675971
2004-07-29,94.36016668883501,94.64310825853703,93.28499232740049,93.96405029296875,3443196
2004-07-30,93.56793351151359,94.07722473144531,93.0303553415945,94.07722473144531,2939444
2004-08-02,92.37965469200938,94.36022897000866,92.37965469200938,94.10558319091797,2773620
2004-08-03,93.93580844816235,93.93580844816235,92.80405052596198,93.00211334228516,3294879
2004-08-04,92.37959534251517,93.22841105796418,92.29470746496217,93.03035736083984,2779400
2004-08-05,92.94549759435381,93.20014328686358,91.07809885214402,91.1629867553711,4161181
2004-08-06,89.97465060748559,90.42735913312913,88.89948475018288,89.18242645263672,5142978
2004-08-09,89.21070381016175,90.68198609076065,89.09752894308384,90.1161117553711,3340930
2004-08-10,90.25759383240118,90.82346823826694,89.83318127156144,90.79518127441406,2865515
2004-08-11,90.2575532867687,91.21954384888727,89.83314091658411,91.10636901855469,2860006
2004-08-12,90.48395036462453,90.62542122882242,89.40878440874361,89.43708038330078,3068981
2004-08-13,89.69169123740315,90.37074938781288,89.12581695254946,90.22927856445312,3397374
2004-08-16,90.17266147741232,91.38929748535156,90.03119070765025,91.38929748535156,2951859
2004-08-17,91.41765002616559,91.81375761638144,90.68199976633805,90.9366455078125,2929991
2004-08-18,90.8234534685926,92.74744415283203,90.56880777521658,92.74744415283203,3714290
2004-08-19,92.32304294698791,92.63428061408823,91.47422686816674,92.54939270019531,2920956
2004-08-20,92.40790411740547,92.80401156658881,91.9268997703121,92.37960815429688,3394765
2004-08-23,92.4644929891108,92.6342597701099,91.84202680356044,91.9834976196289,2796531
2004-08-24,92.52110661561865,92.66257746486271,91.70057749172047,92.32304382324219,3309861
2004-08-25,92.01181205159973,93.34162357580465,91.72887036267558,92.77574920654297,3284404
2004-08-26,92.66257433269064,93.08697785749024,92.35133667315674,92.77574920654297,1903207
2004-08-27,92.66253330335857,92.97376181649935,92.37959173971593,92.7191162109375,1643464
2004-08-30,92.32304761411562,92.66258126967772,92.09669784946576,92.15328979492188,1956437
2004-08-31,91.9269241397705,92.83233213917582,91.41764171172831,92.77574920654297,3467630
2004-09-01,92.77571174534684,93.28499396774986,92.29470746496217,93.03035736083984,2400136
2004-09-02,93.08692425089431,93.82256501158939,92.74739982486153,93.73768615722656,2886631
2004-09-03,93.36990662248603,93.70943119704725,92.74744039816441,92.91719818115234,2434022
2004-09-07,93.51135885127897,94.75629105234941,93.45476692914687,94.33187866210938,3962660
2004-09-08,94.33191193292357,95.40707775539168,94.30361596187754,95.23731994628906,5632291
2004-09-09,95.06755853058922,96.28419526883322,95.03926255793534,95.8031997680664,5460812
2004-09-10,95.63344484578724,96.22761524657805,94.84121163900778,95.85979461669922,3388964
2004-09-13,95.85972557737254,96.34072074628887,95.37873040845622,95.49190521240234,3572921
2004-09-14,95.06753623196029,95.69000244140626,94.84118652099544,95.69000244140625,2885651
2004-09-15,95.68996543787836,95.68996543787836,94.75627098906378,94.86944580078125,2621067
2004-09-16,95.01091656757352,95.52019871601131,94.78455793555689,94.86944580078125,1974945
2004-09-17,95.35049495041459,96.87836928591834,95.35049495041459,96.82177734375,6131849
2004-09-20,96.34078801694287,97.52912879243534,96.25590910686122,96.79348754882812,4127086
2004-09-21,96.82184292471564,97.69895556231779,96.28425514433575,97.50089263916016,3182619
2004-09-22,96.76517164184526,96.90664246856257,95.37877735890373,96.0012435913086,4252492
2004-09-23,96.11507792944595,96.11507792944595,95.06200094582258,95.1189193725586,3179280
2004-09-24,95.34659437287067,95.40352185155855,94.52120936589027,95.09043884277344,2780214
2004-09-27,94.26502990722656,94.8058045694928,93.95195603991237,94.26502990722656,3527579
2004-09-28,94.49272607698458,95.26119250828852,94.03734258969214,94.8058090209961,3217528
2004-09-29,95.204345703125,95.57434733031428,94.72048905648909,95.204345703125,3016524
2004-09-30,95.06199916172145,95.65969247223633,94.77737984738079,95.57431030273438,4388101
2004-10-01,95.91583666334245,96.74122170260641,95.77352702305566,96.6843032836914,3274492
2004-10-04,96.76967601785864,97.5096788256753,96.4566020893202,97.11121368408203,3241190
2004-10-05,97.02584847209326,97.11123063805572,96.25738179243041,96.91200256347656,2607045
2004-10-06,97.02584176076189,97.90815428801137,96.57045815779425,97.85122680664062,2992089
2004-10-07,97.16817823362746,97.85125382669932,96.62740325927734,96.62740325927734,2910648
2004-10-08,96.71276908102463,97.62354544637054,95.34660906400606,96.02969360351562,3828490
2004-10-11,96.20047710173326,97.05432606924545,96.14354960829841,96.76970672607422,1831490
2004-10-12,96.20047255051936,97.33893174534113,95.91585322081337,96.82662963867188,2525103
2004-10-13,97.48120642414554,97.56659762961104,95.4888899552491,95.94428253173828,3198226
2004-10-14,95.91581133135092,96.20043053675471,95.06196277713667,95.23272705078125,2641746
2004-10-15,95.40357043720395,96.14357366500899,95.06203257714095,95.48895263671875,3155910
2004-10-18,95.06204818340731,96.8551290396096,94.54973677820514,96.45667266845703,3158852
2004-10-19,96.42810841601819,97.05426514070653,95.11886750894445,95.14733123779297,3417635
2004-10-20,95.28969323168828,95.46046663671311,94.0942975205161,94.54969024658203,3425668
2004-10-21,94.35045879883188,95.34661742067473,93.92353885347141,94.97661590576172,3477082
2004-10-22,94.97659062688078,95.2042914740699,93.18351102200884,93.78120422363281,3441693
2004-10-25,94.20816234660725,94.20816234660725,92.9273843300366,93.63892364501953,3059591
2004-10-26,94.20811556128179,95.77350308924694,93.63887714238737,95.7165756225586,4187160
2004-10-27,95.54586237257918,96.62740325927734,94.9197052145956,96.62740325927734,3482341
2004-10-28,96.20050580007728,97.19666473634723,95.94435012720761,96.85511779785156,3000540
2004-10-29,96.4850567650065,97.19660489713685,96.20044657415299,97.11121368408203,3824985
2004-11-01,97.05431221474748,97.16815812336418,96.22891804977618,96.91200256347656,2695747
2004-11-02,96.62738326093472,97.85123357506434,96.4850736096638,96.91200256347656,3531189
2004-11-03,97.90816047523239,98.05047012565281,96.85507449932139,97.70892333984375,3945091
2004-11-04,97.79436998772194,99.87207031250001,97.70897871187805,99.8720703125,5265379
2004-11-05,100.18511810645963,100.75434776743859,98.98972222540066,100.15665435791016,4358221
2004-11-08,99.8720305398902,100.2420320685167,99.388183084148,99.95741271972656,2800099
2004-11-09,99.67281841061279,100.86820536795064,99.67281841061279,100.81128692626953,3299928
2004-11-10,100.9820408387179,101.32357863938716,100.46972960671289,100.52665710449219,3556854
2004-11-11,100.81128131386447,102.12051414367957,100.75435381334952,101.892822265625,2999580
2004-11-12,102.376653476034,103.17358398437501,101.97818822186349,103.173583984375,3929608
2004-11-15,103.17357967787787,103.23049810495432,102.31972171372371,102.74665069580078,2991046
2004-11-16,102.60434103510843,103.14511593333923,102.0351114543398,102.74665069580078,2742237
2004-11-17,103.25899328712221,104.73899970971556,102.74668197745474,103.45822143554688,3891172
2004-11-18,103.60049053225401,104.90973204645613,103.54357211015828,104.8243408203125,3276642
2004-11-19,104.82439765682403,104.82439765682403,102.29131354310775,103.23054504394531,4551025
2004-11-22,103.1736087975283,103.23052724066939,102.29129590181292,102.71821594238281,3204778
2004-11-23,102.37665597255963,102.5758840735026,101.0104958263754,101.92127227783203,4386307
2004-11-24,102.03512473857182,102.46204471422996,101.20973041149595,101.43743133544922,3506712
2004-11-26,101.32353232980512,101.40892353744633,100.86814880371094,100.86814880371094,1646323
2004-11-29,101.23820876272269,101.69360161431483,99.95743052699997,100.46974182128906,4513465
2004-11-30,100.46974473143257,101.35205764581994,100.46974473143257,100.64051818847656,4813292
2004-12-01,100.64046536373942,102.51893615722656,100.64046536373942,102.51893615722656,4530012
2004-12-02,102.03512703784068,102.718202639087,101.75050767298694,102.2912826538086,3334065
2004-12-03,102.00666656962547,102.54744156783916,101.46589157141177,101.97820281982422,3164340
2004-12-06,101.46584626849052,101.80739298960518,101.29508196993163,101.52277374267578,2442285
2004-12-07,101.32353095245418,101.46584056792362,100.38430017715294,100.4981460571289,3915335
2004-12-08,101.465876673718,102.17742500426382,101.15280265787875,101.63665008544922,3419680
2004-12-09,101.26662229490181,102.71816420086964,101.03893051302435,102.51893615722656,3313950
2004-12-10,102.88900730490326,104.7674793715906,102.46207812801775,104.42594146728516,6685325
2004-12-13,104.88125071414724,106.7881851815313,104.79586856432358,106.6743392944336,5883332
2004-12-14,106.41823425858729,107.44284772845488,105.82053174032771,106.3897705078125,5502503
2004-12-15,106.4182662963867,106.75980422249776,105.3367159373601,106.41826629638672,4254850
2004-12-16,106.1620057244631,106.70277130782806,105.30815722157412,105.62123107910156,4971520
2004-12-17,103.60049069270357,105.56434390504822,103.20202548941624,104.59664916992188,7302422
2004-12-20,105.08045643374003,105.87738653616792,105.08045643374003,105.62123107910156,3573088
2004-12-21,105.62127220139686,105.99127366543732,105.22280699504557,105.79204559326172,3419554
2004-12-22,105.27672036088794,106.33606764553257,104.96177311683256,105.47713470458984,3629385
2004-12-23,105.21942881494667,105.79205671630386,105.10490505786646,105.27669525146484,2211443
2004-12-27,105.50577723996766,105.76345805658518,104.7041015625,104.7041015625,2065483
2004-12-28,104.61823543731869,105.50580188903247,104.58960220301408,105.0477066040039,2674568
2004-12-29,104.70414597438327,104.79004569366421,104.27468384183047,104.67552185058594,2335993
2004-12-30,104.8758456682556,105.44846438881707,104.67543139504785,104.78995513916016,2182981
2004-12-31,104.93313307260625,105.24807115287696,104.2173481338875,104.503662109375,2746348
2005-01-03,105.10489325414049,105.62025466110225,104.33185114369788,104.76132202148438,4638370
2005-01-04,104.78993679901397,105.50571235343085,103.41564299423773,103.50153350830078,3932780
2005-01-05,103.50155877812419,104.04555343723085,102.87167358398438,102.87167358398438,3955628
2005-01-06,103.15797982944586,104.2745931654328,102.90029912760617,103.70196533203125,3992645
2005-01-07,104.10282846730259,104.13146168917054,102.64264354352481,103.07210540771484,3130766
2005-01-10,102.72851681343373,103.47292576104121,102.29905502148252,102.81440734863281,3433013
2005-01-11,101.92692065898416,102.29913453806356,101.12525377009773,101.35430145263672,3945696
2005-01-12,101.44012934623741,102.21317163389854,100.49530596084529,102.15591430664062,4794950
2005-01-13,101.9268088064296,102.04134163797578,100.4952578035366,100.86746215820312,3011578
2005-01-14,101.2396970526612,101.98410598655136,100.98201633585649,101.69779205322266,3041646
2005-01-18,101.01065238468466,103.0148317422709,100.40940040059996,102.95756530761719,4222862
2005-01-19,102.55671482031767,102.78577141440488,101.38284421589992,101.46873474121094,2655830
2005-01-20,101.49741152910227,102.21318748454678,101.01068315012331,101.26836395263672,3735657
2005-01-21,102.49948103925782,102.58537158428646,100.5239346919014,100.58119201660156,5863655
2005-01-24,100.83889875151942,102.213193405886,100.06585629919589,100.95342254638672,4733792
2005-01-25,102.06999306259908,102.72851144056588,101.84094557007722,102.21315002441406,4557931
2005-01-26,102.90028072012662,103.35837561213677,101.4973537184037,101.61187744140625,4598495
2005-01-27,101.92684163640651,102.21315557558613,101.26833233863151,101.95547485351562,3845517
2005-01-28,101.78370441994106,102.41358968239051,101.41149990649168,102.3563232421875,3703898
2005-01-31,102.92892113851343,103.5874394871846,102.78577329902198,103.44428253173828,3590991
2005-02-01,103.07208108133864,104.16007032788241,102.75714306299264,103.8737564086914,3883661
2005-02-02,103.58745652687205,103.87377048486212,103.07209504887248,103.78787994384766,2909063
2005-02-03,103.50154656149633,103.50154656149633,102.87166144170392,103.27249908447266,2750354
2005-02-04,103.12936148685306,104.01692746385714,103.12936148685306,103.78787994384766,3685286
2005-02-07,103.21525222948982,104.1028182082277,103.21525222948982,103.7306137084961,2889511
2005-02-08,103.873759394513,104.58953509711016,103.64471189895835,104.30323028564453,3666861
2005-02-09,103.98830674415566,104.10283051792607,102.69990289429192,103.32978820800781,4006229
2005-02-10,103.55887295840887,103.75929647147603,103.10077769875953,103.21530151367188,2701819
2005-02-11,103.07209525021514,104.41776538582327,102.92893827094046,103.7306137084961,3355725
2005-02-14,103.73061576417933,104.21734403378515,103.64472522129496,103.98829650878906,2187885
2005-02-15,103.84508854913366,104.8185446104758,103.78783125397054,104.18865966796875,3255191
2005-02-16,103.81648907552055,104.04554567845422,103.24387035807406,103.70196533203125,2817877
2005-02-17,103.4443019801131,104.2173442152886,103.12936391168414,103.15799713134766,3382454
2005-02-18,103.24386172680569,103.24386172680569,102.18450579314886,102.72850036621094,4622804
2005-02-22,101.89822652053378,102.81441662116798,101.18244160946759,101.21107482910156,4502782
2005-02-23,100.63843865921281,101.26832380274158,100.55253901512593,100.98200988769531,4066136
2005-02-24,101.12606355215436,102.59541329585888,100.98200803691743,102.42255401611328,3346105
2005-02-25,102.42258766504735,102.8547451795616,102.01923392450468,102.62425994873047,2972454
2005-02-28,102.04801571879571,102.22087500256097,101.24130848397908,101.41417694091797,3887813
2005-03-01,101.61584964769185,101.96157739004494,101.27012190533875,101.47179412841797,3381473
2005-03-02,101.06841931684176,102.82587977176229,101.0108026251176,102.56658172607422,3702104
2005-03-03,102.96995396620552,103.2292520589973,102.13444298563944,102.42255401611328,3748155
2005-03-04,103.20044802298924,104.38169601128321,102.91234614083822,104.06478118896484,4241766
2005-03-07,104.20881709987167,104.52574106360281,103.86308937203403,104.09357452392578,2563852
2005-03-08,103.80546947288312,104.32406563525069,103.74784360009872,103.89189910888672,2508765
2005-03-09,103.37329373959402,104.03594535173062,102.85469762341513,102.96994018554688,3245175
2005-03-10,103.28687649230463,104.38168555037713,103.14282097907896,104.09357452392578,3257633
2005-03-11,103.80550515019414,104.12242003991099,102.99879769299022,103.20046997070312,2749269
2005-03-14,103.14280047421647,104.35285186767578,103.08517461111296,104.35285186767578,3613840
2005-03-15,104.5257625463751,105.10197554453131,103.71905517578124,103.71905517578125,3627340
2005-03-16,103.17161225172816,104.06474890764218,102.2208497333552,102.59539031982422,3691504
2005-03-17,102.71068232042526,102.88355081785623,101.61587296516453,101.90398406982422,3073676
2005-03-18,102.01918406637982,103.373291015625,101.64464345602809,103.373291015625,8924144
2005-03-21,102.941165605932,104.06478778511205,102.22088792196418,103.74786376953125,3561069
2005-03-22,103.71904029324575,104.26644944282837,102.04801825177834,102.27850341796875,3791995
2005-03-23,102.27850341796876,103.2004440827304,101.93277566868313,102.27850341796875,4685403
2005-03-24,103.22929460298933,104.00718920195915,102.88356672783958,102.94119262695312,3752746
2005-03-28,103.43091144364416,104.26642224644702,103.34447264898867,103.63258361816406,2955761
2005-03-29,103.20044018842414,103.63260673860358,102.07681816576577,102.36492919921875,3787968
2005-03-30,102.56662306418629,104.35289717148878,102.53781929330111,104.29528045654297,3993354
2005-03-31,104.0071416812825,104.15119719007049,103.60378809131073,103.89189910888672,3578388
2005-04-01,104.23767314698756,104.35291577059463,102.13448379968735,102.19210052490234,4323228
2005-04-04,102.33613238240737,102.36494532492631,100.89559533455953,101.52943420410156,4295205
2005-04-05,101.47179616312846,102.27850341796876,101.327740640966,102.27850341796875,3323257
2005-04-06,102.50898858415917,102.94115515064658,102.10563495673902,102.27850341796875,2907539
2005-04-07,102.50902248964111,103.28691706270749,102.30735019581363,103.08523559570312,3000790
2005-04-08,102.85469762341513,103.60377886385749,102.76826799510938,102.96994018554688,3584877
2005-04-11,103.02761063928524,103.54620697989117,102.91236802728129,103.20046997070312,2411716
2005-04-12,102.7683110412901,104.58339820819504,102.16328504338048,103.97836303710938,4061336
2005-04-13,103.86310070304803,104.35288399754458,102.39375081955839,102.6818618774414,4236759
2005-04-14,102.94115515064658,104.23763650376111,101.99039237364381,102.27850341796875,5239797
2005-04-15,103.20047447156699,105.13080435987881,102.9988021850586,102.9988021850586,8729295
2005-04-18,102.99878663479218,104.8138736320408,102.99878663479218,103.71905517578125,5726022
2005-04-19,104.43933288994546,104.64100514600635,103.43095326329072,103.71905517578125,4222110
2005-04-20,103.28689878750679,103.747869190794,101.84635251747133,102.33613586425781,4936757
2005-04-21,103.14283131582872,104.093584955958,102.62423508551302,104.06478118896484,4004351
2005-04-22,103.71904531379927,104.61218225590008,102.79710460441079,104.00715637207031,4136935
2005-04-25,104.72741921548675,105.0731561360984,104.15120630309033,104.81385803222656,3477542
2005-04-26,104.87147919804545,105.44770130812779,104.18002367375566,104.23764038085938,3744587
2005-04-27,103.86305795833484,105.13073508349997,103.54614326362879,104.8714370727539,3687769
2005-04-28,103.94951246175881,104.98669548840029,102.6242092790702,102.76826477050781,4570889
2005-04-29,103.20046196764281,104.35289717148878,102.59543600824692,104.29528045654297,4884341
2005-05-02,103.94955531518302,104.69863684093158,103.86311648078271,104.43933868408203,2871253
2005-05-03,104.00715637207031,104.15121190120584,103.05640272221987,104.00715637207031,5500792
2005-05-04,104.03598230634825,104.49695271861646,103.3733304588311,104.29528045654297,3771129
2005-05-05,104.15118904634728,104.38167417311693,102.94113754422055,103.286865234375,3114177
2005-05-06,103.20042643195718,103.8630780512991,103.14280973685091,103.286865234375,3726225
2005-05-09,103.2581066615525,104.38172912597658,103.22929371224436,104.38172912597656,3043608
2005-05-10,103.8919381137874,104.26647890798353,102.91237129407082,103.22928619384766,3764452
2005-05-11,103.4309152528523,104.32405195165173,102.76826366861303,104.26642608642578,3169723
2005-05-12,104.20879085155916,104.61214435235892,103.17160792929388,103.34446716308594,3344415
2005-05-13,103.34448903188603,103.92071106158357,102.45135222439318,102.85470581054688,3806205
2005-05-16,103.28687756572424,104.43931251033312,103.14282205100146,104.4104995727539,3236412
2005-05-17,104.0071496369441,105.07315497961177,103.80547741311852,105.04434204101562,3092623
2005-05-18,105.15959191236466,106.60013803712624,105.1019660311775,106.31202697753906,4868212
2005-05-19,106.31201220624258,106.5136844160281,105.706986403713,106.36962890625,2894727
2005-05-20,106.45608027644789,106.80180803680287,106.16796922289834,106.60013580322266,3530876
2005-05-23,106.11035662660407,107.57971584511282,106.11035662660407,107.11873626708984,3165467
2005-05-24,106.65770997257226,107.32036146218648,106.60009328874565,106.80176544189453,2795300
2005-05-25,106.60012330740834,106.85941221739975,105.90865869457869,106.19676971435547,2545052
2005-05-26,106.65776945090151,106.88825466108037,106.11036019684502,106.42728424072266,2283473
2005-05-27,106.36964475099886,106.54251322311757,106.19678545205458,106.25440216064453,1776424
2005-05-31,106.2544019321496,106.3408407546103,105.04435014944411,105.10196685791016,4215851
2005-06-01,105.10193960166013,106.62891499104641,105.10193960166013,106.39842987060547,3108690
2005-06-02,106.13915850715188,106.51369921534548,106.05272885854546,106.31202697753906,4116110
2005-06-03,106.02391274774978,106.4848830907664,105.5917553444652,105.73580169677734,2501587
2005-06-06,105.59177613464772,106.11036328606009,105.36128174458283,105.47652435302734,2503528
2005-06-07,105.93751076000451,106.97470347575737,105.8510719182408,106.1391830444336,3566223
2005-06-08,106.54249140063251,106.74416359915162,106.02389526367188,106.02389526367188,2667828
2005-06-09,105.87986696175058,106.1391650968428,105.2172151528288,105.99510955810547,2458311
2005-06-10,105.96633114834741,106.45611459336246,104.75626983727157,105.53416442871094,2847340
2005-06-13,105.50531450085583,106.19677917528716,105.21720345541162,105.30364227294922,2928468
2005-06-14,105.15958190780132,105.70699103430326,104.75622829738796,104.90028381347656,3087030
2005-06-15,105.01555487326225,105.41890859307023,104.20884743364626,104.6410140991211,3754916
2005-06-16,104.49695062765367,104.98673397418204,103.89192468036423,104.03598022460938,3350863
2005-06-17,104.95791182269078,105.59175060246069,103.97833612801097,105.15958404541016,7356925
2005-06-20,104.64096124024205,104.9002592739086,104.32404651752255,104.52571868896484,3358291
2005-06-21,104.66980318128032,104.87147540861739,104.15120697021484,104.15120697021484,4589815
2005-06-22,104.29528930167766,104.69864303320792,102.79712616157344,102.91236877441406,6093016
2005-06-23,102.91229752956102,103.28915915217571,100.07133500214704,100.47718811035156,10209189
2005-06-24,100.73815373938558,101.66581722727473,98.99879277586379,100.82511901855469,14093142
2005-06-27,100.6512016530547,101.05704582905534,100.27433975389376,100.33231353759766,4883298
2005-06-28,100.9990862548349,102.04270680857582,100.65121581359654,101.89775848388672,5869101
2005-06-29,101.98470078417688,102.5644939521617,101.43389912059602,101.462890625,4398513
2005-06-30,101.46290933552768,102.36158152760716,100.15838369702111,100.44828033447266,6932923
2005-07-01,101.02806322428523,101.28896832516703,100.47726151575155,100.70917510986328,4230207
2005-07-05,100.39024858737831,101.1729542885827,100.01338686827246,100.65115356445312,5517360
2005-07-06,100.15841059493845,100.56426415035902,99.37570423166116,99.49166107177734,4391711
2005-07-07,99.08572387695312,99.72349057425984,98.3609919304746,99.08572387695312,6301887
2005-07-08,99.66551639531795,101.81073016127667,99.57855113846125,101.43386840820312,6318184
2005-07-11,102.01368999820026,102.70943070813307,101.63682813948078,101.78177642822266,4089318
2005-07-12,101.60786691464588,102.15866872999801,101.31797025077357,101.75281524658203,3670763
2005-07-13,101.75274381132458,102.33252750200728,101.63678707318805,101.98465728759766,3784630
2005-07-14,102.5934803630504,103.72406601017694,102.18762697510199,103.28923034667969,5978085
2005-07-15,102.448526954967,103.5791217757223,101.31794136423528,102.99932861328125,9458945
2005-07-18,102.5644429563698,102.88332165619367,101.89768483671374,102.04263305664062,3633475
2005-07-19,102.50648277638156,102.76738778427791,101.78175074556779,102.41951751708984,4625413
2005-07-20,102.41950927235054,102.53546601874541,101.57881132346218,102.33253479003906,3854344
2005-07-21,101.98470078417688,102.50651094335375,101.462890625,101.462890625,3399293
2005-07-22,102.15862056014642,102.15862056014642,101.08600894759265,101.66580200195312,3133979
2005-07-25,102.04266343096268,102.04266343096268,100.59319003025831,100.79611206054688,3783503
2005-07-26,100.97006251548542,101.78176918264727,100.5642091819045,100.59320068359375,3420410
2005-07-27,100.6222049581103,100.94108382710148,100.44826515591802,100.88311004638672,3482466
2005-07-28,101.11503601074219,101.60785474227089,100.88312239943753,101.11503601074219,3392115
2005-07-29,100.88308518276358,101.2309554713881,99.98441334796726,100.0134048461914,4118009
2005-08-01,100.21634452670067,100.3612928133321,99.17272424697295,99.28868103027344,4024132
2005-08-02,99.28868103027344,100.1873530233697,99.14373274364199,99.28868103027344,4008274
2005-08-03,99.31767778648522,99.69453965964973,98.8248591238873,99.1727294921875,3738014
2005-08-04,98.9987716622672,99.2016936803921,98.53493540223396,98.5929183959961,3926228
2005-08-05,98.12910222802263,98.59293858302696,97.839214889921,98.01314544677734,3893802
2005-08-08,98.12906138983283,98.47694081881554,97.69422594863346,97.86815643310547,2958974
2005-08-09,98.47699180796658,99.37566387644846,98.27406049765023,98.96981048583984,3654404
2005-08-10,99.43363056688668,99.95544071331021,98.18708820821865,98.21607971191406,4342070
2005-08-11,98.62187111131077,100.04234313964844,98.41893994296419,100.04234313964844,4432609
2005-08-12,99.4916123235668,100.1873530233697,99.2017157503039,99.28868103027344,3586797
2005-08-15,98.91182440845638,99.34666929134953,98.62193704988479,99.1727294921875,2853955
2005-08-16,98.88282891676774,99.1437339899795,98.18708820821865,98.21607971191406,3461454
2005-08-17,98.21606919666944,99.66553346597533,98.1580861954864,98.85383605957031,3362777
2005-08-18,98.6799443762884,99.37569457943613,98.39004768914128,98.53499603271484,2846443
2005-08-19,98.82484440645453,99.31766299565973,98.15808604399119,98.41899108886719,2832233
2005-08-22,98.76683884831496,99.25966655498725,98.04210688029978,98.4769515991211,2836031
2005-08-23,98.56391685087722,98.79583034224045,97.92615013461817,98.4769515991211,3203547
2005-08-24,98.33201682345211,98.85382686547746,97.23042297363281,97.23042297363281,4046438
2005-08-25,97.1144790649414,97.46235865874384,96.85357398460145,97.1144790649414,3419492
2005-08-26,97.11447955743739,97.25942785058619,96.56368711950047,96.76660919189453,3672223
2005-08-29,96.1578609349954,97.46238671218816,95.95493880522157,97.40440368652344,3876650
2005-08-30,97.1144642834314,97.28840405385775,95.23015522890563,96.3607406616211,5590871
2005-08-31,96.24478874595286,97.63627928948378,95.54904808919879,97.43335723876953,5685479
2005-09-01,96.91154308634027,97.20143962956628,95.66500087249979,96.07085418701172,5616578
2005-09-02,96.8246049130446,96.99853550363909,96.27380317277041,96.62167358398438,4203853
2005-09-06,96.96954166449002,98.50597143835108,96.96954166449002,98.3900146484375,5735432
2005-09-07,98.24504812348714,98.70887515349908,97.63626360906983,98.5929183959961,4572538
2005-09-08,98.59293331508427,98.59293331508427,97.78122665971456,98.12909698486328,3730607
2005-09-09,98.38998654155141,99.23068456579414,98.27402978476296,98.50594329833984,4058060
2005-09-12,98.56393602930622,100.10037474607107,98.5349445297396,99.81047821044922,5012752
2005-09-13,99.57856290245263,99.83946793386637,98.73787404013171,99.37564086914062,4431232
2005-09-14,99.34662132425855,99.78145676717817,98.56390645097997,98.70885467529297,3512931
2005-09-15,98.76683280897016,99.72348743987187,98.76683280897016,99.6655044555664,3933510
2005-09-16,100.07137800875947,100.245317767033,99.20169767743519,99.92642974853516,8371210
2005-09-19,99.4335865668386,99.52055180941865,98.24502774150687,98.70885467529297,4939553
2005-09-20,98.96983181213186,99.20174544816041,97.83924591397306,98.10015106201172,3982462
2005-09-21,97.17246464590006,97.81023161138677,97.11448163539038,97.25942993164062,4592757
2005-09-22,97.25939902761667,97.87220190529264,96.76332758640872,97.17185974121094,4535104
2005-09-23,97.17186642329075,97.9889307890811,97.05514426974156,97.46367645263672,3261388
2005-09-26,97.98894676221782,98.10566893479385,96.67581070705313,97.08434295654297,4066469
2005-09-27,97.66798316536759,98.74767519979136,96.93846704483545,98.16405487060547,4553299
2005-09-28,98.28073100425652,98.33909672619335,97.05514375304168,97.72630310058594,3502247
2005-09-29,97.17186572390624,98.485001555566,96.52988923853322,98.19319152832031,4607530
2005-09-30,98.19320592488869,98.54337243435556,97.2886021405555,98.25157165527344,4439182
2005-10-03,98.04727241203047,98.13481169123459,96.88004176188261,96.96759033203125,5062121
2005-10-04,97.2594325388713,97.60960838703973,95.85875701904297,95.85875701904297,5655765
2005-10-05,96.0046244255457,96.58824441632635,95.3334651525259,95.3626480102539,4806323
2005-10-06,96.82171522678033,98.45583492503732,96.82171522678033,98.01811981201172,6979330
2005-10-07,98.92270460177038,100.08993538790499,98.28072813394363,99.85649108886719,5994152
2005-10-10,99.88571386686654,100.06079251563975,99.09783207453917,99.18537139892578,3668509
2005-10-11,99.18531002918553,99.44793713079724,98.30988945412771,98.6308822631836,3814573
2005-10-12,97.9889059360154,99.36039786057452,97.9889059360154,98.6308822631836,3861062
2005-10-13,98.48495366198553,99.82726241084372,98.48495366198553,99.27283477783203,4180336
2005-10-14,100.38176056464614,100.61520489893364,99.50633966559455,100.20667266845703,5795840
2005-10-17,99.8273242199888,100.67357155324233,99.03944261631706,99.24371337890625,4999565
2005-10-18,99.21451568603516,100.4401029146122,99.06861067483395,99.21451568603516,4141650
2005-10-19,99.01023670794252,100.41091156005858,98.92268814216123,100.4109115600586,4813229
2005-10-20,100.55684847916051,100.55684847916051,98.45583998512059,98.86437225341797,4263196
2005-10-21,99.06863526443254,99.41880180366205,98.19321427088475,98.4266586303711,4695648
2005-10-24,98.51422576543705,99.6231007225945,98.51422576543705,99.59391784667969,3446889
2005-10-25,99.24371436579159,99.5938808739232,98.13483982028744,98.951904296875,3907824
2005-10-26,99.15622036942648,99.79819729996959,98.3099818527365,98.33916473388672,4499464
2005-10-27,98.13484839297476,98.30993630780917,97.49287175984594,97.98895263671875,3590490
2005-10-28,98.28074381681922,99.47715765398436,97.81385514424116,99.36043548583984,4510127
2005-10-31,99.2145315007105,99.62306373900428,98.7476428232017,98.951904296875,5443681
2005-11-01,99.12702479920469,99.15619838293377,97.90142768122553,98.04733276367188,4302633
2005-11-02,98.04729391473981,99.12698552247025,97.78466672858627,98.66008758544922,4780595
2005-11-03,98.92270651431994,99.65223157659953,98.63090578035387,99.1561508178711,3754499
2005-11-04,99.15610339094395,99.5062789697255,98.48495366198553,99.27283477783203,3475851
2005-11-07,99.5062789697255,99.59381821895023,99.06856414171924,99.27283477783203,3107521
2005-11-08,98.86432819560001,99.06858959324789,98.4266132551412,98.51415252685547,3092435
2005-11-09,98.77674744438069,99.65217704002046,98.36822478221096,98.98101806640625,3723679
2005-11-10,99.12698842647274,101.37390171521446,98.98108339756342,100.67356872558594,6067163
2005-11-11,100.81950269772798,101.49066236885864,100.38179673595388,101.11131286621094,2881060
2005-11-14,101.14042762026675,101.14042762026675,100.089919154036,100.38172912597656,2967655
2005-11-15,100.41091198135943,101.02370548967934,100.06073629865313,100.38172912597656,3123922
2005-11-16,100.35254536099801,101.28633168817751,100.23582323146857,100.7902603149414,3438480
2005-11-17,100.9069747650548,101.4614025153895,100.38172057667423,101.14041900634766,3363716
2005-11-18,103.47489862487858,104.46704147441363,102.86209576751166,104.32113647460938,12345409
2005-11-21,104.35031689520417,106.04280184607538,104.02932404494398,105.63426971435547,7071892
2005-11-22,105.19660905861141,105.72186360055014,104.72972026175457,105.22579193115234,5369251
2005-11-23,105.19655576708448,105.45918290500954,104.78802363131825,104.87557220458984,3657533
2005-11-25,105.05064972877138,105.69262613834702,104.81720545091564,105.63426971435547,1946963
2005-11-28,105.63435516374476,105.63435516374476,104.87565600151684,104.99237823486328,3903671
2005-11-29,105.43003883259752,105.72184893563018,104.64216641992655,104.84642791748047,4871321
2005-11-30,104.90477750510537,105.51758053960008,104.23362731933594,104.23362731933594,5073076
2005-12-01,104.6129464742179,104.75885147402218,104.00015290779596,104.32113647460938,4450429
2005-12-02,104.32114479457807,104.32114479457807,102.89128683159414,103.59162902832031,5308906
2005-12-05,103.35820586235904,104.64215907646093,103.29984012946913,104.37953186035156,5041777
2005-12-06,104.7588433632461,105.34245402633313,104.23358912099565,104.46703338623047,5533260
2005-12-07,104.46706550399671,104.61297053736216,103.32901739288282,103.79590606689453,5892805
2005-12-08,103.79588421295217,104.05851135952511,102.92046348802411,103.1539077758789,4541405
2005-12-09,103.38736628513554,104.4670578786619,103.12473910243705,103.6791763305664,3640757
2005-12-12,104.05855542529993,104.26282623188449,103.44576158744442,103.7375717163086,2871378
2005-12-13,103.59168375952287,104.11693836184192,103.15396849394011,103.50413513183594,5297784
2005-12-14,104.08772177779724,104.72969838484818,103.73755525330061,104.37953186035156,4570242
2005-12-15,104.87558821769638,105.51756473165173,104.37951672385991,105.05066680908203,7100834
2005-12-16,105.13825260447908,105.80940292722342,105.10906973193813,105.22579193115234,7241263
2005-12-19,105.05066020682722,105.37165308910419,104.02933442112985,104.52540588378906,4397136
2005-12-20,104.08766216195191,104.29192352818139,103.24142455636115,103.70831298828125,4383761
2005-12-21,104.05850326531424,104.05850326531424,102.86208976944023,103.06636047363281,4767553
2005-12-22,103.36029069988585,104.2125707327932,103.36029069988585,104.09501647949219,3647142
2005-12-23,104.50645168745567,104.53584259007593,104.0068437716314,104.09501647949219,2234646
2005-12-27,104.53577963189451,104.62394292947762,102.94878413235182,103.03695678710938,3561465
2005-12-28,103.03702242929563,103.33090339418803,102.71374120357949,103.18396759033203,3504584
2005-12-29,103.18390560350402,104.18312086966519,103.15451471751697,103.41901397705078,3368119
2005-12-30,103.21338522457424,103.5072756494036,102.80194985843356,103.0076675415039,3769001
2006-01-03,103.15456094781148,104.03622242232933,102.2728994732936,103.94805908203125,6932005
2006-01-04,103.88922683508365,104.03617190234323,103.15451085596014,103.80106353759766,5011458
2006-01-05,103.65415242644883,103.88926086821368,103.15454464840417,103.5365982055664,3934887
2006-01-06,103.97749138014582,104.41831761433157,103.41910150251564,104.24198150634766,4608094
2006-01-09,104.03621994950775,104.1243832877103,103.56600300285581,103.97744750976562,4322644
2006-01-10,103.65412235059756,103.77167653737095,103.00756964475654,103.41901397705078,4390584
2006-01-11,103.27208877348475,104.47703111620719,103.15453456409433,104.12435913085938,4672862
2006-01-12,104.1831843594654,104.21257526336342,102.68436054683224,102.86068725585938,4623743
2006-01-13,102.56681367618782,103.59542062310388,102.27293266077038,103.15459442138672,3592452
2006-01-17,104.71212480692782,104.71212480692782,102.3316313479479,102.6843032836914,3352949
2006-01-18,102.56678114910365,102.59617204847923,101.71451056746491,102.33167266845703,4205438
2006-01-19,102.56674933301086,102.56674933301086,101.39120729442963,101.92019653320312,6116345
2006-01-20,100.80342290826258,101.39120326134895,97.6294408159938,98.07026672363281,18378414
2006-01-23,98.54050922986227,98.95195367386481,97.74701123582395,97.83517456054688,8098802
2006-01-24,98.59931160361876,98.59931160361876,96.71843417621483,96.8653793334961,9698447
2006-01-25,97.42371787918542,97.57066297338413,95.95428565155063,96.27755737304688,10722248
2006-01-26,96.77721047770187,97.18865506303378,96.21883008641906,97.04170989990234,10193581
2006-01-27,96.83594512939452,97.04166264329146,96.24817412027757,96.83594512939453,9038845
2006-01-30,96.6890354471433,97.24742512817907,96.21881846764754,96.7771987915039,7383383
2006-01-31,96.68903316084385,96.92414164503238,95.89553500882319,96.24820709228516,8282696
2006-02-01,95.98368816938157,97.54128389935376,95.92490638171074,97.39434814453125,7942576
2006-02-02,97.18864137829158,97.83519439072303,96.63026106563204,96.68903350830078,6357370
2006-02-03,96.39516145818014,97.39438674436114,96.30699809890984,96.54210662841797,5389241
2006-02-06,96.54208801893122,96.6596422610255,95.95431680845991,96.24820709228516,4833010
2006-02-07,95.9837153607953,96.18943296156677,94.6612183353218,94.95510864257812,7676824
2006-02-08,94.95511857006903,96.36577909233101,94.72000068537461,96.21883392333984,5582963
2006-02-09,96.33632787265567,97.10043478727145,96.27754609898905,96.74777221679688,5492675
2006-02-10,96.7477679504652,98.07025487072032,96.6008228799536,97.80575561523438,5542023
2006-02-13,97.57066811826775,98.33477516265134,97.2180054879007,97.71761322021484,4174890
2006-02-14,97.51188320773572,98.56988032056233,97.10043884639478,98.33476257324219,6106475
2006-02-15,98.56988032056233,98.56988032056233,97.74699159788044,98.33476257324219,3929462
2006-02-16,98.27601209360161,98.45233874698589,97.15923295533938,98.01151275634766,4985229
2006-02-17,98.01155024440948,98.7756576538086,97.83521416640156,98.7756576538086,5289375
2006-02-21,98.77563276124869,99.18707726812448,97.6294719359953,98.0409164428711,4153377
2006-02-22,98.5993311024291,99.18711184779256,98.45238591608823,98.86383056640625,5367185
2006-02-23,98.44930138910506,99.07108450552123,98.33086695870394,98.47891235351562,4621511
2006-02-24,98.44928847547787,98.62694481139688,97.76828351956823,98.12359619140625,3813133
2006-02-27,98.36044160729442,98.74535572079357,98.03473997351331,98.65653228759766,4032979
2006-02-28,98.30125170926587,98.59734248598241,97.26494341799868,97.32416534423828,5779919
2006-03-01,97.62021120801587,97.79786749491451,96.82078148506521,96.99842834472656,5110740
2006-03-02,96.82082682889393,97.44260998338122,96.46551408869401,97.26495361328125,5245264
2006-03-03,96.96882415252993,98.71573831216323,96.90960224944682,97.88668823242188,5333925
2006-03-06,97.88675173467124,98.44932246997018,97.56105933813821,98.00519561767578,4467581
2006-03-07,97.82745272784818,98.41962448309602,97.73862932136971,98.15314483642578,4538150
2006-03-08,97.88670875075258,99.27832949253721,97.73867281648862,98.98223876953125,5233475
2006-03-09,98.83416021823972,99.30790710140674,98.18276650271643,98.30120086669922,5052022
2006-03-10,98.53811395987334,99.72246756017338,98.4789014648404,99.6336441040039,5377076
2006-03-13,99.66322199546615,99.87047980017053,98.98221725149368,99.69283294677734,4072917
2006-03-14,99.18950436920323,100.22581255345432,99.13029187631903,100.0185546875,4097915
2006-03-15,100.01852322670447,102.20957331902065,100.01852322670447,101.91348266601562,7632233
2006-03-16,102.5944753286499,102.74252063773757,101.67660195409498,101.79503631591797,6542808
2006-03-17,102.06152016214048,102.92018110452936,101.8542623772803,102.1799545288086,8470804
2006-03-20,102.26880975880194,102.74254732916592,101.8542846711144,102.15037536621094,3364843
2006-03-21,102.17996130252035,102.71292070147582,101.4989660058432,101.6766128540039,4181317
2006-03-22,101.79504555099867,102.35761589112231,101.67661117843105,102.23918151855469,3370519
2006-03-23,102.0023104847307,102.06152295606766,100.69952298848169,101.02521514892578,4294787
2006-03-24,100.75874987722929,101.0548405579902,100.3442342368492,100.52188110351562,3014979
2006-03-27,100.28502554320438,100.49228339070241,99.75206601850786,100.04815673828125,3154303
2006-03-28,99.81129741125153,100.22581314560921,99.15990342223829,99.485595703125,4779969
2006-03-29,99.33751346027846,100.78834627377631,99.33751346027846,100.46265411376953,5224273
2006-03-30,100.87719242091777,102.89059601476113,100.81797993632031,102.5945053100586,9110020
2006-03-31,102.86095101873711,103.63077905441125,102.80173855373503,102.97938537597656,7801166
2006-04-03,103.0090730048688,103.6012452318953,102.41690077784229,102.71298217773438,4662575
2006-04-04,103.24589460075195,103.24589460075195,101.61741465197214,102.74254608154297,4500007
2006-04-05,102.59448739703245,102.86096709928961,101.82465924100885,101.91348266601562,4077883
2006-04-06,101.558171746992,102.2983888954767,101.02521238336746,102.1799545288086,4219147
2006-04-07,102.29843062569898,102.89061212784203,100.69956130984058,100.75877380371094,4943184
2006-04-10,100.84757710746304,100.90678958396677,100.07774892225441,100.43305206298828,4789734
2006-04-11,100.43304856727754,100.87717512092715,99.57438755634448,100.81796264648438,4792071
2006-04-12,101.55822942735246,102.23923449290041,101.17331516025864,102.03196716308594,5456806
2006-04-13,101.23251632595895,101.73586492373892,99.51520324531944,100.34425354003906,7859821
2006-04-17,99.95932988906367,99.95932988906367,97.91632453945148,98.56771850585938,7384677
2006-04-18,99.24869579625253,100.581094317279,98.33082230701618,100.28500366210938,6957566
2006-04-19,100.52190044087935,100.58112235931911,99.18950154837977,100.34425354003906,5137574
2006-04-20,100.07774018964383,101.20287141740931,99.57438233347989,101.02521514892578,5297784
2006-04-21,101.4101796122733,101.61744693306242,99.72247721816107,100.58113861083984,6101926
2006-04-24,100.10734157727956,100.66991190402508,100.07774005526898,100.46265411376953,3423018
2006-04-25,100.66996207561175,100.84761843239656,100.0777899317307,100.58113861083984,4739634
2006-04-26,100.87720664275874,101.97273674826472,100.31464553719923,101.05486297607422,4810871
2006-04-27,100.3738476388079,102.68333259661802,100.34424610901965,101.943115234375,5273642
2006-04-28,102.12074894934335,102.97940052243078,101.70622392441827,102.41683959960938,5175550
2006-05-01,102.56487078994185,102.80174895562435,101.61739583615689,101.82465362548828,3715458
2006-05-02,101.82469147802557,102.4168729715163,100.96603962515174,102.09117126464844,3432178
2006-05-03,101.32135706349413,102.65375618332325,101.23253359791923,101.85431671142578,4629210
2006-05-04,102.15034236524109,103.4531296900981,102.0911204744589,103.03860473632812,4559267
2006-05-05,103.45314599660662,104.28218660758667,103.2458787734342,104.10453033447266,5438151
2006-05-08,103.92692725762679,104.3414524513132,103.54201302646952,103.6308364868164,3417301
2006-05-09,103.48279110141122,103.98613975544454,103.33474571600604,103.6308364868164,3495132
2006-05-10,103.4531618556979,103.60119777421042,102.15037412577885,102.74254608154297,4441373
2006-05-11,102.15035300756861,102.6537014227171,101.05482333184351,102.1799545288086,4754929
2006-05-12,101.79505126616222,102.26879821026722,101.20287937007727,101.49897003173828,4748753
2006-05-15,100.96606318108445,102.41689686593642,100.90684124702267,102.32806396484375,4805905
2006-05-16,102.86095737304312,103.39391672716228,102.77213395643523,103.00900268554688,4879626
2006-05-17,102.50566397202566,103.18666870304249,101.8542701917567,101.91348266601562,5325954
2006-05-18,102.12077183081512,102.29841871898944,101.0844637499226,101.11407470703125,5040942
2006-05-19,101.35092109631488,102.15036019802491,100.52187104404445,101.1436538696289,6262408
2006-05-22,100.81795427851878,101.73582768771043,100.72913086060863,100.87716674804688,5573260
2006-05-23,100.96607246362552,101.3213758189359,100.40350174728529,100.69959259033203,4652831
2006-05-24,99.95935937954833,101.79510741076525,99.78171242636105,101.43980407714844,6081269
2006-05-25,101.7062248652542,101.94309361676349,100.72913890846915,101.91348266601562,4202246
2006-05-26,102.06159714801507,102.2392535456429,100.96607607316575,101.6470718383789,4421487
2006-05-30,101.67661423018062,101.76544708269999,100.69952827036202,100.81796264648438,4623201
2006-05-31,101.11411171147692,101.43980407714844,100.58115199743058,101.43980407714844,6317579
2006-06-01,101.55825181141456,102.5057369189545,101.32138289134045,102.29846954345703,4095035
2006-06-02,102.56488545414291,103.06823395211643,102.09114790951787,102.62410736083984,4416667
2006-06-05,102.29839791868822,102.50566514906643,101.202877573569,101.3213119506836,3815303
2006-06-06,101.85434267512895,102.38730245891743,101.29177191952031,102.29846954345703,6024304
2006-06-07,102.29844346654143,103.39397372667672,101.85431671142578,101.85431671142578,5827306
2006-06-08,101.64701969928389,102.44645893767786,100.49227727512759,102.35763549804688,7785809
2006-06-09,102.20956515287926,102.44643388546369,100.4330402312601,100.87716674804688,5361113
2006-06-12,101.17326620038139,101.46935685555103,100.25539271114503,100.28500366210938,3808083
2006-06-13,99.87049102783203,101.29171315093933,99.81127854578982,99.87049102783203,6622956
2006-06-14,99.78167595517579,100.64032772104798,99.66324155392579,100.37384796142578,5024667
2006-06-15,100.61072940648286,101.38056725220247,99.48559773960653,100.99564361572266,6600420
2006-06-16,100.25538689627766,100.69952285327197,99.63360409827467,100.46265411376953,7063692
2006-06-19,100.52185545114627,100.52185545114627,99.60398211681145,99.84085083007812,4266222
2006-06-20,99.8408897338654,100.13698045444045,99.30793963496481,99.78167724609375,5757613
2006-06-21,100.16657045880847,100.34422673943862,99.01182820280486,99.69283294677734,6461952
2006-06-22,99.2453735287633,99.8121427109128,98.85758008928943,99.15587615966797,5288311
2006-06-23,98.97693177733788,99.5437011390654,98.76811401437676,98.91726684570312,4278199
2006-06-26,98.9769336074428,99.24540680924227,98.20134646841339,99.06642150878906,4048608
2006-06-27,98.58909920080845,99.24536570028695,98.0819854736328,98.08198547363281,4916016
2006-06-28,98.23114776611328,98.55928582825973,97.78369886033362,98.23114776611328,4240807
2006-06-29,98.38028474932226,99.27519191475348,98.08198869268324,99.24536895751953,5918158
2006-06-30,99.42440233508601,99.54372272647124,98.26102139575814,98.32068634033203,8112260
2006-07-03,98.73830289065762,99.5437130800176,98.70847042126164,99.42439270019531,2497059
2006-07-05,99.12608247967388,99.72268429440521,98.88743225602103,99.3647232055664,5350785
2006-07-06,99.36472629930277,100.2894662642485,99.33489383319728,99.9314956665039,4179001
2006-07-07,99.48402982167293,99.9613112075066,99.06640386018897,99.33487701416016,4240160
2006-07-10,99.33489015109825,99.8121716000519,98.73828833990618,99.7823486328125,3304185
2006-07-11,99.54369716007398,99.57352962469889,98.41014898416894,99.21556854248047,4670901
2006-07-12,99.06641599688803,99.09624846159718,98.43998172679667,98.61895751953125,4493225
2006-07-13,98.46979590428747,98.61893920461489,97.12743021927336,97.45555877685547,6560420
2006-07-14,96.32200330002209,96.56064395925416,95.63590428141163,95.7850570678711,10273311
2006-07-17,95.69560303938066,96.73966341608791,95.69560303938066,96.53084564208984,4917247
2006-07-18,96.53081124915278,96.91860469382691,96.20268271800897,96.82911682128906,5479007
2006-07-19,97.18706883981567,98.55926674679652,96.91859574922188,98.08198547363281,5319527
2006-07-20,97.99252493751189,98.26099812899879,96.88880920410156,96.88880920410156,4292701
2006-07-21,97.2765903832337,97.2765903832337,96.05354494452644,96.20269775390625,6133455
2006-07-24,96.88877249114154,97.72401471657614,96.32199385770765,97.30638885498047,4770683
2006-07-25,97.8434012281939,97.87323370229537,96.79934061674795,97.54510498046875,4615000
2006-07-26,97.66436732052229,97.75385519186563,96.88878044152675,97.48538208007812,4444252
2006-07-27,97.69417952976812,98.0819728888957,97.0677360669227,97.3958740234375,4513424
2006-07-28,97.84339739096177,99.1261082471508,97.6644215488984,98.49966430664062,4402123
2006-07-31,97.84334153433193,98.17147955372592,97.48538055679452,97.51521301269531,4750714
2006-08-01,97.39590692369191,97.84335583658016,96.88879309028057,97.12743377685547,3482654
2006-08-02,97.09759708088721,97.87318402730143,96.7098036076801,97.24674987792969,3472638
2006-08-03,97.09761327156419,98.08201809708719,96.73965219762853,97.63455963134766,4041889
2006-08-04,98.17152960514782,98.41017037850719,97.24678948505861,97.84339141845703,3339866
2006-08-07,97.48538055679452,97.9328389020343,96.97826679751051,97.51521301269531,3274472
2006-08-08,97.84335723435431,97.84335723435431,96.05354256171482,96.4711685180664,4954953
2006-08-09,96.88879414304186,97.60471621054553,96.17286257777934,96.29218292236328,3801093
2006-08-10,96.50099606551959,97.783696832196,96.17285801017907,97.45555877685547,4985459
2006-08-11,97.30643218248248,97.78372316443883,96.70983032723824,96.94847106933594,3202358
2006-08-14,97.57487708819684,99.72266213958909,97.33623641532175,97.90301513671875,5206077
2006-08-15,99.00674285514819,99.27521601974115,98.55929391266616,99.03657531738281,4233816
2006-08-16,99.54370027738275,100.94573118105777,99.39455694510795,100.55793762207031,4983059
2006-08-17,100.52811277440684,101.42302032467283,100.37895993306898,101.18437957763672,3655426
2006-08-18,100.55792164158042,101.42299652099611,100.55792164158042,101.4229965209961,3569854
2006-08-21,101.4230313239583,101.72133703898515,100.73693197850142,101.3037109375,2669247
2006-08-22,101.12472560893144,101.98981028295687,100.46845873452969,101.3037109375,3310654
2006-08-23,100.67722660874729,101.03518759061087,100.2297682580997,100.79654693603516,3787321
2006-08-24,101.24402861781273,101.45284638159482,100.67725925385693,100.97555541992188,3036472
2006-08-25,100.5877387151743,101.18434990557094,100.55791575386117,100.94570922851562,2429286
2006-08-28,100.52811124961086,101.42301878630303,100.52811124961086,101.2142105102539,2778857
2006-08-29,101.12467709354485,102.13891413849522,101.12467709354485,101.98976135253906,3839487
2006-08-30,102.01965962443225,102.73559162598531,101.98983664343122,102.22847747802734,3001562
2006-08-31,102.28806405026948,102.3775614262931,101.45282169169027,101.60197448730469,3851172
2006-09-01,101.9599270164672,102.22840012668827,101.48264570841087,101.84060668945312,4108577
2006-09-05,101.66166289935603,101.81081574337533,101.18438139670337,101.33353424072266,3778933
2006-09-06,101.03520878267425,101.57215511697248,100.97554385763691,101.27384948730469,3892320
2006-09-07,100.97554905487024,101.87046598993518,100.91589362452189,101.54232788085938,6208010
2006-09-08,101.12469698979167,101.57215543569744,101.0650415623266,101.45283508300781,2991234
2006-09-11,100.97556687395357,102.70572662353517,100.70709364560881,102.70572662353516,4488238
2006-09-12,102.70572200491377,103.60062955989889,102.55656916278937,103.4216537475586,4692769
2006-09-13,103.5111762920864,103.92880249023438,102.88474174374664,103.92880249023438,5598863
2006-09-14,103.06366433917552,103.98840419356061,102.9145210220007,103.74976348876953,4275361
2006-09-15,104.1076927711664,104.40599830998895,103.57075609814504,103.95854949951172,6965850
2006-09-18,103.3620130685936,104.28675330857382,103.24269266644423,104.01828002929688,4779739
2006-09-19,103.9585494995117,103.9883724551887,103.21278565245535,103.95854949951172,3900103
2006-09-20,104.01826257407602,104.61487398246945,103.36199572350036,104.4657211303711,5146963
2006-09-21,104.85625213499597,104.85625213499597,102.9033434887843,103.47419738769531,5514188
2006-09-22,103.23385614828145,103.65448489571939,102.96345263678914,103.35403442382812,3658994
2006-09-25,103.14374039863378,104.97648107088871,103.14374039863378,104.82625579833984,4687010
2006-09-26,104.85625496955181,107.01948279986294,104.82621757883481,106.47867584228516,7486128
2006-09-27,106.14820814801973,107.10963441845888,105.66748544675035,106.1782455444336,5529900
2006-09-28,106.35855082834767,106.9894894060439,105.81774360002154,106.59890747070312,4065197
2006-09-29,106.41861173944972,106.68901526967908,105.7576263951168,106.05806732177734,4266076
2006-10-02,106.35852318596349,107.28991210756416,105.99798831613268,106.65897369384766,4342300
2006-10-03,106.68895723512667,107.8006081477814,106.53873207048801,107.28984832763672,6907341
2006-10-04,107.16971582970844,108.52173332220735,106.83921841329817,108.46163940429688,6443026
2006-10-05,108.19119828242759,109.60329963573162,107.9808887749732,109.03245544433594,5219098
2006-10-06,108.40153977194018,109.06252494553824,108.25131456438871,108.58180236816406,3927897
2006-10-09,108.58180519788111,108.88225562081399,107.74055740613566,108.64189910888672,3832351
2006-10-10,108.46164483138986,109.24280840702104,108.34146655560424,109.06254577636719,4893585
2006-10-11,108.76209980844928,109.36299121226438,108.25133972369406,108.67195892333984,4062839
2006-10-12,108.91233022044267,109.1226398302479,108.46165447165282,108.82218933105469,4875703
2006-10-13,107.95086426981985,108.49167119119005,106.56880001164103,108.10108947753906,8884435
2006-10-16,107.35001840590769,107.35001840590769,106.17826320334375,106.83924865722656,6631073
2006-10-17,106.20831017080465,106.95942696101876,105.87782222688894,106.83924865722656,5201132
2006-10-18,107.6204124149016,107.68050634982339,106.53880768077177,106.83924865722656,5744321
2006-10-19,106.35854366728589,106.62894726324282,105.57737984919963,105.99800872802734,5467072
2006-10-20,106.35853039670846,106.89933752114472,105.93790157036351,106.56884002685547,5697790
2006-10-23,105.99800579213141,107.229835858659,105.96795882317905,106.7491226196289,5443493
2006-10-24,106.50876384630676,106.89934573663339,106.17826632661794,106.41863250732422,4556387
2006-10-25,106.80917068438431,107.10961154671674,106.20826982762391,106.98943328857422,4611808
2006-10-26,107.41009550686005,107.53027380252037,106.41862217614968,106.92938232421875,4170362
2006-10-27,106.53878488696954,106.65896316504978,105.667480413326,105.78765869140625,6189210
2006-10-30,105.81772138887655,106.38857546918801,105.48723346652044,105.75763702392578,3438146
2006-10-31,105.99797318563094,106.20828277149938,104.91635916448136,105.48721313476562,5556254
2006-11-01,105.75760588092942,105.75760588092942,104.70603892646922,104.85625457763672,5060390
2006-11-02,104.79619100837554,104.88632233015602,104.01502737681184,104.28543090820312,4885030
2006-11-03,104.49578336409138,105.15676898230939,104.22537972181794,104.46573638916016,3978852
2006-11-06,105.2167942797363,106.3885394430232,104.85624994791915,105.96791076660156,5596568
2006-11-07,106.20827509927315,107.1096168631041,105.967918571058,106.77912902832031,5093546
2006-11-08,106.50874070430383,107.41008259644263,106.35851546127242,106.89932250976562,3733299
2006-11-09,106.68899271190179,107.13965878963099,105.90781968281213,106.02800750732422,3906446
2006-11-10,106.05809289460916,106.08813986433512,105.51728570375046,105.66751098632812,3753455
2006-11-13,105.99798571117593,107.13968422060748,105.99798571117593,106.23834228515625,4346223
2006-11-14,106.53880047181,107.41009550686005,105.69754283613699,106.92938232421875,5950396
2006-11-15,106.68902537073343,107.92085528858289,106.62893144008189,107.5302734375,4960357
2006-11-16,107.77061972441639,108.5517833518977,107.77061972441639,108.04102325439453,4778299
2006-11-17,107.71054573743552,108.97242262147806,107.50022654606128,108.91233825683594,6376463
2006-11-20,108.67193378761522,109.00243115780694,107.95086426981985,108.10108947753906,4184426
2006-11-21,108.10110975720006,108.1611941119311,107.31994618335256,107.560302734375,5238921
2006-11-22,107.56026499151132,108.43155957474295,107.31990852482988,108.13111877441406,3919717
2006-11-24,107.71051999578434,107.80065130423247,107.22979736328125,107.22979736328125,1515012
2006-11-27,106.8693164146191,107.41012366991622,105.99802115111447,106.50878143310547,5135445
2006-11-28,106.05807798078112,106.23835020773495,105.30696123956662,105.75763702392578,5211523
2006-11-29,105.90779396749771,106.47864773113085,105.72753140659444,106.20824432373047,3788406
2006-11-30,106.38859063707046,106.65899423302741,105.63746422271664,105.99800872802734,4935651
2006-12-01,106.29845929376886,106.35854366728589,105.03657265728575,105.99800872802734,5006555
2006-12-04,106.44864660376938,106.65896577008367,105.96793347970745,106.3284683227539,3927313
2006-12-05,106.3885394430232,106.6589429088623,105.5472820901799,105.96791076660156,6310547
2006-12-06,106.20828277149938,106.50873323649625,105.36703486197666,105.48721313476562,8411065
2006-12-07,105.637451171875,106.32848356128694,105.42714154146965,105.637451171875,5339955
2006-12-08,105.60737600083193,106.23831423244066,105.15670036908426,105.96791076660156,4666060
2006-12-11,105.87781243522365,106.71906048396977,105.30695837046517,105.81771850585938,6274845
2006-12-12,105.78766417621216,107.92084546332275,105.36704496414798,107.07959747314453,10381273
2006-12-13,107.71054090539192,107.92085052128066,106.35852318596349,106.65897369384766,9426999
2006-12-14,106.62890915152977,109.15267195639092,106.23832738208988,108.7921371459961,9020713
2006-12-15,109.00244396279405,112.69795198225277,108.79213438690961,112.24727630615234,18442265
2006-12-18,112.51763016699229,114.56067893832271,112.39745195291923,114.17009735107422,10444977
2006-12-19,113.41904687801534,114.38048279514094,113.41904687801534,114.20021057128906,6546084
2006-12-20,114.560749989307,115.6423641528297,114.20020555743264,114.62083435058594,7696418
2006-12-21,115.16562319057212,115.19588267019805,113.89440703264364,114.31814575195312,5184627
2006-12-22,114.68132023189652,114.7115893414352,113.53118080039947,113.71277618408203,3250726
2006-12-26,113.80359668200882,114.22733535426097,113.28906030740832,114.13652801513672,2503340
2006-12-27,114.3787155151367,115.10511668838862,113.71283331781972,114.37871551513672,3341974
2006-12-28,114.28786689956965,114.28786689956965,113.34959182844895,113.44039916992188,3518564
2006-12-29,113.44043083176113,113.56149768407265,112.47188637649012,112.62322235107422,5273121
2007-01-03,113.22854700629996,115.46829803921047,113.13774928396433,114.92349243164062,9018960
2007-01-04,114.92348655128113,115.01429390574839,113.34960804851227,114.25761413574219,6528786
2007-01-05,113.71283852988175,114.28791337931628,112.9258990710661,113.68257904052734,5639552
2007-01-08,113.34960319041907,114.01547557741915,112.74426903713587,113.65227508544922,4948150
2007-01-09,114.34841658930773,114.98401985944938,113.07720041224736,113.65227508544922,5132545
2007-01-10,113.13777331722727,113.83391503441959,113.01670644946948,113.68257904052734,5007181
2007-01-11,113.50096419953547,114.89324751467586,113.25883048475781,114.77217102050781,6433407
2007-01-12,114.53001475687223,115.01429172786153,114.01547830507769,114.68135070800781,5413529
2007-01-16,115.01431281856773,115.7709830762224,114.80243859341464,115.34724426269531,6493189
2007-01-17,115.55914808671072,115.86181048522786,114.56033422493756,114.95380401611328,6356432
2007-01-18,115.04454170486802,115.52881863585134,112.77453153569134,115.0142822265625,8680969
2007-01-19,112.44158438980644,113.50092626549208,111.53357844447245,111.83625030517578,13126097
2007-01-22,112.38109906056506,112.98643337821771,110.74668194773335,111.23094940185547,8635418
2007-01-23,111.01902645468508,111.20062183615497,110.11102063701166,110.62555694580078,7331551
2007-01-24,111.07960571823219,111.23094169635651,110.53480005169625,110.89801025390625,4477575
2007-01-25,110.92825777722958,111.07958408910899,109.74783930506364,109.98998260498047,5389784
2007-01-26,110.32292270720707,110.62559462845628,108.9911778178441,109.17278289794922,5409314
2007-01-29,109.1728025240677,110.02027056442665,109.05173566115928,109.53600311279297,5205597
2007-01-30,109.56626383200333,109.99000263806423,108.23451880539993,109.05172729492188,9002121
2007-01-31,108.96090007430259,109.62677246628147,108.44636363097035,109.11223602294922,7546118
2007-02-01,109.50573036239477,109.68733546913472,108.23452352555317,109.65706634521484,7901804
2007-02-02,109.74787570929853,110.17161457873905,109.32414647663836,109.77814483642578,5238921
2007-02-05,109.7781157411987,110.41371905851112,109.5662511810205,110.0807876586914,5467385
2007-02-06,110.17157268888559,110.29263951458177,109.65703627048264,109.899169921875,4742889
2007-02-07,109.9294297374666,110.02022743986308,109.14249061862809,109.26355743408203,4459464
2007-02-08,109.14247899377034,109.14247899377034,107.75019630917949,108.17393493652344,7027364
2007-02-09,108.08318150751145,108.47665118616106,107.38703988012253,107.53837585449219,6219967
2007-02-12,107.59891218078788,108.59771610233169,107.59891218078788,107.8713150024414,3966729
2007-02-13,107.87130088766212,108.6582401279629,107.87130088766212,108.2647705078125,4791508
2007-02-14,108.74904418714759,110.4742587202418,108.32530542455328,110.38346099853516,6658011
2007-02-15,110.05055435478108,110.38349549973202,109.14254794357636,109.38468170166016,5971659
2007-02-16,109.17275702913852,109.26355472928734,108.56741333007812,108.56741333007812,6478833
2007-02-20,108.53715325928749,109.35435182969618,108.20421229927511,109.2938232421875,4913074
2007-02-21,108.93067334095626,109.26360481864366,108.41612710616292,108.68852996826172,7234377
2007-02-22,109.2681277049261,109.45115998996803,107.71238727586098,107.98693084716797,7859007
2007-02-23,107.77336665827242,107.83437092535064,107.04124746577295,107.0717544555664,7960918
2007-02-26,107.55983464511266,107.92589912213073,107.22428687244033,107.80387115478516,6032546
2007-02-27,107.68185505155469,108.87154034436132,105.24148019355903,105.72955322265625,13078627
2007-02-28,106.156616848657,107.01074460829581,105.69904112161154,106.4921646118164,10583195
2007-03-01,105.57702313572449,107.43781361453894,104.6923883828896,106.76670837402344,10721789
2007-03-02,106.55317994071184,107.22428518802327,105.85156770204327,106.37014770507812,9426706
2007-03-05,105.97356052145211,106.67517259173474,105.302455435205,105.39396667480469,6854424
2007-03-06,105.94303388696575,106.27859122410312,105.3024359035731,105.91253662109375,7093989
2007-03-07,105.97359206641838,106.00409905953485,104.69239548062373,104.72289276123047,8135151
2007-03-08,105.54650946818838,105.66852771215375,104.78389301527763,105.08894348144531,6077179
2007-03-09,105.45503001295337,105.66855957615479,104.38736277192346,104.69241333007812,7142462
2007-03-12,104.57035297665244,105.63801978811902,103.74672262851979,105.05842590332031,6302972
2007-03-13,104.53987072005069,104.87541850838352,103.74674717034422,103.99078369140625,8116559
2007-03-14,103.99078283888488,104.9364316346301,103.41118882173177,104.6618881225586,8465671
2007-03-15,104.3263117341878,105.79054029593925,104.05176827182765,105.3024673461914,7475278
2007-03-16,105.54649381566986,106.27861288339754,104.47882705492616,104.81438446044922,9347498
2007-03-19,105.24142239946912,105.76000213623047,105.02788328212348,105.76000213623047,5535638
2007-03-20,105.63808816888131,106.3091937337178,105.24152623113764,106.06514739990234,5897709
2007-03-21,106.00406655291735,108.90201633509925,105.9430525853946,108.23091125488281,10523622
2007-03-22,108.10893634140285,109.32912876811308,107.98691806998289,109.23761749267578,7016513
2007-03-23,109.17654754831719,109.54260217497603,108.59695377172808,109.26805877685547,6982626
2007-03-26,109.35959563824993,109.8171615600586,108.10889667445919,109.8171615600586,6192110
2007-03-27,109.20707406344174,109.5121244964772,108.7800053996936,109.17656707763672,6192527
2007-03-28,108.90202394618504,108.99354490386551,107.68183192301252,108.4444580078125,8643097
2007-03-29,108.59697351226505,108.99354490386551,107.80385015407903,108.4444580078125,5732323
2007-03-30,108.47499770496994,108.53601170061903,106.7667320894413,107.86490631103516,7130004
2007-04-02,107.86485850564107,108.38343838878033,107.10224217308415,107.65132904052734,4902766
2007-04-03,108.07836836871077,108.59694815779585,107.2852451956977,107.7428207397461,6461409
2007-04-04,107.89538788578635,107.92589487642263,106.98024615426071,107.10226440429688,7240032
2007-04-05,107.16326074735066,107.34629296512244,106.58367653067175,106.82771301269531,5555691
2007-04-09,107.07176737588782,107.22429263075159,106.00410030435131,106.09561157226562,5520343
2007-04-10,106.15665158877098,106.73623604435528,106.0041262965081,106.40068817138672,6109417
2007-04-11,106.76669911867013,107.37680003671005,106.33963041854383,106.61417388916016,6359228
2007-04-12,107.25474379075222,107.49878992109709,106.33960236760244,107.31575775146484,6425478
2007-04-13,108.5969451539171,108.5969451539171,107.52927862650854,107.92584991455078,7437322
2007-04-16,108.29197514304512,108.59701598375689,107.37683319588733,107.86490631103516,7053697
2007-04-17,107.89537282611411,107.89537282611411,106.94972423594264,107.37679290771484,8008514
2007-04-18,107.25478030268451,107.52932379434077,106.46165681845731,107.16326904296875,7927302
2007-04-19,106.91923361675548,107.92589633378326,106.46165788855937,106.76670837402344,8439505
2007-04-20,107.4683195253666,107.49882651610818,106.55317779068206,107.16326904296875,12181505
2007-04-23,107.16323839990986,107.22425236394623,106.095571729323,106.15658569335938,7335787
2007-04-24,106.15660991821571,106.58367862640844,105.39398375626138,106.03459167480469,7809867
2007-04-25,106.70566907200876,108.1393903429718,106.4921299172871,108.01737213134766,9394844
2007-04-26,108.16988567369299,109.35957039327414,108.16988567369299,109.32906341552734,9632885
2007-04-27,110.12224054818458,113.53877120561715,109.87820403158364,112.37959289550781,19137694
2007-04-30,112.56261578233728,113.5997757479312,111.67797134255872,112.44059753417969,10474566
2007-05-01,112.3186091573223,113.4167736827991,112.01355859954526,113.17273712158203,9173057
2007-05-02,113.23370926648533,114.57591956960401,113.23370926648533,113.81329345703125,8400631
2007-05-03,113.90483093261719,114.14886743901916,113.26423267518473,113.90483093261719,5874610
2007-05-04,114.20988559755472,114.20988559755472,113.05069758099995,113.32524108886719,6267771
2007-05-07,113.5692473490803,114.17934818736833,113.32521089876789,113.5997543334961,4335414
2007-05-08,113.1421763484221,113.44722676121297,112.715117425523,113.11167907714844,5560302
2007-05-09,112.62358201494337,113.8742807768089,112.4405595607717,113.66075134277344,6140362
2007-05-10,113.1727020335327,113.1727020335327,111.95250989324418,112.1965560913086,5705489
2007-05-11,112.25758113791285,112.9897004426215,112.25758113791285,112.77616119384766,4309143
2007-05-14,112.86766841366767,112.86766841366767,111.34242571381718,111.64747619628906,5783550
2007-05-15,111.86101199730622,113.47776604781704,111.677979755028,111.76950073242188,5787452
2007-05-16,112.01351996019072,112.53209990201934,111.40341905509256,112.34906768798828,5478820
2007-05-17,112.10501160591542,112.34904804027414,111.18987012081708,111.43390655517578,5084866
2007-05-18,112.25757060007338,113.69129236792506,111.95252010903795,112.74564361572266,8657119
2007-05-21,113.81333552290468,114.24040436129025,112.8676962763164,113.17273712158203,8471138
2007-05-22,113.53876646050503,114.57593618147719,113.20321869232963,113.90483093261719,6376400
2007-05-23,114.39284852328272,115.3079898351683,113.90477574694495,114.6978988647461,7152603
2007-05-24,115.12498330334603,115.33851274436405,113.72175930878062,114.02680969238281,6414210
2007-05-25,114.1794116305104,114.7895030952853,113.84385404049992,114.57597351074219,4984812
2007-05-29,114.72842975354115,114.97246619257307,113.29469867734223,114.08782196044922,6092516
2007-05-30,113.44725951913802,115.15552484151677,113.35574825387957,115.09452056884766,5634628
2007-05-31,115.2470409785639,115.27754796987186,114.42341048830403,114.6369400024414,6603425
2007-06-01,114.94195319641547,115.15548264127104,113.59974313945071,114.24034118652344,6908635
2007-06-04,115.27756536180281,115.97916799268167,114.94200783180803,115.33856964111328,7284707
2007-06-05,115.33852085112093,115.33852085112093,113.99631072393888,114.08782196044922,8479005
2007-06-06,113.78281869958462,114.08785949247196,113.2337316748738,113.75231170654297,7112101
2007-06-07,113.50826121605826,113.9963341946113,112.04403256789062,112.13554382324219,8216675
2007-06-08,112.2575866827159,113.90484791529184,111.80002059311857,113.84383392333984,6257776
2007-06-11,113.08121154172335,114.75896997234526,113.02019755287775,114.2708969116211,5523202
2007-06-12,113.93529270613436,114.3623515665948,113.0201416015625,113.0201416015625,6689707
2007-06-13,113.63027641018536,114.88096581227872,113.17270072069454,114.81996154785156,6956335
2007-06-14,114.69796076332061,115.85713908894405,114.69796076332061,115.30805206298828,7243266
2007-06-15,115.79615235022422,116.40624374227792,115.79615235022422,116.28422546386719,9932524
2007-06-18,116.46723319952997,116.46723319952997,115.79612795340888,116.13167572021484,5323679
2007-06-19,115.76559838767271,120.79888189582987,115.64358015876341,119.85323333740234,16206367
2007-06-20,120.34133206350185,121.31747802535443,118.84659641877938,119.18214416503906,12555323
2007-06-21,119.67373106784339,119.67373106784339,118.29110508101091,119.21285247802734,9263553
2007-06-22,118.93634220039365,120.2882411609682,117.49227142333986,117.49227142333984,14237870
2007-06-25,117.76882072006421,118.59839658574222,116.53982052453594,117.4001235961914,10274000
2007-06-26,117.67659448302074,117.738039083951,116.35542306295474,116.81629180908203,9312255
2007-06-27,116.20179980024776,117.03137530321418,115.6487494649368,116.93919372558594,8639028
2007-06-28,117.21578329585148,117.92246019953551,116.07896459069197,117.12361145019531,7124183
2007-06-29,117.46151664246196,118.90559686304768,116.75484991102553,117.61514282226562,9325589
2007-07-02,118.04536056906197,118.41405773841214,116.81636022194125,117.55376434326172,6184348
2007-07-03,117.86098320640049,119.18216491506227,117.86098320640049,118.9056396484375,4557201
2007-07-05,118.53690046288884,118.81342565414418,117.89167827749822,118.41400146484375,5418099
2007-07-06,118.2297134399414,118.59841060740457,117.89173369946846,118.2297134399414,6221594
2007-07-09,118.47545191560634,118.84414889748165,117.8916743573424,118.65980529785156,6400292
2007-07-10,118.13750848619101,118.26041730036516,116.4169122617885,116.44763946533203,8232554
2007-07-11,116.14037714231479,117.49227615736031,115.9253063009919,117.36937713623047,6945818
2007-07-12,118.1067737182526,119.8273696899414,117.369369854605,119.8273696899414,9397807
2007-07-13,121.76302588934375,123.42217710114839,121.36360168457033,121.36360168457031,15865998
2007-07-16,121.67088041086926,123.51438541710101,121.48653675807866,123.2685775756836,8434435
2007-07-17,122.93059710133399,125.81873871737191,122.89986990097638,125.08134460449219,12117174
2007-07-18,123.88303892304496,125.29638215523428,122.68476647098841,124.28246307373047,10395128
2007-07-19,124.68192034769471,125.32714264211876,124.37466790935295,125.08134460449219,6211119
2007-07-20,124.25177959349934,125.41932526410568,122.89988048748444,123.2685775756836,10283097
2007-07-23,123.82162959807312,125.84947828164127,123.82162959807312,125.41932678222656,6978328
2007-07-24,124.835540402358,125.91091410083405,123.36074246680847,123.57581329345703,9610809
2007-07-25,124.65113264524123,125.11201107905669,122.71545691887367,124.19025421142578,8787199
2007-07-26,122.93057008415389,124.8662365420131,120.90272204548116,121.45577239990234,13048642
2007-07-27,121.70158854694009,122.10101277556605,119.18214416503906,119.18214416503906,10040194
2007-07-30,119.91956316623646,121.17929051048755,118.75201743572808,120.65696716308594,8363823
2007-07-31,121.48649769130108,122.13171983381808,118.99777113537357,119.0899429321289,8925876
2007-08-01,118.59835536834406,120.71837532209953,118.13747678671155,119.6737289428711,11177569
2007-08-02,119.8273609681131,120.38041137993996,118.72126014445938,119.9195327758789,7729741
2007-08-03,119.36646584939969,120.1038695573525,116.93919372558592,116.93919372558594,9917521
2007-08-06,117.46151787389601,120.53402193695146,116.78556854524217,120.13459777832031,10984807
2007-08-07,119.48939219866729,122.07029109357664,119.02852333545087,121.30216979980469,9754222
2007-08-08,121.36364130260122,124.31324768066408,121.24074225967598,124.31324768066406,9700659
2007-08-09,121.88590308428678,123.2992461415523,119.42790410000129,119.64297485351562,12513173
2007-08-10,118.29109284023933,118.69051699703452,114.2661240796228,117.46151733398438,17854234
2007-08-13,118.50620642639244,119.21287335889214,116.75488313052153,117.27720642089844,8770735
2007-08-14,117.27720801096561,117.33865263163382,115.24935944179914,115.77168273925781,9213329
2007-08-15,115.4644616031512,116.53983569136332,112.82211719758544,113.37516784667969,11325928
2007-08-16,112.17683981210672,114.57338493045197,111.2243652472338,114.29685974121094,13707034
2007-08-17,117.09285039073274,118.72127462808201,115.89457761312768,118.13749694824219,13016654
2007-08-20,118.26039995809903,118.29111737451989,115.98674375118692,117.43082427978516,8405097
2007-08-21,116.84707436498631,119.12072132898622,116.69344811594836,117.83027648925781,7340545
2007-08-22,118.75198235332824,120.6876489308027,118.29110376862543,120.25750732421875,8034784
2007-08-23,120.47262362637053,121.11784606254298,118.59840094944998,120.19609832763672,6909678
2007-08-24,119.9502539458512,121.2714255154491,119.76590055696632,121.08708190917969,7265593
2007-08-27,120.62621816903324,120.62621816903324,119.52011726487018,119.8273696899414,4797788
2007-08-28,119.30505388772572,119.58157913103604,116.90850830078125,116.90850830078125,7824390
2007-08-29,117.49229218794798,119.0592720407316,117.21576690702256,118.93636322021484,8651381
2007-08-30,117.73807127059357,118.96707123393482,117.5230004346211,117.98387908935547,4827314
2007-08-31,119.21288261417136,120.10391282320518,118.26041756315023,119.42796325683594,7794155
2007-09-04,119.33573857249878,120.74908170384559,118.32180978072464,119.95023345947266,6950075
2007-09-05,119.12070976079544,119.73521469727072,118.1375077320058,119.05926513671875,7830358
2007-09-06,119.2435884525366,121.20999217471213,118.3218409876615,121.05636596679688,8228464
2007-09-07,119.55086125980452,119.82738652469479,118.62911363770965,119.05926513671875,9382115
2007-09-10,119.21291843705704,121.45584845281859,118.32189774289412,120.41120147705078,7933833
2007-09-11,120.44185427221747,122.10100548402211,119.98098545734896,121.36360168457031,7070494
2007-09-12,121.02568863886592,123.66803311249397,120.77989051796384,122.59265899658203,8779270
2007-09-13,122.93063766494865,125.35791120702227,122.71555697409204,124.46688079833984,9371557
2007-09-14,123.63730319587694,124.83557625120368,122.71554566166921,123.97527313232422,7483332
2007-09-17,123.14569701304234,123.97527292285598,123.02279796521285,123.45294952392578,5066149
2007-09-18,124.00596402134273,128.27673159202214,123.51436797317193,128.06166076660156,10742968
2007-09-19,128.3382110595703,129.2599587212576,127.93878674675189,128.3382110595703,9280038
2007-09-20,128.36910462612607,128.36910462612607,126.97714783349875,127.56486511230469,6779139
2007-09-21,128.70936561155324,129.08056068519872,127.37927783545764,127.59580993652344,8004173
2007-09-24,127.59586841261769,127.8742500724784,126.11110713485347,126.35857391357422,6048238
2007-09-25,126.0492048510327,127.87420647463587,125.46148745598929,127.1318359375,5558236
2007-09-26,127.37932336333108,128.36916083244716,126.6988119499336,127.65771484375,6675956
2007-09-27,128.0598652467226,128.46198527537982,127.2246906067481,128.0289306640625,4793406
2007-09-28,127.62674480638518,128.36912516410595,127.1318311336622,128.05979919433594,6201416
2007-10-01,127.68862465506149,130.19413764427244,127.68862465506149,129.9776153564453,9151168
2007-10-02,130.00848919677736,130.3796743090821,129.29704367838548,130.28688049316406,4025008
2007-10-03,129.76109789119553,130.25601162384376,128.36914070732556,128.5238037109375,5492904
2007-10-04,129.01868175427555,129.51359535002013,128.2144422368732,128.9877471923828,3348505
2007-10-05,129.69919828436332,130.07038349665925,128.95681801113628,129.20428466796875,4546392
2007-10-08,129.11150603100856,129.29710359748717,128.09074403696894,128.46192932128906,3027603
2007-10-09,128.40007050578052,130.0085499257455,128.36913593648032,129.9776153564453,4078676
2007-10-10,129.66828414998344,130.16320769298676,128.98777289591104,129.32803344726562,4011341
2007-10-11,129.76109797421373,130.1941425662392,127.96702091925988,128.678466796875,6204672
2007-10-12,126.38947080808256,126.94625370246155,124.10047993599,126.91532897949219,10726421
2007-10-15,126.51320615939686,126.63693459431747,124.99752052082228,126.26573944091797,8304313
2007-10-16,126.1419956633184,126.38945250306139,125.52335356396092,126.1110610961914,7358531
2007-10-17,126.60601033721824,127.25558713562778,126.11108670857982,126.8225326538086,9212014
2007-10-18,126.60598989774603,126.82251217938068,125.33776123044295,126.17293548583984,6722446
2007-10-19,125.368666733339,126.17290623386522,123.32713342077986,123.85298156738281,11829179
2007-10-22,123.23438014400338,124.47167436324877,122.73945654712253,124.25514221191406,5948247
2007-10-23,124.53346305666719,125.55423439451769,123.79109285516884,125.21397399902344,5610318
2007-10-24,125.0284194576042,125.2140169960269,121.87333024486782,124.44071197509766,8592454
2007-10-25,124.90469331730458,125.43055137761603,122.86315975210958,124.22418212890625,9161977
2007-10-26,124.8118692618176,125.27585807968389,123.6055101537254,124.9046630859375,5365787
2007-10-29,125.18307256684422,125.83265897581714,124.7190935303034,125.46146392822266,5579896
2007-10-30,125.2449085529106,125.73982202057616,124.68812597747073,125.21397399902344,5397358
2007-10-31,125.64708770103746,127.50302393219536,125.15217399903187,127.31743621826172,7146364
2007-11-01,126.48229704647294,126.76068854323752,124.25516507235636,124.78101348876953,7943599
2007-11-02,125.27588635003981,125.3686801951,123.63647261170782,124.75003814697266,7706788
2007-11-05,123.57460079527714,125.39961203267777,123.57460079527714,124.34791564941406,6196638
2007-11-06,124.34794855089349,125.24498220067778,123.63650263629874,124.28607940673828,8791143
2007-11-07,123.41990749024308,123.51271115911143,120.60506968919611,120.88346099853516,9748714
2007-11-08,121.25465098816268,121.6258459812481,115.99616030487563,120.69786834716797,11052894
2007-11-09,119.1512779012409,119.86272359617138,117.88304947537655,118.71822357177734,8905969
2007-11-12,118.28517413980614,120.75976196894028,118.06865189042695,118.31610870361328,7713820
2007-11-13,119.08941749173437,121.40934242419723,118.31611246379198,121.28561401367188,8774950
2007-11-14,123.41989186283688,123.57455477606774,120.0792064223983,120.66692352294922,8292169
2007-11-15,120.41948874960354,120.41948874960354,117.94491103038797,118.50169372558594,8678256
2007-11-16,119.08940923853298,119.61525740898203,117.14067952133387,119.55339813232422,10470893
2007-11-19,119.02751838120423,119.12031219588819,117.54276810309887,118.03768157958984,7389768
2007-11-20,118.00676213213215,119.42965333214794,115.99616356570435,117.66651153564453,9034443
2007-11-21,116.46024604690372,117.51194308911788,114.26404821265068,114.97549438476562,13457474
2007-11-23,115.59408084171868,117.1407009216043,114.94450415064871,116.52204895019531,4903100
2007-11-26,116.76948415589399,116.76948415589399,112.96480872229665,113.61439514160156,8761972
2007-11-27,113.98559375491969,116.52204105947587,113.83093077254101,115.8415298461914,9272902
2007-11-28,116.58388393877716,119.5843195148121,116.18176421459897,118.96566772460938,10838806
2007-11-29,118.43982434949044,118.53261818227885,116.92413922122992,117.97584533691406,7452220
2007-11-30,119.61528247204645,119.61528247204645,116.46019278826424,118.43985748291016,11309193
2007-12-03,118.16144378424181,118.16144378424181,113.21227805624115,114.23303985595703,14271882
2007-12-04,113.58350107205929,113.89282711070584,111.57290151813382,112.12968444824219,12270729
2007-12-05,113.21227012542835,113.95464050073763,112.09870471382989,113.55252075195312,12024028
2007-12-06,113.52161983245668,115.34663144770329,113.02670610225165,115.25383758544922,7422945
2007-12-07,115.22284933638083,115.99615414172669,114.29488160023922,115.16098022460938,6802363
2007-12-10,115.25381724764993,115.96525314711964,114.60423078058565,115.7177963256836,9335166
2007-12-11,115.68685623446014,117.38813903567485,111.82032142479672,114.54236602783203,13884501
2007-12-12,117.3881238200798,117.97584105321319,113.98556850731752,115.22286224365234,10717052
2007-12-13,114.4495853434783,116.8932388544597,113.67627041373734,116.24365234375,7509039
2007-12-14,115.93427631974444,116.02707012391424,114.04739674499567,114.17113494873047,8729921
2007-12-17,113.89273968995873,114.14019639148,112.22239218174369,112.84103393554688,8424064
2007-12-18,113.45973215361279,114.23303712574163,112.09870988743042,113.83091735839844,8809463
2007-12-19,113.76904741785039,114.51141775783609,112.34615615992671,113.11946105957031,8352117
2007-12-20,114.18020833734968,114.33619362617436,112.9947241154173,113.93062591552734,7023962
2007-12-21,114.52333270592263,117.29984813844275,114.3361583633306,115.86479187011719,15856253
2007-12-24,116.67590141271208,117.8301861773021,115.89598518048528,117.08145904541016,3540182
2007-12-26,116.70710318715507,117.58061653940743,116.6759041532529,117.14385986328125,4517242
2007-12-27,116.67592023818574,117.11267697452317,115.77121766014372,116.02079010009766,4876350
2007-12-28,116.51990752428595,117.23742557570945,115.61519530370916,116.48870849609375,4746437
2007-12-31,116.36396685754214,116.36396685754214,115.30326902282704,115.64643859863281,5035308
2008-01-02,115.7399705376484,116.83185695844855,114.02415327617615,114.67928314208984,8119960
2008-01-03,114.83530670168075,116.11436783559797,114.49213717503496,114.80410766601562,5628910
2008-01-04,113.99301699276755,114.39857474563168,112.24599974449424,112.43317413330078,8498995
2008-01-07,112.96349303328101,113.8681954529239,112.02758164806295,112.8698959350586,9913557
2008-01-08,113.64980242811494,113.64980242811494,109.81260018418956,110.43653106689453,9403879
2008-01-09,110.68610312333517,112.12115904895961,109.65661468642286,111.68440246582031,10162115
2008-01-10,111.06053030166737,113.02593117424875,110.34301182816894,112.05883026123047,9457776
2008-01-11,110.93568214014343,111.06046832384645,109.12627751003302,109.71900939941406,9602191
2008-01-14,111.55966574091067,111.55966574091067,109.9686239065553,110.62376403808594,7095763
2008-01-15,109.99981115347057,110.03101019121488,107.160907308294,107.72245025634766,11248410
2008-01-16,107.0984966605645,109.43825535851289,107.03610852523556,107.81602478027344,12595219
2008-01-17,108.37758213124708,108.56476642789332,102.699774349399,103.60447692871094,17008840
2008-01-18,105.81941434671855,109.12627290745965,105.44505581139865,107.03608703613281,19254566
2008-01-22,103.57323941450775,108.25275569676641,103.54204038785068,106.22496795654297,15355902
2008-01-23,105.28911437819806,108.25280473073383,103.72927159995787,107.9096450805664,16680072
2008-01-24,108.09680938720705,108.43997893823499,105.91303566085611,108.09680938720703,11180678
2008-01-25,109.03273679829687,109.46949363350033,105.66348823056995,106.06904602050781,11027625
2008-01-28,107.03610693464456,108.40876508550055,106.50576309447311,108.31517791748047,7897964
2008-01-29,109.09510968827612,109.40708020319151,107.6288641607115,108.43997955322266,7498481
2008-01-30,108.19037023798258,111.43484093286402,107.84721070330455,109.00149536132812,10733453
2008-01-31,107.97205370973842,111.27891427253279,107.62889399447953,110.31181335449219,11591429
2008-02-01,111.02927957776885,113.24425172794236,110.31175156958824,112.8074951171875,11735803
2008-02-04,112.83872930195909,113.08831170271435,109.7814516707072,110.3429946899414,9149645
2008-02-05,109.46946830267872,109.46946830267872,106.63056443002537,106.72415161132812,11517563
2008-02-06,107.50407042785515,108.00322524952045,106.06902390605354,106.69295501708984,7901407
2008-02-07,106.31859664499844,107.59766784221155,106.13142227758718,106.78655242919922,10770156
2008-02-08,106.41215136902265,106.66173367083293,104.63394575685321,105.5698471069336,8561280
2008-02-11,105.88186684946123,106.66179335497506,104.66519342026626,106.10025024414062,6718544
2008-02-12,106.84895897176322,108.09683134499295,106.38101303982583,107.22332763671875,7849367
2008-02-13,108.09682861131293,109.50068623729872,107.90965421640668,109.12632751464844,8967149
2008-02-14,109.1574391188867,109.21983716144209,106.91127844501537,107.28563690185547,8739144
2008-02-15,107.19212859249946,107.66007452443684,106.38101303982583,107.22332763671875,8319691
2008-02-19,107.81607739811093,108.78317839678269,106.41221950764552,106.94257354736328,6958839
2008-02-20,106.22505286112786,107.47292552933071,105.44513616831622,107.19215393066406,7558409
2008-02-21,108.16797707010275,108.16797707010275,105.36618412953062,106.05876159667969,11354139
2008-02-22,106.12180246383383,106.40513026458731,104.35886947102502,105.61810302734375,8347485
2008-02-25,105.61810502449909,107.88472747338704,105.61810502449909,107.69583892822266,8163007
2008-02-26,107.2550369479094,107.50689152117623,106.31061487376925,106.84578704833984,9732334
2008-02-27,106.40507105120636,107.91614847323484,106.18469953810437,107.09764862060547,6852234
2008-02-28,106.97174239670635,107.03470856530701,105.83844157130471,106.56249237060547,6844889
2008-02-29,106.21621452919621,106.24769761527975,104.16996428279211,104.3273696899414,10880580
2008-03-03,104.95696267553055,105.46065187043733,104.32735118189707,105.1458511352539,7200073
2008-03-04,104.42177784781933,105.7754499138594,104.3273386409433,105.52360534667969,9369846
2008-03-05,106.18473571633506,106.87731352170255,104.79958010560009,105.99585723876953,9081788
2008-03-06,105.58658382196599,105.74397917737214,103.25699624552924,103.44588470458984,10920685
2008-03-07,102.8477020105555,103.72916774248414,100.76996994809139,101.4625473022461,11879425
2008-03-10,102.12367743392923,102.155150485464,99.63669494352774,99.7940902709961,11598774
2008-03-11,102.02924667778498,105.1458511352539,101.71444594260157,105.1458511352539,13954882
2008-03-12,105.30327350314417,108.48282458803612,105.30327350314417,106.9087905883789,14740954
2008-03-13,105.49212373611716,108.64020091614718,104.8625123094174,107.82170104980469,13465194
2008-03-14,108.67171909462795,108.82912450796175,104.07551911370211,106.46806335449219,15253094
2008-03-17,103.85513300979977,109.33278797854219,103.35144382475977,108.07355499267578,16996529
2008-03-18,109.89947479198035,114.02345873934026,109.26986313039725,113.77161407470703,17462054
2008-03-19,113.96048900082619,115.31416142932527,111.91423881550571,112.0401611328125,14491311
2008-03-20,115.03084209773962,118.80854196222157,114.59010894339306,118.02151489257812,23116525
2008-03-24,118.46221222611466,118.58813451452724,116.60485095457975,117.73815155029297,9806471
2008-03-25,117.26598519131888,118.14744150874692,116.22711343097788,117.32894134521484,9411349
2008-03-26,116.54188976839914,117.26595047509673,115.81782906170156,116.88818359375,9280998
2008-03-27,117.29740748394445,117.58073508779893,115.5974418608176,115.9437255859375,7792214
2008-03-28,116.06963643860077,116.66777465975949,114.93633615788434,115.25113677978516,7158904
2008-03-31,115.15673432079737,117.36038949319789,115.03081202722588,116.51040649414062,8556001
2008-04-01,117.61224089038025,120.9806900024414,117.48631858951755,120.9806900024414,10569987
2008-04-02,120.44551573986276,121.2640156936614,118.71406659071947,119.68997192382812,7766904
2008-04-03,118.80856644012395,119.72150600107892,118.27338391319624,119.12336730957031,6758857
2008-04-04,119.06035938263452,119.24923781753188,117.48631562664606,118.24185943603516,6318643
2008-04-07,119.21775167442972,119.31219088151212,116.7937251576807,117.29742431640625,8234933
2008-04-08,116.16413544246227,116.73079083736151,115.06230773532872,116.32154083251953,7739903
2008-04-09,116.164124855908,116.164124855908,113.99195272226554,114.71600341796875,7215535
2008-04-10,114.59007461647903,116.69929049405084,113.83454088387369,115.69190216064453,9265932
2008-04-11,102.31254248954924,103.91806883897517,100.14037098397337,100.89590454101562,76411640
2008-04-14,101.93484009598446,102.06076243502764,99.95154571533203,99.95154571533203,20461071
2008-04-15,100.86445607387685,101.08481757589956,99.32189548991995,100.67556762695312,13547303
2008-04-16,101.80884099095458,101.84032405779395,100.80145301493076,101.4625473022461,16584567
2008-04-17,101.08480314320198,101.99774212257606,100.73851940042717,100.80147552490234,12741325
2008-04-18,102.06071502585132,103.7921539008607,101.58849895634049,102.91069793701172,15032914
2008-04-21,102.94224307564733,103.0681654321143,101.93485420064027,102.18669891357422,6962261
2008-04-22,102.31252338820082,102.94214459145172,101.36810160658611,101.77735137939453,8555646
2008-04-23,102.28111438800552,103.00517528675218,101.62001966448418,101.87186431884766,8738768
2008-04-24,102.12369132003968,105.05139716266652,102.09220824095922,103.2884750366211,11383644
2008-04-25,103.91806749362605,105.11433395508756,103.28844618097857,104.92544555664062,8656034
2008-04-28,105.36623643005372,105.96437500143655,103.9810808082074,104.42181396484375,7853227
2008-04-29,104.48476073393545,104.70513230409846,103.0996152597456,103.31997680664062,8366599
2008-04-30,103.41442883220242,104.76810141236167,102.62741175504364,102.94222259521484,8429802
2008-05-01,103.25698547483155,104.79954599700065,102.75329633423166,104.26437377929688,8764163
2008-05-02,105.17732410221514,105.83842869904618,104.42179031050343,104.95696258544922,8486225
2008-05-05,105.01993296607584,105.01993296607584,103.76069990602726,104.45327758789062,5734535
2008-05-06,104.10698873346513,104.42179951940798,102.69035021998977,103.88662719726562,8882516
2008-05-07,103.91810673798868,104.20143443102523,102.31257980302584,102.53295135498047,7943182
2008-05-08,103.00510550479767,103.2569499885463,102.15512285469947,102.59585571289062,7184653
2008-05-09,102.18663933851796,102.18663933851796,101.17925105082071,101.5885009765625,8105938
2008-05-12,101.77738784248506,102.40700927130612,101.36813792305745,101.99774932861328,6402045
2008-05-13,102.40697258264544,102.94214459145172,101.5569899722137,101.77735137939453,7712443
2008-05-14,102.06072750408732,103.00514973531158,101.77739983239341,102.34405517578125,7404583
2008-05-15,102.8162771686657,102.9736725301271,101.273716426248,101.90332794189453,11348171
2008-05-16,102.15515967011105,102.18664274774125,100.64408219978421,101.14778137207031,11856472
2008-05-19,101.1477764369292,102.9421814718449,100.7385265175016,101.99774932861328,12127858
2008-05-20,101.52557712098206,101.58853327088971,99.3219214321116,99.85709381103516,14309545
2008-05-21,100.01448278052919,100.04596586194218,97.30712822108416,97.5589828491211,19887688
2008-05-22,97.62193298339842,98.37747677449761,96.96083843072809,97.62193298339844,11318416
2008-05-23,97.46453406902121,97.49601715058412,95.54420641942129,95.79605102539062,13034912
2008-05-27,95.76457291028919,96.92935665720825,95.10346832544529,95.70160675048828,13716340
2008-05-28,96.23678426496842,96.58307811622922,95.10347351286693,96.173828125,13229761
2008-05-29,95.8590376243537,97.52752102368216,95.26089904021133,96.4571762084961,13259036
2008-05-30,96.92935351000996,97.37008654450692,96.23677589101933,96.70899200439453,10440783
2008-06-02,96.8033992570917,97.24413214607601,95.00899465593349,95.7330551147461,10614787
2008-06-03,96.20530368424696,96.96084754637762,95.2294083148652,95.8905029296875,10940821
2008-06-04,95.89050713166729,96.74049025508585,95.3868078604187,95.85902404785156,9372851
2008-06-05,96.2052688380518,98.03115665552374,95.89046819751523,97.77931213378906,11561132
2008-06-06,97.14972102113067,97.14972102113067,94.44236679162493,94.50533294677734,14511071
2008-06-09,95.16644367924958,95.54421060475174,94.06461596241775,94.63127136230469,12279785
2008-06-10,94.22199135273497,96.77192981703554,93.74977532876454,95.4812240600586,10293510
2008-06-11,95.63866836988822,95.85902992357009,93.81277969913728,93.90721893310547,14009489
2008-06-12,94.34793892937842,95.41828350957418,90.94801672388198,91.45170593261719,19949348
2008-06-13,92.42761992256712,92.55354223650912,89.68879205360999,91.76652526855469,24158020
2008-06-16,90.31838594145121,92.08130801477509,89.3424806820054,91.1998519897461,18078045
2008-06-17,91.86095748869624,92.04984595682993,90.57024134019474,90.85356903076172,13235854
2008-06-18,90.34987264652521,90.57023415581202,88.6499066379712,88.80731201171875,18368378
2008-06-19,89.66676699483686,89.85775426928782,88.48903071589434,88.83917236328125,11839466
2008-06-20,88.67999756676562,89.18928333515753,86.8019986948429,87.15213012695312,18717699
2008-06-23,87.82055638648932,88.48899638578159,86.83380776481587,87.21578216552734,12756098
2008-06-24,87.12029888725802,88.67999925087425,86.57918021440612,87.82057189941406,11934011
2008-06-25,88.29804934326276,91.16279751486249,88.01157351263893,89.09381103515625,17111314
2008-06-26,87.82053207505902,88.04335210289646,84.38283436276286,84.44649505615234,18246811
2008-06-27,85.33780288096102,85.40146868124438,83.23698349119061,83.58712005615234,19047823
2008-06-30,83.87356830772544,85.17862050532203,83.74624688366494,84.955810546875,16286368
2008-07-01,84.09635406077427,86.61096904628009,83.71438485423303,86.32449340820312,18621214
2008-07-02,86.57917331698643,86.7701605358636,84.22371157913678,84.38286590576172,12783704
2008-07-03,85.14678633013214,86.22903362026001,84.35102490810934,85.65608215332031,8067461
2008-07-07,86.26087188720703,87.43860792207336,85.43327742716363,86.26087188720703,16171229
2008-07-08,86.51552033190299,89.85773089006258,86.29270021391045,89.31661224365234,18587619
2008-07-09,89.5712602245226,90.20786745227203,86.38820381650139,86.54734802246094,13694514
2008-07-10,87.69325290690023,88.26620449056072,86.16538539535134,87.97972869873047,19319793
2008-07-11,87.85240114054973,89.92138719618353,86.89748527907541,88.04338836669922,20435113
2008-07-14,89.53940421654836,89.53940421654836,86.00620714431611,86.5155029296875,12399056
2008-07-15,86.10172850480237,86.57918139458607,81.48628807329756,84.82849884033203,19659036
2008-07-16,85.30592642750527,88.58448037152819,84.09636805141503,88.10701751708984,17300508
2008-07-17,89.44394193216074,90.46251353246775,88.13888440097061,89.1256332397461,15343842
2008-07-18,89.50759758986122,89.73041772840645,87.78875294702443,89.1256332397461,11548445
2008-07-21,89.50761419971761,89.69860147753523,87.8842578095053,88.13890075683594,8778873
2008-07-22,88.55266579981965,90.81263886917026,87.85239288261111,90.7171401977539,14971609
2008-07-23,91.60842771674024,93.55009273125512,90.87632169013861,93.35911560058594,16353787
2008-07-24,94.66416567215961,95.1416287808117,91.29012141467373,91.3856201171875,12761732
2008-07-25,92.14954892946416,93.04080934509251,90.23971676413359,91.3856201171875,10014654
2008-07-28,91.3537907698237,92.14955251389178,88.01157928317062,88.13890075683594,10280865
2008-07-29,88.42532214151164,90.39881896972656,88.32983362873772,90.39881896972656,9544934
2008-07-30,91.44923431212715,93.42273138415545,90.9081157818346,92.21317291259766,11566515
2008-07-31,91.35374795766312,92.1813422159623,90.04869079589844,90.04869079589844,11436894
2008-08-01,90.49432500073755,91.35375218597329,89.4439207529839,89.79405212402344,7814312
2008-08-04,89.57126711841705,90.4943502033585,88.36169809064252,89.66675567626953,7690763
2008-08-05,90.33516507686478,93.10442352294922,90.33516507686478,93.10442352294922,10900132
2008-08-06,92.84977327645434,92.88160616056213,91.44922772204745,92.30865478515625,8120252
2008-08-07,91.57656377588259,92.56331239866645,90.68531382070167,90.93995666503906,8668324
2008-08-08,90.97179714838445,94.66413896877665,90.93996425652614,94.34584045410156,12727574
2008-08-11,94.28221392183941,96.73316519185843,93.80475074909583,95.3326187133789,10259080
2008-08-12,95.23703657879447,96.06463049087014,94.12296707141337,94.6640853881836,7887865
2008-08-13,94.15484498265353,94.40948782592245,92.56331201027,93.29541778564453,8076997
2008-08-14,92.6905975529957,95.14155677366479,92.34046631268939,93.96382141113281,7488006
2008-08-15,94.40946497449269,95.65085613593136,93.96383503931742,94.85509490966797,8386588
2008-08-18,95.39626547705288,96.47850295762686,92.78616033724552,93.42276763916016,8775868
2008-08-19,92.94532077721766,93.10446501212945,90.52619260239707,91.3856201171875,8778331
2008-08-20,91.481094017429,92.08587849782568,89.41210781427891,91.19461822509766,8485766
2008-08-21,90.08051523532409,91.73570359669924,89.76220666286467,91.51289367675781,7851433
2008-08-22,92.02217294456705,93.07258710745508,91.8311959219568,92.69061279296875,6228814
2008-08-25,92.43600694501423,92.43600694501423,89.69858069353806,90.14421081542969,8988161
2008-08-26,90.68531162965037,90.68531162965037,89.06194580060998,89.98503875732422,8407309
2008-08-27,89.98504390402954,91.00361531502675,89.31660388190375,89.82588958740234,6978704
2008-08-28,90.23967296048397,92.02218279184557,90.08051866818909,91.76753997802734,8906971
2008-08-29,91.60837485827528,91.92668340524327,89.380235298765,89.44390106201172,9825293
2008-09-02,90.84449311524051,92.78615800558507,90.52618440496298,90.81266021728516,12267495
2008-09-03,90.55799239853296,91.32192093154518,90.0805294644239,90.93995666503906,7741405
2008-09-04,90.36703860342091,90.68534734382762,87.85242185041359,88.17073059082031,12579611
2008-09-05,87.50226083635,88.90280666028367,87.18395220328264,88.74365234375,10449797
2008-09-08,91.92671374703853,92.84979667636372,89.92138342773671,92.59515380859375,17637497
2008-09-09,92.1813539208823,93.19993549683112,89.3166065402358,89.50758361816406,15129900
2008-09-10,90.30335182320432,90.4943390500081,88.32986444120284,89.41210174560547,11655030
2008-09-11,88.17068646457166,90.17600620241024,85.46508379444909,89.6348876953125,17130323
2008-09-12,88.2662056655498,88.29803856165188,83.80992451965761,85.14680480957031,32253567
2008-09-15,79.00351869041465,82.91868172773425,76.10693753851447,78.3032455444336,36064029
2008-09-16,70.56838918899417,80.94515632578774,70.53655629891094,79.76742553710938,38267188
2008-09-17,76.36155786044777,77.60294941503169,70.98218938993288,74.45172119140625,47563418
2008-09-18,76.58074866491377,82.35495378574375,71.58074306223092,79.96784973144531,43521716
2008-09-19,93.93560877573266,94.193682128134,82.32269307112192,85.87108612060547,44005165
2008-09-22,88.32272191253762,88.64530597707176,82.74206792282644,84.35497283935547,11680633
2008-09-23,81.80656698158352,82.70979809560583,79.54849946728702,80.4839859008789,13375845
2008-09-24,80.90332664596461,80.90332664596461,76.80654744644151,79.32267761230469,12673134
2008-09-25,76.32268964323303,84.64528098463882,75.80655831546706,82.83882904052734,21889258
2008-09-26,79.83881668565016,83.2581781407413,79.09688276986164,81.45172119140625,9881778
2008-09-29,81.03239158574797,82.70981752338744,74.51625061035156,74.51625061035156,15998081
2008-09-30,77.00011910040188,84.03239085399623,77.00011910040188,82.25819396972656,15852789
2008-10-01,77.41948420868131,83.06465963966359,69.83882988909163,79.03239440917969,37959119
2008-10-02,73.64526523174233,73.8388125491181,71.00009801942208,71.45171356201172,108449617
2008-10-03,73.22590330082167,74.19364493265398,69.32267118720881,69.58073425292969,44834535
2008-10-06,66.25818095872737,70.54851486451037,63.51624159622085,68.96786499023438,38510467
2008-10-07,71.8710960254635,73.0646459736246,65.1291464495131,65.4839859008789,32972199
2008-10-08,64.58074655749077,70.93559493177112,64.19365185351836,66.61300659179688,28957749
2008-10-09,69.03235929054448,69.74203797611348,61.290414661955126,61.322669982910156,32785342
2008-10-10,60.322673506056475,69.35494995117188,59.354931618693534,69.35494995117188,57425936
2008-10-13,71.83883937395466,72.03239191070939,65.6452814469643,67.74205780029297,29696914
2008-10-14,71.96785120327972,72.22591431579872,63.70976997811251,67.25816345214844,31955618
2008-10-15,66.0000751873164,66.64523788025723,61.45168102654161,62.09684371948242,23900531
2008-10-16,62.935552095074506,64.38716940148646,59.06458117027266,64.16136169433594,31525190
2008-10-17,62.41943274883428,66.22588832727892,61.29039922750954,63.32265853881836,25992724
2008-10-20,65.35493678043373,65.70977613664147,62.67751394778811,64.96784210205078,19737222
2008-10-21,64.290436902223,67.83883146828732,64.19366577293675,65.64527893066406,21468053
2008-10-22,64.64527330968158,65.16140480459588,59.677526286888614,61.161399841308594,24677672
2008-10-23,62.06460570603991,62.06460570603991,57.96782582920809,60.64524841308594,31979656
2008-10-24,56.322666636370926,58.806542158171624,55.70976415424664,57.51621627807617,26935668
2008-10-27,58.19364278387065,60.806555372107375,56.51622198336585,57.19364547729492,25192317
2008-10-28,59.258150183334195,63.22589876338242,57.1936350225796,62.87105941772461,29124533
2008-10-29,63.03235462098973,64.51622785655512,60.322671274172876,61.93558120727539,28621574
2008-10-30,63.83881793674954,64.41946004239558,61.064618446028405,62.41946029663086,19127616
2008-10-31,62.16136405756742,63.871044549585825,61.677493286037006,62.9355583190918,19182974
2008-11-03,63.80654082313511,64.1291248219145,61.93557314465675,62.25815200805664,11770545
2008-11-04,63.96782255268333,67.87105441775711,63.709754368015986,67.00008392333984,24384043
2008-11-05,66.74202771721455,67.67751414185064,63.87105780478475,64.29041290283203,18168396
2008-11-06,63.709771477612094,63.709771477612094,58.064602243042415,59.161380767822266,26574682
2008-11-07,60.06457017186404,61.61295820948362,58.96779745162389,60.83876419067383,16478942
2008-11-10,62.38720625431287,62.54849831239207,58.38720121577084,59.5162353515625,16886585
2008-11-11,58.93555972836942,59.03233594378588,56.00007444015741,57.45168685913086,21704885
2008-11-12,56.38719932068931,56.61300718770611,51.77428625447815,52.54848098754883,36960086
2008-11-13,52.9355897750369,54.61301112133498,47.032349454621155,54.387203216552734,62783335
2008-11-14,52.77428291656345,55.12912731841006,51.45170146625175,51.67750930786133,26770553
2008-11-17,51.451706758497544,53.2259040745197,49.67750944247539,51.967838287353516,20336645
2008-11-18,51.70975757018827,52.742020380662105,49.25814238222858,51.80653381347656,28194004
2008-11-19,51.19362442201166,52.25814241363385,46.61296844482422,46.61296844482422,37880558
2008-11-20,45.48393396220432,46.6129677111189,40.58070175456642,41.41941452026367,49061528
2008-11-21,43.741980917392645,45.354884917134356,41.29036447551154,45.258113861083984,35987992
2008-11-24,47.19361973621203,51.322660518325655,46.00007008873703,49.22587966918945,33221884
2008-11-25,51.41941928760841,51.87103478010808,48.677481288406184,50.87103271484375,25515826
2008-11-26,49.80653842642487,52.419446130069076,49.03234374147035,52.22589874267578,17284712
2008-11-28,52.80651550889008,55.45167701337925,52.25812899398115,55.38716125488281,12312753
2008-12-01,52.77425539481719,52.83877115372055,49.74199418484554,50.000057220458984,21816352
2008-12-02,52.06458039294485,57.387169373720006,50.87103107035504,56.806522369384766,45715402
2008-12-03,55.06458427041432,58.9355555841937,54.38716108089134,58.48394012451172,32802933
2008-12-04,57.51620191050736,58.7420117039283,55.22587943761048,56.61297607421875,23398574
2008-12-05,56.06462050812914,59.032367850668045,54.7742942369257,57.58074951171875,22370391
2008-12-08,59.419424700767635,62.25813863023108,59.19361697721879,60.903297424316406,27420682
2008-12-09,58.96783313767151,60.193638080314244,56.742020776969646,57.354923248291016,23098893
2008-12-10,58.16137431372574,59.51621586004232,57.00008009248875,58.064598083496094,16053668
2008-12-11,56.12910607455874,56.806524177593595,54.806520048056164,55.00007247924805,16817622
2008-12-12,53.548468755350925,55.774281206019225,52.90330580059751,55.193634033203125,15039028
2008-12-15,54.67747497558594,55.19360610530297,53.741994043156964,54.67747497558594,13297868
2008-12-16,55.258150070728995,58.48395972403635,54.87105537731464,57.806541442871094,24789578
2008-12-17,56.83878656312546,57.387173154289414,55.22588210567785,56.09684753417969,21072075
2008-12-18,56.58073735111745,56.645253140241934,50.87105149824419,51.48395919799805,32057675
2008-12-19,52.12910505128333,53.387175487141846,51.61297885747433,53.22588348388672,28443439
2008-12-22,53.41940903887258,53.64521672434023,50.80650327360985,51.83876037597656,15137016
2008-12-23,52.483971401874875,53.22591089057875,52.193647700676166,53.00010299682617,13593897
2008-12-24,52.93432419587641,53.361743863554636,52.34251073781808,52.96720504760742,4880794
2008-12-26,52.76993814733178,53.03296929735651,51.88222306414582,52.50691223144531,6191735
2008-12-29,52.441139774835925,52.60553353924701,50.46843030431292,51.48766326904297,11664837
2008-12-30,51.947965005494765,52.112353539850595,51.12600139716844,52.01372146606445,12188036
2008-12-31,52.01373146980894,53.72341024171515,51.84933766969863,53.26311492919922,12581990
2009-01-02,54.282342046770495,56.123538970947266,53.49325914616266,56.123538970947266,11917130
2009-01-05,56.45229520547645,56.68244536875073,54.24944132073193,54.67686080932617,15133594
2009-01-06,55.43309783935547,55.82764197560966,54.117962931498326,55.43309783935547,14854133
2009-01-07,54.80839665696943,54.90703397802498,52.638417466847244,52.96720504760742,14774883
2009-01-08,52.769915953329544,53.263097189401606,51.68492665541591,53.06582260131836,12966158
2009-01-09,53.295971307026846,53.88778458644839,52.04658829870757,52.605525970458984,11091079
2009-01-12,52.506893131906274,53.26310021621468,51.55341668244034,52.046592712402344,13639511
2009-01-13,51.45479931880657,51.58631226648801,48.39709973159274,49.120426177978516,26938568
2009-01-14,47.96967176340675,48.134065536731946,46.09559949673779,46.39150619506836,21022831
2009-01-15,46.29285718252558,46.49013175430433,43.563946358987714,45.273624420166016,29309595
2009-01-16,46.68743288400132,47.14772831860921,42.939286745783996,45.89834976196289,26915928
2009-01-20,45.86546000601887,46.32576058551133,42.08443635563207,42.51185607910156,24783172
2009-01-21,39.05962781104918,43.49822265371175,39.05962781104918,42.84065246582031,30765911
2009-01-22,40.73639639059796,44.58317422264102,39.684285520901625,44.32014846801758,31624138
2009-01-23,41.72276014822803,43.36668467055593,39.02672707209222,39.55278396606445,68118303
2009-01-26,41.03233219310474,41.59126493665907,40.01309881712992,40.835060119628906,25927684
2009-01-27,41.854287931714964,43.36669736472354,41.59125940773594,42.93927764892578,24889485
2009-01-28,43.76123360468439,45.207883770757086,43.30093570561268,44.38592529296875,24082819
2009-01-29,43.82698883210765,43.89274529910262,41.72276618585687,41.82140350341797,16564828
2009-01-30,41.82140423613833,42.08443010872646,39.487033914506476,39.88157272338867,23242641
2009-02-02,39.552794986097204,39.552794986097204,37.843113529945626,38.204776763916016,29322178
2009-02-03,39.05960897712253,39.05960897712253,37.218414909063064,37.382808685302734,26280969
2009-02-04,38.00749573949587,38.73081936966387,36.79099084010068,37.021141052246094,21515086
2009-02-05,36.462216729843995,37.086905816353045,35.04844214651981,35.673133850097656,40646603
2009-02-06,35.83751688057274,37.64583249274875,35.344340847095,36.495086669921875,45652678
2009-02-09,37.284180459117216,42.413219537106514,36.56085399912005,41.558380126953125,48605205
2009-02-10,41.229595587279654,41.55838058334992,37.34993734437472,38.204776763916016,40961620
2009-02-11,39.289763764203826,39.61854873766634,38.50068087472132,39.25688552856445,18270473
2009-02-12,38.632193853303484,38.632193853303484,36.823880423176625,38.40204620361328,27560903
2009-02-13,37.97461629809581,38.59930522469648,37.31704652760951,37.612953186035156,18069094
2009-02-17,36.8238799915443,36.8238799915443,35.21283337725272,35.54161834716797,27914940
2009-02-18,36.396462183653725,36.65949071541132,35.11420299834003,35.706016540527344,19881011
2009-02-19,37.02594996822879,37.16132727733743,33.67534001604125,34.047630310058594,32753229
2009-02-20,32.86306356934511,33.3030424214664,30.392409361939087,31.746192932128906,67793708
2009-02-23,32.423092579682695,32.49078393540577,29.715527251732215,29.95244026184082,46742478
2009-02-24,30.29088648001518,31.34006882657402,28.530967792044503,30.730865478515625,54563384
2009-02-25,30.764699513034163,32.01694742718657,29.478607279091257,30.493942260742188,40027398
2009-02-26,31.40774513106539,32.99843884360109,30.49394046852492,30.798542022705078,32411044
2009-02-27,29.106317426672092,31.13699010900549,28.429425634571622,28.801715850830078,66919435
2009-03-02,28.05713719938803,28.0909815217447,25.41726119779054,25.72186279296875,61717322
2009-03-03,26.534130242447695,26.70335453751662,23.18352098890556,23.725032806396484,86477332
2009-03-04,24.503459020721124,24.537303342959696,19.866754546418665,22.64200782775879,157102606
2009-03-05,22.845079385877195,24.266549184157345,22.10049881317251,22.540477752685547,92920379
2009-03-06,23.691194434190425,24.537308040059962,22.540479175896625,23.89426040649414,66658357
2009-03-09,23.52197316776642,26.500293000424215,23.285060168977946,25.07882308959961,55305052
2009-03-10,27.10950216946547,30.42626870496295,26.906433456083317,30.02013397216797,76934902
2009-03-11,31.238536220180304,31.678517956043233,28.124835898498997,28.734039306640625,52443001
2009-03-12,29.54629135448583,33.099968629242994,28.530953835711973,32.38923263549805,74075459
2009-03-13,33.50609867684116,33.77685585158139,31.475426601207467,32.55845260620117,45131002
2009-03-16,33.743029922679135,35.06296681737229,32.490781685051985,32.69384765625,47197967
2009-03-17,33.33690242917405,34.0137945328043,31.949273886128964,33.84457015991211,31382570
2009-03-18,33.60764249004587,36.17982974809243,32.829220411785556,34.927581787109375,41608160
2009-03-19,37.90589954580381,38.41356700142732,33.67533023169379,34.28453063964844,60035025
2009-03-20,34.01377823561122,34.08146687474839,31.34005813191706,32.28770446777344,52742223
2009-03-23,34.79219936917408,35.367558174719335,33.099972659157004,35.299869537353516,44413809
2009-03-24,34.58914158445934,36.924416286105114,34.01378533769098,35.2321891784668,41000828
2009-03-25,36.34904681079845,37.5336086756014,34.149152747228925,35.502933502197266,43723054
2009-03-26,36.72134996273722,37.2290175512089,36.04445804879599,36.89057159423828,33313403
2009-03-27,36.45058408741962,37.330541752249914,36.044449573346576,36.48442840576172,21835778
2009-03-30,34.961418834514745,37.804360069542746,33.09996809385518,33.607635498046875,32184208
2009-03-31,34.961434730257615,35.40141370646248,33.60765077827148,34.216854095458984,27697868
2009-04-01,33.53994157345399,34.72450045881636,33.16765148411341,34.419898986816406,23778401
2009-04-02,36.38290708172403,37.229020698700175,35.77370376887872,36.34906005859375,30600275
2009-04-03,36.58596488135046,37.195168058065846,36.24751897139393,37.025943756103516,25811814
2009-04-06,36.72135389251375,38.007446511459925,36.078306236056264,37.872066497802734,27455737
2009-04-07,36.890566086351,36.92441040759814,35.773695403291114,36.04445266723633,22431822
2009-04-08,36.31519987315838,36.45057982466247,35.23217642493098,36.01060104370117,20000846
2009-04-09,38.0412884014353,39.361225265643576,37.53362079119652,38.345890045166016,31393942
2009-04-13,38.71817230867706,42.03493729168323,38.075124826924906,41.053443908691406,39756847
2009-04-14,42.27185370388101,42.305698027388885,38.65048414885536,38.95508575439453,38304601
2009-04-15,38.88738643103944,40.44423566084966,37.70282735157373,40.03810119628906,25082331
2009-04-16,40.81654262096589,42.06879084458622,39.63198305365446,41.527278900146484,27650544
2009-04-17,41.96724351702696,43.08411404631797,39.76734677503244,41.93339920043945,46630302
2009-04-20,40.613467396565014,41.01959924186423,38.07512450566869,38.413570404052734,29959536
2009-04-21,37.195177132950874,40.24118567778904,36.7213538209955,39.598140716552734,25750655
2009-04-22,39.46275741779652,42.2380109032834,38.988931483665674,39.936580657958984,27168388
2009-04-23,41.154981723044195,41.256514690550155,39.15815322558602,40.207332611083984,19799946
2009-04-24,40.71501271876936,41.798039383606316,40.444255379067904,40.98576736450195,20330803
2009-04-27,41.053456701314126,41.79804007123464,40.105810037722385,40.9180793762207,17052993
2009-04-28,40.44424766956916,41.561118452224335,39.86888876912482,40.61347198486328,17222239
2009-04-29,41.18881827537036,42.542599001966785,40.98574968469867,41.35803985595703,21261958
2009-04-30,42.407235135290044,43.35488436787095,42.37339080848021,42.81336975097656,23874949
2009-05-01,43.117962390858246,43.49025260206683,42.30569332894277,42.94873809814453,16698664
2009-05-04,43.862545362793924,44.573281506773625,43.35487784308048,44.336368560791016,24498640
2009-05-05,44.84403608050446,45.65630518963322,43.99792264965934,44.336368560791016,21996803
2009-05-06,45.58862246365462,46.70549330716979,45.04711055193597,46.2655143737793,26898296
2009-05-07,48.397721786232225,48.70232342398203,46.60395898078877,47.24700927734375,29658687
2009-05-08,48.668476105276746,49.24383229250627,47.85620696214786,49.176143646240234,26714214
2009-05-11,48.66848289785138,48.80386020927782,47.720830941991814,48.02543258666992,19507986
2009-05-12,48.19464894883717,48.431561898618185,44.87788381571201,46.29935073852539,24646018
2009-05-13,44.708674578691415,44.84405191335378,43.15182445419786,43.693336486816406,22249743
2009-05-14,43.219506160905816,44.60713439358998,42.3057039111671,44.13330841064453,18830606
2009-05-15,44.2348296768095,44.877877091313664,42.98258185895676,43.52409362792969,17397911
2009-05-18,44.37022292218998,45.69016254366402,44.26868993406698,45.588626861572266,16035619
2009-05-19,46.1639598358073,47.24698860458372,45.65629245766481,46.36703109741211,19218655
2009-05-20,47.48391362049672,48.668472934891916,46.502420231671415,46.60395050048828,23693100
2009-05-21,45.72399418955665,45.7916828335171,44.167147296561886,44.8101921081543,21999787
2009-05-22,45.21632631335248,45.3517036002179,44.06561129309205,44.336368560791016,11273971
2009-05-26,44.065612743753135,46.06244395456347,43.49025656166599,45.31786346435547,20010569
2009-05-27,45.588619120540315,45.69015478539112,43.524101909421006,43.964080810546875,22426334
2009-05-28,44.77634943034307,44.94557104645793,43.35487977307342,44.64097213745117,17210470
2009-05-29,45.11479678861954,45.79168596853375,41.35804985193658,45.622467041015625,17712970
2009-06-01,46.77316537661522,47.348521410458794,45.7239835572916,46.90854263305664,18028133
2009-06-02,46.3670506614166,46.874718253763156,45.85938306907004,46.70549392700195,13795924
2009-06-03,46.197822580387815,46.367046893396996,45.01326316519676,45.690155029296875,14260593
2009-06-04,46.096294975884824,46.53627395629883,45.453250017111486,46.53627395629883,12179961
2009-06-05,47.247019072876675,47.3147077410839,45.72401056836848,45.82554626464844,15786560
2009-06-08,45.69014926222555,46.33319402738323,45.14863476170882,45.89321517944336,12202809
2009-06-09,45.893227409848656,46.333206375041584,45.35171276501992,45.92707443237305,11344415
2009-06-10,46.43472880984064,46.60394771038327,44.40405351190673,45.35169982910156,17092221
2009-06-11,45.4532433844024,46.53626716555082,45.148641767343236,45.554779052734375,14904670
2009-06-12,45.52093686784402,45.75784986048523,44.979424919766686,45.724002838134766,11985237
2009-06-15,45.216325787944335,45.216325787944335,44.031766459731976,44.505592346191406,15754509
2009-06-16,44.6071292374885,44.77635085900265,43.05027954368498,43.25334548950195,19070192
2009-06-17,43.01642497615716,43.084113608644564,41.087285480427774,41.45957565307617,27059613
2009-06-18,41.59606841006589,41.59606841006589,39.10508248529863,40.845359802246094,36750819
2009-06-19,41.39133958962707,41.86906535292936,40.708879257743,41.288970947265625,25974466
2009-06-22,40.47001579030727,40.60651002762128,39.24158395132759,39.30982971191406,21374698
2009-06-23,39.343939023034366,39.787541746136206,38.38849327206148,39.582801818847656,18148427
2009-06-24,40.162909553780935,41.05011264289431,39.65106360262642,39.924049377441406,17243585
2009-06-25,39.65106938123147,40.70888703617851,39.309837792018186,40.47002410888672,15812851
2009-06-26,40.60651421682976,40.94774577110665,39.924051108275975,40.09466552734375,14212371
2009-06-29,40.333520342960774,40.3676432199324,39.71930312518996,40.128780364990234,10995929
2009-06-30,40.40176389965982,40.74299536695903,39.41219508901872,39.992286682128906,18296035
2009-07-01,40.1287909711832,40.60651680733229,39.719313623156495,40.19703674316406,13391432
2009-07-02,39.71930176080476,40.19702473813817,39.10508728027344,39.10508728027344,14945527
2009-07-06,38.79798165039912,39.30982754269371,38.456750150155756,39.173336029052734,13662568
2009-07-07,39.13921679274417,39.37807696384303,37.398936251175215,37.56955337524414,20712926
2009-07-08,37.501297419572545,37.740157525751464,35.82926309561791,36.54584884643555,29145003
2009-07-09,37.33069180253134,37.50130893260822,36.27287428770678,37.057708740234375,17022820
2009-07-10,36.64821573148469,37.02357274145134,36.170492825562164,36.78470993041992,14630363
2009-07-13,37.12594690320013,39.241578783471354,37.091824027400655,39.10508728027344,21233287
2009-07-14,39.48043920050979,40.02640789584224,39.10508487367481,39.71929931640625,14937556
2009-07-15,40.674738015751736,41.903169317979554,40.46999810731049,41.76667785644531,19248014
2009-07-16,41.18658971763396,42.65388400761752,40.60649820539643,42.312652587890625,19291311
2009-07-17,40.64062463898009,40.87948475243313,39.412193049942935,39.753421783447266,37749080
2009-07-20,39.95817733769797,40.708886276734034,39.514577094838764,39.821685791015625,19700936
2009-07-21,40.1970243183322,40.29939566080221,38.62736118338645,39.13920974731445,21118273
2009-07-22,38.763850091620874,40.060527329268695,38.38849579702015,39.68517303466797,16307965
2009-07-23,39.75342426989793,41.22071878030326,39.48044126602024,40.77711868286133,21355000
2009-07-24,40.57238788097107,41.118359444367776,40.19703344968882,41.050113677978516,12464180
2009-07-27,41.527823239436174,42.24440898552111,41.05010031409302,42.039669036865234,16065833
2009-07-28,41.800818085523645,43.33635853019348,41.56195521247729,42.72214126586914,22016542
2009-07-29,42.44915255469089,42.44915255469089,41.32308945934004,41.834938049316406,16700542
2009-07-30,44.39417345480426,45.62260798970753,44.257681935877685,44.73540496826172,35274911
2009-07-31,45.17899923581454,45.895585049117315,44.871893358233926,45.72496795654297,22805139
2009-08-03,46.578058337901936,47.226395828566815,45.89559524822612,46.81692123413086,20663953
2009-08-04,46.61217982676832,47.158145904541016,45.690853922103784,47.158145904541016,23860406
2009-08-05,47.26052272969001,48.1135975410766,47.19227696207039,47.738243103027344,20806866
2009-08-06,48.42070869224141,49.239663377917005,47.84061692161349,48.8301887512207,25085273
2009-08-07,49.580896101675854,50.77520520695493,49.1031702866511,50.160987854003906,19982734
2009-08-10,49.88800529338753,50.604588591042614,49.1031707937816,49.71738815307617,17885075
2009-08-11,49.27378645517554,49.444403590365944,47.32876849730963,47.738243103027344,21434438
2009-08-12,47.08989831619746,48.93254462168976,46.68041834148703,48.21596145629883,19270257
2009-08-13,49.06904559719199,49.20553712254221,47.567627953774874,48.11359405517578,17482211
2009-08-14,48.14771174471814,48.28420324765055,46.987523105229734,47.49937438964844,13703549
2009-08-17,45.55435521186989,45.793215347433026,44.90601784205776,45.588478088378906,16960284
2009-08-18,46.168559812253044,46.578039674900175,45.89557685867521,46.3733024597168,12548208
2009-08-19,45.48611119972723,46.475680088643784,45.349619688467264,46.16857147216797,12594823
2009-08-20,46.61217000193847,47.362873200644046,46.305061431782086,47.12401580810547,13329501
2009-08-21,48.318337130222275,48.727811709279194,47.7723655925307,48.488948822021484,18908604
2009-08-24,49.000797866738516,49.47851818627997,47.94298043933072,48.45482635498047,17861058
2009-08-25,48.55719955776363,49.27378829292001,48.45483361865765,48.79606246948242,16091874
2009-08-26,48.59130896721792,48.79604620948951,47.80648015570296,48.147708892822266,13905555
2009-08-27,48.14772462375165,48.6254504440834,47.60175303369863,48.42070770263672,13316189
2009-08-28,48.966667305823364,49.03491305883831,47.704112726624466,48.04534149169922,15416873
2009-08-31,47.567632437875204,47.7041239760922,46.919289482920234,47.4311408996582,13999140
2009-09-01,46.88514338745211,47.362863507036735,45.34960356708473,45.52021789550781,21591205
2009-09-02,45.07664149925255,45.4519959342228,44.46242416343167,45.042518615722656,14691314
2009-09-03,45.55436778978671,45.99797073916774,45.349630474203025,45.895599365234375,11363237
2009-09-04,45.99794678885954,47.43111811628475,45.383729729637274,47.3287467956543,16115244
2009-09-08,49.546753741483954,50.12684529759159,49.00078777445605,49.47850799560547,29829143
2009-09-09,50.43394980178946,51.28702970487595,49.85385829247653,50.741058349609375,32145543
2009-09-10,50.9117079191387,50.979953703080625,49.546781375732124,50.502227783203125,25014432
2009-09-11,50.74106429537768,51.11641862755435,49.922109882654134,50.05860137939453,21120589
2009-09-14,49.649121357643615,52.58370993973714,49.13727558575253,52.37896728515625,29063311
2009-09-15,52.85667865911262,55.10880379436053,52.82255308178503,54.59695816040039,43651817
2009-09-16,55.927790890742166,58.62351752796577,55.723053602825544,58.009300231933594,56123467
2009-09-17,58.249549045021865,60.13742546833415,56.12140191145287,57.18547821044922,53222730
2009-09-18,57.940658375921785,57.940658375921785,56.39603425731815,56.63631057739258,25670466
2009-09-21,56.39599884231469,57.97494949986381,55.743825352595564,57.528724670410156,22806579
2009-09-22,58.55852697842861,59.00475221588281,58.04365212478366,58.386905670166016,20012885
2009-09-23,58.93609396441624,60.06882066224022,58.180942832533574,58.352569580078125,28025009
2009-09-24,58.55849718030532,58.93607260943542,56.08709586175164,56.91089630126953,25713283
2009-09-25,56.12144057715518,56.87659166675268,55.12601314733529,56.19009017944336,21645729
2009-09-28,56.53329794915834,58.04359905328563,56.43032635123739,57.528724670410156,15396466
2009-09-29,58.04360247959562,58.66145396128735,57.21980232548128,57.35710144042969,16855348
2009-09-30,57.76902050655986,57.87199213953661,55.98412058109158,56.361690521240234,25198785
2009-10-01,55.98413160076814,56.25872996199081,54.74842804641308,54.81707763671875,23681916
2009-10-02,53.032165719461794,53.75298899166527,52.00241116205285,52.72323989868164,27771213
2009-10-05,53.51272065958602,54.61112495466427,53.238122318029525,54.33652114868164,15461673
2009-10-06,55.40058601048263,56.29303589313505,54.92003901605245,55.194637298583984,19968545
2009-10-07,55.02302467023168,56.01845189487208,54.61112714140372,55.4692497253418,12709921
2009-10-08,56.499005771683386,56.807931657600626,55.60655564100089,55.67520523071289,16144082
2009-10-09,55.6065273336417,56.190051281355096,55.26327409539357,55.537872314453125,14691251
2009-10-12,56.1557403375873,56.60196530740635,55.84681451780098,56.05276870727539,12233295
2009-10-13,56.018466930943426,56.77361806757988,55.19466618774254,56.25874328613281,14740516
2009-10-14,57.56305113796105,57.90629889886048,56.84222264343701,57.803321838378906,19315745
2009-10-15,57.63172912597656,57.80335035889347,56.56765234553132,57.63172912597656,19265541
2009-10-16,56.12141469876532,56.32736341066397,54.40515903966841,55.194637298583984,38046360
2009-10-19,55.0916652700386,55.366269042214675,54.23354282610516,54.37084197998047,20708815
2009-10-20,54.233528912910025,54.302178472236164,53.10080298739264,53.47837829589844,21093129
2009-10-21,53.23811312178177,54.74841466830822,53.20378560280381,53.3067626953125,20174202
2009-10-22,53.20378335705629,53.47838710401329,51.86510853307512,52.65458679199219,26108093
2009-10-23,52.75756977093124,52.86054688125736,51.865119696191876,52.17404556274414,18380355
2009-10-26,52.31135421095997,53.03218318498527,50.90402925847311,51.521881103515625,20088087
2009-10-27,51.72781739526889,51.96809366187307,51.00699405988217,51.24726486206055,18250671
2009-10-28,50.698045089966215,50.86967169704131,49.25639361226663,49.49666976928711,22383767
2009-10-29,49.90857948936471,51.4532084085952,49.633981221245804,51.04130554199219,17455460
2009-10-30,51.247265346995945,51.281592870161,48.56991525945233,48.94749069213867,27094167
2009-11-02,49.084776607758585,50.08020347333918,48.70720127698142,49.66830062866211,21101580
2009-11-03,48.74152595305493,49.66829773687725,48.638548881775094,49.15342330932617,16084029
2009-11-04,49.565338442811445,50.08021299826525,48.56991138790719,48.707210540771484,16756317
2009-11-05,49.01615023176868,49.94292797239162,48.775873914078254,49.53102493286133,14719879
2009-11-06,51.41888267011712,53.16946035094399,50.90400816738565,52.62025833129883,34440387
2009-11-09,53.890303378011126,54.64545438354223,53.54705540478193,54.40517807006836,21473186
2009-11-10,54.74843752836298,54.88573673275334,53.13515821570764,54.164913177490234,15357551
2009-11-11,54.714096600534894,54.81707371083164,53.71867488017952,54.33652114868164,14877064
2009-11-12,54.23354302650942,54.71409006684875,53.75299052174463,54.06191635131836,13705343
2009-11-13,54.096251752435315,54.23355092681862,53.409750416092514,53.75299835205078,13652719
2009-11-16,54.23350127579439,55.572175197108784,54.130524257069716,54.92000198364258,20496752
2009-11-17,54.78275970962855,55.19465728255895,54.54248339320568,54.98870849609375,10858462
2009-11-18,54.95437503634848,55.400600091087156,54.748426272105945,55.228973388671875,9925805
2009-11-19,54.64544529250917,54.78274992338517,53.444069389432336,54.096248626708984,14558625
2009-11-20,53.75297531159016,53.95892398488811,53.0321522228354,53.512699127197266,13336846
2009-11-23,54.33652914231355,55.05735809158215,54.33652914231355,54.98870849609375,15421276
2009-11-24,55.194640547917,55.606543460388146,54.64543848609722,55.331939697265625,16840157
2009-11-25,55.74382644317148,55.778148488342076,55.0573254310989,55.537872314453125,10050335
2009-11-27,53.16944997440625,55.19462553761048,52.517276460147734,54.714073181152344,12711194
2009-11-30,54.302207076782814,55.12600768707055,54.26787954682515,54.98870849609375,14641506
2009-12-01,55.846791587909024,56.121395239651484,54.782720879834805,55.503543853759766,20456042
2009-12-02,55.331939320317105,55.67519265577553,54.782742726664,55.16031265258789,13630788
2009-12-03,55.33189912969873,55.98407780758621,54.92000198364258,54.92000198364258,15556969
2009-12-04,56.0870761356327,56.601950546194125,55.12597687162311,55.606529235839844,18446083
2009-12-07,55.16030978105507,55.74383932807199,54.95436106915642,55.194637298583984,13441469
2009-12-08,54.576782533529666,54.679759615719775,53.71866021816908,53.95893096923828,16453465
2009-12-09,53.9932746394347,54.19922340100966,53.272451241709206,53.75299835205078,12247755
2009-12-10,54.267874832008516,54.40517401105671,53.37542470376884,53.58137893676758,11639610
2009-12-11,53.958945462013844,54.92005058213137,53.85597381659132,54.64544677734375,11778704
2009-12-14,54.85140546295943,55.16032588880493,54.645451226493705,54.74842834472656,9151398
2009-12-15,54.33651466008369,54.988693840039545,53.7186684653617,54.06191635131836,16534655
2009-12-16,54.23356309531274,54.405184369585754,53.753010412722325,53.855987548828125,15137287
2009-12-17,53.512713706188755,54.74841701147899,53.37541455325104,54.199214935302734,14246133
2009-12-18,54.611102980300814,54.611102980300814,53.512699127197266,53.512699127197266,16526559
2009-12-21,53.855979556957976,54.19922751899577,53.34110488168794,53.44407653808594,11086780
2009-12-22,53.444084482788945,53.855987562892224,52.96353726450053,53.13515853881836,10050689
2009-12-23,53.41151803629408,53.480613960665835,52.893295853528855,53.2387809753418,8834920
2009-12-24,53.135138510658585,53.480618159642326,53.06604258086183,53.34242630004883,3876983
2009-12-28,53.13514010592991,53.30788268558533,52.720559014747884,52.9969482421875,9545206
2009-12-29,53.06604258086183,53.6533607341115,52.85875479147159,53.34242630004883,10096595
2009-12-30,52.85877226778866,53.10060535205551,52.72057486254933,53.03150939941406,9379382
2009-12-31,52.75511567619677,52.99695421497876,52.27143859863281,52.27143859863281,9292057
2010-01-04,52.58237961713655,54.03340553034798,52.340541048275306,53.376991271972656,13997032
2010-01-05,53.41151996545949,54.13703544749898,53.37697475200297,53.653358459472656,13469263
2010-01-06,53.653375064982036,53.96430958209563,53.34244054786844,53.376991271972656,11573422
2010-01-07,53.48062933485501,56.93545404637923,53.30789222424562,56.14084243774414,38701038
2010-01-08,56.34813506289499,57.66096348683008,56.209937676204625,57.35002899169922,24019636
2010-01-11,58.144609418204254,58.31734643403798,57.1427105265766,57.90277099609375,15999249
2010-01-12,57.280920217824786,58.17917278035385,57.24637500385684,57.937339782714844,13484329
2010-01-13,57.902791922616075,58.455564872937586,57.24637782532815,58.144630432128906,13634482
2010-01-14,58.00643383559916,58.28281753822672,57.62640349450913,57.695499420166016,11969170
2010-01-15,57.62640934707583,57.868242361458485,56.486318208017494,56.7972526550293,15463551
2010-01-19,56.48631285007342,57.8682368724336,56.451762137036106,57.14272689819336,12665246
2010-01-20,57.00455093383789,57.62641994219756,56.417232648145244,57.00455093383789,13457787
2010-01-21,56.90090812366392,56.935458848673484,55.10440242211621,55.34624099731445,20689097
2010-01-22,57.177267561221875,57.902777407939745,55.588045039928716,55.65714645385742,33944669
2010-01-25,56.866369743350944,57.10820284770129,56.037212742838214,56.55543518066406,15683126
2010-01-26,56.417228370163905,57.69551151266531,56.1753898297003,56.486324310302734,16279190
2010-01-27,56.279021215884974,56.62450635653371,55.380768650125425,56.31357192993164,16035807
2010-01-28,56.762702179216184,56.83179811218325,55.311676586998104,55.829898834228516,16512683
2010-01-29,56.03718573403676,57.00453418506622,55.5189580460294,55.55350875854492,16934723
2010-02-01,55.96810532713475,56.45177693677911,55.62262010600445,56.14084243774414,11881324
2010-02-02,56.20991649709269,58.55919418627417,56.10627537107006,58.213714599609375,24152512
2010-02-03,58.006441831463384,58.83559855359498,57.4191181324891,57.62641143798828,14768727
2010-02-04,56.935462420237435,57.00455837463472,55.311693742009766,55.415340423583984,22973529
2010-02-05,55.4153163438998,55.933538526674035,52.68600808132859,54.55160903930664,29943678
2010-02-08,54.68981637134104,54.7243670932863,53.446083880559385,53.89521026611328,14707965
2010-02-09,54.447983317547205,54.897109703101094,53.30789199268984,53.89521026611328,20361309
2010-02-10,53.791572636421016,54.8280229694624,53.54973404204614,54.206153869628906,14267709
2010-02-11,53.964310134049626,54.55162845017977,53.48063299138001,54.4825325012207,13958805
2010-02-12,53.86064974847865,54.41342269937921,53.03149307210517,53.72245788574219,15963297
2010-02-16,54.24069819891697,55.691724241173134,54.171602244519676,55.415340423583984,14490497
2010-02-17,55.93354480003616,56.03719144819742,55.48441849126204,55.795352935791016,12635303
2010-02-18,55.62259674466591,56.27901068918336,55.553500829451096,56.10627365112305,9876707
2010-02-19,55.76078286169792,56.140813106417205,55.277111504752476,55.86442947387695,13605102
2010-02-22,56.07174649350923,56.45177693677911,55.82990793870917,56.14084243774414,9387290
2010-02-23,55.93355750858229,56.38268391940149,54.79346611958987,55.104400634765625,13223146
2010-02-24,55.20804363786677,55.76081118370877,54.86255842175984,55.691715240478516,11820833
2010-02-25,54.787848682645915,55.448360250246424,54.614027810119154,55.34406661987305,13221769
2010-02-26,55.622194438206904,56.143651646332614,55.44837352406904,55.83077621459961,12637494
2010-03-01,55.96982563585929,56.14364653416988,55.03119942612694,55.2745475769043,13103625
2010-03-02,55.34407482937105,55.44836847521489,55.03119942612694,55.2745475769043,10973039
2010-03-03,55.55264799803656,56.63032290444022,55.44835437870705,55.726463317871094,17489514
2010-03-04,55.86552143845996,56.178396782609994,55.51788524178566,56.004581451416016,9834703
2010-03-05,56.28270463311632,56.90845547956277,56.143650119303274,56.83892822265625,13601409
2010-03-08,56.908432695260835,57.25606884061114,56.45650293916267,56.560791015625,11200334
2010-03-09,56.66508818561383,57.77752945489488,56.491267334877904,57.325599670410156,17462012
2010-03-10,57.325629590625695,57.742798743269674,57.08228137944077,57.39515686035156,14156346
2010-03-11,57.32560863333087,57.53419590054119,56.73462428957071,57.29084777832031,13543317
2010-03-12,57.673261160926586,59.307160008758466,57.36038573596139,59.237632751464844,23552817
2010-03-15,59.16807134928877,60.3152787340315,58.889962480606144,60.10669708251953,24611923
2010-03-16,60.80199353689874,63.13116986603232,60.66293352539348,62.818294525146484,47694123
2010-03-17,63.68739310793365,63.96550206149275,62.47065813468322,62.7140007019043,33490224
2010-03-18,62.887812881095485,63.47880262723055,62.26206228770865,63.23545455932617,18469808
2010-03-19,62.818294525146484,63.75692054780401,62.331603854880065,62.818294525146484,23953698
2010-03-22,62.08825575260371,63.02687624097495,61.879668502488954,62.818294525146484,13550662
2010-03-23,63.13117976605274,64.139333185415,63.0964133741529,63.722164154052734,22447889
2010-03-24,63.826452638260236,65.84275377977961,63.51357727359079,64.13932800292969,25924408
2010-03-25,65.04320661999738,65.21702754741813,63.47883487607561,63.617889404296875,20379692
2010-03-26,63.68739643351682,64.76507698626126,63.200700205088175,63.75692367553711,17607011
2010-03-29,64.38268034704153,64.52173484395252,63.44405419146173,63.965511322021484,17510255
2010-03-30,64.20887391638144,64.2436347812926,63.44406847687613,63.617889404296875,11094292
2010-03-31,63.30500336237976,63.826460523152214,63.026888818157026,63.27023696899414,12356239
2010-04-01,63.51358240551517,63.96551229449013,63.200707015565264,63.722164154052734,9489535
2010-04-05,64.03503209738986,64.83460367523264,63.722156743824115,64.41743469238281,11659912
2010-04-06,64.13930965438391,64.83458742871707,64.0002552063743,64.6607666015625,11289975
2010-04-07,64.55650640010454,65.18225727419791,63.930755526011176,64.31316375732422,12616586
2010-04-08,63.93075377931276,64.83461920291245,63.444062972761365,64.52174377441406,12643441
2010-04-09,64.62600243732363,64.9041168771597,63.96549101949794,64.38265991210938,11395600
2010-04-12,64.52172531946293,65.98180839006972,64.45219808127082,65.04318237304688,14961176
2010-04-13,65.18222465527009,66.5032530023573,65.07793658463507,65.87750244140625,19319000
2010-04-14,66.78137023494742,67.44188172375586,66.08609236206625,67.26806640625,17101736
2010-04-15,67.61569181016034,68.45002401792291,67.33758291900116,67.78951263427734,21517631
2010-04-16,67.58092490921514,67.61568575035221,64.8345804851517,65.947021484375,35968107
2010-04-19,64.79988145907208,65.94709002606085,64.79988145907208,65.8427963256836,16308236
2010-04-20,66.19040796850291,66.74663155844293,65.98182619763331,66.05135345458984,12032812
2010-04-21,66.39897249293305,66.6770814485233,65.66893371736552,66.15562438964844,12187327
2010-04-22,65.73844799103605,66.08608411696153,64.69553407897445,65.87750244140625,15241639
2010-04-23,65.56466367945802,66.39899638067507,65.35608188772584,66.29470825195312,12055974
2010-04-26,66.71186611297688,67.3376169687858,66.39899068507242,67.09426879882812,13711791
2010-04-27,66.88567508384213,67.75476842016107,64.62602023398185,65.0084228515625,22875437
2010-04-28,64.90411575452973,66.36419855198712,64.83458852934463,65.87750244140625,17737613
2010-04-29,66.19040449999899,67.75477600097656,66.15563810619868,67.75477600097656,14620201
2010-04-30,67.6504934937444,68.48482613692364,65.32131094474842,65.56465911865234,23397927
2010-05-03,65.94704686577153,67.2333091685845,65.91228601125584,66.9552001953125,12552631
2010-05-04,66.25994352060601,66.2947099205806,63.79170621964094,64.59127807617188,19640048
2010-05-05,63.33973642140793,64.27836221940409,62.33158893572868,62.92257308959961,22326760
2010-05-06,62.574946395045615,63.096403451528055,52.66724571902045,60.17624282836914,38002124
2010-05-07,60.87152794316181,61.49727316432903,57.42990432245089,58.681400299072266,34526461
2010-05-10,62.7140007019043,63.861208436764954,62.15778279478611,62.7140007019043,28831112
2010-05-11,62.05350164140206,63.7569331600182,61.94921353000099,62.57495880126953,17424077
2010-05-12,62.88783328150778,64.31315576976232,62.81830603016455,64.10456848144531,14169721
2010-05-13,64.00027311840016,64.06980036186386,62.43589630475055,62.74877166748047,13419602
2010-05-14,62.470663646628594,62.714006235320404,60.52388419708684,61.323455810546875,17468293
2010-05-17,61.21916619626378,61.601568833399554,59.4114466513627,61.045345306396484,16433079
2010-05-18,61.60157146478789,62.12302862237734,59.272394685078346,59.89813995361328,16587071
2010-05-19,59.3419107950733,60.41959130107982,58.229463902421124,60.00242233276367,28157488
2010-05-20,58.43803628666898,58.50756350798573,56.49125748694526,56.526023864746094,32225001
2010-05-21,54.57926639795038,57.11703033792287,54.40545104386325,57.0822639465332,30542976
2010-05-24,56.73463653989229,56.97798471465767,55.517901200353336,55.65695571899414,15468058
2010-05-25,53.88399848179554,55.51790296343267,53.01490494554677,55.4483757019043,25505372
2010-05-26,56.83893019601687,57.325621011259685,55.517901200353336,55.65695571899414,17377275
2010-05-27,57.08223870397244,57.986103603244416,56.10885212123873,57.91657638549805,14631031
2010-05-28,57.91660900613897,58.02089712435488,56.17841098061266,56.83892822265625,14686326
2010-06-01,56.45649844785965,57.395118732777874,55.37881818157847,55.55263900756836,15259041
2010-06-02,56.17841098061266,56.97798273646929,55.4483720159503,56.83892822265625,13114183
2010-06-03,57.047503272345004,57.29085140999173,56.42175249962115,57.18655776977539,10816417
2010-06-04,55.900302951944106,55.900302951944106,54.09258317149445,54.61404037475586,23875137
2010-06-07,54.68355499398078,54.75308223606005,53.43205356798067,53.57111358642578,15277424
2010-06-08,53.744952555231606,54.057828049297726,52.319635164488524,53.81447982788086,18649508
2010-06-09,54.162099453142204,54.57926291749377,52.91059799151406,53.25823974609375,13949812
2010-06-10,54.19686353806529,55.17025608147152,53.95352093650077,54.50973892211914,16404158
2010-06-11,53.98826239777714,54.26637682495871,53.43203907769905,54.09255599975586,14784064
2010-06-14,54.82261964174569,55.205022311218904,53.362536218821795,53.501590728759766,15802898
2010-06-15,53.9535151037147,55.100717342174796,53.39729164394128,54.89213562011719,16502751
2010-06-16,54.614047653483546,55.93507126866277,54.30117218297042,55.100738525390625,18080111
2010-06-17,55.520531702617156,55.73043773145509,54.7508706941205,55.66046905517578,11902315
2010-06-18,55.97533954153058,56.1502584745736,55.48555316238998,55.8004150390625,12379671
2010-06-21,56.71002211979387,57.5496520614631,56.08029827118548,56.325191497802734,14861227
2010-06-22,56.29020918989017,56.57008957405742,55.17070436150033,55.24067306518555,13559426
2010-06-23,55.135708876462914,55.59050812032503,53.771305575451585,53.84127426147461,20360016
2010-06-24,53.80628388727173,54.05117703294021,52.476867931802886,52.75674819946289,20093951
2010-06-25,52.89670129263674,53.00165155100034,51.847165292446356,52.16202163696289,28008629
2010-06-28,52.33692652282119,53.2115432410991,52.16200206528088,52.476863861083984,12612768
2010-06-29,51.60227780225156,51.74221520855461,49.923017787762184,50.657691955566406,23976297
2010-06-30,50.62269573621411,51.39235690220951,50.20288359263045,50.447776794433594,17020191
2010-07-01,50.132914926817556,50.48275837997689,48.5236239034339,49.39823532104492,22343057
2010-07-02,49.538189671296514,49.88803320496068,48.10381725970687,48.558616638183594,16389280
2010-07-06,49.363249033953764,50.06294144270285,48.313713205542534,48.87346267700195,16099261
2010-07-07,48.943439000697715,51.287409771300005,48.83848874312941,51.1474723815918,19136692
2010-07-08,52.022078488562066,53.07161994201839,50.97254260453085,51.88214111328125,18451383
2010-07-09,52.30196762084961,52.44190501970832,51.60227505713,52.30196762084961,9618112
2010-07-12,52.12704816894188,52.441910131779956,51.707230362015586,52.231998443603516,8010705
2010-07-13,53.24653703885746,53.701336277537436,53.03663098318014,53.21155548095703,12073355
2010-07-14,53.386476958032425,53.5264199045899,52.68679007237095,53.176570892333984,9541116
2010-07-15,53.03664333796608,53.45645554711518,52.057075947191976,53.351505279541016,16552955
2010-07-16,52.47688428349367,52.68679594200274,50.727655735614846,50.90258026123047,26169356
2010-07-19,51.2174410764459,51.56728455071641,50.62269881604752,51.1474723815918,10239675
2010-07-20,50.237872177883226,52.511868611729,50.237872177883226,52.26697540283203,14038660
2010-07-21,52.86170960765309,53.17657149447869,51.217437053591944,51.91712951660156,13567606
2010-07-22,52.75675624227705,53.49143022186012,52.37192568882284,53.21155548095703,13417118
2010-07-23,53.21155291235582,55.450561870350064,52.58182920629665,54.96078109741211,23523583
2010-07-26,55.66046822883026,56.53507945404914,54.925788784668356,56.465110778808594,16891259
2010-07-27,57.02485138965697,57.969436621666745,56.32515924403003,56.60503387451172,14594265
2010-07-28,56.32517778223343,56.60505250482978,55.80040989265301,56.15025329589844,10950399
2010-07-29,56.5001106262207,56.81497252042911,55.76543101659263,56.5001106262207,14561213
2010-07-30,55.695475657540555,56.814986120355734,55.660494088380105,56.39516830444336,12546935
2010-08-02,57.0948556196397,57.619623663455556,57.05987405374594,57.40971755981445,14066329
2010-08-03,57.3397247171449,57.794523868265244,57.23476892480026,57.37470626831055,11495800
2010-08-04,57.4097126474721,57.75955612360576,57.26977525701864,57.654605865478516,9624330
2010-08-05,57.199818842236134,57.864524374311074,56.91993843181491,57.7945556640625,9723007
2010-08-06,57.094871702383564,57.5496711730957,56.29022305762961,57.5496711730957,12301507
2010-08-09,57.44468208136574,57.584625011697035,57.02486999864547,57.304744720458984,8329540
2010-08-10,56.6400466298649,57.164814584300046,55.83540391824439,56.849952697753906,11108418
2010-08-11,55.90536535603018,56.080284271869594,54.36604325232645,54.9257926940918,16101202
2010-08-12,53.94624137769028,54.85584005598776,53.66636657496064,54.22611618041992,12153169
2010-08-13,53.666348503910534,54.29607216743175,53.666348503910534,53.8062858581543,8690943
2010-08-16,53.491456186896826,54.19114894821405,53.00166958314649,54.0861930847168,11774718
2010-08-17,54.78586000475488,55.06573474949999,54.226104945839666,54.505985260009766,12709232
2010-08-18,54.505980612767786,55.06573005453313,54.26108744728319,54.9257926940918,8826991
2010-08-19,54.436028507315505,54.715903313414906,52.65181269486631,53.351505279541016,17180569
2010-08-20,53.10662008487773,53.10662008487773,52.09206540492814,52.581851959228516,13647106
2010-08-23,53.24654427701723,53.42146879857278,51.95211507024262,52.0920524597168,11597648
2010-08-24,51.56729772548857,51.602284866567224,50.412805611299696,50.97256088256836,18709916
2010-08-25,50.587730177838736,51.35739158729799,49.853055909458135,50.97256088256836,16021722
2010-08-26,51.287404762310665,51.81217270717776,50.5177436246589,50.7276496887207,12161933
2010-08-27,51.11246569585498,51.63723349121829,50.27283610938897,51.46231460571289,9697153
2010-08-30,51.32239452409833,51.497319056819336,50.762644930472746,50.79762649536133,7633548
2010-08-31,50.237879736657234,51.00753547132405,50.06295519406524,50.657691955566406,12357950
2010-09-01,51.53229279026253,52.826721743047024,51.07749357899837,52.51185989379883,16284553
2010-09-02,52.82672140314205,53.17656480593094,52.26696638925529,53.00164031982422,11358229
2010-09-03,53.84127426147461,54.43601644680774,53.17656895954343,53.84127426147461,13425548
2010-09-07,53.45645348861171,54.22611474517311,53.211565827417985,54.01620864868164,11552744
2010-09-08,53.84126979653466,55.240654539797056,53.59638220047458,54.9257926940918,15664242
2010-09-09,55.66046905517578,55.97533088314479,55.34560722720677,55.66046905517578,12625350
2010-09-10,55.83539250054856,56.255204550479846,55.3106190839983,55.90536117553711,9731541
2010-09-13,56.6400466298649,57.05986433506816,56.15026023536529,56.849952697753906,11749867
2010-09-14,56.605048631916524,56.95489758064987,56.360161051112186,56.53507995605469,10049083
2010-09-15,56.22025085543602,57.61963632609497,55.87040727248498,57.16483688354492,14305038
2010-09-16,57.023839335711514,57.482008941823395,56.77713996170508,57.20005798339844,9822142
2010-09-17,57.48199476833165,57.86966672064655,56.671393677347425,57.411502838134766,15128127
2010-09-20,57.34105290850141,58.50408633541754,57.20008017989913,58.32787322998047,9617507
2010-09-21,58.22212600708008,58.85650873438745,57.869688664962595,58.22212600708008,11300200
2010-09-22,58.18688984887888,58.75078632505818,57.79921207349894,58.151649475097656,9898909
2010-09-23,57.34102220430896,57.763945774285986,56.56566700154156,56.88285827636719,11096608
2010-09-24,57.552501116631575,58.71553421020508,57.446768795168545,58.71553421020508,17742517
2010-09-27,58.68028547400872,58.68028547400872,57.79919779825403,57.904930114746094,8465004
2010-09-28,57.9049128787782,58.222104123209604,56.88285282568013,57.94015884399414,11242067
2010-09-29,57.587732051235115,58.01065565718782,57.23530038846538,57.65821838378906,9206985
2010-09-30,58.01065707056764,58.82125272000199,56.91811047341897,57.27054214477539,12311585
2010-10-01,57.79919104889695,58.25735501581212,57.30578672101933,57.65821838378906,10106214
2010-10-04,57.4820241771712,57.69348324406414,56.38947724894471,56.74190902709961,9563943
2010-10-05,57.270557629823784,58.433590875709434,57.05909856983476,58.186885833740234,13064730
2010-10-06,58.11639805920252,59.913814051731,58.010671337108846,59.56138229370117,15441016
2010-10-07,59.91380438487349,60.336728036902755,59.385154027809136,60.090023040771484,12227265
2010-10-08,60.371967506613316,60.93586383074864,60.01953581067221,60.336727142333984,10756197
2010-10-11,60.759649202467905,60.83013554632547,59.6318620901169,59.77283477783203,10907873
2010-10-12,59.80806454416419,60.97109742762493,59.702337852431626,60.58341979980469,13515774
2010-10-13,60.97109057148544,61.64071906009431,60.548172630854026,60.900604248046875,12688095
2010-10-14,61.288306575993765,61.288306575993765,59.80808196492113,60.47771072387695,12078614
2010-10-15,59.13844929402041,59.173695269608224,56.91811554024872,57.4467658996582,42809302
2010-10-18,57.48200675821842,57.58773345431076,56.74189183242617,57.27054214477539,14082417
2010-10-19,56.741901758812,57.30579814225906,56.31898367919931,56.63616943359375,15474923
2010-10-20,57.05907224029079,57.094318206006946,55.96652585188335,56.5656623840332,14534274
2010-10-21,56.70666304396868,57.69348324406414,56.45996360457569,56.74190902709961,12397595
2010-10-22,56.7771555858278,57.09434699469828,56.424718193469076,56.60093688964844,6535046
2010-10-25,57.30580606373495,57.51726513277163,56.60093688964844,56.60093688964844,11184664
2010-10-26,56.60092219162694,57.51725019679979,56.49518987924951,56.95335388183594,10306384
2010-10-27,56.60091911550548,56.88286445234963,56.35421414045226,56.777137756347656,10563101
2010-10-28,57.16481959323487,57.44676495076155,56.495190953164624,56.671409606933594,9236094
2010-10-29,56.63615870652584,56.847623316910266,56.31897301220738,56.45994567871094,7965550
2010-11-01,56.70664591754837,57.02383722740577,55.966536601633884,56.21324157714844,11028918
2010-11-02,56.389481355521426,56.63618081288036,55.96655758030516,56.178016662597656,10546909
2010-11-03,56.24850510792064,56.741909602339554,55.96655407190748,56.60093688964844,13721703
2010-11-04,57.09434455181494,58.46883685768962,57.02385258785458,58.186885833740234,18195585
2010-11-05,58.22211376713208,59.420387012908016,58.18686779607798,58.962223052978516,14570331
2010-11-08,58.57456275954746,59.349918245912825,58.57456275954746,58.891754150390625,9977825
2010-11-09,59.2794389197195,59.2794389197195,58.29262425937252,58.57456970214844,10418018
2010-11-10,58.64505906401982,58.750791415787305,57.69349034063866,58.32787322998047,10370026
2010-11-11,57.94016567759364,58.2221109900624,57.16481045767589,57.62297439575195,9727326
2010-11-12,57.27054214477539,57.76395209530355,56.777137804876396,57.27054214477539,10082344
2010-11-15,57.20004506612536,57.904913887065774,57.02382645823323,57.09431838989258,8176612
2010-11-16,56.882848249211364,56.953334563344306,55.543602670057965,55.896034240722656,15430374
2010-11-17,55.9312979943147,56.10751103038494,55.543620337953186,55.71983337402344,7573704
2010-11-18,56.389476204922296,57.094345358812674,56.389476204922296,56.53044891357422,10451988
2010-11-19,56.600932833168365,57.2000696244821,56.21325509573645,57.16482925415039,10279216
2010-11-22,56.88287885245717,56.88287885245717,55.614118904838115,56.495201110839844,13710497
2010-11-23,55.79033959728003,56.00180429294878,55.08547036985737,55.54364013671875,11674435
2010-11-24,55.719852512314944,56.31899499475726,55.614125776484336,56.178016662597656,8848128
2010-11-26,55.614133532969575,55.96656538594396,55.50840117176123,55.68461990356445,3639088
2010-11-29,55.43789542054576,56.565682566430965,55.2616767503471,56.28373718261719,11791036
2010-11-30,55.50836840475804,56.2132373052495,55.402636105964255,55.790313720703125,11243715
2010-12-01,56.49519188634333,57.446765899658196,56.49519188634333,57.4467658996582,14386250
2010-12-02,57.41150950960425,58.786006927490234,57.37626915103872,58.786006927490234,16857414
2010-12-03,58.11640898958608,59.20895606090778,58.01068224760759,59.13846969604492,10487231
2010-12-06,58.85650253295898,59.42039324392427,58.6097975415969,58.856502532958984,12264406
2010-12-07,59.63186876883788,60.90062871100411,59.49089045470336,60.01954650878906,20127524
2010-12-08,59.94902949631164,60.371947390523616,59.42037371260512,60.05475616455078,9922133
2010-12-09,60.65390883902258,60.72439517353408,60.12525852487171,60.37196350097656,8156538
2010-12-10,60.6891585840062,63.015224599360664,60.618672245113295,62.45132827758789,26268617
2010-12-13,63.05046827160417,63.085714248214664,61.852194836924625,62.098899841308594,14163065
2010-12-14,62.23985056871802,63.08569199203498,61.9578996871938,62.345577239990234,15934814
2010-12-15,62.169378304573826,62.4160832776905,61.21780438425058,61.64072799682617,14762759
2010-12-16,61.78168018080403,62.97995306633479,61.570221249938704,62.62752151489258,11250079
2010-12-17,62.48657643355584,62.62754911626256,61.92268009209925,62.38084411621094,13615327
2010-12-20,62.62754911626256,62.733275822977724,62.20462545751268,62.38084411621094,8460956
2010-12-21,62.66278877885458,63.43814413567556,62.521816097728895,63.08571243286133,8729796
2010-12-22,63.33437577584621,64.22240918135785,63.29885760634679,64.1513671875,8967712
2010-12-23,63.93821543442904,64.47103304815403,63.86717346292286,64.0802993774414,6459949
2010-12-27,63.65404595904242,64.75520497217954,63.65404595904242,64.61312103271484,6952204
2010-12-28,64.6841413477812,65.39456646212892,64.50653365548048,65.07487487792969,9958190
2010-12-29,65.25247994889631,65.67873729926329,64.8617520554385,64.89727020263672,7213302
2010-12-30,64.93281272393898,65.18145679057366,64.50655525068775,64.61312103271484,6029145
2010-12-31,64.47105365711595,65.18147925413126,64.40001166290033,64.96835327148438,5649338
2011-01-03,65.67877452794279,65.71429835013244,64.71969918712632,64.93283081054688,11023243
2011-01-04,65.14594347082996,66.10501861572266,64.36447609088573,66.10501861572266,16488374
2011-01-05,65.78531894127178,66.49574426025247,65.43010345435303,66.2115707397461,10709039
2011-01-06,66.38920499271684,66.49577081231605,65.43012958090122,65.92742919921875,8271386
2011-01-07,65.99846255495909,66.28263049688131,64.64865352111191,65.46564483642578,11963954
2011-01-10,66.10502482841758,66.60231870020954,65.57220148349629,65.74980926513672,13144981
2011-01-11,66.4602084638152,66.81541823181662,65.99843293798544,66.17604064941406,9722255
2011-01-12,65.96291503850927,66.53125637304313,65.64322339126248,66.31813049316406,12772895
2011-01-13,66.53127951194676,66.77992928571172,65.92741981484494,66.06950378417969,9348667
2011-01-14,66.10499360684261,66.92197883777969,65.89186210759348,66.85093688964844,8812989
2011-01-18,67.41931280257639,67.45483096748093,65.92741981484494,66.06950378417969,14711908
2011-01-19,66.10500370372506,66.21156381477024,64.61311125538629,65.11040496826172,17149958
2011-01-20,65.57220498721743,66.0339807202702,64.54209337032026,65.46564483642578,14133268
2011-01-21,68.59147103051387,70.9358663645056,68.37833955526983,70.11888122558594,47800353
2011-01-24,70.79381375358983,71.46872096520853,70.11891219682839,71.1845474243164,20563086
2011-01-25,70.97142791748047,72.03706324117991,70.33204446131771,70.97142791748047,21072179
2011-01-26,71.68185213340911,71.7528941101246,70.75830078125,70.75830078125,14137608
2011-01-27,70.90037878236048,72.21466372354509,70.68725287010662,72.03705596923828,14155761
2011-01-28,72.42778542142801,73.67102831952049,71.4687160446626,71.75288391113281,21323116
2011-01-31,71.504225339173,72.07256665653694,71.39765957502472,71.53974914550781,10792713
2011-02-01,72.39227023299519,74.23937275048029,72.10809670001949,73.88416290283203,14252518
2011-02-02,74.02625167268937,74.45250351768358,73.35134443582903,73.5644760131836,8821461
2011-02-03,73.35135789546176,73.7776154735297,72.53437221521439,73.70657348632812,8579705
2011-02-04,73.84863212851334,73.88415593735769,72.46330537100205,73.03164672851562,8995026
2011-02-07,73.77755706882043,74.59454210231593,73.63547320689548,74.13276672363281,9470525
2011-02-08,74.45249719287195,75.69574011744322,74.27489509997389,75.58917999267578,11463958
2011-02-09,75.66021396381652,76.12198953528615,74.80770478149904,75.69573211669922,12740198
2011-02-10,75.19846287178666,75.69575675802362,74.38147157639578,75.55367279052734,10478050
2011-02-11,74.73667326753653,76.15751833343319,74.70114945483196,75.76678466796875,8483241
2011-02-14,76.4061694035902,76.90346886107048,76.19304348818034,76.37065124511719,9056602
2011-02-15,76.1930584946878,76.33514246627834,75.44710916154988,76.22857666015625,8266983
2011-02-16,76.08647451066962,76.33512422897711,75.48261494824932,76.15751647949219,8139804
2011-02-17,75.5892019062118,76.65483739195896,75.5181599174859,76.44171142578125,7649114
2011-02-18,76.51273197846204,76.72585788492972,75.66022269773424,76.15751647949219,9490828
2011-02-22,74.16834904456634,75.34055031274039,73.3868815324503,73.9552230834961,15132237
2011-02-23,72.88957580270967,73.49343546875754,71.32664091068602,72.35675811767578,17723821
2011-02-24,71.96331239154154,73.85896158858051,71.89177308788813,73.60859680175781,13631936
2011-02-25,74.07357277314863,74.68161134053918,73.32246128343844,74.46701049804688,9533187
2011-02-28,74.9319721386309,75.36117376806374,74.46700085974997,74.82466888427734,8900002
2011-03-01,75.54003155461197,75.7188684634152,72.39252929083776,72.42829895019531,12935610
2011-03-02,72.17789189447348,73.8231758185656,72.10635830594681,72.67862701416016,10246352
2011-03-03,74.68157726705591,74.86041406786755,74.03776933932508,74.21660614013672,9643819
2011-03-04,74.57429306314869,74.6100627100273,72.21366718886904,72.85747528076172,12758518
2011-03-07,72.96479075286587,73.64436291151114,71.56987678270343,72.89325714111328,13850322
2011-03-08,73.0720955566386,74.3597120836242,72.46405694955841,73.78743743896484,10504383
2011-03-09,73.60860623887713,74.07357760829042,72.60712418722531,73.78743743896484,10374637
2011-03-10,72.46401319068137,73.42972500275575,71.64137422386823,71.89173889160156,16852093
2011-03-11,71.35528560536723,73.2509409596346,71.31952163879201,72.82173919677734,11713685
2011-03-14,71.39103780033949,71.85600911001063,69.56691651948059,71.24797058105469,19024641
2011-03-15,67.38514144963433,70.6757109654594,66.52673225828833,70.13920593261719,27860374
2011-03-16,69.31653778898493,69.78150904331721,66.92014791619467,67.77855682373047,27553558
2011-03-17,68.92311678251528,70.21073330180721,68.17201094225615,68.7442855834961,17433843
2011-03-18,70.24649953314781,70.63993729408583,68.74428780410446,68.8515853881836,16685894
2011-03-21,70.38956369680537,70.81876536761975,69.92459237309416,70.53263092041016,11060844
2011-03-22,70.71148896691258,70.71148896691258,69.63847308064865,69.71000671386719,9702182
2011-03-23,69.56690819819558,69.96034585116305,68.8515664933465,69.85304260253906,9240371
2011-03-24,70.38955488614792,70.81875650323917,69.67421316367201,70.74722290039062,9137876
2011-03-25,70.99758915336281,71.28372354781405,70.42531467047017,70.6399154663086,8361403
2011-03-28,70.8545219561372,71.10489239827712,70.31801711954604,70.6399154663086,7396299
2011-03-29,70.31801970050677,71.21219256298178,69.85304275147168,71.03335571289062,7519910
2011-03-30,71.46255716436563,72.53556678909493,71.28372032891411,71.92752838134766,9797082
2011-03-31,71.82022631981233,72.07059675475493,71.3910247404736,71.71292877197266,8542668
2011-04-01,72.0348545533137,73.32246537409466,71.96332093515876,72.75019073486328,10099245
2011-04-04,74.14510562219598,74.21663923562191,73.10785968653293,73.42976379394531,9477057
2011-04-05,73.250921411298,73.78742631868974,72.60711324483154,72.71441650390625,8673415
2011-04-06,73.57283061009693,73.75166748965913,72.85748878583945,73.50129699707031,10616998
2011-04-07,73.28669065460628,73.32245461143826,72.21367515180134,72.78594970703125,10880372
2011-04-08,73.28669971752956,73.39399729528526,71.78448238302522,72.21368408203125,10122281
2011-04-11,72.39251067004315,72.8574819581379,71.82023612546854,72.17790985107422,6111963
2011-04-12,71.60565685022705,72.1063979391348,70.81878124993916,71.56989288330078,10172548
2011-04-13,71.71294915344833,71.92755000410922,71.06914090747404,71.31951141357422,8356708
2011-04-14,70.99759848643664,71.82023782562007,70.10341984524595,71.53410339355469,9178837
2011-04-15,71.7129394504042,72.60711238750193,71.49833293478879,71.67716979980469,10462046
2011-04-18,70.71144935659511,71.5340885247883,69.78150125769577,71.46255493164062,13270095
2011-04-19,71.49831992901858,72.75016636843327,71.2837191464306,72.49980163574219,13249229
2011-04-20,73.39398433807717,73.4655179419494,72.53557539761974,72.96478271484375,11598983
2011-04-21,74.32394315475575,74.39548246828127,70.56840250627444,71.35527801513672,25392111
2011-04-25,72.03485720662216,72.0706211700211,71.14067840576172,71.14067840576172,11633350
2011-04-26,71.67713816469227,72.71438355240306,71.53407101341939,71.89173889160156,10956471
2011-04-27,72.2136636518716,74.5742894105287,72.0705964593451,73.85894775390625,18430705
2011-04-28,74.00202073686546,74.28816083829803,73.2151511163996,73.68012237548828,8786865
2011-04-29,74.10932794027848,74.18086154595522,72.96478455545976,73.14361572265625,8656952
2011-05-02,74.03781398076217,74.07358364008749,73.07210150688518,73.25093841552734,7537417
2011-05-03,72.82171267251877,73.85895273528699,72.78594302497969,73.82318878173828,8360610
2011-05-04,73.53704729256889,73.89471526354886,72.07059437657638,72.49980163574219,12079594
2011-05-05,72.35676599658149,72.60713083843746,70.85454847548417,71.17645263671875,11950808
2011-05-06,72.21369553390609,72.4283021114337,71.35528630577318,71.56989288330078,9107683
2011-05-09,71.42681866580675,71.92755974582644,71.1764538197893,71.78449249267578,7969556
2011-05-10,72.03483266904597,73.03630871295748,71.963299072623,72.60710144042969,7966886
2011-05-11,72.2851967528614,73.00053840458257,71.53409115024863,71.85599517822266,8031195
2011-05-12,71.5341100773268,72.17791830361888,71.17644200382645,72.03485107421875,7997893
2011-05-13,71.96332358583236,72.03485720662216,70.67570702363203,71.14067840576172,8805540
2011-05-16,70.99760142304379,71.49833669986964,70.38956288275966,70.67569732666016,9556035
2011-05-17,70.17495503815547,70.56839273812658,69.6026861611001,70.06765747070312,9917459
2011-05-18,70.06765878637604,71.06913503401891,69.42385059360879,70.67569732666016,9623725
2011-05-19,71.06913290058435,71.71294107402504,70.96182964034723,71.39103698730469,8933930
2011-05-20,71.28373680102081,71.31950645397266,70.03189005156568,70.17495727539062,9500510
2011-05-23,69.10192451610857,69.67419891586192,68.42235258101915,69.352294921875,8142120
2011-05-24,69.49536870601575,69.81727273060969,68.13621901261803,68.31505584716797,9536817
2011-05-25,67.95741008703808,69.24502091233826,67.85010681243317,68.7442855834961,8978354
2011-05-26,68.42237175391418,69.70998239667884,68.42237175391418,69.4596176147461,8681929
2011-05-27,69.70998199049663,70.03188607280988,69.4596172100227,69.5311508178711,6306520
2011-05-31,70.38952517083159,70.53259231613211,69.6741837503409,70.24645233154297,11095607
2011-06-01,69.63844793015649,70.10341922514527,68.3150676525737,68.42237091064453,13565540
2011-06-02,68.52968460094591,68.95889204023828,67.74280904057007,68.2793197631836,8400527
2011-06-03,67.34936259332234,67.9216372074032,67.06322813327766,67.3135986328125,10246477
2011-06-06,66.9201876925389,67.24209193594862,65.77563800619461,66.02600860595703,12617859
2011-06-07,66.31212547009005,66.88439441728968,66.06175495869434,66.09751892089844,11036889
2011-06-08,66.13329273208623,66.77710103212647,65.81138858206612,66.20482635498047,10894915
2011-06-09,66.34790452570093,67.0990162307576,66.13330362168175,66.45520782470703,8219116
2011-06-10,66.2047947180684,66.24056435941853,64.88141478593298,65.52522277832031,11651336
2011-06-13,65.48946982031104,66.24058123410387,65.16756574211281,65.77560424804688,8858040
2011-06-14,66.27633245769577,67.06320767678723,66.16903491490405,66.52670288085938,10299331
2011-06-15,66.06174436977355,66.77708613310398,65.52523947077344,65.77560424804688,12199116
2011-06-16,65.66744436466253,67.10989380279788,65.631380545341,66.4968490600586,11493901
2011-06-17,67.1819904889644,67.39835610124287,66.13621475172788,66.67713165283203,11778579
2011-06-20,66.136221983755,66.92956838967812,65.99197822646289,66.64107513427734,8116392
2011-06-21,67.07379517115362,68.29987253864313,66.9295514503684,67.8310775756836,12267098
2011-06-22,67.39837585622871,67.83110720762257,66.92958068847656,66.92958068847656,10031931
2011-06-23,66.13624325685792,66.31654514105989,64.94622326519644,66.28048706054688,14471655
2011-06-24,66.42471481684404,66.46077862946292,64.80196380615234,64.80196380615234,16864967
2011-06-27,64.94619928384242,66.42470633694376,64.91013547582752,65.91985321044922,9691269
2011-06-28,66.10017575161227,66.4968490600586,65.48713674969109,66.4968490600586,8074889
2011-06-29,66.85745879657759,67.10988828863282,66.35259981246713,66.92958068847656,8093606
2011-06-30,67.03775191984403,68.15564970982494,66.92957196650192,68.01140594482422,9398015
2011-07-01,68.01138185492864,69.45383047564872,67.61470877127137,69.23746490478516,11657638
2011-07-05,69.30963297655138,69.41781296370881,68.19173483713332,68.66053009033203,8743734
2011-07-06,68.40807620320882,68.87687128954538,68.37201813393035,68.69656372070312,6589987
2011-07-07,69.34566929603714,70.13901574337103,69.02111795478083,69.59809875488281,9383555
2011-07-08,68.80474540047257,68.87686727564314,67.97534096560291,68.48019409179688,11403842
2011-07-11,67.50655053748264,67.72291617783685,66.71320411536716,67.18199920654297,9713408
2011-07-12,66.46079468556727,67.29019942718796,66.28048706054688,66.28048706054688,9839273
2011-07-13,66.82138946407026,67.90322349406641,66.71320950556094,66.749267578125,11924183
2011-07-14,67.25413297202321,67.79505003890965,66.60503019543239,66.82139587402344,9128027
2011-07-15,66.89348674393925,67.3622817005507,65.95589683071637,66.38863372802734,10545928
2011-07-18,66.10016876820369,66.31653443881977,65.48712983104939,65.95592498779297,8253942
2011-07-19,66.35259104346146,67.21805937268847,66.17228346713424,67.00169372558594,9531204
2011-07-20,67.61472841215945,68.1917091762132,67.07381145746628,67.75897216796875,10131609
2011-07-21,68.4441116674469,69.52594515083013,68.01137482960505,69.09320831298828,14009927
2011-07-22,70.06691584992817,70.42752537515075,68.33597864722236,68.66053009033203,17142717
2011-07-25,68.4080902422058,69.02112921309995,67.97535887715739,68.37203216552734,9143135
2011-07-26,68.51627379188926,68.66051757568722,66.71321501277964,66.92958068847656,14262722
2011-07-27,66.60502148446957,66.74926525133195,65.09045045078065,65.30681610107422,16305336
2011-07-28,65.41500179662948,66.56895767234549,65.23469421764304,65.30681610107422,10157671
2011-07-29,64.87409512710452,65.30682649657358,64.11680661930689,64.58560180664062,14638981
2011-08-01,66.31652911980446,66.42471481684404,63.75618787082638,64.80196380615234,14418676
2011-08-02,63.972565918017615,64.47742494759015,61.88101938297029,62.06132125854492,20213076
2011-08-03,62.20556624616168,63.10709278054769,61.520399650312456,62.9989128112793,17981226
2011-08-04,61.98918527877941,62.27767854763779,59.212472728520694,59.39278030395508,26733057
2011-08-05,60.07794049182346,61.1237105416763,58.05851078492977,59.537017822265625,25935926
2011-08-08,56.50789395632369,58.1667089048859,55.17363038256902,55.642425537109375,36230792
2011-08-09,56.219392231798096,57.55366134643555,53.44268553597586,57.55366134643555,41409180
2011-08-10,57.15699682186581,57.301246357197,54.12785991463585,54.41634750366211,28127900
2011-08-11,54.63268267730116,57.40939426345511,54.09176587962712,56.54392623901367,27504397
2011-08-12,57.8421634135541,58.13065100236352,56.940631087297554,57.26518249511719,15608404
2011-08-15,58.310943602759764,59.17641188717843,57.98639227850069,59.10429000854492,13622066
2011-08-16,58.56338193994129,58.671561903908,57.51760592975257,58.23883056640625,12379755
2011-08-17,58.77974269527261,59.645211038748734,57.986396235351414,58.527313232421875,10598490
2011-08-18,56.76029498104357,56.904544443855215,54.81299325246085,55.31785202026367,24704339
2011-08-19,54.452411322699426,56.291534054787014,54.199981811892414,54.41634750366211,16630556
2011-08-22,56.07514565248541,56.07514565248541,54.2720872850848,54.48845291137695,14487555
2011-08-23,54.70481468605781,56.03907775878906,54.4884433568898,56.03907775878906,14631073
2011-08-24,55.82270334038773,56.796357045315744,55.60633776400873,56.68817138671875,13646563
2011-08-25,57.48154501344819,57.87821829657178,55.31787673518696,55.71455001831055,14152506
2011-08-26,55.53421897848413,56.54393079827868,54.452385295905344,56.03907775878906,13013170
2011-08-29,56.940630764787215,57.91428498273136,56.796386971199496,57.8421630859375,9965847
2011-08-30,57.51759548729052,58.563371307616045,56.796370981576935,58.13063430786133,10132026
2011-08-31,58.563374077769446,59.464900446942956,58.27488081734791,58.81580352783203,13118878
2011-09-01,58.81579393373346,59.320647010689754,58.238813247824815,58.41912078857422,12773605
2011-09-02,57.15698502285646,57.40941448155405,56.075151046514655,56.83243942260742,12883611
2011-09-06,54.993343353271484,55.137587186946945,54.09181078157047,54.993343353271484,20337584
2011-09-07,55.89485231142691,57.1569940637389,55.678486630098,56.97669219970703,12569679
2011-09-08,56.58001751401184,57.08487075795834,55.85879285327064,56.21940231323242,24605601
2011-09-09,55.46212362510941,55.750611214135674,54.199981811892414,54.41634750366211,30139361
2011-09-12,54.12783432006836,55.13754614503198,53.08205869312034,54.12783432006836,35430239
2011-09-13,54.163887608129954,55.75057993931175,53.58691275374736,55.57027816772461,17381698
2011-09-14,55.82273009349002,57.842160329953124,54.81301784566735,56.94062805175781,19059320
2011-09-15,57.88720197645535,58.6153436473126,57.66876121396091,58.54253005981445,14048467
2011-09-16,59.052231564774374,59.70755385887833,58.506120959207315,59.45270919799805,18613702
2011-09-19,58.17846504064259,59.23426501026411,57.777987391376335,58.90660095214844,11299803
2011-09-20,59.16143411429858,59.88957560869794,58.396888732910156,58.396888732910156,11734217
2011-09-21,58.14204504687648,58.50611293813234,55.921216420528125,55.9940299987793,15516280
2011-09-22,54.46494450991249,55.41152701850723,53.95524935691022,54.75619888305664,23724546
2011-09-23,54.24648028026288,55.52072630574896,54.10085315664283,55.375099182128906,13670184
2011-09-26,56.06684974626711,56.867804991037026,54.86541687911224,56.685768127441406,19593516
2011-09-27,57.55954115178198,58.50612363803822,57.04984601080807,57.37751007080078,16774679
2011-09-28,57.34109957725258,58.25127815296733,56.139666639329604,56.2488899230957,11977851
2011-09-29,57.595942357369196,58.06923353074659,56.43091347222852,57.74156951904297,12664391
2011-09-30,56.97701282279395,57.26826708889193,55.302289200982344,55.41150665283203,15812330
2011-10-03,54.974622302354476,56.03042185821576,53.4455258956819,53.481929779052734,19343310
2011-10-04,52.753793383751635,54.282883972256386,51.04266019755166,54.100852966308594,23370154
2011-10-05,54.392126382259455,55.81200002678465,53.70039440576979,55.59355926513672,16596315
2011-10-06,55.593555872707775,56.57654793395299,54.46493664591707,56.540138244628906,13551184
2011-10-07,57.15905746721904,57.30468463498385,55.48433344617281,56.43091583251953,13681785
2011-10-10,57.486713393024075,58.76095962524414,57.37749593052644,58.76095962524414,11730232
2011-10-11,58.178451036257606,59.05221971561208,58.10563746263429,58.76095962524414,9598352
2011-10-12,59.161433934564485,60.36286652729229,59.161433934564485,59.70753860473633,12885948
2011-10-13,59.088642364787816,59.37990254762918,58.324096701066836,59.05223846435547,9626855
2011-10-14,59.78039019700683,60.617755474174885,59.707576581063265,60.43571853637695,9417797
2011-10-17,60.03521691834279,60.4356945449923,58.94300731688984,59.0886344909668,9779658
2011-10-18,59.16148325411483,61.819201046804686,59.1250793368885,60.83620834350586,13657643
2011-10-19,60.83618324203573,61.41869784021982,59.74397344183276,60.14445114135742,10829396
2011-10-20,60.326473497398716,61.163832596795636,59.452704708696295,60.54491424560547,11495487
2011-10-21,59.598354159967144,60.180863039671195,58.72458504453349,59.379913330078125,23732058
2011-10-24,59.598340657870395,60.763363949218224,59.416303776264826,59.88959503173828,13989583
2011-10-25,59.92600742112653,60.03522491830008,58.43331419824039,59.05223846435547,17185577
2011-10-26,59.74398022385557,60.10804826662594,59.05224804465315,59.52553939819336,13897020
2011-10-27,61.74635308898397,63.712331606729286,61.20024826715894,63.23904037475586,23052988
2011-10-28,62.583681380523515,63.12978593280541,62.29242716487266,62.802127838134766,12054764
2011-10-31,61.819201046804686,61.928424390242064,60.799804426279536,60.83620834350586,10414951
2011-11-01,58.7245628368839,59.52551803946029,58.142048381589596,58.3240852355957,18728528
2011-11-02,59.598355974818816,60.14446096410979,58.833804353109244,59.161468505859375,10047747
2011-11-03,60.14443933551224,60.76335771441369,59.56192485167082,60.69054412841797,11450896
2011-11-04,60.25366471165551,60.290068607983834,59.08863570338356,59.67115020751953,8696723
2011-11-07,59.59833661898702,59.81677738458456,58.651754172188475,59.67115020751953,8600071
2011-11-08,59.85319025903998,60.035221342111484,59.197862131529256,59.998817443847656,11246574
2011-11-09,58.79738516841831,58.9430123549425,57.34110171142389,57.705169677734375,16407538
2011-11-10,58.5425287042203,58.94300632412465,58.14205108431595,58.4697151184082,12368258
2011-11-11,59.125042217336095,59.9624013383859,59.088632527089096,59.343482971191406,10478718
2011-11-14,59.052247704696555,59.270688529101236,58.324105827470184,58.615360260009766,8378075
2011-11-15,58.360465298949045,59.41627050684931,58.360465298949045,58.97938919067383,8299827
2011-11-16,58.50612979484369,59.1614579837916,57.96002490267933,58.06924819946289,11046655
2011-11-17,58.17847081594906,58.43331551233619,56.430927067230236,56.94062805175781,14079036
2011-11-18,57.413917095661645,57.705171477795446,56.867812231222544,56.97703552246094,9773461
2011-11-21,56.358105709142905,56.39451540125748,55.33870967632073,55.484336853027344,14036761
2011-11-22,55.66636331717567,55.66636331717567,54.53774421483729,54.574153900146484,15638118
2011-11-23,54.28290485615127,54.428537831161094,53.59117285732738,53.62758255004883,13965816
2011-11-25,53.73678941938994,54.68337169261466,53.518348693847656,53.518348693847656,4833386
2011-11-28,55.44792210436482,55.52073567846685,53.44553432687219,53.882415771484375,16198355
2011-11-29,54.282910981880725,55.1566799511632,53.95525268979183,54.31932067871094,16789494
2011-11-30,55.739185711675475,57.92361068725586,55.55714884807485,57.92361068725586,20578214
2011-12-01,57.85079710099075,58.2512747233867,57.26828261499418,57.92361068725586,12144718
2011-12-02,58.39689123722816,59.34347348177867,58.39689123722816,58.578922271728516,14280061
2011-12-05,59.52552278623182,60.07162759592303,58.90659859243099,59.45270919799805,12850455
2011-12-06,60.07161870464217,61.60071542297942,59.96239544051987,60.87257385253906,17322563
2011-12-07,60.72694805668702,61.2730527977703,60.180837519728634,60.94538879394531,13628931
2011-12-08,60.362899962517496,60.6177504953268,59.16146670431153,59.379913330078125,16635606
2011-12-09,59.634735693685705,61.81916056067206,59.56192211104037,61.3094596862793,17890270
2011-12-12,60.83615204912277,61.3822566692165,59.41627887770428,59.92597961425781,37435127
2011-12-13,60.290058188354266,60.87257259181719,59.34347590514881,59.780357360839844,15413117
2011-12-14,59.48909976016487,61.05460604598471,59.3434726163385,60.47209167480469,18589330
2011-12-15,61.23664744057299,61.418684299098324,60.39928832393239,61.1274299621582,12817987
2011-12-16,61.673555234278595,62.21966019543468,61.56433192369639,61.92840576171875,20133388
2011-12-19,61.782763757794314,62.25605504164377,61.12744137730195,61.382286071777344,13834902
2011-12-20,62.07401776349965,63.31185459926131,62.03760807027088,62.911376953125,12826730
2011-12-21,63.0570003255618,64.6953205043791,62.43808194506446,64.40406036376953,16751935
2011-12-22,65.06573782493159,66.68319169714526,64.8819346525128,66.35234832763672,19954898
2011-12-23,66.24206069675823,67.19783361631735,65.98474329560949,67.01403045654297,9825940
2011-12-27,66.83023846132681,66.90375856709616,66.20531463623047,66.20531463623047,8817538
2011-12-28,66.16855637699547,66.2420764880089,65.13926897069325,65.54363250732422,8194703
2011-12-29,65.47011312618503,66.60968363776867,65.39659301435198,66.4258804321289,9028183
2011-12-30,66.27884168184461,66.46264489157032,65.7274379047819,65.83771514892578,6553617
2012-01-03,67.01405204232701,68.00658240227561,67.01405204232701,67.49193572998047,12249842
2012-01-04,67.30813962348665,68.37419021325398,67.19786236213801,68.2271499633789,8921285
2012-01-05,67.85954043772065,68.37418714127625,67.23461647777106,68.19038391113281,9560730
2012-01-06,68.85203320658051,69.07259345087138,68.22710958836716,68.55795288085938,10656248
2012-01-09,68.88883531546432,69.40347617789136,68.22714835451438,69.3299560546875,9804489
2012-01-10,69.88133671718383,70.02837691480158,68.44768601224078,68.81529235839844,12382927
2012-01-11,68.19038964268267,69.66080390319154,68.00659224920574,69.40348052978516,9988300
2012-01-12,69.69753281972328,69.84457300346666,68.9623260488936,69.58724975585938,8129016
2012-01-13,69.03584080344864,69.25640106201172,68.37415417564715,69.25640106201172,8771591
2012-01-17,69.8078519777399,70.21221565206535,68.66828109081217,68.88884735107422,10267594
2012-01-18,68.30065950623784,70.02839095275907,68.22713939269104,69.9181137084961,11040854
2012-01-19,69.95485440519657,70.54302102751137,69.58725392382048,70.39598083496094,11248472
2012-01-20,69.14612749405613,70.5797840017055,68.66824394221068,70.39598083496094,19287117
2012-01-23,70.17542534605496,70.72682903189101,69.47697560549766,69.62401580810547,10555088
2012-01-24,69.25640106201172,69.32992114819942,68.92555774811098,69.25640106201172,8291543
2012-01-25,69.21964328017862,70.43273357135287,69.07260309678405,70.32245635986328,10693974
2012-01-26,70.80034971695657,70.83710684185488,69.77106243810172,70.1019058227539,8866783
2012-01-27,69.84457203294522,70.32245554952719,69.55048581743219,69.95484924316406,6804846
2012-01-30,69.21965881196314,69.58726520504725,68.74177518264499,69.47698211669922,7873050
2012-01-31,69.7710563738416,69.88133359106507,68.70500621063236,68.77852630615234,9648660
2012-02-01,69.62402358841896,70.06515009765069,68.9255796219257,68.99909973144531,10853955
2012-02-02,69.29317396269147,69.58725434959167,68.74176445908395,68.92556762695312,7890140
2012-02-03,69.8445935949493,70.21219416268326,69.55050728864771,69.9181137084961,9364296
2012-02-06,69.80784385336328,70.39601072541632,69.6608035983789,70.02840423583984,8917300
2012-02-07,69.91810291532944,70.57978968722126,69.51373942718594,70.50626373291016,7520370
2012-02-08,70.54301112906583,70.98413749693228,70.13864773023502,70.72681427001953,7027906
2012-02-09,70.98414303725154,71.13118322064612,70.248936268166,70.32245635986328,9219421
2012-02-10,69.80784415881931,69.8813642866332,68.99911690075099,69.40348052978516,22857847
2012-02-13,69.95485976682022,70.13866294765221,69.47697617834784,70.1019058227539,21763268
2012-02-14,69.58725868351024,70.17542534605496,69.1093750989781,69.62401580810547,8185689
2012-02-15,69.88134558639976,69.91810856652673,68.74177513205998,68.96234130859375,8646707
2012-02-16,69.32995147200555,69.95487540398875,69.10939111697292,69.88135528564453,8453047
2012-02-17,70.50625689277653,71.02090341034499,70.24893948610527,70.87386322021484,12118426
2012-02-21,71.38852384511168,71.68260428348619,71.02091744502943,71.35176086425781,8747991
2012-02-22,71.42527659934179,71.57231680952343,70.50626650753594,71.27823638916016,8529856
2012-02-23,70.7219641325916,71.83452595401786,70.46236479989186,71.61201477050781,9520917
2012-02-24,71.79743169192342,71.83451983795538,70.9815515179754,71.35240936279297,4992199
2012-02-27,70.53651021438601,71.05570279204106,70.38816947791314,70.72193908691406,7829398
2012-02-28,70.90738431461666,71.16698363687384,70.42527381780008,71.05572509765625,7307910
2012-02-29,71.12991488855732,71.38951428161549,70.49946343675707,70.6478042602539,9318452
2012-03-01,71.01865296423634,71.16699376839412,70.57362464788638,70.90739440917969,7790274
2012-03-02,70.98153293462828,70.98153293462828,70.09148260551181,70.35108184814453,7559932
2012-03-05,70.2769571262338,70.38821570359167,69.46107663595023,69.9061050415039,7422653
2012-03-06,68.97891766791774,69.01600580235682,67.94052665398159,68.3113784790039,11737034
2012-03-07,68.90476106914156,69.90607005256014,68.7935025474701,69.60938262939453,11361901
2012-03-08,70.38820060657048,70.79614076421633,70.16568349958071,70.57362365722656,7508684
2012-03-09,70.53653212337431,71.12989525356726,70.16567426312797,70.61070251464844,7820613
2012-03-12,70.79613248188025,71.16698444368353,70.61070354904068,70.94447326660156,7376080
2012-03-13,71.20405938638815,72.90998990205527,70.79611935212266,72.650390625,13338766
2012-03-14,72.79877396967356,73.7629953594867,72.61334496274696,73.39214324951172,14888583
2012-03-15,73.68878001921135,74.91260009194521,73.65169187888246,74.7642593383789,15926802
2012-03-16,75.13510877936476,75.28344952810792,74.20797614778273,74.91259765625,16533841
2012-03-19,74.46757373036588,75.50597083822065,74.39340335178693,74.9496841430664,8915547
2012-03-20,74.24509013683182,74.94971194665801,74.09674932464493,74.4305191040039,9918878
2012-03-21,74.76428888336288,75.35765213211043,74.31926054292526,74.4305191040039,10662967
2012-03-22,73.98546831197164,74.02255645570209,73.02124742148193,73.61461639404297,10591458
2012-03-23,73.39210676021968,73.8371290709322,73.05833707524764,73.35501861572266,7138810
2012-03-26,74.09676197158583,74.57887264541903,73.87425071532695,74.35636138916016,8964875
2012-03-27,74.61594716821506,74.69011757341094,74.20800698769932,74.31925964355469,7996140
2012-03-28,74.24506716395068,77.87943955349107,73.31793442271723,74.2079849243164,11566390
2012-03-29,73.50338589193318,74.05966693286136,73.09544567473553,73.9854965209961,8484847
2012-03-30,74.4305191040039,74.65303032228424,73.98549076356629,74.4305191040039,8548197
2012-04-02,74.28218245638092,74.57886409738788,73.80007183780596,74.2450942993164,9216417
2012-04-03,74.0596270948866,74.245055976743,73.42917598122388,74.02254486083984,9138940
2012-04-04,72.87292579091849,73.4662949192997,72.76166723438553,73.20669555664062,9117094
2012-04-05,72.72457691791041,73.09542889208944,72.16829600470385,72.27954864501953,8338930
2012-04-09,70.83321318729948,71.46366446060668,70.72196055311333,71.20407104492188,7587225
2012-04-10,70.9073895029969,70.94447765340848,69.34979935935881,69.4981460571289,11361734
2012-04-11,70.53653120128934,71.01864169020661,70.38819042068027,70.49944305419922,7893290
2012-04-12,70.49944868260012,71.64909867991742,70.31402564397318,71.5749282836914,5887505
2012-04-13,71.12989576536773,71.12989576536773,69.9431635925672,70.017333984375,8411732
2012-04-16,70.38820210173199,70.94448307326965,69.90609153280757,70.09151458740234,6272362
2012-04-17,70.57360162970376,71.79742172066102,70.16566159938466,71.72325134277344,7411719
2012-04-18,71.31530125820605,71.72324123101252,70.61067981567628,70.83319091796875,6955000
2012-04-19,71.09279537648762,71.38947686799719,70.35108574383936,70.98153686523438,10885693
2012-04-20,72.05702360033565,72.83581554824892,71.3894842713386,71.79742431640625,14174478
2012-04-23,70.68485095085889,70.90736205556819,70.23982283756634,70.72193908691406,10859380
2012-04-24,71.1670127292686,72.68751523280503,70.87033104190877,72.46500396728516,10342608
2012-04-25,73.31792522818947,73.46626597587395,72.01993483013867,72.13118743896484,10088499
2012-04-26,72.05705869252836,73.09545043007365,71.94580011555367,72.76168060302734,7216599
2012-04-27,73.02124893075062,73.6887883006947,72.68747924577859,73.35501861572266,7803044
2012-04-30,72.98416961189368,73.13251038806969,72.09411905096208,72.61331176757812,6859808
2012-05-01,72.61330387578916,73.9854647621008,72.1682815956272,73.42918395996094,7303424
2012-05-02,73.13251844510876,73.35502963388693,72.3908085786387,73.31794738769531,7024693
2012-05-03,73.42915435920163,73.42915435920163,72.57619238079981,72.72453308105469,5049852
2012-05-04,72.53913140341162,72.65038992218035,71.38948169034194,71.72325134277344,7261232
2012-05-07,71.01862722799912,72.24244727461911,70.98153908846163,71.64907836914062,7459878
2012-05-08,71.31531783554303,71.68617566277739,70.53652584455124,71.38948822021484,8408122
2012-05-09,70.46235549857381,70.61069626799893,69.49813459343534,70.12858581542969,12875202
2012-05-10,70.90736466505881,71.31530465730893,70.49942467280869,70.79611206054688,7372971
2012-05-11,70.165673345891,71.46366403203379,70.12859110267658,70.49944305419922,5484725
2012-05-14,69.79481536848397,69.86898575238484,68.79350633000945,68.97893524169922,9802590
2012-05-15,68.79352463152836,69.23855295720209,67.94056203781243,68.23724365234375,9924929
2012-05-16,70.05443166378697,71.42659295474046,69.38689214281592,70.46237182617188,17739095
2012-05-17,70.27693330764019,70.94447273778616,69.980251740409,70.017333984375,10883418
2012-05-18,70.27691650390625,71.05570838361106,69.90606463354071,70.27691650390625,12757016
2012-05-21,70.4252838437286,71.16699376839412,70.27694303957081,70.90739440917969,8055734
2012-05-22,71.05570481275974,71.53781517194403,70.6848529610311,71.12987518310547,9846284
2012-05-23,70.90736407206829,71.24113369056111,69.53520336486113,71.12987518310547,13250043
2012-05-24,71.01863629685572,71.90868681679287,70.53652584455124,71.38948822021484,8739060
2012-05-25,71.53783485135601,72.01995124704028,70.90738357804881,71.20407104492188,5602076
2012-05-29,71.53783600865542,72.05703465617579,71.20407219682183,71.7603530883789,7435027
2012-05-30,71.1669834011422,71.20407154871714,70.42527358452526,70.61070251464844,8729963
2012-05-31,70.49942467280869,71.278222423763,69.98023207604663,70.79611206054688,10231245
2012-06-01,69.79484620504003,70.42529769867926,68.27434380747546,68.75645446777344,12715763
2012-06-04,68.38556856992699,68.64516787426125,66.93923717933302,67.31008911132812,13895330
2012-06-05,67.05052701266213,67.86640754781148,66.82800984571001,67.64389038085938,8021325
2012-06-06,68.2001446253945,70.017333984375,67.90346305816331,70.017333984375,8948515
2012-06-07,70.7961415866574,71.20408174904232,70.09151391279835,70.46237182617188,29077584
2012-06-08,70.38819084280347,71.38949406985735,70.09150337593042,71.20407104492188,22521630
2012-06-11,71.76035087275463,72.05703243139138,70.72195951365038,70.87030029296875,10735852
2012-06-12,71.05576162307767,72.24250030517578,70.79616807125511,72.24250030517578,9828256
2012-06-13,71.38949779044655,72.46497736817601,71.20407475584744,71.83452606201172,8391868
2012-06-14,71.7974210967008,73.31792858986906,71.35239883324276,73.13249969482422,13007703
2012-06-15,73.89487526190032,74.37833404541016,73.44860242768299,74.37833404541016,12476783
2012-06-18,73.93208850086354,74.30397770321296,73.44862365722656,73.44862365722656,8757548
2012-06-19,73.89487526190032,74.89898469859926,73.82049744292857,74.37833404541016,9010488
2012-06-20,74.37833216697472,74.93616875536806,73.82049557858136,74.7502212524414,9752386
2012-06-21,74.97531009511842,75.27536526506093,72.98747519506406,73.25001525878906,12713635
2012-06-22,73.8125805722239,74.67522458548542,73.17496737794005,74.30016326904297,10721997
2012-06-25,73.06245410672764,73.51252769963062,72.34982862829932,73.21247863769531,9319642
2012-06-26,73.2874842031064,74.6377168001506,73.17496282972358,74.26264953613281,12255977
2012-06-27,74.67524042761418,75.72541830733292,74.60022814841206,75.50038146972656,11224330
2012-06-28,74.71271626493818,75.76289367675781,74.52518266504262,75.76289367675781,11866613
2012-06-29,76.5880679140246,78.16333770751953,76.5880679140246,78.16333770751953,15236965
2012-07-02,77.78823434276512,78.08828928940065,76.06294079043423,76.85057830810547,12876934
2012-07-03,76.43801404772788,76.88808754707317,76.25048043755731,76.62554168701172,4433527
2012-07-05,76.2880066909039,76.81309857011985,76.10047899480266,76.25050354003906,6061091
2012-07-06,75.61290635616598,75.98796776944924,74.82526843193713,75.01280212402344,11737430
2012-07-09,74.97527762565913,75.16281127929688,74.67522855654923,75.16281127929688,6881300
2012-07-10,75.16280918353154,75.27533056675436,73.13746608173611,73.58753967285156,11390989
2012-07-11,73.8125991821289,74.2251697196783,73.28750723583357,73.8125991821289,8923372
2012-07-12,73.13745895380156,73.66254475892836,72.61236717778739,72.91242218017578,10472375
2012-07-13,73.1749524308588,74.52518483602198,72.98742479638679,74.1501235961914,6765117
2012-07-16,73.17498913722228,73.5500565360824,72.87493999484583,73.47504425048828,7463989
2012-07-17,73.66254570177884,74.45018337588152,72.8749139985636,73.96260070800781,10840830
2012-07-18,73.700077177785,74.48770911997357,73.47504033300102,74.4126968383789,8197311
2012-07-19,74.78774131740276,74.78774131740276,73.66254549623679,74.26264953613281,8751079
2012-07-20,74.60021215325533,76.40051840987765,72.94993042287025,74.52519989013672,24217844
2012-07-23,73.36250929765612,75.50037396977083,73.21248475415481,75.35034942626953,12831341
2012-07-24,75.2378267572852,75.35034814844724,74.03762445873986,74.9002685546875,11453692
2012-07-25,75.23783897199338,75.61290635616598,74.93778984136678,75.01280212402344,8886438
2012-07-26,75.7628887546067,77.63820671906778,75.61286427279157,77.11312103271484,11951246
2012-07-27,77.37568449554483,78.76342033202205,77.11314455771799,78.46337127685547,16748951
2012-07-30,77.97579654289078,78.4258761425093,77.60072921472727,78.0133056640625,9388459
2012-07-31,77.82576751708984,78.35085338702913,77.82576751708984,77.82576751708984,7997684
2012-08-01,78.23833035501254,78.57588850969802,77.67573542083257,77.75074768066406,7456394
2012-08-02,76.9631118774414,77.63822820331538,75.7629097199114,76.9631118774414,9181215
2012-08-03,78.08831742356986,78.76342786223897,77.90078376071759,78.6134033203125,7906520
2012-08-06,78.65091705322266,79.43854892996647,78.3883711040118,78.65091705322266,7127793
2012-08-07,79.28852087800648,79.47605454357434,79.10098721243861,79.21350860595703,6492584
2012-08-08,78.95094308598959,79.10096759287764,78.38834819971596,78.80091857910156,6749363
2012-08-09,78.53837720872284,79.21349349930624,78.53837720872284,78.98845672607422,6501848
2012-08-10,78.76342906748191,79.13849639892578,78.5383922511487,79.13849639892578,5095340
2012-08-13,78.91342469609727,78.98843693504651,78.31332081361751,78.72589111328125,5607502
2012-08-14,79.06349834214598,79.1760137850982,78.38838180087428,78.53840637207031,6279686
2012-08-15,78.23834196549633,78.87594925412802,77.97579603168082,78.6134033203125,6024095
2012-08-16,78.27584187038451,79.28851644273743,78.08831418619513,78.95095825195312,7010629
2012-08-17,78.83844597610485,78.95096139692284,78.53839092185062,78.763427734375,6266644
2012-08-20,78.57588964128286,78.83843553991781,78.1258101049247,78.5008773803711,5714316
2012-08-21,78.65090045090471,78.95094948901516,78.01329325947628,78.20082092285156,6351424
2012-08-22,77.90075980095047,78.27582104040987,77.67572305727484,77.93826293945312,5846044
2012-08-23,77.78823873107955,77.97577233694541,77.37566838070657,77.41317749023438,7624262
2012-08-24,77.2256678574522,78.38836702133757,77.07564331454216,78.0133056640625,6121770
2012-08-27,78.0883055190039,78.5758881913771,77.97578414426873,78.20082092285156,6004377
2012-08-28,77.8632780964006,78.46338226163547,77.8632780964006,78.05081176757812,5406936
2012-08-29,78.08830261230469,78.5758852665285,78.05079349849335,78.08830261230469,4157759
2012-08-30,77.71322648291051,77.93826322741761,77.33816524206534,77.41317749023438,4431524
2012-08-31,77.86323254664046,78.12577833852275,77.3006378331128,77.67570495605469,6192882
2012-09-04,77.37567932660936,77.60071610295114,76.81308440031117,76.92560577392578,7965383
2012-09-05,77.07561474609862,77.90075539714991,76.92559025879589,77.45067596435547,6892839
2012-09-06,78.2758501921507,79.96364132550693,78.20083791632251,79.92613220214844,11096358
2012-09-07,79.96362694419307,80.9762954711914,79.8886146818557,80.9762954711914,7591085
2012-09-10,80.56373596191406,81.20134923453072,80.37620826609836,80.56373596191406,7026132
2012-09-11,80.60123415950456,81.35136275376597,80.26367599354253,80.9762954711914,7009606
2012-09-12,81.27634540113404,82.25151072133347,81.23883628687068,82.10148620605469,8973722
2012-09-13,81.65138832701314,83.41419091232618,81.576376086243,82.58905029296875,23327211
2012-09-14,83.26418626209892,83.90179344594908,82.43904544621492,82.92662811279297,20897174
2012-09-17,82.25151031867168,82.70158386230469,82.13898894731976,82.70158386230469,16543398
2012-09-18,82.47656793744106,83.41423034667969,82.36405250853682,83.41423034667969,8102599
2012-09-19,83.63927872398672,84.3518984320352,83.45174502206726,84.12686157226562,8443011
2012-09-20,83.86228996781466,84.92048790072822,83.59773898046431,84.76931762695312,9113734
2012-09-21,85.22283244955335,85.75192839525499,84.88269633335845,85.14724731445312,13886817
2012-09-24,84.65593100541274,84.844896842688,84.27800534734965,84.5047607421875,7678723
2012-09-25,84.61814406362868,85.67634195540455,84.27800795261365,84.31580352783203,9815298
2012-09-26,83.748911177589,84.08904730963835,83.40878106202763,83.52215576171875,8580874
2012-09-27,84.05125421686469,86.39441146519857,83.6355329636599,85.9030990600586,14043042
2012-09-28,86.05426077407625,86.77232244746644,85.48736934598014,85.82749938964844,14799588
2012-10-01,85.90313579533832,86.92354458497398,85.82755062756793,86.20548248291016,8878718
2012-10-02,86.6589635452791,86.88572498672511,85.82752097061233,86.12986755371094,9451850
2012-10-03,86.39442941259769,86.84794031949374,85.86532733806331,86.58338928222656,6871117
2012-10-04,86.73455047607422,87.11248220862133,86.05428418716848,86.73455047607422,8418389
2012-10-05,87.074682842756,87.60378483872121,86.9235125629054,87.37702941894531,7994366
2012-10-08,86.43219657741132,86.88571338324853,86.35661144585302,86.62116241455078,5050082
2012-10-09,86.6967413875629,86.81012208509,85.4117822093747,85.48737335205078,8174546
2012-10-10,85.44958987542893,85.94089627344192,84.69373249006557,84.76931762695312,6840799
2012-10-11,85.3740018271651,85.82751263302502,84.95828058021634,85.0716552734375,5041652
2012-10-12,85.33621581399552,85.82752225030693,84.69373909212499,84.95829010009766,6876376
2012-10-15,85.18501691791626,85.78970387354903,84.99605111618985,85.56294250488281,6171932
2012-10-16,86.12983991006207,86.46997594657512,85.29839760224938,85.56294250488281,7442726
2012-10-17,86.05429322418115,86.62118486604572,85.86532733806331,86.58338928222656,5899399
2012-10-18,86.20548248291016,87.22588525605552,86.16768689077982,86.20548248291016,9001829
2012-10-19,85.07166190415509,85.14725306084452,82.65292538473724,83.25760650634766,22510445
2012-10-22,82.61513179375798,82.95526794109011,80.30976992094091,82.01044464111328,18098327
2012-10-23,80.68767878368575,80.87664460752326,80.12078732866026,80.42313385009766,11747112
2012-10-24,80.99005678705724,81.10343151224043,80.27198878394677,80.34757995605469,8825467
2012-10-25,81.25460783996694,81.51915287638728,79.47834164170705,80.34757995605469,9550380
2012-10-26,80.08300910082276,80.87665604681544,79.62949226276419,79.7806625366211,8936455
2012-10-31,80.34757043476517,80.57432587475009,79.25157678343847,79.59171295166016,8175235
2012-11-01,79.47831615325518,80.83886055104581,79.44052659580956,80.64989471435547,9646720
2012-11-02,81.36795674669948,81.93484824220602,80.34755446138267,80.53651428222656,9906274
2012-11-05,80.12078352775734,81.14119170828762,80.12078352775734,80.91443634033203,6259884
2012-11-06,81.29237078027549,82.31277907160118,81.0656153876989,81.59471130371094,6830178
2012-11-07,80.7254850397562,81.3301721461795,79.62949153951638,79.85624694824219,9442669
2012-11-08,79.96960392291952,80.08298460187075,78.91140631315668,78.9491958618164,8507299
2012-11-09,78.45790921980291,80.49872585199188,78.2311538217222,79.36493682861328,8410501
2012-11-12,79.51609324008659,79.89401880911403,78.91140631315668,78.9491958618164,4552256
2012-11-13,77.85321524447363,79.17596387193353,77.73983455599637,78.15555572509766,8570441
2012-11-14,78.34452613852638,78.420111263125,75.3966822132329,75.62344360351562,13675609
2012-11-15,75.20771984173126,76.45488337974966,75.20771984173126,75.8124008178711,10800412
2012-11-16,75.96359150889623,76.30372765777209,75.09435936348216,76.15255737304688,9449784
2012-11-19,77.13515581529637,78.30673432755366,77.05957068706886,78.0799789428711,7988294
2012-11-20,78.11779124770598,78.19337037563504,76.98400204846637,77.92882537841797,5601722
2012-11-21,78.23114084525366,78.38231108556568,77.73983455599637,78.15555572509766,8559402
2012-11-23,78.64689786665517,79.5161361694336,78.34455724820491,79.5161361694336,7398427
2012-11-26,78.91144061521676,79.62950251674665,78.87364503364164,79.59171295166016,9961799
2012-11-27,79.5161247141566,80.12080586394539,78.79805682404984,78.87364196777344,6886204
2012-11-28,78.42011629046253,79.9318309123212,77.47529314767904,79.89403533935547,7257831
2012-11-29,80.27196820581676,80.7254850397562,79.17598072206475,79.85624694824219,5765918
2012-11-30,79.89404252460706,80.34755935854649,79.51611684339737,79.85624694824219,7899321
2012-12-03,80.04522340252251,80.23418927640792,78.60909960716153,78.68468475341797,6256086
2012-12-04,78.8736278747365,79.40272980275084,78.26894683299135,78.8358383178711,7682354
2012-12-05,79.02481598407985,80.72549069336183,78.83585012199688,80.23418426513672,9695797
2012-12-06,80.12081521331292,80.83888318721166,79.66730429805075,80.76329803466797,6833934
2012-12-07,81.02779318987535,81.17896340192151,80.27193611315924,81.10337829589844,7000321
2012-12-10,80.99005274999091,81.25460378971367,80.72550171026815,80.83888244628906,5759971
2012-12-11,81.17903104245005,82.19943984872138,80.72552002843416,81.29241180419922,9547793
2012-12-12,81.67031321179655,82.95526662218782,81.51913691367272,82.31278991699219,8850110
2012-12-13,82.1615931924862,82.84185924090998,81.44352556108731,81.70807647705078,7087417
2012-12-14,81.67028692704812,82.23717830897773,81.44352556108731,81.70807647705078,9919086
2012-12-17,81.97264161767262,82.9552543190609,81.97264161767262,82.87966918945312,10116710
2012-12-18,82.57733572561338,82.80409113380843,80.91445069920746,81.97264862060547,16926502
2012-12-19,81.78367172539122,81.85925685124668,79.25155496801563,79.40272521972656,19265917
2012-12-20,79.74598279724346,81.00452198776375,79.5934268889015,80.2799072265625,10606586
2012-12-21,79.4789886097062,80.05105332567845,78.41113406846526,79.63153839111328,16866950
2012-12-24,79.28830983140355,79.93664953198513,79.13576002790111,79.40272521972656,3150213
2012-12-26,79.36458593863205,79.86037584324178,78.98321142408318,79.2120361328125,5958784
2012-12-27,79.32645775154073,79.5934168969902,77.8772223396771,78.90693664550781,7998164
2012-12-28,77.9916179936101,78.983203778233,77.91534309808401,77.95348358154297,6761361
2012-12-31,77.3814090583196,80.08918268606043,77.26699369378197,80.0510482788086,12266201
2013-01-02,82.03421148485809,82.14862685501647,80.851941588323,81.38587188720703,9617131
2013-01-03,81.91984134704904,81.95798184862505,80.27992120717501,80.47061157226562,10122010
2013-01-04,80.89009971735366,81.08079001875846,80.54685960338209,80.85195922851562,6218673
2013-01-07,80.69942212701032,80.92824688190294,79.9366668726413,80.58500671386719,6832995
2013-01-08,80.47056438998403,80.5468392770191,78.86877961946527,79.70780944824219,8355978
2013-01-09,80.24174621966901,80.35615552378066,79.8222312713458,79.89850616455078,5955320
2013-01-10,80.24178165583093,80.96639649697653,79.93667587687936,80.7375717163086,6958505
2013-01-11,80.92824688190294,81.00452180020046,80.16549769892755,80.58500671386719,8730359
2013-01-14,80.77567680938385,81.0045015069513,80.35616182814748,80.5468521118164,6617906
2013-01-15,80.24175997824855,80.89009971735366,80.12734458312713,80.85195922851562,5540187
2013-01-16,80.66126749629619,80.851951708573,80.31802741424896,80.5468521118164,8123653
2013-01-17,80.92823171494058,82.14864232176826,80.54685719492724,81.23333740234375,13323429
2013-01-18,83.67415373827352,84.62759922817911,82.33933369524152,84.05553436279297,23595384
2013-01-22,84.58947753675807,84.66575245886045,83.52161648453679,83.94113159179688,11511011
2013-01-23,83.82671972938113,84.01740399321923,82.94954904442955,83.67416381835938,9854798
2013-01-24,83.7504548203505,84.62761953875678,83.71231432018766,84.09368896484375,9805261
2013-01-25,84.97086825296451,85.0852836935018,84.32252825650849,85.00900268554688,8747073
2013-01-28,85.5810431312537,85.96241767730872,84.89456287696173,85.80986785888672,10340959
2013-01-29,85.77172736858475,86.11496749573074,85.42848724143877,85.80986785888672,7125393
2013-01-30,85.88613897965642,86.00055437412252,84.78014373779297,84.78014373779297,7553651
2013-01-31,84.70387522778437,85.42848992373695,84.58946589607207,84.97084045410156,7183756
2013-02-01,85.5429115287517,86.34380119437515,85.12339644880764,86.26753234863281,9147809
2013-02-04,85.46662539009819,85.77172501858298,84.97083545811401,85.08525085449219,7477740
2013-02-05,85.73360809327653,86.26753862345758,85.61919267355374,85.96243286132812,6451352
2013-02-06,85.69544111228731,85.80985649665034,85.08524191939684,85.5810317993164,8969507
2013-02-07,85.8098640782137,85.8479984954426,84.93269355384479,85.73358917236328,7997162
2013-02-08,85.80986785888672,86.03869258651973,85.61917755016275,85.80986785888672,5096488
2013-02-11,85.77175916452364,85.84803410201008,85.23783460211861,85.61920928955078,4118718
2013-02-12,85.7336079920116,86.38194786975566,85.7336079920116,86.11498260498047,7156588
2013-02-13,88.13626208974325,89.5473569263203,87.86929688900867,89.20411682128906,17721024
2013-02-14,88.67020382483942,89.58550886478415,88.13627335512444,89.28040313720703,11267023
2013-02-15,89.54738401071981,89.8143492922004,88.59394438293899,88.82276916503906,8196873
2013-02-19,89.31853470979046,90.57707977294922,89.28039422087988,90.57707977294922,8600843
2013-02-20,90.42453899068292,90.57708881877483,89.05157839506917,89.28040313720703,7951570
2013-02-21,89.12660033031472,89.78024519228919,88.89590322392478,89.43419647216797,9976385
2013-02-22,89.78025342863599,90.16475476229893,89.31885917352828,89.93405151367188,5808381
2013-02-25,90.35701213846185,90.47236377915493,87.7039794921875,87.7039794921875,10771095
2013-02-26,88.31914340881906,89.01123461837071,88.08844021789686,88.62673950195312,8621146
2013-02-27,88.51141238494782,89.97250647355382,88.43451334039733,89.8571548461914,6192340
2013-02-28,89.85714131563229,90.20319002453864,89.20349647484136,89.2803955078125,8286931
2013-03-01,88.51140940408649,89.74180631760407,88.43451036212579,89.16505432128906,8602491
2013-03-04,89.01124069891895,89.51108744494323,88.54984652769903,89.47264099121094,5312078
2013-03-05,90.20317910353945,91.16442608090814,90.12628007987855,90.7030258178711,7455079
2013-03-06,91.66428787455294,91.66428787455294,91.0106430053711,91.0106430053711,6581015
2013-03-07,91.1259636515733,91.62581031183723,91.01061818909457,91.04906463623047,4789984
2013-03-08,91.74121331327316,91.89501143015754,91.04911566621902,91.3951644897461,6041206
2013-03-11,91.08755487691901,91.31825201836048,90.16476019007959,90.81840515136719,7292156
2013-03-12,90.7030302905109,90.7414828647733,89.7033368125519,90.01093292236328,7635572
2013-03-13,90.12630706201347,90.4339032487456,89.9725089686474,90.31855773925781,5039690
2013-03-14,90.54926306452074,91.3567061882183,90.39546495725209,91.08756256103516,7225926
2013-03-15,90.1263198852539,91.20291281306834,89.81872365475675,90.1263198852539,12281266
2013-03-18,89.08814968353012,89.78024713877764,88.93435160926906,89.395751953125,7031912
2013-03-19,89.58799657511814,89.8186998078135,89.08814977273283,89.66490173339844,7543176
2013-03-20,91.24136298476576,91.51051273985621,89.70336963088391,90.20321655273438,8190822
2013-03-21,90.0494074074774,90.7415049440264,89.549560546875,89.549560546875,8042651
2013-03-22,89.66491029535186,89.97250647355382,89.51110608517753,89.8571548461914,6386333
2013-03-25,90.16474888005877,90.28009437577408,88.62675588789018,89.3572998046875,8697954
2013-03-26,89.47266573385814,89.58801124802457,88.47297196535565,88.89591979980469,6750949
2013-03-27,88.51141930069403,88.97281972512135,87.85777431040634,88.81901550292969,5736643
2013-03-28,88.9728188496069,89.20351599901352,88.39607291555345,88.89591979980469,6500033
2013-04-01,88.54983620009253,88.81897970804445,88.31913914138887,88.74208068847656,5727712
2013-04-02,89.0881701417394,89.85716681070986,88.8190203894386,89.7418212890625,6088781
2013-04-03,89.89560329882094,89.97250233983836,88.12691311327406,88.43450927734375,10969429
2013-04-04,88.47293718052465,88.93433129793196,88.28068657106925,88.74208068847656,6358372
2013-04-05,87.66550508421214,88.2038044453603,87.51170701561911,88.16535186767578,6552449
2013-04-08,88.62677006496007,88.89591979980469,87.780874396062,88.89591979980469,6362858
2013-04-09,89.39576467690323,89.39576467690323,88.05002215396911,88.66521453857422,6607953
2013-04-10,88.81899380250647,90.9337324788843,88.66519573896488,90.66458892822266,8298971
2013-04-11,90.54922777054931,91.20287253220275,90.08782750751227,90.7030258178711,5651488
2013-04-12,90.3185681966515,90.70306347458484,89.70336963088391,90.20321655273438,5682766
2013-04-15,89.51111642957675,89.58801548301412,87.7039794921875,87.7039794921875,9693147
2013-04-16,88.70366998762823,88.81901550292969,88.05002499734054,88.81901550292969,7515320
2013-04-17,88.28069222784171,88.54984187411132,87.08874816655609,87.5116958618164,8904217
2013-04-18,87.51172107270281,87.85776984315953,86.7811770690017,87.1656723022461,8590806
2013-04-19,84.35882454697435,84.70487327177943,83.0899873841193,83.62828063964844,22710344
2013-04-22,83.32069854741619,83.35914501161672,81.16750679890052,82.09030151367188,18326562
2013-04-23,82.85929778500713,83.39759725016651,82.12875375749687,82.66705322265625,13665197
2013-04-24,83.39757626707072,84.70486589486282,83.24377820745661,84.43572235107422,10747496
2013-04-25,85.39701003485098,85.4739091067565,84.24351783519289,84.3973159790039,8651735
2013-04-26,84.5126231054919,86.12750888546645,84.4741705292676,85.39696502685547,9809727
2013-04-29,85.78148212967899,85.81992859192356,84.5895377418494,85.62767791748047,7622802
2013-04-30,85.7045669555664,86.05061568072746,85.39697080923335,85.7045669555664,7105946
2013-05-01,84.97402436942869,85.9352715232827,84.97402436942869,85.16627502441406,8179888
2013-05-02,85.5507660916864,85.81991577148438,85.16627092131252,85.81991577148438,5769820
2013-05-03,86.78116607666016,87.85775871444883,86.70426703975188,86.78116607666016,9498987
2013-05-06,86.74271156051218,87.050307701276,85.81991701714811,86.81961059570312,5960203
2013-05-07,87.24256328052114,87.62706459927956,86.97341970267777,87.20411682128906,5886712
2013-05-08,87.2041105536116,88.5114002528555,86.97341345158135,88.47295379638672,8341747
2013-05-09,88.39605684583178,88.81899848231951,87.24255906634811,87.58860778808594,6254500
2013-05-10,87.55017145933695,88.08846477236968,86.85807393579293,88.05001831054688,7327649
2013-05-13,87.89621014684828,87.97310918275342,86.97341559491386,87.85775756835938,6319081
2013-05-14,87.85775540323354,88.70365089841695,87.70395733521339,88.47295379638672,8261412
2013-05-15,88.58830330860322,89.39575238397447,88.08845650430935,89.3572998046875,8378409
2013-05-16,88.81899006704128,89.78023710535756,88.81899006704128,89.47264099121094,6890711
2013-05-17,89.4726724641239,90.28011560832105,89.20352270903345,90.20321655273438,8563012
2013-05-20,90.20318904251222,90.66458935638832,90.08783743377509,90.62613677978516,6861811
2013-05-21,90.70304116803497,91.4335911980559,90.70304116803497,90.9721908569336,7055909
2013-05-22,91.43359190025438,92.7793342340099,91.31824028381973,91.7411880493164,14296358
2013-05-23,90.43389147913635,91.31823958250715,90.16474791131046,90.9721908569336,9261175
2013-05-24,90.35698421039017,91.01063514418459,90.31853775609177,90.47233581542969,8558317
2013-05-28,91.39513040926022,91.66428007398143,90.66458656593595,90.74148559570312,9874516
2013-05-29,90.04942131808795,91.1260142517661,89.97252226004483,90.89531707763672,8187170
2013-05-30,90.66458656593595,91.35667783384054,90.35698432579507,90.74148559570312,6123627
2013-05-31,90.70304179623643,91.47203828938447,89.6264491542583,89.66490173339844,10276107
2013-06-03,89.85717061244293,91.43361660501301,89.66492602787234,90.89531707763672,9435366
2013-06-04,90.70304116803497,91.35668604030825,90.01094371688787,90.9721908569336,8075494
2013-06-05,90.54924372182138,90.66459533816906,89.24195396822066,89.66490173339844,9338922
2013-06-06,89.3957601469293,89.9340534561817,88.81900813397746,89.8956069946289,8905176
2013-06-07,90.51079121092278,92.08723677754757,90.24164764102989,91.7411880493164,10233039
2013-06-10,91.81808894410605,91.97188702174847,90.89529435717863,91.43359375,8685872
2013-06-11,90.31854022471789,91.08753666349823,90.28008764829633,90.66458892822266,7550020
2013-06-12,91.12599882966195,91.24135045774182,90.04940607818567,90.35700225830078,7061542
2013-06-13,90.16472289925238,91.47201228115156,89.74177525433127,91.04906463623047,7288671
2013-06-14,91.04907434702503,91.31822398996648,90.20317896696427,90.43387603759766,5810405
2013-06-17,91.3182654313039,91.70276072351484,90.93376401801851,91.3951644897461,8195892
2013-06-18,91.6258364116238,94.0097249295197,91.3951392998808,93.54832458496094,15183693
2013-06-19,93.04847885352362,93.6252247000572,92.20258331298828,92.20258331298828,9615608
2013-06-20,91.58248299894557,91.81502878103751,89.91593985705839,90.10972595214844,13090041
2013-06-21,91.38869257626865,91.62123216168975,89.95468921123337,90.53604125976562,13568294
2013-06-24,89.60587618126195,89.72214288825747,88.21062633764392,88.86949157714844,10174530
2013-06-25,89.79967066418925,90.10972966309429,88.90826569599224,89.56713104248047,7630585
2013-06-26,90.8073447885451,90.84610447554701,89.21831485070199,90.10972595214844,6788133
2013-06-27,90.72982590366392,91.00112518581128,90.14847382475351,90.38101959228516,6440961
2013-06-28,90.38099640970137,90.84607548555391,89.76088480527356,89.87715148925781,9582431
2013-07-01,89.9547105267311,91.62125387208843,89.87719114326288,90.45854949951172,7466931
2013-07-02,90.18723838070575,90.45853767750707,88.67572165990369,88.75323486328125,9926306
2013-07-03,88.48194696344773,89.06329914864071,88.21064763170153,88.79199981689453,4475489
2013-07-05,89.79966932167872,90.07096862792969,88.94701788486702,90.07096862792969,4734313
2013-07-08,90.53604599066668,91.19491126876785,90.18723350932856,90.38101959228516,7403560
2013-07-09,91.1561670870205,92.24136440016821,91.11741356581403,91.54373931884766,6581494
2013-07-10,91.93127505874034,91.97003473712299,90.53603152625708,91.23365020751953,5937918
2013-07-11,92.66769169953862,92.8614716487254,91.58249436828235,92.7839584350586,6806224
2013-07-12,92.97773774595697,93.01649126497242,91.42746124621809,92.0863265991211,6939621
2013-07-15,91.9700382442608,92.0087917541629,91.31117304629782,91.58246612548828,7481266
2013-07-16,91.69876131285393,91.737521002148,90.45854380484529,90.8073501586914,7969306
2013-07-17,91.23365020751953,91.504949446323,90.80732459510219,91.23365020751953,5604351
2013-07-18,91.46619942582339,92.78392982174937,91.31117304629782,91.58246612548828,8646581
2013-07-19,93.83035198553561,96.69835805347148,93.4040264257096,95.80695343017578,21640116
2013-07-22,96.00075875292228,96.58211699140354,95.84573235731096,96.34957122802734,8672163
2013-07-23,96.38831538788263,96.42706889556432,95.45815099406515,95.76820373535156,6792577
2013-07-24,96.07825295343488,96.27203899461185,95.18684826994526,95.41938781738281,5735078
2013-07-25,95.38065916439069,95.69071197509766,95.03184666736554,95.69071197509766,6249784
2013-07-26,95.53568267822266,95.57443619340829,94.95433059076271,95.53568267822266,6492563
2013-07-29,95.07058424068417,95.34188348953654,94.7992849918318,94.91555786132812,5339371
2013-07-30,95.22563742143136,95.49693674664131,94.56677203875027,94.8768310546875,6510570
2013-07-31,95.22561717966747,95.69070251973164,94.41172554700391,94.45048522949219,8128411
2013-08-01,95.34187463490363,96.38831185330963,95.03182190498688,95.41938781738281,6664187
2013-08-02,95.03184287368025,95.72946166992188,94.56675750622645,95.72946166992188,5367081
2013-08-05,95.22561736632305,95.34189024405676,94.9155645856452,95.0318374633789,3749992
2013-08-06,94.91556622269613,94.95432590592888,93.98540169466058,94.21794128417969,4780761
2013-08-07,93.83036681076375,94.3342056274414,93.36528150385284,94.3342056274414,5836613
2013-08-08,94.83807750636332,95.10937684914458,93.86915304499041,94.29547882080078,4668293
2013-08-09,94.33421744966942,94.72178344570055,93.83037856984927,93.98540496826172,4332555
2013-08-12,93.55910349470166,94.17921541875575,93.24905061765509,94.06294250488281,5710226
2013-08-13,94.17920583277737,94.17920583277737,93.40406754909702,93.79163360595703,5953901
2013-08-14,93.79160430442305,94.14041673160436,93.21025231577366,93.28776550292969,5839158
2013-08-15,92.9002203997547,94.02417112049737,92.70643430342948,93.01648712158203,8338617
2013-08-16,92.55137839790532,93.21024351147678,92.47386521807091,92.82267761230469,7577668
2013-08-19,92.62889040222286,92.86142993877506,92.08629198031005,92.43510437011719,6722884
2013-08-20,92.12506811017695,92.43512088096178,91.5824695913447,91.93128204345703,6354074
2013-08-21,91.9312847638696,92.20258403131396,91.31117920394992,91.50495910644531,6655695
2013-08-22,91.6987558535194,92.24135445157184,91.50496975850643,92.1638412475586,6475411
2013-08-23,92.35762117261184,92.43513437662509,91.62124264950616,92.1638412475586,4317302
2013-08-26,92.00879795885956,92.20258403131396,91.31117920394992,91.50495910644531,5414552
2013-08-27,90.53604967367279,90.652316392209,89.56712538943337,89.83842468261719,10723750
2013-08-28,89.76090530763294,90.6910698417554,89.76090530763294,89.91593170166016,6022530
2013-08-29,89.76091714555112,90.30350959620496,89.4896178352442,89.56713104248047,4612392
2013-08-30,90.84609955336593,91.0786391528988,89.29582321656135,89.68339538574219,9655963
2013-09-03,90.34224562484239,90.88484410335373,88.83072922465017,89.37332153320312,10860820
2013-09-04,89.10203337870404,89.83841178019459,88.98576050690713,89.79965209960938,6599940
2013-09-05,90.45853501399621,90.49728852956407,89.48961074536666,89.76091003417969,6322941
2013-09-06,89.72215034865233,90.61356141618667,88.98577185326795,89.76091003417969,7664472
2013-09-09,90.10972083492652,90.92361251614923,89.83842155119916,90.65231323242188,5880473
2013-09-10,91.7375326105568,92.78396414443009,91.5437464794851,92.51266479492188,7452951
2013-09-11,92.82271817300798,93.36531066894531,91.93130696045591,93.36531066894531,7220459
2013-09-12,93.63656789724006,93.79159425494151,92.12505165471428,92.43510437011719,6401252
2013-09-13,92.12508156057211,92.62892047163805,92.04756835655887,92.1638412475586,3979499
2013-09-16,93.24903682944372,93.90790218072544,92.74519789376241,93.55908966064453,7666496
2013-09-17,93.52032645691382,94.83805702301525,93.44280708718136,94.76054382324219,7472231
2013-09-18,94.8380546158782,96.5433573075211,94.5667553385788,96.34957122802734,10660964
2013-09-19,96.85728910494265,97.20878800342192,95.29507316002992,95.52940368652344,10373260
2013-09-20,95.88090651022473,95.91996470831161,93.7328610524014,93.77191925048828,14179215
2013-09-23,94.51397668753333,95.21697457002891,94.318704333768,94.82642364501953,8641657
2013-09-24,94.59207079255619,95.8418459750907,94.59207079255619,94.98262786865234,6890919
2013-09-25,94.90449980324549,95.60749743369041,94.51394280078655,94.63111114501953,6144723
2013-09-26,94.90454525735494,95.72470540736842,93.57665951747664,94.70926666259766,7148659
2013-09-27,94.12339435080047,94.12339435080047,93.49850686184996,93.92811584472656,5373842
2013-09-30,93.26418594030925,94.04529382715563,93.0298554394985,93.30323791503906,7374869
2013-10-01,93.49853600501656,94.59208478842783,93.34231563845475,94.39681243896484,6048112
2013-10-02,94.27965568599149,95.09981582035827,93.9281567091259,95.0217056274414,7141377
2013-10-03,94.59208180021221,94.70925018017145,93.10798214727994,94.12342071533203,7819028
2013-10-04,94.43583498653742,94.43583498653742,93.34228654398149,93.92811584472656,6949971
2013-10-07,93.10799184091677,94.24059890684582,92.95177146302566,93.49854278564453,6047361
2013-10-08,93.42041100662979,93.42041100662979,92.44403076171875,92.44403076171875,8845353
2013-10-09,93.10797878477995,93.10797878477995,91.78009332395125,92.05348205566406,7323100
2013-10-10,93.34232893425558,94.70926666259766,93.02988815662749,94.70926666259766,7965780
2013-10-11,94.98263375662762,95.64657336617553,94.51396647975506,95.29507446289062,7131736
2013-10-14,94.55303268529151,95.21697235107422,94.35775411859828,95.21697235107422,4596179
2013-10-15,94.78736291183743,95.49036077555468,94.31870181434496,94.47492218017578,5919159
2013-10-16,95.09980440935176,95.29508297695217,94.24059239036288,95.13886260986328,6307980
2013-10-17,95.21696719685399,96.38862609863281,94.63113774596457,96.38862609863281,9482106
2013-10-18,98.45855262919922,100.56754592583346,97.9898915971545,99.78643798828125,20554739
2013-10-21,101.03621675045608,102.91087349528476,100.72377603214406,102.09071350097656,12682983
2013-10-22,102.285971708947,102.4812502396507,101.46581182795535,101.62203216552734,9046107
2013-10-23,101.50488322712033,101.54393520785537,100.1379457693074,100.37227630615234,8251709
2013-10-24,100.919051332648,101.62204918694962,100.2551116780202,101.30960845947266,7223694
2013-10-25,101.8173367674484,101.85639497058129,100.76283989260821,101.07528686523438,5711791
2013-10-28,101.07526398382707,102.16881259676373,100.60659673972415,101.89542388916016,6667171
2013-10-29,102.28596595455703,102.71557496744983,101.81730496820693,102.36408233642578,8020136
2013-10-30,102.67654243756411,103.41859224854356,102.28598532416991,102.98898315429688,8313181
2013-10-31,102.91087349528476,103.26237241212492,102.01260332139856,102.09071350097656,8941692
2013-11-01,101.73921623889605,104.04348211762112,101.6611060580476,103.6529312133789,11608811
2013-11-04,103.84819376580252,103.84819376580252,102.75464511954726,103.22331237792969,5877197
2013-11-05,102.79373702938864,103.57483902041605,102.55940021460057,103.18428802490234,5195164
2013-11-06,103.37952856660145,105.37134723654471,103.30141839625922,105.05890655517578,12239868
2013-11-07,105.21514743896832,106.1915278676219,103.88726806640625,103.88726806640625,12424075
2013-11-08,103.18425268288337,105.6837906330048,103.10614251053443,105.64474487304688,7868418
2013-11-11,105.52759404755757,105.6057104549719,105.01987470423899,105.4885482788086,4984583
2013-11-12,105.13702564403994,105.99624375735596,104.70741036990422,105.64474487304688,7837390
2013-11-13,105.33228062592876,106.0352783203125,104.47306260334354,106.0352783203125,7176640
2013-11-14,106.03530474735294,106.23058331501235,104.90270397687702,105.4104232788086,6772045
2013-11-15,105.48856228493236,107.12888270884308,105.33232944936005,106.23060607910156,10787517
2013-11-18,106.54300960419023,107.40222772442456,105.87907002513946,106.30868530273438,8155370
2013-11-19,105.95719989327615,106.73830172241047,105.13703986394586,105.56664276123047,7453827
2013-11-20,105.4104131930002,106.11341099532741,104.98081033322023,105.29325103759766,6319624
2013-11-21,105.52757956150181,105.52757956150181,104.51214101425664,105.09797668457031,6335294
2013-11-22,104.94174197713778,105.80096004847374,104.90268378413279,105.76190185546875,4600540
2013-11-25,105.99623240138783,106.11339453862016,104.39495849609375,104.39495849609375,6747172
2013-11-26,104.35594943514059,105.25422607003256,104.35594943514059,104.59028625488281,7626808
2013-11-27,104.78553009033203,105.05891259350392,104.47307695604958,104.78553009033203,4738236
2013-11-29,104.47309766711814,104.94177124397521,104.00443652521932,104.1216049194336,4466600
2013-12-02,104.08254671553578,104.4340518981786,103.73105396785124,104.1216049194336,7230287
2013-12-03,103.88728423827814,103.88728423827814,102.87184545001782,103.73106384277344,6832807
2013-12-04,102.87181347050479,104.12158246350948,102.32503603873397,104.04347229003906,9378756
2013-12-05,104.00441367755585,104.04347187287334,102.91086503587663,103.30142211914062,5937563
2013-12-06,104.55117132386435,105.37133109556294,104.1996725024288,105.2151107788086,5289021
2013-12-09,105.17609724223392,106.73831350795218,104.98083108960779,106.19153594970703,6411268
2013-12-10,105.80099063954161,106.9726497237789,105.72287423094521,105.99626922607422,6440293
2013-12-11,105.87907979696963,105.95719619463479,103.6529303354271,103.80915069580078,8380162
2013-12-12,103.49670463420364,104.27781266016646,103.41859445335518,103.6529312133789,6460220
2013-12-13,103.84818946529161,105.2151267708732,103.53574878429384,104.82456970214844,8311783
2013-12-16,105.2151480361302,105.80098375762184,104.94176549374198,105.37136840820312,8379870
2013-12-17,105.8400252926882,105.99625809347215,105.21514382938075,105.56664276123047,7643835
2013-12-18,105.566650924821,107.28508751676225,104.82459480354154,107.05075073242188,11532503
2013-12-19,106.97202814954558,107.87757290808503,105.63340439770593,107.56259155273438,10586659
2013-12-20,107.36568126455138,108.15310284331547,106.38138862163876,107.72002410888672,16307944
2013-12-23,107.9956354510214,108.2318682294525,107.36569808929579,107.87752532958984,6239706
2013-12-24,107.79877844275458,108.90118137720535,107.7200425391899,108.7043228149414,3152822
2013-12-26,108.97995784582257,110.08236119061529,108.6649890431883,109.5705337524414,5167579
2013-12-27,109.6099079866639,110.00361272217032,109.29492664845682,109.5705337524414,3962639
2013-12-30,109.60990134847802,110.16109045192049,109.45240442112639,109.80674743652344,4972898
2013-12-31,109.84609052358681,110.59415057412059,109.57049605000516,110.35791778564453,6323859
2014-01-02,109.68858105186182,110.00354967397277,107.91686688303064,108.27120971679688,8649816
2014-01-03,108.3500045200693,108.6649732770048,107.91691307760476,108.19252014160156,5752981
2014-01-06,108.90120363550211,109.17679815765945,106.89325591846047,107.32634735107422,6125610
2014-01-07,108.19249514620684,108.23186936562001,107.1294664354597,107.4444351196289,5159796
2014-01-08,107.68067231286149,107.72004653388805,106.77512790709338,107.12947082519531,5397859
2014-01-09,107.60194027978989,107.72006296088297,106.02708401868351,107.16886138916016,6533502
2014-01-10,107.05074230482842,107.20823921824422,105.75149305371568,106.14521026611328,8102057
2014-01-13,106.22392723139752,106.69638028062197,105.04278834055208,105.2396469116211,7181982
2014-01-14,105.67275814378657,106.30270827149373,105.27905341648872,106.18458557128906,5205264
2014-01-15,106.8932439177117,107.8775368197057,106.34205493527823,107.64130401611328,6648663
2014-01-16,107.16888213629939,107.36574077399445,106.61768045786783,107.09013366699219,6812463
2014-01-17,105.83023896897248,105.98772334303544,103.4679482868869,104.64909362792969,20290427
2014-01-21,105.23965714045639,105.27903136561093,102.52302990612631,103.50731658935547,12506934
2014-01-22,103.54666332913536,103.58603754622179,102.32615661621094,102.32615661621094,10156273
2014-01-23,102.28678873066414,102.28678873066414,100.51508047556314,101.65684509277344,12112292
2014-01-24,100.672555113035,100.75129727670742,98.23152923583984,98.23152923583984,19949139
2014-01-27,99.45205617445542,99.5701725704832,98.0346844932595,98.7040023803711,12634072
2014-01-28,99.7276670021731,100.86943805325683,99.60955059420411,100.23949432373047,10521953
2014-01-29,99.76703512351801,100.47572103692615,99.05834921010988,99.57018280029297,8269216
2014-01-30,100.39700317382812,100.75134621636676,99.72769132360469,100.39700317382812,6279519
2014-01-31,99.25522299101628,99.92453478153907,98.74339559028876,98.94025421142578,8416177
2014-02-03,98.94024844734342,99.2552172085844,95.75116780252898,95.86927795410156,15743847
2014-02-04,96.57794350913164,97.56223008151848,96.06611624647009,96.73542785644531,9568409
2014-02-05,96.30236426544353,97.01105025434241,95.7511689267999,96.5385971069336,8400673
2014-02-06,97.64095987440501,98.82209859727466,96.93227413356985,98.23152923583984,9332287
2014-02-07,99.21584975415139,99.53081851700135,98.4284215792409,99.17647552490234,7244936
2014-02-10,99.96390444587728,99.96390444587728,98.15282151040212,98.62527465820312,6886767
2014-02-11,99.25521333955774,100.47572664346858,99.05835473756301,100.12138366699219,6799755
2014-02-12,100.67256059632943,100.90878710021313,99.80639048097207,99.96387481689453,5264106
2014-02-13,99.33393389631814,100.16073608398438,98.86148087575228,100.16073608398438,6751721
2014-02-14,100.27885958791902,101.7749735549423,99.9245166413139,101.34188842773438,5201612
2014-02-18,102.40493613446885,102.52304629324112,100.98756408691406,100.98756408691406,6096272
2014-02-19,101.10566851717218,101.46001148701768,99.88515523610103,100.00326538085938,7072205
2014-02-20,100.51956486646989,100.55927678470051,99.36781807702877,99.76496887207031,6734548
2014-02-21,99.7649352772634,100.0429439014495,99.05006408691406,99.05006408691406,7750962
2014-02-24,99.36780799013749,101.07556571928119,99.12951753730158,100.44012451171875,7934021
2014-02-25,100.79756521906761,101.19472232860787,99.96354540510816,100.36070251464844,6904712
2014-02-26,100.59901445062498,100.71815655086962,99.68555796182508,100.47986602783203,6214875
2014-02-27,100.12240787222593,101.51244514040444,99.88411739490743,101.27415466308594,4760292
2014-02-28,101.43301512723652,102.0287444826634,100.51956513492784,101.1550064086914,6142344
2014-03-03,100.12240774888126,100.12240774888126,98.97066728198722,99.76496887207031,7138455
2014-03-04,101.35357390701375,102.18759997162945,101.11528345535773,101.869873046875,7645045
2014-03-05,102.38618136176864,103.10105910334475,101.86988217564077,102.9819107055664,6286718
2014-03-06,103.49821935020888,104.37195748697415,103.33935902035111,104.1336669921875,7284623
2014-03-07,104.57050709261885,104.64993723554413,103.14075819741811,103.77619934082031,5693136
2014-03-10,103.7364967592446,103.77620867300548,102.62446201319825,103.41876983642578,4645548
2014-03-11,103.49822670393574,103.6570933676288,102.30676782279973,102.86278533935547,5188112
2014-03-12,101.98901160614244,102.58474083915023,101.79043308762458,102.30673217773438,4896068
2014-03-13,103.25993214517206,103.25993214517206,100.12241840160694,100.63871765136719,7901011
2014-03-14,100.2812766636527,100.79757590274075,99.6458353371121,99.72526550292969,6147456
2014-03-17,100.32098763399144,101.79045507889323,100.28126939268864,100.99614715576172,9517913
2014-03-18,101.35357390701375,102.18759997162945,101.15499536936052,101.869873046875,4963049
2014-03-19,101.83014576424439,102.06843617993664,99.72523128593258,100.400390625,7354671
2014-03-20,100.75785330164175,100.75785330164175,99.76496685033804,100.36070251464844,7451803
2014-03-21,102.0287379912113,102.5847553929256,100.63870080947225,100.87699127197266,11509571
2014-03-24,101.23444582462504,101.39331248013954,100.08270524934176,100.9167251586914,6499115
2014-03-25,101.59185611117199,102.10815520911872,100.8372665809143,102.06844329833984,6500763
2014-03-26,102.46560378695698,102.94219101955812,101.67129594765272,101.750732421875,6641735
2014-03-27,101.59189174416392,102.66420854949341,101.3138893035657,102.5053482055664,6183993
2014-03-28,102.86276297801223,103.33934389784348,102.38617573563435,102.78333282470703,6195470
2014-03-31,103.33934297639566,103.57763975673308,102.50532321285438,102.82304382324219,6695737
2014-04-01,102.58476150836805,103.22020910213044,102.26704087276039,102.74362182617188,5946035
2014-04-02,102.94218893601709,103.49819998649389,102.74361039957361,103.41876983642578,5509451
2014-04-03,103.85565863668232,104.29252770667613,103.45850781057321,104.17338562011719,4644693
2014-04-04,104.7294005230725,104.84854893644122,103.22022100732362,103.33936309814453,6915229
2014-04-07,103.06134299627631,103.4187818744622,102.22732316220727,102.66419219970703,6351444
2014-04-08,102.30675598680077,102.9422036004133,101.94931709930292,102.26704406738281,5616328
2014-04-09,102.70393819737095,103.1010891012741,101.63162127300922,103.06137084960938,5253590
2014-04-10,103.6173346455261,103.69676478507121,101.55213837226192,101.59185028076172,7573119
2014-04-11,101.31387411854263,102.30675428054664,100.99614715576172,100.99614715576172,7787248
2014-04-14,101.59185520354094,102.26702090620888,100.99612596681287,102.108154296875,5230533
2014-04-15,101.94929183312169,102.82302971434447,101.59185303420821,102.5450210571289,6319811
2014-04-16,103.29964218287779,104.05423187506318,102.82305489343888,103.73651123046875,6989471
2014-04-17,105.12656222667073,106.27830287460841,105.04713205517668,105.48400115966797,14535109
2014-04-21,105.76198684370019,106.07970747934273,105.48398444878649,105.6031265258789,5243950
2014-04-22,106.03997349344391,106.31798215304899,105.52367440669697,105.56339263916016,5800097
2014-04-23,105.52368491589822,105.88112375348157,104.8088072407315,104.9279556274414,6169533
2014-04-24,105.00739997812748,105.80170791100146,104.17338012601078,105.08683013916016,5337180
2014-04-25,105.52371199531197,106.43716211934223,105.4442818246375,105.64286041259766,7042387
2014-04-28,106.1194378536502,106.63573710687596,105.36484809644665,106.35773468017578,7212822
2014-04-29,106.55631249411017,106.75489107393558,105.60313783996735,106.2782974243164,5774974
2014-04-30,106.43717011366849,106.83432731941862,105.84144062759175,106.79460906982422,6085651
2014-05-01,106.15915571683269,106.556312877914,105.80171680087861,106.3180160522461,5379246
2014-05-02,106.31800253016108,106.71515964072987,105.8811335020636,105.96056365966797,4898030
2014-05-05,106.00026158352648,106.00026158352648,105.24566574709189,105.56339263916016,3461621
2014-05-06,105.28539085579366,105.36482100336191,104.01449584960938,104.01449584960938,5223688
2014-05-07,104.33226190631916,105.36486053466797,104.33226190631916,105.36486053466797,5074599
2014-05-08,105.16628375837934,105.64287115342928,104.45140582707876,105.0074234008789,4358304
2014-05-09,105.48397300202583,105.52368491589822,104.4910866395669,104.9279556274414,3638629
2014-05-12,105.56340149653754,106.67542990571765,105.28539281360594,106.63571166992188,4947545
2014-05-13,106.79457971999864,107.03287650697818,106.31799879113302,106.91373443603516,4274005
2014-05-14,106.87403316379262,107.07261174361803,105.92086483219754,106.2782974243164,4327986
2014-05-15,106.1194414366444,106.43716211934223,104.53083170060724,105.64286041259766,7049252
2014-05-16,105.20599006974906,105.96057984351596,104.72940272878454,105.92086791992188,6018002
2014-05-19,105.44425045242848,106.00026780426911,105.16624177650816,105.68254089355469,3782981
2014-05-20,105.6825856708467,105.72230392246928,103.85567886973364,104.45140838623047,4898781
2014-05-21,104.72938351065072,105.32511283562742,104.64995335549027,105.20597076416016,3639881
2014-05-22,104.92793872244519,105.52366791492375,104.49106980495488,105.2853775024414,3261117
2014-05-23,105.44423777742963,105.5633861449435,104.96765695246494,105.2853775024414,3095106
2014-05-27,105.44426674010263,105.76198737734832,105.04711594354553,105.52369689941406,3822230
2014-05-28,105.48398324318906,106.07970626693665,105.36483484491133,105.88113403320312,3798839
2014-05-29,106.0002816137085,106.19886016845703,105.44426418943137,106.19886016845703,3135085
2014-05-30,105.80170238884399,106.3974380493164,105.64284207507012,106.3974380493164,3950725
2014-06-02,106.07971891111664,106.6357364059579,105.68256807376416,106.55631256103516,3573025
2014-06-03,106.2385650904487,106.47686188365643,105.92085078544785,106.3974380493164,3889753
2014-06-04,106.19888632602104,106.19888632602104,105.40457823392993,105.44429016113281,4166940
2014-06-05,105.40456596234506,106.35773429737334,105.04712704639098,106.3180160522461,5225191
2014-06-06,106.39741474679802,108.18459604660995,106.27826005374378,107.9463119506836,7039591
2014-06-09,107.46974327538103,109.33637411318574,107.27117736463873,108.97893524169922,5901444
2014-06-10,108.46263489557528,109.05835791162451,108.18461986233764,108.85977935791016,4557681
2014-06-11,108.50234611504568,108.66121908232829,107.46974769827581,107.82718658447266,5158544
2014-06-12,107.62858310658282,107.86687985725125,106.79456344688069,107.07257843017578,5371505
2014-06-13,106.75490889634695,107.50949245154433,106.75490889634695,107.39035034179688,3992019
2014-06-16,107.03287784833121,107.11230168159075,106.23856364517388,106.5165786743164,5567334
2014-06-17,106.39743593394488,107.15201924809487,105.96056059593221,106.71515655517578,4444210
2014-06-18,106.75490346532678,106.99318767269929,106.0003073034209,106.79460906982422,5474730
2014-06-19,106.75454522991002,108.0359176152886,106.75454522991002,107.83570098876953,6594807
2014-06-20,108.1960585513264,108.2761502796246,107.59542158668823,107.99584197998047,10382650
2014-06-23,108.31619735078712,108.35623046598273,106.5142609379937,106.83460235595703,6519522
2014-06-24,106.75452264828682,107.63547434368401,106.15387927048438,106.4341812133789,5512623
2014-06-25,105.993734699964,106.15390545692948,105.4731765524753,105.79351806640625,5479717
2014-06-26,105.95366269655615,105.95366269655615,104.9125466583046,105.27293395996094,4832405
2014-06-27,105.27294555193839,105.83354949951172,105.03268944927878,105.83354949951172,7335558
2014-06-30,105.87357650762043,105.91362237402389,104.9926311937462,105.2328872680664,6189147
2014-07-01,105.19285139089736,106.11383622812086,105.1528055231179,105.71340942382812,5855997
2014-07-02,105.5131975473028,106.71448438853943,105.47315805243525,106.55431365966797,4441185
2014-07-03,107.35518042267434,107.6755219005408,107.23505555582494,107.5553970336914,4280473
2014-07-07,107.31514583128208,107.47531658705205,106.83463356397216,107.11492919921875,5271430
2014-07-08,106.59436124050254,106.71448610173428,105.51319924121218,105.5932846069336,6073235
2014-07-09,105.83354673302365,105.83354673302365,105.15281156456447,105.39307403564453,7891705
2014-07-10,104.63227275004203,105.27296216628318,104.51214786710439,104.9125747680664,6935615
2014-07-11,104.87252215499247,106.31407165527344,104.5922265296725,106.31407165527344,7395026
2014-07-14,106.63441586616291,107.55540726468811,106.59437636497147,106.75454711914062,5273684
2014-07-15,107.11491121071809,107.31512780915776,106.31405756636077,106.55431365966797,8646999
2014-07-16,106.87465617525694,108.7166258403442,106.75452494722936,108.1960678100586,9803717
2014-07-17,107.79565274517347,108.03590246378,106.51427416480044,106.55431365966797,7835032
2014-07-18,107.1950225125387,107.23506838941512,105.1127899078088,105.95368957519531,11560506
2014-07-21,105.43311201904157,105.43311201904157,102.99049247079552,104.03160858154297,12382634
2014-07-22,104.39200433401507,104.5121355775284,103.51105888078705,104.19178771972656,7206062
2014-07-23,104.39200925636658,104.47209463091798,103.7513198852539,103.7513198852539,6689874
2014-07-24,103.91147656725849,104.43204099342297,103.71126634533434,103.8714370727539,4592820
2014-07-25,103.99158008864418,104.0716654614282,103.03054924053467,103.27080535888672,5140203
2014-07-28,102.79030462056723,103.03056715539724,101.86931948606032,102.46996307373047,6881717
2014-07-29,102.38986617511154,102.99050969525005,101.90934753417969,101.90934753417969,4700927
2014-07-30,102.42991112442421,103.27081719710372,101.70913631204235,102.67017364501953,5391453
2014-07-31,102.22969615500516,102.34982103507585,100.70806121826172,100.70806121826172,7928158
2014-08-01,100.38770957531317,101.54895063056188,99.10633090271295,101.5089111328125,8387966
2014-08-04,101.42884716471309,101.78923459400701,100.5078556510281,101.18859100341797,5928153
2014-08-05,100.50781854193472,101.2686390005159,99.90717517311282,100.1874771118164,5778751
2014-08-06,100.62796801342358,102.38985894797531,100.46779726931912,101.86930084228516,9853566
2014-08-07,102.5500538309716,102.91044127738762,101.78923943003933,102.10958099365234,7546786
2014-08-08,101.94936892244819,102.79026837372022,101.30867967999795,102.75022888183594,4784517
2014-08-11,103.4710156034961,104.11170496046954,102.990503366792,103.27080535888672,5816059
2014-08-12,103.5110490432148,103.55109491214705,102.46993294738293,102.55001831054688,4544723
2014-08-13,102.99051172366666,103.79137189119167,102.91042634438433,103.43098449707031,4146137
2014-08-14,103.67122693596433,103.9114830420642,103.03054398636462,103.63118743896484,4866438
2014-08-15,103.9115002528191,103.99159200948557,102.14961547489976,102.67017364501953,5877573
2014-08-18,103.59116853838022,104.39202880859375,103.51108314882913,104.39202880859375,5594210
2014-08-19,104.67229987025661,104.75238523609774,104.3119125366211,104.3119125366211,3367222
2014-08-20,104.43206669009548,105.71343919944854,104.15176466078951,105.55326843261719,6021028
2014-08-21,105.79350362838466,105.91363486706491,105.31298504836454,105.83354949951172,4629168
2014-08-22,105.47319259956473,105.5933174982142,104.5522010448374,104.71237182617188,4754241
2014-08-25,104.71235813023443,105.27296216628318,104.19179997163286,104.9125747680664,4560560
2014-08-26,104.99264824123286,105.23290435456305,104.15174865722656,104.15174865722656,5490651
2014-08-27,104.31190648003987,104.9125498763241,104.19177525090285,104.63224792480469,4418733
2014-08-28,104.23183402833664,104.47209014166683,103.95153204210081,104.15174865722656,2804189
2014-08-29,104.23182517967153,104.47208127260541,103.7112671242978,104.03160858154297,4572621
2014-09-02,103.67124865181,104.23185272483956,103.1907363389581,103.51107788085938,5086910
2014-09-03,104.03161500588426,104.11170037514113,103.39092567712831,103.91148376464844,4165354
2014-09-04,104.0716540605149,104.63225160859028,103.67122086576043,103.95152282714844,5611299
2014-09-05,103.71128583380506,104.51214599609375,103.31085256530983,104.51214599609375,4390584
2014-09-08,104.67232402405779,105.19288220949768,104.35197611207016,104.43206787109375,4252471
2014-09-09,104.39204041454876,104.55221121145819,103.51109465684357,103.71131134033203,4520956
2014-09-10,104.07166087786321,104.23183161637694,103.51105691836412,103.91148376464844,3987533
2014-09-11,103.75131499311254,104.47208970479024,103.43097351001187,104.19178771972656,4711799
2014-09-12,103.99158162098672,103.99158162098672,103.3108463802398,103.59114837646484,5134131
2014-09-15,103.4309868043822,103.91149909079525,103.11064528010682,103.79137420654297,3202379
2014-09-16,103.79136633112762,105.19286995554293,103.63119558114327,104.9526138305664,5734639
2014-09-17,105.39308772074757,105.71342922418242,104.51214221160015,105.19287109375,6178651
2014-09-18,105.75821347110364,106.44469780850615,105.51592828477607,105.83898162841797,6593346
2014-09-19,106.40429533731843,106.60620283862656,106.00048676323952,106.1620101928711,7980532
2014-09-22,105.75819684428224,106.08125013713519,105.11210311565128,105.31401062011719,4800417
2014-09-23,104.95056933129868,105.55628535641185,104.91018526297395,105.07170867919922,4524796
2014-09-24,105.03135870496723,105.03135870496723,103.73915817772217,104.70830535888672,7106968
2014-09-25,104.50639087331514,104.50639087331514,103.0930511471626,103.17381286621094,6403193
2014-09-26,103.29496441254065,103.77954121251665,102.68924823397447,103.49687194824219,6036991
2014-09-29,102.40655031145766,103.05265038776987,102.16426519354184,102.64884185791016,6415858
2014-09-30,102.40655917858116,103.7795211560588,102.28541982340242,103.45647430419922,8513580
2014-10-01,102.68921535898744,102.85073876442308,101.27587591862088,101.59892272949219,8780751
2014-10-02,101.72010824908881,101.96239345192504,100.9932462120412,101.43743896484375,5946682
2014-10-03,102.12392128967393,102.68925341822512,101.55858273258397,102.56810760498047,4519224
2014-10-06,103.37570360734955,103.4968493880709,101.23550862387755,101.84122467041016,6362650
2014-10-07,101.35665481158748,101.72008574972436,100.14522263682288,100.18560028076172,6674099
2014-10-08,100.75092456289423,101.96235656738281,99.57987019666908,101.96235656738281,7703408
2014-10-09,101.88160901352666,102.20466230718874,99.86255324942292,100.06446075439453,7097161
2014-10-10,100.10485319107214,100.42790653247282,97.76275021574394,98.00503540039062,9981831
2014-10-13,97.88386999942395,98.24730091791166,96.5109144660589,96.71282196044922,8149256
2014-10-14,97.6415893434863,99.49912166291212,97.11663497681407,97.31854248046875,8815222
2014-10-15,96.34937867564983,98.52995747816468,95.66290099707578,98.0453872680664,13695870
2014-10-16,96.87436931475533,98.97418720379936,96.7532235024879,97.92427825927734,10787392
2014-10-17,100.95282147587929,101.9623458978019,99.7413831696219,100.22595977783203,10983513
2014-10-20,100.58940436352698,101.43740550802941,99.78178085857682,101.073974609375,7067072
2014-10-21,102.04317905728675,103.09308821091344,101.47784039216161,102.77003479003906,6611375
2014-10-22,102.3258165774697,102.89115510235199,101.55857694673378,101.72010040283203,6265851
2014-10-23,102.6488372966402,103.73912349308218,102.56806916572057,102.72959899902344,6460283
2014-10-24,102.72960792278823,103.5776090857434,102.60846214442168,103.5372314453125,4290906
2014-10-27,103.61801950734598,103.77954296722287,102.4873424311306,103.05268096923828,4128275
2014-10-28,103.29493967824011,104.50637817382812,103.21417796900583,104.50637817382812,5964981
2014-10-29,104.50635838956916,104.58712008351432,102.52768081657352,103.61797332763672,6015665
2014-10-30,102.64885394329993,103.86028610404404,102.24503893736029,103.65837860107422,5461480
2014-10-31,104.4256471707481,104.70831002191608,103.65840106460989,104.22373962402344,8336363
2014-11-03,102.93152565735754,104.34486544360777,102.8911480103853,103.77953338623047,7325500
2014-11-04,103.90067918422315,104.18334199864283,103.33534069830787,103.77953338623047,4706144
2014-11-05,104.58714477227527,104.58714477227527,103.65837542985781,104.26409149169922,6590738
2014-11-06,104.54676289339173,106.56581861803961,104.4660011786888,106.4446792602539,8392139
2014-11-07,106.16201325426069,107.05039857138996,105.83896638568187,106.6465835571289,5506759
2014-11-10,106.64658628248893,107.13116302627807,106.52544691794492,106.88887786865234,3396560
2014-11-11,106.88888262704259,107.01002199697939,105.96011317199125,106.52545166015625,3957089
2014-11-12,106.08126498833548,107.41384313300173,106.08126498833548,107.09078979492188,5864156
2014-11-13,106.88888109015288,107.69650473511712,106.48506605340181,106.68697357177734,5305463
2014-11-14,106.72735611693996,107.05040299887965,106.52544860145876,106.84849548339844,3535550
2014-11-17,106.88885357984262,107.73685465310659,106.68694611343263,107.45418548583984,5135904
2014-11-18,107.81765043626687,109.23099671937433,107.77727278734281,109.06947326660156,7673361
2014-11-19,108.98869460013789,109.02907867370533,108.10030926703068,108.7060317993164,7039299
2014-11-20,108.22141713296392,108.90789475551085,108.0195096809669,108.42332458496094,4423094
2014-11-21,109.39250825377906,109.43287946976636,108.46373885871807,108.98869323730469,7549707
2014-11-24,109.06947495943679,109.39252186999624,108.26184482596138,109.02909088134766,5008620
2014-11-25,109.06943698884442,109.1501922598324,108.38294647154913,108.46371459960938,5848381
2014-11-26,108.58484461952902,108.90789138991245,108.14065852451958,108.50408935546875,4025029
2014-11-28,108.22145253686966,108.62526757296902,106.76773512111048,106.96964263916016,6507169
2014-12-01,105.6370470645245,105.87933218886239,104.3852309459734,105.07170867919922,10217577
2014-12-02,105.27363281463653,105.79858721466789,105.11210937286347,105.19287109375,5265108
2014-12-03,105.63706628077583,106.88888262704259,105.35439703669333,106.52545166015625,7169817
2014-12-04,106.0408708372052,106.12163255691877,104.66791517353697,105.3543930053711,6173706
2014-12-05,105.55629592228128,105.59667356611087,104.70828825941035,105.03134155273438,4671777
2014-12-08,104.50642776315156,105.35442932676499,103.4161345283286,103.73918151855469,7851516
2014-12-09,102.81037448392378,103.73913740010704,102.04313499416045,103.2949447631836,6783438
2014-12-10,103.45647624285556,103.49685388582603,101.55855988127269,102.04313659667969,9454521
2014-12-11,102.245013370813,103.73911437640477,102.20463573743798,102.60844421386719,8534363
2014-12-12,102.36617626359137,102.44693797239631,100.38749832652805,100.5086441040039,10651052
2014-12-15,101.03361911843159,101.07399676683546,98.57037042403499,99.29722595214844,13265484
2014-12-16,99.09533253107094,101.67972722799735,98.52999398130811,98.89342498779297,10096741
2014-12-17,99.37797107903467,99.82216367978198,97.1570080752981,99.57987213134766,16189945
2014-12-18,102.43316494958971,102.51468699845371,100.59890262750194,102.47392272949219,10859756
2014-12-19,102.39241756164019,104.75657683564262,101.90328518781493,104.43048858642578,18093862
2014-12-22,104.55277419268643,105.04191308250687,104.18592164758621,104.7973403930664,7352856
2014-12-23,104.71582598538278,105.97942784669226,104.34897341345028,105.49029541015625,6551927
2014-12-24,105.53104997543895,105.73485839562808,104.75658706340529,105.28648376464844,3727769
2014-12-26,105.32722302812272,105.57179568495349,104.91961274850412,105.08265686035156,3125445
2014-12-29,104.756591796875,105.36801059600884,104.67506972292789,104.756591796875,4352316
2014-12-30,104.38972106044982,104.75657357392645,103.61525824814356,104.22667694091797,4629064
2014-12-31,103.61527929057557,104.02288967218367,103.00386047363281,103.00386047363281,5885627
2015-01-02,103.28916538298925,103.77830423946706,101.37338721034628,102.1478500366211,8538620
2015-01-05,101.94403909567782,101.94403909567782,99.94673891162763,100.2728271484375,8770735
2015-01-06,99.70217786630178,100.15055248870806,97.5418333120357,98.11248779296875,13304295
2015-01-07,98.68314833677172,99.41685344100614,97.74563481712538,98.15325164794922,9106535
2015-01-08,99.13153396917477,99.37610020140012,98.35707098926385,99.33534240722656,9019294
2015-01-09,99.94673126393309,99.9874890458857,97.62333653179401,97.94942474365234,9000055
2015-01-12,98.11246556874748,98.3977959891119,96.88962832611044,97.74561309814453,8945573
2015-01-13,98.88693903846072,99.17226298205429,96.318971633643,97.25648498535156,8591202
2015-01-14,96.40050912466246,97.21573628176492,95.42223783395163,96.93041229248047,8732675
2015-01-15,97.25650406407631,97.70487869218563,96.03366652889119,96.11518859863281,6568703
2015-01-16,95.82984134351591,96.400495731865,95.58527517708059,96.15592956542969,10390099
2015-01-20,97.17495572165558,97.2972355486775,95.99287629640347,97.21571350097656,9298421
2015-01-21,97.13421243804608,98.15324798804764,96.64508004616879,97.99020385742188,7849930
2015-01-22,99.04997450024703,99.29454064014828,97.66408672935553,98.96845245361328,9834098
2015-01-23,99.57987540682032,101.45489553958986,99.00921456634558,99.78368377685547,13299850
2015-01-26,100.7619894232668,100.8435115014259,99.45762319459857,100.23208618164062,8174317
2015-01-27,99.41684001783157,99.70216397401134,98.64237073945868,99.3760757446289,8012228
2015-01-28,99.74294153470731,99.82446360291308,97.05269381673527,97.17498016357422,10360866
2015-01-29,97.17498033865687,98.64238405806509,96.93041413359892,98.15325164794922,8437544
2015-01-30,97.33801876303883,98.27552573860658,97.09345257233338,97.37877655029297,11416362
2015-02-02,97.82713707894781,98.72388613832761,97.41952681971122,98.6831283569336,8263540
2015-02-03,99.00921497794566,99.98748607349839,98.88693514666356,99.742919921875,7871527
2015-02-04,99.49838289262027,99.57990496702224,98.153258931396,98.4793472290039,6935093
2015-02-05,98.84615341331694,99.86518859863281,98.80538915071877,99.86518859863281,5351640
2015-02-06,100.02826889182988,100.8842538257691,99.74293841749667,99.94674682617188,5732365
2015-02-09,99.74291901236519,100.88423419859306,99.66139696256742,100.43585968017578,5693136
2015-02-10,100.96576478782691,101.0880511173958,100.06901567514751,100.761962890625,5649693
2015-02-11,100.7212083424417,101.16958294207222,100.27283374281116,100.96577453613281,5102894
2015-02-12,101.12880033133476,101.86250526845298,100.72119008241303,101.45489501953125,5534199
2015-02-13,101.86253403056516,102.59623917485386,101.65873209308793,102.51471710205078,6901749
2015-02-17,102.39242876003661,102.75928132505733,101.82177426149612,102.59623718261719,7509644
2015-02-18,103.08536812376931,103.08536812376931,102.51470718031736,102.92231750488281,6414440
2015-02-19,102.96345127640305,103.70390102660951,102.6343654090721,102.88117980957031,6934446
2015-02-20,102.34641414400751,103.74504220687595,102.01732826978528,103.70390319824219,8323489
2015-02-23,103.74503434715461,104.0741201964453,103.2513990245071,103.53935241699219,6421471
2015-02-24,103.3336614699935,104.69115030293115,103.21025756163338,104.4443359375,8860648
2015-02-25,104.69116300450095,107.20045906259978,104.65003054629418,106.58341979980469,14234844
2015-02-26,106.70682633876744,106.994779730448,106.17205856080847,106.50114440917969,7980741
2015-02-27,106.25431270653654,108.0642976750263,105.92522691179673,106.91249084472656,10752733
2015-03-02,106.46004829465373,107.44731272550041,106.33663778503026,107.40617370605469,6762530
2015-03-03,107.15932110557584,107.2827315712868,106.04864656031127,106.37773895263672,6373020
2015-03-04,105.96637285978834,106.00751186372631,104.77342687883338,105.55501556396484,6581995
2015-03-05,105.3904887131006,106.21320343017578,105.22593922097333,106.21320343017578,5920536
2015-03-06,105.76071157666635,106.04866501429237,104.19754699877514,104.5677719116211,6737031
2015-03-09,104.97911248172782,105.71956218888192,104.85570201429833,105.47274780273438,6591865
2015-03-10,104.89684136838353,105.47274815335372,103.53935241699219,103.53935241699219,7812747
2015-03-11,103.99185267646021,104.85570633795277,103.41594586965735,103.62162780761719,7553171
2015-03-12,103.9507200122515,104.52662026920223,103.5393561371464,104.48548126220703,6128301
2015-03-13,103.99188788132,104.32097385449337,102.05849141714157,103.00462341308594,9453853
2015-03-16,103.08686624256299,104.81458021875162,102.67550889047624,104.69116973876953,7221878
2015-03-17,104.07414876395232,104.44437372038384,103.21029489808765,104.11528778076172,7148555
2015-03-18,103.58049107818027,106.33660142860651,103.29253768665241,105.47274780273438,7992342
2015-03-19,104.65001365452584,105.34932426956904,103.9095640392045,104.19751739501953,7994846
2015-03-20,104.23866686637099,105.02025560958599,104.07412393581365,104.48548126220703,10565104
2015-03-23,104.81456887571815,105.8841044241107,104.69115840909154,104.77342987060547,6673953
2015-03-24,104.40321919552815,104.8145831076651,103.95072937011719,103.95072937011719,5383753
2015-03-25,103.7861526224514,104.19751642656682,102.46980285644531,102.46980285644531,7281764
2015-03-26,102.01731872558594,102.51095403944936,101.48255095564886,102.01731872558594,6782436
2015-03-27,102.51097350501111,102.51097350501111,101.6471131788916,102.26415252685547,5909436
2015-03-30,102.75778650127837,103.66277927866003,102.71664748925534,103.33368682861328,5692594
2015-03-31,103.21026231397323,103.21026231397323,102.0584487915039,102.0584487915039,7290841
2015-04-01,101.68824829625319,102.510969578261,101.07120242321307,102.18187713623047,8085552
2015-04-02,102.05847203205884,102.84006089296079,101.60597563053608,102.59324645996094,6095667
2015-04-06,102.42868410148952,104.52662289048646,101.97618775675339,103.58049774169922,6978724
2015-04-07,103.53936444775002,103.99186081745829,102.84005366239514,102.92232513427734,4436490
2015-04-08,103.04572274323579,103.33367615150628,102.30527954174117,102.88117980957031,4682210
2015-04-09,103.21025795168228,106.25432144963645,102.51094730596245,105.84296417236328,12551004
2015-04-10,111.602007183414,117.97808110400779,111.06723943980118,117.27877044677734,73595516
2015-04-13,115.42765742954404,115.96242516405464,113.12403048326284,113.65879821777344,32130811
2015-04-14,113.04176346436363,114.52266273146734,112.63039964629668,114.07015991210938,11638587
2015-04-15,113.90565025136125,114.56382207443949,112.83611449014639,112.95951843261719,11772736
2015-04-16,112.34243401200628,113.12400941849461,111.80766637707453,112.2190170288086,13012815
2015-04-17,112.71268787291567,113.94676634163672,110.73815970347744,112.09564208984375,18319384
2015-04-20,112.38356860194328,112.87721037807881,111.10836445628438,111.14949035644531,12871738
2015-04-21,111.19064886801593,111.31405278499702,109.21612070920487,109.50407409667969,16040335
2015-04-22,109.83318402073618,111.14953423231101,109.42182662609179,110.6970443725586,9818824
2015-04-23,110.16224087429202,111.35518020748945,109.87428096805722,110.45018768310547,7963756
2015-04-24,110.57361339802259,110.8204212257625,109.83315717124682,110.24451446533203,5782861
2015-04-27,110.90269421882604,111.06723712902031,110.28564848253116,110.5736083984375,7557261
2015-04-28,110.86157940251098,111.72543314384491,109.58636174723723,111.5608901977539,8018175
2015-04-29,110.8616006589402,112.09567953995538,110.65591866253314,111.43750762939453,7752631
2015-04-30,111.31404615301433,112.50699863663992,110.94382132670597,111.39632415771484,8969340
2015-05-01,111.43746046025926,112.38357890686163,111.0260966415668,112.34245300292969,5905826
2015-05-04,112.54814232218237,113.57653883919912,112.09563947234462,112.17791748046875,5467301
2015-05-05,112.09567245131042,112.54817543427625,110.45022968153472,110.73818969726562,6332331
2015-05-06,111.06726388359124,111.80771370654051,109.46295375096366,110.28567504882812,5792668
2015-05-07,110.16226819969613,111.56088978500743,109.66863281453712,111.23180389404297,6476496
2015-05-08,112.09564623176283,113.08291690167286,111.9722423095578,112.54814910888672,7766716
2015-05-11,112.09567245131042,112.30135443471067,110.49136869770004,110.73818969726562,6771794
2015-05-12,110.32680488025213,111.43747952225583,110.0388449189416,111.19065856933594,6216002
2015-05-13,111.14950265772852,112.05449521757494,110.7381519286506,111.93109130859375,7756053
2015-05-14,112.38357463520977,112.83607743805636,111.68426402846606,112.75379943847656,5628889
2015-05-15,112.63040723288401,112.87722815983393,112.09563947234462,112.17791748046875,7463572
2015-05-18,111.93108918423722,112.67153881891501,111.93108918423722,112.34245300292969,4692706
2015-05-19,112.17793315932161,112.67156198479232,111.9311121978741,112.50701904296875,6082667
2015-05-20,112.46588018719041,113.94677976305509,111.88997334130698,113.69995880126953,8382707
2015-05-21,113.86450216232605,114.31700507769402,113.32973432434306,114.02904510498047,8411398
2015-05-22,113.90561043446506,114.27583522988698,113.6176636368795,113.86447143554688,4859594
2015-05-26,113.20633697509766,113.45315795214509,112.63043009360375,113.20633697509766,9904188
2015-05-27,113.412018939733,113.61770090436833,112.95951599805022,113.20633697509766,5284743
2015-05-28,113.12403048326284,113.65879821777344,112.30131592917803,113.65879821777344,5512498
2015-05-29,113.12403598936135,113.12403598936135,112.17791748046875,112.17791748046875,8693071
2015-06-01,112.13675213742954,112.46583789778457,111.3551636335218,112.2190170288086,6953122
2015-06-02,111.97230701691667,112.79502213609214,111.68434690213212,112.42479705810547,5493092
2015-06-03,112.83611834760502,113.37088624649422,112.54817143952079,113.24748229980469,5489128
2015-06-04,112.79496681648936,113.61769462959384,111.93111309066919,112.13679504394531,6961072
2015-06-05,112.13678894480981,112.63041774736931,111.72542506063171,112.26019287109375,6395013
2015-06-08,112.38358259191274,112.54813860272282,111.93109285445124,112.05449676513672,6220801
2015-06-09,112.21911500395389,113.00070419024372,111.76662496276509,112.42479705810547,6492291
2015-06-10,112.5481368441144,113.86448013065011,112.38358083587558,113.65879821777344,6922511
2015-06-11,113.41202025970529,113.699967155091,112.54816647612283,113.16519927978516,6549569
2015-06-12,112.87724414684318,113.04178708897346,112.21905928089764,112.67156219482422,4626164
2015-06-15,112.67154095732462,112.67154095732462,111.51972748209396,111.93109130859375,5946598
2015-06-16,111.76656232381703,112.05450917979252,111.06725159008498,111.97224426269531,5752709
2015-06-17,111.84881854539469,112.71268524100815,111.51973270774313,112.17791748046875,7626245
2015-06-18,112.34385717995316,113.71288617246672,112.1364257428512,113.54694366455078,7862534
2015-06-19,113.13208090889846,113.58841945065828,112.75870700708286,113.00761413574219,12575563
2015-06-22,113.25658971048888,114.08630255873007,113.21510076586856,113.7544174194336,5739188
2015-06-23,113.75438467356015,114.50113262643136,113.62993108435803,114.293701171875,6783792
2015-06-24,114.29370861239494,114.45965114507703,113.04913301286413,113.09062194824219,6772483
2015-06-25,113.17358794711231,113.46399728935923,112.09495486752148,112.17793273925781,4870611
2015-06-26,112.17794448433375,112.55131852857917,111.63862788807168,112.3853759765625,5378766
2015-06-29,111.59712672674571,111.8875228587654,110.06214838206483,110.51849365234375,6963534
2015-06-30,111.2652236958227,111.84602907492402,110.06213061306367,110.22807312011719,7419565
2015-07-01,110.64295988519544,111.47267920405255,109.81324056633832,110.60147094726562,6349045
2015-07-02,110.76743533176634,111.30675860912275,110.35257889274229,111.09932708740234,5425694
2015-07-06,110.06213500974599,110.5184802245799,108.69309936524421,109.14944458007812,5812929
2015-07-07,109.43982801204452,110.14508687322648,107.5729585507827,109.81320190429688,6812212
2015-07-08,108.23675500703,108.85904274047137,107.36555350109495,107.40703582763672,6683593
2015-07-09,108.56865316513368,109.52283264836028,107.90488302488751,107.94636535644531,6345706
2015-07-10,109.48133280460881,109.68876425497662,108.02932586086307,108.98350524902344,5291629
2015-07-13,109.89617314652928,110.06211563099407,108.85902271200459,109.81320190429688,5075622
2015-07-14,109.31540633325787,110.89187369952793,109.31540633325787,110.60147094726562,4652038
2015-07-15,110.39403119612228,111.14078579200651,110.35254886571563,111.05780792236328,5826910
2015-07-16,111.92901233287907,112.17793273925781,111.34820685721547,112.17793273925781,6392447
2015-07-17,113.09059198451303,113.38098803755777,112.13641276778134,113.00761413574219,8595000
2015-07-20,112.50981845347161,112.88319246076486,112.05347978279671,112.5927963256836,5151158
2015-07-21,112.05345452727961,112.6342466665385,111.18223990073655,111.3896713256836,6110106
2015-07-22,111.51416235515208,111.84604742370615,110.22809120346726,110.47700500488281,5035726
2015-07-23,110.26953907262315,110.35251030886148,108.69307237526935,108.94198608398438,4841211
2015-07-24,109.1494646253803,109.19095356362752,106.4943641056087,106.82625579833984,6494441
2015-07-27,105.9550242143479,107.78040500715136,105.87205296053084,107.65594482421875,7569635
2015-07-28,108.27825927734375,108.85905816210851,107.65596485133001,108.27825927734375,5792105
2015-07-29,108.23672727375215,109.02495732022273,108.07078480127548,108.94198608398438,5005365
2015-07-30,108.8175435731137,108.85902589323558,107.90485327747226,108.36119842529297,4615376
2015-07-31,108.8175758296901,109.06648963744642,108.07082780200584,108.27825927734375,4840439
2015-08-03,108.36120139659307,108.40268371785241,106.20392916311535,107.32405090332031,6798273
2015-08-04,107.40704317069961,108.11230220985509,107.15812938118852,107.44853210449219,4587478
2015-08-05,108.23677034051006,109.23243217595065,107.98785653275374,108.27825927734375,5314916
2015-08-06,108.48565861406195,108.61011879085363,107.69742843948454,107.98783111572266,3609479
2015-08-07,107.65595760936537,108.11230286176148,106.24543952254912,106.9921875,5407728
2015-08-10,107.44852889979349,109.10796071812227,107.44852889979349,108.85904693603516,4899219
2015-08-11,107.98785470286457,107.98785470286457,106.36990507324221,106.6603012084961,5891637
2015-08-12,105.95503931434249,107.36556403907908,105.16680898854011,107.2825927734375,6567598
2015-08-13,106.90921623632933,107.49001508202403,106.28692845659188,106.9921875,3425960
2015-08-14,106.41139078541602,108.27826088229835,106.28693718190078,108.1952896118164,4337313
2015-08-17,107.65595662574817,108.85904984460291,107.03366885169636,108.7345962524414,4011257
2015-08-18,108.56865731787755,108.7346064637018,107.61448440256906,108.15380096435547,4246023
2015-08-19,107.44851453909601,107.98783096374476,106.28691044019207,106.74325561523438,6082479
2015-08-20,105.83058228566718,106.36989879705311,104.46154654036103,104.5030288696289,7229265
2015-08-21,103.29993470990664,104.25411413177439,101.88941664817226,102.01387023925781,13584299
2015-08-24,94.75384352046625,99.73215931245812,80.35823251120667,99.02689361572266,19037599
2015-08-25,102.59469303557172,102.63618197589564,96.53775024414062,96.53775024414062,12682065
2015-08-26,98.94389705487465,99.85658738966876,96.53771764777163,99.60767364501953,16477190
2015-08-27,101.3500992015276,103.75627899169922,101.14266774575627,103.75627899169922,13540959
2015-08-28,103.38288515679176,104.4200289613636,102.8020798710542,104.3785400390625,6873851
2015-08-31,103.63184014474248,103.63184014474248,101.97240147132455,102.96806335449219,7721916
2015-09-01,100.5618484796545,101.0596825841485,98.23864027045249,99.068359375,13634816
2015-09-02,100.1470234937118,101.97240477268521,98.86095881039728,101.93091583251953,10533429
2015-09-03,102.7191114974994,103.50734160350109,101.18413360454183,101.68196105957031,7003701
2015-09-04,100.312986644317,100.312986644317,98.94395040396213,99.56623840332031,7434296
2015-09-08,101.6819811764502,103.63182227210348,100.6863194649972,103.5488510131836,9642859
2015-09-09,104.54450446675956,104.62747571912561,101.55751956833984,101.84791564941406,7222045
2015-09-10,101.88941760039847,103.13399314937372,101.64050381148638,102.38724517822266,7312166
2015-09-11,102.6361532772852,103.54884366505111,101.64049163648731,103.50735473632812,6656947
2015-09-14,103.5903393590072,103.63182829308487,102.05536107318595,102.7606201171875,5474792
2015-09-15,103.29995003400471,105.58167659389578,102.47023068455199,104.95938873291016,9668295
2015-09-16,105.9135509651377,107.98784569713395,105.45720572783365,107.57298278808594,12841086
2015-09-17,106.73581263487243,108.53566895890536,105.77310080168598,106.10795593261719,10191912
2015-09-18,105.27083340797408,105.52197480857657,103.429116476516,103.80583190917969,16248371
2015-09-21,104.18253166890564,105.4801053720949,103.97324386812832,105.0196762084961,6180342
2015-09-22,103.63842231888573,105.3127052773763,102.96870513737689,105.10342407226562,9223908
2015-09-23,104.68481517462209,106.02424911335534,104.55924782403511,105.22895812988281,8594791
2015-09-24,104.09884587829181,106.52655969886165,103.17798730343274,104.26627349853516,11109065
2015-09-25,104.642991234041,104.81041885789745,104.05698788702267,104.30813598632812,8127409
2015-09-28,103.34541272159396,103.55470057419898,101.75483703613281,101.75483703613281,8897623
2015-09-29,101.83857467914287,102.96872135148895,101.54557961314684,102.84314727783203,8677797
2015-09-30,103.51282289714723,105.6475413088812,103.3453953086817,105.56382751464844,9130698
2015-10-01,105.2708277187054,105.94054474763769,103.76396606948767,105.4382553100586,8288809
2015-10-02,104.09882524740817,106.6939661739019,103.93139766034656,106.6102523803711,8904905
2015-10-05,110.37743915982395,113.85158615431028,109.74958215237147,112.26101684570312,21997846
2015-10-06,112.97258043811075,114.73057728092921,112.84701304277876,114.2282943725586,15004766
2015-10-07,115.10728789617866,116.23743438720703,114.35385690215976,116.23743438720703,13703048
2015-10-08,115.65143210796646,118.03729250241166,114.81429395510942,117.32572174072266,10665700
2015-10-09,117.11638007045649,117.91167094561584,116.73966474296374,117.49309539794922,9875476
2015-10-12,117.116422585522,117.91171374938429,116.82342759201529,117.57685852050781,5266548
2015-10-13,117.07457392332593,118.37214791106429,116.65599822998047,116.65599822998047,9014870
2015-10-14,116.11185167636867,116.53042735715785,115.02356556794902,115.52584838867188,8160336
2015-10-15,116.36300286965546,117.91172511124364,115.69329234736983,117.32572174072266,16062516
2015-10-16,119.75339476812941,122.18111443686887,118.12096602372792,121.30211639404297,29634440
2015-10-19,120.54871634113009,123.72985419319019,120.33942850114504,121.343994140625,27342329
2015-10-20,120.63246214510592,121.38589327972007,120.13017916437799,120.46503448486328,15681999
2015-10-21,120.50683232285957,122.39040918391647,120.46497209771661,120.75798034667969,13647356
2015-10-22,121.17655266176885,124.48327083549145,121.00912507435594,123.81356048583984,17001036
2015-10-23,124.3159060613518,124.86004932714344,123.14391235728655,123.52061462402344,16039271
2015-10-26,123.56241522197962,124.14841845463218,123.10199267799197,123.68799591064453,10173821
2015-10-27,123.10202956040739,124.06474849341544,122.34859851083961,123.31131744384766,14106851
2015-10-28,122.76710722100276,123.81353273959222,122.01367658296691,123.01824188232422,14831180
2015-10-29,122.09744260457336,122.97644099737342,121.63701995197987,122.80901336669922,8841827
2015-10-30,122.30671624997503,122.76715217606036,121.0091422678808,121.0510025024414,14819474
2015-11-02,121.13472760048194,123.06016540527344,120.88359280997354,123.06016540527344,12416375
2015-11-03,122.26486346788705,124.69258396885178,122.1392960835921,123.8554458618164,19996067
2015-11-04,123.68800891559692,124.69257456830539,123.31129346407114,123.64614868164062,21937459
2015-11-05,123.35312859620326,124.48327484290148,122.6834182249921,124.06471252441406,25580616
2015-11-06,123.22757259815296,125.36228459854398,122.43228146371378,125.2367172241211,26314334
2015-11-09,124.56700671817157,125.36228452510449,122.976424450225,124.525146484375,30352447
2015-11-10,124.02285544571056,126.70171032566056,123.93913498366237,126.07386016845703,49967267
2015-11-11,126.4087076801514,129.003855267374,126.4087076801514,128.37599182128906,41231379
2015-11-12,127.28765919193684,129.3386630383389,126.03194608702617,126.2412338256836,61094507
2015-11-13,124.98557373752527,127.62258198651575,124.77629921481632,126.74358367919922,51571608
2015-11-16,125.06930063164216,128.08302449955517,124.60887800017854,127.07844543457031,59427840
2015-11-17,127.95742896704763,128.71085984676378,125.5715689569598,126.91100311279297,90002762
2015-11-18,126.49243987259193,127.95744154335223,125.99015701242759,127.74815368652344,37094987
2015-11-19,127.1621877465581,127.70633094648096,126.61804454663523,126.70175170898438,20642961
2015-11-20,126.65984769697623,129.71543127126168,126.45055987285703,128.33413696289062,43977100
2015-11-23,128.04115295410156,129.00387169655593,126.65985852761649,128.04115295410156,28251073
2015-11-24,126.95285598155881,129.2131351625599,126.7435681574396,128.33413696289062,30438937
2015-11-25,128.2504521225457,128.2922990330122,126.82729733656372,127.07844543457031,11301076
2015-11-27,126.70172995108119,127.16216590958636,126.36687470510009,127.07844543457031,6915875
2015-11-30,126.95286370531144,127.45514651753264,125.3204345703125,125.3204345703125,16633832
2015-12-01,125.52975485784418,126.61804122917623,125.02745858873439,126.28317260742188,11318854
2015-12-02,125.94830492636083,126.53430829799626,125.0693065324288,125.4460220336914,9206923
2015-12-03,125.94828592901588,126.61800967859986,125.44600311210803,125.69715118408203,13139431
2015-12-04,125.8645999228509,127.74816413427281,125.40416393476299,127.62259674072266,12144801
2015-12-07,127.3295805026559,127.41328764206447,126.073866795206,127.12029266357422,13913859
2015-12-08,125.86461462310108,127.16218893147642,125.19489068284815,126.36689758300781,11114491
2015-12-09,125.65532455675739,128.0411852339556,125.40417641761515,127.53890228271484,10550039
2015-12-10,127.41335963923281,129.46436562874223,127.1203644951805,128.2923583984375,9824333
2015-12-11,126.91099149074371,128.12484483743722,126.1994209088504,126.65984344482422,13126452
2015-12-14,126.65984344482422,127.49699471319668,124.60885215679704,126.65984344482422,13575410
2015-12-15,127.24585831999127,128.12485657064678,126.49242744027511,126.91100311279297,12383177
2015-12-16,127.4970417248842,130.72004064622618,127.32961407488226,129.67361450195312,15405835
2015-12-17,130.47487058479365,130.9387371722253,128.74588400968796,128.83023071289062,12107430
2015-12-18,128.15547876374677,128.95671862094937,127.69161224365234,127.69161224365234,17349168
2015-12-21,128.28196324472884,129.0410295460645,127.14336379272537,128.19761657714844,8496553
2015-12-22,128.57716369628906,129.1675501533248,127.18555094380518,128.57716369628906,8817309
2015-12-23,128.70365060008783,130.72782283839206,128.70365060008783,130.51698303222656,7464970
2015-12-24,130.30615576610307,130.43266236035623,129.42058275288264,130.01095581054688,2820882
2015-12-28,129.63138883687506,130.7278148394217,129.08317583560174,130.30612182617188,5541585
2015-12-29,130.77001554208053,132.75202816879224,130.72784220391148,131.9086151123047,6969397
2015-12-30,131.908594418871,132.5833140168343,130.769995027267,130.9386749267578,6077847
2015-12-31,130.13749479585468,132.7942142226673,129.84229479728035,131.3604278564453,10914634
2016-01-04,128.8302239642899,129.71579716788997,127.56511746961448,129.50494384765625,13120985
2016-01-05,129.37841075905573,130.05313050439358,128.4084910550894,129.6314239501953,11513181
2016-01-06,127.64941961623998,129.54708560889867,126.72167328946503,127.5650863647461,13073243
2016-01-07,125.03483857314222,126.34211786851044,121.66122714557646,122.16726684570312,19252709
2016-01-08,123.13723734920096,123.55893056062752,119.51058442918973,119.9744644165039,15544512
2016-01-11,120.35397935755704,126.17347099929594,119.13103297869534,120.52265930175781,12192835
2016-01-12,121.28174915771964,121.78778908793059,119.51058926189016,120.77569580078125,9949593
2016-01-13,121.91427211838975,122.54683197877274,118.92017961401498,119.08885955810547,11626172
2016-01-14,119.38407171125387,123.34807094192092,119.29972501724018,122.54684448242188,13612468
2016-01-15,118.66716784276576,121.28172714779606,118.49848789664041,120.14312744140625,14486324
2016-01-19,121.11304720167072,121.82994032938467,118.92018104859127,120.14312744140625,10847674
2016-01-20,117.78156523396737,119.89007074516685,115.88389953251054,118.07675170898438,18375368
2016-01-21,118.62497824908182,122.25161673404989,118.62497824908182,120.56480407714844,11692923
2016-01-22,120.39613919485045,120.43831253755428,116.85384694222519,119.08885955810547,18335013
2016-01-25,119.42624125790864,120.14313442730742,118.07678818371495,118.24546813964844,9358244
2016-01-26,118.37195546447992,120.35396812055437,118.28762221361583,119.38404846191406,8854138
2016-01-27,118.92015122811985,120.52263045455967,117.31768542840165,118.07675170898438,9622744
2016-01-28,119.00452227926743,119.55273543572328,117.78158936924268,118.96234893798828,8361069
2016-01-29,120.01660164553842,122.75768084851057,119.5105618314752,122.71550750732422,10761998
2016-02-01,122.33600236900764,122.42033564401243,120.43833584730729,120.77569580078125,9065575
2016-02-02,119.21537958621697,119.2997128448998,117.7394200053815,119.08885955810547,8361466
2016-02-03,119.72144080401623,120.98654732404003,117.52858771241132,120.90221405029297,9235718
2016-02-04,120.81783817261805,124.23363703583011,120.14311843867571,123.05286407470703,11267398
2016-02-05,122.9263514011024,123.13720466421117,119.3418727816999,120.35396575927734,10847236
2016-02-08,119.00453922277799,119.21539253247003,117.0646995149922,118.79368591308594,10035895
2016-02-09,117.02251956835285,120.35397175257741,117.02251956835285,119.2575454711914,7727091
2016-02-10,119.6370749787524,121.02870132702684,119.13103513698219,119.34188842773438,6779974
2016-02-11,117.02252016075184,118.20327970152424,114.28144101668676,115.75740051269531,16807731
2016-02-12,116.26348655918335,119.17323303222656,115.37791329696078,119.17323303222656,12028451
2016-02-16,120.52264779096339,122.42030033866365,119.84791465187739,121.70340728759766,9852773
2016-02-17,122.88419274180481,124.86619216902224,122.79984605579665,123.72759246826172,7982327
2016-02-18,123.55892632567345,123.76977963752323,122.251646533586,122.63117980957031,6479855
2016-02-19,122.04073197788314,122.84197147547997,120.94430604786625,122.37810516357422,7525419
2016-02-22,122.37814951046185,124.36014888268731,122.37814951046185,124.02278900146484,8036224
2016-02-23,123.17935376534405,123.81191349915748,122.63114070006125,123.22152709960938,6500074
2016-02-24,121.87210306131121,122.50466294393813,119.76359697267209,122.12512969970703,9374875
2016-02-25,122.4226601617988,124.46303715445158,122.33763825059172,124.25049591064453,7487067
2016-02-26,124.54806959091546,125.65327344484042,124.5055586270999,124.97315216064453,6123210
2016-02-29,125.14316151256382,125.61075496775796,123.7829056378848,123.86792755126953,7129232
2016-03-01,125.0156680442896,127.39610616686754,124.59058545783195,127.01353454589844,6746609
2016-03-02,126.58841055121287,128.28872680664062,126.50340218225664,128.28872680664062,7765401
2016-03-03,128.37376237394855,129.22391382504813,127.77864959107346,128.45877075195312,5866096
2016-03-04,128.45877805514104,130.03157524685602,128.45877805514104,129.47897338867188,6893131
2016-03-07,128.62879953063657,129.4364535503484,128.07619771036286,128.75633239746094,5476796
2016-03-08,127.86365675366136,128.45876953087958,127.3960768435539,127.77864837646484,6499386
2016-03-09,128.2036925477285,128.37372278551376,127.39603876759352,127.73609924316406,5179181
2016-03-10,128.24623312973435,128.75633754901992,126.63093855989315,127.26856231689453,6916710
2016-03-11,128.11875257995706,129.9890999256885,128.11875257995706,128.9689178466797,6710489
2016-03-14,128.45878441466056,129.09640822146017,127.86367156849002,128.67132568359375,4624015
2016-03-15,127.65111359363836,129.09637763895114,127.65111359363836,128.71380615234375,6030126
2016-03-16,128.54379424129536,128.8413438692782,127.82116211544192,128.24623107910156,6853924
2016-03-17,128.4588038940389,132.2420092794649,128.28877355995155,131.60438537597656,12653958
2016-03-18,132.15698900193638,132.41204127337173,131.34934828845098,131.43435668945312,10928447
2016-03-21,131.13683073735572,132.62460659941044,130.88177841972293,132.15701293945312,5710727
2016-03-22,131.68938884240498,132.79459262608955,131.64687788129118,132.02944946289062,5432726
2016-03-23,131.94445634412165,132.7946079937194,131.81692344602152,132.0719757080078,5682933
2016-03-24,131.39179373920732,132.24195861816406,131.00923578472768,132.24195861816406,5759700
2016-03-28,132.36949410145516,134.74993169165975,132.1994638117413,133.85726928710938,8239398
2016-03-29,133.7297821447197,134.23987313665,132.96463888971726,133.81480407714844,8043882
2016-03-30,135.00497287736508,135.81262683826196,134.87745355403754,135.3025360107422,7322787
2016-03-31,135.55763574886166,136.23775715873018,135.00503371978954,135.13255310058594,7685922
2016-04-01,133.89979465344004,136.11020219181572,133.68725338487127,135.72763061523438,8221203
2016-04-04,134.70745945267188,134.79246784631525,132.15697756174478,132.75209045410156,9374979
2016-04-05,131.56185749355666,132.3270005869671,130.83922535738262,131.6893768310547,6527388
2016-04-06,131.30680849973044,133.89978747568983,130.24411574806484,131.3493194580078,7646047
2016-04-07,130.58417066051086,130.83922286485924,129.69150824660787,130.20159912109375,7003430
2016-04-08,131.34930729652177,132.11445033782493,130.4566449264048,130.8817138671875,5594001
2016-04-11,131.05176267449636,131.77439486360217,130.5416717529297,130.5416717529297,5242948
2016-04-12,130.41416442457918,131.47685732599663,129.98908185032684,130.96676635742188,5749746
2016-04-13,131.6893768310547,132.19946771525792,131.51934653632028,131.6893768310547,4943768
2016-04-14,131.7319014256679,132.11447301197833,131.17929952702085,131.8594207763672,4485692
2016-04-15,132.0719620750637,132.19948142578687,131.476849214668,131.9019317626953,5099722
2016-04-18,131.34932822191934,132.58205135473293,131.34932822191934,132.02944946289062,4397428
2016-04-19,132.36952211607652,132.66708533670996,131.81692017400144,132.4120330810547,4772603
2016-04-20,132.62457437173182,133.2621847095496,131.9869504997004,132.4120330810547,5540166
2016-04-21,132.2844896297307,132.96461080866834,131.13677498961505,131.6893768310547,8273744
2016-04-22,131.90192613596773,132.5395363965967,128.8413535754704,130.75421142578125,11788886
2016-04-25,130.9667406181837,131.17928186353856,129.2239132336423,130.4141387939453,7402601
2016-04-26,131.09426724255502,131.68938005580387,130.6691847282042,131.3493194580078,5985451
2016-04-27,131.5193481159501,131.81689775175627,131.00925722562036,131.47683715820312,4787522
2016-04-28,130.6691847282042,132.70956184919208,130.49915442930615,131.3493194580078,6015060
2016-04-29,130.7117156982422,131.64688925246074,130.07410536331028,130.7117156982422,6030877
2016-05-02,130.24408544964797,131.73186036956633,130.2015745012598,131.30677795410156,3587131
2016-05-03,130.24411007752028,130.5416597040843,129.01137354641583,130.20159912109375,5783174
2016-05-04,129.22393576702845,129.30895769368038,127.05603904796166,127.82118225097656,8303624
2016-05-05,128.11870769150494,128.54379017593178,126.67344348550641,127.05601501464844,6614421
2016-05-06,126.16334483135968,128.54378223552652,125.0156303148302,128.03369140625,5905429
2016-05-09,127.73616680138296,127.90619712909535,125.95084159329596,126.97102355957031,5666073
2016-05-10,127.48113559918303,129.90407129560788,127.43862463119305,129.5640106201172,5661086
2016-05-11,129.64903923268557,130.71173228187357,128.9689178466797,128.9689178466797,4926616
2016-05-12,126.84350366692618,128.3737901441524,126.84350366692618,127.90619659423828,9863374
2016-05-13,127.39608526645699,127.9911980830216,125.56824939246046,125.99333190917969,7358865
2016-05-16,125.61077019598596,128.07621650408439,125.48323731044759,127.35358428955078,5362261
2016-05-17,127.05599836573762,127.90614968898028,125.73825366405492,126.29085540771484,6994374
2016-05-18,126.24839346589937,126.88601735650481,125.100678583338,125.8658218383789,5801954
2016-05-19,124.67559649361849,125.18568743226339,123.527881731008,124.80311584472656,7103859
2016-05-20,125.5257551777919,126.16337903792322,125.10067260437101,125.65327453613281,7304112
2016-05-23,125.48323987395037,126.1208637120304,125.01565988672867,125.35572052001953,4927639
2016-05-24,126.3333769089167,127.39606953527935,126.20584404912206,126.88597869873047,5053858
2016-05-25,127.52362497493172,128.88388112515653,127.35359464793034,127.90619659423828,5771239
2016-05-26,127.8211456527134,128.50126673434136,127.52358252884424,127.60860443115234,4725654
2016-05-27,128.1186997773579,128.3312410064422,127.69361731918927,128.03369140625,4068723
2016-05-31,128.03370182361923,128.96887518715408,127.82116057724163,128.50128173828125,6321689
2016-06-01,127.69363250891256,128.11871501764662,127.05602228002276,127.99119567871094,4408341
2016-06-02,127.5660690053788,127.73609924316406,126.88594805423772,127.73609924316406,3971111
2016-06-03,127.60862290694413,127.73614224465993,126.71596047451114,127.26856231689453,4966679
2016-06-06,127.52358704276376,128.50127128286772,127.31104581367946,128.03369140625,3894073
2016-06-07,128.11874389648438,129.26645880824236,128.07623292918643,128.11874389648438,5352370
2016-06-08,128.50129375778945,129.64900847505464,128.2037441055557,128.8413543701172,6080685
2016-06-09,128.2037473624318,128.92637956553898,127.60863450863404,128.54380798339844,5535221
2016-06-10,127.60864852391478,128.71385243054723,127.22607689975634,127.69365692138672,6140925
2016-06-13,127.43854975104823,128.07615975939376,126.63089597065685,126.8009262084961,6877502
2016-06-14,126.7584465195907,129.47895806421286,126.63092719332121,129.39393615722656,9118638
2016-06-15,129.56400738436554,131.3918436201403,129.52150995165147,130.03160095214844,9132138
2016-06-16,129.08930404729244,131.6590936131788,128.83231963600684,131.23080444335938,14109334
2016-06-17,131.2736470818365,131.57346455426705,130.417054953631,131.05950927734375,11609103
2016-06-20,132.13023694373388,134.1432384302927,132.04457092285156,132.04457092285156,9993057
2016-06-21,132.25874733704612,132.81553566779215,132.21591431850894,132.51573181152344,7518992
2016-06-22,132.77267345732616,133.20097627503807,131.78759606802868,131.83042907714844,7514297
2016-06-23,133.02968324311325,133.6721375921926,132.64421336101475,133.5864715576172,8394267
2016-06-24,128.9607946629773,130.84531029708765,127.41891575566154,127.71871948242188,17875914
2016-06-27,126.51953629203301,126.86217314165249,124.93482381661191,125.57727813720703,11276120
2016-06-28,127.67590840683461,128.48966727660965,127.0762872776514,128.23269653320312,7972665
2016-06-29,130.6740489934359,131.1451712893124,129.7746101469288,130.84536743164062,7484334
2016-06-30,131.3164752981568,134.91418937862244,131.27364228412577,134.8285369873047,11375110
2016-07-01,134.82856428103744,135.47100507457694,134.14327682804898,134.8713836669922,6823313
2016-07-05,133.84343543556218,135.04266427792356,133.28664720670858,134.7000274658203,6752410
2016-07-06,133.92906287623083,136.19904837956432,133.92906287623083,135.94207763671875,6699284
2016-07-07,136.2419417585706,137.48400393072546,135.9421378801443,136.28477478027344,7828563
2016-07-08,137.01285214303977,138.21208103564504,137.01285214303977,137.9122772216797,8040105
2016-07-11,138.16924478335437,139.19715513717728,137.82660799874674,137.95509338378906,7924798
2016-07-12,138.38341717912772,139.15434324309248,137.61247747841873,138.1692657470703,7948148
2016-07-13,138.16924501657613,139.1115029942087,138.12641200924233,138.5975341796875,6774090
2016-07-14,139.19719420350714,140.13945244399835,139.15436118422437,139.7539825439453,7069013
2016-07-15,140.31073819309924,141.12451082288558,140.22508581123603,140.82470703125,8828243
2016-07-18,140.86756576897815,141.0817172385947,139.88248810018735,140.95323181152344,7984476
2016-07-19,140.26792287095125,141.1245148980329,140.13942383933156,141.03884887695312,7002220
2016-07-20,141.16733238020763,141.33865076677898,140.0537560491229,140.39639282226562,7419565
2016-07-21,140.18226286461902,140.6962181029201,139.154338751273,139.5826416015625,8848608
2016-07-22,135.89928740596952,137.35550086288183,135.72796897790602,137.3126678466797,12053115
2016-07-25,137.35549242014147,137.39832543371082,134.40023267176375,135.51380920410156,9541846
2016-07-26,135.64229767343022,135.89928212390967,134.10041824404257,134.78570556640625,7700445
2016-07-27,134.87139497289212,135.17121252019092,133.2866957308062,133.9719696044922,8191343
2016-07-28,133.62924768932206,134.1003697686953,133.115292610895,133.84339904785156,6321940
2016-07-29,133.97195108688373,134.6144054822255,133.24384428754428,133.37232971191406,10443997
2016-08-01,133.28664522179488,133.7149344121742,132.8583423946725,133.41513061523438,6500847
2016-08-02,133.2438008078777,133.45795220311044,132.77266501101724,132.98681640625,5634002
2016-08-03,132.90118018968363,133.80060524962892,132.90118018968363,133.32948303222656,4174494
2016-08-04,133.6292941208864,133.84344555382614,133.15815824107017,133.5008087158203,4234526
2016-08-05,133.92913657819975,134.70007650447062,133.7149850834858,133.9719696044922,4502365
2016-08-08,134.0575914437238,134.4858806551499,133.67212160771965,133.92909240722656,4263822
2016-08-09,133.75778445684503,134.27173973280037,133.4151476062081,134.05760192871094,4195944
2016-08-10,133.84344001963885,134.228909855643,133.6292885955539,133.92909240722656,3868199
2016-08-11,134.10039236603575,134.35737676692366,133.62927020727344,134.01473999023438,7926280
2016-08-12,133.62931022246354,133.9719471017552,133.54364418426766,133.80062866210938,4450136
2016-08-15,134.0576131399511,134.27175096194887,133.7149626239135,133.80062866210938,4080032
2016-08-16,133.37232010792408,134.0147744570034,133.11534927768867,133.5864715576172,4670609
2016-08-17,133.88625460816135,134.18605837857902,133.54360419473016,134.01473999023438,3672056
2016-08-18,133.8434402097094,134.6143798828125,133.58645577309377,134.6143798828125,5851135
2016-08-19,134.1432027677491,134.48583948670046,133.54358169121443,133.84339904785156,5162884
2016-08-22,133.50082403471447,134.6144007043858,133.1153541385401,134.1432647705078,4269331
2016-08-23,134.70000939005516,135.21396453924098,133.75775146484375,133.75775146484375,6701538
2016-08-24,133.92908671772184,134.27172352700453,133.50079752449008,133.71493530273438,4599977
2016-08-25,133.58642261985418,134.05755836393323,133.32945188375686,133.67208862304688,3553077
2016-08-26,133.92906984790568,134.742842395006,133.37228169376903,133.75775146484375,4645987
2016-08-29,133.54366579137488,134.7000756736485,133.50084640209482,134.31460571289062,4433840
2016-08-30,134.22892120559317,134.78570950059668,134.05760277918785,134.35740661621094,3784692
2016-08-31,134.01478012085315,134.27175096194887,133.5864772033656,133.80062866210938,6972715
2016-09-01,133.41516676571652,134.01478815881404,132.6013939010308,133.6293182373047,8608480
2016-09-02,133.84342160188973,134.70001354361295,133.75775558934646,134.01473999023438,4341736
2016-09-06,134.10039275206677,134.2288917712516,131.91607306682818,132.98681640625,8545902
2016-09-07,132.72982883504,133.02963256835938,131.91605636354424,133.02963256835938,5689568
2016-09-08,132.7727139317999,132.98686540593783,132.34442462027093,132.9440460205078,6313322
2016-09-09,132.00175635256318,132.00175635256318,128.96083068847656,128.96083068847656,9310440
2016-09-12,128.48971105739219,130.93101577203382,127.80443732582452,130.58837890625,8640134
2016-09-13,129.43195830078267,129.5604573421338,127.29047125252913,127.84725952148438,9403607
2016-09-14,127.67591636546128,128.48967528596165,127.07629519890094,127.20478057861328,10657959
2016-09-15,127.55012895021076,128.84505195458667,126.98899519020875,128.4134063720703,7324018
2016-09-16,127.89547475737407,128.41344135158266,127.5069963759234,128.11129760742188,13549410
2016-09-19,128.5428806419456,129.3198371091435,126.90264684628987,127.03213500976562,6364465
2016-09-20,128.06809997558594,128.6292337556214,127.85227717662251,128.06809997558594,6186101
2016-09-21,128.41335580815104,129.14714476358893,127.72273414260194,128.84500122070312,6057794
2016-09-22,129.31985016656333,129.96731853566033,129.19036199001314,129.6651611328125,6130471
2016-09-23,129.57880327350236,129.70829141308906,128.67235881005703,129.01766967773438,4762024
2016-09-26,128.62919470963593,128.67236200495972,127.42059289958681,127.50692749023438,5405558
2016-09-27,127.76594612915335,129.3630266401961,127.20481233344154,128.97454833984375,5319193
2016-09-28,129.14720344419075,129.23353806319614,127.76594574232284,129.06088256835938,5581836
2016-09-29,128.67239299468605,129.9241486583649,127.07531262841766,127.46379089355469,8111467
2016-09-30,127.76590692333887,128.84502061716998,127.67958607373427,127.85224151611328,7536875
2016-10-03,127.16170279823352,128.19763612909463,126.90271259392884,127.93865966796875,4130278
2016-10-04,128.24074952871038,128.41340501125265,127.11848202059925,127.33430480957031,6495171
2016-10-05,127.42062567925494,128.19758222228157,126.90265923162818,127.33430480957031,5203386
2016-10-06,126.90264829309028,127.33429383382617,125.78038088171442,126.34151458740234,5860880
2016-10-07,125.43511007937582,126.08256485446107,124.83080887763369,125.52143096923828,7895794
2016-10-10,125.17608601117156,126.51417625852694,124.35596219219399,124.57178497314453,7090734
2016-10-11,124.09698320620441,125.30557151334186,123.837993125946,124.83077239990234,6456464
2016-10-12,124.8307804141342,125.2624259945528,124.35596752703913,124.74444580078125,4748043
2016-10-13,124.22646350478365,124.7444298893142,123.70849712025311,124.18329620361328,5924459
2016-10-14,125.00340701831976,125.30555060890515,124.39910609397907,124.70126342773438,5880390
2016-10-17,124.74443451579432,125.13291275439282,123.88115717622648,124.52862548828125,8290687
2016-10-18,125.30553828503528,125.5213610041571,124.744404712586,125.08972930908203,5751228
2016-10-19,125.43508911132812,126.12571108748661,125.30558718341796,125.43508911132812,6090429
2016-10-20,125.60772913558542,126.03937468911019,125.00342810928518,125.47824096679688,5932952
2016-10-21,122.75886043436873,125.17605015082962,122.28404770366703,125.08972930908203,13386341
2016-10-24,125.17608334479876,126.0825280109449,124.74443779209214,124.83077239990234,6497675
2016-10-25,124.91709220935559,125.21924959096675,123.53584844143741,123.66533660888672,5525518
2016-10-26,123.40635756859592,125.47825089213279,123.2337020821634,124.61495971679688,5082424
2016-10-27,124.70127739070158,125.00342101511839,123.49267540669143,123.57901000976562,5306882
2016-10-28,124.65810835898704,127.7227668348425,124.61494105804907,126.12568664550781,14162063
2016-10-31,127.24801498966471,127.98180448456596,125.5646131349187,125.60778045654297,9090093
2016-11-01,125.17607796735892,126.03936903568604,123.92432241009054,124.65811157226562,6679440
2016-11-02,124.57180593338484,124.57180593338484,122.58626075226586,122.97473907470703,6442087
2016-11-03,123.44955785913248,123.44955785913248,121.67983521457302,122.06831359863281,4799374
2016-11-04,121.80925360013532,124.35593155291218,121.80925360013532,122.75886535644531,7483645
2016-11-07,124.52860805227168,126.60048712030994,124.4422734588172,126.51415252685547,8608188
2016-11-08,126.77316799992228,127.85226817559523,126.42784329998806,126.9889907836914,7476237
2016-11-09,126.55731864646188,128.67236499155516,125.47821869733728,127.8954086303711,11277456
2016-11-10,128.84507707083438,133.11832519259224,128.7587424402323,131.26226806640625,16969403
2016-11-11,131.6075171326486,132.81611893293015,131.08955082245768,132.55712890625,8912459
2016-11-14,132.68662832481948,133.16144112355838,131.6075283177518,131.69386291503906,7875012
2016-11-15,131.5643929932682,132.81616249912858,130.52846003308088,132.72982788085938,8385295
2016-11-16,132.29813682782355,132.85928416745622,131.82333781997096,132.68661499023438,5272015
2016-11-17,132.51400278994655,133.2477920598674,132.3413472995636,132.90248107910156,3721301
2016-11-18,132.7297865873073,133.377254793371,131.7370075019441,132.3844757080078,5964376
2016-11-21,132.4708143275438,133.29092425502526,131.99600154669187,133.2477569580078,4619007
2016-11-22,133.50682167122218,134.84491242500644,133.2909988085889,134.58592224121094,5784384
2016-11-23,134.8448741725721,135.44917526788325,134.58588406224624,135.27651977539062,5064876
2016-11-25,135.75129718480997,135.9239526496282,135.06067532553698,135.7081298828125,2746306
2016-11-28,135.2334031554324,135.66504892004284,134.71543648380725,134.88809204101562,4609909
2016-11-29,135.01751376940308,135.3196574099003,133.72259085657313,134.0247344970703,6556935
2016-11-30,134.58591547863787,134.97439386322228,132.72985819370214,132.7730255126953,9522691
2016-12-01,132.25502561256687,135.79448375840911,132.16869099631955,135.49234008789062,9327613
2016-12-02,135.36284065005003,135.92397443644458,134.93120879040532,135.27651977539062,4465577
2016-12-05,135.66499483277994,135.75131570538005,134.06791438635673,134.2837371826172,4619424
2016-12-06,134.6289996745206,134.84482239305535,133.85204338506287,134.5426788330078,3666882
2016-12-07,133.85211084060893,136.3988037109375,133.5067998141992,136.3988037109375,6864357
2016-12-08,136.39879133921644,136.8304232114907,135.53550010831947,136.0966339111328,5872815
2016-12-09,135.75129546913115,137.7800074624846,135.31964994095503,137.17572021484375,6515975
2016-12-12,136.7008877156444,138.08214496115923,136.65772042040373,137.52101135253906,6477017
2016-12-13,137.69367354285342,138.12531903008903,136.44191812167423,137.0030517578125,7198926
2016-12-14,136.44191482389832,138.03898109899714,135.7081120160656,135.96710205078125,9113379
2016-12-15,135.92396368764904,137.90952230905822,134.3700643780968,134.9311981201172,9051219
2016-12-16,136.0535139866535,137.5642602711176,135.794523804708,137.04627990722656,15018704
2016-12-19,137.08937697227668,138.12532342597754,136.87355422179024,137.77999877929688,7293116
2016-12-20,137.78005776645145,139.76561692645885,137.73690419241547,139.20448303222656,8308549
2016-12-21,138.98866718684582,139.16132272121158,138.34119862559132,138.6865234375,5835173
2016-12-22,138.77348205003761,138.94743694348713,138.20812518467548,138.382080078125,5048329
2016-12-23,138.59952703272367,138.90394463433717,138.1646328761862,138.64300537109375,3127553
2016-12-27,138.68645777867144,139.3822771522761,138.51250293527028,138.72994995117188,3266793
2016-12-28,138.46901736124917,139.03437409089412,137.7297057799136,137.86016845703125,3940730
2016-12-29,138.0341019787496,138.64293688121094,137.8601333247918,137.90362548828125,3357811
2016-12-30,137.55574037707154,138.29505190169857,137.03387586202894,137.42527770996094,5311535
2017-01-03,137.72966606656033,138.46897743472084,136.55546077127107,137.816650390625,6708382
2017-01-04,138.0776154832949,138.42553903327746,137.51225875364995,137.86016845703125,4474320
2017-01-05,137.29481049704984,138.0776142459435,136.16409704789257,137.07737731933594,5395334
2017-01-06,137.33831923807836,138.1646152608297,136.381560523641,137.4687957763672,4615772
2017-01-09,137.5992558548222,137.6862263654269,136.68598933715887,136.8164520263672,4436678
2017-01-10,136.81646604123503,137.51228558375945,136.42506408691406,136.42506408691406,5676131
2017-01-11,135.85971902869997,137.07741718032028,135.85971902869997,136.85997009277344,5922894
2017-01-12,136.7729492840452,136.85993363453417,135.3813104490335,136.51202392578125,6242356
2017-01-13,136.38156127929688,136.77296320312638,135.90318884272907,136.38156127929688,5075455
2017-01-17,135.55527782823287,136.77296192137777,135.51178564896986,135.9901580810547,6015165
2017-01-18,135.72922212180714,136.2945788683618,135.38131240801994,135.81619262695312,5154246
2017-01-19,135.90318765864978,136.29458957906917,135.03339945922775,135.72923278808594,7866123
2017-01-20,133.77225429714886,134.38110340902264,131.7717520505074,132.77200317382812,17434281
2017-01-23,132.6415308725457,132.68502305881117,128.6405405148292,129.37985229492188,12330552
2017-01-24,129.85822247621593,130.7280107995133,129.6842675808774,130.46707153320312,7029095
2017-01-25,132.29358838841713,132.5110354194124,131.42380026443612,132.07614135742188,7956640
2017-01-26,132.38058353564364,132.5980306071169,131.03242276979276,131.8587188720703,5585279
2017-01-27,132.20658326501783,132.38053809316185,130.20609581806187,130.51051330566406,6261031
2017-01-30,130.29310607910156,130.90195508674853,129.46682385485545,130.29310607910156,5469409
2017-01-31,129.81474051626876,130.0321875910276,128.29262483956114,129.1623992919922,8075932
2017-02-01,129.29280552250975,129.64072899811194,128.55349409922692,129.1188507080078,5358922
2017-02-02,128.6405452676128,129.20590217013648,128.29263545784522,129.075439453125,4529950
2017-02-03,129.55380125723727,129.5972934415099,128.46657973004736,129.1623992919922,6490288
2017-02-06,129.0754029302333,129.37982046599123,128.5970166922119,128.98841857910156,4950529
2017-02-07,129.3798852301549,129.6408245675679,128.42312612178526,128.5535888671875,4961630
2017-02-08,128.33612241858356,128.46659899096375,127.24890072838717,127.98821258544922,6715038
2017-02-09,128.3795591211496,129.16236283066155,128.11863378237928,128.68399047851562,4520873
2017-02-10,129.33632963629455,129.379821812313,128.51004752495265,129.24935913085938,4754804
2017-02-13,129.94520217219477,130.72800609635786,129.2928609531908,130.64102172851562,7724671
2017-02-14,131.0324578054919,131.68479919433594,130.11919093839657,131.68479919433594,7309078
2017-02-15,131.7282256529354,131.98915100097656,131.24983943719175,131.98915100097656,5315103
2017-02-16,131.98914771666526,132.51102609296342,131.77170070097446,132.42404174804688,5411130
2017-02-17,132.25009621289777,132.38055889285428,131.33682975999895,132.07614135742188,4559141
2017-02-21,132.25009745323797,133.03290123352198,131.94567991495052,132.7284698486328,6310150
2017-02-22,132.72847329316238,132.85894982433027,131.5977597693197,131.90219116210938,6285841
2017-02-23,131.68301637220145,131.85835872794615,130.8501436716753,131.59535217285156,6040329
2017-02-24,130.80625958409382,132.34051513671875,130.5432391624575,132.34051513671875,5701420
2017-02-27,131.72681675363668,132.1651794927452,131.06928660201476,131.24462890625,4918541
2017-02-28,131.46379088353007,131.85830054208444,130.06103869952784,130.67474365234375,8161171
2017-03-01,131.41996459655184,133.0418843183621,130.71858145786834,132.34051513671875,7696084
2017-03-02,132.5158574321296,132.5158574321296,131.50762876573717,132.34051513671875,5767504
2017-03-03,132.3405981616172,132.47210147641493,131.72689276414638,132.03375244140625,4164269
2017-03-06,131.50767517089844,131.85835988546634,131.15699045633053,131.50767517089844,4886991
2017-03-07,131.20082626017629,131.46384676805985,130.58712104647782,130.8939666748047,6256295
2017-03-08,131.0254287686452,131.24461010680398,130.32404569512934,130.6309051513672,6741538
2017-03-09,130.4118120923493,130.76249688797543,129.578925234951,130.0172882080078,5412736
2017-03-10,130.80629714390633,133.3926072116312,129.8857463394118,132.73507690429688,12355279
2017-03-13,132.5159008855046,132.64740416092403,130.58712104647782,130.8939666748047,6299049
2017-03-14,130.4556161034749,130.58711937721333,129.18436661483997,129.49122619628906,4757830
2017-03-15,129.53503107779326,130.7624272084407,129.18433251199602,130.45558166503906,5246349
2017-03-16,130.63095510361265,130.71861929817496,129.84190756733105,130.41177368164062,4425097
2017-03-17,130.850109915557,131.6829824012225,130.4994252945356,130.9816131591797,9105805
2017-03-20,131.06927250283056,131.15693666699767,130.14870805832007,130.36788940429688,3938998
2017-03-21,130.89394674111784,130.89394674111784,128.61448254341306,128.8336639404297,5599405
2017-03-22,129.57884514676547,130.23638919994556,128.482952348505,129.4473419189453,5425360
2017-03-23,129.31586146676807,130.32407631935962,128.78982054875962,129.84188842773438,5148737
2017-03-24,129.7103921179085,130.67478190980822,129.44737164482933,130.28025817871094,5817541
2017-03-27,129.09664972798032,129.35965616811265,128.21992437543562,129.0528106689453,6048425
2017-03-28,128.48297497745648,130.32407631935962,128.21995451845225,129.84188842773438,5810759
2017-03-29,129.4035513149365,130.23643796944685,129.1405447608084,130.1049346923828,5750477
2017-03-30,130.01722403478303,131.4638155490501,129.885720790592,130.93777465820312,7503760
2017-03-31,130.89391159152663,131.68295882608268,130.36788475416887,130.6309051513672,10599304
2017-04-03,130.4555862276476,131.5076400907118,130.41174716075957,130.9816131591797,6241563
2017-04-04,131.06932510561742,131.9021978061436,130.19259936984892,131.59535217285156,5228488
2017-04-05,131.9021866908751,133.3487784501723,131.28848151896247,131.37615966796875,5391307
2017-04-06,131.50765124422026,132.29669868696027,131.1569665934564,131.2008056640625,4496668
2017-04-07,131.15699233129348,132.3405637276638,131.15699233129348,131.46385192871094,3959509
2017-04-10,131.8144883172774,132.51585749927614,131.33228653687317,131.5514678955078,3861334
2017-04-11,131.50768680201267,131.94604971251584,130.80631731084466,131.6830291748047,4598954
2017-04-12,130.98160801171014,131.06928614204048,129.97337929811516,130.49942016601562,5642494
2017-04-13,130.1926084647429,130.63097136324998,129.53507807402823,129.5789031982422,4172824
2017-04-17,129.84193303724916,130.1926177983774,129.5350873605237,129.9296112060547,4543951
2017-04-18,129.7542065652807,131.0692948655184,129.66654238615655,130.8062744140625,5363993
2017-04-19,131.02548717762883,131.7706956853469,130.9378090204643,131.50767517089844,5549243
2017-04-20,131.72687881472666,133.87484049988845,131.63921459982782,132.69126892089844,7737524
2017-04-21,132.69122532169084,133.17342719486027,129.09668663687577,129.53504943847656,15096994
2017-04-24,130.85012388623608,131.20080854469958,129.2720289661075,129.53504943847656,10137889
2017-04-25,129.09669494628906,129.75422523396986,128.52682885034528,129.09669494628906,8316040
2017-04-26,129.40351061472782,129.53502780747175,128.26377868652344,128.26377868652344,7797368
2017-04-27,128.39532043239498,128.48299858718863,127.21176304199362,127.47476959228516,6873288
2017-04-28,127.5624172761935,127.82542376366058,126.81720896663448,127.08021545410156,5024416
2017-05-01,127.16787478588776,127.86924392482275,126.81719021642026,126.86101531982422,5011187
2017-05-02,127.1678935879515,127.34323589861002,126.72953083278455,127.08021545410156,7044432
2017-05-03,126.77338021521311,128.39530021003972,126.46653463585314,128.13229370117188,5611612
2017-05-04,128.30765433897523,128.48299668892724,127.34326443571688,128.0008087158203,4092740
2017-05-05,127.69391626630626,128.17611807233553,127.60625209241788,128.08843994140625,3532044
2017-05-08,127.82543322230707,128.21995693974247,127.12406392777409,127.43092346191406,4513424
2017-05-09,127.47474517263436,127.51858424163316,126.51035543987066,126.81721496582031,4974233
2017-05-10,126.77343405949581,126.81727314860765,125.37068090725575,125.80904388427734,5435063
2017-05-11,125.72128996739333,126.6418544559699,124.93224266692198,126.5541763305664,5845752
2017-05-12,124.31861136425623,124.71313520409838,122.08297161946841,123.92408752441406,14279415
2017-05-15,123.04730109866603,123.79250932769955,122.60895234790738,123.52950286865234,8297970
2017-05-16,123.83639098631578,123.96790821811767,122.74049779690124,122.91584014892578,6157451
2017-05-17,121.95145911958802,126.15970378887677,120.15418243408203,120.15418243408203,10946789
2017-05-18,119.49666944504777,121.20626821841964,118.79528592673398,120.4610595703125,10109177
2017-05-19,120.76785584410769,123.48568271741028,120.54867445664239,122.95965576171875,10117753
2017-05-22,123.74868422255159,124.05552974378662,123.00347599351805,123.52950286865234,5803039
2017-05-23,123.66108161850434,123.96794128417969,123.22271864299579,123.96794128417969,4982246
2017-05-24,124.1432539811997,124.93228760846792,121.07474180089044,121.99529266357422,11205008
2017-05-25,121.81993440752113,122.30212233664413,120.19800037210793,120.5048599243164,8190905
2017-05-26,120.37332972964542,120.76785342778093,119.62812140139873,120.3294906616211,6390068
2017-05-30,119.71579329875233,120.32948439094504,119.05824918377888,119.93497467041016,7602749
2017-05-31,119.80349312366623,120.28569507621268,119.18978789180946,120.02267456054688,7430561
2017-06-01,120.59250331030098,122.21443706592703,120.54866424511307,121.51305389404297,6758085
2017-06-02,122.17061557938317,122.47746116576769,121.07472253424669,122.2144546508789,7722083
2017-06-05,122.30214729177906,123.04735585241633,121.90762347061273,122.65283203125,9078783
2017-06-06,122.6528069759809,122.91582745537784,121.90759856757329,122.43363952636719,7036336
2017-06-07,122.52127849765182,122.56511756136895,120.11031143473389,121.33770751953125,9084960
2017-06-08,121.33773052127194,121.95143565852959,120.68020026902965,120.94320678710938,8538411
2017-06-09,121.11854923370335,122.60897998476298,120.94320690246862,122.47746276855469,5292255
2017-06-12,128.17610339088628,129.18431803884553,125.9404648357122,126.86101531982422,29022706
2017-06-13,127.65007539171528,127.8254176940479,124.23087956066803,124.71308135986328,12274276
2017-06-14,124.84458613093555,126.24733852386858,124.36238432581698,125.76513671875,8580248
2017-06-15,125.89775192584487,127.97541463312575,125.67672158255458,127.93120574951172,9988258
2017-06-16,128.1080684567694,128.24068106095987,126.51666090735227,128.19647216796875,17019649
2017-06-19,128.01964864845172,128.19647014284004,127.04712339192464,127.31236267089844,6365174
2017-06-20,126.91451888177856,126.95872777689003,124.12955553672624,124.3505859375,9920401
2017-06-21,124.57158872479917,124.61579761011096,122.22868670063961,122.80335998535156,7044036
2017-06-22,122.75918460914636,123.024423918638,121.74245034334334,121.78665924072266,7592087
2017-06-23,122.84758627590232,122.84758627590232,121.56561286891107,121.87506103515625,6622204
2017-06-26,121.96346210157705,122.36131396757237,121.56561023558173,122.0518798828125,5947203
2017-06-27,121.65402265516094,121.96345672628311,120.2394367412135,120.28364562988281,8623879
2017-06-28,120.50467279195979,121.12355499251791,119.57635652851317,119.70896911621094,6471822
2017-06-29,120.0626000953936,121.16773772383992,118.42699809426662,119.44371795654297,7664597
2017-06-30,119.75319439037447,120.1952411014491,118.95749060574389,119.39955139160156,5478256
2017-07-03,120.06262982990398,121.96347152552042,119.62056903913353,121.34458923339844,4312002
2017-07-05,121.74246377136681,121.83088157587781,120.37210039973287,120.9025650024414,4438284
2017-07-06,118.73646622624328,119.57637894695377,115.37683645557699,116.3051528930664,15993094
2017-07-07,116.03990008544689,116.26092341304533,114.84634455937469,115.59783935546875,8459808
2017-07-10,115.50941643630044,115.77464862388379,114.27165919018826,115.11156463623047,9756038
2017-07-11,115.06737970267878,116.92401936342681,114.53690821215466,116.61457824707031,8607645
2017-07-12,117.32189673888324,118.51544553671914,116.57039471074366,117.49871826171875,10638908
2017-07-13,117.49870899295784,118.60385397959026,117.14505893779169,118.42703247070312,5794045
2017-07-14,118.20598338965567,118.91326931345483,118.16177450072284,118.38280487060547,4394069
2017-07-17,118.2943996899898,118.82487826411176,118.11757819021017,118.55963897705078,5779022
2017-07-18,118.29439857289648,119.0016986401188,118.20599486123304,118.86907196044922,5455700
2017-07-19,118.69226646511953,119.48797035128672,118.64805756593583,119.09011840820312,5173234
2017-07-20,119.44374331667197,119.57636999408604,117.58711058070212,117.9849624633789,11509404
2017-07-21,112.19400869201361,114.97897176987873,111.66354422591908,114.53691101074219,18915198
2017-07-24,113.96220670697089,114.27164774685852,112.06136566355839,112.41500854492188,11867093
2017-07-25,113.03394011512113,113.74123322491626,112.10561658900396,112.45926666259766,9636328
2017-07-26,113.12230682373047,113.56436044684418,112.14978181549078,113.12230682373047,8499516
2017-07-27,113.12231721476117,114.05063342726667,112.8128761314626,114.00643157958984,8323113
2017-07-28,114.31590475510714,114.40431551267078,112.28243621896684,112.85711669921875,5902383
2017-07-31,112.90130563040356,113.56438975489385,112.68027524310968,113.21074676513672,6388461
2017-08-01,113.2991723922722,113.43179204954387,111.97300396912455,112.45926666259766,8745299
2017-08-02,112.459246127495,113.03391947508288,112.2382157515332,112.8128890991211,5714629
2017-08-03,113.12233781874244,113.96224345148362,112.1498125440352,113.87383270263672,6451143
2017-08-04,113.82962190291555,114.27167561241627,113.25494856186914,113.96223449707031,4864539
2017-08-07,113.78538816434094,114.00641848951723,112.94548278101615,113.29912567138672,3937537
2017-08-08,113.29916435899842,114.44851118255299,112.81290170000291,112.9897232055664,5663840
2017-08-09,112.94551552786383,113.69701040648059,112.54766364215111,113.65280151367188,6191213
2017-08-10,113.65279331276784,113.65279331276784,111.70774995475382,111.84036254882812,6192861
2017-08-11,112.28242290045452,112.50345328684192,111.3541065374535,111.3983154296875,4009922
2017-08-14,111.75195547072695,112.9455110808714,111.61933583491387,112.10559844970703,5068840
2017-08-15,111.44251302103979,111.9287756300542,110.95625041202538,111.13307189941406,5703757
2017-08-16,111.0446714330292,111.61934483892463,110.73523028276435,110.95626068115234,5732741
2017-08-17,110.82364366575761,110.95625626960447,109.27644501334065,109.4090576171875,6514785
2017-08-18,108.87859051307049,109.36485313608144,108.03867786771171,108.52494049072266,7151497
2017-08-21,108.25969696044922,108.74595953274266,107.50820217710222,108.25969696044922,9609933
2017-08-22,108.61334442056162,109.3648462725182,108.21549960614918,108.74596405029297,6253415
2017-08-23,108.39233852573587,108.56916003556425,107.5966346941162,107.81766510009766,7205853
2017-08-24,107.99447315874767,108.48073576890557,107.4197998046875,107.4197998046875,5330878
2017-08-25,107.81764327535996,108.74595953274266,107.64081476393373,108.25969696044922,4771643
2017-08-28,108.43652739899609,109.05540964667492,107.64082366266362,108.17129516601562,4994870
2017-08-29,107.55241079797239,108.12708414346274,107.33138746020829,108.0386734008789,4989131
2017-08-30,108.25969902656428,108.25969902656428,106.75670943118602,107.33138275146484,7068637
2017-08-31,107.90606526704862,109.1880246062119,107.33139189779853,108.52494049072266,11535738
2017-09-01,108.7459677448847,111.84036488635986,108.25970513587028,111.13307189941406,12279368
2017-09-05,110.77943477288106,110.77943477288106,108.61335384454074,109.4090576171875,9293476
2017-09-06,110.02790286433101,110.60257605397734,109.71846183050859,110.1605224609375,11481632
2017-09-07,108.34813438832053,108.52495590591506,105.34214747703685,106.18206024169922,16715628
2017-09-08,105.87259353936471,106.09361686436893,104.23698433990272,105.29792022705078,9307268
2017-09-11,105.20953845136076,105.60738336084219,104.41383455761292,104.85588836669922,9036446
2017-09-12,105.29792603377226,105.6957778930664,104.81166343212287,105.6957778930664,10362702
2017-09-13,105.78418312102353,106.88932086155029,105.73997423345499,106.57987976074219,8060554
2017-09-14,106.53570310916348,107.28719807645322,105.82841000250666,107.24299621582031,8781440
2017-09-15,107.60015957026796,107.91269254023229,106.03750182815303,106.84115600585938,13888549
2017-09-18,106.975106302798,109.60930089133714,106.84116866245157,109.20747375488281,10955699
2017-09-19,109.20744609737373,109.25209670465283,107.24296863891372,108.04661560058594,9460843
2017-09-20,108.0466332539735,108.98423219067422,108.00198974710597,108.58240509033203,8298554
2017-09-21,108.62703721401255,110.90405484143726,107.91268431733508,110.50222778320312,10874529
2017-09-22,110.90408776998864,111.79703626366707,110.59155473104494,111.03803253173828,8287537
2017-09-25,111.26126031966818,112.42209111319764,110.9487273119393,112.10955810546875,8865635
2017-09-26,112.28811998899607,112.55600231510789,111.26123418504783,111.30587768554688,8503648
2017-09-27,111.61841587068115,111.84164759908947,108.40380648299823,108.80563354492188,11787113
2017-09-28,108.89494396458905,109.16282634341749,107.86805085085243,108.22522735595703,7544053
2017-09-29,108.1359399482184,108.44847296345637,107.19834801021214,107.95735168457031,7026425
2017-10-02,108.13592019778798,109.87717321959569,107.60015550469822,109.69857788085938,8868389
2017-10-03,109.87718141148643,110.85942386308845,108.62704948566065,110.72547912597656,7075210
2017-10-04,111.08265777435064,111.12730839015835,109.07352932485216,109.29676818847656,6708361
2017-10-05,108.89493441765266,109.69858148368142,107.82339788857436,109.56464385986328,7252865
2017-10-06,108.98422972733381,109.56464505744091,107.73410494769595,108.89493560791016,8498765
2017-10-09,107.60014202028259,107.82338083494697,103.80511770951566,104.6087646484375,29275875
2017-10-10,105.81427190533914,106.528632024432,104.1176763955911,104.2962646484375,16812134
2017-10-11,103.26934715979509,103.89441300493924,102.2424613944361,103.00146484375,16937707
2017-10-12,102.91219329833984,103.09078154818586,101.92995081647956,102.91219329833984,12509021
2017-10-13,103.35867410059386,103.71585774316462,102.51037627644052,102.59967041015625,8428237
2017-10-16,102.64431264804742,104.83202940697669,102.37642316107055,104.2962646484375,10382567
2017-10-17,103.67116852047114,103.80511322502431,102.68892630762838,103.53722381591797,12235757
2017-10-18,103.58190030705123,103.93907679818449,103.00148495510619,103.22472381591797,7297059
2017-10-19,103.3140184908234,106.17145175828091,102.91219138229758,105.27850341796875,15769450
2017-10-20,98.84929126815445,106.43934971870362,98.67070299547481,106.39469909667969,40147504
2017-10-23,104.65342164042991,104.65342164042991,99.02785718617605,99.65291595458984,39090944
2017-10-24,98.75997919699819,99.60828399973637,97.10802731314395,97.73309326171875,27880573
2017-10-25,97.5098280282108,97.73306682198138,95.09887322168503,95.9918212890625,23060959
2017-10-26,96.30436662559012,96.66155018968975,94.65241485321152,95.18818664550781,18004137
2017-10-27,94.92029821240985,95.09888642914694,92.15215952986733,92.82186889648438,20560436
2017-10-30,92.06287354031637,92.50934412153235,90.45556523252593,91.12527465820312,20529324
2017-10-31,90.45557248468698,91.08063845620968,89.51798063510995,90.00910186767578,20450366
2017-11-01,89.60727970720734,91.61640825627538,89.11615844751861,89.38404083251953,19137318
2017-11-02,89.51798435109733,89.65192198790707,87.64279346639506,89.02686309814453,17012575
2017-11-03,88.93754233417512,90.76808205322124,88.66965292537407,89.91978454589844,14160018
2017-11-06,91.61640634502741,91.66105696211646,89.65192134725443,89.87516021728516,12661511
2017-11-07,90.05374208199264,90.41092567024538,89.8305103355048,90.23233032226562,8693113
2017-11-08,90.23233299916981,90.72345422834388,89.60727413967089,89.83051300048828,8280233
2017-11-09,89.47330747064964,89.60725217585001,88.6250099582613,89.25006866455078,10610572
2017-11-10,89.20543480442711,92.33074999660434,88.84825836224891,91.48245239257812,21019137
2017-11-13,90.45556712615729,92.64329078918038,83.7138150085696,84.91929626464844,54577114
2017-11-14,83.89239797876627,84.2942250389027,77.95430040463944,79.91878509521484,65218755
2017-11-15,78.17754578245088,82.06186487857411,78.13289516860728,81.5261001586914,30124129
2017-11-16,82.5083234672441,82.5083234672441,80.58848950558604,81.48143768310547,18649508
2017-11-17,81.88327174434664,82.46368704338079,81.3028564453125,81.3028564453125,12615126
2017-11-20,80.14201759587377,80.94566454491984,79.60624585547077,80.27595520019531,13340623
2017-11-21,80.14202637674225,80.67779106814142,79.02583927476776,79.60625457763672,16258721
2017-11-22,81.03498077392578,81.48145853077318,79.65091820773846,81.03498077392578,11444448
2017-11-24,82.0618750695223,82.0618750695223,81.03498190066108,81.21357727050781,5195206
2017-11-27,81.88326616661952,82.59762614281088,80.76707914805213,80.9010238647461,16453507
2017-11-28,81.1242718788389,82.32974603480358,80.63315067227354,82.19580841064453,11709157
2017-11-29,82.37439367949574,82.77622075290567,81.74932776358997,82.50833129882812,11509697
2017-11-30,82.86549992372196,82.99943751889893,81.16889782060424,81.66001892089844,14200582
2017-12-01,81.6153949200732,81.6153949200732,79.74020417033343,79.82949829101562,17116050
2017-12-04,80.36526054959735,80.63315001113223,79.8294958419408,80.14202880859375,14261616
2017-12-05,79.38302581602518,80.40991893316485,78.89190456602519,79.29373168945312,13733075
2017-12-06,78.6239826165791,79.65087521690619,78.5793391296148,78.84722137451172,9163104
2017-12-07,79.51695086898066,80.63313783629137,78.71329682113338,79.07048034667969,11598420
2017-12-08,79.11512384505703,79.56160147506351,78.84724153167645,79.07048034667969,11360294
2017-12-11,78.62400882310777,79.42766293337186,78.26683237752643,78.80259704589844,12138124
2017-12-12,80.14201236015967,80.54383225457883,78.80258665051029,79.96341705322266,13945388
2017-12-13,80.00809180973691,80.32062480659278,79.29373168945312,79.29373168945312,8785613
2017-12-14,79.33838813650709,79.56162702319484,78.75797271728516,78.75797271728516,10129668
2017-12-15,79.3830348678074,79.60627376354638,78.84727004728354,79.56163024902344,18441952
2017-12-18,79.78485293945312,80.58850718630897,79.24908818002073,79.29373168945312,11249683
2017-12-19,79.33839096789082,79.47232861851712,78.35614836066034,78.53473663330078,13666553
2017-12-20,78.71329915221375,78.80259325931837,77.50782515244846,77.9096450805664,15725818
2017-12-21,77.95429653566397,78.98118233238658,77.86500242758834,77.99894714355469,14163503
2017-12-22,78.17753940414599,78.40077113203083,77.68641823046946,78.13288879394531,9675745
2017-12-26,78.44757665897399,79.39164914931023,78.22280362899217,78.357666015625,11546922
2017-12-27,78.49254667707169,79.2567908321796,77.81821317804808,78.13290405273438,12546163
2017-12-28,77.99803273276329,78.22281294630051,77.54847946247101,78.0429916381836,12714804
2017-12-29,77.63839772315768,78.80724349721753,77.63839772315768,78.44759368896484,15889514
2018-01-02,79.03201090050551,80.87519724888169,78.8072378378698,80.83023834228516,16185981
2018-01-03,82.26883846437796,82.44865981065486,81.05503364183335,81.59449768066406,17000180
2018-01-04,82.6284770753252,83.70741225647404,82.26883440053669,83.30281066894531,17225995
2018-01-05,84.78631752169079,84.83127641856775,83.16791889939357,83.34774017333984,16667865
2018-01-08,83.93217776866423,84.06704016963731,81.36970626879115,82.17890930175781,17130657
2018-01-09,82.40368457519797,83.8872211233355,81.41466020977295,83.43766784667969,13855205
2018-01-10,83.57253293903119,85.6854512992219,83.52758118831106,85.10102844238281,17177522
2018-01-11,86.44968827489882,87.1689806375766,85.41571221303255,85.50562286376953,20808952
2018-01-12,85.95515226618103,86.09002178325316,84.06701481107056,84.33675384521484,18169606
2018-01-16,82.35871649137212,83.21287112600119,80.74031070283196,81.86420440673828,42912819
2018-01-17,79.34669856456358,79.57147877488303,77.59343010034873,77.99803161621094,39131904
2018-01-18,78.22279741487425,78.58243995969971,75.34563558592833,75.39059448242188,35944841
2018-01-19,74.85115398694234,75.21079667821023,72.01894990124865,73.09788513183594,44851332
2018-01-22,71.47947076827397,73.41256791108711,71.0299174541214,72.69327545166016,28005019
2018-01-23,73.27767221119069,76.55943528312703,73.14280268664143,75.9300537109375,25714786
2018-01-24,76.42459452686138,78.04300080354331,73.05291955496267,73.9070816040039,34850262
2018-01-25,74.17677387431416,74.716237573123,72.51341673448485,72.73818969726562,19834813
2018-01-26,72.5134506225586,72.64831303189715,71.61433688091071,72.5134506225586,18965005
2018-01-29,72.01894410761682,73.86212348726389,71.79416386526523,73.18778991699219,15469060
2018-01-30,72.37855692502633,73.14280084575,71.7042236328125,71.7042236328125,14242064
2018-01-31,72.19876322770092,73.14282876581272,71.8840723294027,72.69327545166016,16018822
2018-02-01,72.19875746854359,72.423537686081,71.56937572215173,72.01893615722656,11022366
2018-02-02,71.43453266301312,71.6143540230295,70.13081706771798,70.31063842773438,17171805
2018-02-05,69.59131798768244,70.26565139633796,67.02884674072266,67.02884674072266,25715850
2018-02-06,66.62424724563172,68.96193812252244,66.12973516346017,68.64724731445312,26462505
2018-02-07,68.82708212288554,69.7711547327383,68.5573501586914,68.5573501586914,15859821
2018-02-08,68.28759033019199,68.37750094823593,64.96086883544922,64.96086883544922,28928098
2018-02-09,66.03984784841847,67.56834369728236,63.971887928273766,67.16374206542969,26929053
2018-02-12,67.70319495584283,68.06283757261957,66.44443148355995,66.62425994873047,15771182
2018-02-13,66.2646191945954,66.48939943906727,65.32055361866654,65.9499282836914,15378459
2018-02-14,66.03982185974806,67.56831710710276,65.8150488302281,66.98389434814453,17926577
2018-02-15,67.11875204459737,68.06282446702707,66.39946694954325,66.75910949707031,11452419
2018-02-16,66.75909739182983,68.46741349638071,66.57927615067277,67.65821075439453,13505612
2018-02-20,67.07381333646585,67.29859355073368,65.72514636442313,66.26461029052734,12867294
2018-02-21,66.1297253109359,66.21963593459142,64.96087288985453,65.14070129394531,20472151
2018-02-22,65.3205722574091,67.74817525734126,65.14075087323414,65.72517395019531,16379390
2018-02-23,65.8611037279348,66.49568668537458,65.67979431152344,65.67979431152344,11040854
2018-02-26,65.2265259097463,66.5410302517351,63.23210751942105,66.40504455566406,30302034
2018-02-27,66.49572779555356,68.80744232400794,65.72515869140625,65.72515869140625,19410582
2018-02-28,66.17842230820418,66.26907704859258,63.86670838827371,63.95736312866211,18490403
2018-03-01,64.18399445269883,64.63726809012898,63.23210899008125,63.54940414428711,19170976
2018-03-02,63.413426138718854,64.54662119379395,63.322771400234096,64.002685546875,15572368
2018-03-05,64.27465427841621,66.40505136733414,64.00268285837598,65.36251831054688,18247395
2018-03-06,66.17842409586851,66.49571208779345,65.77047414509558,66.35973358154297,12124707
2018-03-07,65.63449917976828,66.1331039550955,64.27467059833474,65.7704849243164,17318787
2018-03-08,65.72513353948314,66.3597238624116,65.31718364845909,65.81578826904297,10348638
2018-03-09,66.26909808141716,67.76491259659075,65.77049324302595,67.7195816040039,13386967
2018-03-12,68.08216758479404,69.487326647736,67.81020340951765,68.44479370117188,14653629
2018-03-13,66.58635558797234,66.81299601480407,64.99988703216917,65.4078369140625,24772029
2018-03-14,65.54384867893457,66.13310825022707,64.54663906351458,64.68262481689453,11907699
2018-03-15,64.86389763620049,65.95176139955775,64.63725724749864,65.09053802490234,9895779
2018-03-16,64.99989298549175,65.36251914483728,64.27465509882107,64.8639144897461,23889514
2018-03-19,64.63726643530568,64.7279211604708,63.45874779214985,63.77604293823242,13810133
2018-03-20,63.912011413582235,63.95734237707362,61.73628391817581,61.82693862915039,18554546
2018-03-21,61.917615744721324,63.277443958918475,61.50966583726018,62.914817810058594,13592791
2018-03-22,62.325564464915516,62.506873948878514,60.37647668829728,60.51245880126953,14862500
2018-03-23,60.739096615132794,60.965737081669936,59.016645666275366,59.2432861328125,17536442
2018-03-26,59.968536556895586,60.01386393530542,57.702153204380046,58.42739486694336,22000434
2018-03-27,58.56336123732117,62.18957939800268,58.11008757524093,60.9203987121582,32336072
2018-03-28,61.283043626324506,63.23213179421044,59.333951850432506,62.00828170776367,29025877
2018-03-29,61.55499259070346,61.917618757206235,60.512455892027326,61.10171890258789,15548310
2018-04-02,60.96572733382517,61.373677221960364,58.74467204331831,59.469913482666016,15041824
2018-04-03,59.46991997556295,59.560574714378454,58.0194333304993,59.5152473449707,12474884
2018-04-04,58.110097515258495,60.28582589743246,57.97411178536844,60.195167541503906,11929712
2018-04-05,60.24048199519683,61.464327972379785,59.69655004889279,60.87506866455078,11168889
2018-04-06,60.376478802949464,61.05639299962965,58.60869684037332,59.197959899902344,13242927
2018-04-09,59.379268467296825,59.65123630654504,58.110094838819556,58.15542221069336,14258423
2018-04-10,58.97131295917108,59.56057234604607,58.6993487535388,59.152626037597656,11982984
2018-04-11,58.51804070789423,59.288613239468084,58.246076478871956,58.790008544921875,10479010
2018-04-12,59.06196840069417,60.05917771594811,58.790004191809516,59.741886138916016,13277419
2018-04-13,60.78442617034533,62.008268785741066,60.55778570911958,61.14704513549805,14850168
2018-04-16,61.19237888733102,61.5549978689173,59.9685290004609,60.42180633544922,12160618
2018-04-17,60.64844104580448,62.86950026919595,60.55778630362633,62.506874084472656,15050609
2018-04-18,62.91482764852338,63.096144359312156,61.73630871645731,61.917625427246094,8969027
2018-04-19,61.96296106685521,63.730739803712545,61.781651537333296,63.41344451904297,18316838
2018-04-20,67.71958889221195,68.21819378426467,64.99992387664793,65.90647888183594,39371615
2018-04-23,66.85832848299547,66.99430696933038,65.22652891889926,65.81578826904297,15298437
2018-04-24,66.45038377655072,66.94898843603664,65.90644814074325,66.5410385131836,15495602
2018-04-25,66.72233391999187,66.76766488675672,63.05079260436207,63.68538284301758,23216120
2018-04-26,63.95736355155486,65.72514182483314,63.73072309108003,65.18121337890625,13533448
2018-04-27,64.45596823499314,65.63448708384533,64.31998251550613,65.18121337890625,10188469
2018-04-30,65.13587103171848,65.2265257568836,63.77604293823242,63.77604293823242,10127373
2018-05-01,63.82136131129467,63.86669227805952,62.688173734278195,63.68538284301758,10719493
2018-05-02,63.91203202626555,65.18121282125784,63.82137728605332,64.274658203125,10783239
2018-05-03,64.31999086462395,64.31999086462395,62.7788528517716,63.14147186279297,12665163
2018-05-04,62.869518705762644,64.0480379156916,62.416237645935944,63.912052154541016,8744820
2018-05-07,63.86669766339754,64.27464753464523,63.45874779214985,63.77604293823242,6858410
2018-05-08,64.27467477276704,65.67983443231452,63.86672472863956,64.68262481689453,12381195
2018-05-09,65.04524619834366,66.5410606749893,64.8186056732727,66.26909637451172,10614202
2018-05-10,66.90363694684665,66.90363694684665,65.72511851594658,66.58634185791016,7820843
2018-05-11,66.81301189343151,66.94899762505051,65.81580243758874,66.17842864990234,5970052
2018-05-14,66.63169386456882,67.08496755191513,66.35972965216102,66.6770248413086,8562032
2018-05-15,66.63169386456882,66.72234860203807,66.04243446301344,66.6770248413086,7357154
2018-05-16,66.67701207422657,68.44478994040473,66.58635013810664,68.12749481201172,11397833
2018-05-17,68.53544466051575,69.07937298118183,67.62889024339668,68.12749481201172,10585136
2018-05-18,68.35415740377074,68.4448121533026,67.62891219150455,67.85555267333984,7170422
2018-05-21,69.62332486832582,70.48454851963625,68.89807972111089,69.1700439453125,16258282
2018-05-22,69.75930398441675,70.66585862238593,69.3060302734375,69.3060302734375,13717258
2018-05-23,68.89807881799094,68.94340979610232,63.95736300437693,64.274658203125,30743980
2018-05-24,64.99990247989716,66.72235714435591,64.54662873451919,66.17842864990234,21995906
2018-05-25,66.22375259930688,66.49571684728467,65.31719789003633,66.31440734863281,10370235
2018-05-29,65.63448652231901,65.81579600274347,63.54941306541662,64.274658203125,15867583
2018-05-30,64.0933534578558,64.54662719240439,63.54941776038643,64.22933197021484,10893914
2018-05-31,63.912012439480534,64.0479981161293,63.23209848825326,63.82135772705078,11571648
2018-06-01,63.912052154541016,64.13869268445437,63.232137780813765,63.912052154541016,11870536
2018-06-04,64.04801279165932,64.41063172446638,62.00826325459471,62.144248962402344,17197157
2018-06-05,62.14425419034797,63.14146355546855,61.283030544474954,62.55220413208008,14699910
2018-06-06,62.64283824392985,62.960133340344996,61.781614881667196,61.82693862915039,12967368
2018-06-07,61.781633704105865,62.55220259015603,61.69097896551234,62.4615478515625,14811336
2018-06-08,62.461557609122146,63.77606234809189,62.14426236647268,63.14147186279297,10484206
2018-06-11,63.41340770191719,63.59472434218113,62.778824717022395,63.36808395385742,9098022
2018-06-12,63.59472434218113,64.09332886688833,63.05078885340588,63.36808395385742,8663462
2018-06-13,63.549387970876325,63.73069737970488,62.68816467093686,62.96012878417969,7407462
2018-06-14,62.86947862937041,63.05078805131958,61.46431978525205,61.82693862915039,12659759
2018-06-15,61.78121918597104,61.826952502759355,60.820892333984375,60.820892333984375,20069141
2018-06-18,60.409323733548426,60.50078309029372,59.90629363142077,60.36359405517578,14260009
2018-06-19,59.72337849037144,59.76910817147947,58.991696312585375,59.2203483581543,16249456
2018-06-20,58.3514782136593,59.95202800205776,58.30574853170753,58.900238037109375,20120367
2018-06-21,58.58012296857971,58.625852644836854,57.66552216338008,58.351470947265625,14750782
2018-06-22,58.35147874294314,59.814839498759866,58.35147874294314,59.677650451660156,14178026
2018-06-25,59.586182450088515,59.67764544718054,58.260014492610836,58.30574417114258,16029380
2018-06-26,61.552595840903045,63.747635648596244,61.23248435226876,62.83303451538086,44618882
2018-06-27,63.381750194199235,66.0340925081535,63.107372214151965,63.839054107666016,28252972
2018-06-28,63.7476209021794,64.02199899465572,62.5586346080001,63.244590759277344,13444307
2018-06-29,63.24458947062725,63.56470087868929,62.055610480731815,62.238529205322266,15015178
2018-07-02,61.64404426897284,61.96415570070723,60.31787249753496,61.141014099121094,13098533
2018-07-03,61.0495510900334,61.68977031347316,60.820902667386704,61.141014099121094,6721507
2018-07-05,61.186722758152364,61.461100787367194,59.631903005851065,61.415374755859375,11172227
2018-07-06,61.14101626049486,63.56470782637394,60.91236418973615,63.336055755615234,12524399
2018-07-09,63.747635611217035,64.66223674389613,63.610442893294405,63.79336166381836,13993109
2018-07-10,64.02200725272421,64.84514891638617,63.93054787676829,64.7994155883789,12585475
2018-07-11,64.29636486324712,65.34815827119478,63.976253509521484,63.976253509521484,9862643
2018-07-12,64.2506388298899,64.66220953038626,63.70187546920933,63.976253509521484,8309863
2018-07-13,63.884804118901634,64.3421082040802,63.47323335426387,63.51896667480469,10121259
2018-07-16,63.51894107533208,63.79331904782468,63.10737047656595,63.564674377441406,8943299
2018-07-17,63.33604847679542,63.51896720035735,62.4214475789283,62.604366302490234,12334350
2018-07-18,62.83300855488737,63.153119911262365,62.65008985983203,62.87873458862305,8562449
2018-07-19,62.74155881033989,63.47323370254857,62.28425472265204,62.78728485107422,15641895
2018-07-20,62.741563671235745,63.01594177707141,59.35754155239286,59.99776077270508,35732423
2018-07-23,59.54045212614915,59.99775254653808,58.99169234968812,59.403263092041016,18849031
2018-07-24,59.083159806528194,60.043490457011025,58.76305201638658,59.99776077270508,11824171
2018-07-25,60.043485728596984,60.13494873003518,59.266077516587686,59.9520263671875,11132811
2018-07-26,59.90630048710727,60.683712388466475,59.72338175268343,60.134952545166016,11374588
2018-07-27,59.9977553086309,60.27213702950726,59.35753614662428,59.7233772277832,8206805
2018-07-30,59.63191208455925,60.40932389908157,59.49472304906538,60.1806755065918,8255716
2018-07-31,60.3178661060691,62.42144593163299,60.18067706701805,62.329986572265625,14959799
2018-08-01,61.964139381535844,61.964139381535844,60.546504974365234,60.546504974365234,9291368
2018-08-02,60.22640609741211,60.40932481417482,59.72337598628605,60.22640609741211,7631879
2018-08-03,60.134940009658145,60.59223675039136,59.906287999263355,60.08920669555664,7354316
2018-08-06,59.997751315866,60.27213301848265,59.72337325327777,59.90629196166992,6779285
2018-08-07,59.997753152571434,60.592242613073395,59.540452727563334,60.1806755065918,11811088
2018-08-08,60.31786964482096,60.31786964482096,59.311809352698766,59.677650451660156,8429823
2018-08-09,59.49471402416998,59.586173367292204,59.03741366853087,59.17460632324219,6778847
2018-08-10,59.03742451225934,59.03742451225934,58.12282727301999,58.3972053527832,10110158
2018-08-13,58.16856171481404,58.21429139851813,56.659471232492265,56.9338493347168,14001101
2018-08-14,57.071032859209936,57.61979261554713,56.3393507574081,56.47654342651367,10349974
2018-08-15,56.11071307004236,56.52228387574574,54.60162254248265,55.88206100463867,13501919
2018-08-16,56.0649831768831,56.52228366596415,55.83633111232806,56.247901916503906,10847153
2018-08-17,56.0649831768831,56.4308206561247,55.83633111232806,56.247901916503906,9795746
2018-08-20,56.11071286178831,56.65947272067975,55.51622331799166,56.247901916503906,7878350
2018-08-21,56.43082056000876,58.03137044905176,56.38509087518145,57.75699234008789,12091467
2018-08-22,57.665537422794735,57.711267111152836,56.79666606393211,57.02531814575195,9065575
2018-08-23,56.75092375156487,57.436872564379264,56.65946439519342,57.34541320800781,7940552
2018-08-24,57.25396165765941,57.43688039534151,57.02531323555679,57.16250228881836,8068963
2018-08-27,57.071037353870395,58.44293503274374,56.93384467396014,58.3972053527832,9324212
2018-08-28,58.39720062352277,58.945960378636876,58.16855224223704,58.351470947265625,12325524
2018-08-29,58.39719734189937,59.3575277693905,57.9398969649975,59.311798095703125,9971648
2018-08-30,58.8545057924172,59.311806232051204,58.305745992862136,58.3972053527832,9320414
2018-08-31,58.21427594040285,59.2203359948033,58.07708692571951,59.17460632324219,10517216
2018-09-04,58.900229913169284,58.900229913169284,57.75698074200244,57.93989944458008,9355782
2018-09-05,56.933836711014735,57.52832610738319,55.97350992612918,57.436866760253906,11491355
2018-09-06,57.16250319449361,58.53440102890355,57.16250319449361,57.20823287963867,8475812
2018-09-07,56.659474323810684,56.88812275480609,56.110714449392546,56.705204010009766,9570746
2018-09-10,56.522283962433704,58.07710417745295,56.47655427728864,57.20823287963867,9050656
2018-09-11,56.888120038467555,57.02531273054316,55.927789394083156,56.38508987426758,8378597
2018-09-12,56.2479000532588,57.75699052522803,55.927788629497236,57.665531158447266,8385211
2018-09-13,57.93990707057385,58.30574816390908,56.84238743059696,58.12282943725586,11408558
2018-09-14,57.84582043591527,58.86146963500559,57.153333681889144,58.538307189941406,14600045
2018-09-17,58.21515977797591,59.50780246099556,58.1689942303483,58.630653381347656,10573242
2018-09-18,58.49216088461087,58.86148898973712,57.98433611808366,58.44599533081055,8950101
2018-09-19,58.26132418614285,59.969460439126934,57.98432723107139,59.36930465698242,12958354
2018-09-20,58.12282266287576,58.58447809133776,57.06100782796752,57.522666931152344,18430204
2018-09-21,57.24567183303135,57.984324216953695,56.137691419786364,56.18385696411133,19910349
2018-09-24,55.86069735962124,55.86069735962124,53.55240532545217,54.198726654052734,31005079
2018-09-25,54.15256048708546,54.291057125615716,51.79810293317874,52.0289306640625,27896911
2018-09-26,51.93661006675225,53.3677533115978,51.75194784472979,52.58293151855469,19483739
2018-09-27,52.49058802886076,54.24488974853442,52.44442248424222,53.22924041748047,17151231
2018-09-28,52.81375213665487,53.13691095890175,51.93659941253862,52.12126159667969,15978112
2018-10-01,60.107954476193186,60.338785874543255,55.122042573341034,55.81452941894531,64290209
2018-10-02,56.876338958740234,57.61499495446366,54.337215863545886,56.876338958740234,31029263
2018-10-03,56.96866914429029,58.30748081879859,56.691675906288786,57.614994049072266,17311880
2018-10-04,57.29184913635518,58.53832643841119,56.968686585029246,58.44599533081055,15631315
2018-10-05,59.46164110178917,61.40060893762089,59.36931000003022,60.84661865234375,31541445
2018-10-08,62.416251560637455,62.9702381104302,61.215940019973715,62.83174514770508,36025406
2018-10-09,63.293401088543476,63.61656358644343,61.90842735405363,62.554752349853516,23046331
2018-10-10,61.816090178660204,63.06257082670795,61.07743416321205,61.30826187133789,19185019
2018-10-11,60.569617238124685,61.354438895066934,58.44598735424311,58.722984313964844,24238585
2018-10-12,57.84582265642559,59.23079989236504,56.32234879930898,56.876338958740234,25708943
2018-10-15,56.553188996844916,57.70733503611708,56.04536429859838,56.091529846191406,13070635
2018-10-16,56.460854496246434,56.737851457849054,55.39904322181883,55.86069869995117,18046308
2018-10-17,56.55318483663322,57.98432405618493,55.95302541262684,56.276187896728516,17409325
2018-10-18,56.04535525833016,57.38416327202108,55.67602726243633,57.15333557128906,17010175
2018-10-19,56.691675332505206,58.76913929538046,56.599344254105866,57.984317779541016,18108844
2018-10-22,58.12281926380875,58.30748142439436,56.922504195834435,57.15333557128906,10483914
2018-10-23,56.09153348442357,58.8153193426997,55.768370955588054,58.58448791503906,17086295
2018-10-24,58.676814731274014,59.13847384924659,56.045360331136436,56.18385696411133,17394134
2018-10-25,56.32235614738517,56.691684193431136,54.1063952205556,54.47572326660156,18412572
2018-10-26,53.506235007537505,53.7832282630709,51.56726751991252,52.167423248291016,24541312
2018-10-29,52.767591648034404,54.15256928245191,50.45929926539559,51.521114349365234,25007880
2018-10-30,48.75116256097588,52.62909477727779,45.56571732176125,46.99686050415039,71983559
2018-10-31,46.99686106605104,47.966341375675,45.24255531352716,46.627532958984375,42124411
2018-11-01,46.21202738986729,47.227676666543296,44.04223221007475,44.22689437866211,49320916
2018-11-02,44.411566159715264,44.59622835299161,41.872442628549194,42.888092041015625,54985507
2018-11-05,43.349751281912354,43.99607263434005,42.79576102629957,42.84192657470703,25955269
2018-11-06,43.21125363370917,44.04223716047866,43.21125363370917,43.48824691772461,23563834
2018-11-07,43.626745103217964,43.67291065218718,42.195605735725735,42.472599029541016,25878418
2018-11-08,42.19561025684156,43.11892500987916,41.7801165968766,42.01094436645508,33760858
2018-11-09,40.57979330683629,41.36461117496538,37.62517664802905,39.61030960083008,57077908
2018-11-12,38.87165749203992,39.01015780300022,35.640047264832255,36.88652801513672,51161628
2018-11-13,37.02502784151616,41.780112501209366,36.79419641984218,39.74881362915039,42945997
2018-11-14,40.4413026393793,40.85679628013425,37.80984781422936,38.410003662109375,35507986
2018-11-15,38.04067655237976,39.70264732291238,37.20968932975181,37.71751403808594,26807841
2018-11-16,37.30202537123354,37.85601937623409,35.68621993503261,37.02503204345703,36851582
2018-11-19,36.88652893909156,38.04067495275786,35.96321065826927,36.19403839111328,30898119
2018-11-20,35.40921416397063,36.28636306841114,34.76288927683871,35.3168830871582,29903260
2018-11-21,35.9632108984333,36.60953222943582,35.68621394244757,36.0555419921875,17620011
2018-11-23,35.917043130606245,36.28636748278566,34.8552282686446,34.94755935668945,9070771
2018-11-26,35.13221762496285,35.73237330522097,33.51641273973789,34.99372100830078,33103782
2018-11-27,34.5782245252744,35.22454568912429,34.024234431299895,34.34739685058594,23037755
2018-11-28,34.11658201368493,35.87088788929439,34.02425089912106,35.73238754272461,25938200
2018-11-29,35.316899719265905,36.93270534859675,34.578243407459446,36.65570831298828,25745417
2018-11-30,35.36304944417814,35.45538052312792,34.16273806838585,34.624393463134766,39037109
2018-12-03,34.80906487705956,36.70186332319002,34.76289565545932,36.0555419921875,27268484
2018-12-04,35.77854845070678,36.05554172995479,33.60874938964844,33.60874938964844,27820875
2018-12-06,33.23943207796076,34.11658132329125,33.00860062149828,33.93191909790039,23571659
2018-12-07,33.70108612182676,34.070410515684664,32.2699430714574,32.362274169921875,23887657
2018-12-10,32.17761633614534,32.870103343250626,31.161966765871547,31.992950439453125,23545806
2018-12-11,32.50077467138507,32.916268338465535,30.746472568374365,31.208131790161133,25995248
2018-12-12,31.577454377495826,32.4546034381664,30.931129375246186,30.977294921875,22080622
2018-12-13,34.578237852521944,34.6244034052529,32.87010137730568,33.23942947387695,43251895
2018-12-14,32.68544369254342,33.470261872372085,32.31611554482893,32.777774810791016,26875823
2018-12-17,32.73159366074136,33.37791485533871,32.36226568894757,33.00858688354492,27069962
2018-12-18,33.14709024951197,35.22455454276452,33.0547591564293,33.60874938964844,30626065
2018-12-19,35.31923548676328,36.75234318295685,34.90317041892948,35.41169357299805,45795945
2018-12-20,35.365466833882124,36.1513642978549,34.02481345680461,34.394649505615234,38050283
2018-12-21,33.83989429981503,34.44087552648151,32.82284801475566,33.053993225097656,38738388
2018-12-24,32.63792134563117,32.96152825225591,31.898253147344427,31.990711212158203,14608516
2018-12-26,32.31433600950296,34.25597116467794,31.29728937391403,34.163509368896484,27092394
2018-12-27,33.19268804945765,33.6087532043457,32.12941615550974,33.6087532043457,24993253
2018-12-28,33.23892815640589,35.365479775654194,33.23892815640589,34.718265533447266,25388083
2018-12-31,34.764490831051056,35.22678509122117,33.978593164606856,34.99563980102539,22610937
2019-01-02,34.487116384974634,37.81563063302202,34.255971095434624,37.21464920043945,26991297
2019-01-03,37.07595568719337,37.90808594681068,35.966451127555565,37.26087188720703,25654795
2019-01-04,37.86184833254116,38.18545532059503,36.891031048156975,38.04676818847656,25056937
2019-01-07,39.5261129245717,40.63561746142517,38.32414660983224,40.40446853637695,37493322
2019-01-08,41.190377614279704,41.791359046796956,39.387429636949385,39.572349548339844,30669237
2019-01-09,39.38742193439489,40.49692646665014,37.81562323373698,39.29496383666992,24268716
2019-01-10,39.29497021623059,41.375292471895136,39.248741159862796,41.329063415527344,23441412
2019-01-11,41.00545634117434,41.375292471895136,40.31201681587896,41.329063415527344,16832625
2019-01-14,40.72807323862678,41.60642880037856,40.49692432675068,41.14413833618164,17043123
2019-01-15,41.190356756564974,41.28281482555259,40.21953967264162,40.35822677612305,19626381
2019-01-16,40.26578154717181,41.606431334554834,40.034632621216836,41.513973236083984,17583057
2019-01-17,41.14413484179416,42.48478443365862,40.4506918448379,42.253639221191406,22074822
2019-01-18,42.66970174446696,42.762163511703264,41.74511719010074,41.88380432128906,19350175
2019-01-22,41.51396637754481,41.560195419142715,39.57233559110102,40.03462600708008,22571396
2019-01-23,40.17331063814781,40.86674983533163,39.80347468242066,40.35822677612305,15104193
2019-01-24,39.89594654932004,41.4677453050422,39.80348844835602,40.589385986328125,18848780
2019-01-25,40.91298472508074,42.57724124436771,40.866755683970865,42.34609603881836,23434130
2019-01-28,41.51396686598253,41.606424950266174,40.45069153716611,41.28282165527344,19120938
2019-01-29,41.14413833618164,42.207410083612196,39.98840113635643,41.14413833618164,23885070
2019-01-30,41.51397331428949,42.90085583329845,41.0516791412865,42.0687255859375,18035624
2019-01-31,45.95198218075648,49.789017948584934,45.11985216856389,46.969024658203125,72747847
2019-02-01,47.153940824663316,48.217215935652355,46.04443668100315,47.10771179199219,33002372
2019-02-04,47.477565821000816,47.80117287784348,46.69166822549469,47.200191497802734,21543088
2019-02-05,47.385096693144405,49.23427313685714,47.01526066844638,49.14181137084961,21455283
2019-02-06,49.32673365314801,50.43623810212397,48.21722920417205,48.40214538574219,25140965
2019-02-07,48.1710050416239,48.26346314178097,46.09068306897816,46.50674819946289,22682446
2019-02-08,46.275593806172395,46.691658887538075,44.10281398987967,45.35100555419922,24736786
2019-02-11,45.6283850179872,46.922805669942775,45.44346515358096,46.3680534362793,14749801
2019-02-12,46.55297074249431,46.92280309142843,45.81329868507125,46.136905670166016,14005879
2019-02-13,46.13690609647039,48.17099875351267,45.998218964338626,47.939849853515625,20644401
2019-02-14,47.57002488701185,47.61625393823341,45.998226106144585,46.41428756713867,19486347
2019-02-15,46.78412248343866,47.52379096421233,46.50674818306525,46.64543533325195,16347527
2019-02-19,46.3680397052672,46.922791774651415,45.998207445528735,46.8303337097168,13264315
2019-02-20,46.64542897625754,46.830345151305494,46.27559294638423,46.69165802001953,10151119
2019-02-21,46.3680534362793,47.153954580506166,46.22936629780783,46.3680534362793,10335701
2019-02-22,46.460514063543386,47.06149532855532,46.18313611365768,47.015262603759766,10587786
2019-02-25,53.48738845736022,54.31951512970163,49.83526734266285,50.02018356323242,60560499
2019-02-26,51.87675707855034,52.405618502123865,50.62671429596137,51.25173568725586,20864323
2019-02-27,52.06905954381779,52.54984456995175,51.155569466074304,52.309452056884766,21835966
2019-02-28,52.020978128219774,52.16521436801989,49.6651330373355,49.9536018371582,18230265
2019-03-01,50.24208089503833,50.57862971211848,48.31894059197688,49.37666702270508,17856700
2019-03-04,49.61706410780349,50.57863434745848,49.136278987976,49.90553665161133,13996993
2019-03-05,49.90552367000266,50.819013688143166,46.05924003211383,47.54967498779297,35870538
2019-03-06,44.52072661946061,46.34771039766555,43.51108030397875,43.7995491027832,41286543
2019-03-07,43.65532291009537,45.43423080444336,43.607246605786024,45.43423080444336,25577378
2019-03-08,44.90479274280526,46.58932267948923,44.66414560899327,46.108028411865234,17559457
2019-03-11,45.48236078028884,48.22574199683942,44.90480819710638,47.64818572998047,21277594
2019-03-12,47.79257262642987,48.803292363859676,46.49307845236035,46.97437286376953,19937161
2019-03-13,46.829982559187954,48.370127581711756,46.68559350286682,48.225738525390625,14880115
2019-03-14,49.573360443115234,50.53594917947794,49.092066074933875,49.573360443115234,26859385
2019-03-15,49.525218672334596,50.29529096602434,47.64816883784404,47.936946868896484,37959266
2019-03-18,48.08134430185702,49.62148915886433,47.98508616921302,49.092063903808594,18387845
2019-03-19,49.18832291178158,49.76587540159923,48.80328669067786,49.0439338684082,10970991
2019-03-20,48.755149272921855,49.717741539014476,48.70702205400623,49.188316345214844,9704794
2019-03-21,49.09207260053345,49.71775609907384,48.75516355108184,49.428977966308594,10135942
2019-03-22,49.18833495941404,49.284593117347384,47.74445153938357,48.033226013183594,16364625
2019-03-25,47.93693885345987,48.75513822639881,47.21499758021824,47.551902770996094,9977198
2019-03-26,47.88881467695688,48.85140685993258,47.792556563761835,48.61075973510742,9555279
2019-03-27,48.514502931001374,48.995797193638666,47.64816883784404,47.936946868896484,11064769
2019-03-28,47.93694951620488,48.17759666081322,47.16687717998805,47.60004425048828,9068655
2019-03-29,48.033221317786605,48.27386853093434,47.74444687221518,48.08135223388672,9734708
2019-04-01,48.22572359865216,48.755145063062464,48.12946548545711,48.61075973510742,10301888
2019-04-02,48.41825341612417,49.47710400951599,48.32199527590931,49.284584045410156,10382584
2019-04-03,49.38082832434288,49.477090121212996,48.12946548545711,48.61075973510742,11263640
2019-04-04,48.61077760634735,48.70703575493069,47.98509411504099,48.273868560791016,8232943
2019-04-05,48.46637509520681,48.8032803636163,48.03320802124425,48.17759704589844,8678979
2019-04-08,45.771127532314026,45.915516563125124,44.038466529931945,45.67486572265625,35313691
2019-04-09,45.00105721331883,45.28983160446032,43.89407950475383,44.37537384033203,16687089
2019-04-10,44.51975686697486,44.567884083829426,43.701553660019776,44.08658981323242,10808576
2019-04-11,43.894081115722656,44.56789173679156,43.797819298133504,43.894081115722656,10997856
2019-04-12,44.03846596676291,44.32724034101667,43.268393601401854,43.316524505615234,13735824
2019-04-15,43.3646534695841,43.55717341050218,42.305806687399446,43.22026443481445,16642146
2019-04-16,43.50905435801182,44.23099604487104,43.268407129058744,43.99034881591797,12085548
2019-04-17,44.08659738354924,44.182855517462535,43.60530303030693,43.894081115722656,9643619
2019-04-18,43.94221364856609,45.00106430053711,43.79782458841765,45.00106430053711,10334612
2019-04-22,44.51976885096371,45.00106325111724,44.182859823915265,44.85667419433594,13467232
2019-04-23,44.76040757091585,45.097312850459375,44.375371387005174,44.9047966003418,8126706
2019-04-24,44.808543280850095,45.00106325111724,44.327248880696565,44.85667419433594,5775345
2019-04-25,44.375375468964975,44.42350637775955,43.2202668109779,43.894081115722656,12515311
2019-04-26,43.89408140213669,46.15616414040076,43.845950493028056,46.059906005859375,14905235
2019-04-29,46.05990273910757,46.87810603386883,45.91551738937382,46.82997512817383,13243923
2019-04-30,49.23644803572674,50.68033093245875,47.936950481727564,48.947669982910156,35549901
2019-05-01,48.85140685993258,50.15090059725341,48.56262883667236,48.61075973510742,19938144
2019-05-02,48.851423482092514,50.05465951563076,48.514518129437064,49.33271789550781,15895597
2019-05-03,49.573364702656335,50.535953521728516,49.28458658346417,50.535953521728516,13806910
2019-05-06,49.284581774824396,50.48781768126628,49.14019272931618,50.19904327392578,8754137
2019-05-07,49.765871247088086,49.86212937340931,48.41824642756423,48.65889358520508,11415060
2019-05-08,48.514511233147836,49.33271088291232,48.514511233147836,48.89954376220703,9500004
2019-05-09,48.658900110637106,49.14019449046308,48.22573664226416,48.32199478149414,11937839
2019-05-10,48.22573209828666,48.995804506920045,47.02249626209432,48.75515365600586,12666230
2019-05-13,47.40752618582188,48.46637661060947,47.26313715665307,47.503787994384766,12065484
2019-05-14,47.84069375841489,49.81400191515434,47.696304727782035,49.669612884521484,14148995
2019-05-15,48.851414934894635,50.006519851520025,48.70702589939754,49.380836486816406,10777477
2019-05-16,49.18832076724053,49.52522606463925,48.41824835860715,48.75515365600586,10935800
2019-05-17,48.17760186380657,48.89954337559846,48.03321282471305,48.12947463989258,7436095
2019-05-20,47.69629176237933,48.418233035620965,47.070608588835,47.551902770996094,10474656
2019-05-21,47.936946868896484,47.936946868896484,47.16687457520674,47.936946868896484,12121141
2019-05-22,47.88883294661287,48.70703643010422,47.5519275800628,47.64818572998047,10361698
2019-05-23,47.21500395902586,47.311262071727754,45.57860130839332,46.01176834106445,11404487
2019-05-24,46.300560640729984,46.58933877453758,45.434229922983654,45.48236083984375,9536881
2019-05-28,45.289845391682164,45.9155326388176,44.616034590220195,45.049198150634766,14488312
2019-05-29,44.8085348679025,45.193571052468776,44.038466182445475,45.097312927246094,8945986
2019-05-30,45.0973226820516,45.77113707171132,44.7122864141998,45.578617095947266,10138450
2019-05-31,44.95293258692349,45.578616047328126,44.76041629926494,45.434226989746094,9297080
2019-06-03,44.760408201302724,45.915516769302826,44.519761043428815,45.86738586425781,9484896
2019-06-04,46.25242449902821,48.12947463989258,46.15616268384868,48.12947463989258,12320032
2019-06-05,48.46637470781337,48.562632828921636,47.26313530109631,47.60004425048828,8258886
2019-06-06,47.600052936236736,48.12947822445131,47.02250042052376,47.744441986083984,7730128
2019-06-07,47.64818969777345,48.370135091465464,47.26315338236329,48.033226013183594,8243075
2019-06-10,48.37012481689453,49.814007930221656,48.12947763134001,48.37012481689453,10486695
2019-06-11,48.6107654960028,49.09205980269164,47.93695125643313,48.70702362060547,7816341
2019-06-12,48.51451167357622,50.006521946414985,48.225733590484424,49.47710037231445,11029015
2019-06-13,49.86213014149053,50.63220253127374,49.33270859673075,49.62148666381836,12462684
2019-06-14,49.477101188664896,49.76587559284552,48.995806831354635,49.236454010009766,6892891
2019-06-17,49.09206637355809,49.28458264853131,48.225735768826624,48.37012481689453,9239377
2019-06-18,48.65889921505541,50.19904414909255,48.56264107759709,50.15091323852539,14759552
2019-06-19,50.39155246074273,51.065366683821594,49.717741921339275,49.765869140625,12161930
2019-06-20,50.39155631885993,51.49853401864066,50.39155631885993,51.16162872314453,13234293
2019-06-21,51.35413578523792,51.54665569366805,50.29528918173484,50.43967819213867,13156947
2019-06-24,50.34343093791403,50.680336245737244,49.42896946390721,49.47710037231445,7343060
2019-06-25,49.38083258822814,49.47709439341017,48.61076393249958,49.188316345214844,7121838
2019-06-26,49.18833075022971,50.00653054816262,49.09207260053345,49.428977966308594,6847327
2019-06-27,49.2845732184307,50.24716177646727,49.2845732184307,50.05464553833008,6677849
2019-06-28,50.054663601799504,50.584598541259766,49.95831280023094,50.584598541259766,8832104
2019-07-01,51.16269160558567,51.644452842558096,50.72911128569782,51.21086883544922,8010518
2019-07-02,51.21086643659117,51.64445042338978,50.921810445392104,51.162689208984375,6043516
2019-07-03,51.3554074808017,51.3554074808017,50.77729903873604,51.11452865600586,4449238
2019-07-05,50.77730383161901,50.82547738879222,49.95831280023094,50.584598541259766,6072809
2019-07-08,50.19917476468575,50.24735199287804,48.850252934731394,49.13930892944336,9659269
2019-07-09,48.75391375312563,49.572901016500666,48.36850689764862,49.38019943237305,7113732
2019-07-10,49.572889234290415,50.24735199287804,49.04295816027967,49.13930892944336,7845233
2019-07-11,49.235661403112786,49.669245410191124,48.65755308089602,48.705726623535156,6755455
2019-07-12,49.04297858390553,50.05466761226687,48.8502732781064,49.958316802978516,7864053
2019-07-15,49.38019264768816,49.8137729960136,49.13931385701375,49.47654342651367,8445819
2019-07-16,49.28384099672177,50.10282813307749,49.18748653238011,50.00647735595703,7931808
2019-07-17,49.958309618058145,49.958309618058145,48.07945251464844,48.07945251464844,10770776
2019-07-18,48.22397258698751,49.09113697709705,47.98309379458048,48.46485137939453,9059787
2019-07-19,48.56121265854597,49.091143863850064,48.32033014512544,48.368507385253906,6952842
2019-07-22,48.4166786200129,49.283843024213795,48.4166786200129,49.1874885559082,8692963
2019-07-23,49.52472559711824,51.451756114637156,49.47654835929162,51.307228088378906,14906960
2019-07-24,50.9699978998352,51.548106311006606,50.777296325185254,51.45175552368164,9008083
2019-07-25,51.21087156566582,51.40357312095151,49.91012316221313,50.24735641479492,9253562
2019-07-26,50.44006146776308,50.82546829228108,50.10283187901788,50.63276672363281,5420359
2019-07-29,50.58458570590099,50.96999250160403,50.00647735595703,50.00647735595703,7497670
2019-07-30,50.054653110936364,50.96999475204821,49.52472196976553,50.680938720703125,9091748
2019-07-31,51.83716195002247,51.98168997347709,48.41668137288992,50.343711853027344,34604621
2019-08-01,49.958298442203514,50.53640677268851,48.07944175910094,48.56120300292969,17640313
2019-08-02,48.22397387091755,48.56120713904301,47.30863222306774,48.17580032348633,12900213
2019-08-05,47.164108343743635,47.26045912674714,46.29694392226918,46.53782272338867,14093359
2019-08-06,46.778699428023174,46.97140098539388,45.670656255088495,46.1042366027832,13321830
2019-08-07,45.477955826623806,45.62248385356801,44.46626701245762,45.574310302734375,15406967
2019-08-08,45.815180752461025,45.91153152375576,44.89983920710857,45.71882629394531,9912773
2019-08-09,45.62249566503893,45.6706729155671,43.936343517669336,44.08087158203125,15393002
2019-08-12,43.5509209722985,43.79179976419548,43.11733693455116,43.599098205566406,13156727
2019-08-13,44.46626417492942,46.200589325922415,44.36990970496752,45.04437255859375,14852407
2019-08-14,44.51443904900342,44.803495093058764,43.16551698878103,43.50274658203125,17895704
2019-08-15,41.14214193757865,41.57572610781279,36.85449591933833,38.58882522583008,80465058
2019-08-16,40.51584385277451,42.39470064575474,40.323142293750465,42.346527099609375,49935166
2019-08-19,42.78009809600233,42.82827531883373,41.479353638979646,41.76840591430664,22398591
2019-08-20,41.33483006401681,41.43118083273018,40.130436237047554,40.371315002441406,20525588
2019-08-21,40.27497765758871,40.85308614977636,39.2151077868189,39.311458587646484,17105978
2019-08-22,39.40779734955052,40.03408289443531,39.07056780606517,39.45597457885742,13672704
2019-08-23,38.974215005448926,39.02238854502665,37.38441445496823,38.3961067199707,25801529
2019-08-26,38.82969057280364,39.02239212322609,38.15522777188282,38.781517028808594,11634356
2019-08-27,38.974220909823046,39.07057169079588,38.107056506624815,38.203407287597656,13255982
2019-08-28,38.155228634753854,38.492461886451274,37.384418728411255,38.251583099365234,11576392
2019-08-29,38.7333498841408,39.5041636610004,38.54064459631486,39.070579528808594,11785596
2019-08-30,39.21509845488274,39.79320680949914,39.07057044442334,39.745033264160156,9494847
2019-09-03,39.02238549685991,40.41948440545614,38.92603473800995,40.13043212890625,13572847
2019-09-04,40.51584601798843,42.73193250130162,40.467672469268614,42.39470291137695,18790362
2019-09-05,43.31004702307642,44.466267565796485,42.394705299186995,42.4428825378418,17433537
2019-09-06,42.49104383892474,42.49104383892474,41.286646509296105,41.96110916137695,8596517
2019-09-09,42.15381600763188,43.59909224877192,42.057465241481424,43.16550827026367,10023906
2019-09-10,42.924641000802595,44.65897000461728,42.876463761221494,44.032684326171875,12563304
2019-09-11,44.08087075729328,45.092559814453125,43.64728657231975,45.092559814453125,11455328
2019-09-12,45.285237643244166,45.8633458518134,44.41807348678017,44.610774993896484,13666384
2019-09-13,44.90015369355977,45.57534566762574,44.08028115260087,45.044837951660156,9146903
2019-09-16,44.85193133580481,45.43066471915975,44.224968632500406,45.237754821777344,9178805
2019-09-17,44.851927749087785,45.28597682909204,44.61078855103932,45.141292572021484,7614962
2019-09-18,44.900156964546554,45.28598045051909,44.27319426124215,45.237754821777344,8079777
2019-09-19,45.09307368770689,45.81649138998968,45.04484436440485,45.430667877197266,6808664
2019-09-20,45.62358226249186,46.009405781908335,45.044845137763126,45.18952941894531,11542705
2019-09-23,44.466104610466076,45.28597715142498,44.369649668801635,45.044837951660156,6723554
2019-09-24,44.90014357721699,45.09305710828843,43.21216955917658,43.260398864746094,10702559
2019-09-25,43.21217815080183,44.369648493743725,43.115723211691844,44.176734924316406,8799802
2019-09-26,44.27320365565545,44.41788795499694,43.21219161249865,43.50156021118164,7469661
2019-09-27,43.59800338745117,44.22496605420392,43.35686418417762,43.59800338745117,6121624
2019-09-30,43.79091091252909,43.88736585039649,43.11572265625,43.11572265625,7040620
2019-10-01,43.2121825961442,43.598006083482105,41.04192963247721,41.524208068847656,13799506
2019-10-02,41.28307037945885,41.57243523727225,40.559649006905694,41.04193115234375,9534413
2019-10-03,40.99369138368683,42.00647735595703,39.78799555536846,42.00647735595703,11762643
2019-10-04,41.524204772689956,41.958253854485804,41.18660694106271,41.33129119873047,10487838
2019-10-07,41.23483647934706,41.71711488003104,40.897242337109766,41.28306579589844,6454560
2019-10-08,40.89724266105904,40.993697603718374,39.88445653511737,39.93268585205078,9129448
2019-10-09,40.07736156282292,40.36673004693522,39.739767458829924,40.2702751159668,6589067
2019-10-10,40.22205945409688,41.090161509814195,40.07737516294261,40.752567291259766,6128666
2019-10-11,41.42774280543359,43.01926198745259,41.37951349732124,42.44052505493164,11202546
2019-10-14,42.63344357357408,42.6816691961099,41.66888313716357,42.05470657348633,6832219
2019-10-15,42.15116286449797,43.019264625302746,41.52420027662746,42.87458038330078,7791583
2019-10-16,42.72989592524362,43.742681922929414,42.633440994799024,42.92280578613281,11605123
2019-10-17,43.01927003783613,43.83914259072473,42.82635646049279,43.59800338745117,6552993
2019-10-18,43.45333180905017,43.887381025136335,43.163963204187006,43.21219253540039,7827417
2019-10-21,43.356864092549934,43.9838267579777,42.24762302159427,42.39230728149414,12155530
2019-10-22,42.295841039244486,43.69445037841797,41.52419794392755,43.69445037841797,11459381
2019-10-23,43.308644646838,44.12852107607556,43.06750538911126,44.080291748046875,9547274
2019-10-24,43.98382425478493,44.12850850645057,42.82635393266705,43.16394805908203,6848069
2019-10-25,43.01926311593469,43.839135536903875,43.01926311593469,43.405086517333984,8458780
2019-10-28,43.50154423072824,43.98382259056082,43.356859984537046,43.74268341064453,6371196
2019-10-29,43.45331491826213,44.08027752428591,43.067491492154645,43.74268341064453,9180931
2019-10-30,47.16686524386659,50.01231002302816,46.82927110158164,48.758384704589844,43326155
2019-10-31,48.46902563850218,49.2406689566764,47.55269435345995,48.13142776489258,17381933
2019-11-01,48.61369663717355,50.10875723412139,48.517238018938876,50.06053161621094,16462897
2019-11-04,50.25345589815632,52.809536191094196,50.25345589815632,52.713077545166016,19618249
2019-11-05,52.66484377604581,52.905982971191406,51.700286995463415,52.905982971191406,14321783
2019-11-06,52.71307245301769,53.53294871695849,52.03788414399212,53.147125244140625,15650118
2019-11-07,53.53294095577739,54.59395258379584,53.48471164446458,54.44926834106445,14261713
2019-11-08,54.15991895399269,55.70320936933978,53.725866102321,55.55852508544922,12535897
2019-11-11,54.97978285043296,55.46206125881843,54.208135920533216,54.738643646240234,9144135
2019-11-12,54.59395832582895,55.8478836397758,54.44927406788009,55.076236724853516,9819738
2019-11-13,54.44926834106445,54.78686613784004,53.91876437265875,54.44926834106445,10830626
2019-11-14,53.91876437265875,54.738636826527234,53.91876437265875,54.44926834106445,6177722
2019-11-15,54.690423073313944,55.70320936933978,54.64219743948916,55.55852508544922,7671582
2019-11-18,55.02801838870352,55.46206752883694,54.64219488013608,55.172698974609375,10226930
2019-11-19,55.12447246994414,55.70320587802495,54.30459983422898,55.462066650390625,9396375
2019-11-20,55.17270358264836,55.41384652545027,54.304605229877716,54.93156433105469,9367744
2019-11-21,54.642182339740835,56.0407880847085,54.54572371633031,55.60673904418945,8364300
2019-11-22,55.413832664441216,56.523073682552365,55.413832664441216,55.70319747924805,7720858
2019-11-25,56.23370859960493,57.10181047928329,55.79965950536952,55.84788513183594,11378143
2019-11-26,56.04079461063948,56.281933814832215,54.54573006816154,54.738643646240234,12879647
2019-11-27,54.93154668936439,55.31737010624575,54.30458778954011,54.44926834106445,9128706
2019-11-29,54.401046850374144,54.78687029654217,54.11167834294629,54.35281753540039,4562336
2019-12-02,54.545728999775825,55.55851511403089,53.72585645982086,53.82231140136719,13785963
2019-12-03,53.05066690677412,53.58117091817257,52.13433575601931,53.002437591552734,12850515
2019-12-04,53.87053288936073,53.918762198729006,52.423697902795304,52.56837844848633,8777551
2019-12-05,52.520162173193086,52.857756325205294,51.89319949590896,52.03788375854492,9484775
2019-12-06,52.568379541908634,53.58116553005314,52.32724037246537,53.53293991088867,10151591
2019-12-09,52.95420827633136,53.67762585740798,52.90598265231732,53.002437591552734,5356135
2019-12-10,53.002441081025694,53.195350972196955,52.6648469258722,53.09889602661133,4971956
2019-12-11,52.905982971191406,53.48471630129937,52.80952803137464,52.905982971191406,7365872
2019-12-12,54.73864983447596,55.799665405838404,54.208142048794734,55.172698974609375,20039606
2019-12-13,55.462065228538904,55.94434367144365,54.6421926138424,54.6904182434082,10560930
2019-12-16,54.40104062871154,54.78686403075425,53.677619442877145,53.87053298950195,11137921
2019-12-17,53.77407908033194,54.15990248968256,53.436481290145785,53.53293991088867,8376439
2019-12-18,53.14711459369471,53.72584784134213,52.664836272120716,52.85774612426758,15133639
2019-12-19,52.95419995695782,53.77407603967052,52.95419995695782,53.243568420410156,9090163
2019-12-20,53.48493386789535,53.77456472742572,52.616044983858174,53.24357604980469,14775102
2019-12-23,53.09876618049105,53.91938205192508,53.09876618049105,53.87110900878906,8834673
2019-12-24,53.58147995163809,54.06419558782719,53.533206910197606,54.01592254638672,4167022
2019-12-26,53.96766085494364,54.20901870727539,53.72629930805745,54.20901870727539,6092672
2019-12-27,53.91939357252635,54.11247839721751,53.72630505328037,53.96766662597656,6013441
2019-12-30,53.43666260064966,53.871105179778674,53.24357413638382,53.48493194580078,9659851
2019-12-31,53.09876618049105,53.87110900878906,52.905677702501016,53.87110900878906,11367670
2020-01-02,54.20901806169783,57.73284340268689,54.20901806169783,57.58802795410156,17540015
2020-01-03,55.85023893987187,57.92591663723743,55.65715049444634,57.78110122680664,17231837
2020-01-06,57.15357958023773,58.93962674847871,57.15357958023773,58.60172653198242,22461009
2020-01-07,58.64999773997179,59.08444033408186,57.53975103945793,58.16728210449219,14160793
2020-01-08,57.877653144261906,58.16728401287358,57.29839510159258,57.636295318603516,11115771
2020-01-09,58.26382059452627,58.360362976252226,57.10530093015386,57.49147415161133,7900488
2020-01-10,57.15357775688749,57.49147796260387,55.946788668933344,56.33295822143555,11767739
2020-01-13,56.67086396143464,58.649999607750466,56.38123309310168,58.505184173583984,13274420
2020-01-14,58.69827097281585,58.84308641195779,57.87765507708371,58.070743560791016,9034667
2020-01-15,58.02248215469503,58.02248215469503,57.10531998586271,57.29840850830078,9239517
2020-01-16,57.63630690435565,57.82939172587366,57.05704874524685,57.15359115600586,7358067
2020-01-17,57.20184330836191,57.58801652979563,56.76740074334501,57.008758544921875,9345794
2020-01-21,56.67086027672012,56.960491126221406,56.04332923250318,56.28468704223633,8775485
2020-01-22,56.52605070904239,56.52605070904239,54.7882728210785,54.88481521606445,12428998
2020-01-23,56.622596655437206,57.20185475623859,55.995065506838046,56.81568145751953,14679157
2020-01-24,57.34667033486291,57.39494338276994,56.091608034824155,56.52605438232422,11912960
2020-01-27,55.2709903315342,55.94679450805398,54.93309009055145,55.22271728515625,9602991
2020-01-28,55.60888854547418,57.05703924392769,55.36753071149096,56.62259292602539,12625782
2020-01-29,60.67740434400523,62.75308606729478,60.291234780611276,62.46345520019531,44278356
2020-01-30,62.22211093592319,62.70482668991836,60.33951727860913,61.449764251708984,19154638
2020-01-31,61.208398999975536,61.49802989529819,59.56716341740446,60.09815216064453,15646447
2020-02-03,60.146415736712235,61.20838936140758,59.1327114572667,59.18098449707031,10105766
2020-02-04,60.291234883398516,60.91876227226054,59.8085155392251,60.725677490234375,8905297
2020-02-05,61.59456642224176,62.07728576660156,60.677404470878365,62.07728576660156,10046658
2020-02-06,62.463457149883794,62.75308802602359,61.9324684418122,62.5117301940918,12763278
2020-02-07,62.84962669741847,63.187530617616204,61.835926020487626,61.93246841430664,13369743
2020-02-10,61.9807377625493,62.60826513223017,61.642837557054854,62.318641662597656,6720424
2020-02-11,62.51172640732726,62.656538142070794,61.69110687282643,62.02901077270508,8202487
2020-02-12,62.51172449249585,64.0081443918085,62.17382060296772,63.525428771972656,13184414
2020-02-13,63.13925563068874,63.52543258319071,62.27037041849833,62.46345520019531,10234936
2020-02-14,62.60826886559387,63.090991918351314,61.546298839030584,61.93246841430664,7416954
2020-02-18,61.35321049807624,62.51173031023375,61.160125709993714,61.54629898071289,8820688
2020-02-19,61.30494130498117,62.4634611899174,60.77395625712047,60.87049865722656,11010597
2020-02-20,61.063575802112396,61.20839123139372,59.90505975696963,60.484317779541016,7937566
2020-02-21,60.09815234184617,60.14642538939695,58.98790549916767,59.132720947265625,8611565
2020-02-24,56.429502441799585,58.21554949411689,55.995056167741566,57.250118255615234,14240786
2020-02-25,57.78110287637454,57.925918290939606,53.96764753407763,54.64344787597656,16269102
2020-02-26,54.884803631824795,55.70541935783374,52.13332194086335,52.857398986816406,18682881
2020-02-27,51.26444448202613,52.85741063975458,49.76802810929908,50.154197692871094,18910102
2020-02-28,48.0302410417257,54.0159206293206,47.59579846239577,52.519500732421875,30359552
2020-03-02,54.112464904785156,54.73999597039471,51.940244543135584,54.112464904785156,25039892
2020-03-03,54.305551478576405,54.93308252226148,51.50579645458031,52.519500732421875,21919391
2020-03-04,53.38838389444413,53.67801471282535,51.65060637326357,52.857398986816406,16665500
2020-03-05,51.167908398657815,51.79543959121142,48.03025243588978,48.65778732299805,21686251
2020-03-06,47.06323741004057,47.15987568109177,44.35733993304452,45.420372009277344,29787216
2020-03-09,40.25017459336706,41.84471871692604,39.18714271217939,39.67033767700195,24558063
2020-03-10,42.42455113587477,42.762786865234375,39.428739451831945,42.762786865234375,19850767
2020-03-11,41.651438512063486,41.84471871692604,39.42874019459067,39.67033767700195,20746329
2020-03-12,34.93502426147461,37.59260039383966,33.00224430937109,34.93502426147461,31583435
2020-03-13,37.689242022951355,38.84891231687494,34.74175085306318,37.93083953857422,22099041
2020-03-16,33.77536500689734,34.54847493446734,32.132499476641975,32.18082046508789,23255932
2020-03-17,33.388801040968715,35.41822294934872,30.44130828547513,34.21023178100586,24121739
2020-03-18,31.456014362494464,32.85728191187684,28.50852558895856,31.890892028808594,27873844
2020-03-19,30.924501396056353,33.38879901389116,29.716513999274706,31.311059951782227,19861762
2020-03-20,33.87200309442796,34.065279650673936,31.166109117643344,31.504344940185547,25306037
2020-03-23,31.166100381520653,32.03585203727575,29.136678618684602,29.523235321044922,21193467
2020-03-24,32.180808036531474,34.113587656332555,31.262735498192708,33.87199020385742,23974833
2020-03-25,35.998055576203136,38.65562796475777,33.63039795655723,36.529571533203125,27665082
2020-03-26,36.86780473262739,40.10521383181167,36.28797153664089,39.2354621887207,24714600
2020-03-27,37.10941469949698,38.027483927378356,36.4329393279106,36.819496154785156,18719196
2020-03-30,36.43292889468199,38.3657124755672,35.51485992970629,38.124114990234375,17425331
2020-03-31,38.02747178525263,39.525377624278136,37.78587800609824,38.3657112121582,24307107
2020-04-01,36.336297158974865,36.481256415824966,33.823679902168415,34.01696014404297,19974760
2020-04-02,33.92030999949588,35.70813034628238,32.7123190807125,33.34047317504883,19561750
2020-04-03,33.968635619137395,34.06527388089235,31.7942580876481,32.51905059814453,19622924
2020-04-06,34.16191449956684,35.2732637116709,33.53376027548865,34.93502426147461,19672140
2020-04-07,37.157724078917276,37.44764256189244,33.823676317594455,33.96863555908203,19278732
2020-04-08,34.69342885945007,35.65981889377444,34.11359557850004,35.27326583862305,18589124
2020-04-09,35.998062611819535,36.43293669928762,34.258558865500426,34.50015640258789,25701070
2020-04-13,34.45182314750677,34.45182314750677,32.66400274935119,33.920310974121094,18874790
2020-04-14,34.30688155538823,34.98335321352753,33.050572820874024,33.48544692993164,21481602
2020-04-15,32.51904680367414,32.51904680367414,30.682903402576734,31.407697677612305,27732155
2020-04-16,31.31106416631885,31.600978961636102,29.95811551105786,30.15139389038086,33241115
2020-04-17,31.262732261088168,33.53375103777911,30.63457821005071,33.05055618286133,33287181
2020-04-20,31.939215213740788,32.61568669943889,31.214419053031932,31.456016540527344,20001786
2020-04-21,30.876182270007337,31.794254910494885,30.441306437343695,31.311059951782227,15539929
2020-04-22,31.84257152134448,32.084172693869455,30.92450074917254,31.069461822509766,15398901
2020-04-23,31.21442640759309,32.5673733959854,31.069470839520356,31.504344940185547,16611930
2020-04-24,31.842577913703778,31.890898897553637,30.199714388821295,30.24803352355957,31222349
2020-04-27,30.827862499096003,31.26273832266284,30.586265024793448,31.069461822509766,21475783
2020-04-28,31.745942722975098,33.43712554660817,31.745942722975098,32.85729217529297,28223273
2020-04-29,32.27744925245841,33.34047740166969,31.504335854001607,31.794254302978516,45188986
2020-04-30,31.697625432662555,32.953930454141585,30.9728309448509,32.85729217529297,35254082
2020-05-01,32.229128354015415,32.567364079802296,30.97282185223545,31.407697677612305,24151935
2020-05-04,30.441307426382615,30.48962655400152,29.7165149647651,30.006431579589844,27457604
2020-05-05,30.344673303183427,31.21442326609164,29.764838145466392,29.95811653137207,23474184
2020-05-06,29.95811252968495,30.199710017517514,28.846763346010633,28.895082473754883,23525367
2020-05-07,29.28163784434753,30.248027751137094,29.28163784434753,29.523235321044922,20196745
2020-05-08,30.006433370065093,30.586268483424487,29.764835868443203,30.392990112304688,18787072
2020-05-11,30.151391345241912,30.199710473716074,29.619877233803454,29.909793853759766,14414337
2020-05-12,30.054754122862985,30.34467075279904,28.991724014282227,28.991724014282227,19191335
2020-05-13,28.99172162162911,29.088359873928553,26.479104872508596,27.97701072692871,47299141
2020-05-14,27.15557476522343,28.508523070767108,26.4791015370071,27.542131423950195,28130338
2020-05-15,27.107266712869972,27.348864260939052,26.479112348245646,26.52743148803711,25779038
2020-05-18,27.73541099692446,31.359374749925244,27.73541099692446,30.29634666442871,51073738
2020-05-19,30.392988298763708,30.779545017937572,29.42659650082905,30.006431579589844,21766084
2020-05-20,30.586272748261443,31.262746216949985,30.392994350191618,31.021148681640625,18315596
2020-05-21,31.021141497265635,31.649295683236588,30.586265664601992,31.311059951782227,19827132
2020-05-22,31.311065552443683,31.311065552443683,30.296354478355074,30.972827911376953,13961540
2020-05-26,32.80897488498042,33.53376752368031,32.80897488498042,32.85729217529297,25984590
2020-05-27,35.031668539627354,35.901420315367375,34.25855502825335,35.224945068359375,29644242
2020-05-28,36.19133271483444,36.19133271483444,32.56736660589659,32.76064682006836,27831269
2020-05-29,31.697614351944214,32.47072401069624,31.117777485102412,31.74593162536621,25942336
2020-06-01,31.794261074975065,32.95392772144023,31.359383308883213,32.66401290893555,15083601
2020-06-02,33.34048825416321,34.693435292742336,33.147211690747746,34.06528091430664,22787385
2020-06-03,34.88670375993868,35.85309364674766,34.693423563643464,35.563175201416016,24642090
2020-06-04,35.321576096626295,37.447635968241435,34.64510468642551,37.39931869506836,25118482
2020-06-05,40.83001261688424,41.361528620033376,37.834200523822545,38.07579803466797,33669153
2020-06-08,39.71865994208639,41.409842373863086,39.18714398423893,40.878326416015625,31792699
2020-06-09,39.573696571527506,39.670334817882605,38.17242905560066,38.75226593017578,23603936
2020-06-10,38.51068308695636,38.55900037936794,36.33630137817251,36.77117919921875,23465356
2020-06-11,34.11360848440778,35.514876783241654,33.05057978412907,33.58209228515625,24979842
2020-06-12,35.46654753088016,35.90142532858733,34.21023882402412,35.031673431396484,20261430
2020-06-15,33.58207003205721,35.514853249387244,33.09887515228018,34.98333740234375,20497800
2020-06-16,37.35100060106156,37.399321576179325,35.2249405656623,36.09469223022461,19694772
2020-06-17,36.2396455690528,36.38460477263029,34.7900609297217,34.98333740234375,15090141
2020-06-18,34.45182802757023,35.369900690552846,33.92031577889643,35.17662048339844,15729550
2020-06-19,35.85309904568462,35.998058290179124,34.25855475269096,34.54846954345703,17792356
2020-06-22,34.64511445824458,34.69343174504578,33.63040335851711,34.01696014404297,15707761
2020-06-23,34.25855866077827,34.451835210003914,33.678725314877994,33.82368087768555,16168082
2020-06-24,33.34048275631594,33.34048275631594,31.504340913754405,31.552661895751953,29025298
2020-06-25,31.407702589446956,32.37409264181267,31.021145828856064,32.2774543762207,14836396
2020-06-26,32.035489291136244,32.18066585109897,31.21282705637028,31.358003616333008,17938840
2020-06-29,31.79353578945055,32.906551361083984,31.45479288602329,32.906551361083984,15103383
2020-06-30,32.47102090947413,33.24529347298633,32.22906119634749,33.05172348022461,13947676
2020-07-01,33.535644864536835,33.92278116889682,32.471022805372556,32.61619567871094,24202957
2020-07-02,33.19690022449879,34.06795593711694,32.95494051009194,33.00333023071289,14877567
2020-07-06,33.7776064928423,34.261525974586064,33.34208044078003,33.8743896484375,15133900
2020-07-07,33.3420820905804,33.3420820905804,32.6645925603556,32.71298599243164,12526487
2020-07-08,33.00333700991002,33.24530047778582,32.51941748169467,33.19690704345703,12928884
2020-07-09,33.0517172841496,33.0517172841496,31.8419189453125,31.8419189453125,14997186
2020-07-10,31.648346666419272,32.519402147215516,31.599956958676714,32.37422561645508,12725057
2020-07-13,32.712979623754705,33.00332904838085,32.132277070735185,32.42262649536133,13742084
2020-07-14,32.22906013639819,33.34207552092938,31.793530444833518,33.29368209838867,13946091
2020-07-15,34.30992013677484,34.89062278651164,34.01956696002252,34.5518798828125,18022606
2020-07-16,34.16474551479885,34.74544819795881,33.82600259160288,34.11635208129883,10502384
2020-07-17,34.16474133804124,34.60026737122463,33.777605028673996,34.213134765625,12029771
2020-07-20,33.92277836232737,34.1647380695631,33.19689924062017,33.24529266357422,9844356
2020-07-21,33.584039361855965,34.60026802645076,33.3904693516229,34.06795883178711,14019625
2020-07-22,33.825994855689615,34.309914264946535,33.39046516509806,34.164737701416016,13143364
2020-07-23,34.1647419850198,34.45509514848556,33.72921594358884,34.06795883178711,13769391
2020-07-24,33.97117977010884,34.406705863995406,33.00333700991002,33.19690704345703,13131567
2020-07-27,33.10011960579622,33.14850933011043,32.374236703406595,32.47102355957031,14185812
2020-07-28,32.422622541266804,33.6808143391726,32.374229124513974,33.342071533203125,15255125
2020-07-29,33.826003571098674,33.87439330223185,31.55157879856247,31.890321731567383,29782982
2020-07-30,31.454791599458606,31.50318132438735,30.29338264465332,30.29338264465332,25586567
2020-07-31,30.24498561040487,30.438553734611457,29.035187148968102,29.373929977416992,28609840
2020-08-03,29.712673805379094,29.954633490725328,29.131969449418058,29.56749725341797,18011050
2020-08-04,29.519112652320626,30.003032137203085,29.519112652320626,29.71268081665039,14253587
2020-08-05,29.8578499041485,30.97086524963379,29.712675197270126,30.97086524963379,21286984
2020-08-06,30.632125854492188,31.06765372779666,30.390166130643454,30.632125854492188,14027650
2020-08-07,30.43855428731265,31.26121651527409,30.244986159591267,30.97086524963379,16665861
2020-08-10,31.11604175536579,32.422623296700436,30.874080221614204,32.27744674682617,18929062
2020-08-11,33.245291814415026,33.8743840741457,32.37423244609449,32.56780242919922,18687596
2020-08-12,33.24528419077093,33.293673897625254,31.84191602420195,32.51940155029297,14073295
2020-08-13,31.890308215248286,32.71297403728525,31.890308215248286,31.938701629638672,10719714
2020-08-14,31.648358599409605,32.5194144086368,31.30961570242341,32.22906494140625,10111524
2020-08-17,32.277451133166885,32.37423427831311,31.2128291290237,31.309612274169922,11843460
2020-08-18,31.406396060017336,31.793532352267306,31.019261619651086,31.16443634033203,8564375
2020-08-19,31.309610396108486,31.793529796579765,30.728906004412803,30.874082565307617,10907008
2020-08-20,30.632119502806816,30.8740791764843,30.051415174850828,30.341768264770508,12793394
2020-08-21,30.24498807147441,30.8740840633652,30.14820492743752,30.53533935546875,12008403
2020-08-24,30.728911836450752,32.13228243830693,30.486952090293588,32.08388900756836,20622516
2020-08-25,32.18067493343912,32.42263470040951,31.358012466493424,31.890321731567383,13934033
2020-08-26,32.035489291136244,32.035489291136244,31.164433635126993,31.358003616333008,11497281
2020-08-27,31.551569893771898,32.08388271237953,31.21282705637028,31.358003616333008,14724301
2020-08-28,31.503188755477147,32.03550178163118,31.309622402567626,31.987112045288086,11870004
2020-08-31,31.503179510760496,32.37423525077617,30.293380900674144,30.680517196655273,28464920
2020-09-01,30.341771884944986,30.97086600043567,29.76106748770329,29.954635620117188,18695642
2020-09-02,30.003029315465838,31.21282976577607,29.85785274290117,31.16443634033203,16816680
2020-09-03,30.92247347450803,32.180665370366626,30.390162515735913,30.583728790283203,18884902
2020-09-04,31.116048992490455,31.745145052419296,30.293382919785497,31.067655563354492,17992270
2020-09-08,30.583734778308475,30.777304794522138,29.664289238538924,29.71268081665039,24206006
2020-09-09,30.003025903039976,30.003025903039976,29.13197027048983,29.809457778930664,21878280
2020-09-10,29.857850931185776,30.003027494941417,29.035188674926758,29.035188674926758,19526919
2020-09-11,29.22875984878489,29.277151424441108,28.69644696091509,28.793231964111328,14429505
2020-09-14,28.986795792179926,29.809459915641316,28.841621077604607,29.76106834411621,14847532
2020-09-15,29.857848732562786,30.099810271632897,29.131969671002874,29.519105911254883,17325133
2020-09-16,29.51910374441147,32.954934383645565,29.27714407498583,32.664581298828125,51360267
2020-09-17,32.95494671497891,34.74544819795881,32.277457164818905,34.11635208129883,52374245
2020-09-18,33.48724838101704,34.55187404677475,33.24529237961519,33.29368209838867,29148649
2020-09-21,32.083881581623814,32.180664716932256,30.148202208503424,30.728904724121094,32651524
2020-09-22,30.970870515962233,31.841928164766042,30.05142314185426,30.244991302490234,28269901
2020-09-23,30.39016129472524,31.067648784071384,29.519105686725414,29.56749725341797,17785373
2020-09-24,29.51910484101329,29.906241067229328,29.035185484184947,29.325536727905273,19154738
2020-09-25,29.374009627926313,29.90720041985989,29.18012156132926,29.616369247436523,16006529
2020-09-28,30.198036462284726,30.585810779250885,29.955676818576645,30.05261993408203,16711586
2020-09-29,30.101096124439387,30.19804110980937,29.37401708141657,29.66484832763672,14761158
2020-09-30,29.76179034785673,30.48886931844109,29.76179034785673,30.19803810119629,19417934
2020-10-01,30.391924171051276,30.488867285353518,29.61637183685497,30.24650764465332,15885525
2020-10-02,29.32553747168334,31.02205477335147,29.32553747168334,30.973583221435547,18072625
2020-10-05,30.97359067767633,31.264423769072618,30.63428602269561,31.07053565979004,11693825
2020-10-06,31.16747915953381,31.894558143553937,29.61637435904594,29.90720558166504,34121508
2020-10-07,30.14956572835122,31.022059356573916,30.101092314329403,30.585811614990234,16710242
2020-10-08,30.828162703834757,32.33079165717585,30.73121776349221,32.233848571777344,20699139
2020-10-09,34.26968220963976,34.26968220963976,32.47621789649128,33.15482711791992,34410686
2020-10-12,33.542595765805125,33.542595765805125,32.67010041444282,33.10634994506836,17863963
2020-10-13,32.91246855563981,33.05788137724448,32.28233272575878,32.57316207885742,15105450
2020-10-14,32.573153600003074,33.397179160677084,32.573153600003074,33.0578727722168,19652097
2020-10-15,32.47622507673874,33.3487207201125,32.03997910999687,33.30025100708008,17907361
2020-10-16,33.73649267563031,35.62690028040809,33.63954955202647,35.33606719970703,33937143
2020-10-19,35.82078652761576,36.20856273192065,35.045234119005976,35.33606719970703,26250714
2020-10-20,35.626899777145944,35.96620255991119,35.23912357831874,35.578426361083984,19746677
2020-10-21,35.2875859162053,35.91772164398673,35.239116220153626,35.481475830078125,14809210
2020-10-22,35.52995669487469,37.565777103645495,35.48148327875821,37.42036056518555,19214348
2020-10-23,38.43826567303032,38.92298490697663,36.64480524940676,36.984107971191406,26597033
2020-10-26,36.16008064625259,36.64480356784468,35.28758532320867,35.77230453491211,20917251
2020-10-27,35.8692699303096,35.8692699303096,34.36663811150643,34.41511154174805,19696497
2020-10-28,36.40245524865023,38.09897301562114,35.91773217676874,35.96620559692383,50860201
2020-10-29,37.129526902101404,37.51730305649732,35.43300576288314,35.723838806152344,24738095
2020-10-30,35.57842936535251,36.54786808933589,35.33606968435667,35.96620559692383,20539191
2020-11-02,36.35398459657315,36.741760857670656,35.52996236042224,36.450927734375,21844975
2020-11-03,37.081049102025155,38.38979022203271,36.54785648911274,38.05048751831055,19636808
2020-11-04,37.274935301326785,38.874513140064025,36.49938679423165,38.05048751831055,25465824
2020-11-05,38.53520935128454,39.01993230233284,38.34132313877633,38.72909927368164,17215987
2020-11-06,38.874522440928544,39.45618488788682,38.58368936250466,39.21382522583008,16878656
2020-11-09,45.32129534223736,45.612124720004175,41.73437000399638,42.26755905151367,38779589
2020-11-10,42.75226455872027,44.10947518451825,42.41295819238266,43.52781295776367,33051594
2020-11-11,44.15795328888081,44.20642669206335,42.80073880854306,43.09157180786133,17543666
2020-11-12,42.46144485473633,42.99463385003513,42.025195265976286,42.46144485473633,15954303
2020-11-13,42.94615965779632,44.83656692504883,42.89768624970438,44.83656692504883,26078809
2020-11-16,46.581554705026484,46.726967500244136,45.660585979279034,46.387664794921875,23830013
2020-11-17,45.80600529612994,47.21169331859236,45.22434294988878,46.920860290527344,18127238
2020-11-18,48.326555660542084,48.71433185362317,47.16322708129883,47.16322708129883,29867932
2020-11-19,46.63001986826063,47.30862892284119,46.09683101454193,46.823909759521484,17490999
2020-11-20,46.72696589651104,47.64793459064959,46.48460629961487,47.308631896972656,16078116
2020-11-23,47.79336716363272,49.78071801048107,47.79336716363272,48.811279296875,21708341
2020-11-24,51.91347749107151,52.5920830031725,50.410846230133224,50.65320587158203,35369990
2020-11-25,51.04098920962736,51.18640575690121,50.12002021681947,50.895572662353516,22044528
2020-11-27,51.1379295111925,51.18640292756765,49.974604617084054,50.410850524902344,10865436
2020-11-30,50.36237548514721,50.36237548514721,48.27808171632261,49.34446716308594,25100464
2020-12-01,50.07154252324833,50.79862143378788,49.00515715321236,49.19904708862305,17408658
2020-12-02,48.85974547268172,50.79862261244055,48.52043900531256,50.5562629699707,15496290
2020-12-03,50.41085230253532,51.865010326393474,50.362378884450855,51.38029098510742,18348801
2020-12-04,51.719587264674416,52.97985887716303,50.944038642279956,52.73749923706055,27090138
2020-12-07,52.78596521160514,53.80387704056963,52.15582949414563,52.64054870605469,19542810
2020-12-08,52.446661683529825,53.46457356854945,52.301248879860324,53.12527084350586,18735107
2020-12-09,53.319168034061754,55.694294852953625,53.319168034061754,55.209571838378906,25307401
2020-12-10,53.70694120319488,55.64582215685446,53.609998082984255,54.870269775390625,19195227
2020-12-11,54.676385090698425,55.30652095483112,53.41611336243304,54.09471893310547,17853791
2020-12-14,54.62790715396862,55.01568332364673,52.30125384578914,52.495140075683594,15913996
2020-12-15,53.07681107087215,54.04624972935977,51.62264937325116,53.852359771728516,17377921
2020-12-16,53.9493047190867,54.046251556123906,52.834449482165894,52.97986602783203,11800604
2020-12-17,53.02833228913921,53.27069192924169,52.34972307091873,52.73749923706055,12528955
2020-12-18,52.30086080050948,53.95042504443887,52.106796166307376,52.4464111328125,23023775
2020-12-21,50.79683160814625,52.73749593288973,50.263148454679076,52.2523307800293,17218374
2020-12-22,51.961243308676266,52.20382594629076,50.89387673253032,51.476078033447266,17858164
2020-12-23,51.81568204875883,53.271177567291915,51.52458145973146,52.68898010253906,12139419
2020-12-24,52.64046202770696,52.64046202770696,51.52458138903563,51.67013168334961,6029070
2020-12-28,51.91272474166553,52.30085770036595,51.33052716026621,51.62162780761719,10793588
2020-12-29,51.71864366181025,52.252326774365265,51.136446265669335,51.23347854614258,10640944
2020-12-30,51.33051954621775,52.64046483838278,51.18496924413228,51.96123504638672,10156427
2020-12-31,51.67013654219409,52.54343467689741,51.330521632393435,52.397884368896484,9570828
2021-01-04,52.83453764380155,52.883051939759035,50.45722574281259,50.79684066772461,16040798
2021-01-05,50.602767032322774,52.786010220194726,50.55424903171603,52.2523307800293,16793346
2021-01-06,52.54343101261568,56.3762381939367,52.54343101261568,55.114810943603516,26400690
2021-01-07,56.08513509729106,56.13365309563275,54.53260370997571,54.67815399169922,15105891
2021-01-08,54.775205284059325,55.50295323193018,54.144489653244015,55.01778793334961,14590235
2021-01-11,53.90190375187576,55.93960085361551,53.659321117221275,55.55146789550781,13493535
2021-01-12,55.84255871337931,57.783219449033,55.357393529465895,57.152503967285156,18346073
2021-01-13,57.152507905940745,57.346576220861486,55.891076855513745,56.133663177490234,10776915
2021-01-14,56.32772988226822,56.90992742216402,56.182179568968685,56.5703125,11879594
2021-01-15,56.27920643596386,56.27920643596386,54.58112827590188,54.969261169433594,14768762
2021-01-19,55.69700840367258,56.52178847348919,55.308875513964175,55.45442581176758,12740305
2021-01-20,55.794047787800274,55.794047787800274,54.823717296875564,55.2603645324707,11840751
2021-01-21,55.308870408474206,55.45442069284205,53.70782470703125,53.70782470703125,13162304
2021-01-22,53.22266761836651,54.24151604974884,52.88304899903759,53.90189743041992,10617570
2021-01-25,54.0474383972035,54.09595639538131,52.25232816414792,53.3196907043457,18462763
2021-01-26,58.36542868737399,59.33575918898299,54.33855264973367,54.77519989013672,42495519
2021-01-27,53.75634236166442,56.08513963088372,51.62161710149955,55.21184158325195,29983117
2021-01-28,55.357390639490376,55.6484875066603,53.70782687232031,53.80485916137695,18879766
2021-01-29,53.36820903455251,54.53260386504861,51.7671596443426,51.815677642822266,21921317
2021-02-01,52.68898616701743,53.368219715160144,51.62162340656725,52.106788635253906,13379614
2021-02-02,52.78600824719415,55.066287351048814,52.59194367862429,54.5326042175293,16946953
2021-02-03,54.53261134687065,54.82371195108419,53.70783125266841,54.33854675292969,10877474
2021-02-04,54.48410504568862,55.794050530162295,54.290036709983454,55.55146789550781,13396066
2021-02-05,55.84255537865625,56.03661995531196,54.92073935628721,55.30887222290039,10396669
2021-02-08,55.648498501975126,56.5217967026392,55.35740157728878,56.32773208618164,8517928
2021-02-09,56.08514178217506,56.27920637206958,55.35739400011757,55.98810577392578,10581235
2021-02-10,56.23068824526944,56.23068824526944,55.21183993457254,55.30887222290039,9140985
2021-02-11,55.26036457261967,55.64849751193204,54.290034080989976,55.59998321533203,10398836
2021-02-12,55.357388226922396,56.95843392313699,55.21183794302986,56.909915924072266,11725144
2021-02-16,57.34657394962618,58.12283603865825,57.152505642391596,58.07432174682617,12100796
2021-02-17,57.44361329050059,57.97729655920994,57.05548034173949,57.540645599365234,8615357
2021-02-18,57.443603448202744,57.54063574044202,55.84255762969797,56.42475509643555,9802022
2021-02-19,56.861414059762,58.36542779970261,56.667345734410254,58.31690979003906,12248665
2021-02-22,58.55949480220574,61.616036703218995,58.36543018223454,60.64570617675781,19388781
2021-02-23,61.130858343123435,61.37344092276709,59.093165416777126,61.08234405517578,14454364
2021-02-24,62.10120434349042,64.76961710669981,61.37345642078861,63.65373992919922,21426186
2021-02-25,63.556695154124796,64.38147899030413,61.421965980046274,61.90713119506836,18526244
2021-02-26,61.51900111778965,62.295266982949066,60.20905571947272,60.83977127075195,17802448
2021-03-01,62.683393315394845,64.47850758174071,62.05268150646492,63.6052131652832,15657201
2021-03-02,63.799274918812664,64.28444011221634,62.925973114723575,62.974491119384766,15490231
2021-03-03,63.50817486032944,66.07955486331204,63.31411026662989,65.20625305175781,23589309
2021-03-04,67.34097315273763,68.55388591769723,63.94480998424801,65.83695983886719,33418377
2021-03-05,67.00221187154402,67.05076564770414,63.79775926201134,66.03116607666016,21061930
2021-03-08,68.99286798112341,69.62405230533447,67.05077608893083,68.79866027832031,28835014
2021-03-09,68.45878956282678,70.01246601170469,67.14788202666159,67.9732666015625,22966413
2021-03-10,66.27394010286979,66.71090930707976,62.72961781965334,64.33184814453125,44186284
2021-03-11,61.61291068501336,62.438302643264464,58.0200387541535,59.57371139526367,61355743
2021-03-12,59.42805060647109,61.2730383952722,59.379500545421514,61.07883071899414,26996039
2021-03-15,61.855690555998635,64.86593660662278,61.80713676187585,64.8173828125,22351422
2021-03-16,64.72026719278063,64.81737476897561,63.457913294734524,63.84632873535156,14938641
2021-03-17,64.08908158640845,66.07972717285156,63.74921254771801,66.07972717285156,15895858
2021-03-18,65.9826248227028,66.46814781228744,64.04053286436427,64.33184814453125,12792812
2021-03-19,64.08907256533739,64.81735688966445,63.020919250159274,64.1861801147461,13737991
2021-03-22,63.89487934410506,64.28329476539494,62.77817200175475,63.74921798706055,10591427
2021-03-23,62.923831094964704,63.99197718112334,60.93318169424942,61.46725845336914,13172818
2021-03-24,61.95279500064191,63.21515278304534,60.690433502197266,60.690433502197266,12454218
2021-03-25,60.20489811267126,62.778170662024266,59.37950978598381,62.38975524902344,14725103
2021-03-26,62.87528841682398,63.749226953690346,61.71003084093372,63.069496154785156,12143472
2021-03-29,62.72960950668499,63.360793768748685,62.04987889776105,62.87527084350586,10786807
2021-03-30,63.02093879852039,64.86593078502494,62.632523344562436,64.57461547851562,10618713
2021-03-31,64.96302546869279,65.20578696501924,63.74921798706055,63.74921798706055,12557044
2021-04-01,64.2347318244069,64.8659160841423,63.846316458477425,64.47749328613281,11874438
2021-04-05,65.39999420950525,65.88551714352242,64.9144712754881,65.3514404296875,10180082
2021-04-06,65.35145784153246,65.54566558046682,64.91448857090961,65.06014251708984,8035938
2021-04-07,65.06014284329054,65.69132728809456,64.38041203757115,65.01158905029297,8379669
2021-04-08,64.38040239187116,65.54565608881943,63.55501033082222,65.30289459228516,11018763
2021-04-09,65.54564317921822,67.14787320002438,65.15722783409653,66.03116607666016,12689464
2021-04-12,66.07974308450727,66.41961220503642,65.4000122755312,65.98263549804688,8442187
2021-04-13,65.59421019512978,65.73986412092978,64.38040270652604,65.25434112548828,10277370
2021-04-14,65.2057790447586,66.95366309241743,65.1572326970549,66.41959381103516,12968951
2021-04-15,66.66234433913807,66.75944445069236,65.25432211685087,65.78839874267578,10208753
2021-04-16,66.17685035390586,66.41961188681152,64.81738131038489,65.01158905029297,10036727
2021-04-19,64.6717098084795,65.39999420950525,63.943417975373585,65.3514404296875,9003729
2021-04-20,65.10868168909626,65.10868168909626,62.63251313550346,63.40935134887695,12330465
2021-04-21,62.778182916002045,64.96303676278598,62.0013482223258,64.8173828125,9953202
2021-04-22,64.81737306564413,66.41960343826779,64.47750398997454,65.10868835449219,10555051
2021-04-23,65.54563731567164,66.07971394149655,64.86590680647582,65.78839874267578,9357311
2021-04-26,66.17682853552117,67.97325882749375,65.78840575168512,65.88551330566406,18815482
2021-04-27,65.54565461470922,65.73986232115273,62.681070506445096,65.49710083007812,30050351
2021-04-28,64.7202730757318,64.81738066075367,63.84633453886335,64.08909606933594,13261158
2021-04-29,63.991972935204494,64.5260496588878,63.50644999223428,64.13763427734375,11066635
2021-04-30,63.89489134085893,64.81738371368822,63.5064684145586,63.70068359375,10011667
2021-05-03,64.28329482042503,65.69131744598863,63.94342575244462,65.30289459228516,12734908
2021-05-04,64.76882991889036,65.01159146079713,63.45792205184322,63.70068359375,15557003
2021-05-05,63.89487280585865,64.5260496588878,63.555003772947366,64.13763427734375,11168297
2021-05-06,64.18618805805684,64.62315722031397,63.26368852074918,64.13763427734375,12595406
2021-05-07,63.89488471804835,64.76882320549461,63.457915474325226,64.57461547851562,10810442
2021-05-10,64.62317506809123,65.93409034899454,64.57462127396845,64.8173828125,13154138
2021-05-11,64.0405347531722,64.52605775707683,62.826727243410645,63.55501174926758,13645738
2021-05-12,63.506460101065365,63.74922161119276,62.00134096789994,62.244102478027344,14215045
2021-05-13,62.14698192876914,63.3122391637728,61.758566566474556,62.97237014770508,13158312
2021-05-14,63.700686013375595,64.57462462460296,63.263709275679155,64.38041687011719,10167742
2021-05-17,64.2347441759686,64.76882098087812,63.70067480314054,63.84632873535156,15316179
2021-05-18,63.99196976382829,64.42894633650963,62.972370147705085,62.97237014770508,9816408
2021-05-19,62.63251952826505,63.60356553607429,62.09844273755371,63.55501174926758,11921066
2021-05-20,63.55500526234927,63.652112826051145,62.72961326712484,63.40935134887695,9324527
2021-05-21,63.65212563709967,64.477510366366,63.3608103194425,64.23474884033203,10697965
2021-05-24,64.52605830156568,64.62316587599852,63.700673647211744,63.991981506347656,7827397
2021-05-25,64.08909908796787,64.52606837698357,63.6035760041543,63.70068359375,9496071
2021-05-26,63.70068091246718,65.20579646327008,63.3122580025163,65.06014251708984,12092309
2021-05-27,66.03115574333445,69.91534574710616,65.98260197477259,69.67257690429688,37035234
2021-05-28,69.38128700888686,69.62404848208021,68.11892586186535,68.26457977294922,14560581
2021-06-01,69.08997618599717,69.62405294769374,68.45879185596274,68.70155334472656,10087388
2021-06-02,68.84722468890415,68.84722468890415,68.02183253448719,68.4102554321289,8012785
2021-06-03,67.92473238413821,69.7697169936701,67.68197086014285,68.4102554321289,12672972
2021-06-04,68.7501217846154,68.94432953061028,67.29355254153019,67.7790756225586,12855029
2021-06-07,67.97326985884098,68.31313892084474,67.29353916691443,67.53630065917969,7493597
2021-06-08,67.82759325253963,67.92470078980217,66.61378619715025,67.48772430419922,8852489
2021-06-09,66.85655354592515,67.05076120561982,66.3710306806489,66.66234588623047,11189043
2021-06-10,67.05077243750709,67.34208769188781,65.98261898213792,66.17683410644531,9999489
2021-06-11,66.27393196287312,66.90511623105749,65.88551659174436,66.4681396484375,8500031
2021-06-14,66.90511647114973,67.14787793699638,65.10867865105234,65.39999389648438,9114079
2021-06-15,65.30289134902453,65.88552188460292,64.62316067890355,65.73986053466797,7629388
2021-06-16,65.5456564091694,66.27394090233165,64.52605663232605,65.25434112548828,14070907
2021-06-17,65.10869171258943,65.59421474168416,62.68107656711585,63.118045806884766,15451709
2021-06-18,62.34120006539633,63.21513844107684,61.904230877556074,62.04988479614258,16465184
2021-06-21,62.583965956427505,64.04053497314453,62.43831202758832,64.04053497314453,10825169
2021-06-22,63.70067140063895,64.08908682050921,62.8267255578093,63.263694763183594,7678083
2021-06-23,63.21513243192781,64.04052437767263,62.82671706456557,62.87527084350586,8763306
2021-06-24,63.40935950663703,64.08909024375758,62.729621337435034,63.84632873535156,9594524
2021-06-25,63.94350814819336,64.33221918280344,63.65197115336707,63.94350814819336,6844839
2021-06-28,63.94350837405582,63.99209167525059,62.145703097724656,62.631595611572266,12396856
2021-06-29,63.45761352220962,64.2836263026749,62.97172102626397,63.60337829589844,13883493
2021-06-30,63.894938204826516,65.74133481450055,63.40904553455543,65.40120697021484,13754002
2021-07-01,65.98424425773023,66.22719045703413,64.9152780056988,65.49834442138672,9368346
2021-07-02,65.78990207992034,65.78990207992034,64.67235218605254,64.91529846191406,6653090
2021-07-06,64.52656566570631,64.72092859353593,62.291462654161485,62.77735137939453,14172730
2021-07-07,62.582993378614304,63.554778227831015,61.902745471709835,63.068885803222656,12250973
2021-07-08,61.85415682482483,62.87453243841378,61.271086639431786,62.53440475463867,10798825
2021-07-09,63.21466937999636,64.08927292673778,62.87454164640944,63.94350814819336,8290767
2021-07-12,63.45762286907492,63.846333947990985,62.68019327350448,63.70056915283203,11187237
2021-07-13,63.60338063926749,63.60338063926749,62.58300487264001,62.631595611572266,7907410
2021-07-14,62.583001960296755,63.068894451533026,61.805576205639866,62.24287796020508,8970443
2021-07-15,61.659799749896834,62.77734936029148,61.07672586063413,61.99992370605469,10310877
2021-07-16,62.19428439551217,62.534408380138146,60.83378473813986,60.97955322265625,9141767
2021-07-19,59.23033448620794,59.47328070289567,57.432533226492325,58.3071403503418,19842400
2021-07-20,58.35573637236551,61.902756146300824,58.25855861446,61.708396911621094,15072405
2021-07-21,62.14570741111146,63.70056653843792,62.048529645370806,63.55479431152344,13548149
2021-07-22,63.40902440987678,63.45761514826389,61.708396911621094,61.708396911621094,8712244
2021-07-23,62.19428645988923,62.58300119187917,61.36826997870342,61.75698471069336,7579911
2021-07-26,61.5140332560522,62.87453284330934,61.36826477904818,62.77735137939453,10800049
2021-07-27,64.76952568045411,65.44978119724568,62.19429443454729,63.55479431152344,23964901
2021-07-28,63.894918600915474,65.49836094575414,63.36043534005672,63.79773712158203,13757312
2021-07-29,64.0892722876359,65.01246656393178,63.6033797803499,64.57516479492188,10889854
2021-07-30,63.943486377532984,64.23502327310052,62.777338795262835,62.92311096191406,12050777
2021-08-02,63.45761616705231,65.11572586612245,60.997781584935694,61.10103225708008,39943542
2021-08-03,60.85808872903913,62.680189465385396,59.58869372975614,62.59515380859375,23177543
2021-08-04,61.835937622929436,62.83202164195219,61.62336338769217,62.5040397644043,22702917
2021-08-05,62.55871599057004,63.5547927129439,62.26717898181205,62.57086181640625,13050690
2021-08-06,62.77735223285489,63.931354241020465,62.77735223285489,63.48189926147461,17637083
2021-08-09,62.89882817530971,63.33006071980763,61.96956105284644,62.989933013916016,12768033
2021-08-10,63.050664229363775,64.5812313384217,62.680175713072934,64.42938995361328,12930790
2021-08-11,64.50835606465485,64.50835606465485,63.056747803399425,64.40509796142578,13330458
2021-08-12,64.49620025560317,65.12786492366195,63.91920295257828,64.6966323852539,10270509
2021-08-13,64.68449271422507,64.75737510346639,63.518352173151705,63.724853515625,9020462
2021-08-16,63.30575767782789,63.34827177397867,62.09709590720421,62.77127456665039,11101144
2021-08-17,62.279306225003886,62.72268451876558,60.95524797369269,61.72053146362305,13125487
2021-08-18,61.39255495674633,62.84415925459748,61.198199483078085,61.592987060546875,10427487
2021-08-19,60.736600424420644,61.23464238279036,59.88628869531273,60.38432693481445,17344153
2021-08-20,60.48759177338469,61.14354813691432,60.189981872915354,60.7669792175293,10203095
2021-08-23,61.10103236722777,61.63551562355562,60.900600216387645,61.32575988769531,9642436
2021-08-24,61.52012402009068,62.868474456196395,61.3804321331959,62.72270965576172,11007246
2021-08-25,62.77733907927134,63.85238185139863,62.28537753865195,63.59121322631836,12627427
2021-08-26,63.445434585292,63.5426160202498,62.46150416671453,62.789485931396484,13107992
2021-08-27,63.10535026108599,64.47192312868044,63.10535026108599,64.43547821044922,12473178
2021-08-30,64.58123329058323,64.66019230061762,63.6519624999184,63.888832092285156,11469513
2021-08-31,63.736985568842094,64.59945054134157,63.44544863713353,64.02245330810547,17641256
2021-09-01,63.992085704572816,64.05889889408796,62.71661797472827,62.959564208984375,12789542
2021-09-02,63.16607750937095,64.58731010679324,63.1539316843328,64.53872680664062,13633178
2021-09-03,64.38079655320412,65.2068166274033,63.21465625377977,63.62158966064453,12225833
2021-09-07,63.46976344512504,63.73700136005507,62.13963190781725,62.73484802246094,17639170
2021-09-08,62.52834308236804,63.60945538110936,60.99170656542705,62.30361557006836,19263203
2021-09-09,62.170000190774644,63.724855534419646,62.01815877598766,62.73484802246094,15066205
2021-09-10,62.734838325783166,63.135702573955875,61.81771706599936,61.95133972167969,15350467
2021-09-13,62.34612644899728,63.688407304174675,61.96348466079291,63.44545364379883,20038302
2021-09-14,63.4940592335679,63.5001358656504,60.779136047824004,60.9674186706543,25717763
2021-09-15,61.21641852935527,62.2367940684919,61.15568197866543,62.04851150512695,13007192
2021-09-16,62.18820606975423,62.376488641382664,61.23464366962012,61.550472259521484,9601506
2021-09-17,61.4350743706827,61.866306890789936,60.815562990747,61.02206802368164,17203387
2021-09-20,59.82556376262046,60.65765691903548,59.07850253940483,60.621212005615234,16217539
2021-09-21,60.6758787915967,60.73054244568247,58.43469872503163,58.80519104003906,25342171
2021-09-22,59.32144700919094,60.147467228127,59.315374096759946,59.849857330322266,18002884
2021-09-23,60.45114314529115,63.21466012218889,60.445070233552634,62.53440475463867,18620844
2021-09-24,62.40068441390778,63.33675543784847,62.36421488762646,63.09362030029297,10528608
2021-09-27,63.54949634434808,64.63144915535412,63.4522393154973,64.0357666015625,12971559
2021-09-28,63.99930860846059,64.8867550167988,63.65892381339501,64.26676177978516,20146646
2021-09-29,64.43087809535324,65.03871607639759,64.01146542231963,64.60107421875,11876404
2021-09-30,64.64970868850156,65.0934245006327,62.576978005207444,62.625606536865234,14356273
2021-10-01,63.324605735001185,64.66792302194169,63.01460542996532,64.32145690917969,12992425
2021-10-04,64.0661641156563,65.08733323413746,63.57989381576247,63.762245178222656,12288913
2021-10-05,63.85949477208919,64.43086684057668,63.063231622125265,63.762245178222656,9208740
2021-10-06,63.020688285815346,63.470485363117895,62.03598863568933,63.4157829284668,11257962
2021-10-07,63.72577639293168,64.75302693953851,63.415783521143574,64.1330337524414,10684302
2021-10-08,64.04794199819565,64.56460430886196,63.61638147539939,63.65284729003906,6859525
2021-10-11,63.725772974564556,64.28498978343994,63.19695550345202,63.26382064819336,6615872
2021-10-12,62.94773751108697,63.23950117764762,61.73206549177806,62.437156677246094,13722903
2021-10-13,62.12107716379013,62.72891874054931,61.501084040395064,62.21833419799805,12065484
2021-10-14,62.692445444550614,63.00244572777438,62.22441178525838,62.449310302734375,9853826
2021-10-15,63.002452705314326,64.37008802949669,62.722844283850876,63.46440505981445,9069257
2021-10-18,63.02069361686682,63.5616664266971,62.631672854312505,63.28813934326172,6653913
2021-10-19,63.56772555200828,63.80477929733818,62.95988780139944,63.65890121459961,6767714
2021-10-20,63.671065135223394,64.44301769471839,63.13616635327919,64.43086242675781,9803748
2021-10-21,64.28499592767842,64.66792787691536,62.613434141064744,62.69853591918945,11588129
2021-10-22,62.63774848761717,63.52518736666859,62.333829533793924,63.24558639526367,8595273
2021-10-25,62.9963648987591,64.42478386887764,62.8079396283875,64.00537872314453,10427005
2021-10-26,64.2849906384423,67.4518290380214,63.956753710147154,65.30615234375,18781193
2021-10-27,65.57359998525843,65.81673512204713,63.02675496128472,63.1240119934082,14420637
2021-10-28,62.84439367376807,64.05399525418076,62.66812370487036,63.981056213378906,9487384
2021-10-29,63.7926318105812,63.96890180234645,63.288124927347155,63.74400329589844,9018536
2021-11-01,64.28498876887782,64.89890055677179,63.993225100051994,64.57067108154297,7844250
2021-11-02,64.63755268549384,65.12382316552576,64.00540403886163,64.85029602050781,7192101
2021-11-03,64.52810654635564,64.6375113796304,63.713599546689714,64.41261291503906,6599661
2021-11-04,64.351844483533,64.67400003618174,63.39145918155985,63.95067596435547,7505094
2021-11-05,64.9961545146512,66.64947196830157,64.94752599823087,66.09634399414062,12202399
2021-11-08,66.49751518276739,67.05065062270837,65.84104879347488,65.9018325805664,8305554
2021-11-09,69.73729890642733,70.61258998677188,67.15398771859003,67.6463394165039,40325875
2021-11-10,68.38181518913476,68.49122749877407,65.71340981151268,66.23007202148438,13952431
2021-11-11,65.98085261295623,66.619082373746,64.90498107632895,65.03870391845703,8848557
2021-11-12,65.28184500987554,65.6040005976465,64.71048033988248,65.39733123779297,12240118
2021-11-15,65.6647743028258,66.05378753623032,64.55242958632998,64.8381118774414,9831034
2021-11-16,64.52202931954665,64.55850256198381,62.49792812169859,62.82008361816406,19257424
2021-11-17,63.03283290756797,63.14224520190861,61.646961214132304,61.99342727661133,13334471
2021-11-18,61.653045671816265,61.87794419736916,60.28541044998331,61.19108963012695,13692888
2021-11-19,60.66227197754114,61.23364035895711,60.358353021656086,60.759525299072266,10598911
2021-11-22,61.0695266101459,61.9812834927109,60.954036660668905,61.415992736816406,9962170
2021-11-23,61.86578630960328,62.12715807408199,61.482846974996804,62.04813766479492,9648856
2021-11-24,61.91441803116438,62.194022712579084,61.58010719600848,62.13931655883789,8943739
2021-11-26,58.753658909691964,59.62894622791606,58.054645326391395,59.470909118652344,13815999
2021-11-29,60.34011958196537,61.04521080901037,58.85699062429354,59.81129837036133,15692352
2021-11-30,58.741503765228806,59.22170020261843,57.4224969277673,57.73857116699219,18313148
2021-12-01,58.686793096485275,58.89345871088001,56.49249546950589,56.52896499633789,13895451
2021-12-02,57.25837070989721,58.218756011308955,56.413475345504864,57.88444519042969,9782400
2021-12-03,57.82365663404423,57.9573831844188,55.75700809366413,56.38916015625,12973646
2021-12-06,57.04562967190077,58.89346129233126,56.67484930962975,58.35856246948242,10721861
2021-12-07,58.71718598777337,59.768746980167506,58.534834628751966,59.29463195800781,8104115
2021-12-08,59.294630610343646,60.13952596562516,58.94816080302156,59.73835372924805,7635106
2021-12-09,59.42835896120461,59.68365311476968,58.96032526230921,59.46482849121094,6527432
2021-12-10,59.62286757748685,59.908549896221,58.62601269654175,58.929931640625,6863859
2021-12-13,58.334258522181045,58.59563034536531,56.41956886261888,56.60799789428711,11843339
2021-12-14,56.37700832257093,57.173278926895534,55.750933814230265,55.98799133300781,11654259
2021-12-15,56.05484748502381,56.1703336868859,54.81485393622584,55.969749450683594,12350388
2021-12-16,56.237204683977204,57.3434680804595,56.04269433924008,56.243282318115234,11440140
2021-12-17,56.194656574061746,56.571518292093785,54.772315192865165,55.58681869506836,14550168
2021-12-20,54.75335387166864,54.814190881859126,53.64003509517507,54.74118423461914,9651745
2021-12-21,55.19138423856646,56.986079939264926,55.19138423856646,56.61497116088867,12227117
2021-12-22,56.52979246535131,57.01040555397097,56.067428243376725,56.62104797363281,7485993
2021-12-23,56.76098472930133,57.51536452721031,56.76098472930133,57.18684387207031,6236589
2021-12-27,56.96174628361685,57.59445201737553,56.85223816093996,57.56403350830078,5503703
2021-12-28,57.44843413675559,58.45224479133315,57.332843073951956,57.977718353271484,6503676
2021-12-29,57.79521065822853,58.08722608502577,57.454520406103,57.667449951171875,5602577
2021-12-30,57.58835823893038,58.39140523759254,57.50926864019025,57.612693786621094,5247049
2021-12-31,57.491015743127825,57.77695190819373,57.12599370476019,57.4727668762207,6092452
2022-01-03,57.92903241932732,59.2796159164123,57.64309631351704,58.5495719909668,7415209
2022-01-04,60.094857140789266,60.86748579024714,59.67508096568196,60.453792572021484,12237390
2022-01-05,60.67280881991714,61.92605066333788,60.40512519194874,60.453792572021484,9461542
2022-01-06,61.11082567852552,61.4941003359753,60.48420297825533,60.806640625,6864983
2022-01-07,60.71538574215067,62.19980956384028,60.697136873760236,61.688777923583984,10029103
2022-01-10,61.883454415249,62.05379952550228,60.19218412423006,60.48419952392578,9259300
2022-01-11,61.01348551414786,62.27889679172456,60.81880485027972,61.92604064941406,9107137
2022-01-12,61.707034762026716,62.43099599177527,61.67661625426434,62.19981384277344,7316816
2022-01-13,62.230227343256175,63.057613667833785,61.932125246167395,62.33365249633789,7034320
2022-01-14,61.84696609240827,62.826441371861286,61.39068471624414,62.759517669677734,7030789
2022-01-18,62.39449688162507,63.10629222513262,62.151148810344424,62.59525680541992,13499795
2022-01-19,62.473577137254516,62.65608817426008,61.122996953421044,61.21425247192383,9147425
2022-01-20,60.97698953803158,61.92604621906312,59.60207003055466,59.77241516113281,9045502
2022-01-21,59.43780437274817,59.833244918970045,58.31840269690094,58.58608627319336,12964978
2022-01-24,57.54578183273491,59.27964060273135,56.14653039292899,58.95720291137695,15847565
2022-01-25,55.434725228781545,56.189104877461986,53.7191230830083,55.42864227294922,33629909
2022-01-26,55.67198800281535,55.91533602619025,53.56702462060742,54.339656829833984,17073695
2022-01-27,54.753360974381216,55.830174704431656,53.579205035383374,54.69252395629883,12527109
2022-01-28,54.327493326313856,56.06743102554982,54.05372678788452,56.03092956542969,10398756
2022-01-31,55.73283065348662,57.527526232668706,55.379978218866036,57.47885513305664,11238219
2022-02-01,57.795205437997296,59.87582960044886,57.643109194523866,59.58989715576172,13080224
2022-02-02,59.41955415001428,59.97317391681602,58.50091605100956,59.6446533203125,8926564
2022-02-03,59.1032145971549,60.32603797984544,58.738192469484915,59.815006256103516,9972924
2022-02-04,59.437807636601576,60.86747738221757,59.40130617533433,60.234771728515625,10278374
2022-02-07,60.45378078722001,61.19599450758321,59.92450031636183,60.77621841430664,7039456
2022-02-08,60.82490382640902,61.14125484724128,60.003604038651005,60.417293548583984,8279712
2022-02-09,60.98914549726638,61.122989142310935,60.30168585572389,60.380775451660156,10632457
2022-02-10,59.857581228712235,61.25074945429209,59.62031615295533,60.100929260253906,8848717
2022-02-11,60.24085483683522,60.97698564517734,58.507000034577615,58.90852355957031,11966771
2022-02-14,58.83552043029453,59.255296547002764,58.13589481078715,58.76860046386719,11172731
2022-02-15,59.61423321171784,61.67660852454057,59.58989766355396,61.396759033203125,10741924
2022-02-16,60.891811610172795,61.99904741138118,60.77013759190939,61.694862365722656,7850670
2022-02-17,61.049981862319015,61.098652955465134,59.54730563040122,59.90016174316406,6229366
2022-02-18,59.875831832901724,60.210439110996425,55.92142620564295,56.389869689941406,25110235
2022-02-22,56.35945704906785,57.92905355135847,56.19519487091036,57.27809524536133,12349746
2022-02-23,57.05907454909014,57.71003276172304,56.15868535171815,56.36553192138672,11839969
2022-02-24,55.11229654120992,56.633221894338725,53.35410608798918,56.29861831665039,18285861
2022-02-25,56.82790249750485,59.2674660156121,56.614969223336274,58.62867736816406,11191511
2022-02-28,57.64919880087539,58.29407036684531,57.26592414491171,58.10547637939453,10142743
2022-03-01,57.77087129900255,58.440078396524,55.89100698005216,56.17085647583008,10806289
2022-03-02,56.858309144262044,57.764781209417656,56.627127049115245,57.28416442871094,7131107
2022-03-03,57.75870057463509,57.9777167824423,55.9579258911257,56.243858337402344,7420184
2022-03-04,54.88718955430005,55.04536502354439,53.24459040633924,54.23015213012695,13545059
2022-03-07,53.99268205429397,54.32149778761607,51.934542306922516,51.98934555053711,11428423
2022-03-08,52.9940518506467,55.07654876729016,52.092853831276074,53.67604064941406,11006283
2022-03-09,55.69155811550419,56.62320203638032,55.47234887775843,55.56368637084961,10394261
2022-03-10,53.44465394719181,55.776806047788604,53.24979839556165,55.61240005493164,13026132
2022-03-11,56.507499672555426,57.0068134725526,55.81333407103459,56.19086456298828,11342229
2022-03-14,56.288291768117986,57.23211242732615,55.98383349095406,56.29438018798828,9700540
2022-03-15,56.78151105146179,56.97027442971845,55.56976641346649,56.23348617553711,8189827
2022-03-16,56.915475145052135,58.1150392200942,56.47096458595841,57.66444396972656,8954332
2022-03-17,57.359973774959,58.19419154039989,56.81803739403368,58.16983413696289,6982315
2022-03-18,58.20637893676758,58.4012344712468,57.57919712258621,58.20637893676758,11872231
2022-03-21,57.51222073398846,58.2855470950085,57.025087427531254,57.73752212524414,8799280
2022-03-22,57.99326821952446,58.59609645896206,57.60356081121572,57.78623580932617,7730288
2022-03-23,57.59137480055932,57.64008961697938,56.939835569039445,57.05552673339844,7854202
2022-03-24,57.475681467417886,57.493950456162366,57.02508245258279,57.311275482177734,8561245
2022-03-25,57.50612876317934,57.79232180007399,56.8789469068541,57.25038528442383,9227359
2022-03-28,56.99463313701984,57.01899054440077,55.24095200270031,56.02036666870117,12069336
2022-03-29,56.641470919185004,57.82885832712389,56.641470919185004,57.63400650024414,13794811
2022-03-30,57.00682185411606,57.93237363998209,56.8119662955785,57.59138107299805,9042452
2022-03-31,57.08598198858568,57.207765321381835,55.697650503363256,55.715919494628906,13203013
2022-04-01,56.081266427778075,56.361371060591985,55.47843821771283,56.31874465942383,9054811
2022-04-04,56.129972811330205,56.21521814412052,55.35055814986174,56.03254318237305,8249536
2022-04-05,55.81333528624446,56.227400033953565,54.74773131766282,54.863426208496094,10787509
2022-04-06,54.41891457695896,54.90604781028493,53.4750939373899,54.74773025512695,10556215
2022-04-07,54.69292594083545,54.85124722123231,53.030582323586344,54.473716735839844,11391666
2022-04-08,54.49199310648642,54.966945826936666,53.96223341690526,54.644222259521484,6447980
2022-04-11,54.522432289972215,55.770711192675364,54.211881872949355,54.60158920288086,8655143
2022-04-12,54.80253219604492,55.618481088280035,54.37629062694528,54.80253219604492,7240254
2022-04-13,54.899954833166035,55.685457852370654,54.79644052102316,55.25921630859375,6362268
2022-04-14,55.435805444516006,56.111702035770776,55.18615041708952,55.30792999267578,6146543
2022-04-18,55.393185395821114,55.71591267960199,54.7416461364025,55.046104431152344,6291965
2022-04-19,55.289672025581545,56.17868951599211,55.289672025581545,55.95948028564453,7394824
2022-04-20,56.324826063107544,56.69626814425205,55.563680369557154,55.6550178527832,6424385
2022-04-21,56.59883761635114,57.1042398402098,55.67328595899908,55.84986877441406,7225326
2022-04-22,55.344474638227645,55.594129695749594,54.18144096260287,54.236244201660156,7967682
2022-04-25,53.889162829402615,54.80253771226739,52.72004074231665,54.72946548461914,11080599
2022-04-26,51.72751548689342,51.89801365690913,47.745199460871284,49.072635650634766,46154289
2022-04-27,48.71337467225842,49.7789788460761,47.416380672208376,47.6234130859375,20213257
2022-04-28,47.73300753910462,47.921770928500294,46.18635871899807,47.33112335205078,19277327
2022-04-29,47.18498719509895,47.574694579900864,45.27298825119997,45.394771575927734,16677077
2022-05-02,45.114667534597515,46.174179403291305,44.213469502992275,46.003684997558594,18536095
2022-05-03,46.79528379274983,47.65994770892227,46.265527776445964,47.28850555419922,12595004
2022-05-04,47.611234147555656,49.18224070329664,47.02058644802487,48.9752082824707,12019739
2022-05-05,48.33583840750571,48.762080026839996,47.227611688582634,47.854793548583984,11491503
2022-05-06,47.69648126626489,47.73301552058508,46.393398854163806,47.635589599609375,8609237
2022-05-09,46.75264933974841,46.86225207670271,44.17083881212177,44.432674407958984,11266308
2022-05-10,45.059862643986435,45.486104235232865,43.318358302773355,44.63970947265625,10974181
2022-05-11,44.9137270199764,45.41303716359822,43.8785687523599,44.109954833984375,12465152
2022-05-12,43.68370489803848,45.187730920599456,43.33662397733613,44.621437072753906,13844409
2022-05-13,45.29734218431882,46.259428138789154,45.151201460191736,45.69922637939453,8309406
2022-05-16,45.24862962234025,45.912349469910126,44.89545649879218,45.4434814453125,10451563
2022-05-17,46.4055682288569,47.008396377416275,46.149824761402606,46.521263122558594,7218585
2022-05-18,46.06457796004688,46.59433390939433,45.559175691947246,45.790565490722656,11337253
2022-05-19,45.6687781473688,46.60651037211016,45.333874047701514,46.11937713623047,9992827
2022-05-20,46.344674251986575,46.54561820090211,44.6153505381387,45.821006774902344,11782667
2022-05-23,46.28987176309018,46.52126154263527,45.674866795391736,45.94887924194336,8467508
2022-05-24,45.504370911707475,45.58961997828388,43.87856514011018,45.37649917602539,9837776
2022-05-25,44.737140453849214,45.41912931426474,44.21956132002166,45.38259506225586,11389740
2022-05-26,45.80274254787217,47.31894563097356,45.486107406502285,46.892704010009766,7528368
2022-05-27,47.0631995813892,47.970486013600926,46.88052461094516,47.958309173583984,7819853
2022-05-31,47.465082950661625,48.12880274414787,47.34938805903954,47.672115325927734,8332038
2022-06-01,48.153159965554195,48.372369179777536,46.69784865279173,47.203250885009766,9514991
2022-06-02,47.5077097430778,47.89741708888334,46.99013066477674,47.49552917480469,9897164
2022-06-03,46.72829486775076,46.97794991180615,46.076751911196766,46.86834716796875,8463013
2022-06-06,47.440732845051244,47.67211891736223,46.74656344302269,46.88661575317383,7614722
2022-06-07,46.83180937578094,47.586866659210756,46.38121037370468,47.49552917480469,8227386
2022-06-08,46.69784242577875,47.66602036522362,46.59432438816813,46.984031677246094,5418794
2022-06-09,46.819633792771164,46.917059699746765,45.516551567922996,45.534820556640625,8114548
2022-06-10,44.463126607024314,44.54837567800632,43.074795246360814,43.373165130615234,15384656
2022-06-13,42.3014628303089,42.624190078185336,40.8826895716368,41.23585891723633,15183217
2022-06-14,41.37591025962138,41.96046936142699,41.12016681769536,41.43680191040039,8634919
2022-06-15,41.99091899580626,42.63636980693963,41.28457652837041,42.076168060302734,10576600
2022-06-16,40.81571460591154,40.94359008585002,39.48827480982033,39.75619888305664,14550650
2022-06-17,39.69530076171183,40.63303300134468,39.29950500127421,40.18852615356445,14449368
2022-06-21,41.07754340260457,41.44289333376076,40.01193943673237,40.03629684448242,12972362
2022-06-22,39.08029412180422,39.823174523676904,39.074205702191485,39.299503326416016,15573094
2022-06-23,39.19599591360656,39.62832597938698,38.410492707686984,39.01332092285156,10841280
2022-06-24,39.372580385105856,41.3880935966688,39.226439654618126,40.84615707397461,16044991
2022-06-27,41.13268568804537,41.3948339284953,40.321858209011765,40.66935729980469,10911904
2022-06-28,41.12049959321867,41.73014326998465,39.84634356221436,40.16335678100586,11313819
2022-06-29,40.07190551228603,40.23651152532589,38.578278680036895,38.82823181152344,11088303
2022-06-30,38.13324071628858,38.87091252960912,37.651621479326074,38.816043853759766,13967359
2022-07-01,38.706315143022046,39.34644112759619,37.925969592509325,38.73679733276367,10997455
2022-07-05,37.49919867343322,37.864984752680215,36.53596050495653,37.81621551513672,12889860
2022-07-06,37.52969379955128,38.01740874020857,37.023691788309556,37.535789489746094,7852596
2022-07-07,38.145440577843765,38.48684032267143,37.76136353190177,38.40758514404297,10110160
2022-07-08,38.33441948409921,39.24888484975859,37.91986035854038,38.55998611450195,9940822
2022-07-11,38.03569914955787,38.17591868667097,37.44434628326417,37.74306869506836,7662393
2022-07-12,37.18828705513974,39.34033031695332,37.18828705513974,38.419769287109375,11678496
2022-07-13,37.82842168148183,38.22469008893249,37.316320223751376,37.80403518676758,6961770
2022-07-14,37.18829919227841,37.285841447235526,36.578655432774504,37.243167877197266,8179393
2022-07-15,37.84670400254621,38.401478902063296,37.18219176782075,38.322227478027344,9391720
2022-07-18,39.254982136085815,39.68783207969522,38.60876066462444,38.82213592529297,10607899
2022-07-19,39.32203892410978,40.72422282501338,39.30984754620944,40.687644958496094,10070675
2022-07-20,40.419413868324234,41.62650997593802,40.26700293215166,41.38874816894531,11004036
2022-07-21,41.27290501396149,41.66307766167564,40.90711885663257,41.53505325317383,9551106
2022-07-22,41.699652971199946,41.91912390556223,41.35825332521237,41.57162857055664,9009387
2022-07-25,41.07782536891206,42.02277687140185,40.86445006608278,41.67527770996094,9468604
2022-07-26,42.47999673890742,44.72958213659159,42.156884171229706,43.595645904541016,28957643
2022-07-27,43.89437729370444,44.138234737957426,42.736050700686114,43.63832473754883,11570152
2022-07-28,45.44897514514919,45.66235044006458,44.44915873098223,44.58937454223633,18063717
2022-07-29,44.50402098879008,45.43067778558326,44.15652189038016,45.05879592895508,12729511
2022-08-01,44.68691244922458,46.546325397645205,44.31502687328726,46.211021423339844,14685317
2022-08-02,45.86962154703764,46.36343210579825,45.30874720747369,45.333133697509766,9290599
2022-08-03,45.67453004573002,45.90619608503995,45.15023734566757,45.564796447753906,9678390
2022-08-04,45.41239324451362,45.509935481265664,44.84542316086605,44.91248321533203,6942669
2022-08-05,44.766163668640914,45.74769282967371,44.62594788336228,45.333133697509766,7447953
2022-08-08,46.2597964088425,46.80847566330737,45.63795768075899,45.83304214477539,9833442
2022-08-09,45.94888517028289,46.38783090899645,45.64406329596131,45.680641174316406,7581496
2022-08-10,46.460972649151635,47.43030666362472,46.27807957973469,47.0279426574707,16331500
2022-08-11,47.55224611341917,48.28991797954662,47.527859618760736,48.10092544555664,14557872
2022-08-12,48.338686239712544,48.7532454419097,47.893644853024924,48.728858947753906,8273452
2022-08-15,48.35087506364353,48.862972710215196,48.21065554010052,48.655696868896484,5467107
2022-08-16,48.35697834206573,49.56407437342916,48.24724098182644,49.42385482788086,9268610
2022-08-17,48.80810628155755,49.00319073783745,48.320391408041296,48.722755432128906,6485057
2022-08-18,48.631312870307234,48.70446861419059,48.16798444914011,48.289913177490234,6421014
2022-08-19,47.85706199465376,47.911930667586326,47.10720257396444,47.38154220581055,5801930
2022-08-22,46.41219872203358,46.43658147590993,45.33312748163045,45.58917999267578,8143279
2022-08-23,45.71720964905729,47.12548555720401,45.67453235922473,46.39391326904297,7642490
2022-08-24,46.42439387732642,47.11329258516803,46.259791611184724,46.78408432006836,7649392
2022-08-25,47.16816447110114,48.57644427200237,47.13158659910223,47.63759231567383,8349212
2022-08-26,47.78999123376394,47.93021072952558,45.851323443332404,45.887901306152344,8628819
2022-08-29,45.625765816843604,46.84505303603426,45.28436240921693,46.363433837890625,7868808
2022-08-30,46.79627564934048,47.052328180958995,45.31484032434046,45.80255889892578,6886330
2022-08-31,45.973258848190774,46.204924901207335,44.72348951194215,44.77225875854492,10274200
2022-09-01,44.65643707588213,44.65643707588213,43.54688333392794,44.55279541015625,8002191
2022-09-02,44.985631502994444,45.3331305631452,43.96143258764118,44.156517028808594,6479760
2022-09-06,44.19919248434115,44.284543330827994,43.370077974503985,43.99191665649414,6472859
2022-09-07,43.83341356360804,44.955158665409115,43.72367994245976,44.85761642456055,5494394
2022-09-08,44.22357524092156,45.16242700739767,43.94313996854975,44.97343826293945,5810597
2022-09-09,45.436772266620494,45.70501244038289,44.9185715201382,45.13804244995117,10795534
2022-09-12,45.363617247195265,46.631677439212275,45.2721707064099,45.918392181396484,11661482
2022-09-13,44.66253089934724,45.02831709359573,43.05307089809047,43.187191009521484,11574005
2022-09-14,43.101834335798316,43.284727408247186,41.87035580776914,42.69337463378906,9968109
2022-09-15,42.54096266247929,43.15670191089662,41.91302830318443,42.01057052612305,7908775
2022-09-16,39.870725679446565,40.60229801126486,39.7366018455899,40.47426986694336,22966955
2022-09-19,39.98655387311272,41.14488043260453,39.90730244571432,40.87663650512695,8045047
2022-09-20,40.5108519972883,40.96808471062846,40.19993449878032,40.5962028503418,8379870
2022-09-21,40.85834477042225,40.88882694937495,39.724408459945046,39.760986328125,10164733
2022-09-22,39.626861633630746,40.059707777947295,39.33423125652931,39.84633255004883,11345279
2022-09-23,39.35253143310547,39.675644093271885,38.742887721710154,39.35253143310547,13124524
2022-09-26,39.389155143964324,40.384108935728534,39.193828580679494,39.27928161621094,16780605
2022-09-27,39.584485094369555,39.86527219211004,38.766551770358404,39.352535247802734,12596770
2022-09-28,39.669930073560295,39.712660319719895,39.181610031381695,39.34642028808594,10686228
2022-09-29,38.92525274402595,39.13278955870517,37.796012378436615,38.290435791015625,14124337
2022-09-30,38.23549918924036,38.632259319387266,37.77159578455843,37.7899055480957,12709126
2022-10-03,38.30875044777708,39.29760113669341,37.93640702716059,38.82148742675781,8721754
2022-10-04,39.60278482516783,41.287491875984294,39.59668157243694,41.2264518737793,12441557
2022-10-05,40.7076204541989,41.635431011360524,40.316967311656356,41.16542434692383,9327837
2022-10-06,40.73203776787915,41.189841666874635,40.15826081791804,40.42073440551758,7953396
2022-10-07,40.04838705104888,40.152153582398455,39.12668356467396,39.407466888427734,6856315
2022-10-10,39.706556234033066,40.05448276180997,39.102259447019534,39.66382598876953,5764210
2022-10-11,39.364740160714334,39.8347505645344,38.50407661274412,39.065643310546875,8500412
2022-10-12,38.876421371029046,39.93241526595264,38.49186773040501,39.51734161376953,8598323
2022-10-13,38.876418488721995,41.72698959946679,38.5712183957589,41.47062301635742,12818915
2022-10-14,41.690367507980305,41.983361100442416,41.01282403004202,41.244773864746094,9106174
2022-10-17,42.08713032391983,42.844027371507245,41.76972369305225,41.89180374145508,8251944
2022-10-18,42.844012133948226,43.42389215762616,42.68530887495757,43.15531539916992,9806637
2022-10-19,42.89285615032979,43.32623952682293,42.325182492949985,43.05155944824219,8408280
2022-10-20,43.19194889546713,43.7107889947916,42.624275291815,42.70973205566406,9609852
2022-10-21,42.72804080659088,44.49820484106383,42.57544078098534,44.449371337890625,10352529
2022-10-24,44.55924839237375,45.36497509662171,44.41885486268032,44.77899169921875,10913990
2022-10-25,45.78004238207081,45.93264239876277,43.3872718778719,44.559242248535156,15445168
2022-10-26,44.7362624121192,46.77499953741051,44.67521866335913,46.060829162597656,12975572
2022-10-27,46.573565742128814,47.385399382966256,46.3233024446548,46.390445709228516,10105505
2022-10-28,46.811629836621805,47.837103675852305,46.744486561571414,47.812686920166016,8648081
2022-10-31,47.47695620110595,48.13618977011686,47.33045943716482,47.49526596069336,10585428
2022-11-01,47.95306959106221,48.88698326062187,47.27552621189572,47.73943328857422,9174391
2022-11-02,47.666183390666795,48.624513819483084,47.17176004201568,47.2450065612793,10230221
2022-11-03,46.921486018392805,48.08734923118373,46.73836228718364,47.84318923950195,13947456
2022-11-04,48.82595000637453,49.54012048118233,48.48412664265972,49.48518371582031,11558435
2022-11-07,49.50959428887552,51.17598811789141,49.48517753649148,50.944034576416016,12864178
2022-11-08,51.15157490482555,51.70703830711532,50.44961471554369,51.27365493774414,10052376
2022-11-09,50.79752921021836,51.755859482745265,50.60220269907111,50.75480270385742,7961743
2022-11-10,52.0244449256872,52.29302172644761,51.36521129995242,52.116004943847656,13786304
2022-11-11,52.360164119585434,52.97056423048158,51.97561055474141,52.683677673339844,12490513
2022-11-14,52.482246055128705,53.16589270927688,52.29302276134205,52.39068603515625,7906367
2022-11-15,52.8240675500007,53.483301165916394,52.6287410091472,53.1903076171875,7913108
2022-11-16,53.001079275008244,53.06211928038438,51.6704056628292,51.82300567626953,7629328
2022-11-17,51.12105524983066,52.35406583329756,50.791438411183115,52.12211227416992,7466411
2022-11-18,52.79355499682411,53.1964183801087,51.79249792437966,52.17705154418945,6555521
2022-11-21,51.951197329801545,52.49445421287074,51.719247514383035,52.427310943603516,5247691
2022-11-22,52.67756768299156,53.464984528704484,52.49444766014894,53.28797149658203,6797569
2022-11-23,53.12316932988881,53.69084298219763,53.0682325671736,53.63590621948242,5867738
2022-11-25,53.53213570624095,53.94720554795259,53.31849566291256,53.80070877075195,3040207
2022-11-28,53.22693812359686,53.446685183787785,51.98172097812792,52.17094802856445,6876058
2022-11-29,52.34184394650963,52.44561419459809,51.8596271729055,52.28690719604492,7205262
2022-11-30,52.27470934406705,52.70809269179092,50.77922901551299,52.47614288330078,11654259
2022-12-01,52.62263524687315,52.86679903481453,51.80470206768178,52.042755126953125,6806718
2022-12-02,51.62158495746987,53.074335097822875,51.52391794177476,53.03160858154297,7191459
2022-12-05,52.39678729658239,52.52497057217984,51.65210065743634,51.676513671875,7568656
2022-12-06,52.86679577095006,53.16588882437931,51.560535096521235,52.054962158203125,9444207
2022-12-07,51.88405227661133,52.54328591344788,51.77418249543774,51.88405227661133,7801715
2022-12-08,52.25028864993588,52.61042544938144,50.474025141168724,51.04780197143555,10334231
2022-12-09,51.041699378603134,51.15157289890072,49.643882309011374,49.717132568359375,8899117
2022-12-12,49.88193455304654,50.821951431245765,49.460757746992186,50.79143142700195,7480054
2022-12-13,51.62158471930047,51.82301452898218,50.01012381715333,50.590003967285156,12391318
2022-12-14,50.3333819029032,50.91993514187911,49.69795172138565,49.777381896972656,12271899
2022-12-15,48.92199564273913,49.61852480141386,47.96273935913268,48.15214920043945,15598294
2022-12-16,47.52893684604537,47.871090401276774,46.85684803571032,47.443397521972656,15978540
2022-12-19,47.19900384099056,47.871092683365106,47.16845434815535,47.693904876708984,7061125
2022-12-20,47.68168873968671,49.368023813559915,47.565599913433154,49.08085632324219,11196647
2022-12-21,49.514653135547775,51.07268091647257,49.471885344602676,50.69997787475586,12127441
2022-12-22,50.21119075779004,50.53501314807931,49.050306250017634,49.9606819152832,9730074
2022-12-23,49.92401589654666,50.33949044810818,49.4657735563211,49.972896575927734,5286213
2022-12-27,50.10119736928935,50.76717690136977,50.04009839829222,50.61442947387695,6804792
2022-12-28,50.70609387223231,50.81606980996805,49.67352018953075,50.082881927490234,6210907
2022-12-29,50.253970891764354,51.26821358876269,50.101223384955546,51.17045593261719,7088733
2022-12-30,50.657208874702796,51.34151975144336,50.577782438826375,51.194881439208984,6625342
2023-01-03,51.353736879304925,51.98916705710346,51.04213281108492,51.921958923339844,10280781
2023-01-04,53.543045276962026,54.94404220581055,52.24380143087028,54.94404220581055,21031104
2023-01-05,54.709234751978364,56.000655957664804,54.00482318524031,55.797157287597656,16001061
2023-01-06,56.36069220818793,56.61114867505754,55.37451519356418,56.305904388427734,13018044
2023-01-09,56.35285895037544,57.8477751102816,56.32155376433527,56.877254486083984,9488844
2023-01-10,56.509404598450374,58.990494348540516,56.509404598450374,58.912227630615234,11597142
2023-01-11,59.342693893084274,60.814131228496585,59.10006372631082,60.806304931640625,12729603
2023-01-12,60.95501630459347,61.99598119809977,60.493234829413076,61.722042083740234,14407871
2023-01-13,61.65942302490577,63.08390256442291,61.44027175097088,62.77082824707031,13843395
2023-01-17,62.55168148693174,63.130864900662935,62.42645324737796,62.99781036376953,10640727
2023-01-18,63.35001210720994,63.537850713373636,61.94118889144518,62.042938232421875,9816378
2023-01-19,61.00198123154298,61.63595250809113,60.0079778080811,60.15668869018555,13045860
2023-01-20,60.72804057205963,60.853268808720394,59.22529425001091,60.79848098754883,10351409
2023-01-23,60.74368426322364,62.629937574886966,60.68889645008229,62.434268951416016,13729748
2023-01-24,61.04893549358234,63.279568531177674,60.634115570113636,63.162166595458984,16767395
2023-01-25,62.44210045719695,63.67090385474681,62.16816510969405,63.232608795166016,10652380
2023-01-26,63.77267423262387,63.85094470721212,62.708233937044106,63.50656509399414,8158534
2023-01-27,63.39696531367535,65.73717754091835,63.31869486885196,65.14234161376953,9760244
2023-01-30,64.50054186033083,64.76665090367797,63.13868397569855,63.263912200927734,7175806
2023-01-31,62.96649990023097,63.32653199405618,62.19947045035686,62.9899787902832,8625026
2023-02-01,62.82561154801167,64.54750904899052,62.62211661120122,64.43010711669922,9112192
2023-02-02,64.32835209290437,65.76848033984479,64.10137454505849,65.69803619384766,10391129
2023-02-03,65.36151215985569,65.50239301641257,64.03877791442235,64.14835357666016,7240085
2023-02-06,63.76483134580197,64.52402706796317,63.58481902783496,64.4535903930664,5425114
2023-02-07,64.16398248542976,64.46923046371082,63.03692856694529,64.26573181152344,5891982
2023-02-08,63.937036032885345,64.64927409637052,63.63178794191126,64.14835357666016,4269472
2023-02-09,64.44575959938648,64.67273716690117,62.958665965543936,63.232608795166016,4838334
2023-02-10,63.248262450980505,63.67090492433172,62.927361835979525,63.62394714355469,4373095
2023-02-13,63.553509057908144,64.8997220208083,63.459593487387686,64.71187591552734,5114245
2023-02-14,64.28139652637965,65.59629675366091,64.14834199243019,65.38497924804688,6726731
2023-02-15,64.65707175589895,66.36330884022642,64.524009774739,66.34765625,7305617
2023-02-16,65.43976202569873,66.16765254040938,64.94667538554761,65.78414154052734,5645893
2023-02-17,65.42409801511907,65.60411777919023,64.35965446833676,64.99362182617188,5543523
2023-02-21,64.28922500570968,65.25974563129878,64.03093477415082,64.38314056396484,5101965
2023-02-22,64.30488468476999,66.0032959667058,64.25791941834807,65.11103820800781,10829053
2023-02-23,65.3458282080594,66.06589230706636,64.1013723672976,64.91535949707031,10120732
2023-02-24,63.991795065409946,65.57280402701444,63.905698332624716,65.39279174804688,8704340
2023-02-27,65.74500972780694,66.41810867796863,65.34583865377347,65.61978149414062,8007297
2023-02-28,65.44758623427661,67.03642922641856,65.3223580039822,66.30070495605469,11441143
2023-03-01,66.26157361906316,66.80945180413968,65.54933571952331,65.85458374023438,7512988
2023-03-02,65.4319372855961,67.09904333821252,65.25975126514452,67.09121704101562,8546337
2023-03-03,67.2320957565571,68.12435346587807,66.64508607466684,67.60778045654297,9618780
2023-03-06,67.87412394821251,68.79854276683578,67.74094610826648,68.20315551757812,8084105
2023-03-07,68.12482608950542,68.61053624566412,67.45109571655073,67.67828369140625,8643445
2023-03-08,67.97598322229949,68.47736049718945,67.42759714722902,68.14049530029297,7598067
2023-03-09,70.47505694054134,74.37640615586263,70.32620444888447,71.72850036621094,35826152
2023-03-10,71.99484428211737,73.79667358995697,71.12526758093414,71.28977966308594,23152683
2023-03-13,70.27135725921063,71.0782655356553,68.67321529931954,69.69947052001953,14201502
2023-03-14,71.42295837402344,72.91925654530107,70.6630514723459,71.42295837402344,14218418
2023-03-15,69.7151459849728,70.31836700439453,67.72530372070037,70.31836700439453,15107797
2023-03-16,70.03633995431521,72.15153391742047,69.38611765611635,72.04969024658203,10183883
2023-03-17,71.90867396218144,71.9400081698467,69.99716746971336,70.73356628417969,12765689
2023-03-20,70.99993002110708,71.46997314522847,70.04417666726773,70.44371032714844,8705343
2023-03-21,71.27412419802945,72.88794103109656,71.25845709136662,72.2142105102539,8553980
2023-03-22,72.45705302671489,72.54322958741373,70.15384645619217,70.1851806640625,8784783
2023-03-23,70.99991776938263,72.81741404079919,70.92158225491742,71.75198364257812,10834691
2023-03-24,70.95292164274294,72.34737628167156,70.75706786416592,71.57964324951172,8342975
2023-03-27,72.29254088237964,73.35797135052724,72.15936300999311,73.09944915771484,7524516
2023-03-28,73.12294883260466,73.43630588493774,72.51189434259432,72.96626281738281,5023152
2023-03-29,73.61649463161184,73.96902694221896,73.38147309120708,73.68700408935547,6162254
2023-03-30,73.60084079568009,73.8828636993846,73.29530974245279,73.6791763305664,6623107
2023-03-31,74.0551978154039,74.94827510690497,73.88284470485048,74.89344024658203,9247391
2023-04-03,75.01095797962597,75.94320311514777,74.70542697655013,75.92753601074219,6199468
2023-04-04,75.95887598493186,76.67177415354259,74.16488023536753,74.46257019042969,8554983
2023-04-05,74.40774035844147,74.6740961234171,73.37364401970223,73.83585357666016,10642230
2023-04-06,73.73400443788319,73.94552531929334,73.27962846716669,73.3266372680664,8025340
2023-04-10,73.50680418753493,74.41555597733799,73.3344585838072,73.92201232910156,7499832
2023-04-11,74.03952408651725,74.3920563741535,73.54598038163752,73.56948852539062,6663078
2023-04-12,73.84368233448961,74.16488043554929,73.49115002524525,73.71833801269531,8768118
2023-04-13,73.93768352725736,74.18053858949847,73.22478544273609,73.87500762939453,11044694
2023-04-14,73.53032089792266,74.92478308983367,73.49115313603387,74.76810455322266,7211767
2023-04-17,74.90910957701229,75.87269634949365,74.79943236405013,75.81002044677734,7676003
2023-04-18,75.99021555510798,77.18099043749181,75.88053832996293,77.14181518554688,8909832
2023-04-19,77.2279883124198,77.79987507040056,77.10264398770332,77.58052062988281,7038101
2023-04-20,77.79203892746568,78.70861693110022,77.60401870212478,78.15240478515625,8661237
2023-04-21,78.32473467500954,78.40307766799798,77.6588454462964,77.95653533935547,5112741
2023-04-24,78.01138898486948,78.94363404014844,78.01138898486948,78.45792388916016,7833505
2023-04-25,79.86805802773543,79.91506682890139,76.42107795702438,77.1183090209961,11649768
2023-04-26,76.95378971940745,77.12613533669781,75.2773048979854,75.3713150024414,8032357
2023-04-27,76.00587585722415,76.92246133923281,75.67684421123958,76.82061767578125,9348633
2023-04-28,76.09206000191823,78.12107745416286,75.89620620736869,77.53352355957031,6279159
2023-05-01,77.94088646664306,79.90723538918749,77.84687635088152,79.26483917236328,7408237
2023-05-02,78.81828901116351,79.93072820866529,78.48926487184237,79.52335357666016,7485046
2023-05-03,79.8132349846661,80.65147759817603,79.36669249725762,79.72705841064453,5917543
2023-05-04,79.5077100154044,79.71139739171733,76.3114253589554,77.80772399902344,9055431
2023-05-05,78.79479814355727,79.71921724278945,78.14457584655611,78.5284423828125,6302841
2023-05-08,78.51277871653349,79.21000984770907,78.51277871653349,79.06116485595703,4282128
2023-05-09,78.94364601204522,79.82889738145747,78.94364601204522,79.12383270263672,6520737
2023-05-10,79.49984774539098,79.6486927024442,77.13396557821632,77.98004150390625,5053224
2023-05-11,77.87036628502747,78.32473467500954,77.41599040599151,77.95653533935547,5117628
2023-05-12,78.01139939467124,78.34042358088394,76.54642770563778,77.40034484863281,4332874
2023-05-15,77.6666959969178,80.15008928535724,77.57268588256484,79.90723419189453,7973716
2023-05-16,79.3040128706173,80.08741301216969,79.03764963299618,79.22566986083984,5523851
2023-05-17,79.80537206453867,81.14499154475153,79.55468347695812,81.0588150024414,6871703
2023-05-18,80.60445484196555,81.69338594687243,79.69571040710026,81.48187255859375,5772320
2023-05-19,81.88141409082324,82.86850162847612,81.34870255909185,81.67772674560547,7230687
2023-05-22,81.55239011873856,82.99385379847439,81.55239011873856,81.90492248535156,4996087
2023-05-23,81.36437054535646,81.58372499811163,79.34318664362117,79.6722183227539,5738239
2023-05-24,79.34319112703112,79.49203612514853,78.2699269496624,79.10816955566406,6275400
2023-05-25,79.43718634518387,79.97773136444857,78.76345596995748,79.53118896484375,6737506
2023-05-26,79.58605028818168,81.43488125140215,79.56254962766431,80.4869613647461,6796523
2023-05-30,80.70629117985732,80.74545893541791,78.85746078157808,80.2205810546875,7098370
2023-05-31,79.37452750299792,79.7818947429115,78.11325052759048,79.5390396118164,13358734
2023-06-01,79.28833545713611,82.39061668282002,79.17865824297111,81.99891662597656,7797043
2023-06-02,82.64912614830168,83.59704568185464,81.89706035755117,82.88414764404297,7477278
2023-06-05,82.88415424971876,82.88415424971876,81.5523681640625,81.5523681640625,5108732
2023-06-06,81.73256169613371,83.12701630880083,81.55237502498741,82.61780548095703,7794036
2023-06-07,83.54223215552557,84.08277724029571,82.758824473371,83.10352325439453,9121088
2023-06-08,82.91549344591682,83.99659088211051,82.75097389730954,83.09567260742188,4477596
2023-06-09,83.26803009607193,83.47170992124128,82.32011046556167,83.27586364746094,4365076
2023-06-12,83.2837070965805,83.73808308736272,82.76665519818262,83.22103118896484,4677449
2023-06-13,83.06434769498307,83.94175792583482,82.89199457612048,83.62056732177734,5411582
2023-06-14,83.60489771683304,83.66757362444645,81.44270247359023,82.02242279052734,6429268
2023-06-15,81.81871411045722,82.75880005605552,81.46618936991167,82.57862091064453,8733159
2023-06-16,83.00167265575088,85.31272025737853,82.99383910381691,83.26803588867188,13731752
2023-06-20,83.10353257739096,83.20537626151146,81.0118464878865,81.4897232055664,8068443
2023-06-21,81.19200974802611,82.7979927397781,81.14500843646583,82.2966079711914,5983576
2023-06-22,81.99108024711666,82.87632399265166,81.97541314406975,82.11642456054688,5292046
2023-06-23,80.76113651559494,81.76389100749411,80.40860423533884,81.30168151855469,7532911
2023-06-26,81.1058294362081,82.34361296298435,80.97265157055874,81.82656860351562,5326378
2023-06-27,81.96758283172024,82.42195130520103,81.75606195411822,82.19477081298828,5973427
2023-06-28,82.48463115132148,84.11411485724499,82.23394250257257,83.8634262084961,6009012
2023-06-29,83.21319401959934,84.47447826790594,83.0721825949132,84.40396881103516,4070746
2023-06-30,85.38322302322219,86.37815152963813,85.07769951682972,86.05695343017578,9250648
2023-07-03,85.43805792757064,85.64957130238061,84.06709657716651,84.8270034790039,3723916
2023-07-05,84.78000946198952,85.38323046439356,84.41964357108509,85.11687469482422,4588235
2023-07-06,84.61550548930285,85.19522588928871,83.71458693102798,84.11412811279297,4594375
2023-07-07,83.93393199744527,85.28921897060894,83.77725345711208,84.81918334960938,4843847
2023-07-10,84.9916556621771,86.8105036766724,84.9602982811255,86.65370178222656,5805400
2023-07-11,86.81049076873713,87.4376757694819,86.41849358550293,87.19464111328125,4746113
2023-07-12,87.24951680462343,87.78262967792823,86.93592805053153,87.17896270751953,5403938
2023-07-13,87.21815829850304,87.665030886078,86.88104402181655,87.2416763305664,3477075
2023-07-14,87.0221731008718,87.19465368506549,86.26171164623696,86.45771026611328,3405529
2023-07-17,86.56745710102057,87.92374608585429,86.35577981879187,87.13191986083984,4557412
2023-07-18,86.94377685298629,87.67288090326718,86.64585926013736,87.0692138671875,4476718
2023-07-19,86.49688535017921,86.87319631072747,85.32090891434592,86.15193176269531,5604920
2023-07-20,86.26954582076858,87.68071781227195,86.20683106270717,87.2103271484375,5158852
2023-07-21,87.36710679039231,87.71206038528143,86.09705820810152,86.49688720703125,10277106
2023-07-24,86.55177887139672,87.00648332041834,86.28521868385485,86.4341812133789,6687261
2023-07-25,89.76610108523283,92.47868644966962,89.08404069311898,91.85150146484375,21329067
2023-07-26,91.83582454746544,92.0318156432935,88.94292672300597,89.93858337402344,9449750
2023-07-27,90.59713930916023,91.92991043759112,90.10323058174008,90.48738098144531,7752311
2023-07-28,90.57361600040217,90.82449002211811,89.3897999947212,89.67987823486328,5600785
2023-07-31,89.71907313429435,89.96210780630176,89.154602849615,89.5622787475586,5169252
2023-08-01,89.1310983843569,89.53092750396665,88.01784382933334,88.76262664794922,6595040
2023-08-02,88.5666180088613,88.98213326772805,87.75128117014489,87.78263854980469,5377375
2023-08-03,87.67287877823468,88.72341843082773,87.45336213505482,88.08838653564453,4347409
2023-08-04,88.44901725309386,89.27220090258432,87.64935913212067,88.63717651367188,6118274
2023-08-07,89.01348445487683,90.14241749543415,89.01348445487683,89.94642639160156,4140914
2023-08-08,89.67988174080416,90.0248279132038,88.68421746518898,89.02133178710938,4735463
2023-08-09,89.29571155883697,89.31923708541053,87.79046757695049,87.93942260742188,3900213
2023-08-10,88.1589435311875,90.18946113271284,88.1589435311875,89.03700256347656,5853515
2023-08-11,89.0134748054235,90.46384329168654,88.94292071374566,89.84449768066406,4463437
2023-08-14,89.7661032132167,90.82448211590851,89.53090790150739,90.58928680419922,4916020
2023-08-15,89.88370818305312,89.89154752777515,88.95861304370052,89.25652313232422,4276614
2023-08-16,89.16243956808928,90.42465645318583,88.9586091197143,89.03700256347656,4614924
2023-08-17,89.35843064436723,89.67986622051293,86.97512026276272,86.99079895019531,5734981
2023-08-18,86.4733954257173,87.7512912339398,86.25387875373613,87.64153289794922,5651281
2023-08-21,87.8375094385338,88.18246308079927,87.0378513308483,87.82183074951172,3686075
2023-08-22,87.92374691014925,88.62933286113122,86.89672536071735,87.53959655761719,3308421
2023-08-23,87.41416223827545,89.18596651438101,87.41416223827545,88.95861053466797,3568043
2023-08-24,88.74692335035753,89.34275093896984,87.03784151538275,87.05352020263672,4211960
2023-08-25,87.37496263585288,88.09622733558989,86.41066325456522,87.78263854980469,3903596
2023-08-28,88.237335651402,89.59362453347035,87.9237394239134,89.3427505493164,3524313
2023-08-29,89.11539559058693,90.68336175634586,88.52740734160326,90.41680908203125,5833091
2023-08-30,90.0405192483499,90.61282144979037,89.33493318385688,89.6171646118164,6086573
2023-08-31,89.8288513792632,90.11108283691091,89.22518423764252,89.73477172851562,5218620
2023-09-01,90.17378509988067,90.51873874637397,89.00564780748638,89.5622787475586,4435119
2023-09-05,89.13108763867726,89.52307736522806,88.04919059728971,88.49606323242188,4406550
2023-09-06,88.47254013071641,89.42900010504407,87.75127547776744,88.3392562866211,5018014
2023-09-07,87.97863975714051,88.70774388541008,87.3436152732335,87.64153289794922,4139035
2023-09-08,87.41415870825388,87.82966643380281,87.19464208190644,87.58663177490234,3170967
2023-09-11,88.00215895774454,89.60932216371484,87.90023997490067,89.57796478271484,5272499
2023-09-12,89.57011564046472,91.58495455743147,89.3741170414649,90.1581039428711,5275255
2023-09-13,89.91507251309943,90.44033858467398,88.30790193049047,89.0605239868164,3508651
2023-09-14,89.66418298243568,91.89069906822503,89.62498626256723,90.66768646240234,6637768
2023-09-15,90.48736105844893,90.87151886816638,89.53090119508828,90.54224395751953,8437076
2023-09-18,90.76962365017133,92.0631906114339,90.09539496552993,91.38896942138672,4700880
2023-09-19,90.95776506250061,91.47519928257698,90.33058001727977,91.10672760009766,3882045
2023-09-20,91.3575967273157,92.25133443208455,90.01697892827298,90.0405044555664,5134919
2023-09-21,89.33492017200747,89.64066959199812,87.85318665455256,88.58229064941406,5760292
2023-09-22,88.51175228858347,88.74694765097863,87.07706207689196,87.21817779541016,6249463
2023-09-25,86.86512979593941,87.83796814174084,86.79451741600757,87.64967346191406,4741101
2023-09-26,87.08478147543995,87.82226259062539,86.10409831693028,86.24531555175781,6022043
2023-09-27,86.79451997949936,87.56337369486121,86.41793810871064,86.99850463867188,5912656
2023-09-28,87.13186729898733,88.64603960191354,86.95141762040788,88.1360855102539,5518337
2023-09-29,88.36361272224839,88.45776006266712,86.22964133936436,86.73175048828125,4924165
2023-10-02,86.65328697707938,87.24169838706281,84.80959539246923,85.35093688964844,5389278
2023-10-03,84.97436619553487,86.29240642620142,83.97798541105173,84.54286193847656,8624900
2023-10-04,84.70761400494386,85.68045224210516,84.22903987214764,85.39801025390625,4876551
2023-10-05,85.0214233922803,85.63336974709377,84.08781013942908,85.29601287841797,4819539
2023-10-06,85.00575106014084,87.79089392598128,84.69192908230477,87.45353698730469,5284026
2023-10-09,87.09263828899465,87.19463061132915,85.93935779795139,86.50423431396484,5418473
2023-10-10,87.24955799119404,88.64604813821536,86.96711596708715,87.46138763427734,5707039
2023-10-11,87.86933619456556,88.96770167824987,87.72027396820536,88.85786437988281,3580573
2023-10-12,89.04617133349161,89.23445851385164,86.89650998279843,87.34370422363281,3861746
2023-10-13,87.32013931137375,87.453511550665,85.24893586004882,85.81381225585938,4578337
2023-10-16,86.21394552035383,87.02203159584374,84.72330814807884,85.62553405761719,5616698
2023-10-17,85.31956003721511,86.84157727283107,84.77821852043384,86.31593322753906,4916647
2023-10-18,85.53139709002907,85.97074636878493,84.26827916358752,84.39380645751953,6080433
2023-10-19,84.4722479877534,85.59414843563141,83.68769692281344,83.9073715209961,5035055
2023-10-20,83.7112421680965,84.1349014452299,82.79332623428614,83.22482299804688,9714760
2023-10-23,83.5386474344359,84.96652504037652,83.31897280275467,83.70339965820312,7300229
2023-10-24,87.12401580743916,90.13667771627105,84.9821997824134,89.14030456542969,15904078
2023-10-25,89.69732969316945,89.69732969316945,87.15539687780007,87.24169921875,8224191
2023-10-26,87.68888303705312,88.12038722775497,83.92305759996381,85.35877990722656,9738191
2023-10-27,85.70398110872824,86.17471022228669,82.9502187944057,83.43663787841797,6677237
2023-10-30,84.35456978144074,86.67682814596466,84.27611242115756,86.15118408203125,5611435
2023-10-31,85.91582188046938,86.10410905038204,84.80175883353984,85.22541809082031,6349452
2023-11-01,84.9665143575226,84.9900493151035,83.02868285024346,84.14273834228516,12703791
2023-11-02,85.42155644755975,85.69614596199828,84.22904355630126,84.55854797363281,9398127
2023-11-03,85.1626396822044,85.8687333529903,84.80174786157956,85.45292663574219,6941620
2023-11-06,85.74322507118383,87.77520419584566,85.15481354859932,87.69674682617188,6131806
2023-11-07,87.36722338039635,88.59896106657324,86.97494411729419,87.7124252319336,5237415
2023-11-08,88.02622723095303,89.47763929982503,87.86147506367018,89.32073211669922,6065021
2023-11-09,89.71303086509772,90.04254279896715,88.5989752791435,88.72450256347656,5786605
2023-11-10,89.2265964762879,90.66231876461605,88.8029447764457,90.43479919433594,4382618
2023-11-13,90.33281895100517,91.4468819956408,89.99546954310901,90.63095092773438,5753776
2023-11-14,91.39980872093336,92.23142979899423,90.67017996848193,91.98822021484375,6007634
2023-11-15,91.76071146843472,92.18437079420679,90.78787301664767,91.24291229248047,5245309
2023-11-16,91.47041041130863,93.32979201478251,91.2507358125875,93.31409454345703,5825072
2023-11-17,93.62008348265728,94.20849498321752,93.31410650237105,94.09081268310547,5186418
2023-11-20,94.09080813864529,94.72628952856255,93.86328853608507,94.20064544677734,5190678
2023-11-21,93.98880535581691,94.34185219980711,93.39254896374365,94.05941772460938,3506019
2023-11-22,94.06728141855253,94.53016565051034,93.64362212151062,93.83191680908203,3773785
2023-11-24,94.13002973943647,94.42031672208076,93.89466515890828,94.12218475341797,1981995
2023-11-27,93.91035513094528,94.39677426403864,93.61223066226911,94.12218475341797,3984415
2023-11-28,94.12218304448902,94.23202034674036,93.01597253608612,93.24349212646484,4378107
2023-11-29,93.76914954439641,93.91036681027873,92.92968343610904,93.25135040283203,3792831
2023-11-30,93.40041586595764,95.58930231233641,93.28273355701293,95.55792236328125,10174611
2023-12-01,95.47945750858355,96.69551293904341,95.29901531566853,96.10710144042969,5668572
2023-12-04,95.56575157242509,96.03648073048545,95.05579748452188,95.34607696533203,4747116
2023-12-05,94.93812597938903,95.07149825599151,94.13788481978665,94.32617950439453,3688206
2023-12-06,94.99303155842703,96.16985447168553,93.91035597822658,93.99665832519531,3964241
2023-12-07,93.7534371626211,94.1613988887738,92.70998664190326,93.73774719238281,5064626
2023-12-08,93.4396340429266,94.78906175453615,93.3454942025711,94.60861206054688,4925418
2023-12-11,94.60860415953368,94.85965871282336,93.8632854857058,94.36539459228516,4643869
2023-12-12,94.92243065425434,96.0914011303352,94.62429867043079,95.96588134765625,4664543
2023-12-13,95.81679840425272,95.99724806696565,94.55368076520614,95.07147979736328,5506309
2023-12-14,95.03225968642188,96.02863287454434,94.06726644123583,95.2048568725586,10454155
2023-12-15,96.03649078301203,97.02501911841742,95.58145154925799,96.67981719970703,13586279
2023-12-18,97.0250150619243,97.158387331761,96.57782833364368,97.00148010253906,5206215
2023-12-19,97.04855676711055,98.83732616629325,97.04855676711055,98.80593872070312,5957138
2023-12-20,98.40582992267788,99.02562139871377,96.67197528719763,96.78965759277344,6231921
2023-12-21,97.46436010362154,99.67678119025894,97.43298015912684,99.61402130126953,5185165
2023-12-22,99.9435346811598,100.44564380037059,98.9942313464077,99.39434814453125,4030650
2023-12-26,99.48065776354063,100.19459656334152,99.35513047456396,100.00630187988281,2480063
2023-12-27,99.62162516121286,100.80703707466577,99.58237559609752,100.64218139648438,3314310
2023-12-28,100.48516932040687,101.4272188615858,100.33600597294277,100.73638153076172,3965494
2023-12-29,100.67356917576248,100.86198207548979,99.66872038973968,100.19469451904297,4441133
2024-01-02,99.70796716656363,100.60291715823891,98.31845021247773,98.87582397460938,5189425
2024-01-03,98.22424833319239,98.30274745562446,97.07023618647898,97.39210510253906,4531850
2024-01-04,97.5805169180745,98.73452914067703,97.47846805220196,97.8631362915039,4364199
2024-01-05,98.0515256009509,99.18198789963694,97.91806960125938,99.14273834228516,4190157
2024-01-08,99.08778431353183,100.8227273689229,97.50985450146477,100.70496368408203,6920068
2024-01-09,99.91209178041481,101.09750366210938,99.66087956101292,101.09750366210938,4815028
2024-01-10,101.03469648413763,102.18870871034619,100.88554063654577,101.81974029541016,4571320
2024-01-11,102.14946883717532,102.21226814540461,100.33601873689524,101.92180633544922,5014005
2024-01-12,102.52626876906507,102.68327451611017,101.41150620142614,101.890380859375,5640380
2024-01-16,101.42722334223554,101.93749769801718,99.88854285731695,100.46161651611328,6314619
2024-01-17,100.02984417885573,101.01899319327664,99.06424490197884,99.60591888427734,5031171
2024-01-18,99.85713302944895,101.01114523843665,99.51957177538276,100.91693878173828,6508082
2024-01-19,101.03468192231978,102.09448753767765,100.0455330165307,101.90608215332031,6154611
2024-01-22,102.27505682468184,103.8372869009647,102.25935700040813,103.02084350585938,10052443
2024-01-23,100.19470644650583,103.53112961652509,99.30761374103655,102.01599884033203,13333800
2024-01-24,102.26720194566091,102.36140839833702,99.26834781756286,102.00028991699219,10785198
2024-01-25,102.55767121602089,104.0178449660635,101.81188451633628,102.00028991699219,6086573
2024-01-26,102.47130920824361,103.81372669698949,102.36140293676833,102.98944091796875,4696495
2024-01-29,103.15430511087882,103.73523616398994,101.81188751102152,102.91879272460938,6126544
2024-01-30,103.21710842555177,105.41522661778498,103.01300318629126,105.14045715332031,7871346
2024-01-31,105.01484582954309,105.56437722649551,103.71953522368462,103.95504760742188,6253472
2024-02-01,104.43391550991416,106.34156419344575,103.99429042088262,106.30230712890625,6190572
2024-02-02,106.31801464885518,107.87239489222348,106.0118530505216,107.18941497802734,6103864
2024-02-05,106.74977763243751,108.83798170796737,106.56921465537259,108.10789489746094,7158013
2024-02-06,108.08435074133855,108.64173201988301,107.22080788371883,108.00584411621094,6026178
2024-02-07,108.82230247047316,108.98716565544909,108.28062844620183,108.72809600830078,5807655
2024-02-08,108.84583970069312,109.4974274431958,108.53182820246916,109.15985870361328,4327110
2024-02-09,109.1284685555715,109.45817990694208,108.50043049505352,109.3404312133789,4324604
2024-02-12,109.54453375679006,110.54939012606292,109.04210932450196,110.03910827636719,4516313
2024-02-13,109.77218553706267,111.31086583951691,108.8772430423523,111.295166015625,9054930
2024-02-14,112.26077323692127,115.32242673181553,111.75049890522163,115.00841522216797,13116028
2024-02-15,115.40094241902872,116.88466605554218,115.23608673875958,116.47644805908203,8627532
2024-02-16,116.93176298624739,118.038668183629,116.58634432446303,117.09661865234375,8616756
2024-02-20,116.98671047681616,118.02296644536966,116.04466096080321,116.67269897460938,7166032
2024-02-21,116.5549608866147,117.27719796043176,115.91907286173192,117.02598571777344,5302571
2024-02-22,117.63831101217806,119.52240274426535,117.63831101217806,119.06708526611328,5753024
2024-02-23,119.32614082577898,120.73921517539341,119.25548410641957,120.3702392578125,7066168
2024-02-26,120.6293090560639,121.82257084117616,120.55080242385765,121.50070190429688,7705449
2024-02-27,121.67340297335627,121.68910279827546,120.18967946213671,120.88836669921875,7300354
2024-02-28,121.02184357549471,123.18070495852677,120.75493149646988,122.16014862060547,7633025
2024-02-29,122.45844849712904,123.39264813070325,121.75976125009124,123.16498565673828,8177329
2024-03-01,123.2513431620184,125.07264307885595,123.14929429157917,124.54666137695312,8698201
2024-03-04,125.11188480617933,126.99597640516761,124.49170418580216,126.39935302734375,8402242
2024-03-05,126.79972341416881,127.29429790775995,122.92161908372853,123.92646789550781,8003663
2024-03-06,124.89990923629237,126.37579021703716,124.40533477367374,125.21392822265625,8198755
2024-03-07,127.20794225852484,130.88979151979999,126.8389813467518,130.709228515625,14393838
2024-03-08,133.07220400456376,138.0179493277317,131.37651774956421,131.8553924560547,21242234
2024-03-11,131.1723925022003,132.21649085771153,127.94586847090225,130.75631713867188,9338609
2024-03-12,131.45501019490783,131.72977214229212,128.69166087725097,131.46286010742188,6928589
2024-03-13,129.93202439346535,134.28114566963657,129.93202439346535,133.58245849609375,8462887
2024-03-14,133.65310598068058,134.04563158169438,130.02622165999472,130.9054718017578,9460777
2024-03-15,130.04194284239512,133.8493907656638,129.44531944062695,132.58547973632812,13263757
2024-03-18,132.64042845682127,134.0456529212633,132.34211675744413,133.38621520996094,6228788
2024-03-19,133.3077127151186,136.54207186802398,132.67182475855475,136.17311096191406,9360787
2024-03-20,135.50580485070196,137.2093407388837,135.0347801344698,136.54205322265625,7229434
2024-03-21,137.08372272498949,138.99137126330285,135.88261123825112,138.6695098876953,7890893
2024-03-22,138.40263222250445,139.34468185828013,137.44488276009213,137.4998321533203,6842132
2024-03-25,137.11513969816468,137.78241219477525,135.64710118120485,136.19664001464844,6288181
2024-03-26,136.19669018647798,137.4213518791741,135.34098947977154,136.24378967285156,5056983
2024-03-27,137.39777820428023,141.58988692109693,137.1308661519236,141.40147399902344,12606433
2024-03-28,141.26804388995896,141.28374371806183,136.8561070145241,137.79815673828125,12122274
2024-04-01,137.85314686850595,138.19070824510072,135.85913324280602,137.66473388671875,7399592
2024-04-02,138.23312620024078,142.14807145364085,131.8000249042639,134.23948669433594,20490400
2024-04-03,135.89202038277833,145.52201748383467,135.7543091938373,143.23992919921875,16208500
2024-04-04,144.25309223752186,149.50582471256723,143.82029636790725,144.9810028076172,11880200
2024-04-05,146.10236820798363,153.91259624138155,146.10236820798363,153.74537658691406,14777900
2024-04-08,154.89627724229902,155.36842781518055,151.1878907403309,153.96180725097656,9588800
2024-04-09,153.5781450550655,155.28969609747924,148.46312421317816,151.96495056152344,8807300
2024-04-10,149.407422873061,155.21098391449055,149.17134016614736,154.05027770996094,8075400
2024-04-11,154.50278299106955,155.85038627889983,152.22069493200704,155.10279846191406,6063200
2024-04-12,153.6246839152956,154.6889234689795,150.79657544847217,152.37322998046875,6851300
2024-04-15,154.905736769566,156.3739963318437,150.4615635159359,151.45681762695312,6423700
2024-04-16,150.47139413081428,154.72835246559967,149.78161339214788,154.47213745117188,6187200
2024-04-17,155.6940678920552,156.36413640996142,151.3878506992492,153.3980712890625,6519900
2024-04-18,154.3933074936484,155.69404981065694,150.6487790840385,150.70790100097656,6186600
2024-04-19,151.21045876026974,151.28929299823668,144.637806410224,145.8991241455078,9566100
2024-04-22,146.65789486215638,149.6929454511285,146.65789486215638,147.998046875,7322800
2024-04-23,155.52655717622852,161.2616095631515,150.58968086576587,160.24664306640625,19250900
2024-04-24,159.50757866176005,159.97072043567653,153.28967255010394,156.86669921875,10416000
2024-04-25,155.7827304227628,159.1232540060653,154.82688601657043,158.90646362304688,5908200
2024-04-26,158.66010574166532,160.98566290683172,157.97032502235578,159.98056030273438,5898000
2024-04-29,160.62108074597654,163.6462825515844,160.62108074597654,162.08934020996094,5371700
2024-04-30,161.1728779578565,163.83346908723536,159.2217798011241,159.45828247070312,6723600
2024-05-01,160.19738683699114,160.91672867549337,156.50211603934247,157.3692626953125,4775800
2024-05-02,159.03460048920684,160.4437382389488,157.0933503604342,160.266357421875,5030400
2024-05-03,162.88752442145218,162.88752442145218,159.64553206020614,161.7148895263672,3968600
2024-05-06,162.71011313997047,165.5283728096151,162.6214302744582,165.51852416992188,4831600
2024-05-07,165.36089738905656,168.30726529765022,164.77951174273485,166.31674194335938,4781800
2024-05-08,165.64666610083069,167.7061599316717,165.64666610083069,166.39556884765625,4878200
2024-05-09,166.2970254288903,166.86856241862276,164.69082470135902,165.055419921875,4968800
2024-05-10,165.45944552346614,166.27733391459574,160.7294959901852,160.9955596923828,5711300
2024-05-13,160.69990253323238,160.72946349015535,156.54149085035996,157.17214965820312,7768600
2024-05-14,156.3247040799528,158.47289556113537,155.7236062151729,157.66485595703125,6103500
2024-05-15,157.6648555002861,161.35027691059852,156.90608917308512,161.08421325683594,7133300
2024-05-16,160.6210912610473,161.52766248714644,158.73896320877364,158.76852416992188,4283200
2024-05-17,159.45832851003104,159.517450435473,156.7780242919651,157.55648803710938,5946300
2024-05-20,157.58602688502816,159.06413495802738,156.50208998648444,156.9553680419922,5586800
2024-05-21,155.63493045252858,158.86705894441985,155.06339351924262,158.6502685546875,5071300
2024-05-22,158.14772129720257,159.37947807242384,157.39880355476822,158.46304321289062,4432200
2024-05-23,159.62578889865344,163.84332182329655,159.38928624486508,162.84805297851562,7411500
2024-05-24,163.40980064237277,166.681339179162,161.45870190548956,164.88790893554688,5500300
2024-05-28,164.56269980993503,166.18861268583552,162.89736229829913,166.0999298095703,5749700
2024-05-29,164.16855772596824,164.98643103634558,161.00539954349605,161.21234130859375,4820800
2024-05-30,161.0940500901828,162.61158263335966,160.80828917641352,161.8035430908203,4384400
2024-05-31,161.89224255587663,162.9367848844237,157.73384570367926,162.72984313964844,11704800
2024-06-03,163.69552340705,164.35574315284217,156.70900344799063,159.10354614257812,5220500
2024-06-04,158.65029084170118,159.61598405410922,156.03897219321684,159.02474975585938,5598600
2024-06-05,159.46814976661395,160.5619503077359,158.17727116249816,160.17764282226562,4279900
2024-06-06,159.93129142019035,160.7885892637196,157.42835340928886,158.2758026123047,3867300
2024-06-07,158.35464321023292,161.4094059345276,157.76340899772273,159.5568389892578,3341800
2024-06-10,159.63565732829505,161.50792136894339,159.20207659397443,160.46339416503906,4385200
2024-06-11,159.66524814405133,159.8918871935252,157.2805686954073,158.01962280273438,5106400
2024-06-12,158.90646589380412,160.56195474813867,156.85682090258138,158.6995391845703,5790700
2024-06-13,158.2462351317455,158.28565976435874,151.9297834856838,153.41775512695312,8080900
2024-06-14,151.9692191850781,154.31448880532713,150.98381380327163,153.60499572753906,6247400
2024-06-17,153.86119669237638,165.0554025023368,153.18126456883067,160.84771728515625,9564800
2024-06-18,161.01523843789175,162.77912254702488,159.99042342445566,162.5623321533203,5105300
2024-06-20,162.5623274690895,163.87291843468662,160.67035093535247,162.59188842773438,4957200
2024-06-21,162.09918704957704,162.5130555100533,158.94589280111998,161.84298706054688,17195200
2024-06-24,161.70501595203947,162.3553720234448,156.8765209541855,158.19696044921875,5519000
2024-06-25,157.25099891220168,161.2615911575328,156.10792501499978,157.3988037109375,6825500
2024-06-26,156.25575074656413,158.66999111228242,155.22107200808657,158.2955322265625,3998000
2024-06-27,158.45320216208157,159.48788091005042,157.27071860844322,158.15757751464844,3339700
2024-06-28,157.92108411464082,159.261236230858,155.59552647285494,156.64991760253906,8641200
2024-07-01,158.3251039887868,159.0444458123453,153.77253527220995,156.64991760253906,4435100
2024-07-02,156.502083147971,160.56194833285937,155.94039488745022,159.09368896484375,5247300
2024-07-03,159.51742926650206,162.0893379345842,159.18238000663573,160.62107849121094,2577300
2024-07-05,160.85759390826624,160.85759390826624,157.329840530711,158.15757751464844,4668300
2024-07-08,158.45318857921367,161.38969241018071,158.3053687501214,161.14334106445312,3453300
2024-07-09,161.58676153283344,163.1634160726313,160.65062947811873,160.74917602539062,3829900
2024-07-10,160.7688903846448,163.56745324188532,160.16779246905188,163.28167724609375,3904600
2024-07-11,163.0546537189018,163.53831003472513,159.69859519683203,159.82691955566406,4553800
2024-07-12,159.7874551144346,160.2020241565907,156.74726707707754,156.9545440673828,5983400
2024-07-15,158.5240013410229,158.67205633320086,156.54985445040765,157.4974365234375,5383300
2024-07-16,157.81330944507988,161.75172290711225,157.5862717051963,160.7449188232422,6500700
2024-07-17,159.56040470426066,159.8565297284388,154.4868481700294,154.63491821289062,6041200
2024-07-18,155.33572341683143,158.3660457361997,154.3980067759362,156.73736572265625,5274800
2024-07-19,157.5961304446169,158.3660464320226,155.58249243021456,157.07298278808594,5459800
2024-07-22,157.9021386373426,160.83374794487474,157.7047269626073,160.65606689453125,6350500
2024-07-23,163.85418612457985,174.90940530862807,162.4920199985486,169.77662658691406,16428000
2024-07-24,169.28305086084296,170.6353363016707,159.95521229510481,160.2019805908203,7335200
2024-07-25,161.18906577683197,166.025718708407,159.82689986335362,162.54135131835938,8791500
2024-07-26,165.08800871317214,170.3885874916232,163.9627457584858,167.6149139404297,7297700
2024-07-29,169.03631463000556,170.49717900052445,166.2231495005965,167.6741485595703,4886600
2024-07-30,168.27623734285282,172.47129850328432,165.1077407596728,165.3150177001953,5329500
2024-07-31,168.66121525409505,169.52984460509902,165.7888433075592,167.9998779296875,5568800
2024-08-01,168.5427832399798,172.44172016206568,166.04548874008847,167.5557098388672,6112900
2024-08-02,163.4297568189882,165.2656989597498,156.31295068390614,158.2081298828125,8210700
2024-08-05,150.51881183720636,157.83301348988616,148.25840556229056,156.31292724609375,7064800
2024-08-06,157.8626457939543,163.31129532282142,157.69484511891622,160.1724090576172,5056700
2024-08-07,162.29461706829977,164.120709000472,159.48146673413063,160.0342254638672,4307500
2024-08-08,162.35382528365193,164.17991706080275,161.44571958166947,163.46922302246094,3842700
2024-08-09,163.31129801830963,165.70989431513289,162.44268363092547,164.96958923339844,2770100
2024-08-12,165.4631218382511,166.5982502440533,162.4920212114146,164.7129364013672,3173700
2024-08-13,165.59140691426072,166.4501709039203,164.10093169366465,165.78883361816406,2942400
2024-08-14,166.32186982903522,166.99307251927848,163.4790935843698,165.7789764404297,4456000
2024-08-15,166.56863586212248,168.5427826575254,166.04548816626428,167.74325561523438,4162500
2024-08-16,167.85182624037944,168.12820557355565,166.67720654360852,167.22996520996094,3305600
2024-08-19,167.4175147105711,168.78954609095393,165.84807166870655,168.72044372558594,4506000
2024-08-20,168.7007082047495,168.7007082047495,167.00294085451696,167.7926025390625,2573900
2024-08-21,167.901197252989,169.9641771165679,167.65442889433473,168.98696899414062,4102900
2024-08-22,169.51997114023766,169.7568590889038,166.58836228314988,167.48658752441406,2996600
2024-08-23,167.80246792775807,169.1646339576892,166.6673396105114,169.00669860839844,4058000
2024-08-26,168.33548090468457,169.70751224586743,167.3878989320277,169.00669860839844,3707300
2024-08-27,168.49343387030407,169.2830956377748,167.4076621188841,168.77969360351562,3206000
2024-08-28,168.98696280132623,170.93149860118476,168.08872239397132,169.64830017089844,4578700
2024-08-29,170.38856949095148,173.695270706975,170.26026021790935,171.33616638183594,4262500
2024-08-30,171.71129021441726,172.56017391578172,169.54959712248078,172.3627471923828,5295600
2024-09-03,171.9383141463095,172.49107282821518,161.48521068668362,162.0873260498047,6099600
2024-09-04,161.38650312600635,164.46616735678987,161.2877897600269,164.20953369140625,4112400
2024-09-05,162.64998107495248,163.85421203094708,160.40931986187434,161.7320098876953,3144200
2024-09-06,162.38342755373222,163.89364853866408,158.51410192044222,159.1458282470703,3954900
2024-09-09,161.37662840448448,164.2292698010375,160.8041240505841,163.21258544921875,3716000
2024-09-10,165.2854283619299,165.561807693195,162.12679667493998,164.82150268554688,3473200
2024-09-11,164.09108258163457,164.57473889393137,160.132908725394,164.1996612548828,4258000
2024-09-12,164.3575961722027,168.75995042471578,164.08121680871352,167.50636291503906,5148500
2024-09-13,167.2200976684132,177.00199805475327,167.02268601328362,175.97543334960938,7360800
2024-09-16,176.40974854346578,179.17355690798985,173.98154149979732,179.09458923339844,6844600
2024-09-17,179.16365580294627,180.07176136334863,176.6762421180998,177.99891662597656,5936900
2024-09-18,178.8576939139783,183.36862650198069,178.09764319214736,181.1773223876953,5686500
2024-09-19,185.22433090740446,185.55994733449847,181.8978981280535,183.75360107421875,5021500
2024-09-20,182.6085752883645,185.4118600726152,181.93737261954863,185.0071563720703,9895700
2024-09-23,185.38225639400184,187.32679223416096,184.9775526774815,186.23114013671875,3972500
2024-09-24,186.23113542372133,187.34653317854654,184.58272466325832,187.20834350585938,3648900
2024-09-25,187.3761508502839,188.4125809631305,185.76721634118348,186.8826141357422,3214800
2024-09-26,187.22859232195842,187.3768816771978,182.41442991546876,182.47373962402344,4781500
2024-09-27,182.0585652202866,184.0554109782245,181.03049502755965,183.25469970703125,4452800
2024-09-30,182.95812552115058,186.5465136907068,180.9909347322806,186.41799926757812,5628400
2024-10-01,185.34049827432273,186.06212485662687,182.79995518357794,184.1641387939453,3794000
2024-10-02,183.4424998817542,186.04233742150822,182.6121187795141,184.30252075195312,2879800
2024-10-03,184.36183124554253,184.56943029295493,181.59392942186867,181.78175354003906,3999500
2024-10-04,184.44089780960525,185.01425003064236,182.74061607379866,184.93516540527344,3978300
2024-10-07,183.80827377467423,185.08347779743264,182.68134402763664,183.8280487060547,2514200
2024-10-08,185.46898348623918,187.70308286161563,184.4211385080561,185.32070922851562,3627200
2024-10-09,184.4903724904536,187.24837970868046,184.3618580574678,187.1099853515625,2312600
2024-10-10,185.99292694961542,187.5745896016687,185.24164548600925,185.96327209472656,2300900
2024-10-11,187.2384623874701,189.57140614425285,186.89246902185354,188.96839904785156,2983900
2024-10-14,189.7790127946294,191.7066537156926,189.4626893253574,190.42156982421875,3132900
2024-10-15,191.62755663807863,192.10204931576217,187.5844361623712,188.38516235351562,3824300
2024-10-16,188.31596782553436,190.0162496866252,187.7426155622501,189.97669982910156,2912800
2024-10-17,191.8647996094602,192.56666626125994,189.99646862384049,190.41165161132812,2633300
2024-10-18,190.88616688784253,191.22226525990087,188.94863111954237,190.4017791748047,3075900
2024-10-21,190.69833045690388,192.16135834020324,189.81853472577686,192.00318908691406,4728800
2024-10-22,182.38477234899491,182.87904002473746,173.7350880235006,174.63465881347656,15636200
2024-10-23,177.63978871155356,182.85925383943393,177.56070407824004,179.6069793701172,9788600
2024-10-24,179.81456128760826,180.12101989465444,177.57059706376455,177.67933654785156,4366800
2024-10-25,177.93633702855584,179.34005521060797,176.25583019561174,177.04666137695312,3974900
2024-10-28,177.91657653389737,178.50970373898159,173.2012740804984,173.34954833984375,5687400
2024-10-29,172.55871298330226,172.89481135237878,170.78924150058097,172.0545654296875,5219300
2024-10-30,170.99684503927375,174.50614863924912,170.5322322060567,172.6378173828125,3694000
2024-10-31,170.02807162410613,171.62949398350068,168.4760639626373,169.8105926513672,5177100
2024-11-01,170.77935134208096,173.26058457469006,169.62276686235643,169.73150634765625,3984900
2024-11-04,170.3246194615627,172.67732300105416,169.48435850069774,169.79080200195312,4197400
2024-11-05,170.38392537889717,173.45827041281473,169.80069323888208,173.25067138671875,3607300
2024-11-06,179.41915888919456,179.97273624976148,176.45355295714177,178.68763732910156,5939500
2024-11-07,178.94466508933132,178.94466508933132,174.74339004414364,176.79954528808594,5084200
2024-11-08,177.59036207556497,184.2827503352174,177.39265803070538,182.6912078857422,4676500
2024-11-11,184.49032103415294,185.3206869452628,181.5939051827955,182.4440460205078,3371900
2024-11-12,182.94826102205096,183.5710280918934,178.51961139287272,180.54611206054688,3158000
2024-11-13,180.85254396493852,184.16414350702692,180.6647198301418,181.45555114746094,3934800
2024-11-14,180.90195894119736,181.6927901937762,175.4551348972528,176.3546905517578,5085600
2024-11-15,174.72359068566152,175.88017502044949,173.87344983908451,174.90151977539062,5302100
2024-11-18,174.97074441864163,176.5227520472364,173.12218827336747,175.4847869873047,2833800
2024-11-19,174.47647752276185,175.84066104070712,173.68564627925952,175.52432250976562,3216000
2024-11-20,176.05814865701183,176.4930915326419,173.98221842633853,175.93951416015625,3225400
2024-11-21,176.36459176729846,178.8655849443824,175.306851724418,176.65126037597656,4532000
2024-11-22,177.24438461504917,179.65641319187762,176.73034202887627,179.0731658935547,3405200
2024-11-25,180.1506922805761,181.59394548200294,177.49152970678023,178.1439666748047,9740700
2024-11-26,178.79636474036536,182.8098154172507,178.35152689737305,182.48361206054688,3918900
2024-11-27,182.52315592799042,182.57258570941934,178.3713107134368,178.52947998046875,2726200
2024-11-29,179.36972753694377,180.87230541951092,179.05340408389637,180.07159423828125,2054700
2024-12-02,178.72718067527848,179.5575466858685,177.36299716941542,178.37130737304688,2817700
2024-12-03,178.92489048576684,180.15067969607693,177.84739062175044,178.64810180664062,2882300
2024-12-04,178.43062434472418,180.80310306701355,175.95928605740113,180.55596923828125,3713400
2024-12-05,178.26257295876457,178.6975309054001,170.72993877848177,170.92764282226562,7547300
2024-12-06,171.31317255609798,173.8141656883079,170.46303158457414,173.56703186035156,6899600
2024-12-09,172.9936679412606,174.34795640059707,168.8121680767872,169.35586547851562,6500800
2024-12-10,169.0494134333184,171.17477334355868,168.6540053533837,169.3064422607422,5100300
2024-12-11,171.18465234953678,171.18465234953678,166.00472206056241,166.7065887451172,7606400
2024-12-12,166.7065942205811,167.33925621617934,162.56462885464887,162.94027709960938,7808600
2024-12-13,163.75087715358177,165.94542687025321,163.64213766009433,164.10675048828125,4957100
2024-12-16,164.41318926622432,167.26016051614909,163.55315334565,163.88925170898438,7436000
2024-12-17,163.899169921875,164.60102159857612,161.655190373459,163.899169921875,4855100
2024-12-18,164.09686807982422,164.7196501770804,157.77024787414302,158.11622619628906,8059100
2024-12-19,161.16091747329918,163.8695097720576,160.32065638928893,162.91062927246094,6257600
2024-12-20,162.09013276290347,167.14154869986828,161.2894215911485,166.43968200683594,9281500
2024-12-23,166.19255403013946,167.3886884104137,164.64056141332466,167.08224487304688,4127700
2024-12-24,167.29970627464695,169.52391052246094,166.91417814171322,169.52391052246094,2235700
2024-12-26,169.05931119345246,170.69038840456423,168.179515379994,170.1763458251953,3309700
2024-12-27,169.03769969382125,169.7803090768101,167.3148404862535,168.4040069580078,3188400
2024-12-30,165.55237169422094,167.56236642258807,164.37409579653834,166.44351196289062,4117500
2024-12-31,166.8395485981793,166.88905890431465,164.51270018563622,165.14639282226562,2806900
2025-01-02,166.26528453253096,169.01788870761465,165.5721854791693,166.92868041992188,4148000
2025-01-03,167.5524675767372,170.92886826170678,167.33463429974398,170.26547241210938,3975500
2025-01-06,171.44373991021902,171.96851597763734,169.49315146776746,170.75064086914062,4980300
2025-01-07,170.52292052827966,171.98833216479403,169.09710807829737,170.61203002929688,6496400
2025-01-08,170.30508064105447,171.8695128460009,169.0277991839541,171.18630981445312,4527700
2025-01-10,170.70113349993767,171.7507007612936,169.05750291945358,169.99813842773438,5131200
2025-01-13,167.8396052453026,170.81995370391004,167.3346363379904,169.8793182373047,5610800
2025-01-14,171.40414073499525,176.14693248845387,170.70113056644695,175.1171875,6432700
2025-01-15,177.3054028104996,179.0975641612915,177.11727270478337,178.51336669921875,7397000
2025-01-16,179.88966576724465,181.07785270880126,176.8598223048093,177.9687957763672,6144700
2025-01-17,178.9985628663045,181.38481795499249,178.18665113787884,181.0481719970703,5899100
2025-01-21,183.07794349276276,187.45440101180972,182.69178725383804,185.65232849121094,7508400
2025-01-22,186.22660562668747,187.37517826814886,184.77109023465482,186.50384521484375,7457800
2025-01-23,199.4153368967694,205.60374748949963,196.14786819054726,198.82125854492188,14403500
2025-01-24,200.50452614072924,200.99959904478044,193.593312630534,194.81118774414062,7835700
2025-01-27,192.42491918589823,194.69236138768497,190.8406950694205,192.5437469482422,7674800
2025-01-28,193.37545986716262,194.61314200263035,189.90003876137757,192.51402282714844,4858800
2025-01-29,193.00909486519558,197.96973451256582,193.00909486519558,197.1380157470703,5595800
2025-01-30,197.8410463135379,203.9007342781657,197.51429635938658,203.54429626464844,6282100
2025-01-31,203.81160010510663,203.84130326930443,201.0689072213422,201.56398010253906,5507800
2025-02-03,198.02916341751123,202.71254890197605,197.00931443458512,202.09866333007812,4678300
2025-02-04,200.9302771864959,202.52441250697174,198.45491272044185,200.1876678466797,5413800
2025-02-05,201.87091164666583,203.25710959356854,199.80149563592784,202.5640106201172,3239400
2025-02-06,202.9798821090807,204.06904849547522,202.04914267133003,204.02943420410156,3113200
2025-02-07,204.44528242868137,205.79188120163658,202.48479814884604,203.25711059570312,3954400
2025-02-10,204.108640389416,204.6235203999086,201.3956356473711,203.1977081298828,3787500
2025-02-11,202.97987362724245,207.08897234266794,202.42539443858428,206.76223754882812,4110900
2025-02-12,204.66311170156908,209.33660058074983,204.10863253089073,207.5741424560547,4595200
2025-02-13,209.03955944178114,209.2177935276512,204.2373617678206,206.3067626953125,3763300
2025-02-14,206.6038075899661,207.0988804452425,202.9501675006784,206.2176513671875,4268500
2025-02-18,207.80188939926404,210.0990348541138,207.25732130861525,208.00982666015625,4396000
2025-02-19,206.98005503694463,209.693059753704,206.82164320385974,208.42567443847656,2699100
2025-02-20,207.66327912850397,208.2078623525798,205.10870109336977,206.68304443359375,2969100
2025-02-21,206.30676651918208,207.05927184082907,196.48452261384375,197.86082458496094,5419500
2025-02-24,200.6332620796264,201.24714768312677,195.4844914789746,196.75189208984375,4299100
2025-02-25,197.01918473902325,198.1083510390334,192.91998219564064,197.30633544921875,4121400
2025-02-26,199.77180683903566,202.58383233249043,198.0192596890877,199.623291015625,3157400
2025-02-27,202.40559436076964,203.44525043001593,199.1183182953381,199.44505310058594,3480200
2025-02-28,199.95992171572615,205.27701441500514,199.04898948190166,204.9403533935547,6117400
2025-03-03,205.0492862169935,206.4255882486205,198.83117191929767,199.9698486328125,5376400
2025-03-04,196.0488628222073,201.0391908645199,191.35556642470308,196.811279296875,6164200
2025-03-05,196.9102826544532,202.4551049593974,196.73206366951817,200.5045166015625,6221200
2025-03-06,197.03901486675355,198.24699395551525,193.35567126961553,194.1180877685547,5621400
2025-03-07,193.1477219609489,193.8210137605385,185.83053099867362,191.9397430419922,7681300
2025-03-10,187.68413104036264,190.67002467882227,186.40447314997712,190.5807342529297,6195000
2025-03-11,188.40824743446856,192.12820191835746,186.81116150712447,190.1839141845703,5356700
2025-03-12,193.3583069870762,195.6696409372183,190.88825131772708,193.4376678466797,4735000
2025-03-13,192.99128109721084,194.05270045589464,190.13435062596156,190.8783416748047,3837200
2025-03-14,193.80469709280675,196.1160310252378,192.0488891733434,195.53076171875,3263200
2025-03-17,195.4216477075412,201.96877495438815,194.75701752410805,200.41134643554688,3733000
2025-03-18,200.18319203453453,200.36174261845838,197.92146048561364,199.1812744140625,3983100
2025-03-19,199.70700982992133,205.16294323993583,199.70700982992133,203.92295837402344,3564000
2025-03-20,203.35754652011605,204.5181707009441,201.4826897454652,202.29611206054688,3970800
2025-03-21,200.97678161459922,202.67307267519513,199.21104412613036,202.49452209472656,7976300
2025-03-24,205.26216108489194,209.19044033867098,203.95274475798968,208.54563903808594,4043900
2025-03-25,209.0813156323221,211.05536207092607,208.5654776325277,210.430419921875,4315200
2025-03-26,210.58912089875363,212.4937511340347,205.0339973115456,205.7085418701172,4791100
2025-03-27,204.70664928096775,206.02599516954837,201.17517433663403,204.23049926757812,3301900
2025-03-28,203.9527369716622,205.20263639096993,197.99087945932104,198.278564453125,5178400
2025-03-31,195.94741319157512,199.95505369449336,192.89208794907967,198.54641723632812,6923100
2025-04-01,197.96110664559228,202.8615293861046,196.87984344691384,202.15721130371094,3854000
2025-04-02,197.8817486167495,200.5700425749849,196.84015825989712,198.16943359375,6026500
2025-04-03,188.31899393727574,192.5944596966716,185.22399629245808,186.126708984375,12750500
2025-04-04,178.24039106378072,181.69252009535646,164.0946480702794,165.4735107421875,18167100
2025-04-07,161.90236785263423,173.93517197842695,158.0832080048005,166.35638427734375,18545500
2025-04-08,174.58990154085214,176.92107957626803,165.0271370846442,168.0130157470703,11903400
2025-04-09,164.48152368517023,187.59484652608,164.37240440247723,185.76959228515625,12548600
2025-04-10,180.44261507941857,183.92450272271392,174.55021894564175,180.0557403564453,8150900
2025-04-11,177.57577050693615,182.7737931954048,173.6475064132264,180.21446228027344,6491100
2025-04-14,183.86499469337974,186.1068822807715,182.3571685898626,184.50978088378906,5319100
2025-04-15,182.40676687963997,186.9302299509632,180.82949438154367,184.1824188232422,4999300
2025-04-16,182.59525117994022,184.39074716351112,179.82759599015765,180.98822021484375,5128000
2025-04-17,181.9206675925401,182.76386339560432,180.13508627439722,180.33348083496094,4932000
2025-04-21,177.8535069525438,179.34148882782367,174.60971736273842,176.92105102539062,8501600
2025-04-22,185.0057556399771,188.4777135206201,180.64101464463994,187.66427612304688,13041000
2025-04-23,194.3701066303658,195.45136978124214,191.02711233563303,192.12820434570312,7235700
2025-04-24,192.77301401769532,196.11600845933555,192.49525861143923,195.82833862304688,5906300
2025-04-25,197.10800517274487,198.38767812116257,195.67954008452745,196.8401641845703,4390600
2025-04-28,197.9016128310569,199.86574490062372,197.00882965485457,199.25071716308594,3416900
2025-04-29,198.88367077466935,200.808114694882,198.05038938774933,198.89358520507812,3444200
2025-04-30,197.00881529892388,200.4113267428935,195.28275079596912,199.9252471923828,4436300
2025-05-01,200.62956398802888,203.59561342395133,199.2507013354267,201.97866821289062,4687600
2025-05-02,204.66695563036663,207.04772059201687,203.91303512116764,206.035888671875,3831700
2025-05-05,204.65704265825747,208.8333188146602,204.0023269429293,207.26597595214844,4466500
2025-05-06,204.36936491107951,208.14883663816875,204.2701600599055,206.92869567871094,3169600
2025-05-07,207.2262966176289,208.9424468343792,206.5517520123328,208.23812866210938,3968300
2025-05-08,209.30945625883868,215.06298936340283,208.82337671695237,212.77149963378906,5870300
2025-05-09,213.4857289159085,214.38842642776794,211.02558795304125,213.23773193359375,3778200
2025-05-12,217.58262969347282,218.21750136542911,209.4582460965479,217.1957550048828,5468000
2025-05-13,218.2373599031007,221.75892032884423,217.54297133071614,219.80470275878906,7188700
2025-05-14,221.15381657562315,221.56053530574113,218.68376090110493,221.451416015625,4764700
2025-05-15,221.6597092668942,228.2465087940508,221.6597092668942,227.54220581054688,7207700
2025-05-16,227.2347097540407,230.45867091476728,225.76655654254208,229.92298889160156,4651700
2025-05-19,227.66124242175647,233.98020103874742,227.08588757441527,233.40484619140625,4734400
2025-05-20,232.28392902153033,234.18854429067045,231.926812712533,233.37510681152344,4311000
2025-05-21,232.97831577871835,235.39876906074792,230.7959450796305,231.66888427734375,4631000
2025-05-22,229.33772180246902,230.58762130776714,227.5818986996525,228.4250946044922,6909400
2025-05-23,227.0065313897224,231.81767926770272,226.1831795293394,230.9248809814453,4234200
2025-05-27,233.53379079106136,240.33882842518247,233.21636253244236,239.84283447265625,7162400
2025-05-28,239.8428708417471,244.02906164677321,239.66432025729918,241.7177276611328,9570500
2025-05-29,242.57081182516745,242.97753051680303,239.55517512193475,242.2037811279297,5243700
2025-05-30,241.43995955266257,244.88215913553452,240.3586962616777,243.9397735595703,9143000
2025-06-02,243.88023187705028,246.11220465760948,242.5509565839735,245.49716186523438,5450800
2025-06-03,245.51703411734584,248.49299816725306,242.22362663657796,246.8760528564453,6456200
2025-06-04,247.9771662806806,251.03249126371125,247.7192548391427,248.86996459960938,5811500
2025-06-05,250.45710688508967,250.98285927403765,248.10610034822673,249.90159606933594,4188200
2025-06-06,250.97296067180454,255.40714818392487,250.05041910957564,253.58189392089844,5796700
2025-06-09,251.98478003945723,253.27436738509184,249.12784993670175,249.39569091796875,5771600
2025-06-10,248.77074962742782,249.2369851987224,237.82912318962667,240.06109619140625,11230900
2025-06-11,240.69597188844625,244.9813673882964,236.59905653371027,243.5529022216797,6940800
2025-06-12,238.07711413763428,241.47962562831438,236.76768274434036,238.06719970703125,8946600
2025-06-13,233.11718930275075,236.09315342150927,231.82760182398147,234.70437622070312,7420300
2025-06-16,235.69632577315096,238.0175737739745,234.17858553134067,234.64480590820312,4505600
2025-06-17,234.83333487995858,237.0553936372044,232.99816600653645,233.86119079589844,5720500
2025-06-18,234.06949220103232,237.6009670148444,230.37929567644463,234.0000457763672,7761100
2025-06-20,237.79936555233624,238.87071441314205,234.6150773991188,237.45216369628906,9142100
2025-06-23,237.323210057195,246.46934045423282,236.70816721604388,245.8245391845703,8052000
2025-06-24,246.38998832064658,247.39189076790933,243.60250441682098,246.75701904296875,5255700
2025-06-25,248.07636234292792,248.9790750611058,246.4891754788028,247.89779663085938,5197400
2025-06-26,249.1675489950161,253.43310060071485,247.99701037159954,248.98899841308594,6790300
2025-06-27,249.83217918596702,258.4624564608491,249.76273276172768,252.47085571289062,26988000
2025-06-30,254.25644057790439,255.82379856293224,251.83598744824633,255.3278045654297,8135800
2025-07-01,253.70093158453471,253.70093158453471,245.1301558502488,247.0248565673828,7178300
2025-07-02,246.01302349336058,247.1339747747435,241.70779921499533,242.7890625,6228600
2025-07-03,243.5826318159835,246.7073876456473,243.0370354438028,244.9019775390625,3089500
2025-07-07,245.89543231713057,247.80282877661517,244.86224976076,247.01800537109375,5336400
2025-07-08,246.37230493687443,247.82272920832108,241.74288621409957,245.4285430908203,5994500
2025-07-09,247.35579499749193,250.06787278626774,245.20003930296343,248.68699645996094,5589500
2025-07-10,248.96515005028215,251.02155595554316,245.1304841199128,250.91229248046875,5462500
2025-07-11,249.8493213984774,255.19401551017202,249.74997166846114,253.74359130859375,7867200
2025-07-14,254.50853480020118,260.73737160833525,254.3197794135353,260.6181640625,7502200
2025-07-15,262.1878143572096,263.3203163747338,260.0220994161886,262.9328918457031,9392400
2025-07-16,262.26723805247906,265.10845191242163,260.3101669194721,264.43292236328125,11912900
2025-07-17,268.02919162904345,271.00950152996217,256.46560497846457,258.5716857910156,16260200
2025-07-18,263.65810888048964,267.92990512006475,260.8367521325772,261.5420837402344,8619800
2025-07-21,261.95930447883495,264.5024997979891,257.87626420992564,261.1347351074219,5208500
2025-07-22,259.0187355775609,259.783670845179,252.98856814068645,257.3000793457031,4751300
2025-07-23,258.820035796164,261.9990450382959,258.2438559086331,261.45263671875,4689800
2025-07-24,261.8301711721594,268.06895236268775,261.4526603797982,266.2509765625,5206700
2025-07-25,267.06556965806305,271.0393163827242,266.4993337909328,269.8074645996094,4598400
2025-07-28,271.56584376746366,271.64533568172936,265.6847154376609,268.8338928222656,5006400
2025-07-29,270.9399881843773,272.0029423576285,267.3536661166551,268.5358581542969,4125300
2025-07-30,269.1418647699188,271.8340695446865,267.7411154854671,271.75457763671875,4697000
2025-07-31,271.2777407075431,273.1354623061017,268.1086755156681,269.30078125,4524000
2025-08-01,263.78726191865815,268.7743035443349,259.9923262157343,267.61199951171875,4416300
2025-08-04,268.73453384530393,275.032918004619,268.44642875374643,274.4169921875,3744000
2025-08-05,274.4467957985581,275.1819291568706,266.85692587168523,270.3339538574219,4000600
2025-08-06,271.70491380308454,273.24472842715915,268.13847999855085,270.492919921875,3576800
2025-08-07,270.1651321279095,271.07907694615267,266.9662646294921,270.2346496582031,3050400
2025-08-08,271.78437966899645,275.360757597468,270.7909430398255,273.20501708984375,4467300
2025-08-11,273.34407828947724,274.5958181246963,270.761137029519,273.3937683105469,3360100
2025-08-12,274.2282741501197,278.69873928370816,273.8905093114335,277.7947082519531,3630100
2025-08-13,279.15567121195403,279.6523894881319,262.34671140649334,267.0953369140625,7599600
2025-08-14,271.1982861718638,272.36062049821476,267.7113438273776,267.9299011230469,4481700
2025-08-15,267.15499498063434,267.92987434833884,263.46932321210545,266.0920104980469,5203300
2025-08-18,266.1417019431867,267.8404703139641,264.7608406117606,266.6881103515625,2697000
2025-08-19,264.5620810463301,267.1946817989914,262.06854564349845,264.1845703125,3404900
2025-08-20,263.7176748668949,267.17484519525686,262.0785105184735,264.6912536621094,3854700
2025-08-21,265.3866776195275,270.13530352917434,264.39324098305514,266.94635009765625,3266400
2025-08-22,267.95967958558487,270.56247876818287,264.6217166633091,264.7806701660156,5229300
2025-08-25,265.247592795832,270.1353145869545,264.8104782325088,264.8601379394531,4301600
2025-08-26,266.22115507050665,272.8970503377177,265.6648329913457,272.14202880859375,4693500
2025-08-27,271.903617086222,272.89705371376795,270.4432640310384,271.555908203125,2705700
2025-08-28,270.7114789105844,274.85412295498423,270.34391221200264,274.1885070800781,3388100
2025-08-29,274.1885054748666,274.4666665141064,269.85713638994906,273.3937683105469,5037100
2025-09-02,272.1022783830966,273.77124459314973,266.25095258039204,273.58251953125,4081200
2025-09-03,274.09906918611216,275.4998182934424,271.8042332895198,274.1189270019531,4120400
2025-09-04,274.0195939861736,280.5067335335061,274.0195939861736,280.4173278808594,4591300
2025-09-05,280.41739543710116,282.54336474757935,270.07571468095813,277.3973693847656,4952600
2025-09-08,278.1622458462153,281.06309403535704,273.68183711337736,274.2381591796875,5008600
2025-09-09,273.5725999188132,275.2614240975911,271.5062346306498,274.42694091796875,3073600
2025-09-10,275.728311579295,281.62932730972096,275.0726701134953,281.54986572265625,3206400
2025-09-11,281.8678071214836,285.0269285660883,277.75496461198213,279.7120361328125,4016800
2025-09-12,279.7120349016377,281.6691064138539,278.857693891704,279.8411865234375,3249700
2025-09-15,280.13919599011865,285.2255868737458,279.7716292741404,284.89776611328125,3716600
2025-09-16,287.96748984118466,292.8055216935961,286.94425125833754,291.0471496582031,5538400
2025-09-17,290.1729118753553,290.7888377569616,284.61960455543635,287.59991455078125,4149600
2025-09-18,288.80197519074335,295.6964283289886,288.30525683967255,295.1401062011719,3977500
2025-09-19,295.8354945000448,301.04109259830295,293.42142051359133,299.16351318359375,9652600
2025-09-22,298.130336291401,299.1734326174693,294.4049489593291,299.0442810058594,4192800
2025-09-23,299.6701650987859,303.7631193237326,299.1734467643549,303.6240539550781,3637400
2025-09-24,304.88569787842334,305.23340676488255,296.82894130341697,298.3290100097656,5645500
2025-09-25,296.54080516993537,298.2693750362315,292.93462570353665,295.2294616699219,4504500
2025-09-26,297.96146942468874,300.0178907200102,290.82860102080457,293.0439758300781,3817600
2025-09-29,294.7746110894252,296.33621967789617,288.1104708733567,292.0592346191406,3860800
2025-09-30,293.1334542840949,299.85730169696393,292.33774598801637,299.2107849121094,4112400
2025-10-01,294.7945495962645,300.61326167538454,293.4517652158018,299.2704772949219,3633300
2025-10-02,300.69279996573215,301.81675992382776,295.21226581984047,297.8481140136719,2508200
2025-10-03,297.8580563102601,301.1304652409923,293.8794539619068,295.4112243652344,2817000
2025-10-06,294.2176270838462,297.6889782213983,293.1732561248775,296.62469482421875,2759800
2025-10-07,296.47547373754657,301.1204744474933,296.2964439374651,300.1258239746094,2578800
2025-10-08,301.776970102709,303.04019572506235,297.9873539443006,300.94146728515625,2658600
2025-10-09,301.09066860565264,302.3737763532051,294.51604284120754,297.7486572265625,4292500
2025-10-10,297.4005303226368,298.39518092572257,289.9306945800781,289.9306945800781,3380000
2025-10-13,294.4165404802295,295.9880748741879,291.5519422567031,295.9383544921875,2604100
2025-10-14,293.2627421565596,300.672900330724,290.4478946706108,298.4747009277344,2516500
2025-10-15,299.92694354268974,303.3187056533998,294.13806989845176,298.5145263671875,2773000
2025-10-16,300.0562504888064,301.428842776313,296.16716312172184,298.23602294921875,2623100
2025-10-17,296.5749610752089,301.3393152457696,295.7493841391438,298.534423828125,3949300
2025-10-20,302.23447126195657,303.79607975398505,300.0562147017486,301.060791015625,5058700
2025-10-21,305.65611447372123,314.83675035624356,301.408967377693,304.9897155761719,6726600
2025-10-22,305.9544954707988,307.34700007990773,293.2229510413021,296.29644775390625,5212200
2025-10-23,297.549716209127,305.44724427646076,297.0822292203539,304.7510070800781,3091000
2025-10-24,307.5360248541015,308.6400724622725,301.9460932767801,302.2444763183594,3586800
2025-10-27,305.8450568972506,311.65381187779633,302.87106176766076,311.16644287109375,4244400
2025-10-28,310.43039142731317,314.9759509746987,307.79457397624657,308.13275146484375,3058100
2025-10-29,308.3416821004033,313.43428825130474,307.3669135971733,312.5987854003906,3596800
2025-10-30,308.74949943713324,313.1557943536027,306.84971312985533,309.0876770019531,3782000
2025-10-31,310.07232465653016,313.2353361883047,305.53672098772194,307.2972717285156,4023800
2025-11-03,307.4464678136358,310.0226089006989,304.64154618982553,306.9690246582031,3297600
2025-11-04,304.18402181710263,307.57578364925706,301.4487329544933,302.57269287109375,3938200
2025-11-05,301.8266901735127,306.88945730437274,300.8817601074792,303.477783203125,4711100
2025-11-06,302.10519253299464,306.3821773323098,299.8274345000653,303.6369323730469,3467800
2025-11-07,302.40359328231375,307.26744884534367,296.1074689111411,305.6262512207031,4766500
2025-11-10,308.2819698073894,312.0815418965438,307.2674372532183,310.2712707519531,3716400
2025-11-11,308.83897597182704,311.0471012654121,305.4074196526327,309.05780029296875,2682200
2025-11-12,309.11750758473966,310.7785874175538,300.38447666282144,307.3669128417969,3884500
2025-11-13,308.3217945799407,309.7142993069118,300.9613560793441,302.5428771972656,4153300
2025-11-14,299.3599813490143,305.15878077905654,294.6652294745214,303.18939208984375,2803300
2025-11-17,305.1786897204249,307.1679908248861,296.95291022670943,298.52447509765625,3076600
2025-11-18,294.2474535068392,299.4693687995053,292.1785937563146,294.426513671875,4053600
2025-11-19,294.27729634258,300.0562439481464,293.91923671564234,299.2107849121094,2952600
2025-11-20,303.76627205724435,305.4372776970759,288.92610284194257,289.0653381347656,3733900
2025-11-21,289.0653250726815,290.14949048123617,282.5205381019196,285.90234375,5604100
2025-11-24,287.9314596828285,293.24289011642213,285.8327311831108,292.47698974609375,11909200
2025-11-25,292.91464074678146,294.39669075777243,284.6789351260529,291.8702697753906,4693100
2025-11-26,293.6307727608845,297.01257847242636,291.89013434346924,295.0332336425781,4113700
2025-11-28,295.4211858083416,297.08223531972783,293.68054725015776,296.8534851074219,1376400
2025-12-01,294.16788848944077,294.8144052504208,286.48918533397114,286.9069519042969,3756300
2025-12-02,289.2443717569881,290.4379645750544,286.91689308065236,287.7723083496094,4255800
2025-12-03,286.49914179107697,287.8021315326114,282.978070481655,286.94671630859375,4059500
2025-12-04,287.3048284256356,292.9643926999178,286.1211917975242,290.2987060546875,4195300
2025-12-05,290.10977262344005,291.71114562294656,280.6406788721692,282.4211120605469,5220300
2025-12-08,283.4753994467115,287.2948538177903,281.78448141354494,285.6536865234375,4333200
2025-12-09,285.66365659370524,288.89627095466943,283.24663263298845,283.78375244140625,3553400
2025-12-10,283.9230259408196,284.3507184138249,279.8051578863206,282.0829162597656,5807400
2025-12-11,280.5710247845068,287.81207985813217,278.14410527336844,286.87713623046875,5971500
2025-12-12,289.37367508255835,302.3837211785924,289.1449248845217,298.2061767578125,9381900
2025-12-15,298.39516561346994,306.41204663460576,298.30565070630496,299.36993408203125,6808600
2025-12-16,296.0676746762581,299.7876578731281,295.27193605505283,297.1319580078125,5271300
2025-12-17,297.51988197195067,299.6186105176626,290.0600024880819,290.61700439453125,3802500
2025-12-18,294.41657702610763,300.69281987152743,293.8396930351362,300.0761413574219,4495100
2025-12-19,302.60251989850866,306.7800336113594,302.0156797705483,305.5665588378906,8856400
2025-12-22,307.9935447941387,314.70743618228266,304.29344343716633,313.04638671875,6959900
2025-12-23,313.31490798156585,316.05019686077,312.4794052028006,313.8420715332031,2724800
2025-12-24,314.2995979081201,315.4633523346805,313.4342568404767,315.0555419921875,878500
2025-12-26,314.90634377960413,316.35852496155206,312.8573662468635,313.45416259765625,1882300
2025-12-29,312.02020522997606,312.6774289502503,309.9390119769599,310.2676086425781,2773200
2025-12-30,310.6261382582735,311.61195873981006,309.2519458361069,310.4767761230469,3155100
2025-12-31,310.82527891901765,312.0401110977723,306.57324473722497,306.7325744628906,2555700
2026-01-02,308.44534877381653,319.6280595257512,307.35994344499375,319.3990173339844,4340100
2026-01-05,322.4560854797941,328.0424417121088,322.05777634768725,322.9539794921875,5628200
2026-01-06,324.54725910718145,331.38831824286814,320.10602246276676,326.1604309082031,4324700
2026-01-07,327.036721078723,328.8689674234575,321.58975929084465,322.27685546875,4656800
2026-01-08,328.75939048571377,328.75939048571377,308.9631208841591,313.1155700683594,5771700
2026-01-09,315.77433225271926,320.94247463558406,313.86243622485034,320.2354736328125,3508000
2026-01-12,318.8513466794519,323.1730631821533,318.06466560876623,322.80462646484375,4125300
2026-01-13,324.1787985289957,326.7081087708065,323.631127238516,325.85174560546875,2783900
2026-01-14,323.45187915361333,324.9256260070515,315.0274904366795,317.5368957519531,3923600
2026-01-15,319.23966333265525,323.08342071934675,316.61079888034453,318.5924072265625,4044900
2026-01-16,320.36493701337963,324.17879192550936,317.35766800158336,323.7506103515625,4109700
2026-01-20,320.39478260206863,322.51581586196005,308.35570956916024,311.0244140625,10372200
2026-01-21,311.7414186321187,318.9807871437019,309.3515332816008,317.15850830078125,9783900
2026-01-22,304.58168812367626,308.69429766121556,293.5981470708404,293.7574768066406,13939000
2026-01-23,295.7490541596414,297.85015238191517,288.84825018928603,292.6322326660156,7780200
2026-01-26,291.76590919856864,297.4717858714144,289.2166941295269,293.8172302246094,7844800
2026-01-27,294.2653354701687,299.36376540815877,293.3591647007857,296.2170715332031,7452200
2026-01-28,295.7490590813738,297.0136990000173,289.9236927489325,291.24810791015625,7541300
2026-01-29,292.0646172691067,297.9298233570783,289.1071256021594,297.6011962890625,6149900
2026-01-30,295.749059450039,306.3044191647845,295.1316757033326,305.4978332519531,7427800
2026-02-02,304.31284266853453,308.3557398334792,299.75211625412237,307.40972900390625,6727200
2026-02-03,308.584763113342,311.1140427959099,303.7253127291047,308.62457275390625,4588100
2026-02-04,308.70426973358855,310.46680367988,300.72799755732683,307.0412902832031,6591900
2026-02-05,305.41815414497137,307.92755956079196,301.2258948283577,305.07958984375,4461900
2026-02-06,309.38140686813193,321.81879049848845,308.9133852461028,319.6479797363281,5800600
2026-02-09,319.6878213868605,323.12327211191086,315.0574127815066,315.4059143066406,4706400
2026-02-10,315.6050355636266,318.72185671193523,314.54950276688163,314.9975891113281,4610600
2026-02-11,318.1044777137865,320.4246503020735,311.4426537939042,312.4085693359375,5241100
2026-02-12,316.44153141071143,323.5116327797478,310.3473132895329,311.5721435546875,6163900
2026-02-13,313.89231029057646,325.3040328329735,312.2094260551998,314.0815124511719,4393400
2026-02-17,313.6732256571968,329.0083550559631,313.1753316482171,325.70233154296875,5863600
2026-02-18,328.95857920457814,330.3925163876387,325.12478924138196,328.1918029785156,3988900
2026-02-19,326.65831650363594,334.46529107509076,324.1987188341452,333.330078125,4456700
2026-02-20,337.4028291915709,342.8497906787088,335.37144358465497,341.77435302734375,5035400
2026-02-23,340.7088580324968,341.83410333444664,335.58055591165447,337.5621643066406,5045100
2026-02-24,336.55646381651536,345.3392915237632,329.32703268281745,344.1842041015625,6171900
2026-02-25,344.15431527614504,347.01225268832076,337.23360612162674,341.44580078125,5030300
2026-02-26,341.16689162435625,342.5311466292974,333.39975784597425,339.40435791015625,4722400
2026-02-27,339.18534382777835,342.3519427490589,336.24778711365013,340.8184509277344,7055100
2026-03-02,340.0118435651902,345.7376248819424,333.9175951412622,344.28375244140625,3981200
2026-03-03,339.2450675018191,339.6931842824727,327.69391997859555,332.7326354980469,5891500
2026-03-04,335.1324142644306,338.8168417454176,332.0156235835406,338.3786926269531,3920400
2026-03-05,335.1623044846358,340.37028655305664,319.438834181775,325.6127014160156,4825400
2026-03-06,322.3067232066196,323.173053925542,316.27221982125377,321.7490539550781,4677000
2026-03-09,319.00667079024987,321.11082963108737,309.2636301778536,321.041015625,5740100
2026-03-10,321.3701312902548,330.9635620608633,319.66483131753574,325.61834716796875,4146700
2026-03-11,323.3346937285056,325.29925505767784,320.30307975540615,324.25213623046875,3116000
2026-03-12,317.7601196035762,317.7601196035762,300.298462116761,305.85308837890625,8007200
2026-03-13,306.52121160171123,308.65531673007416,298.22417947083477,298.8624267578125,5770600
2026-03-16,302.93114663598027,304.8558401874953,299.3211479154783,303.1605224609375,6327200
2026-03-17,304.5666377223996,305.1550048313522,298.1942686017579,301.25579833984375,4787100
2026-03-18,301.98378578303635,304.12784258432833,299.3510613963539,300.12890625,3942400
2026-03-19,295.2823707747212,295.42196836060083,285.339900202644,290.80474853515625,7128700
2026-03-20,289.199174038724,292.6196948966371,281.51047348474395,285.998046875,10192400
2026-03-23,295.9804092631762,299.00204105444436,289.3687427984348,290.7349548339844,6473800
2026-03-24,286.9155337775921,291.71224942174905,284.51218489275493,289.8274841308594,5028200
2026-03-25,294.2851289730137,297.0474690519099,292.2806695664406,295.7410888671875,4456600
2026-03-26,290.7748206820444,293.20808532652234,281.8994031345504,284.45233154296875,5890800
2026-03-27,282.20854838264745,284.1830918135673,280.194137318761,282.029052734375,4161700
2026-03-30,283.28558205190126,283.9237989433014,270.0422543972928,272.4954528808594,8598600
2026-03-31,277.1625193347655,285.69887939435404,275.0383962279644,282.98638916015625,7828800
2026-04-01,289.4086150147048,294.6840159019233,289.18922129822386,291.8717956542969,5242500
2026-04-02,284.10331685824065,288.311634497179,278.5387084766286,280.38360595703125,5322900
2026-04-06,279.7752852168738,287.9925522151952,277.8007722085996,287.892822265625,5062800
2026-04-07,284.7116242784988,289.29892798926215,282.3381915080039,287.8030700683594,5280500
2026-04-08,309.0641996859779,312.26532706426474,304.456931799193,307.2093200683594,6432900
2026-04-09,305.15500526029,314.18000222946955,303.3101078019571,312.1556091308594,5470800
2026-04-10,312.2154543606233,312.6043920311604,305.57387191993473,307.49853515625,3685100
2026-04-13,305.5838302096149,311.2880364675041,303.47967127991495,311.0387268066406,3811500
2026-04-14,314.14015341503256,318.2587538634972,312.15562782874156,317.12188720703125,3530100
2026-04-15,315.56618900786316,317.70026381352125,310.54009787900037,313.0631103515625,3993700
2026-04-16,312.7041130859844,313.0830686208655,297.03747286920697,297.46630859375,7373300
2026-04-17,309.2736234745657,313.13293213182936,303.0109660492614,303.2901916503906,7733100
2026-04-20,303.04088331719487,304.6264891055431,297.5859867296183,302.76165771484375,5315200
2026-04-21,292.7692924299931,303.4596913528821,283.42517169287936,285.938232421875,12891500
2026-04-22,285.8584466714022,287.0052650071086,268.16744314674986,275.5270690917969,12777700
2026-04-23,275.72651143573495,282.1587130610274,272.6051495145199,281.56036376953125,8591100
2026-04-24,279.83511464188797,285.3398913034082,276.4145934781612,283.8141174316406,9672300
2026-04-27,282.02903297027365,284.0833419564719,279.3265250107556,283.7742004394531,5213300
2026-04-28,282.5875098813604,288.61083981671845,279.775289599292,288.40142822265625,8417200
2026-04-29,286.4168894616965,289.13936179261697,278.8179362075945,282.7869567871094,9819400
2026-04-30,284.22296741550286,290.764849835265,284.04344134811214,289.1293640136719,7603400
2026-05-01,288.25180568943495,290.95434421241083,285.4495676529203,285.7188415527344,3782900
2026-05-04,285.60912916990026,289.039632391166,278.638441089273,279.745361328125,6133100
2026-05-05,281.69998266112395,289.8573874519614,280.83235947825716,285.88836669921875,6401100
2026-05-06,299.6003911737894,307.5184682478495,299.03195785663996,304.9854736328125,9168300
2026-05-07,307.15945986763376,309.14395487153837,301.0264183517635,301.7943115234375,5477800
2026-05-08,303.6093283998331,304.5666690116234,296.01034409173764,296.3294677734375,3952200
2026-05-11,295.2125517364055,302.23312024420034,292.0413401828752,299.939453125,4562000
2026-05-12,298.89238299185996,300.07909947400805,292.4900971769662,296.628662109375,4393300
2026-05-13,295.15270957351163,297.57599206681334,290.505574046866,293.89617919921875,4219900
2026-05-14,294.21530786760826,297.0275280706955,288.28172592492155,290.7349548339844,4686200
2026-05-15,286.6961277861038,287.5138707774966,280.533200275311,280.7525939941406,5022500
2026-05-18,282.6074603445537,286.4468045927274,281.26118215321554,285.20025634765625,4696200
2026-05-19,284.00358085696126,286.6263231652548,281.83955976951836,284.4922180175781,5239400
2026-05-20,288.2019862604312,299.62038162642637,285.38976580330734,299.3411560058594,6098400
2026-05-21,297.6757499338597,302.0436602796057,293.9361048341881,300.9267578125,4928300
2026-05-22,302.4126251667639,305.4541909217458,299.42090917170935,302.0037536621094,3502100
2026-05-26,305.5040452918864,314.1102191128756,305.5040452918864,313.6215515136719,5084200
2026-05-27,313.4320774539426,319.5950350849945,311.0885911081792,316.33404541015625,4788100
2026-05-28,315.89524760442725,321.4299398708201,313.42211545365365,319.93408203125,5022600
2026-05-29,318.4481768348226,325.0200057442934,315.7057707874107,322.865966796875,9345400
2026-06-01,320.59229457428523,325.49869172661187,314.05041141564396,323.70367431640625,4633500
2026-06-02,322.10806999371533,324.1324631481702,315.78558087865287,316.8426513671875,4827600
2026-06-03,312.5744806620846,318.66759412316753,310.1412159543377,313.77117919921875,4127000
2026-06-04,315.79557830209984,328.5502387888841,315.37672467630085,326.7452392578125,4243400
2026-06-05,325.99730022534123,331.57186048366583,321.6393723061007,327.0942687988281,3951500
2026-06-08,328.65993173688497,331.1031480396966,320.15348772129994,321.1507263183594,3152100
2026-06-09,323.753506814967,330.3951195719225,319.1362872075059,329.52752685546875,4825300
2026-06-10,328.5801255494628,329.6571602439735,317.3711738002501,317.82989501953125,3777800
2026-06-11,319.6748024237895,332.0006873159,318.8770237190028,331.84112548828125,4451200
2026-06-12,333.63613766041055,335.9297742263834,327.562958346186,334.37408447265625,4377500
2026-06-15,342.5016273196216,347.93655971489153,341.0157210329847,341.3149108886719,5252700
2026-06-16,343.08999095244053,351.9055768966854,343.08999095244053,350.7587585449219,5210300
2026-06-17,351.1376705734859,361.3294503331903,349.03351172507354,356.0440979003906,5029400
2026-06-18,361.8480400009017,363.69293753786314,356.113917925645,356.6524353027344,7763400
2026-06-22,356.652434578405,360.2823673290059,353.56098877049226,354.1393737792969,5426700
2026-06-23,348.3155085320352,358.92614219560386,346.8096684574813,355.48565673828125,4735200
2026-06-24,355.8546140675491,368.2303485958478,354.6778798377767,364.8696594238281,6453700
2026-06-25,366.63475657621126,378.6215837434707,365.49792042428123,370.3345031738281,7591800
2026-06-26,367.3826993288937,370.4143132369279,362.81535986720564,367.9810485839844,8360900
2026-06-29,366.80431985084186,374.9617245326922,366.4552802440036,372.67803955078125,6071500
2026-06-30,373.57554246293586,375.77946171115144,367.72175666995935,372.697998046875,4887500
2026-07-01,373.9943803878302,375.64980006911674,370.35446568719743,373.9046325683594,3951400
2026-07-02,378.74125966365364,381.9124711348583,373.3362130146415,376.4775085449219,3274700
2026-07-06,376.5973548626909,379.7126128802598,373.27239374956946,378.10504150390625,4065400
2026-07-07,376.82698317603473,377.32622402032496,363.0779012939286,366.4228210449219,4263100
2026-07-08,359.57322744297613,362.4588542023511,353.71214469839043,355.48944091796875,4214900
2026-07-09,361.04098915748955,361.7099852944069,357.3266360669945,358.494873046875,3045200
2026-07-10,356.26826131447194,360.1423752769437,353.212909678346,358.7245178222656,2335100
2026-07-13,355.62924758126536,358.15540511374223,351.4955186347156,352.8834228515625,2668900
2026-07-14,354.47098744776565,358.6546280831223,352.03468973505824,353.19293212890625,4416200
2026-07-15,355.06009888428355,360.0824606202535,352.813515057575,359.8028869628906,5429300
2026-07-16,352.68369606920606,353.73208963234515,336.0190345888351,345.205078125,6883600
2026-07-17,346.46315135355314,356.5178692701871,342.4991778312242,348.30035400390625,5596300
2026-07-20,353.26282083357967,356.55782879685984,339.3739669039637,340.78179931640625,3887100
2026-07-21,344.47619852924447,345.72430069782865,339.4937844230544,340.1827392578125,3938600
2026-07-22,340.1926843770868,344.6758878369922,339.8532042627191,340.6719665527344,4200100
2026-07-23,339.48378773336765,349.1890313544772,338.0859194075379,348.4701232910156,3823600
2026-07-24,349.7082103798639,359.44340666319516,349.66829305235495,353.19293212890625,2958900
2026-07-27,359.31360067355797,364.9450519425894,355.51938249986114,361.0609436035156,3839200
2026-07-28,364.0264510163276,366.2131284144963,357.64616868904653,363.0379638671875,3625900
2026-07-29,362.14930655818074,362.14930655818074,348.31033504739526,350.0976257324219,3723000
2026-07-30,354.2113778242662,356.0785337001891,347.132146332756,354.5009460449219,3187100
2026-07-31,355.6991134292884,361.8697535345841,353.24285696285625,359.5233154296875,3151300
2026-08-03,363.23766248843015,369.3883133545561,360.42193680990874,368.3698425292969,3371900
2026-08-04,373.9513645271991,378.2748074586097,368.04036978146917,376.7071838378906,4183100
2026-08-05,378.7640543135603,383.92621824472656,378.16495918366513,380.6412048339844,3160800
2026-08-06,383.38700334803235,388.2496041459131,372.2239857274006,373.9812927246094,3552900
2026-08-07,375.8185445320309,377.23637149285963,367.880602768488,369.5180969238281,2527700
2026-08-10,370.9559081204077,371.6948052946823,364.28605771515555,366.14324951171875,3092000
2026-08-11,367.18163822164826,371.9943271664079,365.91357747506936,367.50115966796875,2286100
2026-08-12,369.2285493083306,369.6379304540447,362.68847601575425,364.7752990722656,2180800
2026-08-13,366.4427664271452,366.52263155199,359.00406592834264,360.0924377441406,2738400
2026-08-14,361.9496016759401,368.1302055877748,360.9611145835398,367.8206787109375,2966200
2026-08-17,367.31145060733206,371.79462359803944,366.20315056914757,368.86907958984375,5515000
2026-08-18,366.33297592316455,375.0097541085702,364.4458308304753,374.5205078125,4927900
2026-08-19,372.95287465090485,373.9913041537391,355.439527523525,355.68914794921875,4923400
2026-08-20,352.5538813777957,353.9617441577932,343.0383524927701,344.1167297363281,6056100
2026-08-21,347.0123380506644,351.32575583031337,345.88404885588886,347.841064453125,3546100
2026-08-24,346.06377200639616,347.9608811600184,340.0229698529887,341.32098388671875,2664800
2026-08-25,345.4247621541637,349.4686009191593,343.6973778142584,349.0093078613281,3134800
2026-08-26,351.245875743622,355.8488920230216,349.4685796147168,353.8519287109375,3035900
2026-08-27,352.2543795709431,352.96329307033824,339.08440305800235,342.20965576171875,5090900
2026-08-28,344.56604377085847,345.10523241701094,340.7518363906104,342.0598449707031,2537100
2026-08-31,338.3155449299897,339.2341615119978,333.21331800997234,335.2002868652344,4476600
2026-09-01,333.2033280360449,335.73948015039326,329.00972307230313,330.5873107910156,3027200
2026-09-02,332.8538501384203,333.3530909962986,328.81001137810364,328.9997253417969,2691300
2026-09-03,331.0466009763211,333.93222776371954,328.82000624972363,332.97369384765625,2653100
2026-09-04,331.7355586028929,336.69801399558645,331.7355586028929,336.608154296875,2511000
2026-09-08,337.5966430279231,342.2096542153273,331.5358820863363,334.4015197753906,3062100
2026-09-09,330.3776354821785,331.555836595446,320.6723919715677,324.9259338378906,5020200
2026-09-10,321.8705461393722,327.00275670282866,321.31139882515237,323.6578369140625,3463400
2026-09-11,327.7915540823509,329.37913627192916,322.27991579420063,323.1685791015625,2528100
2026-09-14,314.7214481253197,317.9764777892459,311.60615958492264,317.0778503417969,5146000
2026-09-15,318.0563770026225,319.87359058277247,306.3341808384467,306.58380126953125,7273800
2026-09-16,309.7090552374044,318.0164305317403,308.2113326446332,312.4249267578125,4524600
2026-09-17,316.30901551661503,318.1961300203838,312.9940490722656,312.9940490722656,5326800
2026-09-18,313.1538037532195,314.05243114106804,309.1498825988573,313.7928161621094,10440000
2026-09-21,317.05789592657516,321.6509179621708,313.33354811753077,318.5256652832031,3794700
2026-09-22,321.84058442342155,322.0103397152693,313.88268426649216,318.7353210449219,3400800
2026-09-23,317.91655437798585,325.42515596108575,317.1377399022113,319.3144226074219,4353100
2026-09-24,317.05787494305747,322.6793315659354,315.00100516054243,319.2944641113281,3726300
2026-09-25,321.41126119836923,328.67024284105685,319.15471322020903,326.5933837890625,4287300
2026-09-28,320.97191770227624,322.50958804720483,314.76136032970015,317.7568054199219,4173000
2026-09-29,318.3858411552715,323.5879220573244,316.09930962834073,317.4073486328125,3731400
2026-09-30,317.4073605175129,317.42731918175707,311.7759091338623,311.81585693359375,4186400
2026-10-01,309.719038537905,315.0209738857309,309.1299379960625,311.91571044921875,3438600
2026-10-02,316.01946185706896,318.0164252811263,307.7220812678104,309.0899963378906,4163300
2026-10-05,309.1300048828125,309.67999267578125,305.3599853515625,306.3399963378906,5408700
2026-10-06,306.5,310.8500061035156,304.0,309.3900146484375,3517300
2026-10-07,305.510009765625,308.54998779296875,302.9800109863281,303.6199951171875,3914500
2026-10-08,299.9800109863281,306.55999755859375,296.6099853515625,305.6199951171875,6387500
2026-10-09,306.2900085449219,308.6099853515625,303.5199890136719,308.20001220703125,2949700
