date,open,high,low,close,volume
1995-01-03,0.20260938209533114,0.20260938209533114,0.19727790201884216,0.1999436318874359,2972800
1995-01-04,0.19861077712278977,0.19994363188743589,0.19727790201884216,0.1999436318874359,313600
1995-01-05,0.20794152723333373,0.21860517756488515,0.19994360643098025,0.2172716110944748,15376000
1995-01-06,0.22926884076154863,0.2505961426214043,0.22393666952848434,0.23460032045841217,7910400
1995-01-09,0.23460032045841217,0.23993249169147646,0.2186051898316208,0.23460032045841217,15923200
1995-01-10,0.24526397883892062,0.25592763009278674,0.2346003275850545,0.2452639788389206,22483200
1995-01-11,0.2505961997445302,0.261259853105226,0.2399325463838344,0.24659690260887146,9904000
1995-01-12,0.2559277502041496,0.2559277502041496,0.2399326115846634,0.2399326115846634,10080000
1995-01-13,0.2505961426214043,0.2505961426214043,0.23460032045841217,0.23460032045841217,6230400
1995-01-16,0.23993249169147646,0.23993249169147646,0.22926884076154863,0.23460032045841217,6454400
1995-01-17,0.23993249169147646,0.23993249169147646,0.22926884076154863,0.23460032045841217,6918400
1995-01-18,0.23193457748599308,0.24526397883892062,0.23193457748599308,0.2452639788389206,2067200
1995-01-19,0.23460029313961664,0.26125976312808774,0.23460029313961664,0.25592759251594543,9753600
1995-01-20,0.26125986196910245,0.26125986196910245,0.25059620824661627,0.25859344005584717,3059200
1995-01-23,0.26125979289376927,0.26659127257721404,0.2505961419906807,0.2639255225658417,9692800
1995-01-24,0.2639255941539536,0.29325082514542633,0.2639255941539536,0.27725499868392944,6675200
1995-01-25,0.2665914273127938,0.27725508440530555,0.255927770220282,0.27192360162734985,5206400
1995-01-26,0.2719234374445915,0.2985822183114511,0.2612597867906111,0.2879185676574707,10940800
1995-01-27,0.30391448736190796,0.32524179554392235,0.2879186604571943,0.30391448736190796,21952000
1995-01-30,0.30924590520260165,0.30924590520260165,0.28791860139552566,0.2892514765262604,9011200
1995-01-31,0.3199096138660724,0.32524178653203356,0.2399325561677476,0.27725499868392944,61465600
1995-02-01,0.2719234520808618,0.28258710330881287,0.2559276294708252,0.26659128069877625,21958400
1995-02-02,0.27192351755435484,0.2905844032139052,0.2665913448883937,0.27725499868392944,13308800
1995-02-03,0.2879186524794652,0.2879186524794652,0.27192351755435484,0.27725499868392944,3369600
1995-02-06,0.2772549310303143,0.28258710239516005,0.26659127983684067,0.2745891809463501,2297600
1995-02-07,0.2825872587198616,0.2825872587198616,0.27192360162734985,0.27192360162734985,3129600
1995-02-08,0.2719234520808618,0.28258710330881287,0.26659128069877625,0.26659128069877625,5100800
1995-02-09,0.2799207494183695,0.2879186524794652,0.2665913448883937,0.27725499868392944,4736000
1995-02-10,0.28258707999121563,0.28791855939715555,0.27192342964317284,0.28525280952453613,2947200
1995-02-13,0.2879186820809278,0.2932508552950997,0.2825872004032135,0.2825872004032135,5497600
1995-02-14,0.28791865624568896,0.29325082898139954,0.28258717504637404,0.29325082898139954,3331200
1995-02-15,0.29325068780077046,0.303914336601961,0.2879185176321438,0.29858216643333435,17286400
1995-02-16,0.29858216643333435,0.29858216643333435,0.2879185176321438,0.29858216643333435,2796800
1995-02-17,0.28791865624568896,0.29858231018071446,0.28791865624568896,0.29325082898139954,3366400
1995-02-21,0.28791865624568896,0.29858231018071446,0.28791865624568896,0.29325082898139954,4588800
1995-02-22,0.29325082898139954,0.29325082898139954,0.28791865624568896,0.29325082898139954,556800
1995-02-23,0.2879185176321438,0.3092458152345249,0.2879185176321438,0.29858216643333435,5590400
1995-02-24,0.2985822677612305,0.31990957260131836,0.2985822677612305,0.31990957260131836,7232000
1995-02-27,0.31990950477534325,0.31990950477534325,0.3039143753046515,0.30924585461616516,10278400
1995-02-28,0.3092459686392087,0.3199096227302159,0.30391448736190796,0.30391448736190796,8160000
1995-03-01,0.3039145202980778,0.3199096573998289,0.3039145202980778,0.31457817554473877,1427200
1995-03-02,0.31990950477534325,0.31990950477534325,0.298582204456987,0.30924585461616516,5254400
1995-03-03,0.3092458133203495,0.32524163219115537,0.30391433472078644,0.3225752115249634,9321600
1995-03-06,0.31457817554473877,0.3199096573998289,0.3039145202980778,0.31457817554473877,2880000
1995-03-07,0.3199095744288906,0.3199095744288906,0.30391444147559676,0.3119116723537445,1347200
1995-03-08,0.30391448736190796,0.3199096227302159,0.30391448736190796,0.30391448736190796,777600
1995-03-09,0.3039143753046515,0.31457802546382957,0.3039143753046515,0.30924585461616516,937600
1995-03-10,0.31457809215944504,0.325241744579489,0.30391443973940113,0.31990957260131836,2544000
1995-03-13,0.3092459219479276,0.3199095744288906,0.3092459219479276,0.3119116723537445,3356800
1995-03-14,0.3199096227302159,0.3199096227302159,0.2932508332709008,0.30391448736190796,7958400
1995-03-15,0.29858216643333435,0.3079129404915599,0.29858216643333435,0.29858216643333435,627200
1995-03-16,0.298582204456987,0.30924585461616516,0.298582204456987,0.30924585461616516,838400
1995-03-17,0.3012479682605502,0.3092458689654315,0.2879185676574707,0.2879185676574707,4784000
1995-03-20,0.2879185676574707,0.3039143894065327,0.2879185676574707,0.2879185676574707,1116800
1995-03-21,0.2985822183114511,0.2985822183114511,0.2879185676574707,0.2879185676574707,1369600
1995-03-22,0.2879185176321438,0.29858216643333435,0.2879185176321438,0.29858216643333435,643200
1995-03-23,0.28791865624568896,0.29325082898139954,0.2852529054763786,0.29325082898139954,441600
1995-03-24,0.2825870880985719,0.2985822183114511,0.2825870880985719,0.2879185676574707,1392000
1995-03-27,0.2879186820809278,0.298582336972814,0.27725502718904155,0.2825872004032135,976000
1995-03-28,0.2799208359639393,0.2879187414978173,0.2665914273127938,0.27192360162734985,9644800
1995-03-29,0.2665914273127938,0.27725508440530555,0.2665914273127938,0.27192360162734985,2185600
1995-03-30,0.2665914273127938,0.27192360162734985,0.25059628744232637,0.27192360162734985,4774400
1995-03-31,0.2639255941539536,0.27725499868392944,0.2612598637588191,0.27725499868392944,1897600
1995-04-03,0.27725500231066347,0.29858231018071446,0.2665913483756379,0.29325082898139954,2640000
1995-04-04,0.2985823145482015,0.3055803985633431,0.2932508332709008,0.30391448736190796,3475200
1995-04-05,0.29858231018071446,0.3012480609500248,0.28791865624568896,0.29325082898139954,2787200
1995-04-06,0.3039144250189646,0.30924590520260165,0.28791860139552566,0.2892514765262604,2643200
1995-04-07,0.2879185676574707,0.2985822183114511,0.2879185676574707,0.2879185676574707,828800
1995-04-10,0.29858216643333435,0.29858216643333435,0.2879185176321438,0.29858216643333435,697600
1995-04-11,0.2985822129860787,0.32524168491363525,0.2985822129860787,0.32524168491363525,6854400
1995-04-12,0.31990957260131836,0.33057322502136227,0.3092459201812744,0.31990957260131836,6150400
1995-04-13,0.30924585875210314,0.3199095090538998,0.30924585875210314,0.31057873368263245,937600
1995-04-17,0.3092459201812744,0.325241744579489,0.3065801697906863,0.31990957260131836,4192000
1995-04-18,0.3199096573998289,0.32524183079139973,0.31457817554473877,0.31457817554473877,5817600
1995-04-19,0.3145781392587448,0.32524179327537345,0.3039144852421162,0.30658021569252014,595200
1995-04-20,0.3092459686392087,0.3092459686392087,0.2879186604571943,0.30391448736190796,1232000
1995-04-21,0.3012480609500248,0.3199096180507655,0.28791865624568896,0.29325082898139954,5062400
1995-04-24,0.3092459686392087,0.3199096227302159,0.30391448736190796,0.30391448736190796,2560000
1995-04-25,0.31457798540315146,0.31457798540315146,0.29858216643333435,0.29858216643333435,5654400
1995-04-26,0.30391448736190796,0.30391448736190796,0.2879186604571943,0.30391448736190796,1369600
1995-04-27,0.28791852717210675,0.3172437250614166,0.28791852717210675,0.3172437250614166,8275200
1995-04-28,0.30391443973940113,0.31990957260131836,0.30391443973940113,0.31990957260131836,4806400
1995-05-01,0.31457809215944504,0.31990957260131836,0.3092459201812744,0.31990957260131836,2003200
1995-05-02,0.31457798345597093,0.32524163219115537,0.3092458133203495,0.3225752115249634,9894400
1995-05-03,0.32524170601704905,0.35190048813819885,0.31457805486134605,0.35190048813819885,26825600
1995-05-04,0.35190044576679397,0.35723259613142255,0.34123679589507294,0.3479018211364746,15811200
1995-05-05,0.3412369313752297,0.36789639206781677,0.3412369313752297,0.3638971149921417,17014400
1995-05-08,0.36789626739100106,0.36789626739100106,0.35190046622472654,0.3625641167163849,7296000
1995-05-09,0.3678963425269942,0.3678963425269942,0.3519005380938738,0.3572326898574829,2988800
1995-05-10,0.3572326898574829,0.3678963425269942,0.3572326898574829,0.3572326898574829,2729600
1995-05-11,0.3572326172374296,0.3625641170595176,0.351900466557767,0.35456621646881104,1532800
1995-05-12,0.3572327336389068,0.3625642351982226,0.35190058122180434,0.3532334566116333,2035200
1995-05-15,0.36256419076338514,0.36256419076338514,0.3519005380938738,0.3572326898574829,10083200
1995-05-16,0.3585655141821186,0.3598983892193797,0.35190048813819885,0.35190048813819885,1446400
1995-05-17,0.351900466557767,0.3625641170595176,0.34923471664672306,0.35456621646881104,3990400
1995-05-18,0.35190046622472654,0.3625641167163849,0.35190046622472654,0.3625641167163849,2675200
1995-05-19,0.3572326309018977,0.3572326309018977,0.346568979992253,0.3492347300052643,947200
1995-05-22,0.3572326391448576,0.3572326391448576,0.3465689879891546,0.35190048813819885,1078400
1995-05-23,0.3519005322950207,0.357232683970763,0.3465690314769745,0.3465690314769745,4665600
1995-05-24,0.34656896673567905,0.3572326172374296,0.34656896673567905,0.35456621646881104,1504000
1995-05-25,0.3465690314769745,0.357232683970763,0.3465690314769745,0.3465690314769745,5273600
1995-05-26,0.34656900441838184,0.35190050482016777,0.33590537309646606,0.33590537309646606,1020800
1995-05-30,0.34123677015304565,0.34123677015304565,0.31191157250364654,0.34123677015304565,6051200
1995-05-31,0.3412368798012322,0.3558991579085553,0.3412368798012322,0.3465690314769745,1792000
1995-06-01,0.346568979992253,0.3572326309018977,0.3412368291086309,0.3492347300052643,1484800
1995-06-02,0.3465689201154305,0.3465689201154305,0.33857102060059674,0.34123677015304565,2556800
1995-06-05,0.3439026474952698,0.3439026474952698,0.3359054162055518,0.3439026474952698,1574400
1995-06-06,0.3359054162055518,0.3439026474952698,0.3359054162055518,0.3439026474952698,211200
1995-06-07,0.3359052913874443,0.34390251970549457,0.3359052913874443,0.34123677015304565,1769600
1995-06-08,0.3359054710834075,0.4052188813326012,0.3359054710834075,0.38922372460365295,25574400
1995-06-09,0.4052188077317985,0.421214612413228,0.3625641963916092,0.36789634823799133,8310400
1995-06-12,0.3732278347015381,0.3798928615356999,0.3625641822814941,0.3732278347015381,1411200
1995-06-13,0.3732277959289156,0.3838914472411703,0.3732277959289156,0.378559947013855,2256000
1995-06-14,0.3732278347015381,0.383891487121582,0.3678963339203619,0.3732278347015381,3177600
1995-06-15,0.3678962894484286,0.37855994057943215,0.3545662373914644,0.3598983883857727,3609600
1995-06-16,0.3545662885468249,0.36256419076338514,0.3519005380938738,0.3572326898574829,1328000
1995-06-19,0.3625641167163849,0.3625641167163849,0.35190046622472654,0.3625641167163849,3705600
1995-06-20,0.3572326898574829,0.3678963425269942,0.3519005380938738,0.3572326898574829,4832000
1995-06-21,0.3519006003591996,0.3678964076226197,0.3519006003591996,0.35856562852859497,771200
1995-06-22,0.36256420301177883,0.36256420301177883,0.34123689695226245,0.3439026474952698,5001600
1995-06-23,0.3465689201154305,0.3465689201154305,0.330573121085763,0.34123677015304565,1548800
1995-06-26,0.3465689201154305,0.3465689201154305,0.3359052913874443,0.34123677015304565,2560000
1995-06-27,0.33590540114521544,0.3465690333575651,0.33590540114521544,0.33857113122940063,2576000
1995-06-28,0.33590534942190825,0.3572326309018977,0.33590534942190825,0.3492347300052643,7350400
1995-06-29,0.35190048813819885,0.35190048813819885,0.3465689879891546,0.35190048813819885,3881600
1995-06-30,0.3572327171811151,0.3785600241513979,0.34656906369597373,0.37589362263679504,10393600
1995-07-03,0.3758935938858476,0.3758935938858476,0.3572326898574829,0.3572326898574829,841600
1995-07-05,0.36789626739100106,0.3785599178826594,0.3598983668078638,0.3625641167163849,3136000
1995-07-06,0.357232695402944,0.3732278492266565,0.357232695402944,0.36789634823799133,1920000
1995-07-07,0.35723258399764934,0.38922353252620684,0.35723258399764934,0.38655713200569153,5769600
1995-07-10,0.3838914632797241,0.4052187667952643,0.3838914632797241,0.3838914632797241,5209600
1995-07-11,0.38389148161961484,0.4318782422509078,0.38389148161961484,0.4158824384212494,9846400
1995-07-12,0.4212145665907656,0.45320552161572325,0.4212145665907656,0.4265460669994354,20451200
1995-07-13,0.42121445820290626,0.44254175606488944,0.42121445820290626,0.4372096061706543,7827200
1995-07-14,0.4105509093974947,0.4212145609291486,0.37855995480253296,0.40788450837135315,12780800
1995-07-17,0.4052187641906623,0.4105509154640998,0.3892236120856438,0.3998872637748718,6432000
1995-07-18,0.4025530165702346,0.4025530165702346,0.3838914632797241,0.3838914632797241,4464000
1995-07-19,0.3785599863404059,0.3892236387604498,0.3625641822814941,0.3732278347015381,1776000
1995-07-20,0.38389152661840875,0.39455518013558677,0.37322787310123073,0.3852244019508362,2704000
1995-07-21,0.3892236120856438,0.4158824158798902,0.37322780912297837,0.3998872637748718,5846400
1995-07-24,0.3892236120856438,0.39988726377487177,0.3892236120856438,0.3998872637748718,1516800
1995-07-25,0.39455511250143427,0.39988726377487177,0.39455511250143427,0.3998872637748718,3126400
1995-07-26,0.3998873636726883,0.3998873636726883,0.3892237093195207,0.3945552110671997,348800
1995-07-27,0.39455511250143427,0.39988726377487177,0.3892236120856438,0.3998872637748718,652800
1995-07-28,0.3998871828325263,0.4105508323632934,0.38922353330175913,0.40255293250083923,4796800
1995-07-31,0.39988727941640956,0.42121458362908015,0.39988727941640956,0.40521878004074097,8668800
1995-08-01,0.41055099088369185,0.41055099088369185,0.39455518498254327,0.3958880603313446,7414400
1995-08-02,0.4052187636494637,0.44254186994073735,0.4052187636494637,0.4265460669994354,30793600
1995-08-03,0.43187841590478127,0.4372099187532884,0.42121475934982305,0.421214759349823,17462400
1995-08-04,0.41588237781321935,0.4318781793117523,0.41588237781321935,0.4318781793117523,3040000
1995-08-07,0.4212145665907656,0.44254186994073735,0.4212145665907656,0.4265460669994354,5353600
1995-08-08,0.4425418235372924,0.4638691246509552,0.42654602227325633,0.4638691246509552,12428800
1995-08-09,0.4638693497454167,0.495860316939656,0.4532056940140036,0.4798645079135895,25577600
1995-08-10,0.48519652947587016,0.5225189889737049,0.4798643776289126,0.503857433795929,12870400
1995-08-11,0.5065237587564844,0.5438462126255036,0.49586010752853327,0.5331825613975525,9708800
1995-08-14,0.5278509849928998,0.5385146346810643,0.5065236856165711,0.5118551850318909,7606400
1995-08-15,0.5065238351482663,0.5225189889737049,0.503857433795929,0.503857433795929,2419200
1995-08-16,0.49586014381235277,0.5118552963958911,0.48519649180410507,0.5091895461082458,3817600
1995-08-17,0.5065238876674638,0.5225190431513684,0.4958602337255991,0.5011917352676392,51868800
1995-08-18,0.4958600103855133,0.5118551586650505,0.4958600103855133,0.4958600103855133,7840000
1995-08-21,0.49586001890232045,0.5065236682243327,0.49586001890232045,0.4985257685184479,15628800
1995-08-22,0.4958601087335845,0.5065237599874506,0.4665349050710476,0.4905279576778412,15132800
1995-08-23,0.4905278209143362,0.4905278209143362,0.47453267392193604,0.4851963222026825,6617600
1995-08-24,0.4745327918105886,0.48519644274051643,0.4318781880908773,0.46920064091682434,14323200
1995-08-25,0.4745327918105886,0.4745327918105886,0.4612027400049783,0.46920064091682434,7910400
1995-08-28,0.4585370123386383,0.4745328149420582,0.4478733608889025,0.4585370123386383,9097600
1995-08-29,0.45320551310296137,0.4638691645776471,0.44254186162827563,0.45053911209106445,9856000
1995-08-30,0.4425420196053442,0.46386933016806275,0.4425420196053442,0.4532056748867035,4182400
1995-08-31,0.45320547409412376,0.4638691246509552,0.4478733233869191,0.4638691246509552,7472000
1995-09-01,0.44787322779135047,0.5011914691950826,0.44787322779135047,0.4851963222026825,6185600
1995-09-05,0.5011917690474869,0.538514885788448,0.4878623634362129,0.5305169820785522,16598400
1995-09-06,0.5278510840932856,0.5385147357834768,0.5225189328193665,0.5225189328193665,13932800
1995-09-07,0.5225189101696015,0.5385147124403374,0.5225189101696015,0.5331825613975525,10681600
1995-09-08,0.5385147124403374,0.5438462126255036,0.5331825613975525,0.5331825613975525,24595200
1995-09-11,0.5385148068737091,0.5385148068737091,0.506523847579956,0.506523847579956,20060800
1995-09-12,0.5118551674565875,0.5118551674565875,0.49052786881256305,0.4985257685184479,4438400
1995-09-13,0.4958602337255991,0.5118553892095038,0.4958602337255991,0.5011917352676392,12448000
1995-09-14,0.5011915095261953,0.5011915095261953,0.4851963612466581,0.4958600103855133,4201600
1995-09-15,0.4905278368627793,0.5145208835601807,0.4851963379777835,0.5145208835601807,21776000
1995-09-18,0.5171872670449218,0.5278509153256683,0.47986417263358977,0.4851963222026825,4419200
1995-09-19,0.48519655334053285,0.5011917079527021,0.48519655334053285,0.4931938052177429,6384000
1995-09-20,0.5011916089317073,0.5011916089317073,0.4798643064239751,0.4905279576778412,5539200
1995-09-21,0.4905279751804683,0.4905279751804683,0.4612027704715729,0.4612027704715729,7744000
1995-09-22,0.4692006253060841,0.4692006253060841,0.42121452314675134,0.4478733241558075,21673600
1995-09-25,0.4532055198890371,0.4692006719117523,0.4425418682546791,0.4612027704715729,4854400
1995-09-26,0.4638691408806608,0.4745327918105886,0.4585369899868965,0.46920064091682434,8697600
1995-09-27,0.46920086797590416,0.4745330214500427,0.4585372118855427,0.4745330214500427,4064000
1995-09-28,0.46920086797590416,0.4798645240662656,0.4585372118855427,0.4745330214500427,6864000
1995-09-29,0.45320548995073295,0.4745327918105886,0.44254183902080513,0.46920064091682434,11062400
1995-10-02,0.46920066378837405,0.4745328149420582,0.44254186059285083,0.4585370123386383,12998400
1995-10-03,0.45853714300779375,0.4638692956809794,0.4425419867038727,0.4425419867038727,7996800
1995-10-04,0.44254186162827563,0.45320551310296137,0.43720971046211576,0.45053911209106445,1299200
1995-10-05,0.43720986653573135,0.46386933016806275,0.43720986653573135,0.4532056748867035,5692800
1995-10-06,0.46386936535968126,0.4851966775404042,0.46386936535968126,0.4745330214500427,8342400
1995-10-09,0.479864314153856,0.479864314153856,0.4585370113025735,0.46653491258621216,9046400
1995-10-10,0.4478733241558075,0.4585369747309458,0.4425418242970279,0.4478733241558075,14051200
1995-10-11,0.44254183902080513,0.46920064091682434,0.44254183902080513,0.46920064091682434,20931200
1995-10-12,0.463869178155211,0.47986433040660464,0.463869178155211,0.4718664288520813,10105600
1995-10-13,0.46386936535968126,0.4745330214500427,0.46386936535968126,0.4745330214500427,1587200
1995-10-16,0.4638693497454167,0.4798645079135895,0.4638693497454167,0.4798645079135895,3344000
1995-10-17,0.47453282315775314,0.47453282315775314,0.4585370202773943,0.4612027704715729,3430400
1995-10-18,0.4638693497454167,0.4798645079135895,0.4585371964507633,0.4798645079135895,5833600
1995-10-19,0.47986427505741336,0.47986427505741336,0.45853697394375054,0.4638691246509552,2400000
1995-10-20,0.4585370123386383,0.4745328149420582,0.44254186059285083,0.4585370123386383,5859200
1995-10-23,0.4585369040326374,0.4585369040326374,0.43187810713389785,0.4372096061706543,7942400
1995-10-24,0.43987549330805475,0.44787339522288394,0.4105509377164848,0.4158824384212494,5766400
1995-10-25,0.4052186908476047,0.41321659088134766,0.39188929136305267,0.41321659088134766,22457600
1995-10-26,0.413216665671995,0.4158824158798902,0.3838914608122063,0.3998872637748718,12044800
1995-10-27,0.38922353330175913,0.40521868216915224,0.3838913831076179,0.40255293250083923,3001600
1995-10-30,0.39455512793440567,0.41055093152274486,0.39455512793440567,0.40521878004074097,9200000
1995-10-31,0.4105509377164848,0.4158824384212494,0.4052187861540379,0.4158824384212494,9654400
1995-11-01,0.4158823083086712,0.4372096061706543,0.4052186593776796,0.4372096061706543,11328000
1995-11-02,0.4372099187532884,0.44254207245973953,0.41588260564337187,0.421214759349823,9456000
1995-11-03,0.4265459903658997,0.4265459903658997,0.4105508411559431,0.41321659088134766,4169600
1995-11-06,0.41055095195770264,0.42121460459481563,0.41055095195770264,0.41055095195770264,2515200
1995-11-07,0.4105508752806163,0.4158823751745756,0.40521872452907365,0.4065515995025635,931200
1995-11-08,0.40521868216915224,0.4158823316999194,0.3998871828325263,0.40255293250083923,7632000
1995-11-09,0.39988726377487177,0.413216665671995,0.39988726377487177,0.3998872637748718,1283200
1995-11-10,0.39988728544927327,0.4158824384212494,0.39988728544927327,0.4158824384212494,6297600
1995-11-13,0.41588245188361767,0.4425419088434705,0.4052187992712172,0.4292118549346924,13436800
1995-11-14,0.43720970845129103,0.479864314153856,0.42654605702564974,0.46653491258621216,22224000
1995-11-15,0.4745328376525898,0.4745328376525898,0.4532055337324209,0.4558712840080261,1734400
1995-11-16,0.46386915384468014,0.5385147124403374,0.44254185138877805,0.5331825613975525,42675200
1995-11-17,0.5918332033874607,0.5971647056878782,0.5278512706351881,0.5438464283943176,67907200
1995-11-20,0.5438461568561629,0.5438461568561629,0.4958600566799834,0.5171873569488525,24947200
1995-11-21,0.5171874112413167,0.5225189114394395,0.4798643064239751,0.4905279576778412,9392000
1995-11-22,0.49586011866134,0.5411804746832375,0.4851964671939739,0.5371811985969543,14816000
1995-11-24,0.5491783636682885,0.5545098638534546,0.5251846602621845,0.5331825613975525,7126400
1995-11-27,0.538514696034772,0.5545098469606052,0.511855243348251,0.5278510451316833,7996800
1995-11-28,0.5171873942285948,0.538514696034772,0.5171873942285948,0.5278510451316833,5507200
1995-11-29,0.5278513737949908,0.5545101922228567,0.5278513737949908,0.538515031337738,10828800
1995-11-30,0.5651735505957173,0.5865008543917821,0.5491783981774986,0.559842050075531,20489600
1995-12-01,0.5491783618927002,0.5598420130861739,0.5491783618927002,0.5491783618927002,4006400
1995-12-04,0.5598421496945145,0.5598421496945145,0.5438463435723231,0.5545099973678589,3808000
1995-12-05,0.5438463435723231,0.5545099973678589,0.5438463435723231,0.5545099973678589,4784000
1995-12-06,0.5545098469606052,0.5545098469606052,0.5278510451316833,0.5278510451316833,4636800
1995-12-07,0.5331825845095576,0.5331825845095576,0.5225189328193665,0.5225189328193665,2048000
1995-12-08,0.5225188078039057,0.5331824569427609,0.4638690629689477,0.4958600103855133,15017600
1995-12-11,0.5011915095261953,0.5065236595243685,0.49052786038734003,0.4958600103855133,5625600
1995-12-12,0.4958601944820384,0.5118553487000483,0.4958601944820384,0.506523847579956,1497600
1995-12-13,0.49852594504208453,0.5118553487000483,0.4958601944820384,0.506523847579956,892800
1995-12-14,0.5065238581163664,0.5705057780347865,0.4958602047966296,0.5651736259460449,18377600
1995-12-15,0.5705057515205211,0.6451513212895237,0.5385147930480914,0.6291555166244507,28048000
1995-12-18,0.6238240854016689,0.6344877394182975,0.565173662881317,0.6131604313850403,15990400
1995-12-19,0.6131604018953526,0.6131604018953526,0.5865009427070618,0.5865009427070618,5718400
1995-12-20,0.6024964826959993,0.6131601314971898,0.5865006840654782,0.5971643328666687,7702400
1995-12-21,0.6131601690656325,0.6558147668838501,0.6024965196110782,0.6558147668838501,12822400
1995-12-22,0.6611463778638604,0.7304604364558174,0.6531484767075537,0.6878058314323425,29849600
1995-12-26,0.6878059397510714,0.6984695926862994,0.6664786338806152,0.6664786338806152,3024000
1995-12-27,0.6664786489868891,0.6878059553407457,0.6664786489868891,0.6718101501464844,9536000
1995-12-28,0.6771422701380163,0.6824737710454554,0.6558149647928458,0.6798080205917358,3193600
1995-12-29,0.6878056902684762,0.6984693393357588,0.6771420412011935,0.6824735403060913,11200000
1996-01-02,0.6771420876180564,0.703800886684932,0.6664784378197999,0.6958029866218567,12182400
1996-01-03,0.7038009324494531,0.7304603841073859,0.6984694326324108,0.7251282334327698,13097600
1996-01-04,0.7304603457450867,0.7304603457450867,0.7091330458818366,0.7304603457450867,13593600
1996-01-05,0.7197967329639137,0.7411240339279175,0.7197967329639137,0.7411240339279175,7916800
1996-01-08,0.741124184897046,0.7464556857953024,0.7304605322428275,0.7331262826919556,1852800
1996-01-09,0.7331262665924442,0.8104375839233399,0.7331262665924442,0.7464556694030762,34160000
1996-01-10,0.7304606316539983,0.7784467496997427,0.7251284791723631,0.7277942299842834,26000000
1996-01-11,0.7411240790335525,0.7464555791702477,0.7197967767715454,0.7197967767715454,10086400
1996-01-12,0.7197968757917086,0.7304605283896769,0.703801071465905,0.7144647240638733,6112000
1996-01-15,0.7144647163371759,0.7197968680073459,0.6931374113718871,0.7117989659309387,7968000
1996-01-16,0.714464633397653,0.7677828896213584,0.7091331332040924,0.7571192383766174,13024000
1996-01-17,0.7624516116803853,0.8157698834462231,0.7517879573272177,0.7891104221343994,35488000
1996-01-18,0.7997739200408642,0.8370970284049457,0.7944424193360996,0.8317648768424988,16409600
1996-01-19,0.7891102558688113,0.8344306146063182,0.7784466037624761,0.8104375600814819,43993600
1996-01-22,0.8157698066233579,0.8211013078689575,0.7997740011710625,0.8211013078689575,9177600
1996-01-23,0.8184352642007586,0.8211010138690716,0.773114916409377,0.8051058650016785,35168000
1996-01-24,0.8157695774967358,0.8477605285582243,0.8104374268910384,0.8397626280784607,22128000
1996-01-25,0.8370971672290785,0.9064105930320456,0.8370971672290785,0.8930811882019043,24761600
1996-01-26,0.9010790914431053,0.9010790914431053,0.8637559768893611,0.8930811882019043,20067200
1996-01-29,0.8957467381776257,0.9064103898225975,0.8690879344940187,0.8690879344940186,15129600
1996-01-30,0.8104377576749618,0.8264335651632517,0.7571194841437143,0.7784467935562134,37753600
1996-01-31,0.7837787746386262,0.7944424270088273,0.7411241651578218,0.7624514698982239,23756800
1996-02-01,0.7731152660335529,0.7997740764875669,0.7624516116803853,0.7891104221343994,18259200
1996-02-02,0.7891102511106288,0.7891102511106288,0.7624514464343743,0.7731150984764099,5827200
1996-02-05,0.7677831166983025,0.77844677109689,0.7411243061307399,0.7517879605293274,5328000
1996-02-06,0.7517878175280228,0.7651172202763521,0.746455665914078,0.7624514698982239,4489600
1996-02-07,0.7624513894277979,0.7651171395245782,0.7411240869383157,0.7571192383766174,3910400
1996-02-08,0.7517876456083368,0.7517876456083368,0.7144645454188792,0.7304603457450867,24121600
1996-02-09,0.7251285200249659,0.8211014123812114,0.7251285200249659,0.7784467935562134,26483200
1996-02-12,0.7891102753948824,0.7891102753948824,0.762451469898224,0.7624514698982239,7356800
1996-02-13,0.7571191166844686,0.8051058650016785,0.7571191166844686,0.8051058650016785,14998400
1996-02-14,0.7971081289936832,0.8157696822229948,0.7624514236089968,0.783778727054596,10649600
1996-02-15,0.7944424582801823,0.8157697638600836,0.7837788054902316,0.8077718615531921,5987200
1996-02-16,0.8264331640632129,0.8317646633998388,0.7944422154709113,0.8051058650016785,76787200
1996-02-20,0.8051059156643495,0.8184353157022051,0.7997737651346736,0.8037723898887634,13212800
1996-02-21,0.8104374027252197,0.8104374027252197,0.7944422531002056,0.7997737526893616,6038400
1996-02-22,0.8051058650016785,0.8051058650016785,0.7997737148075372,0.8051058650016785,6140800
1996-02-23,0.7997737984126454,0.8317647503491512,0.7997737984126454,0.813103199005127,10172800
1996-02-26,0.8211010138690716,0.8211010138690716,0.7997737148075372,0.8051058650016785,5001600
1996-02-27,0.8051059713048307,0.8051059713048307,0.789110169467897,0.8024395704269409,3587200
1996-02-28,0.7997738792099709,0.8051060305001952,0.783778727054596,0.783778727054596,4518400
1996-02-29,0.7837786919172801,0.7944423431620211,0.7571192383766174,0.7571192383766174,6787200
1996-03-01,0.7624514734619879,0.7624514734619879,0.7357920169830322,0.7464556694030762,2793600
1996-03-04,0.7357921679300172,0.7997740955761057,0.7357921679300172,0.7757810354232788,8336000
1996-03-05,0.7891102952373347,0.799773947875677,0.775780892153833,0.7864445447921753,8243200
1996-03-06,0.7997737359007311,0.8211010355247507,0.7891100860887214,0.7944422364234924,18531200
1996-03-07,0.8051060305001952,0.8051060305001952,0.783778727054596,0.783778727054596,1753600
1996-03-08,0.783778635855925,0.7864443857620321,0.69846943199991,0.7411240339279175,48038400
1996-03-11,0.7517878175280228,0.773115122268425,0.7411241651578218,0.7624514698982239,23561600
1996-03-12,0.7677829911037396,0.7677829911037396,0.7304605322428275,0.7331262826919556,14041600
1996-03-13,0.7357918832581298,0.7464555337401317,0.7197967329639137,0.7411240339279175,7705600
1996-03-14,0.7464555337401317,0.783778635855925,0.7357918832581298,0.7411240339279175,20204800
1996-03-15,0.7411240246177571,0.7517876749657999,0.5545098180982255,0.5705056190490723,7539200
1996-03-18,0.7461225929793727,0.7571193218231201,0.597164535522461,0.6398191452026367,154393600
1996-03-19,0.6718098382780108,0.6824734865046459,0.6291552453714704,0.6358202695846558,41465600
1996-03-20,0.6238240577515441,0.6451513648394984,0.5865009449187439,0.605162501335144,25657600
1996-03-21,0.6131601600501744,0.6398189578658335,0.597164360674778,0.6371532082557678,20076800
1996-03-22,0.6344875564265815,0.6451512073677207,0.6238239054854423,0.6318211555480957,10140800
1996-03-25,0.6291555607204391,0.6451513665066194,0.5865009464343076,0.587833821773529,18825600
1996-03-26,0.5971644372391235,0.6291553892340765,0.5598419853404705,0.6264896392822266,23814400
1996-03-27,0.6291555744735716,0.6344877268047782,0.5918331115862309,0.6104940176010132,20483200
1996-03-28,0.6078280590731522,0.6291553593915084,0.6078280590731522,0.6184917092323303,3132800
1996-03-29,0.6078282789478314,0.650482895014346,0.6024967773684117,0.6131604313850403,13484800
1996-04-01,0.605162309247746,0.6344875098998742,0.597164408913974,0.6184917092323303,7516800
1996-04-02,0.6184917607514985,0.6184917607514985,0.602496609609143,0.6158260107040405,4646400
1996-04-03,0.6184920199520431,0.6531487376659202,0.6184920199520431,0.6424850821495056,34966400
1996-04-04,0.6558147484318781,0.6611462475803933,0.6291553001168259,0.6344874501228333,12745600
1996-04-08,0.6238240854016689,0.6291555869810886,0.6078282789478314,0.6131604313850403,10988800
1996-04-09,0.6131602892099176,0.6398190926411463,0.607828138009089,0.6238239407539368,7561600
1996-04-10,0.6131602095815181,0.6291553593915084,0.6078280590731522,0.6184917092323303,10672000
1996-04-11,0.6238240042360607,0.6238240042360607,0.5918330463485115,0.6078281998634338,7449600
1996-04-12,0.6184917506072224,0.6344875523448286,0.6078280997346841,0.6304882764816284,7347200
1996-04-15,0.6344876684653805,0.6451513212895237,0.613160362817094,0.6291555166244507,4553600
1996-04-16,0.6131603171074782,0.6584806755171351,0.6131603171074782,0.6504827737808228,17200000
1996-04-17,0.647816887958468,0.703800886684932,0.6398189878953927,0.6958029866218567,19689600
1996-04-18,0.7091331272830564,0.7197967784387594,0.6984694761273534,0.7038009762763977,10268800
1996-04-19,0.7091331503816036,0.7197968018846531,0.6931373476982117,0.6931373476982117,7590400
1996-04-22,0.6931372455556291,0.7357918452821293,0.6931372455556291,0.7304603457450867,9763200
1996-04-23,0.7304604127394627,0.7464555636751301,0.6931373091269065,0.6984694600105286,14896000
1996-04-24,0.6984694600105286,0.7091331109201733,0.6878058091008838,0.6984694600105286,7657600
1996-04-25,0.6984694326324108,0.7251282334327698,0.6984694326324108,0.7251282334327698,3843200
1996-04-26,0.7144644875079393,0.725128136575222,0.6771420412011935,0.6824735403060913,2464000
1996-04-29,0.6771422292826411,0.693137381897598,0.6451512731950597,0.6504827737808228,8048000
1996-04-30,0.6451512731950597,0.6664785772534473,0.623823969136672,0.6504827737808228,5356800
1996-05-01,0.6611464819841396,0.6958031913092001,0.6504828290489116,0.6664786338806152,9740800
1996-05-02,0.6558149419078121,0.6984695511096963,0.6558149419078121,0.6904716491699219,4675200
1996-05-03,0.6878056902684762,0.7011350888882077,0.6718098912388086,0.6824735403060913,5996800
1996-05-06,0.6731429529856511,0.6824737298684042,0.6504827737808228,0.6504827737808228,4752000
1996-05-07,0.6504827441851654,0.6611463957291845,0.6184917895531081,0.6238239407539368,11001600
1996-05-08,0.6291555346895888,0.6558149929442864,0.6184918815592568,0.6531485915184021,11056000
1996-05-09,0.6531485240737042,0.6664785772534473,0.6424848720445104,0.6504827737808228,9398400
1996-05-10,0.6611464258100165,0.6664785772534473,0.6451512731950597,0.6504827737808228,25705600
1996-05-13,0.6558147668838501,0.6558147668838501,0.6451511174292957,0.6558147668838501,1180800
1996-05-14,0.6504826376936492,0.7144645364831885,0.6504826376936492,0.6958029866218567,12019200
1996-05-15,0.6878059150104541,0.7038010684090834,0.6771422624588013,0.6771422624588013,4153600
1996-05-16,0.6824736961951623,0.7091331503816036,0.6771421958724554,0.6931373476982117,5212800
1996-05-17,0.6931373251206947,0.7144646274321007,0.6931373251206947,0.7038009762763977,5820800
1996-05-20,0.7251283541703836,0.8504264310245395,0.714464701903172,0.8317648768424988,41292800
1996-05-21,0.831764984557794,0.831764984557794,0.751787907625351,0.7917761206626892,16486400
1996-05-22,0.7944422364234925,0.82376678526337,0.7837785866114827,0.7944422364234924,9593600
1996-05-23,0.7944422531002056,0.8317647027969359,0.7891101026535033,0.7997737526893616,9516800
1996-05-24,0.8211012817379926,0.8211012817379926,0.6878059445470525,0.7224626541137695,52992000
1996-05-28,0.730460427902549,0.7357919280392442,0.7064667247145813,0.7197967767715454,6566400
1996-05-29,0.7144649157050873,0.746455882079942,0.7144649157050873,0.738457977771759,9305600
1996-05-30,0.7357920169830322,0.7731151258820318,0.730460516201856,0.7464556694030762,15132800
1996-05-31,0.7464555337401317,0.7517876844099193,0.69846943199991,0.7411240339279175,8982400
1996-06-03,0.7411242857594743,0.746455787383315,0.7197969775485225,0.7277942299842834,5644800
1996-06-04,0.7251281953505042,0.7517876456083368,0.7197966958134616,0.7304603457450867,4844800
1996-06-05,0.7304605362306335,0.7411241889430681,0.7038010790206919,0.7171304821968079,4803200
1996-06-06,0.7251282618558407,0.7251282618558407,0.6611463563979724,0.6984694600105286,9353600
1996-06-07,0.6718101501464844,0.7038011096772693,0.6558149958099608,0.6718101501464844,8016000
1996-06-10,0.6718100778392103,0.6771422292826411,0.6504827737808228,0.6504827737808228,6332800
1996-06-11,0.6504825776794925,0.6718098753083283,0.6344874298866015,0.6451510787010193,8144000
1996-06-12,0.6558148413253296,0.6558148413253296,0.6238238893303766,0.6264896392822266,4560000
1996-06-13,0.6238238009683108,0.6558147484318781,0.6184916509623034,0.6344874501228333,7161600
1996-06-14,0.6398189280714308,0.6451510779007614,0.5865006840654782,0.5971643328666687,21654400
1996-06-17,0.5918330723632974,0.6024967254612151,0.506523847579956,0.506523847579956,39056000
1996-06-18,0.5171873774351122,0.522518877284739,0.4478733233869191,0.4638691246509552,55881600
1996-06-19,0.49852588425666766,0.5438462416824592,0.44787337550320167,0.5411804914474487,53724800
1996-06-20,0.5438463079938014,0.5491784599716267,0.4958601944820384,0.506523847579956,28064000
1996-06-21,0.5011915937066078,0.5118552446365356,0.46920064091682434,0.46920064091682434,17468800
1996-06-24,0.49052790618399006,0.5171873569488525,0.49052790618399006,0.5171873569488525,16736000
1996-06-25,0.5171875006778737,0.5171875006778737,0.4958601944820384,0.506523847579956,4915200
1996-06-26,0.5011916089317073,0.5011916089317073,0.48253005652303654,0.4905279576778412,3593600
1996-06-27,0.5278511537757914,0.5331826548958837,0.5011916956021307,0.506523847579956,19152000
1996-06-28,0.5438465346801095,0.5438465346801095,0.522519219594615,0.538515031337738,21216000
1996-07-01,0.5358485240858143,0.5491785815526122,0.5331827729356056,0.5438464283943176,5929600
1996-07-02,0.5465120943067632,0.5705058034900503,0.538514842103443,0.5545099973678589,8163200
1996-07-03,0.5518443371495019,0.5865010549551057,0.5438464327765525,0.5838353037834167,12819200
1996-07-05,0.5678393008558105,0.5811693538715957,0.5545098986976849,0.559842050075531,5276800
1996-07-08,0.5678392651739886,0.5705056661241906,0.5331825613975525,0.5331825613975525,7123200
1996-07-09,0.538514696034772,0.5491783469378605,0.5225188942513396,0.5278510451316833,17910400
1996-07-10,0.5305169463222131,0.5305169463222131,0.4905280813257745,0.5011917352676392,8572800
1996-07-11,0.4958600103855133,0.5065236595243685,0.4851963612466581,0.4958600103855133,1014400
1996-07-12,0.4905279756686998,0.5065237785649797,0.42654606579886944,0.4345439672470093,16128000
1996-07-15,0.44254191808332266,0.44254191808332266,0.34656904256789667,0.36789634823799133,31273600
1996-07-16,0.3678962670578516,0.37855991753985346,0.3519004659060621,0.37056201696395874,32182400
1996-07-17,0.3785599603964159,0.4052187641906623,0.37322780912297837,0.3998872637748718,24307200
1996-07-18,0.43187820337331995,0.44254185468059176,0.4052187496763286,0.43987545371055603,21417600
1996-07-19,0.4452075799888048,0.45320548073807126,0.4212145285985928,0.4318781793117523,14432000
1996-07-22,0.43187825723192863,0.43187825723192863,0.39722089801803273,0.41055095195770264,6451200
1996-07-23,0.3998873793755635,0.4265461908764223,0.3785600698317424,0.38922372460365295,9056000
1996-07-24,0.3732278776861896,0.41055099088369185,0.35723272264280764,0.3958880603313446,9449600
1996-07-25,0.41588229808969607,0.42654594675866264,0.3998871505149776,0.418548047542572,5526400
1996-07-26,0.43187825623107,0.43720975710841853,0.41588245188361767,0.4292118549346924,5680000
1996-07-29,0.42654606756911817,0.42654606756911817,0.39988726377487177,0.3998872637748718,2054400
1996-07-30,0.39722086270932955,0.4105509154640998,0.39722086270932955,0.3998872637748718,1625600
1996-07-31,0.41055093152274486,0.42121458362908015,0.3865572261402361,0.40521878004074097,6688000
1996-08-01,0.4078845445798633,0.4105509458427052,0.38122573881300587,0.3825586140155792,4227200
1996-08-02,0.39188946019336024,0.3998873636726883,0.38389155671403213,0.3945552110671997,14156800
1996-08-05,0.3998872663452049,0.3998872663452049,0.3812257130546944,0.3838914632797241,6742400
1996-08-06,0.3812256674459606,0.39455506783406963,0.37056201696395874,0.37056201696395874,6332800
1996-08-07,0.3678963706662565,0.3785600241513979,0.36256421849480747,0.37589362263679504,37216000
1996-08-08,0.43187821246080255,0.4372097127978108,0.3998872578658408,0.40788450837135315,38108800
1996-08-09,0.4105508725716131,0.45320547487216617,0.3998872219964748,0.4478733241558075,25536000
1996-08-12,0.4372096061706543,0.4478732551016459,0.42121445820290626,0.4372096061706543,10246400
1996-08-13,0.4318782422509078,0.4318782422509078,0.4105509377164848,0.4158824384212494,9324800
1996-08-14,0.42654606579886944,0.43720971744384113,0.4158824141538977,0.4345439672470093,4032000
1996-08-15,0.4372097303634624,0.4585370342836313,0.431878229812252,0.4558712840080261,7526400
1996-08-16,0.4585370123386383,0.4638691634923224,0.45053911103692834,0.4585370123386383,7433600
1996-08-19,0.45320550276367483,0.46386915399508344,0.4265460492563438,0.4305446743965149,5776000
1996-08-20,0.43187810713389785,0.4478732551016459,0.42921170675804093,0.4372096061706543,3955200
1996-08-21,0.4372096792395383,0.4478733299526978,0.4132166278493264,0.4318781793117523,7206400
1996-08-22,0.43720967358066926,0.45053907408519733,0.42121452314675134,0.4478733241558075,22019200
1996-08-23,0.44787335266237677,0.4958601087335845,0.44787335266237677,0.4905279576778412,21568000
1996-08-26,0.4905279564857483,0.5331825613975525,0.4905279564857483,0.5331825613975525,19152000
1996-08-27,0.5171874909365755,0.5491784496277743,0.4958601851424429,0.5398476719856262,20838400
1996-08-28,0.5465122863512952,0.5545101922228567,0.5331828771373622,0.538515031337738,7059200
1996-08-29,0.5331825613975525,0.5491783636682885,0.5251846602621845,0.5331825613975525,8784000
1996-08-30,0.5225188565872937,0.5331825067217283,0.5171873569488525,0.5171873569488525,6278400
1996-09-03,0.5065240587094962,0.538515031337738,0.49052824696637326,0.538515031337738,8160000
1996-09-04,0.5278510344506324,0.5545098357401141,0.5278510344506324,0.5511773228645325,8380800
1996-09-05,0.5278512311278631,0.5705058497702024,0.5251848293193456,0.5305169820785522,18515200
1996-09-06,0.5331826751882379,0.5918330948878231,0.5331826751882379,0.5865009427070618,10067200
1996-09-09,0.5944985254052056,0.5944985254052056,0.5545096835860879,0.5811691284179688,7881600
1996-09-10,0.5865006268699006,0.5918327761792397,0.5598418328954269,0.5811691284179688,6176000
1996-09-11,0.575837289203297,0.6078282497145913,0.575837289203297,0.5865009427070618,13408000
1996-09-12,0.6024964826959993,0.6024964826959993,0.5971643328666687,0.5971643328666687,7865600
1996-09-13,0.6131601518137884,0.6344874501228333,0.6024965026592658,0.6344874501228333,18201600
1996-09-16,0.6558150474515548,0.6638122998206845,0.6131604313850403,0.6131604313850403,22675200
1996-09-17,0.6184921374793402,0.6211578891505259,0.5331828771373622,0.538515031337738,54684800
1996-09-18,0.5651735452778497,0.5651735452778497,0.5385147412124384,0.5411804914474487,17273600
1996-09-19,0.5491784958989788,0.5651736511633946,0.538514842103443,0.5545099973678589,9942400
1996-09-20,0.5545099973678589,0.5598421496945145,0.5465120943067632,0.5545099973678589,5872000
1996-09-23,0.5598419847627627,0.5758371353149414,0.5545098340069806,0.5758371353149414,4092800
1996-09-24,0.5705057878802935,0.5971645962108265,0.5625078850380305,0.5865009427070618,12860800
1996-09-25,0.5865008519431207,0.6078281556501433,0.5811693514451935,0.5944987535476685,5977600
1996-09-26,0.6104939951178334,0.6158261472526682,0.591833089790292,0.6024967432022095,9363200
1996-09-27,0.5865006268699006,0.5944985254052056,0.5731712298826638,0.5811691284179688,4537600
1996-09-30,0.6024967432022095,0.6051624938407508,0.591833089790292,0.6024967432022095,7100800
1996-10-01,0.6051622754454948,0.6051622754454948,0.5811692266419004,0.5918328762054443,4310400
1996-10-02,0.5971644901961953,0.5971644901961953,0.5731714367866516,0.5731714367866516,12038400
1996-10-03,0.5731714522336565,0.5785029527538429,0.5491783981774986,0.559842050075531,10630400
1996-10-04,0.5705056865984006,0.5811693382090469,0.5678392855525073,0.5731714367866516,1436800
1996-10-07,0.5705057019735634,0.5785029527538429,0.559842050075531,0.559842050075531,2857600
1996-10-08,0.559842050075531,0.5758372024937497,0.559842050075531,0.559842050075531,3008000
1996-10-09,0.559842050075531,0.5651735505957173,0.5545098986976849,0.559842050075531,3424000
1996-10-10,0.5491784958989788,0.5651736511633946,0.5438463435723231,0.5545099973678589,5942400
1996-10-11,0.5545098180982255,0.5758371187943111,0.5438461677501827,0.5705056190490723,3292800
1996-10-14,0.5598421496945145,0.5758373049589304,0.5491784958989788,0.5545099973678589,2438400
1996-10-15,0.5651735132541023,0.5651735132541023,0.543846210867155,0.5491783618927002,1718400
1996-10-16,0.5438463876898262,0.554510042350411,0.5278512311278631,0.5305169820785522,3152000
1996-10-17,0.5278512311278631,0.5491785404490328,0.5278512311278631,0.5305169820785522,6662400
1996-10-18,0.538514696034772,0.538514696034772,0.5225188942513396,0.5278510451316833,5094400
1996-10-21,0.5331825613975525,0.5438462126255036,0.5278510612123865,0.5331825613975525,2374400
1996-10-22,0.5278512311278631,0.538514885788448,0.5278512311278631,0.5305169820785522,3318400
1996-10-23,0.5278512311278631,0.5358484839799305,0.5278512311278631,0.5305169820785522,8176000
1996-10-24,0.5331825613975525,0.5331825613975525,0.5278510612123865,0.5331825613975525,2412800
1996-10-25,0.5331824844082196,0.5358482341158795,0.5118551850318909,0.5118551850318909,10492800
1996-10-28,0.5118554751078288,0.5198533796208621,0.4745330054768298,0.4798645079135895,8841600
1996-10-29,0.4745328149420582,0.47986431523810985,0.44254186059285083,0.4585370123386383,11212800
1996-10-30,0.4638692351882853,0.506523847579956,0.45853708321046,0.506523847579956,7708800
1996-10-31,0.49586001890232045,0.517187317546345,0.49586001890232045,0.4985257685184479,3641600
1996-11-01,0.49852588107690804,0.49852588107690804,0.4798643278355573,0.487862229347229,2028800
1996-11-04,0.48786221653981976,0.4905279666878456,0.4585370123386383,0.4585370123386383,8505600
1996-11-05,0.4585369899868965,0.4745327918105886,0.4585369899868965,0.46920064091682434,5043200
1996-11-06,0.48519647733252097,0.5225189328193665,0.47453282564232985,0.5225189328193665,4179200
1996-11-07,0.5065237433255062,0.5278510451316833,0.5011915924451624,0.5278510451316833,4486400
1996-11-08,0.5118552064528592,0.5278510070832871,0.5091894566336386,0.5171873569488525,3654400
1996-11-11,0.5118553469446938,0.5331826530673893,0.5118553469446938,0.5251847505569458,2569600
1996-11-12,0.5225189347542735,0.5278510860479378,0.4851964791292216,0.487862229347229,5974400
1996-11-13,0.49586012902271215,0.5278510840932856,0.48519647733252097,0.5225189328193665,6425600
1996-11-14,0.5171875416093284,0.5171875416093284,0.5011917352676392,0.5011917352676392,2934400
1996-11-15,0.5011915095261953,0.5118551586650505,0.4851963612466581,0.4958600103855133,21254400
1996-11-18,0.4958601087335845,0.5011916089317073,0.4851964574797184,0.4905279576778412,5257600
1996-11-19,0.49052786038734003,0.5011915095261953,0.4851963612466581,0.4958600103855133,1510400
1996-11-20,0.49585997048342895,0.5011914691950826,0.4771984232777629,0.4851963222026825,7782400
1996-11-21,0.47986417263358977,0.4905278209143362,0.47986417263358977,0.4851963222026825,20755200
1996-11-22,0.49052797956523636,0.4958601308589006,0.4851964791292216,0.487862229347229,1840000
1996-11-25,0.48519653972018967,0.5411805555778328,0.48519653972018967,0.5251847505569458,13446400
1996-11-26,0.5305168113049694,0.5438462126255036,0.5278510612123865,0.5331825613975525,10688000
1996-11-27,0.5411804914474487,0.5465119919174696,0.5305168396497535,0.5411804914474487,3900800
1996-11-29,0.5491784128030055,0.5545099134651782,0.5385147606209828,0.5478448867797852,1795200
1996-12-02,0.5438462126255036,0.5465119627180866,0.5278510612123865,0.5331825613975525,3561600
1996-12-03,0.5438461677501827,0.5865007691423539,0.5438461677501827,0.5705056190490723,11395200
1996-12-04,0.5758369791086296,0.5918327761792397,0.5651733313473587,0.5811691284179688,3260800
1996-12-05,0.5811694693351545,0.61849193296446,0.5811694693351545,0.6131604313850403,13814400
1996-12-06,0.575837289203297,0.5918330948878231,0.5598421343765287,0.5865009427070618,7046400
1996-12-09,0.5971643328666687,0.5971643328666687,0.5811691850936184,0.5971643328666687,2227200
1996-12-10,0.5865009427070618,0.6024967483915878,0.5811694413840582,0.5865009427070618,3388800
1996-12-11,0.5705057780347865,0.5811694313545233,0.5518442220108106,0.5651736259460449,3552000
1996-12-12,0.5705056642796474,0.5811693154731211,0.5491783618927002,0.5491783618927002,3904000
1996-12-13,0.538514696034772,0.5571755969719776,0.5225188942513396,0.5278510451316833,3872000
1996-12-16,0.5331826634462424,0.5758372765219419,0.5331826634462424,0.5465120673179626,8108800
1996-12-17,0.5331825596736813,0.5545098620606286,0.5331825596736813,0.5491783618927002,1308800
1996-12-18,0.5598421247150498,0.5838351819700207,0.5545099726263082,0.5651736259460449,3750400
1996-12-19,0.5651735353642563,0.583835088397298,0.5651735353642563,0.5731714367866516,6377600
1996-12-20,0.5785028604852844,0.5785028604852844,0.5438461600586793,0.55184406042099,5289600
1996-12-23,0.5545099699840922,0.5545099699840922,0.5438463167151674,0.5465120673179626,5747200
1996-12-24,0.5465121795445264,0.5465121795445264,0.5438464283943176,0.5438464283943176,454400
1996-12-26,0.543846210867155,0.5545098620606286,0.543846210867155,0.5491783618927002,1238400
1996-12-27,0.5491784687785015,0.5545099699840922,0.5438463167151674,0.5465120673179626,3392000
1996-12-30,0.5465122863512952,0.5598423464232325,0.5331828771373622,0.538515031337738,3126400
1996-12-31,0.5331825613975525,0.5438462126255036,0.5251846602621845,0.5331825613975525,6336000
1997-01-02,0.5278510840932856,0.5331825845095576,0.5171874324030944,0.5225189328193665,2828800
1997-01-03,0.5358483195304871,0.538514720520698,0.525184668142529,0.5358483195304871,5516800
1997-01-06,0.5305167951430557,0.5545098469606052,0.5278510451316833,0.5278510451316833,5750400
1997-01-07,0.565173484660961,0.6078280872768825,0.5598419847627627,0.5758371353149414,48118400
1997-01-08,0.5811694390484325,0.583835189699221,0.5598421321266139,0.5678393840789795,12192000
1997-01-09,0.5705056865984006,0.5731714367866516,0.5598420349877543,0.5731714367866516,10729600
1997-01-10,0.5678392984850616,0.5944987535476685,0.5651735482360981,0.5944987535476685,7219200
1997-01-13,0.58383519204556,0.5971645962108265,0.58383519204556,0.5865009427070618,3264000
1997-01-14,0.5918328338948089,0.5971643328666687,0.5811691850936184,0.5971643328666687,20374400
1997-01-15,0.5971645910673746,0.6078282444792921,0.591833089790292,0.6024967432022095,14921600
1997-01-16,0.6078280099725418,0.6451511079434661,0.6051622603624761,0.6371532082557678,36166400
1997-01-17,0.6398191217516289,0.6744758281320918,0.6344876211658659,0.6504827737808228,19996800
1997-01-20,0.669144183160267,0.674475682595614,0.645151133986151,0.6611462831497192,12800000
1997-01-21,0.663812232503516,0.6771422868158433,0.6504828290489116,0.6664786338806152,12134400
1997-01-22,0.6611464258100165,0.6691443275463288,0.6451512731950597,0.6504827737808228,2038400
1997-01-23,0.6531486458040558,0.6558150474515548,0.6131604313850403,0.6131604313850403,6019200
1997-01-24,0.6078281879425048,0.6478170472320925,0.599830285913049,0.6398191452026367,9286400
1997-01-27,0.6398190398990609,0.6558148413253296,0.6184917385690921,0.6264896392822266,3462400
1997-01-28,0.6398191906156994,0.6878059553407457,0.6291555374387711,0.6718101501464844,19987200
1997-01-29,0.7197968726654124,0.7331262756405534,0.6771422624588013,0.6771422624588013,56617600
1997-01-30,0.6984695754831868,0.7038010763906258,0.6718101183728701,0.6798080205917358,7116800
1997-01-31,0.6718099372901624,0.7117987867480072,0.663812037227087,0.6958029866218567,15753600
1997-02-03,0.7091331109201733,0.7224625118428294,0.6904715591138952,0.6984694600105286,9798400
1997-02-04,0.6931373251206947,0.7144646274321007,0.6824736739649917,0.7038009762763977,8371200
1997-02-05,0.7064667263509198,0.7197967784387594,0.7038009762763977,0.7038009762763977,12739200
1997-02-06,0.7038009324494531,0.7384576338329493,0.7038009324494531,0.7251282334327698,24716800
1997-02-07,0.7277941551896979,0.7437899601329382,0.7224626541137695,0.7224626541137695,11014400
1997-02-10,0.7224626541137695,0.741124209594974,0.7197969035758054,0.7224626541137695,7004800
1997-02-11,0.7224624455819829,0.733126095513608,0.7224624455819829,0.7304603457450867,6742400
1997-02-12,0.7304603366093392,0.7304603366093392,0.6958029866218567,0.6958029866218567,7155200
1997-02-13,0.6958031292368883,0.7038010309392505,0.6824737269713944,0.6851394772529602,7897600
1997-02-14,0.6824737472301475,0.6931373995306186,0.6664785942082831,0.6904716491699219,11142400
1997-02-18,0.6931375867700598,0.6931375867700598,0.6664787742462953,0.6744760274887085,3542400
1997-02-19,0.6744758611776133,0.6931374158574306,0.6744758611776133,0.6771422624588013,5660800
1997-02-20,0.6771420831708148,0.6771420831708148,0.6531483831391715,0.6611462831497192,7344000
1997-02-21,0.6558147837143722,0.6638120328673927,0.6531483831391715,0.6611462831497192,6288000
1997-02-24,0.6611462264939104,0.6718098753083283,0.6451510787010193,0.6451510787010193,6940800
1997-02-25,0.6478172353366531,0.6531487376659202,0.631821426633091,0.6424850821495056,7180800
1997-02-26,0.6398189440369606,0.6878056902684762,0.6398189440369606,0.6824735403060913,8531200
1997-02-27,0.6798077746335096,0.6824735241227462,0.6451510787010193,0.6451510787010193,6160000
1997-02-28,0.6478170234879412,0.6611464258100165,0.6451512731950597,0.6504827737808228,4345600
1997-03-03,0.6424849071827015,0.6504828093564275,0.6424849071827015,0.6438177824020386,2835200
1997-03-04,0.6424849081938526,0.6424849081938526,0.5918330463485115,0.6078281998634338,16518400
1997-03-05,0.6104938378559578,0.6264896392822266,0.6078280879041078,0.6264896392822266,6249600
1997-03-06,0.6264896095661023,0.6291553593915084,0.6078280590731522,0.6184917092323303,2953600
1997-03-07,0.6211575907531369,0.6398191452026367,0.6158260899719608,0.6398191452026367,4656000
1997-03-10,0.6344874501228333,0.6504825984258708,0.6344874501228333,0.6344874501228333,2460800
1997-03-11,0.6504829865012867,0.6691445463694823,0.6344878286556052,0.6424850821495056,6963200
1997-03-12,0.6344875399953609,0.6424847898509108,0.6238238893303766,0.6264896392822266,5158400
1997-03-13,0.6291552792702403,0.6291552792702403,0.5838349345795483,0.5971643328666687,7369600
1997-03-14,0.5998301871909734,0.6344875399953609,0.5944986872872735,0.6264896392822266,7193600
1997-03-17,0.6344877268047782,0.6344877268047782,0.6024967653908677,0.6104940176010132,7769600
1997-03-18,0.6078282444792921,0.6158261472526682,0.591833089790292,0.6024967432022095,4531200
1997-03-19,0.5998303632844418,0.6051625156110976,0.5411805928378831,0.5545099973678589,18134400
1997-03-20,0.5545099973678589,0.5625079004289546,0.5491784958989788,0.5545099973678589,17132800
1997-03-21,0.5625077649888226,0.5651735150814057,0.5198531600770184,0.5331825613975525,10236800
1997-03-24,0.5385147412124384,0.5491783930101336,0.5331825898847639,0.5411804914474487,5859200
1997-03-25,0.5411804706532805,0.5545098721738209,0.5278510691327399,0.5358483195304871,5654400
1997-03-26,0.538514720520698,0.538514720520698,0.525184668142529,0.5358483195304871,5564800
1997-03-27,0.5331827330292414,0.5571757933011001,0.5251848293193456,0.5305169820785522,8585600
1997-03-31,0.5331825864839526,0.5331825864839526,0.48786222934722895,0.487862229347229,6547200
1997-04-01,0.49319370777690263,0.5038573590307688,0.4851964574797184,0.4905279576778412,8118400
1997-04-02,0.49852585883264594,0.49852585883264594,0.4798643064239751,0.4905279576778412,3321600
1997-04-03,0.490528042504213,0.506523847579956,0.4851965413841207,0.506523847579956,3811200
1997-04-04,0.5065237097971557,0.55184406042099,0.4985258094348449,0.55184406042099,12179200
1997-04-07,0.565173633428191,0.5918330925093418,0.5625078827774025,0.5678393840789795,5171200
1997-04-08,0.5651736356995323,0.5891666933685635,0.5651736356995323,0.5865009427070618,3830400
1997-04-09,0.5891666910007981,0.5918330925093418,0.5625078827774025,0.5678393840789795,1916800
1997-04-10,0.5598420349877543,0.5758371869749027,0.551844133565359,0.5731714367866516,3129600
1997-04-11,0.5785030271247372,0.5811694285852761,0.5331826634462424,0.5465120673179626,7731200
1997-04-14,0.5491783981774986,0.5651735505957173,0.5385147462794662,0.559842050075531,4163200
1997-04-15,0.5705055890541009,0.57583708851903,0.5598419392667114,0.562507688999176,1219200
1997-04-16,0.5625079338422794,0.5625079338422794,0.5065239108046744,0.5078567862510681,8556800
1997-04-17,0.5118551586650505,0.5225188078039057,0.4958600103855133,0.4958600103855133,6787200
1997-04-18,0.49852594504208453,0.5118553487000483,0.490528042504213,0.506523847579956,6809600
1997-04-21,0.5118552784491843,0.5198531798893637,0.4558712700832157,0.4612027704715729,8912000
1997-04-22,0.46120275488243645,0.48519645839196246,0.45053910360852106,0.48253005743026733,15568000
1997-04-23,0.48786207155850936,0.4905278209143362,0.4718662737086702,0.4851963222026825,6934400
1997-04-24,0.4931937706953527,0.4931937706953527,0.47486594319343567,0.47486594319343567,1734400
1997-04-25,0.4692006786197912,0.487862231961128,0.45320552636839756,0.4718664288520813,4304000
1997-04-28,0.4692006245005819,0.47719852513259997,0.4638691246509552,0.4638691246509552,1155200
1997-04-29,0.479864174411404,0.479864174411404,0.4665347767254476,0.4705334007740021,1846400
1997-04-30,0.47186642885208135,0.47719858017431455,0.4612027770652679,0.4718664288520813,5609600
1997-05-01,0.4692007734420452,0.5065238876674638,0.46653502267102515,0.5011917352676392,6870400
1997-05-02,0.5118552666219885,0.5411804706532805,0.5118552666219885,0.5358483195304871,8979200
1997-05-05,0.5385149304331746,0.5891668061267946,0.5331827772319142,0.5838353037834167,14876800
1997-05-06,0.5811691850936184,0.5971643328666687,0.5785027847502177,0.5971643328666687,6825600
1997-05-07,0.5865008156410495,0.5865008156410495,0.543846210867155,0.5491783618927002,11427200
1997-05-08,0.5545101922228567,0.5598423464232325,0.538515031337738,0.538515031337738,6956800
1997-05-09,0.5358483507000319,0.5438462524206343,0.5091895461082458,0.5091895461082458,4835200
1997-05-12,0.5118553487000483,0.5251847523580122,0.5038574461621769,0.506523847579956,6118400
1997-05-13,0.5065237433255062,0.538514696034772,0.4958600924224177,0.5278510451316833,7798400
1997-05-14,0.5278510451316833,0.538514696034772,0.5225188942513396,0.5278510451316833,4022400
1997-05-15,0.5225187827451344,0.5278509324875904,0.506523635232687,0.5145208835601807,6912000
1997-05-16,0.5171874324030944,0.5251846830275024,0.5065237807129033,0.5225189328193665,1107200
1997-05-19,0.5225189380870686,0.5465119919174696,0.5118552862893733,0.5411804914474487,3440000
1997-05-20,0.5465119709184452,0.5465119709184452,0.5278510691327399,0.5358483195304871,3488000
1997-05-21,0.5331827729356056,0.5598422370113244,0.5331827729356056,0.5438464283943176,9644800
1997-05-22,0.5438463167151674,0.5545099699840922,0.541180566112372,0.5465120673179626,6457600
1997-05-23,0.5545099726263082,0.5651736259460449,0.5491784713953132,0.5651736259460449,4768000
1997-05-27,0.5545097889442512,0.5838349885739549,0.5545097889442512,0.562507688999176,9993600
1997-05-28,0.5625078003356241,0.5705057019735634,0.5545098986976849,0.559842050075531,3779200
1997-05-29,0.5758371869749027,0.586500838585549,0.5731714367866516,0.5731714367866516,3734400
1997-05-30,0.5678393011489827,0.5838351044331198,0.5678393011489827,0.5785029530525208,3932800
1997-06-02,0.5785028261078765,0.5918328762054443,0.5731713267548632,0.5918328762054443,5132800
1997-06-03,0.591833089790292,0.6158261472526682,0.591833089790292,0.6024967432022095,6294400
1997-06-04,0.599830341705916,0.6158261472526682,0.599830341705916,0.6024967432022095,2620800
1997-06-05,0.6051625281581215,0.61849193296446,0.6024967773684117,0.6131604313850403,4304000
1997-06-06,0.6024967773684117,0.61849193296446,0.6024967773684117,0.6131604313850403,5481600
1997-06-09,0.6078282789478314,0.6211576837541699,0.6051625281581215,0.6131604313850403,4758400
1997-06-10,0.61849193296446,0.6318213377707985,0.6131604313850403,0.6131604313850403,4771200
1997-06-11,0.6184919206689348,0.6184919206689348,0.6104940176010132,0.6104940176010132,924800
1997-06-12,0.6104939614677709,0.6291555166244507,0.6104939614677709,0.6291555166244507,2838400
1997-06-13,0.6291553085680697,0.6424847074758993,0.6238238093479382,0.6371532082557678,4217600
1997-06-16,0.6424846988456059,0.6424846988456059,0.6291553001168259,0.6344874501228333,4323200
1997-06-17,0.6344878286556052,0.6424850821495056,0.6211577711166766,0.6424850821495056,5123200
1997-06-18,0.6424848710880705,0.6424848710880705,0.6291554687858381,0.6331540942192078,5894400
1997-06-19,0.6398191878199209,0.6824738003412489,0.6371534372517716,0.6531485915184021,16435200
1997-06-20,0.6478170207380446,0.687805878392191,0.6451512704564788,0.6851394772529602,23929600
1997-06-23,0.6771422945204021,0.6824737956198167,0.6691443920135498,0.6691443920135498,8534400
1997-06-24,0.6691443995666867,0.6744759007262819,0.6611464969695561,0.6718101501464844,8150400
1997-06-25,0.6638121083715132,0.6664785092499991,0.6291554055272113,0.6318211555480957,6096000
1997-06-26,0.6264897091082023,0.6291554593571659,0.5731714498406458,0.5944987535476685,15987200
1997-06-27,0.5944985833807388,0.6051622321819293,0.5944985833807388,0.5971643328666687,5734400
1997-06-30,0.597164482956135,0.5998302331120663,0.5678392786679877,0.5891665816307068,16224000
1997-07-01,0.5811693541716504,0.5838351044331198,0.5705057022681124,0.5785029530525208,3702400
1997-07-02,0.5758371353149414,0.5785028852640405,0.5705056354167432,0.5758371353149414,3600000
1997-07-03,0.5758371187943111,0.5785028686669305,0.5678392183188877,0.5705056190490723,3833600
1997-07-07,0.5705058924700365,0.5891668013793748,0.5425135528192133,0.5438464283943176,7187200
1997-07-08,0.5491786888804853,0.5651738497656039,0.5331828771373622,0.538515031337738,17766400
1997-07-09,0.5438461960575167,0.5571755969719776,0.5251846442627119,0.5278510451316833,8041600
1997-07-10,0.5278511622406518,0.5465120673179626,0.5278511622406518,0.5465120673179626,4697600
1997-07-11,0.5465119066753835,0.5465119066753835,0.5118552064528592,0.5171873569488525,10864000
1997-07-14,0.5225190000060416,0.5331826530673893,0.5118553469446938,0.5251847505569458,16969600
1997-07-15,0.5278511388494043,0.5571756958961487,0.5278511388494043,0.5571756958961487,12643200
1997-07-16,0.5678393486925234,0.570505750034903,0.5491784444421536,0.5571756958961487,4681600
1997-07-17,0.5491784958989788,0.5598421496945145,0.538514842103443,0.5545099973678589,3670400
1997-07-18,0.5518441119766644,0.5651735132541023,0.5491783618927002,0.5491783618927002,5238400
1997-07-21,0.5518440276277754,0.5918328762054443,0.5411803780642316,0.5918328762054443,10950400
1997-07-22,0.5971645065981273,0.6104939087631347,0.5758372027910513,0.5785029530525208,10064000
1997-07-23,0.5785029371631537,0.5918329898196933,0.5731714367866516,0.5731714367866516,6585600
1997-07-24,0.5731715421843321,0.5918330986489551,0.5571757363981518,0.587833821773529,10028800
1997-07-25,0.6024966989776945,0.6198247277140517,0.5918330463485115,0.6078281998634338,13932800
1997-07-28,0.6131602621948399,0.6184917623031311,0.5944987101006016,0.5998302102088928,8012800
1997-07-29,0.5918331115862309,0.6131604191955045,0.5865009592550244,0.6104940176010132,7232000
1997-07-30,0.6118268255277384,0.6171589772711821,0.5971645472342508,0.6078281998634338,7168000
1997-07-31,0.6104939951178334,0.6131603966141269,0.5971645910673746,0.6024967432022095,3712000
1997-08-01,0.5971645472342508,0.6131603516068777,0.5865008946050677,0.6078281998634338,8025600
1997-08-04,0.6078281998634338,0.6158261020497473,0.6024966989776945,0.6078281998634338,4742400
1997-08-05,0.607828138009089,0.626489690925532,0.607828138009089,0.6238239407539368,8547200
1997-08-06,0.6238239117040222,0.6238239117040222,0.6104938597515167,0.6158260107040405,2835200
1997-08-07,0.6158261548791212,0.6184919055506755,0.5998303491342754,0.605162501335144,6249600
1997-08-08,0.5971643328666687,0.5998300823525986,0.5865006840654782,0.5971643328666687,8009600
1997-08-11,0.5865006840654782,0.5971643328666687,0.5865006840654782,0.5971643328666687,2060800
1997-08-12,0.5918330325108457,0.6024966848907016,0.5865008808920732,0.5951648950576782,4969600
1997-08-13,0.6051622754454948,0.6051622754454948,0.5865007259949138,0.5918328762054443,5571200
1997-08-14,0.5865008558233744,0.5998302580140358,0.5865008558233744,0.5958316326141357,2710400
1997-08-15,0.5944988404288334,0.6024967432022095,0.5944988404288334,0.6024967432022095,4016000
1997-08-18,0.5971643328666687,0.6051622321819293,0.5918328338948089,0.5971643328666687,3328000
1997-08-19,0.5971644586566192,0.6158260107040405,0.5971644586566192,0.6158260107040405,2041600
1997-08-20,0.6184916312362387,0.6584804770046738,0.6131601322577656,0.6451510787010193,24915200
1997-08-21,0.6504829865012867,0.6531487376659202,0.6398193309848721,0.6424850821495056,5024000
1997-08-22,0.639819169448594,0.639819169448594,0.6291555166244507,0.6291555166244507,5184000
1997-08-25,0.6291555593939007,0.6824738271391465,0.6291555593939007,0.6784752011299133,24540800
1997-08-26,0.6798077907536424,0.6878056902684762,0.6664783921339108,0.6824735403060913,11081600
1997-08-27,0.6824735403060913,0.6851392898585402,0.6771420412011935,0.6824735403060913,3920000
1997-08-28,0.6771422624588013,0.6824737633057778,0.6691443603306367,0.6771422624588013,4070400
1997-08-29,0.6771422465087542,0.7024681766507413,0.6771422465087542,0.6904716491699219,6166400
1997-09-02,0.6931374188679368,0.722462626226775,0.6904716684328703,0.7144647240638733,10377600
1997-09-03,0.7117990742549668,0.735792133277839,0.7117990742549668,0.7277942299842834,13756800
1997-09-04,0.7304605127876206,0.7677829706544802,0.7251283611736757,0.7624514698982239,16713600
1997-09-05,0.7677831941965728,0.7784468496715252,0.7624516918880356,0.7771139740943909,14233600
1997-09-08,0.7731149972276822,0.8264332504551919,0.7571191958306377,0.813103199005127,28195200
1997-09-09,0.8051060061681544,0.8397627105054405,0.7997738550390792,0.8290990591049194,18825600
1997-09-10,0.8264331858595217,0.8317646853367604,0.7891100860887214,0.7944422364234924,15964800
1997-09-11,0.7891104409684242,0.7944425937011775,0.7517879752704519,0.7757810354232788,19900800
1997-09-12,0.78111230237376,0.8370969603697176,0.7744479270344526,0.8290990591049194,20764800
1997-09-15,0.8290988381019178,0.8504261352179964,0.8184351895438785,0.8344303369522095,24672000
1997-09-16,0.8290992791605472,0.8477608367789292,0.8211013757729831,0.8424286842346191,15795200
1997-09-17,0.8530922149214839,1.007715504304857,0.8504264644642813,0.966393768787384,108956800
1997-09-18,0.9543970227241516,0.9863879734714825,0.9384012219217066,0.9543970227241516,31785600
1997-09-19,0.959729015827179,0.9703926715585921,0.9384017043643528,0.959729015827179,13004800
1997-09-22,0.9597286128479502,0.9863880664114257,0.9543971126498274,0.9810559153556824,11750400
1997-09-23,0.9917193706693502,0.9917193706693502,0.9330696257896938,0.943733274936676,17091200
1997-09-24,0.9490649168514735,0.9597285676026137,0.9330697661535582,0.9483981132507324,5977600
1997-09-25,0.933069648155504,0.9917193944410031,0.933069648155504,0.9837214946746826,18905600
1997-09-26,0.983722078508385,0.9890542318030384,0.959729015827179,0.959729015827179,14227200
1997-09-29,0.983722078508385,0.9917199830214183,0.9490653600957658,0.959729015827179,25779200
1997-09-30,0.9623943633421004,0.9623943633421004,0.9277376594672131,0.9463992118835449,14316800
1997-10-01,0.943733188526764,0.9623940846822387,0.9330695403561646,0.9370681643486023,6723200
1997-10-02,0.9384011346654937,0.9490647839230562,0.8690877399200873,0.89841228723526,18620800
1997-10-03,0.9037446068505697,0.9703922645001885,0.8997453308427152,0.9463992118835449,21824000
1997-10-06,0.9570627808570863,0.9623942805990152,0.9384012300452051,0.9570627808570862,4582400
1997-10-07,0.9543972371339096,0.9597287380274315,0.9437335844891603,0.9477322101593018,2918400
1997-10-08,0.9517310787715779,0.9570632318839088,0.9437338253898887,0.9490653276443481,14611200
1997-10-09,0.9384012677961534,0.9570628193587701,0.9304033670039475,0.9517306685447693,7148800
1997-10-10,0.9437336053296667,0.9490651063409243,0.9117426466889613,0.9184070229530334,15350400
1997-10-13,0.9170738971122725,0.9277375470786943,0.9064102471458507,0.9144081473350525,5849600
1997-10-14,0.9090759969230707,0.9197396468894925,0.9064102471458507,0.9144081473350525,3836800
1997-10-15,0.9090760488161431,0.9170739494618916,0.8904151484528354,0.895746648311615,6400000
1997-10-16,0.890414994386396,0.8984122427908201,0.8211009522124556,0.8370967507362366,17590400
1997-10-17,0.8317647503491512,0.8370969011006939,0.7757807471746618,0.813103199005127,16566400
1997-10-20,0.8077716319698048,0.8317646812135044,0.8051058822444003,0.8264331817626953,7616000
1997-10-21,0.8344305507883847,0.8744194058431797,0.8290990505718108,0.8610900044441223,12416000
1997-10-22,0.8717534232076408,0.8717534232076408,0.847760376917601,0.8637555241584778,9433600
1997-10-23,0.8370969819152152,0.8557578842032059,0.8237669291782481,0.8530921339988708,5750400
1997-10-24,0.8637557832427105,0.8797515861389903,0.8584242828490469,0.8690879344940186,8374400
1997-10-27,0.8584244441071194,0.8690880977552963,0.7891103699650865,0.7917761206626892,9286400
1997-10-28,0.7651170847980283,0.7757807352800302,0.714464582294126,0.7411240339279175,28076800
1997-10-29,0.7571191925963935,0.7917758943318333,0.7384576413320872,0.743789792060852,26524800
1997-10-30,0.719796761829818,0.7411240636491074,0.6931373091269065,0.6984694600105286,15008000
1997-10-31,0.7144648250668872,0.7304606316539983,0.7091333234430465,0.7277942299842834,14464000
1997-11-03,0.7331262938207874,0.7571193499425665,0.7277941419838833,0.7544535994529724,10192000
1997-11-04,0.7571193259580231,0.7731151301042938,0.7464556734797411,0.7651172280311584,9235200
1997-11-05,0.7677828529608618,0.7891101544319968,0.7677828529608618,0.7811122536659241,10921600
1997-11-06,0.7864445971993151,0.831764961217905,0.7784466944731675,0.8211013078689575,21782400
1997-11-07,0.8051059713048307,0.82909902320263,0.789110169467897,0.8024395704269409,10009600
1997-11-10,0.794442574739888,0.8104377308407344,0.7837789203867205,0.7891104221343994,7369600
1997-11-11,0.7997740236132634,0.7997740236132634,0.7891103699650865,0.7917761206626892,7046400
1997-11-12,0.7891104482624629,0.7917761992245674,0.7744481671130565,0.7784467935562134,12563200
1997-11-13,0.7784465325632584,0.7891101836942619,0.6984694745095383,0.7197967767715454,21580800
1997-11-14,0.7277939242042102,0.7704485227049335,0.7171302745790293,0.7584519982337952,11520000
1997-11-17,0.7784467163169098,0.7971082729156609,0.7677830626687329,0.7917761206626892,11065600
1997-11-18,0.7811125674922099,0.7944426244104555,0.7624516593507966,0.7664502859115601,1334400
1997-11-19,0.7624514734619879,0.767782974243164,0.7384577673736202,0.7464556694030762,3500800
1997-11-20,0.7597850722137082,0.765117223852576,0.7464556694030762,0.7464556694030762,7734400
1997-11-21,0.7491215802243755,0.7651173877089245,0.7491215802243755,0.7597852349281311,4720000
1997-11-24,0.757119441488791,0.757119441488791,0.7144648250668872,0.7277942299842834,3875200
1997-11-25,0.7251283844455613,0.7304605362306335,0.7144647317331265,0.7171304821968079,15804800
1997-11-26,0.7224628501071833,0.7411244106509912,0.7171306967269935,0.7291272282600403,3456000
1997-11-28,0.7304604806982041,0.7437898828609675,0.7251283293185027,0.7357919812202454,1772800
1997-12-01,0.7464556896999586,0.7464556896999586,0.7304605360638141,0.7344591617584229,2531200
1997-12-02,0.7437898291019001,0.7464555791702477,0.7197967767715454,0.7197967767715454,1619200
1997-12-03,0.7171303758455848,0.722462526839893,0.69313732351523,0.7197967767715454,3657600
1997-12-04,0.7251282407965458,0.7651170932607505,0.7197967409253615,0.743789792060852,15280000
1997-12-05,0.7464558079011274,0.7597852131849088,0.7384579043877336,0.7517879605293274,7420800
1997-12-08,0.7544535868771483,0.7864445447921754,0.7464556846839653,0.7864445447921753,13891200
1997-12-09,0.7864445008145371,0.7864445008145371,0.7704486973226495,0.7731150984764099,6652800
1997-12-10,0.7677829784363052,0.7784466309145871,0.7597850763631698,0.7651172280311584,2118400
1997-12-11,0.7517877845016895,0.7651171866644528,0.7304604806982041,0.7357919812202454,2108800
1997-12-12,0.7331261689650007,0.7437898199650095,0.7144646170005843,0.7184632420539856,3123200
1997-12-15,0.7197967213019093,0.733126121474058,0.711798820855595,0.7211295962333679,5881600
1997-12-16,0.7464558047217291,0.794442574739888,0.7304606486208827,0.7891104221343994,20396800
1997-12-17,0.8157697276386007,0.8157697276386007,0.7837787706891983,0.7971081733703613,11104000
1997-12-18,0.7971080932588015,0.802439593452362,0.7517877381830568,0.7571192383766174,10249600
1997-12-19,0.7411241173132581,0.7571192694071205,0.7411241173132581,0.749121367931366,5283200
1997-12-22,0.7571192383766174,0.7624513894277979,0.7517877381830568,0.7571192383766174,12006400
1997-12-23,0.7624514734619879,0.7624514734619879,0.7464556694030762,0.7464556694030762,2108800
1997-12-24,0.7571192940612154,0.7624514455045648,0.7411241414465024,0.7557864189147949,2150400
1997-12-26,0.7517878175280228,0.762451469898224,0.7517878175280228,0.7624514698982239,518400
1997-12-29,0.7677831134280643,0.7891104221343994,0.7584523345118165,0.7891104221343994,3033600
1997-12-30,0.7864445447921754,0.791776045682494,0.7704487404058094,0.7864445447921753,5577600
1997-12-31,0.7944423111588179,0.8211011127679413,0.7891101603224371,0.815769612789154,8409600
1998-01-02,0.81576959980969,0.823766849650629,0.7997737984126454,0.813103199005127,3241600
1998-01-05,0.818435474222905,0.8370970284049457,0.8104375723080758,0.8317648768424988,7436800
1998-01-06,0.8211009389690244,0.8370967372348113,0.8077715409858393,0.8344303369522095,10630400
1998-01-07,0.8370969603697176,0.8397627105054405,0.8184354077043984,0.8290990591049194,4131200
1998-01-08,0.8237671266162372,0.8610902418530011,0.8237671266162372,0.8424286842346191,15168000
1998-01-09,0.847760697150644,0.847760697150644,0.8131033384652867,0.8184354901313782,12316800
1998-01-12,0.8104377308407344,0.8104377308407344,0.7784467677812318,0.7891104221343994,5100800
1998-01-13,0.789110347822115,0.831764961217905,0.789110347822115,0.8211013078689575,9766400
1998-01-14,0.8184352642007586,0.8264331640632129,0.7997737148075372,0.8051058650016785,6368000
1998-01-15,0.7997739355866004,0.8184354901313782,0.7997739355866004,0.8184354901313782,4176000
1998-01-16,0.8344303369522095,0.8344303369522095,0.8157694401187326,0.8344303369522095,3513600
1998-01-20,0.8344305185775723,0.854424945333142,0.8290990185668059,0.8517591953277588,4384000
1998-01-21,0.8450942667126535,0.8530921685068231,0.8104375600814819,0.8104375600814819,15433600
1998-01-22,0.8104374619527732,0.8290990135937157,0.8104374619527732,0.815769612789154,8851200
1998-01-23,0.8317647155002783,0.8317647155002783,0.8024395147394051,0.8197681903839111,6406400
1998-01-26,0.8317647070537403,0.8477605076181639,0.8117702817769855,0.8171024322509766,17808000
1998-01-27,0.8211013531593003,0.8357636332511902,0.794442543745358,0.8357636332511902,6166400
1998-01-28,0.8370971672290785,0.8930811882019043,0.8370971672290785,0.8930811882019043,12422400
1998-01-29,0.882417247807087,0.9010787990279737,0.8770850970907282,0.895746648311615,5193600
1998-01-30,0.8744191726048788,0.8850828210512798,0.8557576251093149,0.8637555241584778,21100800
1998-02-02,0.8797514305584327,0.8850829300092419,0.8157695320035477,0.8264331817626953,24544000
1998-02-03,0.8237671266162372,0.8504265876221831,0.8024398181546012,0.8424286842346191,17932800
1998-02-04,0.8424286842346191,0.863755992696255,0.8344307808470551,0.8424286842346191,8908800
1998-02-05,0.8504264606222295,0.8557579615125482,0.775780892153833,0.7864445447921753,19091200
1998-02-06,0.7944426845419239,0.855758217403863,0.7944426845419239,0.8450945615768433,27888000
1998-02-09,0.8450942667126535,0.8530921685068231,0.8051060594571505,0.8104375600814819,8585600
1998-02-10,0.8131034279590429,0.8131034279590429,0.786444619267484,0.7917761206626892,17401600
1998-02-11,0.7997737359007311,0.8131031354513601,0.781112186015331,0.7944422364234924,8444800
1998-02-12,0.7971081733703613,0.8024396740997524,0.7891102714185894,0.7971081733703613,1331200
1998-02-13,0.794442574739888,0.8024398273614064,0.7784467677812318,0.7891104221343994,8323200
1998-02-17,0.7944426284614766,0.7997741305696809,0.7677831653468937,0.7711157202720642,9926400
1998-02-18,0.7731153143706829,0.7891104714715872,0.7544537553714193,0.7664502859115601,17190400
1998-02-19,0.7677831386704056,0.7677831386704056,0.75711948396665,0.7597852349281311,3721600
1998-02-20,0.7677831098906377,0.7891104184987109,0.7584523310173797,0.7877775430679321,5395200
1998-02-23,0.7891103266724266,0.8131033833500609,0.7837788255697217,0.7957753539085388,4467200
1998-02-24,0.8051060996732461,0.8051060996732461,0.7677829900078985,0.7691158652305603,4265600
1998-02-25,0.7784467677812318,0.7917761730082389,0.7704488643019037,0.7891104221343994,11401600
1998-02-26,0.7864446096063187,0.7917761109360284,0.7464557462024615,0.7704488039016724,12464000
1998-02-27,0.7651171644518613,0.7704486648191204,0.7544535128597016,0.7637842893600464,35731200
1998-03-02,0.7651171763344184,0.781112328542248,0.7571192748016781,0.7677829265594482,6304000
1998-03-03,0.7677830532368175,0.7704488039016724,0.7544536490547846,0.7704488039016724,12889600
1998-03-04,0.7651171763344184,0.7757808280921886,0.7651171763344184,0.7677829265594482,8512000
1998-03-05,0.7571193997196395,0.7757809560891407,0.7517878983899298,0.7704488039016724,4924800
1998-03-06,0.7704486176106748,0.8077717213251192,0.7704486176106748,0.8024395704269409,15017600
1998-03-09,0.7917758191004406,0.8157695188137257,0.7917758191004406,0.8064387440681458,2649600
1998-03-10,0.8104376120362512,0.8211012648262018,0.805106111070133,0.8077718615531921,6723200
1998-03-11,0.8131033384652867,0.8264333922016679,0.8104375880610885,0.8184354901313782,13510400
1998-03-12,0.8157695154851927,0.842428313914488,0.8157695154851927,0.8384296894073486,12336000
1998-03-13,0.8370969433363163,0.8397626934177961,0.8237668912136853,0.825099766254425,4697600
1998-03-16,0.8290991426058661,0.8317648930100644,0.8157697397271799,0.8184354901313782,3084800
1998-03-17,0.8264333302402292,0.8530921339988708,0.8184354287695783,0.8530921339988708,6816000
1998-03-18,0.853092466161583,0.855758217403863,0.8397630590922831,0.8450945615768433,12032000
1998-03-19,0.8557576363116253,0.8610897860333508,0.8424282382934976,0.8504261374473572,9107200
1998-03-20,0.8504267149193029,0.8504267149193029,0.8370973078500031,0.8450945615768433,3961600
1998-03-23,0.8450940805356639,0.8504262308429776,0.8397625810858793,0.8437612056732178,5238400
1998-03-24,0.8450945615768433,0.8504267149193029,0.8370973078500031,0.8450945615768433,16246400
1998-03-25,0.8397629333913652,0.8610902418530011,0.8397629333913652,0.8424286842346191,3968000
1998-03-26,0.8424286442556728,0.8557580486971741,0.8397628935389267,0.847760796546936,2358400
1998-03-27,0.8450940805356639,0.8517591057054238,0.8397625810858793,0.8437612056732178,2009600
1998-03-30,0.8504263619059615,0.8504263619059615,0.8290990591049194,0.8290990591049194,12080000
1998-03-31,0.8264333366560094,0.8290990868810392,0.7197968190783083,0.7677829265594482,54803200
1998-04-01,0.7784464450086296,0.7864443451717333,0.7304603457450867,0.7304603457450867,33875200
1998-04-02,0.7757808160440208,0.7944423690447104,0.7544535128597016,0.7637842893600464,26841600
1998-04-03,0.7677830532368175,0.7744480807567132,0.7357920926852834,0.7704488039016724,30588800
1998-04-06,0.9170741045806162,0.9437335609565718,0.903744701821483,0.9224062561988831,69024000
1998-04-07,0.9170740246772766,0.9197397748253024,0.895746721777805,0.9170740246772766,26227200
1998-04-08,0.9224060861825859,0.9330697365959246,0.9010787853559085,0.9090760350227356,19443200
1998-04-09,0.9117424328030383,0.9224060831816846,0.8904151320457458,0.8904151320457458,6486400
1998-04-13,0.8904151484528354,0.9010787990279737,0.8690878473025588,0.895746648311615,11673600
1998-04-14,0.895746597179429,0.9224060475242544,0.8850829472130072,0.9144081473350525,7171200
1998-04-15,0.9144083498994896,0.9170741002672403,0.9030778938714147,0.9037446975708008,4928000
1998-04-16,0.8904151484528354,0.9010787990279737,0.8850829977364767,0.895746648311615,5177600
1998-04-17,0.8850831466976126,0.8904152983113822,0.8690879935716807,0.8877488970756531,19603200
1998-04-20,0.885083244374569,0.9010790501234716,0.885083244374569,0.899745523929596,5161600
1998-04-21,0.895746964838409,0.8997455911454735,0.8744196561517802,0.8824175596237183,3305600
1998-04-22,0.8770854142190969,0.8904154704009615,0.8770854142190969,0.8850833177566528,1763200
1998-04-23,0.8850831707062269,0.8877489211565781,0.8770852684974669,0.877085268497467,1296000
1998-04-24,0.8770850788880811,0.8797514796197126,0.8384297531414278,0.8397626280784607,7731200
1998-04-27,0.8184355143431428,0.8317649176161526,0.7891103064563498,0.8077718615531921,16185600
1998-04-28,0.8104374619527732,0.8184353627785477,0.805105961973986,0.815769612789154,1129600
1998-04-29,0.821101018295983,0.8357632924082703,0.799773719119464,0.8237667679786682,5299200
1998-04-30,0.8397627660883221,0.8397627660883221,0.8077718097693163,0.8104375600814819,6572800
1998-05-01,0.8104375600814819,0.8157697115634859,0.8104375600814819,0.8104375600814819,3443200
1998-05-04,0.809104493866381,0.8237667679786682,0.809104493866381,0.8237667679786682,8384000
1998-05-05,0.8211012121878172,0.8211012121878172,0.8077718097693163,0.8104375600814819,3491200
1998-05-06,0.8077718256868287,0.8131033264162197,0.7891102714185894,0.7971081733703613,9744000
1998-05-07,0.7997737526893615,0.8104374027252197,0.7997737526893615,0.7997737526893616,3184000
1998-05-08,0.8104374713454078,0.8104374713454078,0.7984409453965081,0.8024395704269409,3696000
1998-05-11,0.8037724946874141,0.8077717708204997,0.7637842893600464,0.7637842893600464,8803200
1998-05-12,0.7651171763344184,0.7704486767844779,0.7517877743516186,0.7677829265594482,13942400
1998-05-13,0.7677830532368175,0.7704488039016724,0.7624515519071078,0.7704488039016724,6131200
1998-05-14,0.7704486397181388,0.7704486397181388,0.7517877381830568,0.7571192383766174,14864000
1998-05-15,0.7571191366526921,0.7944422364234925,0.7571191366526921,0.7944422364234924,15561600
1998-05-18,0.7944423813826991,0.7997738818327585,0.7651171763344184,0.7677829265594482,6764800
1998-05-19,0.7677831941965728,0.7944426583128928,0.7651174430423042,0.7771139740943909,2841600
1998-05-20,0.7704489124723236,0.7784468164517009,0.7651174103913057,0.7664502859115601,2838400
1998-05-21,0.7704486767844779,0.7757808280921886,0.7624514261093888,0.7677829265594482,5820800
1998-05-22,0.7704487286222332,0.7704487286222332,0.7464556732673493,0.7477885484695435,3318400
1998-05-26,0.7544536906768705,0.7597851923007113,0.7251284791723631,0.7277942299842834,9539200
1998-05-27,0.7144647317331265,0.735792037157996,0.7144647317331265,0.7171304821968079,9744000
1998-05-28,0.727793982682235,0.7437897838340246,0.7171303322002331,0.7411240339279175,7616000
1998-05-29,0.7437899106722772,0.7517878126120515,0.6904716491699219,0.6904716491699219,6009600
1998-06-01,0.6958030978595652,0.7038009992012612,0.6798079460338089,0.6931373476982117,8403200
1998-06-02,0.6878059105594126,0.7171304667434132,0.6878059105594126,0.7117989659309387,8227200
1998-06-03,0.7197969537391437,0.7224627044628866,0.68780599248091,0.7011353969573975,4576000
1998-06-04,0.7038010638545315,0.7171304667434132,0.6931374113718871,0.7117989659309387,3820800
1998-06-05,0.7144647163371759,0.7144647163371759,0.7011353134482943,0.7117989659309387,3222400
1998-06-08,0.7117990011041853,0.7304605565853898,0.7038010986325651,0.7224626541137695,9638400
1998-06-09,0.7251283844455613,0.7251283844455613,0.7064668294843731,0.7171304821968079,4358400
1998-06-10,0.7117987867480072,0.7197966868110826,0.6958029866218567,0.6958029866218567,3244800
1998-06-11,0.7038008384406567,0.7064665879931056,0.6798077907536424,0.6824735403060913,3900800
1998-06-12,0.6931375867700598,0.6984697397895288,0.6718102764079041,0.6744760274887085,2694400
1998-06-15,0.6664785744243349,0.687805878392191,0.6664785744243349,0.6851394772529602,2934400
1998-06-16,0.6798081981801307,0.74379013092984,0.6798081981801307,0.738457977771759,9452800
1998-06-17,0.743790027569624,0.7491215291289398,0.7038011624436087,0.7064669132232666,5404800
1998-06-18,0.7091330458818366,0.7357918452821293,0.7038008954872541,0.7304603457450867,7286400
1998-06-19,0.7277943526294689,0.7357922572708014,0.7224628501071833,0.7291272282600403,3785600
1998-06-22,0.7304604845985758,0.7411241365572582,0.7171304315069752,0.7371248602867126,8000000
1998-06-23,0.7437898828609675,0.7517877845016895,0.7357919812202454,0.7357919812202454,30793600
1998-06-24,0.7357919812202454,0.7491213833830088,0.7304604806982041,0.7357919812202454,9654400
1998-06-25,0.7784465325632584,0.7784465325632584,0.6984694745095383,0.7197967767715454,32048000
1998-06-26,0.7251285711633721,0.746455882079942,0.7091334134048835,0.738457977771759,34864000
1998-06-29,0.7357919660435396,0.7717815463979648,0.7304604656314677,0.749121367931366,15084800
1998-06-30,0.7544535362460616,0.7544535362460616,0.6704771959975222,0.6838065981864929,24048000
1998-07-01,0.730460346171299,0.730460346171299,0.6478168964385986,0.6478168964385986,43724800
1998-07-02,0.5678392955128602,0.6051624022336204,0.5171874376170478,0.5411804914474487,122841600
1998-07-06,0.5545097443555029,0.5545097443555029,0.5171872985295449,0.5345153212547302,30310400
1998-07-07,0.5331826126388134,0.5358483629875871,0.5038574062292583,0.5131881833076477,25273600
1998-07-08,0.5251848686271022,0.5465121795445264,0.5171876151764759,0.5438464283943176,16406400
1998-07-09,0.5678392478750662,0.5705056487440376,0.5171873942285948,0.5278510451316833,28995200
1998-07-10,0.527851111941266,0.5358483629875871,0.5038574062292583,0.5131881833076477,19721600
1998-07-13,0.5251847939223885,0.5251847939223885,0.4905280813257745,0.5011917352676392,15081600
1998-07-14,0.5091895981400022,0.5145210992600945,0.5011916956021307,0.506523847579956,24544000
1998-07-15,0.5171872838601387,0.5225187827451344,0.5038572349327289,0.5145208835601807,17433600
1998-07-16,0.5225190017979661,0.5225190017979661,0.4958601944820384,0.506523847579956,23859200
1998-07-17,0.5038572590965362,0.5091894090947096,0.4878621108169991,0.4958600103855133,12377600
1998-07-20,0.4958602563757109,0.5091896616974617,0.4771986984105712,0.5078567862510681,13900800
1998-07-21,0.5011916312949154,0.5065237825885797,0.4851964791292216,0.487862229347229,11731200
1998-07-22,0.4851964791292216,0.4931937297832437,0.4798643278355573,0.487862229347229,18880000
1998-07-23,0.4878622075787798,0.5278510624951829,0.4878622075787798,0.4905279576778412,53868800
1998-07-24,0.5011916089317073,0.5038573590307688,0.4851964574797184,0.4905279576778412,27884800
1998-07-27,0.48786241242662276,0.48786241242662276,0.4585371964507633,0.4798645079135895,17254400
1998-07-28,0.4771985733519317,0.4798643235461103,0.4558712700832157,0.4612027704715729,7126400
1998-07-29,0.4718663909349061,0.4771985418286704,0.45320548995073295,0.46920064091682434,6800000
1998-07-30,0.48252996081882576,0.5038572590965362,0.47719846167814384,0.4958600103855133,14272000
1998-07-31,0.5118553892095038,0.5278511955511931,0.4985259844966191,0.5011917352676392,25305600
1998-08-03,0.5065237792155244,0.5145210298162911,0.48319683781917533,0.5051902532577515,11462400
1998-08-04,0.5011918193764157,0.5198533796208621,0.4745330054768298,0.4798645079135895,10464000
1998-08-05,0.4771985563249137,0.49052795767784124,0.4665349050710476,0.4905279576778412,6364800
1998-08-06,0.4851964758981896,0.5065237792155244,0.4851964758981896,0.5051902532577515,13014400
1998-08-07,0.5011917367286136,0.5278511970898799,0.49852598594982295,0.5198532938957214,12528000
1998-08-10,0.5091894933368786,0.5278510451316833,0.5091894933368786,0.5278510451316833,8656000
1998-08-11,0.5091894178404601,0.5091894178404601,0.49586001890232045,0.4985257685184479,21539200
1998-08-12,0.5038572850513863,0.5171873353047355,0.4931936353632219,0.5118551850318909,8400000
1998-08-13,0.5171874478288483,0.5251846986917842,0.5011916443876434,0.5091895461082458,14025600
1998-08-14,0.5065236595243685,0.5145209082353914,0.48919498560216956,0.4958600103855133,9424000
1998-08-17,0.4958601810690113,0.5011916820448864,0.4878622787474832,0.49386054277420044,11228800
1998-08-18,0.5011914691950826,0.5011914691950826,0.48386279666733006,0.4851963222026825,8880000
1998-08-19,0.49052797956523636,0.49052797956523636,0.4851964791292216,0.487862229347229,16889600
1998-08-20,0.4905278227316574,0.4905278227316574,0.46386902735974456,0.4705334007740021,7014400
1998-08-21,0.4731994790097461,0.4798645079135895,0.45587144523238343,0.4798645079135895,3840000
1998-08-24,0.4878622249862897,0.4905279751804683,0.4612027704715729,0.4612027704715729,5180800
1998-08-25,0.4745327672785419,0.4745327672785419,0.443874691082738,0.4452075660228729,6358400
1998-08-26,0.44254175606488944,0.4478732551016459,0.4345438566522761,0.4372096061706543,9795200
1998-08-27,0.42388034033607863,0.42388034033607863,0.39455513388682634,0.4158824384212494,12787200
1998-08-28,0.41854816608778544,0.41854816608778544,0.39988726377487177,0.3998872637748718,4544000
1998-08-31,0.3998873793755635,0.40788463231112004,0.3865573227672989,0.38922372460365295,10560000
1998-09-01,0.3998872632407938,0.43054469230593784,0.3838914602994919,0.4265460669994354,15398400
1998-09-02,0.4238803167951005,0.4398754688787563,0.4185481655287845,0.4265460669994354,9865600
1998-09-03,0.41588253610451176,0.42388043989790347,0.3838915717887801,0.38922372460365295,9657600
1998-09-04,0.3998871828325263,0.40521868216915224,0.3918892829700721,0.40255293250083923,9772800
1998-09-08,0.4158825250535804,0.4452077376115566,0.4105510232382127,0.4425419867038727,8080000
1998-09-09,0.4478733159031427,0.4745327672785419,0.4452075660228729,0.4452075660228729,15913600
1998-09-10,0.4452075799888048,0.4452075799888048,0.42388027856248583,0.4318781793117523,8259200
1998-09-11,0.431878122970247,0.5038572677507027,0.42921172249661704,0.4985257685184479,14272000
1998-09-14,0.506523635232687,0.5385145811150421,0.5011914854902311,0.5145208835601807,12947200
1998-09-15,0.5118555620518678,0.538515031337738,0.4985261528379348,0.538515031337738,21875200
1998-09-16,0.5411804460461443,0.5518440969492329,0.5225188942513396,0.5278510451316833,9731200
1998-09-17,0.5198531442399672,0.5745042737610961,0.5065237433255062,0.5278510451316833,17833600
1998-09-18,0.5358482565409489,0.5385146572177216,0.5065237068144179,0.5171873569488525,5116800
1998-09-21,0.5118552550726096,0.5411804584422147,0.5038573539976966,0.5318496823310852,7836800
1998-09-22,0.5305167396370076,0.5851678634401872,0.5305167396370076,0.562507688999176,30355200
1998-09-23,0.5678393022418518,0.5998302580140358,0.5651735519752518,0.5958316326141357,17577600
1998-09-24,0.5971647056878782,0.6024968588461729,0.5438464283943176,0.5438464283943176,28480000
1998-09-25,0.5571757205868876,0.5678393738558124,0.5278511622406518,0.5465120673179626,27187200
1998-09-28,0.5545098289912689,0.5545098289912689,0.5038573261286335,0.523851752281189,33859200
1998-09-29,0.5118552601855735,0.5198531613403782,0.4798643064239751,0.4905279576778412,23680000
1998-09-30,0.48519647479211114,0.4905279751804683,0.4558712700832157,0.4612027704715729,9334400
1998-10-01,0.455871313891429,0.4771986192096513,0.43720975902355785,0.4385426342487335,10550400
1998-10-02,0.4318782581228554,0.4425419107819666,0.41055095280463305,0.4385426342487335,10819200
1998-10-05,0.4292118549346924,0.4398755075470928,0.41588245188361767,0.4292118549346924,9820800
1998-10-06,0.43720988476542294,0.4692008519433807,0.4292119802564601,0.44120851159095764,15468800
1998-10-07,0.44520770572297874,0.44520770572297874,0.41854824598220475,0.423880398273468,6643200
1998-10-08,0.41188379056804736,0.41854816608778544,0.39188936229353905,0.3998872637748718,9203200
1998-10-09,0.4052186593776796,0.4398753556890325,0.4052186593776796,0.4372096061706543,5971200
1998-10-12,0.45053907408519733,0.4585369747309458,0.4425418242970279,0.4478733241558075,4073600
1998-10-13,0.45587125610027557,0.45587125610027557,0.43987545371055603,0.43987545371055603,3529600
1998-10-14,0.4425419479394377,0.4731993824080018,0.43720979573332164,0.4678678810596466,5376000
1998-10-15,0.474532924078413,0.5438463490140589,0.4638692701761766,0.5285173058509827,22361600
1998-10-16,0.5278512311278631,0.5491785404490328,0.5118554237080717,0.5305169820785522,6361600
1998-10-19,0.5225189870223597,0.573171500519568,0.5171874860530296,0.5571756958961487,15555200
1998-10-20,0.5691722777508236,0.6371534775414933,0.5571757485778291,0.6104940176010132,33968000
1998-10-21,0.6051621731664765,0.6078279223924424,0.5811691284179688,0.5811691284179688,13484800
1998-10-22,0.5811694693351545,0.6238240854016689,0.5811694693351545,0.6131604313850403,11376000
1998-10-23,0.6104939503063035,0.6104939503063035,0.5971645472342508,0.6078281998634338,2841600
1998-10-26,0.5944986110647122,0.6371532082557678,0.5891664609870798,0.6371532082557678,5705600
1998-10-27,0.6344873672243234,0.6451510149855942,0.5811691284179688,0.5811691284179688,10156800
1998-10-28,0.5705057019735634,0.5785029527538429,0.5558427738277315,0.559842050075531,3865600
1998-10-29,0.5651733864630972,0.5998300823525986,0.5545097376619067,0.5971643328666687,24444800
1998-10-30,0.6078282520066982,0.6078282520066982,0.5971645984627211,0.605162501335144,14172800
1998-11-02,0.6104939133654639,0.6851394772529602,0.6078281630838982,0.6851394772529602,19692800
1998-11-03,0.6691443679191506,0.6851395214991749,0.6451513121202606,0.6798080205917358,10457600
1998-11-04,0.6798080450701094,0.685139546169524,0.6504828364501378,0.6691443920135498,7190400
1998-11-05,0.6664784334425935,0.6678113083014302,0.6424847334109501,0.6611462831497192,2809600
1998-11-06,0.6638123723076307,0.6904718356892554,0.6611466212268262,0.6744760274887085,12867200
1998-11-09,0.6998025924965788,0.7011354679934916,0.6371535389946446,0.657814085483551,21350400
1998-11-10,0.6478168488516133,0.6558147484318781,0.6318210496910833,0.6344874501228333,3472000
1998-11-11,0.6424848023560343,0.6424848023560343,0.6131602505997519,0.6304882764816284,6742400
1998-11-12,0.6291554117989381,0.6291554117989381,0.6051623596566009,0.6158260107040405,3459200
1998-11-13,0.6238240854016689,0.6291555869810886,0.6131604313850403,0.6131604313850403,7785600
1998-11-16,0.6158259013880458,0.6478168488516133,0.6131601518137884,0.6344874501228333,6268800
1998-11-17,0.6318212032867906,0.6344876043667425,0.6118267749042298,0.6278225779533386,9974400
1998-11-18,0.6278224429940783,0.6558147668838501,0.6238238185201869,0.6558147668838501,3328000
1998-11-19,0.6584806037149994,0.6864722804533184,0.6531484528529978,0.6811407804489136,7145600
1998-11-20,0.6811407509164537,0.6824736258597649,0.6691442255690835,0.6731428503990173,8496000
1998-11-23,0.6744757545858108,0.6878058063120165,0.6718100045836083,0.6811407804489136,4758400
1998-11-24,0.6811409280335139,0.6878059553407457,0.6664786489868891,0.6718101501464844,6384000
1998-11-25,0.6718100045836083,0.6878058063120165,0.6664785045792035,0.6811407804489136,3977600
1998-11-27,0.6878059228106015,0.6878059228106015,0.6718101183728701,0.6798080205917358,1193600
1998-11-30,0.6798080856702544,0.687805988654765,0.6611465289923192,0.6638122797012329,3171200
1998-12-01,0.6611464657002849,0.6824737710454554,0.6558149647928458,0.6798080205917358,4556800
1998-12-02,0.6744758677338085,0.723795505336248,0.6744758677338085,0.7157976031303406,9116800
1998-12-03,0.7144645364831885,0.7197966868110826,0.6931372368866754,0.6958029866218567,6582400
1998-12-04,0.6931372625524177,0.7144645629386459,0.663812061806965,0.6864722371101379,7894400
1998-12-07,0.6851393621931932,0.6878057628846386,0.6718099621661895,0.6864722371101379,2556800
1998-12-08,0.687805878392191,0.687805878392191,0.6771422264082629,0.6851394772529602,3088000
1998-12-09,0.6744758568128355,0.7117989659309387,0.6744758568128355,0.7117989659309387,6668800
1998-12-10,0.7131317359396903,0.7331261627524741,0.6984694600105286,0.6984694600105286,6432000
1998-12-11,0.6958030712042398,0.709133123215621,0.6878058210265439,0.7024680972099304,2048000
1998-12-14,0.6851392898585402,0.6958029389258229,0.6824735403060913,0.6824735403060913,2697600
1998-12-15,0.6824738271391465,0.6931374806881957,0.6771423257935022,0.6784752011299133,3177600
1998-12-16,0.679807897106827,0.7917759044014916,0.6771421471373323,0.7811122536659241,17660800
1998-12-17,0.7811124060643456,0.789110308390844,0.7437899466368799,0.7544535994529724,18873600
1998-12-18,0.7517879605293274,0.7677831166983025,0.7464558079011274,0.7517879605293274,14000000
1998-12-21,0.7571193997196395,0.7757809560891407,0.7571193997196395,0.7704488039016724,11939200
1998-12-22,0.7624514776260117,0.7757808805094404,0.7544535755528764,0.7651172280311584,3916800
1998-12-23,0.7651171738252844,0.7891102274871713,0.7651171738252844,0.783778727054596,3187200
1998-12-24,0.781112186015331,0.8264331858595217,0.781112186015331,0.7944422364234924,5440000
1998-12-28,0.7997738387651352,0.8290990422342609,0.7917759376630799,0.825099766254425,2924800
1998-12-29,0.8237668271189338,0.8504262784322902,0.8051059271429064,0.8397626280784607,5686400
1998-12-30,0.8317646678842425,0.8424283174725021,0.8184352686132979,0.8237667679786682,5152000
1998-12-31,0.8317650735947489,0.8930812513498466,0.8251000452795126,0.8757525682449341,10348800
1999-01-04,0.8744196054299388,0.9037448158874589,0.8450943949724188,0.847760796546936,13932800
1999-01-05,0.8530921813769219,0.8557579317293041,0.8211012245752872,0.8317648768424988,10604800
1999-01-06,0.8317648794930346,0.8317648794930346,0.8211012271918418,0.8297652006149292,6883200
1999-01-07,0.8237667811797614,0.8264331817626953,0.8104373816952094,0.8264331817626953,9552000
1999-01-08,0.811770605527582,0.8877490613664709,0.811770605527582,0.8824175596237183,12032000
1999-01-11,0.8744194373488426,0.8770851875531777,0.8450942325282199,0.8530921339988708,6614400
1999-01-12,0.8450943580818361,0.863755913999975,0.839762856881078,0.855758011341095,7097600
1999-01-13,0.8397628639440526,0.8477607666702004,0.8184355572461577,0.8211013078689575,8067200
1999-01-14,0.8290988538545099,0.831764603330304,0.8184352050938649,0.8224338293075562,13491200
1999-01-15,0.8184356402785874,0.8850833177566528,0.8184356402785874,0.8850833177566528,11552000
1999-01-19,0.8770851970431878,0.9010789017147511,0.8637557950196436,0.8730865716934204,12185600
1999-01-20,0.8637555354654849,0.8744191840514786,0.8504261374473572,0.8504261374473572,7593600
1999-01-21,0.8530919624613731,0.8530919624613731,0.8024394644758502,0.8051058650016785,8099200
1999-01-22,0.8024395024839395,0.8037723773812285,0.7837786030643473,0.7997737526893616,3500800
1999-01-25,0.7997739277650835,0.7997739277650835,0.7517878175280228,0.7624514698982239,2691200
1999-01-26,0.7624515013678094,0.8797516822814943,0.7624515013678094,0.8797516822814941,17430400
1999-01-27,0.8770855290579026,0.9010792428121218,0.8424288103345632,0.8450945615768433,12252800
1999-01-28,0.8584244753004208,0.8984126897908448,0.8557580736481603,0.8930811882019043,14329600
1999-01-29,0.9010788729314891,0.9277376761270124,0.8930809716297792,0.9170740246772766,8086400
1999-02-01,0.8850831695691161,0.946399334994656,0.8797516686752633,0.9304035305976868,15420800
1999-02-02,0.9224061308675573,0.9410670318517305,0.9104089540709879,0.9384012818336487,7372800
1999-02-03,0.9224062123529589,0.9463992663504437,0.915741185861365,0.9277377128601074,6585600
1999-02-04,0.919740040452108,0.9330700967573076,0.9144085386162846,0.925072193145752,2265600
1999-02-05,0.9237392749116826,0.9277379011033879,0.8930811882019043,0.8930811882019043,8288000
1999-02-08,0.8930809618046786,0.9137414608324319,0.8917480867453291,0.897079586982727,2576000
1999-02-09,0.8904156124263015,0.8957471150631948,0.8317651782729666,0.8330980539321899,4931200
1999-02-10,0.8317648306488992,0.8770851875531777,0.8237669291782481,0.8530921339988708,8451200
1999-02-11,0.8744196309250323,0.8957469389963746,0.8570909490453954,0.8930811882019043,3625600
1999-02-12,0.893080879847608,0.893080879847608,0.8397626280784607,0.8397626280784607,4396800
1999-02-16,0.8477606427629213,0.8770851970431878,0.8397627412057335,0.8730865716934204,6262400
1999-02-17,0.8530920516401551,0.8744193529311589,0.7997737984126454,0.813103199005127,5702400
1999-02-18,0.818435474222905,0.834430627194881,0.7944424193360996,0.8317648768424988,3545600
1999-02-19,0.8184356343200626,0.8397629430263978,0.7811125186550713,0.7891104221343994,4896000
1999-02-22,0.7891101357916455,0.8184353373361338,0.7811122352144989,0.8091045618057251,12710400
1999-02-23,0.8131033203410619,0.9064104401274227,0.7971081674147124,0.9010789394378662,12489600
1999-02-24,0.8930808983822253,0.9224061001782502,0.8317647448607853,0.895746648311615,34793600
1999-02-25,0.9010789394378662,0.9224062439114527,0.8504264285986785,0.9010789394378662,21948800
1999-02-26,0.906410488878474,0.906410488878474,0.863755877637134,0.8797516822814941,4105600
1999-03-01,0.8890817118279019,0.8984124883744576,0.8184354264659918,0.8690879344940186,26684800
1999-03-02,0.8797515569173763,0.9024117345530607,0.8610900044441222,0.8610900044441223,14745600
1999-03-03,0.9010787948956356,0.9224060959481053,0.8744193431512604,0.8944137692451477,25219200
1999-03-04,0.9037446498362361,1.055701524779475,0.8957467482977364,1.0290427207946777,90041600
1999-03-05,1.0290424046336881,1.0903578953033302,0.9970514591661762,1.0890250205993652,37792000
1999-03-08,1.0756962452437229,1.0756962452437229,1.0557018113978978,1.0610339641571045,34979200
1999-03-09,1.0583672443666947,1.0583672443666947,1.0370399414532216,1.055701494216919,15772800
1999-03-10,1.0610336759469476,1.1076869083428338,1.0583672748627087,1.09968900680542,27142400
1999-03-11,1.1076873563645961,1.1076873563645961,1.07436351248094,1.0923583507537842,10720000
1999-03-12,1.087692579303821,1.087692579303821,1.0477037188208704,1.058367371559143,8886400
1999-03-15,1.0663654010614487,1.0663654010614487,1.0343744390296055,1.0410394668579102,8432000
1999-03-16,1.045038156737313,1.0903585263303415,1.0397066548359348,1.0610339641571045,10889600
1999-03-17,1.0636996217058832,1.1303472947678466,1.06103387098927,1.1063542366027832,16630400
1999-03-18,1.1090194753238134,1.207658064020458,1.1063537258378835,1.1943286657333374,39571200
1999-03-19,1.1836655433814651,1.2263201575573737,1.1783340420383566,1.210325002670288,43408000
1999-03-22,1.1090198342887319,1.1090198342887319,0.9783902569066429,1.0263763666152954,82348800
1999-03-23,1.0130468691172807,1.0130468691172807,0.9570628627488889,0.9810559153556824,50912000
1999-03-24,0.9757245139535734,0.9997175689897599,0.9730581127269078,0.9930525422096252,26057600
1999-03-25,0.9970516215143768,1.0157125212658586,0.9903865960518461,1.0050488710403442,13753600
1999-03-26,1.005049049950626,1.0170455772326548,0.9783902450700452,0.9863881468772888,16038400
1999-03-29,0.9850544562173431,0.9863879820103901,0.9517306302575924,0.9570627808570862,11110400
1999-03-30,0.9543973912356426,0.970392547356571,0.9517309895006458,0.9583960175514221,21852800
1999-03-31,0.9677262988525199,0.9810556972419823,0.957062649969455,0.9703920483589172,12483200
1999-04-01,0.9677267964793846,0.9730582982337572,0.9503981140620527,0.9583960175514221,3993600
1999-04-05,0.9570632318839088,0.9690597628143142,0.9463995765171185,0.9490653276443481,2582400
1999-04-06,0.9543969974235197,0.9597284969779596,0.9144081473350525,0.9144081473350525,7177600
1999-04-07,0.9144085386162846,0.9317365704405313,0.8930812295573497,0.925072193145752,15430400
1999-04-08,0.9224062199761366,0.933069871936221,0.9037446663315729,0.9117425680160522,9897600
1999-04-09,0.9157412293904719,0.9224062561988831,0.9090762025820607,0.9224062561988831,3833600
1999-04-12,0.9117427383570358,0.9117427383570358,0.9010790844046599,0.9104092121124268,3465600
1999-04-13,0.9104088187916809,0.9330696431509649,0.903744444736748,0.9137412905693054,9110400
1999-04-14,0.9130752117503449,0.9144080865503529,0.89841228723526,0.89841228723526,6259200
1999-04-15,0.8984127157097853,0.9077434946174116,0.8824175596237183,0.8824175596237183,11756800
1999-04-16,0.8810844612374062,0.8824173363358222,0.8557578817945707,0.8690879344940186,9136000
1999-04-19,0.8690880155072377,0.8744195163978845,0.7651172395625752,0.7691158652305603,12358400
1999-04-20,0.773115271662128,0.8957469721874558,0.7651173681245721,0.8850833177566528,28176000
1999-04-21,0.9037447010592735,0.9037447010592735,0.8797516459415314,0.8877488970756531,3891200
1999-04-22,0.8984124985136974,0.9224062031289035,0.890415247832947,0.9077432751655579,6217600
1999-04-23,0.8984129043382582,0.9170744660716443,0.8557582780093445,0.8650890588760376,2582400
1999-04-26,0.8610900330458787,0.8744194348876823,0.8584242828490469,0.8690879344940186,1260800
1999-04-27,0.9090761070508813,0.9650607642998769,0.8984124557926374,0.9463992118835449,19510400
1999-04-28,0.9517307270240734,0.9543971280237068,0.9277376740307882,0.9330698251724243,10883200
1999-04-29,0.9384014093383051,0.9384014093383051,0.8984125502032163,0.9224062561988831,9977600
1999-04-30,0.9357356776154211,0.9943854414396238,0.9130754972157721,0.9823889136314392,66259200
1999-05-03,0.9797234516808152,0.983722078508385,0.9570632646087991,0.959729015827179,14377600
1999-05-04,0.9583957381918667,0.9703922645001885,0.9437334617833892,0.9463992118835449,34150400
1999-05-05,0.949064880386628,0.9650606813275445,0.9437333806446989,0.9570627808570862,7529600
1999-05-06,0.967726627618654,0.9783902801244857,0.959728725524856,0.9623944759368896,4604800
1999-05-07,0.965060830116272,0.9703923306801877,0.9543971781307754,0.965060830116272,4796800
1999-05-10,0.9677266402254198,0.9690595154488003,0.9477322101593018,0.9477322101593018,14128000
1999-05-11,0.9523975827010421,1.021044842504137,0.9384013767258004,1.0183790922164917,16470400
1999-05-12,1.0223780282085766,1.0223780282085766,0.9970520910675306,1.0037164688110352,4627200
1999-05-13,1.0050492213062983,1.015712875248163,0.9970519689932382,1.0023834705352783,3824000
1999-05-14,0.9970515445710526,0.9997172942073236,0.9783899954021407,0.9837214946746826,5292800
1999-05-17,0.9810560108512961,0.9970518147179309,0.9810560108512961,0.991719663143158,1926400
1999-05-18,0.9970513862742445,0.9970513862742445,0.9810555892811754,0.98905348777771,3174400
1999-05-19,0.9943857864692187,1.0183795012685717,0.986388532394029,1.0170459747314453,2563200
1999-05-20,1.017045543058102,1.031708471021627,1.0023832659522287,1.0290427207946777,3267200
1999-05-21,1.0130469509331956,1.0237106030482819,0.9677265921584972,0.9690594673156738,4112000
1999-05-24,0.9703922797333532,0.9863880823006306,0.9330698251724243,0.9330698251724243,14819200
1999-05-25,0.9330700967573076,0.943733751286775,0.92440538930875,0.925072193145752,5728000
1999-05-26,0.9250721553953217,0.9277379062044492,0.8930811931124096,0.9130756258964539,7817600
1999-05-27,0.9170742470677168,0.9170742470677168,0.8730867555277972,0.8930811882019043,4579200
1999-05-28,0.8904153213206744,0.9437335845477296,0.8850831695691161,0.9304035305976868,10396800
1999-06-01,0.9250719626065331,0.9384013647320627,0.9250719626065331,0.9277377128601074,9196800
1999-06-02,0.9290703602079393,0.9330696354654618,0.8890815127777055,0.89841228723526,7312000
1999-06-03,0.906410451437314,0.906410451437314,0.8744194943277618,0.8877488970756531,8345600
1999-06-04,0.885083244374569,0.9037448007957019,0.8810846183662236,0.899745523929596,5686400
1999-06-07,0.9037446478585639,0.9530636303798092,0.887748844816568,0.9423999786376953,5846400
1999-06-08,0.9463992093321487,0.9863880641571624,0.9330698080096839,0.9637272357940674,9110400
1999-06-09,0.9650608898385516,0.9650608898385516,0.9277377801507604,0.9304035305976868,8524800
1999-06-10,0.9277375681191389,0.9277375681191389,0.9197396677485502,0.9210725426673889,2748800
1999-06-11,0.9277375470786943,0.942399821710946,0.9130752724464425,0.9144081473350525,4345600
1999-06-14,0.9117428904647669,0.959729015827179,0.9117428904647669,0.959729015827179,4438400
1999-06-15,0.9597285576683077,1.0170454357907934,0.9517306569733427,0.9983845353126526,8326400
1999-06-16,1.0183792552242255,1.0530359670839697,1.0157128536521138,1.050370216369629,16774400
1999-06-17,1.0397060960953073,1.0716970428850479,1.0183787982354802,1.0690306425094604,13372800
1999-06-18,1.0663655458712111,1.0983565122473475,1.0650326702961068,1.0876928567886353,13206400
1999-06-21,1.0876921908511787,1.0876921908511787,1.0650320182322974,1.0690306425094604,5718400
1999-06-22,1.066364699357915,1.0690304483919697,1.0450374053707567,1.0670315027236938,4716800
1999-06-23,1.0557014635872575,1.0690308648070364,1.0463706874761278,1.0636993646621704,4764800
1999-06-24,1.0663651690191152,1.0716973202930344,1.0237105622583507,1.045037865638733,5737600
1999-06-25,1.0450379772078215,1.0503701290510055,1.029042823393703,1.042372226715088,1440000
1999-06-28,1.0317086845972843,1.047703840127815,1.0290429338184937,1.0397065877914429,1657600
1999-06-29,1.0290428421301652,1.0530358987170587,1.0290428421301652,1.0490366220474243,6140800
1999-06-30,1.063699476832965,1.1543401957149773,1.063699476832965,1.1143519878387451,36012800
1999-07-01,1.114352034983398,1.127681438172733,1.079694675490333,1.1116856336593628,5619200
1999-07-02,1.1143519187413642,1.1623380255604516,1.103688267130718,1.1463428735733032,9174400
1999-07-06,1.146342774799951,1.162337925408895,1.1330127232919804,1.15300714969635,5948800
1999-07-07,1.150341052833386,1.1530068019880448,1.1356787816253726,1.1396774053573608,3926400
1999-07-08,1.1303470707285126,1.1570065251839496,1.1303470707285126,1.1463428735733032,6982400
1999-07-09,1.1463427367359045,1.162337886813733,1.1463427367359045,1.158339262008667,5692800
1999-07-12,1.167670302122257,1.167670302122257,1.1396779695682389,1.14767587184906,6656000
1999-07-13,1.1450093334342155,1.2156562685510077,1.1450093334342155,1.2116576433181763,35523200
1999-07-14,1.2129905982896103,1.239649403312974,1.1943290442586496,1.2356507778167725,14931200
1999-07-15,1.2409820620261083,1.295633839421219,1.2383163121602678,1.292967438697815,19174400
1999-07-16,1.2823038643074514,1.3142948171645454,1.2823038643074514,1.296966791152954,8540800
1999-07-19,1.3009653194197293,1.3009653194197293,1.2289855181308886,1.2369834184646606,14771200
1999-07-20,1.2409822510629636,1.247647277600401,1.2316521251112786,1.2449815273284912,6588800
1999-07-21,1.2369836256550986,1.2556451792737937,1.2316521251112786,1.2449815273284912,8585600
1999-07-22,1.2316522364711864,1.2369837374970543,1.1943291258592248,1.2076585292816162,12230400
1999-07-23,1.2076587001713694,1.2156566036996361,1.1809998895542315,1.1863313913345337,4416000
1999-07-26,1.1836653772869514,1.1863311275844417,1.1356792685014498,1.143676519393921,23801600
1999-07-27,1.1490085218664596,1.258310778468153,1.1303469704883409,1.2529792785644531,26902400
1999-07-28,1.266308703100169,1.4155998152298597,1.2569779272348636,1.3622815608978271,80128000
1999-07-29,1.3542839482223752,1.486246330346672,1.3222929888155475,1.456921935081482,52688000
1999-07-30,1.4369270154097913,1.6555315172927472,1.4076018148852933,1.6528657674789429,124396800
1999-08-02,1.6315392787312275,1.6661959961205268,1.580886752788175,1.6035468578338623,50784000
1999-08-03,1.5995481911522114,1.61820974943011,1.508907452415832,1.5515620708465576,43820800
1999-08-04,1.5275677544473707,1.5982147636541415,1.5195705048043588,1.5808860063552856,29452800
1999-08-05,1.5755547099249472,1.5808862103750065,1.4902454958627862,1.5355658531188965,38320000
1999-08-06,1.4929110272397415,1.5395641714122055,1.4929110272397415,1.5222362279891968,38355200
1999-08-09,1.5035750242448234,1.514238676899042,1.4222643473275536,1.4662525653839111,34566400
1999-08-10,1.4449249535339757,1.4889125114006467,1.404936101849883,1.4635858535766602,20105600
1999-08-11,1.4529223008494359,1.535565759656461,1.4529223008494359,1.5315672159194946,31849600
1999-08-12,1.538231257931266,1.572888606504886,1.5355655083048354,1.5448963642120361,23955200
1999-08-13,1.5702226767257994,1.6368709933682353,1.5702226767257994,1.6355373859405518,29155200
1999-08-16,1.6342047134469562,1.7435076484460867,1.6288732121999367,1.7328439950942993,30441600
1999-08-17,1.7408407641493968,1.7621680649379272,1.6315385103225708,1.6315385103225708,31942400
1999-08-18,1.6395367306669546,1.6795255901607082,1.600880665018088,1.6368709802627563,15020800
1999-08-19,1.6315384128360513,1.6915217681484942,1.5995474635647562,1.6875224113464355,9731200
1999-08-20,1.6928546905247555,1.7754981451480023,1.690188940596929,1.7408407926559448,23996800
1999-08-23,1.748839074614801,1.786162185172636,1.7461733241057331,1.7834957838058472,19417600
1999-08-24,1.770166370453768,1.780830023287827,1.7488390647856504,1.7655010223388672,23548800
1999-08-25,1.7701658473652373,1.7728315970715869,1.723512705431211,1.7555036544799805,27155200
1999-08-26,1.7595029117557561,1.77283231655461,1.7221804481474072,1.7421741485595703,13952000
1999-08-27,1.743507353819862,1.748838854165939,1.7088499981398082,1.7235130071640015,14937600
1999-08-30,1.7301776586803765,1.7408413124331952,1.7168482542037964,1.7168482542037964,11404800
1999-08-31,1.7181810903943626,1.7221804487931942,1.660864275494569,1.662197232246399,26003200
1999-09-01,1.663529383117907,1.7141818828182531,1.663529383117907,1.6768587827682495,23235200
1999-09-02,1.6741932698818056,1.6955205726828477,1.6555317172164865,1.6581981182098389,8841600
1999-09-03,1.6875229005355012,1.8341482899146166,1.6875229005355012,1.7808300256729126,19011200
1999-09-07,1.7728318306063984,1.991437003331904,1.7701660805488901,1.9701097011566162,56480000
1999-09-08,1.9287888271826867,1.9514489321226485,1.872804799221505,1.8981306552886963,29155200
1999-09-09,1.9181248752860276,2.0367578601872007,1.8101553813886693,1.8261505365371704,55398400
1999-09-10,1.8448115494989215,1.8608073507904184,1.7541708450390356,1.79149329662323,33011200
1999-09-13,1.7861622958028163,1.8954645820217066,1.7861622958028163,1.8714715242385864,15084800
1999-09-14,1.874137125159938,1.938119041374294,1.867472016792088,1.9134591817855835,23974400
1999-09-15,1.9194573014974596,1.9407846048474313,1.6981863665270909,1.7061842679977417,35740800
1999-09-16,1.719512977866061,1.7408402726329497,1.6155429040205163,1.6821905374526978,30937600
1999-09-17,1.695521101926477,1.7061847566555743,1.6515336888834087,1.6901895999908447,21017600
1999-09-20,1.6955203679300124,1.6968531614797207,1.6528657674789429,1.6528657674789429,18243200
1999-09-21,1.6475340777252552,1.6568641196396854,1.599547332326716,1.6115437746047974,23888000
1999-09-22,1.6448679853915003,1.7061841406609006,1.6368707353753504,1.7035183906555176,22035200
1999-09-23,1.7075169847382663,1.7408408947197782,1.6315386326948234,1.638203740119934,23120000
1999-09-24,1.6502005202816379,1.6981866349758807,1.5968822534781744,1.6488677263259888,19376000
1999-09-27,1.674193283979668,1.7115163896245926,1.3942725950732724,1.4835803508758545,86950400
1999-09-28,1.4982433598182656,1.5262349568371198,1.4289292997023917,1.4835803508758545,44896000
1999-09-29,1.4929114389852955,1.5302345503887955,1.4462582819458727,1.456921935081482,13251200
1999-09-30,1.4982436443843292,1.5089072979000262,1.3649476500092355,1.3689461946487427,38768000
1999-10-01,1.3756111721794562,1.4315951850769866,1.3662803135297061,1.3956056833267212,22912000
1999-10-04,1.3889403225522903,1.410267623669629,1.356949370876282,1.37960946559906,15337600
1999-10-05,1.3849419868520025,1.3889405309827534,1.3609488508516792,1.3876075744628906,19619200
1999-10-06,1.4062693338631562,1.4449252368271661,1.3862748227437742,1.4235979318618774,12518400
1999-10-07,1.4342615949396775,1.615543688483797,1.4315951936560476,1.5735552310943604,20476800
1999-10-08,1.5808861075520058,1.5995476596287432,1.5355657532435936,1.5375653505325317,8291200
1999-10-11,1.546229663928975,1.5782206224930226,1.4849134973001206,1.5648912191390991,6224000
1999-10-12,1.5662241119083773,1.56755690574646,1.4902455884155643,1.4929113388061523,5744000
1999-10-13,1.491578757832766,1.5408983200283362,1.4555890884934188,1.5035752058029175,14531200
1999-10-14,1.5129058576402121,1.53556595643569,1.484913444463839,1.495577096939087,5398400
1999-10-15,1.4889127691658777,1.4902455629812132,1.3836090406007628,1.396938443183899,10672000
1999-10-18,1.410267737357647,1.4235977897737626,1.3649473815442192,1.376943826675415,12444800
1999-10-19,1.4076022139004214,1.4822477858496863,1.400937105261798,1.456921935081482,10163200
1999-10-20,1.4822472117881509,1.498243010725398,1.4076016687484598,1.4222638607025146,11654400
1999-10-21,1.4142674043866326,1.4142674043866326,1.356949777322301,1.402270793914795,8940800
1999-10-22,1.4022705359163112,1.4955770009423908,1.4009369285848106,1.4849133491516113,11081600
1999-10-25,1.471584331661276,1.4822479862385316,1.4475912715769066,1.4555891752243042,13033600
1999-10-26,1.460920443014246,1.460920443014246,1.3329566085896405,1.3742784261703491,20083200
1999-10-27,1.3782767635127426,1.426263519641918,1.3356221584457515,1.3942725658416748,26009600
1999-10-28,1.495577124615653,1.4982435259270799,1.3036313765091188,1.3596160411834717,66233600
1999-10-29,1.351618094690365,1.3916069536170925,1.2689746264705113,1.347618818283081,43856000
1999-11-01,1.347618818283081,1.347618818283081,1.347618818283081,1.347618818283081,0
1999-11-02,0.8584242864892113,1.0903582226076336,0.8530921352152921,1.045037865638733,455376000
1999-11-03,1.0663651147346034,1.1143518703264677,1.0557014635872575,1.0636993646621704,51324800
1999-11-04,1.0623666335269277,1.082361063493713,0.9863881901677646,0.9997175931930542,34598400
1999-11-05,1.005049137727623,1.0183791921897811,0.978390330518768,0.9957183599472046,21513600
1999-11-08,0.9997175614121955,1.0370400188680717,0.9957182850313535,1.0263763666152954,21443200
1999-11-09,1.0290424712286277,1.0450376195687907,0.9943851232528688,0.9943851232528687,11097600
1999-11-10,0.9957179980430911,1.0050487724321422,0.9810557244931505,0.9943851232528687,22982400
1999-11-11,0.9930525119108616,1.0183790922164917,0.9877210113355711,1.0183790922164917,14723200
1999-11-12,1.0183789616212735,1.0183789616212735,0.9943852595363786,0.9983845353126526,22326400
1999-11-15,0.9943852208148299,1.0130467714238696,0.9890537211308515,1.0050488710403442,12320000
1999-11-16,1.0077154714010794,1.0130469721414013,0.9943854178349012,1.0103812217712402,20345600
1999-11-17,1.0130469139339855,1.1573396140607055,1.0103811637169926,1.0983561277389526,38652800
1999-11-18,1.1090201457370508,1.1103530212857515,0.9917199380148627,1.0037164688110352,45670400
1999-11-19,1.0103812014413462,1.0237106038816368,0.9810559953865685,0.9863881468772888,17958400
1999-11-22,0.9943854902806585,1.0050491433958872,0.9597287803705982,0.9783903360366821,22163200
1999-11-23,0.9770570667748667,0.9783899415195972,0.9170737981171632,0.9530633687973022,24092800
1999-11-24,0.935735946097622,1.0610340627124022,0.9330701948993217,1.0357074737548828,13257600
1999-11-26,1.053035767120788,1.0610336686028432,1.0343742139485417,1.045037865638733,6198400
1999-11-29,1.0543686071369407,1.0676980085916838,1.034374179526013,1.051702857017517,13926400
1999-11-30,1.0503698197129552,1.0583670688359348,1.0077152209602975,1.0237103700637817,15708800
1999-12-01,1.0050490657935645,1.0237106200187438,0.9610615814468445,0.991719663143158,17926400
1999-12-02,0.9837217329476421,0.9837217329476421,0.9410671250056558,0.965060830116272,11955200
1999-12-03,0.9803888379736946,1.0317081334464717,0.959728344867081,0.9717248678207397,16905600
1999-12-06,0.957062753272531,0.9837215529289431,0.941066952792647,0.9470651745796204,14444800
1999-12-07,0.9477318992952349,0.962394172800776,0.9090759270658647,0.943733274936676,10179200
1999-12-08,0.9410670777247739,0.9810559333756912,0.9064103732275408,0.9170740246772766,10550400
1999-12-09,0.9170740539714735,0.9170740539714735,0.8530921432292776,0.8730865716934204,32272000
1999-12-10,0.8784181114399183,0.8784181114399183,0.8211012245752872,0.8317648768424988,35507200
1999-12-13,0.8237669291782481,0.8797515886151587,0.8211011789739132,0.8530921339988708,35974400
1999-12-14,0.8557578447642906,0.8584242457033866,0.8250997662544252,0.825099766254425,13910400
1999-12-15,0.8157698740864753,0.8607565145149364,0.7997740673113473,0.8424286842346191,18972800
1999-12-16,0.8530924905363759,0.8557582418548226,0.8277665512952966,0.8330980539321899,17795200
1999-12-17,0.8344305002961309,0.8370969011006939,0.8104374490581473,0.813103199005127,11593600
1999-12-20,0.815769536047512,0.8211010355247507,0.7891100860887214,0.7944422364234924,10048000
1999-12-21,0.7944426345717251,0.8744197228148893,0.7891104815646562,0.8664218187332153,40432000
1999-12-22,0.874419473437074,1.007715450304489,0.8717537231227208,0.9690594673156738,35033600
1999-12-23,0.9997171354872879,1.0503696248221344,0.9863877385646664,0.98905348777771,30243200
1999-12-27,1.0237110039853647,1.0370404116352756,0.9783906274609113,1.0170459747314453,16048000
1999-12-28,1.0317086674325273,1.1303473023267891,1.0290429166980875,1.1090199947357178,66025600
1999-12-29,1.1210163173579941,1.191663254808813,1.109019790405526,1.154340147972107,40252800
1999-12-30,1.1623380184173584,1.1809995713357164,1.1543401170441137,1.1623380184173584,12704000
1999-12-31,1.1583394241947,1.1836653532212824,1.1316799691888164,1.154340147972107,8720000
2000-01-03,1.2183224047247165,1.2289860595819522,1.1716691587960006,1.2009943723678589,54070400
2000-01-04,1.1623380255604516,1.173001677171098,1.135679221962657,1.1463428735733032,38960000
2000-01-05,1.14634266042458,1.1490084101171667,1.122348960618736,1.1370118856430054,24038400
2000-01-06,1.1303470641488829,1.2209884277405842,1.1303470641488829,1.2143234014511108,35760000
2000-01-07,1.2263197008486446,1.4342611929430433,1.2249868260092598,1.3996038436889648,67779200
2000-01-10,1.404936388097507,1.6728606587825159,1.3996042363863679,1.582219123840332,61219200
2000-01-11,1.5848855139000997,1.5862183076099745,1.4129341351677231,1.4375933408737183,46502400
2000-01-12,1.4582545604098958,1.4715839625738674,1.388940497613456,1.4249308109283447,21923200
2000-01-13,1.4715842439773235,1.5062409565739374,1.428929628209865,1.5035752058029175,23811200
2000-01-14,1.5135718810966863,1.5418973713220494,1.4502567685599195,1.4689183235168457,38908800
2000-01-18,1.4662521601585936,1.4675851163719844,1.3409541133854812,1.4595872163772583,38672000
2000-01-19,1.4475906872612132,1.4475906872612132,1.2769722828947367,1.3409541845321655,81686400
2000-01-20,1.395605926611666,1.396938720691767,1.2529797123089248,1.3342896699905396,39651200
2000-01-21,1.3369551703102418,1.379609698384955,1.3222928923896509,1.3302907943725586,25081600
2000-01-24,1.3662797205554023,1.3662797205554023,1.1809991642528936,1.1823320388793945,51062400
2000-01-25,1.1943291258592248,1.2143235564216726,1.1196835554930233,1.2076585292816162,38486400
2000-01-26,1.2116574936572893,1.2116574936572893,1.114351767291979,1.1510074138641357,29126400
2000-01-27,1.1663367741769408,1.1743346764450733,1.0557016210890027,1.058367371559143,23321600
2000-01-28,1.0663652365142253,1.0903582916213734,0.9850546431583826,1.0443711280822754,44937600
2000-01-31,1.0490363877130704,1.1143518173881044,0.9570628077225136,0.9983845353126526,23894400
2000-02-01,0.9890536490703119,1.0397061466654516,0.9783899996217305,0.9850543737411499,31091200
2000-02-02,0.9943854336249012,1.045037945750712,0.9677266277845988,0.9797231554985046,40953600
2000-02-03,1.0023836387528313,1.0050493899712112,0.9543975133904193,0.959729015827179,39974400
2000-02-04,0.9810557376251261,1.0023830362691506,0.962394188597229,0.9970515370368958,34313600
2000-02-07,1.0130467820853637,1.192995962891933,0.9917194814098824,1.158339262008667,55174400
2000-02-08,1.1823323320168138,1.274306561765421,1.1410106049206674,1.2649757862091064,42739200
2000-02-09,1.2889690633712925,1.3009655909469942,1.1570066091808846,1.1716688871383667,36944000
2000-02-10,1.1976617753776078,1.25031324037743,1.141010952075313,1.1806660890579224,31875200
2000-02-11,1.1823323741917888,1.2076583009926327,1.1383448956126399,1.1929960250854492,35638400
2000-02-14,1.1976617402163816,1.290302066802316,1.196994936447214,1.2809712886810303,34112000
2000-02-15,1.29030201097173,1.3649475818543921,1.268974705005255,1.3542839288711548,52416000
2000-02-16,1.3649470806121826,1.450256273150444,1.3596155815072848,1.3649470806121826,65075200
2000-02-17,1.4315950887497906,1.618209320328513,1.4315950887497906,1.5888841152191162,72723200
2000-02-18,1.5568931307969172,1.7168479045089293,1.5075734168068933,1.6435351371765137,75715200
2000-02-22,1.6128774872606875,1.6315390442723656,1.4555890806130598,1.597548484802246,44249600
2000-02-23,1.6302060829781377,1.6475346814762362,1.5782206129126997,1.6155437231063843,25321600
2000-02-24,1.6342046372656767,1.6608640948312423,1.5408981629304928,1.5648912191390991,22582400
2000-02-25,1.6208752292048323,1.6315388820285484,1.4289294783779443,1.54289710521698,35862400
2000-02-28,1.5075729278547008,1.562224775338673,1.4689176915546083,1.512905240058899,28585600
2000-02-29,1.5169041058698283,1.6368706609484875,1.514238355985654,1.6315385103225708,23766400
2000-03-01,1.6168769123559403,1.7341771099236065,1.6168769123559403,1.7055178880691528,36835200
2000-03-02,1.7221801665835021,1.7488389718226898,1.6342045472357454,1.6635297536849976,16652800
2000-03-03,1.6848568389026395,1.7675002959303012,1.6635295371443781,1.7035183906555176,16841600
2000-03-06,1.7115164151691793,1.8021571287608744,1.6821912104187184,1.7568367719650269,22163200
2000-03-07,1.7834957279231136,1.8128209351771694,1.5622254254491754,1.6355373859405518,19222400
2000-03-08,1.7225132266777294,1.7275116509161927,1.5249022597593553,1.5768877267837524,15993600
2000-03-09,1.5995476713913706,1.6208749736765888,1.5142384622504976,1.5275678634643555,14304000
2000-03-10,1.556892668204838,1.5808857144182906,1.479581379929576,1.5289002656936646,18297600
2000-03-13,1.4675855708729058,1.5115729768230093,1.4222643947244449,1.444925308227539,18227200
2000-03-14,1.4702513291247303,1.5728891525949136,1.3649475923881638,1.4475910663604736,43184000
2000-03-15,1.4635861789612064,1.4955771372491984,1.3622818031447546,1.3636146783828735,23276800
2000-03-16,1.4929114227192721,1.4969099671726918,1.375611239505615,1.410267949104309,17696000
2000-03-17,1.380943346528642,1.4875798732544945,1.3222929314005698,1.3596160411834717,18880000
2000-03-20,1.356949735499151,1.4715841725223995,1.1836655300723649,1.224987268447876,29299200
2000-03-21,1.223654177913318,1.3036312390988067,1.1356792153519892,1.2143234014511108,48233600
2000-03-22,1.2703076367563664,1.3756112960054778,1.263643260131584,1.366280436515808,17088000
2000-03-23,1.4395929917552124,1.5275679563147289,1.4076020363828743,1.4849133491516113,43878400
2000-03-24,1.490245675418091,1.5515618431274862,1.4795820223754887,1.5009093284606934,18467200
2000-03-27,1.5342330588476192,1.5382316028266128,1.444925138120742,1.4889127016067505,17868800
2000-03-28,1.5275678143288443,1.5942161199695624,1.484913211130429,1.5022419691085815,13974400
2000-03-29,1.53556575073079,1.5995476570112397,1.3862746360764078,1.420931339263916,21843200
2000-03-30,1.3822763227584247,1.3822763227584247,1.2583110332489014,1.2583110332489014,29782400
2000-03-31,1.314295175995419,1.370279846923555,1.3009657713801492,1.3516182899475098,32233600
2000-04-03,1.3116293736916105,1.3542839874701995,1.2796384133576688,1.2809712886810303,19635200
2000-04-04,1.295633614123942,1.3102958866940106,1.1703355819267087,1.26364266872406,23440000
2000-04-05,1.2636432359298755,1.386274922912494,1.223654373516041,1.3276251554489136,35942400
2000-04-06,1.4009366791033635,1.4342612358727023,1.332956236472057,1.406601905822754,28924800
2000-04-07,1.4395928863929885,1.4395928863929885,1.3436200273001226,1.3502850532531738,24265600
2000-04-10,1.3596156657769765,1.3916066149616404,1.3116289165712172,1.3222925662994385,15536000
2000-04-11,1.338288584458205,1.342287209686481,1.2423157212608784,1.3329564332962036,18240000
2000-04-12,1.3089636101162008,1.3116293607365943,1.196994924624447,1.2409824132919312,20832000
2000-04-13,1.2543121912607433,1.324958472254788,1.1676701083593952,1.2982996702194214,24284800
2000-04-14,1.299632943653562,1.300965819078179,1.1676704663228412,1.1796669960021973,18460800
2000-04-17,1.1636711852361432,1.1730019640345521,1.077029076068089,1.0850269794464111,32432000
2000-04-18,1.0930245082777392,1.1836652126461802,1.0703636813280508,1.1663365364074707,31932800
2000-04-19,1.199661113422684,1.199661113422684,1.1090197506787756,1.1093528270721436,14256000
2000-04-20,1.1490087448223938,1.1490087448223938,1.0383729409192002,1.093024730682373,20832000
2000-04-24,1.1090196579825378,1.1090196579825378,0.994385251774756,1.047703504562378,8732800
2000-04-25,1.067697963764538,1.0770287396483946,1.0210447352028529,1.022377610206604,17948800
2000-04-26,1.0437049478293485,1.045037822878879,0.9543971126498274,0.9810559153556824,23382400
2000-04-27,0.9677268150320438,0.9677268150320438,0.9224064458197806,0.9264050722122192,20278400
2000-04-28,0.9663934951689022,1.1596720640311777,0.9490648203879993,1.1556727886199951,31238400
2000-05-01,1.1530072753037006,1.2076584096957388,1.0397063811461789,1.188997507095337,24006400
2000-05-02,1.2143236038481093,1.279638399112245,1.1143520979891204,1.2209886312484741,22195200
2000-05-03,1.2249871103287269,1.2263199854774722,1.1356792685014498,1.143676519393921,12617600
2000-05-04,1.1663367287872937,1.380943301293811,1.1610052280544958,1.347618818283081,32393600
2000-05-05,1.2916347552413754,1.5085733422602459,1.2529794238835958,1.4715839624404907,41792000
2000-05-08,1.4502567611218966,1.4609204137772047,1.3702796916359392,1.4315952062606812,22076800
2000-05-09,1.4435915855827146,1.4662524972780602,1.3836090303321396,1.3876075744628906,28553600
2000-05-10,1.3729450652228714,1.3756108149405448,1.2716400673760055,1.3222925662994385,14000000
2000-05-11,1.3329565861310058,1.4009370465948332,1.3116292807529097,1.3232927322387695,7113600
2000-05-12,1.3209600602030072,1.3382887399204557,1.2969670043309316,1.326291561126709,11344000
2000-05-15,1.3289579828355162,1.375611220064509,1.2583110385086205,1.3742784261703491,7756800
2000-05-16,1.3729449459924326,1.4715835346980424,1.3729449459924326,1.452921986579895,15056000
2000-05-17,1.4489235483909846,1.4502563418731798,1.3769435883471965,1.3996038436889648,22387200
2000-05-18,1.4076018360234301,1.4076018360234301,1.3382884346783295,1.3409541845321655,16163200
2000-05-19,1.348952156065983,1.348952156065983,1.2529792985502939,1.2753057479858398,10886400
2000-05-22,1.279637915731667,1.3062973644048275,1.2183217695551494,1.2743064165115356,10668800
2000-05-23,1.2649759928408493,1.3062977266868327,1.2529794654109963,1.2916347980499268,17440000
2000-05-24,1.2823040722584433,1.4205984806884995,1.2556452659830795,1.3849420547485352,19913600
2000-05-25,1.3822762872408758,1.438260300414691,1.311629263667342,1.3196271657943726,12307200
2000-05-26,1.2046595031761294,1.2063254545961726,1.0983560680945639,1.1330127716064453,31942400
2000-05-30,1.1570063439428833,1.1969945430755615,1.0530355943113314,1.1969945430755615,29011200
2000-05-31,1.1916631132838598,1.1969946131372606,1.1596721615907197,1.1663365364074707,6003200
2000-06-01,1.1943291258592248,1.2183221821910735,1.17300182004031,1.2076585292816162,5356800
2000-06-02,1.2356507983382659,1.3342894199351685,1.212990618434767,1.3302907943725586,9289600
2000-06-05,1.3062977468842292,1.319627149694861,1.2436487075592595,1.2796382904052734,8361600
2000-06-06,1.2929678403685096,1.3969386260112708,1.276972685346882,1.3249588012695312,10672000
2000-06-07,1.3436200456185774,1.412934103559454,1.2903017898400624,1.4076019525527954,13897600
2000-06-08,1.4142670575861704,1.4142670575861704,1.2796381365420066,1.286303162574768,12883200
2000-06-09,1.308963101195181,1.4582541899017498,1.307630226403202,1.4182653427124023,18563200
2000-06-12,1.4262632987366113,1.428929048426011,1.2689743041992188,1.2689743041992188,12643200
2000-06-13,1.2596440653524117,1.3462861739805059,1.2369838816365528,1.3449532985687256,12819200
2000-06-14,1.3329566829370318,1.3969386037180092,1.3302909322855965,1.3369553089141846,4963200
2000-06-15,1.3142947852341025,1.3809430902103803,1.252979281890851,1.3729451894760132,14387200
2000-06-16,1.3562837057488624,1.474249968602491,1.3436203728458134,1.402270793914795,20144000
2000-06-19,1.4076020824984443,1.4982434511184692,1.31962711505671,1.4982434511184692,11052800
2000-06-20,1.4942441644145321,1.631538854956151,1.4822477179013398,1.598215103149414,25004800
2000-06-21,1.4715840641818057,1.5888842432107901,1.4156000505414892,1.5382317304611206,29312000
2000-06-22,1.53823178443035,1.5488954374434853,1.3542839326681961,1.355616807937622,32425600
2000-06-23,1.4129339850419589,1.5822187820814495,1.382275990540918,1.48091459274292,29561600
2000-06-26,1.4849137371683898,1.5009095444631848,1.3729456895361174,1.4555891752243042,16083200
2000-06-27,1.4555888807648443,1.4609203815460206,1.4355945324772619,1.4395930767059326,14188800
2000-06-28,1.454255263760806,1.5382316887290757,1.442258817581821,1.5368987321853638,19318400
2000-06-29,1.4609202503084437,1.5622252646272619,1.4212651218625556,1.5062406063079834,32009600
2000-06-30,1.5089067473918454,1.5275676460927712,1.410267500215782,1.5169039964675903,51056000
2000-07-03,1.4995765591623955,1.5182373014355612,1.4742498946271463,1.4902456998825073,2057600
2000-07-05,1.514238033359823,1.5482285744638595,1.4982428866051594,1.512905240058899,13731200
2000-07-06,1.5155713059919242,1.5675567697437534,1.511572762110171,1.5595588684082031,15804800
2000-07-07,1.5782203406958026,1.743507255859637,1.5782203406958026,1.7128492593765259,39459200
2000-07-10,1.706184283285375,1.7368424448400723,1.5995477655800392,1.692854881286621,17740800
2000-07-11,1.7075175030178842,1.7888281934816646,1.6888559450495253,1.7701666355133057,17724800
2000-07-12,1.7675002346467734,1.9234556352035082,1.7568365841373776,1.906127691268921,31772800
2000-07-13,1.8874667324976202,1.9141261925663067,1.6768594061287798,1.7528377771377563,30131200
2000-07-14,1.7528376462238977,1.7701664078744255,1.7141823920265646,1.7195138931274414,9350400
2000-07-17,1.7461733648028188,1.8021573810866385,1.6955208496613934,1.7595027685165405,12636800
2000-07-18,1.7621680041627914,1.7621680041627914,1.6635294041321618,1.710182547569275,9056000
2000-07-19,1.7048515768096508,1.7221801745383316,1.5942163467407227,1.5942163467407227,9075200
2000-07-20,1.5995474930467277,1.6595308494647505,1.5462292432785034,1.5462292432785034,11465600
2000-07-21,1.5675565222893706,1.6368705714928369,1.5382313225933837,1.6008802652359009,6131200
2000-07-24,1.588884329431433,1.6955208616080393,1.4862463417825793,1.4902456998825073,10451200
2000-07-25,1.5142383207897452,1.5195704712917248,1.4076018193256785,1.464918613433838,8566400
2000-07-26,1.4622530478952216,1.5035748601346064,1.4262635495442215,1.4835803508758545,13824000
2000-07-27,1.4875797416876175,1.4955769923414708,1.410267778505841,1.4355944395065308,8627200
2000-07-28,1.4695844440306702,1.558226055231168,1.4662525407754265,1.495577096939087,14857600
2000-07-31,1.508906854422776,1.6155433582386056,1.4929110534216177,1.5808860063552856,15580800
2000-08-01,1.6048803742447533,1.911459961871842,1.5968824704232383,1.8541431427001953,56102400
2000-08-02,1.8008242345759449,1.8261500804020403,1.762168174073873,1.7968255281448364,30928000
2000-08-03,1.7648354393352375,1.9461175960506856,1.7035192530258247,1.9394526481628418,23772800
2000-08-04,1.8887991751056605,1.8901321315896549,1.811488024462814,1.8554754257202148,21721600
2000-08-07,1.8648064286986465,1.9114595838340864,1.8288167635491897,1.9047952890396118,15142400
2000-08-08,1.8994629345907974,1.9887715122214018,1.8724705642606705,1.9287883043289185,24345600
2000-08-09,1.9407847813443615,1.9421175752105289,1.863806538815078,1.8954644203186035,16160000
2000-08-10,1.8927986867723814,1.8941316433648767,1.7608354959720494,1.847477674484253,12329600
2000-08-11,1.836813649871201,1.8528094511715636,1.79149329761614,1.8421458005905151,12326400
2000-08-14,1.863473798995431,1.8821353572091242,1.8434794466748199,1.8528101444244385,6140800
2000-08-15,1.8554754228986932,1.8981300303216517,1.7621683064465572,1.8021571636199951,7648000
2000-08-16,1.8368140647582765,1.906128134620072,1.7521716445815396,1.83014976978302,11248000
2000-08-17,1.8128205770723103,1.9621116834194416,1.8101548271733614,1.9261221885681152,11849600
2000-08-18,1.927455936167391,1.9407853431171842,1.8621412075269594,1.919458031654358,10924800
2000-08-21,1.9287878082241523,2.0460879552903997,1.8914645460144734,2.027426242828369,14457600
2000-08-22,2.027425920499639,2.242031837263251,1.982105741767092,2.2380332946777344,25312000
2000-08-23,2.198045282338333,2.204710390802525,2.1114032655934363,2.14072847366333,24604800
2000-08-24,2.1313981410891283,2.239367481969636,2.1300651842546228,2.180717706680298,17635200
2000-08-25,2.198045049229196,2.2926851210084935,2.1780507022436564,2.1967122554779053,24163200
2000-08-28,2.1913814903251394,2.208709442050139,2.083411329518006,2.0874106884002686,11600000
2000-08-29,2.127398434856445,2.1750514566107606,2.090075335578075,2.118067741394043,19139200
2000-08-30,2.1034052191692125,2.2473648483011117,2.1034052191692125,2.227370500564575,10979200
2000-08-31,2.236700887386784,2.3793268894549797,2.227370193064551,2.3033485412597656,18451200
2000-09-01,2.330008131139558,2.3353396313531056,2.210041566043271,2.2393667697906494,7875200
2000-09-05,2.2007101695264404,2.290018715308542,2.095407289734928,2.096740245819092,20345600
2000-09-06,2.1327304230172537,2.1327304230172537,1.9194573807155284,1.9381189346313477,30144000
2000-09-07,1.9327866530310625,2.204710089088895,1.9314536966064104,2.1313974857330322,37484800
2000-09-08,2.1513926515096378,2.2500313017882556,2.0794128144488617,2.1753857135772705,13718400
2000-09-11,2.1967120062342946,2.2180393072656956,2.0927412509918213,2.0927412509918213,17043200
2000-09-12,2.1120694507295457,2.1327299466590413,2.0114312563715724,2.027426242828369,6902400
2000-09-13,2.011431438621509,2.0767461364415345,1.9567802287865843,2.0687482357025146,11356800
2000-09-14,2.092741977665376,2.198045563073023,2.090076226825202,2.1700539588928223,20076800
2000-09-15,2.143393196524116,2.2153729815098,2.0874092085829874,2.2060422897338867,23244800
2000-09-18,2.128731361771485,2.132729904914442,1.982106018094238,1.9887709617614746,19308800
2000-09-19,1.9874377583305525,2.122066686348039,1.9661104549501702,2.090075731277466,21801600
2000-09-20,2.100739767612555,2.100739767612555,2.0327593010692047,2.0794124603271484,10793600
2000-09-21,2.0954081096531705,2.2700252622907673,2.0674158582181876,2.19404673576355,17235200
2000-09-22,2.178050079960091,2.360664900872653,2.140727635012516,2.3326733112335205,31980800
2000-09-25,2.3246755634608007,2.519287001815964,2.319344064202717,2.4776322841644287,36144000
2000-09-26,2.4713016999651893,2.5139563111798733,2.1460599640243654,2.2700252532958984,45699200
2000-09-27,2.2713585697302885,2.3460041565289362,2.2180402934455397,2.2796895503997803,20022400
2000-09-28,2.2793558548671142,2.473967347739998,2.26735940867547,2.4726345539093018,32915200
2000-09-29,2.4473084286103224,2.47396723284578,2.3100139108392477,2.3393383026123047,29782400
2000-10-02,2.3553341969053005,2.3579997843618137,2.2180395205962893,2.220705270767212,16102400
2000-10-03,2.267359001184969,2.3619988988796714,2.1673867901248514,2.2007105350494385,19843200
2000-10-04,2.2167067578128976,2.2180395515597597,2.0594175699537547,2.090075731277466,22128000
2000-10-05,2.0727471271606466,2.2087088591124524,2.069081659331906,2.1127359867095947,16761600
2000-10-06,2.1114034422718984,2.178051115487755,1.9301213285414829,1.9754416942596436,30726400
2000-10-09,1.9807742148244567,1.9927708275222964,1.843479647282513,1.919458031654358,19664000
2000-10-10,1.9147921125203393,2.074080748040509,1.835481033902705,2.0220954418182373,18073600
2000-10-11,2.0154303530680777,2.1194011292344292,1.9034623255487044,1.9981015920639038,12457600
2000-10-12,2.1100710405678407,2.170054266771513,1.9034628734861851,1.919458031654358,19350400
2000-10-13,1.8821351842758491,2.0474214895105822,1.8701379231279849,2.046088695526123,22137600
2000-10-16,2.07674673836747,2.156723816365528,2.0474215277298127,2.106071949005127,21558400
2000-10-17,2.1513923059326703,2.1940469209159312,2.0874103834577786,2.128732204437256,25523200
2000-10-18,2.1114036187941716,2.122067273434546,1.9194578352674287,1.9581139087677002,17840000
2000-10-19,1.9847722270821826,1.9941030860548905,1.8861337634949578,1.95011568069458,16675200
2000-10-20,1.9354529462906904,1.962111747871011,1.8394800890578693,1.8874661922454834,20092800
2000-10-23,1.9234559227245653,2.111403116476083,1.906127976199771,2.067415714263916,20505600
2000-10-24,2.0954074217992074,2.1407277688027673,1.807488889473496,1.8274825811386108,52003200
2000-10-25,1.8234845788099157,1.9621120614095,1.8234845788099157,1.9594463109970093,78112000
2000-10-26,1.9954351345291739,2.0260932877823548,1.9034616510558449,1.9407840967178345,34444800
2000-10-27,1.7595025221629839,1.9127921891953308,1.7381752188640387,1.7568367719650269,93625600
2000-10-30,1.8341482005344807,1.8448118528631694,1.7595026342336588,1.8074893951416016,66624000
2000-10-31,1.7888276934075842,1.8661390037037604,1.748838837756667,1.8341480493545532,27894400
2000-11-01,1.8128212618082566,1.9141263048088033,1.7595029894021315,1.8101555109024048,26128000
2000-11-02,1.8208186418075256,1.8954642017117822,1.799491338977738,1.8781354427337646,27420800
2000-11-03,1.8768029288912664,1.9621121529317787,1.8474777204129085,1.8794686794281006,19875200
2000-11-06,1.8674715955203396,2.0097646791688457,1.854142358078066,1.9967683553695679,27027200
2000-11-07,1.9607792648432514,2.019428865410835,1.9394519598574858,2.0060994625091553,27872000
2000-11-08,1.9794410242553147,2.0114319850444287,1.9181248533617383,1.9234561920166016,31107200
2000-11-09,1.924789577029899,1.9981015361708658,1.8608076628492545,1.9101265668869019,24889600
2000-11-10,1.8981303401541012,1.9794410242553147,1.8927988387847974,1.9234561920166016,12857600
2000-11-13,1.9087935635179276,1.9094603671462882,1.6048798299508649,1.6781917810440063,43756800
2000-11-14,1.7035182335319068,1.7088497330509236,1.6008802778582638,1.6541985273361206,24265600
2000-11-15,1.6755261997711899,1.7035186124014614,1.596882089729346,1.6635297536849976,25318400
2000-11-16,1.6488675323709303,1.6981864352194767,1.61954232636409,1.6208751201629639,9996800
2000-11-17,1.6581982332205651,1.6608639835411814,1.4702512015361837,1.4982434511184692,31888000
2000-11-20,1.530234350419242,1.530234350419242,1.2996326374248512,1.3782768249511719,42656000
2000-11-21,1.479582363569849,1.508907578913885,1.3876080094390884,1.4582550525665283,51577600
2000-11-22,1.4635857934233705,1.5808859429134638,1.439592743742055,1.5462292432785034,48723200
2000-11-24,1.5668902211816886,1.5675570249374884,1.4662526446731199,1.4932445287704468,22761600
2000-11-27,1.5368987737866664,1.6182094505828795,1.5209037829724317,1.5728890895843506,31872000
2000-11-28,1.574888013995657,1.6901892446572715,1.5568932631378538,1.6088787317276,31696000
2000-11-29,1.6128774067433818,1.7861622618532356,1.6022137533915943,1.7328439950942993,35798400
2000-11-30,1.7381756647959838,1.7754987805732696,1.6795258911060067,1.7368428707122803,35968000
2000-12-01,1.732843601542072,1.8794683136853791,1.7301772006663896,1.8768025636672974,33673600
2000-12-04,1.8688043124419027,1.8781350052565202,1.6848565310966677,1.7488384246826172,20041600
2000-12-05,1.7648348032046466,1.875470034489764,1.7488389991252644,1.8728042840957642,13408000
2000-12-06,1.8834681063339052,1.9514485712986294,1.8301498393585327,1.8514771461486816,14995200
2000-12-07,1.8581413272242164,1.9141259922523084,1.8118210856349999,1.847477674484253,8963200
2000-12-08,1.8741376433935444,2.076747100764255,1.8728048491516303,2.0714149475097656,30003200
2000-12-11,2.0047660658745436,2.0580843123073773,1.8967967795624305,1.9554463624954224,45852800
2000-12-12,1.9781073890824463,1.9834388886230931,1.8008240461349487,1.8008240461349487,32009600
2000-12-13,1.8381464948613435,1.8394801020788325,1.6981862397871534,1.7035183906555176,64384000
2000-12-14,1.6661955303237685,1.683524290960212,1.5822191046802205,1.6595312356948853,52441600
2000-12-15,1.6555317532021327,1.6928548593440491,1.6075456462855475,1.6462008953094482,36892800
2000-12-18,1.6881899475795707,1.7648351261880182,1.6688622367207553,1.7368428707122803,45308800
2000-12-19,1.7355094728183647,1.772831928251992,1.6701947690234875,1.7061842679977417,40960000
2000-12-20,1.7061839832914152,1.7275112830825579,1.5049074287981217,1.6541985273361206,43113600
2000-12-21,1.6208749215397755,1.6528658739385869,1.4715838103453225,1.5022419691085815,27472000
2000-12-22,1.5249023582196097,1.6422025396211182,1.523569564327204,1.5648912191390991,21859200
2000-12-26,1.5582259345647769,1.7568367719650269,1.556893140823004,1.7568367719650269,19049600
2000-12-27,1.7315103842293393,1.770166452983916,1.6075459023971195,1.7021859884262085,19776000
2000-12-28,1.7075178475148396,1.7914943058143749,1.7061850531565477,1.7301781177520752,14044800
2000-12-29,1.7195137998740069,1.842146128836293,1.7195137998740069,1.7688335180282593,15110400
2001-01-02,1.7808296137243584,1.7808296137243584,1.562225106330691,1.5808860063552856,38233600
2001-01-03,1.579553235321905,1.706184261170029,1.4235978183425646,1.6462008953094482,42412800
2001-01-04,1.6608642347044071,1.7248461572208744,1.399938119656382,1.402270793914795,40121600
2001-01-05,1.408934724816056,1.411600474850057,1.186331010324489,1.2476471662521362,107948800
2001-01-08,1.248980225679791,1.2689746556021637,1.0610337559533485,1.1596723794937134,104924800
2001-01-09,1.1730015761007198,1.2076582781347536,1.119683322641596,1.15300714969635,77571200
2001-01-10,1.1323465681392026,1.2133234155180181,1.1316797645915004,1.1956616640090942,53305600
2001-01-11,1.2343178294618924,1.2409822048937273,1.1730016703431803,1.2143234014511108,38502400
2001-01-12,1.1943288200482576,1.338288422893566,1.1623378695112507,1.2719738483428955,33148800
2001-01-16,1.295634070011749,1.461920234084076,1.2823040165950026,1.3902733325958252,47542400
2001-01-17,1.4202654361262634,1.4235979903784974,1.2209885848800475,1.2623096704483032,33747200
2001-01-18,1.26364266872406,1.287635715059609,1.2049922767288848,1.26364266872406,45702400
2001-01-19,1.3396218599926812,1.3502855146467787,1.247647594529405,1.2703077793121338,31382400
2001-01-22,1.2836369278980162,1.383609077049315,1.2796383022750433,1.3182942867279053,27097600
2001-01-23,1.3456196481552931,1.4795816768628924,1.3049639922810026,1.4685842990875244,41769600
2001-01-24,1.468918294247138,1.4769161963346984,1.3756111721794562,1.3956056833267212,33664000
2001-01-25,1.411600286743757,1.418265393155389,1.3649471452924045,1.3996038436889648,19331200
2001-01-26,1.3582822629867424,1.4182655422081165,1.3436199873550578,1.3729451894760132,27078400
2001-01-29,1.3742783015515039,1.494244060017279,1.3622816931620434,1.4715839624404907,32451200
2001-01-30,1.4742497764132079,1.4929113307621569,1.4249308723795098,1.436927318572998,16272000
2001-01-31,1.4555888543082252,1.4702512134048613,1.4355945063840578,1.443591594696045,19267200
2001-02-01,1.4489237991778512,1.450256592890733,1.3622816314040482,1.376943826675415,23692800
2001-02-02,1.376943943529316,1.3916069536170925,1.3196271377205204,1.347618818283081,22012800
2001-02-05,1.3382885178111417,1.367613069740064,1.2636429612639195,1.3142948150634766,25974400
2001-02-06,1.3022983085633228,1.423597746549706,1.3012985099160086,1.4049361944198608,27116800
2001-02-07,1.4062693601119094,1.4089349478534774,1.316961431617207,1.3849420547485352,30108800
2001-02-08,1.394272669728385,1.4529224306366577,1.2849703988145564,1.3022984266281128,66944000
2001-02-09,1.2996326330488568,1.3569495168979988,1.2996326330488568,1.3442869186401367,33257600
2001-02-12,1.3409542256580074,1.5075732781390283,1.3342891999614466,1.487579584121704,54300800
2001-02-13,1.4915781831178052,1.5595586253749854,1.4409255209818623,1.4422584772109985,57667200
2001-02-14,1.44225859879374,1.4769159518160548,1.3822760515692178,1.4195983409881592,29980800
2001-02-15,1.468918094403057,1.468918094403057,1.3996040371704328,1.420931339263916,21059200
2001-02-16,1.3822760344472058,1.5009089846572454,1.3822760344472058,1.487579584121704,23808000
2001-02-20,1.558226055231168,1.5782205663366813,1.4129342783991872,1.495577096939087,86531200
2001-02-21,1.4715841166804255,1.495577173259696,1.3969385455444618,1.410267949104309,33913600
2001-02-22,1.418265963881638,1.418265963881638,1.306297923740925,1.3516182899475098,16435200
2001-02-23,1.3569495490279189,1.4875797736650258,1.343620146793982,1.4742497205734253,31908800
2001-02-26,1.4849137551307847,1.562225739894467,1.4822480041686803,1.5568935871124268,35779200
2001-02-27,1.5568936329034018,1.5782209429431744,1.5009096067634613,1.5329005718231201,25470400
2001-02-28,1.5462295858877766,1.596882097105418,1.5169043793030699,1.5942163467407227,18251200
2001-03-01,1.5755547664200635,1.5942163203797268,1.3996041806789208,1.4982434511184692,31913600
2001-03-02,1.4822476944812002,1.5648911639023095,1.4769161936709068,1.530234456062317,20952000
2001-03-05,1.5408981341208683,1.5568932876749773,1.4315952062606812,1.4315952062606812,14086400
2001-03-06,1.470251240127982,1.530234447705152,1.4529224795165645,1.4929113388061523,17443200
2001-03-07,1.5249023050181516,1.5249023050181516,1.4182657801917073,1.4235979318618774,11878400
2001-03-08,1.4475906275563102,1.460920027133289,1.4209311775448192,1.4422584772109985,14043200
2001-03-09,1.4609204137772047,1.492911371743129,1.4049364000512639,1.4315952062606812,20886400
2001-03-12,1.394272199725882,1.394272199725882,1.2343174727264725,1.26364266872406,55155200
2001-03-13,1.263643281019231,1.3436203578429018,1.2609768794674883,1.3249588012695312,23748800
2001-03-14,1.2956341310206976,1.4262637141375465,1.2903019792313823,1.415600061416626,35952000
2001-03-15,1.4155997389414512,1.476915890833285,1.3782766374916178,1.3916066884994507,24556800
2001-03-16,1.3916069321100952,1.4129342364270492,1.268974606858771,1.287636160850525,33147200
2001-03-19,1.3009652343109577,1.4769157758555393,1.2903015848493924,1.460919976234436,23337600
2001-03-20,1.4635857411245463,1.476915791233431,1.3916065946526557,1.3996038436889648,19283200
2001-03-21,1.4022704381671152,1.4022704381671152,1.2209883703606415,1.231652021408081,27972800
2001-03-22,1.226319730601238,1.2716400796699439,1.1463426822951415,1.2423155307769775,49011200
2001-03-23,1.2769724360366144,1.356949497245929,1.2636430343113352,1.2663087844848633,35204800
2001-03-26,1.2609765242456392,1.3836088319157869,1.258310774302614,1.3702794313430786,29200000
2001-03-27,1.3676130609022321,1.3856078090248938,1.3036311557037932,1.3622815608978271,15516800
2001-03-28,1.3436197824776173,1.3916065287091328,1.3382882833727194,1.3649470806121826,17827200
2001-03-29,1.3649472805994458,1.466252287010227,1.3169611781946626,1.3702794313430786,22908800
2001-03-30,1.3729452937320206,1.4076019984025223,1.3596158920676178,1.3862746953964233,14294400
2001-04-02,1.3876073121526826,1.4049360690639487,1.25297921723958,1.303631067276001,25326400
2001-04-03,1.2796382096226901,1.2982997628941002,1.2289857011107126,1.2556451559066772,17044800
2001-04-04,1.2556451792737937,1.3196270909456091,1.2343178753831885,1.2449815273284912,12929600
2001-04-05,1.2903020181999303,1.3596160884081303,1.2636432110213587,1.3569496870040894,20753600
2001-04-06,1.348952138130498,1.4422585935536318,1.3036311345408083,1.3729451894760132,19417600
2001-04-09,1.3756114738185525,1.4558022037438378,1.3679336293196178,1.442152738571167,13137600
2001-04-10,1.4464174914411168,1.5628645308774267,1.4430052080244065,1.5479354858398438,43772800
2001-04-11,1.5696894720342744,1.5722488069776202,1.4924847391257177,1.5244756937026978,25352000
2001-04-12,1.532153272919563,1.6579843852373954,1.5121057200079888,1.644761562347412,23422400
2001-04-16,1.629832287497386,1.6716337775245997,1.5829122908400464,1.6123439073562622,22400000
2001-04-17,1.614476351028199,1.676325546143469,1.586750961986434,1.6737663745880127,15897600
2001-04-18,1.6857096425368714,1.7595020736136087,1.681017610972936,1.7488384246826172,32326400
2001-04-19,1.7531051629468684,1.798745602338345,1.7061851367714511,1.7944802045822144,19140800
2001-04-20,1.7705928104074438,1.7876547196946286,1.7151418492957318,1.7240992784500122,18073600
2001-04-23,1.7061845356312522,1.7351896857541385,1.6311124876578293,1.6353778839111328,13305600
2001-04-24,1.6340982106915372,1.6447618634722363,1.5632915627362716,1.5726754665374756,16043200
2001-04-25,1.5850447391398854,1.699785540783229,1.5850447391398854,1.6737663745880127,22035200
2001-04-26,1.6741934141649166,1.8618737600742683,1.6741934141649166,1.7782706022262573,35606400
2001-04-27,1.8234839959364437,1.9476088649407357,1.8170857413912689,1.9441965818405151,46368000
2001-04-30,1.9237227458500317,2.1271852444924746,1.9190308756741998,2.0892226696014404,54358400
2001-05-01,2.093061075953257,2.1476589084145554,2.0303587658698516,2.136568784713745,36360000
2001-05-02,2.140835537256215,2.186049497638238,2.0730146780404204,2.1079914569854736,61388800
2001-05-03,2.056804794688248,2.067041807222876,1.9970882916168569,2.039316415786743,32820800
2001-05-04,2.032065215099998,2.159602546790712,2.0000742635708058,2.155763626098633,14632000
2001-05-07,2.1561905732657007,2.3114533326941666,2.134863267570265,2.181783437728882,31049600
2001-05-08,2.2009770968527147,2.237233601218696,2.0900752119183084,2.1361422538757324,19702400
2001-05-09,2.1028717111591426,2.2244374166894105,2.100312539340524,2.1156680583953857,18868800
2001-05-10,2.1391287001951387,2.1945796591904836,2.053819482444017,2.0691750049591064,19566400
2001-05-11,2.0768531248757007,2.138702348546268,2.0482746112161876,2.0794124603271484,10113600
2001-05-14,2.0836776265940347,2.099459949396762,2.026093968368284,2.0478477478027344,8953600
2001-05-15,2.0478475398717784,2.128464881002431,1.9800267105714684,1.9842922687530518,19926400
2001-05-16,1.9778943386392738,2.2841544698050393,1.9544343342766264,2.250457286834717,49984000
2001-05-17,2.2572817419804427,2.4731141136646198,2.251310122988073,2.471407890319824,61409600
2001-05-18,2.4675692540876444,2.467995891330315,2.2500307966533755,2.3012163639068604,68102400
2001-05-21,2.2952446104158835,2.559276586328219,2.290979051810016,2.5537314414978027,44356800
2001-05-22,2.54477347194168,2.5537308990396497,2.4526395409133372,2.468421697616577,24835200
2001-05-23,2.4637303913976143,2.4675693131012966,2.2585618056631196,2.2606945037841797,35392000
2001-05-24,2.181782998619272,2.318277597427368,2.149792046514675,2.318277597427368,58017600
2001-05-25,2.307614646344813,2.3673311734639153,2.2948182941662756,2.3225438594818115,24172800
2001-05-29,2.299083323075091,2.3033487185792896,2.231688967650781,2.2496039867401123,25536000
2001-05-30,2.218892415028692,2.290125522248543,2.167706860098202,2.168133497238159,25492800
2001-05-31,2.1758112861802594,2.2653860525273215,2.1540575096572656,2.2073757648468018,33379200
2001-06-01,2.2287037122834485,2.3779948700440623,2.1903144923449394,2.375009059906006,30720000
2001-06-04,2.377993933003405,2.469701387433685,2.3647709485207367,2.4611704349517822,28544000
2001-06-05,2.461597825726634,2.5375231520942556,2.4313130877205293,2.4441094398498535,28766400
2001-06-06,2.4466682365451193,2.4624503952718526,2.3067611803418426,2.324676036834717,27240000
2001-06-07,2.3101736601064515,2.3946297679791284,2.2786091772621955,2.2939648628234863,20030400
2001-06-08,2.3054817158015024,2.3054817158015024,2.206523030277325,2.215907096862793,23390400
2001-06-11,2.2167596619944883,2.221878168545121,2.090075445186998,2.116947889328003,22374400
2001-06-12,2.0990332488021632,2.1706930042211474,2.015430255051488,2.1391286849975586,26771200
2001-06-13,2.177944335399455,2.2150537986689405,2.140834709415554,2.1493656635284424,22227200
2001-06-14,2.1433943245396763,2.1446739108737667,2.0478479188762915,2.0926353931427,13544000
2001-06-15,2.1327301512980767,2.20737570659351,2.0751465022987876,2.200124502182007,43027200
2001-06-18,2.2180397033691404,2.2896994606489898,2.175385093688965,2.186048746109009,33056000
2001-06-19,2.21803889684474,2.262826188180463,2.1561897027552352,2.2163326740264893,24766400
2001-06-20,2.22443787974932,2.4509337448520445,2.224011242547815,2.450080633163452,52390400
2001-06-21,2.4206497178398827,2.484205174096475,2.3993224075505446,2.4569060802459717,48112000
2001-06-22,2.4718347938993483,2.6189932376015066,2.397189223021457,2.6074764728546143,48728000
2001-06-25,2.587001586637302,2.5997979342504918,2.420648579522676,2.4534926414489746,40249600
2001-06-26,2.4313122788816846,2.505957831303491,2.386524979971479,2.471834182739258,24339200
2001-06-27,2.4679956114563804,2.566101175983507,2.4624504669315175,2.5383756160736084,23411200
2001-06-28,2.559276203808666,2.64287918741496,2.5272852512610577,2.557569980621338,50544000
2001-06-29,2.5763374577273175,2.598517702687252,2.3809793455466375,2.4820706844329834,13601600
2001-07-02,2.4952946670882725,2.5592765816289975,2.4206491001240935,2.4594647884368896,26808000
2001-07-03,2.450079968734379,2.5170476723411697,2.4291793075323067,2.4807913303375244,22038400
2001-07-05,2.4846307284273137,2.5136358726947763,2.419369235182725,2.428753137588501,16915200
2001-07-06,2.420648413029149,2.4394163773899966,2.3502682619258106,2.3767142295837402,21524800
2001-07-09,2.3694638201643423,2.4633040052896953,2.3694638201643423,2.3984689712524414,27235200
2001-07-10,2.3971888998843696,2.407852551429483,2.3080407664586455,2.324676036834717,40697600
2001-07-11,2.3007894999862,2.3033488350467755,2.1497923111294237,2.25728178024292,21601600
2001-07-12,2.2261432298569375,2.289698647298486,2.166853369496842,2.2820208072662354,14872000
2001-07-13,2.2687980429070387,2.4569048163861567,2.2628264251322063,2.41552996635437,21432000
2001-07-16,2.4159568480039284,2.426620499460665,2.111402988433838,2.111402988433838,47587200
2001-07-17,2.1438200541475005,2.2393664266105446,2.143393579755807,2.2274231910705566,25587200
2001-07-18,2.2227316375811705,2.3754350488310787,2.2193191908556495,2.32041072845459,34240000
2001-07-19,2.3587993423589317,2.367330294883371,2.256428400208823,2.2619733810424805,18673600
2001-07-20,2.278609271524006,2.3310745869336165,2.2525900951514797,2.304628610610962,12840000
2001-07-23,2.3071869096959596,2.373301495380865,2.2478970522872825,2.2564280033111572,13001600
2001-07-24,2.2560030898074617,2.2734914795457177,2.1131101611691103,2.131878137588501,33152000
2001-07-25,2.135289434180381,2.257281459190765,2.1028718455481665,2.168133497238159,18169600
2001-07-26,2.1672812995200013,2.3485634344148423,2.1668546622001497,2.334913969039917,19180800
2001-07-27,2.2116418516513616,2.309747602044629,2.1950065768654716,2.305908679962158,41784000
2001-07-30,2.282021564682666,2.2990834732426966,2.1369958300656635,2.180077075958252,26702400
2001-07-31,2.1817827748777354,2.2052427714724074,2.1037247816444453,2.1877543926239014,19769600
2001-08-01,2.183916519903803,2.194153537318211,2.145953935122663,2.1711201667785645,16008000
2001-08-02,2.1736787278912932,2.2223049537077477,2.017989510383735,2.124199390411377,22876800
2001-08-03,2.137422834404058,2.249604520076105,2.1178017500899275,2.243206262588501,16446400
2001-08-06,2.2478981567233727,2.258135172810182,2.1860489348055006,2.2005515098571777,10548800
2001-08-07,2.2009772701354486,2.204389716199936,2.115668071095867,2.1689863204956055,15892800
2001-08-08,2.1741056574718844,2.193726740227081,2.0538196628916836,2.0619239807128906,17894400
2001-08-09,2.049553394317627,2.0674684100275718,1.9493151544476615,2.049553394317627,36788800
2001-08-10,2.043155633100789,2.073013726261427,2.0047664237308203,2.046567916870117,14108800
2001-08-13,2.0538188032005635,2.1689860789046675,2.0431551545083786,2.162161350250244,13208000
2001-08-14,2.1647213961492806,2.2060964187452803,2.15064529714529,2.174531936645508,20406400
2001-08-15,2.1732522640876795,2.246191603170501,2.1472329277247706,2.21846604347229,29171200
2001-08-16,2.207802484987334,2.2176131882226575,2.136995840724551,2.215480327606201,13700800
2001-08-17,2.1694132783927897,2.1809300414917945,2.0896492110564346,2.111402988433838,22878400
2001-08-20,2.111402478903178,2.181355989543651,2.0623496289540233,2.177943706512451,13158400
2001-08-21,2.1851953511622266,2.282021322112153,2.183915765106286,2.2073757648468018,17484800
2001-08-22,2.2274240911966174,2.346003871161235,2.168560675778345,2.3442976474761963,21414400
2001-08-23,2.3417377798675103,2.5520249865799998,2.341311142715611,2.5097968578338623,61936000
2001-08-24,2.5089432097420756,2.6061956321360946,2.4846301041435708,2.5810294151306152,41798400
2001-08-27,2.5699395439027755,2.708140513791625,2.5601290058335193,2.634347915649414,38153600
2001-08-28,2.6531163700010643,2.6616473232431668,2.574205255904617,2.6040635108947754,23424000
2001-08-29,2.610461485104001,2.6637797337265727,2.5541574275757153,2.6253905296325684,31905600
2001-08-30,2.6027837838899925,2.6573816213393533,2.566527275253334,2.6339216232299805,25155200
2001-08-31,2.625817738571399,2.634775167239218,2.5016928352556884,2.5895612239837646,19608000
2001-09-04,2.569513955075053,2.682975218985776,2.567807731506005,2.5887084007263184,21150400
2001-09-05,2.5976660425919023,2.5976660425919023,2.52600627847113,2.5469069480895996,24249600
2001-09-06,2.5635419719884815,2.612594838116437,2.503825616174474,2.5716464519500732,29342400
2001-09-07,2.5571440366067546,2.5656749915985615,2.456905600203281,2.510223865509033,27328000
2001-09-10,2.495293983853619,2.5656741356634467,2.4180891028700313,2.4697012901306152,28556800
2001-09-17,2.3984691316764173,2.4257680609465573,2.229130247484859,2.2594151496887207,37313600
2001-09-18,2.2632542198636987,2.2990841075535937,2.073014488976097,2.0922091007232666,29814400
2001-09-19,2.135289439139428,2.166853753565034,1.9706426490425948,2.1433937549591064,74510400
2001-09-20,2.0943405756040714,2.215479633427495,2.0721603291153494,2.177943706512451,36105600
2001-09-21,2.096474131677529,2.1412614393161573,1.9578466501633234,2.032918691635132,52030400
2001-09-24,2.082824673541124,2.1220668364335555,1.9902640857123215,2.067042350769043,36628800
2001-09-25,2.1075637128353844,2.2500300788381677,2.106284126944457,2.234247922897339,66969600
2001-09-26,2.2568555776931474,2.3387525196410235,2.23723449467444,2.3140127658843994,54180800
2001-09-27,2.3140124400705817,2.4586115324111932,2.2828745963474355,2.4236347675323486,53083200
2001-09-28,2.503825331643816,2.5123562851376366,2.359226247559685,2.395909070968628,74700800
2001-10-01,2.3767148619404472,2.456905409584325,2.326808884874713,2.4151039123535156,58582400
2001-10-02,2.4151039123535156,2.4151039123535156,2.4151039123535156,2.4151039123535156,0
2001-10-03,2.4151039123535156,2.4151039123535156,2.4151039123535156,2.4151039123535156,0
2001-10-04,2.6002250574295918,2.6019312809275643,2.40827930719723,2.494868278503418,264190400
2001-10-05,2.4760993727523952,2.504251400825989,2.427899631619869,2.43003249168396,66057600
2001-10-08,2.436004832644884,2.461171059358333,2.3976156180940547,2.4313127994537354,25304000
2001-10-09,2.433871898976115,2.54306758718767,2.4334452617921825,2.510650157928467,45464000
2001-10-10,2.5294174697075245,2.6979031537493703,2.5123557292096668,2.678708553314209,67321600
2001-10-11,2.7247763115437587,2.7849193002611847,2.628376809635911,2.6897995471954346,61715200
2001-10-12,2.6403206339145124,2.675297403876995,2.5699404567355644,2.650984287261963,26948800
2001-10-15,2.6467181907080093,2.7610327071053575,2.6424527953211667,2.7384254932403564,24689600
2001-10-16,2.759752673294529,2.7802270258443063,2.644585375809813,2.6842541694641113,22945600
2001-10-17,2.7089935764618214,2.710699799514569,2.5481858775284265,2.5541574954986572,29340800
2001-10-18,2.565673973354911,2.7128321970242917,2.559275718971735,2.678708553314209,53764800
2001-10-19,2.6637807688175745,2.7823607104777066,2.6390410137404325,2.7742562294006348,34440000
2001-10-22,2.777241940739957,2.9303718486378165,2.7512226001922016,2.885158061981201,52608000
2001-10-23,2.902646130643144,2.923973434099952,2.774682309902294,2.819469451904297,46595200
2001-10-24,2.820322763852962,2.930371403830173,2.753355043123643,2.928238868713379,48755200
2001-10-25,2.915443012016622,2.9495668358484894,2.836532035512945,2.9346377849578857,41472000
2001-10-26,2.83653126107195,2.9939268592445916,2.8198959909886905,2.8868637084960938,86025600
2001-10-29,2.938475767734033,2.9900878017041994,2.78918464742355,2.7960095405578613,88803200
2001-10-30,2.706435236950616,2.8126452952900465,2.6659133219146263,2.7563412189483643,56276800
2001-10-31,2.767857145267372,2.7896110837809287,2.671031177539228,2.6829745769500732,39950400
2001-11-01,2.683401822915691,2.729468885214749,2.6411736824748884,2.6970512866973877,43395200
2001-11-02,2.6970505643868545,2.7550606885658624,2.6556755468525624,2.6697516441345215,33817600
2001-11-05,2.6932121763469903,2.804540739730289,2.6919325900552753,2.7904646396636963,25080000
2001-11-06,2.789185297788623,2.8011285381297024,2.7111274355795816,2.7917444705963135,36272000
2001-11-07,2.7900382580363225,2.907764749932287,2.7896116208068054,2.8476219177246094,58030400
2001-11-08,2.864257340495909,2.8851580098367475,2.810512436762023,2.8245885372161865,35985600
2001-11-09,2.8262938445130916,2.828853016337305,2.696197186302817,2.73885178565979,24452800
2001-11-12,2.7341603265564944,2.744823978629982,2.65695558968167,2.716671943664551,27673600
2001-11-13,2.7486628780240845,2.8962477737592276,2.7486628780240845,2.8868637084960938,29620800
2001-11-14,2.9026461665356136,2.9295184520691024,2.8181899006136315,2.874920606613159,27617600
2001-11-15,2.8621247748640175,2.932504958964958,2.8254417777066525,2.872788429260254,26569600
2001-11-16,2.879184916550007,2.930796933039681,2.868521268710933,2.91160249710083,18560000
2001-11-19,2.927384583101311,3.0020301204093016,2.9116025920591433,2.9871010780334473,41169600
2001-11-20,2.9785712809354714,2.98582248601287,2.883451364263807,2.8988070487976074,20438400
2001-11-21,2.8919826056069797,2.9495662623772274,2.8877168843856853,2.9376230239868164,19144000
2001-11-23,2.9431679885254782,2.9623624321921533,2.9107503949230944,2.9516987800598145,4876800
2001-11-26,2.9623617178184043,3.0771026912298023,2.9516980682576057,3.040846347808838,43017600
2001-11-27,3.0259179269220717,3.142364821876779,3.0007515395507447,3.071131706237793,35038400
2001-11-28,3.0583358282335347,3.0728385668548537,2.9410356345708566,2.9538321495056152,27323200
2001-11-29,2.936769369418227,3.045965375057379,2.9034988309434344,3.0429792404174805,34976000
2001-11-30,3.0404202952447608,3.0877669344316736,3.0310362297585156,3.0800890922546387,15769600
2001-12-03,2.98369019337189,3.030610530282516,2.973026539606545,2.973879814147949,24224000
2001-12-04,2.97132062209919,2.9956337395092407,2.9150162181718247,2.947007179260254,22852800
2001-12-05,2.9542586925102547,2.96876110523989,2.8749210834758614,2.888570547103882,39849600
2001-12-06,2.9005135008779814,2.960656657616741,2.8855844523562917,2.9235470294952393,30240000
2001-12-07,2.9090434429434913,2.9389018566931275,2.8258671073147847,2.921839952468872,44913600
2001-12-10,2.883024153014136,2.898379834490354,2.7810796887534868,2.7823596000671387,25428800
2001-12-11,2.801981417237621,2.844636026966657,2.7375728654266993,2.746530294418335,28816000
2001-12-12,2.7328809584079394,2.7925974798694746,2.6283771272074685,2.759326934814453,29809600
2001-12-13,2.746957579941924,2.877053975062074,2.736720562311006,2.8348259925842285,29755200
2001-12-14,2.8216027273103523,2.8723614957095314,2.75591458395313,2.8245885372161865,24131200
2001-12-17,2.8318400016003404,2.9474339748231593,2.8262950185349456,2.9346377849578857,17112000
2001-12-18,2.9337844916481197,2.9721737118566836,2.873215013890664,2.921414613723755,14518400
2001-12-19,2.919707785997943,2.9389025548458383,2.8407968263223724,2.8646836280822754,17012800
2001-12-20,2.860418202123128,2.898380781107783,2.7618861516605824,2.764019012451172,23936000
2001-12-21,2.7337335773161855,2.84079673086628,2.6979038640235258,2.7883317470550537,30259200
2001-12-24,2.823735307014495,2.90989780924131,2.821602771579083,2.8429300785064697,10609600
2001-12-26,2.85529953439603,2.8979541419589046,2.8326926444563196,2.8501808643341064,10777600
2001-12-27,2.8565791987518603,2.8749206935231393,2.7448240067235035,2.7776682376861572,16764800
2001-12-28,2.784492821219658,2.8924089298345503,2.777668253008125,2.8471951484680176,12961600
2001-12-31,2.8535939802229313,2.9069122521799033,2.796436623462026,2.8032615184783936,28388800
2002-01-02,2.77382916328983,2.775962023905283,2.5848692329416307,2.620272636413574,83772800
2002-01-03,2.622831664985808,2.6812684267594284,2.492308518495501,2.5008394718170166,74672000
2002-01-04,2.497000836767389,2.6275238354830943,2.4701283876788063,2.618993043899536,64939200
2002-01-07,2.7316012901506213,2.738425858594325,2.6083294920800486,2.6241116523742676,57992000
2002-01-08,2.63434940570427,2.723497572956925,2.6211265769081997,2.7230710983276367,38624000
2002-01-09,2.7789474733579667,2.8557255641312325,2.7725492177696616,2.8070993423461914,59460800
2002-01-10,2.823734198502552,2.93463641133124,2.813497186316231,2.8911285400390625,52988800
2002-01-11,2.930370877269469,2.971745891160747,2.929944565580012,2.9482860565185547,35526400
2002-01-14,2.952552342158646,2.9807042173080616,2.9026465234195444,2.9303717613220215,47707200
2002-01-15,2.929090844539635,2.953830586762707,2.8680947630882527,2.9410340785980225,46972800
2002-01-16,2.9410346332579214,2.9922203501412286,2.9243993647637616,2.947859525680542,48488000
2002-01-17,2.8936891112288445,3.034876117237614,2.8570064393676335,2.9952073097229004,69851200
2002-01-18,2.9986196103932152,3.028477711176924,2.784066620311539,2.80411434173584,61004800
2002-01-22,2.8007016847676947,2.8749206107005865,2.7490893233132634,2.862550735473633,48814400
2002-01-23,2.8663894926074285,2.9367696600382134,2.8002750462678896,2.928238868713379,29366400
2002-01-24,2.9371966530598845,2.9858228854456903,2.830560121436824,2.8757739067077637,32852800
2002-01-25,2.869802163274697,2.9005135351270113,2.822882156468707,2.8860111236572266,22369600
2002-01-28,2.9017927746438748,2.9363429011348634,2.852313601238805,2.890702486038208,28776000
2002-01-29,2.8919827156578912,2.920561226526587,2.7802275192413477,2.8045406341552734,21587200
2002-01-30,2.805820219508792,2.8732145820308754,2.743117890164122,2.857858896255493,36268800
2002-01-31,2.8770534499776255,2.9589505523648874,2.785772606308165,2.7904646396636963,41329600
2002-02-01,2.816056207708765,3.0050160758376308,2.815629896069119,2.977717161178589,73140800
2002-02-04,2.959803389996634,2.9623625624837255,2.772549676351221,2.8045406341552734,39176000
2002-02-05,2.8169102757304714,2.9325042212550287,2.7879051300521778,2.8318393230438232,40156800
2002-02-06,2.837383837580527,2.862550220703876,2.6369073485455536,2.6642062664031982,39780800
2002-02-07,2.672737560844768,2.776388101997636,2.6347749881726497,2.702169179916382,56168000
2002-02-08,2.689799623477524,2.8578587194469143,2.6893729862799223,2.8527400493621826,42244800
2002-02-11,2.8570065467969927,2.920988475811809,2.8471958411593294,2.884305477142334,32396800
2002-02-12,2.8672426031552147,2.960229655169225,2.852739868217127,2.91202974319458,35689600
2002-02-13,2.9261063373589886,2.950846090584627,2.864257279723758,2.8706555366516113,26356800
2002-02-14,2.883451240748486,2.932930738888749,2.7874783792377307,2.7913174629211426,24196800
2002-02-15,2.813071771970953,2.8292807341925874,2.7618863633620543,2.80411434173584,18996800
2002-02-19,2.768284414139136,2.772549810299978,2.687240585367671,2.7516491413116455,31628800
2002-02-20,2.8109383099213074,2.8855838627052557,2.7358661200013907,2.8570053577423096,42590400
2002-02-21,2.8535935128139496,2.923973685354899,2.815204298207172,2.8604180812835693,57291200
2002-02-22,2.8599916722461742,2.885157735426222,2.7832132456431036,2.8361048698425293,27334400
2002-02-25,2.8642572302420866,2.8983807242196935,2.8280008755157535,2.878333330154419,41276800
2002-02-26,2.889849991755484,2.9666284242910135,2.879186338649375,2.9401824474334717,28574400
2002-02-27,2.9772914353002387,3.0557757490290416,2.9542579105070996,2.96065616607666,48984000
2002-02-28,2.96876199796055,3.052791665894148,2.949994183221504,3.0054450035095215,39945600
2002-03-01,2.9879555382678515,3.1756355605175486,2.915869143771124,3.145777463912964,43006400
2002-03-04,3.156440302245021,3.217863028479966,3.143217480791739,3.173502206802368,49518400
2002-03-05,3.163266796444749,3.2332203476756955,3.1090952464442565,3.113360643386841,47147200
2002-03-06,3.0289039397693514,3.132980966621718,3.024211906646585,3.122317314147949,62980800
2002-03-07,3.1180523335327397,3.1359671939718003,3.0293306550313583,3.0591890811920166,44761600
2002-03-08,3.0950183853165356,3.164971919407699,2.9917943076245566,3.081368923187256,20608800
2002-03-11,3.0668663742989057,3.1223171693333596,3.028477162088079,3.079662561416626,14531200
2002-03-12,3.053216782929896,3.089899770212472,3.0139746234183837,3.0489513874053955,10546400
2002-03-13,3.0719853683990017,3.160707049724688,3.0284778023150234,3.1120808124542236,13940800
2002-03-14,3.1214644470206507,3.175209348018353,3.0498046875,3.0498046875,14566400
2002-03-15,3.1095205620208035,3.1095205620208035,3.037007543103866,3.0702784061431885,18648800
2002-03-18,3.1257299167426633,3.2059207956143685,3.0967247675520415,3.1905651092529297,25471200
2002-03-19,3.246015581024856,3.327059400744133,3.205067196682542,3.2878172397613525,28681600
2002-03-20,3.258812371719564,3.2818459008964487,3.182887215596975,3.184593439102173,18408800
2002-03-21,3.1095207868904624,3.2972011150206786,3.0617475118702293,3.280139207839966,28693600
2002-03-22,3.270755468744634,3.305732235509647,3.178621356039423,3.182887077331543,17740800
2002-03-25,3.178621821487885,3.186299665337593,3.0728385567017904,3.0890471935272217,20594400
2002-03-26,3.09160586957983,3.153028278613894,3.0139745026020606,3.115492343902588,21471200
2002-03-27,3.1223174696781517,3.207626693717761,3.100990163668249,3.1905651092529297,18168800
2002-03-28,3.1990951614558085,3.1999481103101965,3.047244881929252,3.0702784061431885,15685600
2002-04-01,3.0498052459873564,3.1444985518474784,3.0250654889659176,3.1137871742248535,15008800
2002-04-02,3.093312010175683,3.1607063685091004,3.073690929666365,3.07710337638855,14102400
2002-04-03,3.147057603446313,3.147057603446313,2.986676151730718,3.0190937519073486,17757600
2002-04-04,2.9815562631842787,3.1061076027988035,2.9312238279388567,2.9772908687591553,24841600
2002-04-05,2.979851103475764,3.017387043409103,2.9005135022333093,2.9371964931488037,19705600
2002-04-08,2.931223972270267,2.9713193977839163,2.8450615036680107,2.967906951904297,18256000
2002-04-09,2.9875287442232494,3.011415220253017,2.8467684094962222,2.874920606613159,19488800
2002-04-10,2.9090446044804983,3.0608952547363826,2.908191655371656,3.0532174110412598,19844800
2002-04-11,3.0583346920742485,3.1265823124673804,3.01482714323096,3.0276236534118652,16122400
2002-04-12,3.028476831514641,3.067718988411638,2.950845466597192,3.0429792404174805,15109600
2002-04-15,3.0540695741050623,3.107814466138261,2.959376301379979,3.07369065284729,10322400
2002-04-16,3.1061093298191973,3.1547355692453816,3.061748487189729,3.1137871742248535,18048000
2002-04-17,3.1393795380089995,3.162413068713606,2.9312251380016776,3.019946813583374,16562400
2002-04-18,3.062600386260482,3.0685720041795572,2.8885695415163095,3.0267703533172607,25990400
2002-04-19,3.0378616599084185,3.0967249100499914,2.9644956717897495,3.0080032348632812,14176800
2002-04-22,2.9960600967995963,2.9969133713484077,2.8032613782372118,2.9107508659362793,26055200
2002-04-23,2.884304672318805,2.9380492433857825,2.8280006035137597,2.874920606613159,22449600
2002-04-24,2.891129880857949,2.943168565534576,2.843356918213624,2.922694206237793,19804000
2002-04-25,2.9226941231626586,2.9772923045925386,2.6829753913190126,2.7290422916412354,39519200
2002-04-26,2.738425010239305,2.7640180289039016,2.458610956727052,2.477379083633423,65795200
2002-04-29,2.4910286577027225,2.5251523045107636,2.3929229493973287,2.4850568771362305,35923200
2002-04-30,2.4645824904178673,2.707713718740818,2.4023068196730155,2.6548221111297607,53964800
2002-05-01,2.7776685026246137,2.9064852900888605,2.7776685026246137,2.823735237121582,70383200
2002-05-02,2.79899544602011,2.873214371544756,2.7879051570105973,2.806673288345337,28734400
2002-05-03,2.788758566026631,2.78961184055288,2.655676214958886,2.72648286819458,33371200
2002-05-06,2.725629366687437,2.729894762167561,2.5294180830279993,2.5456268787384033,31269600
2002-05-07,2.5874287976619352,2.6659132914714316,2.5874287976619352,2.6258180141448975,25175200
2002-05-08,2.781080066772908,2.978997404447532,2.7512219739711,2.9704666137695312,40427200
2002-05-09,2.9602294415701236,3.018239726279048,2.8791856327477623,2.900512933731079,28360000
2002-05-10,2.908191249487649,2.917575315519647,2.724776463655304,2.7802274227142334,20476000
2002-05-13,2.7853459244124945,2.9849694951179737,2.78022725449688,2.9474332332611084,27251200
2002-05-14,3.070279021222131,3.207626594309069,3.0438330454350577,3.205920696258545,51308000
2002-05-15,3.164972017357443,3.2502812396628067,3.1009901006284206,3.17264986038208,42401600
2002-05-16,3.1692363531625753,3.1700893018240057,3.0190920053110735,3.086486339569092,31129600
2002-05-17,3.1206108733523723,3.1666775967006067,3.0668659831125096,3.152175188064575,18528000
2002-05-20,3.1393785474641898,3.1649712428068306,3.0506568998761763,3.10098934173584,18822400
2002-05-21,3.1291424307247193,3.1777686634328726,2.9926477995139162,3.024212121963501,22634400
2002-05-22,3.0139737864214564,3.0540688837317145,2.9448732265704063,3.0114142894744873,20817600
2002-05-23,3.019093132277033,3.2545467530250645,2.9602298898044435,3.2417502403259277,24555200
2002-05-24,3.2246884347600466,3.2408973947533104,3.114639463408417,3.1607065200805664,24968800
2002-05-28,3.1735034849944768,3.240897856154612,3.0549237049751135,3.237485408782959,23564800
2002-05-29,3.2178648928073432,3.2579600175038577,2.8612722152183894,3.015681743621826,65180800
2002-05-30,3.0847816730375204,3.1479106449784524,2.988382154228226,3.140232801437378,29335200
2002-05-31,3.1206105704844966,3.163265168820728,3.0327418766203036,3.042125940322876,19960000
2002-06-03,3.058335822706754,3.121464797279845,2.914163338456292,2.9252536296844482,17789600
2002-06-04,2.9167222982798178,3.021652606434673,2.837384692650486,2.9303717613220215,30029600
2002-06-05,2.9414611548172687,3.024211182331872,2.862976847613588,2.920987129211426,21641600
2002-06-06,2.9107501079490246,2.917575000846689,2.7077142629611686,2.733307123184204,24182400
2002-06-07,2.644586172121789,2.7418386438021614,2.5533053206022194,2.7290422916412354,38385600
2002-06-10,2.7298945110435544,2.8919821278082796,2.721363558153665,2.807525873184204,24237600
2002-06-11,2.821175754809209,2.853593348098032,2.569513664548885,2.601931095123291,31561600
2002-06-12,2.5951060749610173,2.6650595984379235,2.5004128034321136,2.595959186553955,35413600
2002-06-13,2.601931606610746,2.725630059551791,2.584016745782919,2.673591375350952,24829600
2002-06-14,2.6599411215138704,2.8783328103304484,2.593399880945857,2.809232234954834,32278400
2002-06-17,2.828001142872073,3.0626015285410446,2.8203232990512053,3.0591890811920166,43168800
2002-06-18,3.0207991115931034,3.079662349309703,2.977291557703236,3.0284769535064697,33316000
2002-06-19,3.0080035642783316,3.098431472978829,2.974733013796982,2.9764392375946045,31474400
2002-06-20,2.954258095803689,2.957670216949845,2.7844926211301577,2.7972891330718994,29532000
2002-06-21,2.7768154698190672,2.829707103173354,2.6531171795641106,2.6599419116973877,37153600
2002-06-24,2.6539690704946706,2.9098966518279465,2.650556624640661,2.8254404067993164,35714400
2002-06-25,2.828000735747284,2.928665640049446,2.7290418921595823,2.7426915168762207,27877600
2002-06-26,2.6531163390142507,2.857005451990156,2.5968122760741323,2.7896111011505127,38527200
2002-06-27,2.8280003674449894,2.85785845998978,2.692358551373623,2.770843029022217,31277600
2002-06-28,2.7913172286816192,2.887716393845242,2.7836393873879093,2.804966688156128,28886400
2002-07-01,2.7981429578642163,2.806674076972025,2.569514335352106,2.584869861602783,41768000
2002-07-02,2.486763113577448,2.560982188160617,2.354533920464694,2.3818328380584717,57622400
2002-07-03,2.39377660619639,2.4952946209506592,2.2948179265536197,2.494441509246826,35209600
2002-07-05,2.536243242160021,2.642026662550274,2.5336840695250986,2.635201930999756,12375200
2002-07-08,2.638614415037584,2.7469571722925457,2.5891350699256668,2.597666025161743,26322400
2002-07-09,2.613021365144526,2.656529087338779,2.5038256665058602,2.5242998600006104,20784000
2002-07-10,2.5132099033508832,2.538802770648124,2.252163698291489,2.2649600505828857,46590400
2002-07-11,2.2692252304294747,2.4577585240306647,2.22486439803587,2.4355781078338623,45236000
2002-07-12,2.4782323318729884,2.528564775671746,2.308467034016688,2.4722607135772705,37720800
2002-07-15,2.47396641660575,2.511502504348755,2.2939639804323915,2.511502504348755,28074400
2002-07-16,2.4731145523846374,2.7068618225116956,2.4722614405609016,2.6889469623565674,35560800
2002-07-17,2.7520749045863413,2.955964184895769,2.751221955695729,2.940608501434326,56557600
2002-07-18,2.9303713890768046,2.9431679014284593,2.78278648698417,2.806673288345337,42335200
2002-07-19,2.7853457477017596,2.786198696585838,2.662500280951262,2.7094204425811768,32723200
2002-07-22,2.7017436775025723,2.815204961881964,2.5080916607701296,2.6147282123565674,37229600
2002-07-23,2.632643177741042,2.6360554627026556,2.4739679405217117,2.4782333374023438,42470400
2002-07-24,2.4338725381241826,2.638614670001648,2.3383261231336574,2.593400716781616,58984800
2002-07-25,2.6863879269235302,2.6880941507615677,2.33406084009187,2.4782333374023438,100245600
2002-07-26,2.451786220810782,2.4611702842376633,2.3485621739725833,2.4006006717681885,45924000
2002-07-29,2.4227820331689904,2.497001132832686,2.3801274193360347,2.473114490509033,48996800
2002-07-30,2.4475214585237857,2.6096089367732036,2.390364277156871,2.5157687664031982,56983200
2002-07-31,2.47396673282189,2.6019305293471606,2.4355775287785564,2.5993711948394775,39022400
2002-08-01,2.5968121551375947,2.61899256718928,2.525152412421194,2.5422141551971436,34048800
2002-08-02,2.466289758682251,2.5277123440214684,2.401454726133635,2.466289758682251,63669600
2002-08-05,2.5942525897163784,2.7341596165193005,2.523445964844854,2.6326417922973633,63880800
2002-08-06,2.6326417922973633,2.6326417922973633,2.6326417922973633,2.6326417922973633,0
2002-08-07,2.8655370018462096,2.8843051362764673,2.6369082431515283,2.7128334045410156,100901600
2002-08-08,2.729894674618078,2.9568171564285537,2.6693252146279027,2.932077407836914,57801600
2002-08-09,2.8988070615350803,2.9644951955674586,2.8450621654306203,2.9013662338256836,34506400
2002-08-12,2.8808923364986314,2.977291844145663,2.8638304277797735,2.955111265182495,22600000
2002-08-13,2.9218402823340606,2.970466503334222,2.7674305035439395,2.8024072647094727,33809600
2002-08-14,2.8186167478569617,3.0284773540032783,2.7452507655223504,3.0216524600982666,35903200
2002-08-15,3.0114144978688144,3.0711309990471483,2.870654522336404,2.967906951904297,37748800
2002-08-16,2.9354902345293397,3.0045908195858653,2.879186162589194,2.961082935333252,24712000
2002-08-19,2.963641738487045,2.977291197411395,2.8578581877517535,2.9482860565185547,21939200
2002-08-20,2.926959237405084,3.0284770844914055,2.9022194873443494,2.9892349243164062,34628800
2002-08-21,3.019946961705586,3.0873410080777006,3.000325551846439,3.078810214996338,32555200
2002-08-22,3.0864879458852985,3.1777687953136895,3.0267714202164453,3.159853935241699,29474400
2002-08-23,3.15132144614582,3.1769144641766878,3.0753963170737273,3.116344690322876,29847200
2002-08-26,3.1171995611030625,3.1325552496152085,2.9943540530058956,3.091606855392456,34756800
2002-08-27,3.1078140415362188,3.1095202645105364,2.8322653770446777,2.8322653770446777,42241600
2002-08-28,2.7000367246304604,2.8305598871089224,2.6889465978541094,2.7827866077423096,38296800
2002-08-29,2.797289067755716,2.9005131335222707,2.7196575371318383,2.8971006870269775,24636800
2002-08-30,2.8578585300930603,2.862123925499975,2.721363761784541,2.7367196083068848,24457600
2002-09-03,2.677003133814472,2.6846809762926447,2.59766569939738,2.601931095123291,33864800
2002-09-04,2.600224734508112,2.697477346527201,2.5729258127885113,2.6659128665924072,26491200
2002-09-05,2.6394664009598485,2.640319512391003,2.5405077529471405,2.5618350505828857,26188000
2002-09-06,2.6070495173525434,2.7776681069591396,2.6061964056923532,2.7512221336364746,26996800
2002-09-09,2.727336017470732,2.8134983590736753,2.6343489439940133,2.7844932079315186,29288800
2002-09-10,2.7077142726406938,2.829706304763304,2.690652528478747,2.826294183731079,23420800
2002-09-11,2.8612706784326023,2.8996598839521193,2.7853455416433226,2.7870514392852783,13495200
2002-09-12,2.776814529475698,2.776814529475698,2.616433297298125,2.627523422241211,23378400
2002-09-13,2.5985184173145686,2.7674306113861133,2.560982482663827,2.733307123184204,26143200
2002-09-16,2.700036744726267,2.762312598165104,2.6735909324362757,2.7426915168762207,13741600
2002-09-17,2.7879044381846825,2.8552987783928074,2.715391591984286,2.7298941612243652,26654400
2002-09-18,2.695770876834117,2.934636745475901,2.6949177652690572,2.900512933731079,39977600
2002-09-19,2.854446240210016,2.920987648838262,2.7938767759936822,2.806673288345337,40565600
2002-09-20,2.8527389763185886,2.8988060134667952,2.7708422383409164,2.862976312637329,37915200
2002-09-23,2.9602297444547223,2.9602297444547223,2.7426913172525658,2.816056966781616,52649600
2002-09-24,2.8152043324308638,2.888570315587073,2.760606482294761,2.8228821754455566,33999200
2002-09-25,2.8493283430614693,2.9431683636138373,2.8450626213218246,2.9261064529418945,30603200
2002-09-26,2.9226943742080884,2.9824109063743673,2.798996238455912,2.884305477142334,33584800
2002-09-27,2.883450334417393,2.969612791908895,2.8450611367938876,2.862976312637329,37198400
2002-09-30,2.8271475371006467,2.900513519364965,2.7896115969456043,2.8604180812835693,27027200
2002-10-01,2.830559191856457,2.9713194975435298,2.78961081621247,2.966200828552246,23951200
2002-10-02,2.951698100364712,2.9986184192856093,2.7725489159660994,2.8109381198883057,31014400
2002-10-03,2.8117921484417394,2.8407972997181545,2.7316015892323042,2.732454538345337,32450400
2002-10-04,2.754633768943015,2.8024067061276097,2.6113143065317765,2.631788492202759,27719200
2002-10-07,2.628376550218733,2.785345662536872,2.6275234386463393,2.727335214614868,35788000
2002-10-08,2.7435444752602556,2.8271474709883915,2.687240403629925,2.717951774597168,26071200
2002-10-09,2.718804651706005,2.879185898298359,2.67870921802211,2.7972891330718994,31351200
2002-10-10,2.764019044646329,2.95084613189625,2.7443976363451825,2.92866587638855,33471200
2002-10-11,2.975584408713806,2.983262248238507,2.833971177258315,2.862976312637329,29812000
2002-10-14,2.849328047874392,3.013121592326914,2.81946962593457,3.0105624198913574,22844000
2002-10-15,3.042126199243151,3.1137859435642468,2.8774794096176426,2.900512933731079,43162400
2002-10-16,2.8749207730757145,2.971320282594268,2.836531559070198,2.9090442657470703,35995200
2002-10-17,2.9406094278066464,2.9858232181151405,2.9175758953582895,2.967055082321167,27501600
2002-10-18,2.921839952468872,2.971319442176337,2.8663888450972306,2.921839952468872,18321600
2002-10-21,2.9243999812330235,2.96278919563083,2.861271340160053,2.950845956802368,19167200
2002-10-22,2.9312247810582375,3.0105623797922054,2.909044202149364,2.9935004711151123,30715200
2002-10-23,3.005443612935699,3.0225055210642537,2.8757735667590487,2.9431679248809814,24035200
2002-10-24,2.9559647151151265,2.9696141778148832,2.768284358921825,2.7716968059539795,26832000
2002-10-25,2.7896107769129603,2.928664857643971,2.7896107769129603,2.9243991374969482,19121600
2002-10-28,2.9218406508469643,2.9644952588885256,2.872361149312913,2.8919825553894043,22755200
2002-10-29,2.913308972793771,2.9389016647442374,2.8203219425450468,2.8894221782684326,22209600
2002-10-30,2.894541760836321,3.0131215204793134,2.894541760836321,2.9516987800598145,27218400
2002-10-31,2.955111479505906,3.002884762297761,2.9320779498792366,2.9636425971984863,23195200
2002-11-01,3.062601761806422,3.1163463472171005,2.9644960083373606,3.1137871742248535,44453600
2002-11-04,3.1393790712646674,3.163265872941548,3.081368778580407,3.118051767349243,21634400
2002-11-05,3.1044016195090354,3.138525428400821,3.0028837924705507,3.1189043521881104,24318400
2002-11-06,3.1368187895159547,3.269901236034574,3.124022281520979,3.266488790512085,33641600
2002-11-07,3.244309686089102,3.3057324315348566,3.163266183594564,3.1905651092529297,24134400
2002-11-08,3.191417416406136,3.1922703652862765,3.0020308729927994,3.041273355484009,33768800
2002-11-11,3.0429801819139586,3.123171069129654,3.0097096331452753,3.0404210090637207,19010400
2002-11-12,3.0540704101684746,3.092459629272812,2.9917947104787235,3.0591890811920166,18331200
2002-11-13,3.0455383862926766,3.070278131430593,2.9662008073529855,3.042125940322876,26050400
2002-11-14,3.0608949547999806,3.207626594309069,3.0387143749969248,3.205920696258545,22625600
2002-11-15,3.1026956734766165,3.172649195063135,3.0429791652999136,3.083927869796753,27590400
2002-11-18,3.098431058426414,3.1206116393989545,3.01653427967135,3.05151104927063,19007200
2002-11-19,3.002884169429697,3.0711314703517534,2.987528486043634,3.0327422618865967,18188000
2002-11-20,3.0250647425637145,3.1052556144429815,3.0199463978421175,3.094165325164795,19789600
2002-11-21,3.0933120946327035,3.2536935152371753,3.0933120946327035,3.231513261795044,24431200
2002-11-22,3.2272482324633676,3.3688615370932506,3.2016552038708013,3.3671553134918213,32173600
2002-11-25,3.3611838554487923,3.4123692642408483,3.3449748931691574,3.387629508972168,23698400
2002-11-26,3.359476940202993,3.3611831635353475,3.1112271403498744,3.136819839477539,27869600
2002-11-27,3.161559502601476,3.3790979273400543,3.158147056030727,3.32450008392334,23883200
2002-11-29,3.3355903655417163,3.368007960200695,3.2716084506623058,3.362889289855957,9527200
2002-12-02,3.3432681062414504,3.403837897803423,3.2076264378224244,3.2579588890075684,26440000
2002-12-03,3.2374845850100558,3.2494278223430113,3.135113467910877,3.1462037563323975,18724800
2002-12-04,3.0532162162499143,3.2195692142606918,3.028476471199188,3.2084789276123047,40196000
2002-12-05,3.2204226887356837,3.391041109330952,3.2110386235343342,3.3048789501190186,37589600
2002-12-06,3.289523694126206,3.368008021603294,3.266490165298229,3.3398561477661133,18875200
2002-12-09,3.326205885914218,3.3714196582490423,3.264783157135758,3.2673423290252686,21385600
2002-12-10,3.29293581570483,3.3057323290857354,3.167531481544682,3.205920696258545,30695200
2002-12-11,3.1777678703590055,3.199095171502355,3.1419381606439982,3.192270278930664,21178400
2002-12-12,3.1973893002885085,3.2306598416655365,3.1206112029789423,3.1888585090637207,42668000
2002-12-13,3.036154698842943,3.101842827472535,3.010562001755403,3.043832540512085,135316800
2002-12-16,3.049804483018415,3.1436444907859094,2.9986190834050244,3.105255603790283,51323200
2002-12-17,3.102696228103558,3.1137865177801123,3.043832983688949,3.081368923187256,28709600
2002-12-18,3.1137864018407324,3.1163455741981685,3.0233585152082374,3.066866397857666,27693600
2002-12-19,3.0600411597062758,3.122316841678049,3.0267706210912406,3.041273355484009,38816800
2002-12-20,3.054069944966114,3.0950183306304324,3.0216523509460465,3.04809832572937,27512800
2002-12-23,3.0685732463702453,3.130848948042438,3.0557767311184807,3.1120808124542236,17853600
2002-12-24,3.105254230283314,3.1308469187699264,3.064305538190306,3.0753958225250244,6088800
2002-12-26,3.0796627565754546,3.1163457477427605,3.0199465620508668,3.0216524600982666,14108000
2002-12-27,3.0216522990489842,3.0310363649537932,2.9380493057416155,2.9491395950317383,16193600
2002-12-30,2.9397554453288692,2.946580338675581,2.874067311296491,2.9013662338256836,27474400
2002-12-31,2.91757483960349,2.9866750865150125,2.874066963357403,2.900512933731079,16780000
2003-01-02,2.9005140684594393,2.98582330576707,2.897954895477463,2.9764392375946045,21183200
2003-01-03,2.973025245569755,3.048950700692016,2.9653474051834023,3.029329299926758,19688800
2003-01-06,3.0276249873870804,3.1351144836373526,3.0148284715680145,3.1137871742248535,26212800
2003-01-07,3.1061089918373512,3.1308487461668086,3.0335962778966725,3.1018435955047607,22567200
2003-01-08,3.1308475780149534,3.1317005267916755,2.9627883566987174,2.9653475284576416,22393600
2003-01-09,2.987528602966531,3.087340223453466,2.9858223796981034,3.056629180908203,18644000
2003-01-10,3.0438336576291567,3.1607072233275835,2.991794970042793,3.1581480503082275,19313600
2003-01-13,3.176914072724721,3.2221278349316322,3.1547335032215065,3.2153029441833496,16394400
2003-01-14,3.206773510526976,3.2426032258016897,3.1410853737611615,3.231513261795044,16760000
2003-01-15,3.2306600540958237,3.254546856867779,3.1009900012939484,3.1607065200805664,16696000
2003-01-16,3.1700904851542013,3.274167833849261,3.168384261765727,3.2417502403259277,25699200
2003-01-17,3.1496155605154907,3.2187161308265204,3.100136392910222,3.10098934173584,27116800
2003-01-21,3.1078144888344683,3.12999473983542,3.0557758196286624,3.06089448928833,19090400
2003-01-22,3.050657912856962,3.112080662417944,3.022506036260769,3.0532174110412598,22470400
2003-01-23,3.0719838870267697,3.0992831280948865,2.990940414276051,3.065159320831299,17024800
2003-01-24,3.085633631641331,3.0975771930938047,2.94743281769331,2.980703353881836,20812000
2003-01-27,2.978996766186217,3.0250638070065152,2.9380483939333075,2.9772908687591553,19677600
2003-01-28,2.982410459142305,3.0591888926182214,2.9261063830695897,3.05151104927063,14251200
2003-01-29,3.0489515445035646,3.14193860361566,2.9917942001579916,3.094165325164795,29707200
2003-01-30,3.098430638301897,3.186299024920903,3.098430638301897,3.125729560852051,33582400
2003-01-31,3.0668654534016904,3.1171978886471123,2.9687597544801734,2.9772908687591553,48307200
2003-02-03,2.9935001455041452,2.994353094402244,2.888569857882504,2.9457268714904785,35530400
2003-02-04,2.9371962129928972,2.9371962129928972,2.8152040130593528,2.8544461727142334,27248800
2003-02-05,2.8732143036051845,2.931224594151016,2.833118869584996,2.8544461727142334,23584000
2003-02-06,2.8493282305113437,2.927812560901674,2.8339725440560413,2.8706555366516113,19242400
2003-02-07,2.880039391152029,2.9218410560180743,2.8314131572759655,2.885158061981201,19376000
2003-02-10,2.8894236571308087,2.947433962137976,2.860418504627225,2.922694206237793,21386400
2003-02-11,2.9815569439014804,3.010562088214694,2.926959101765739,2.9875285625457764,35326400
2003-02-12,2.9499929520987034,2.9858226679077506,2.902219672257795,2.903925895690918,17904800
2003-02-13,2.917574738051635,2.917574738051635,2.737572271949171,2.7870514392852783,60876000
2003-02-14,2.8032606678798127,2.8194693004821105,2.746956602794853,2.815203905105591,18796000
2003-02-18,2.7631660012496257,2.795583600868048,2.702596524000417,2.755488157272339,41393600
2003-02-19,2.760605812072754,2.8100849797101852,2.734159842458527,2.760605812072754,18345600
2003-02-20,2.7725496660196134,2.7810804578973642,2.665060028672814,2.762312650680542,34747200
2003-02-21,2.7682841229294337,2.8646836280822754,2.757193833734794,2.8646836280822754,37500800
2003-02-24,2.8646826472251834,2.86980099015572,2.7742547921172833,2.7853450775146484,15033600
2003-02-25,2.7759618045735173,2.8041136749859152,2.7043020543026675,2.796435832977295,33140000
2003-02-26,2.7810804241009577,2.853593455896045,2.7682842364398335,2.7998485565185547,22680800
2003-02-27,2.8399438773514767,2.8919825511545936,2.8058200607966626,2.8646836280822754,21226400
2003-02-28,2.868095345116377,2.909043723952891,2.8365310307811287,2.900512933731079,19213600
2003-03-03,2.9175751928097102,2.9653481445213843,2.878333032352599,2.9013662338256836,17308000
2003-03-04,2.893688463966102,2.929518504075659,2.8783331044092457,2.880892276763916,16124000
2003-03-05,2.8791860022714992,2.9218406097125587,2.8331189481322365,2.874920606613159,17616000
2003-03-06,2.8885707460697843,2.930372088934753,2.8527406981851917,2.912457227706909,18944000
2003-03-07,2.9730266687122056,3.1658257194022412,2.9516993602553634,3.1393797397613525,77480800
2003-03-10,3.1470570409211645,3.2844049357578347,3.1453508174874916,3.2238354682922363,61536000
2003-03-11,3.2332187767087084,3.2451620125164964,3.149615475196657,3.182033061981201,27512000
2003-03-12,3.1615598271658603,3.239191204761508,3.136820075131384,3.229807138442993,27400000
2003-03-13,3.2298081680231876,3.408104508624736,3.2298081680231876,3.403839111328125,45447200
2003-03-14,3.3859219795475877,3.3953060434740188,3.3074376729424664,3.34838604927063,31100800
2003-03-17,3.3398550200916985,3.4925582275029456,3.327058511031618,3.4899990558624268,51152000
2003-03-18,3.470378941538387,3.553981934374685,3.435402175908621,3.4925591945648193,38759200
2003-03-19,3.4976780274566592,3.540332637547594,3.4362552847884813,3.4814693927764893,27080800
2003-03-20,3.465259371804173,3.5198572039372347,3.3748318343695702,3.4848804473876953,24973600
2003-03-21,3.4959717357013598,3.582987177638323,3.4882938930178384,3.54289174079895,27302400
2003-03-24,3.496824298355405,3.4976772471782502,3.3918936945627345,3.409808874130249,29276800
2003-03-25,3.431988641566315,3.5514216365865483,3.4294294700281784,3.5130324363708496,25531200
2003-03-26,3.513034207561932,3.5531296508278327,3.4379619921158504,3.4567301273345947,25337600
2003-03-27,3.4951185033026184,3.6853580061144466,3.490852782379671,3.6682960987091064,51692800
2003-03-28,3.6503809429842433,3.6520871661277203,3.5787211981021625,3.58298659324646,51131200
2003-03-31,3.553128626390482,3.650381070977087,3.5232702084759,3.5821337699890137,30146400
2003-04-01,3.5829880177887996,3.6375858783721924,3.5710447764647975,3.6375858783721924,28619200
2003-04-02,3.7109504910014373,3.736543187922584,3.669148836534819,3.7254528999328613,27303200
2003-04-03,3.743369040486785,3.898631810438058,3.7015673753019587,3.8030855655670166,53831200
2003-04-04,3.8269724402496146,3.8397686305969727,3.752753494862411,3.7664029598236084,26552800
2003-04-07,3.8389129685666457,3.9242221456459045,3.5556865266978015,3.662322998046875,41120800
2003-04-08,3.6682960858827975,3.705832021700248,3.6213760847537806,3.6657369136810303,39795200
2003-04-09,3.6648834389076947,3.710097539715469,3.5224172200341943,3.5266826152801514,27255200
2003-04-10,3.5300946775649473,3.651233581599638,3.46184738476873,3.6418495178222656,38297600
2003-04-11,3.6478214018020845,3.7058316862693554,3.5403319484826037,3.565924644470215,23489600
2003-04-14,3.577014452187915,3.612844156678148,3.542890645163056,3.5906639099121094,19980800
2003-04-15,3.592370655418977,3.6973009379567165,3.5616592897145094,3.6597650051116943,24416800
2003-04-16,3.6512343477114158,3.7263065482534863,3.6085797400852804,3.6341724395751953,27103200
2003-04-17,3.652940505985157,3.779198103257584,3.652087557036516,3.7570178508758545,21518400
2003-04-21,3.759576244301356,3.791993829923962,3.692181901311566,3.7237465381622314,21675200
2003-04-22,3.7527520772045295,3.7962596286361863,3.693035568522247,3.7937004566192627,16436800
2003-04-23,3.8005254559274917,3.924223882527718,3.7877292689591546,3.8943657875061035,32264800
2003-04-24,3.7817576287533634,4.060718473330889,3.7459275894994697,3.986499547958374,59239200
2003-04-25,3.974555730840419,4.027447344915691,3.9156924986644928,3.936166524887085,27359200
2003-04-28,3.9336082453692645,3.992471490899272,3.9122809400488316,3.9549355506896973,24059200
2003-04-29,3.9643184088394476,3.999295165887456,3.924222982920235,3.9523751735687256,19619200
2003-04-30,3.929341957955814,4.010385439444344,3.924223288685776,3.936166524887085,17889600
2003-05-01,3.9370213061198713,3.9600545130795117,3.8337968849499724,3.9293434619903564,26698400
2003-05-02,3.94299203639563,4.094842335534474,3.9327546962480358,4.030860424041748,29995200
2003-05-05,4.074367433927235,4.083751498422196,3.9438444561342263,3.9839398860931396,26413600
2003-05-06,3.981381451424623,4.020623943008335,3.8389151991294557,3.8892476558685303,30092000
2003-05-07,3.8687722462904195,3.9404319902056533,3.8508573916688076,3.8773033618927,19590400
2003-05-08,3.8551235622121656,3.9489639001404915,3.822706292689132,3.899484395980835,29244000
2003-05-09,3.9063101350247784,4.005268839326454,3.881570377592129,3.983088254928589,22740800
2003-05-12,3.968584172307684,4.078633122549468,3.934460360852798,4.046215534210205,22144000
2003-05-13,4.044509829274098,4.069249579477089,3.996736552202338,3.9975898265838623,23038400
2003-05-14,3.991618080698324,4.071808622283846,3.9839402386528837,4.05048131942749,14128000
2003-05-15,4.052187256801288,4.1682078282225214,4.043656466432171,4.148586750030518,25495200
2003-05-16,4.160529776987785,4.180150854190696,4.037684644549601,4.047921657562256,27463200
2003-05-19,4.0777803340446015,4.181857678494357,3.9839403295081097,4.007826805114746,38146400
2003-05-20,4.044509634549187,4.060718267300692,3.877303660991481,3.9242236614227295,21255200
2003-05-21,3.8901000664211627,3.9668784899464975,3.8602419713995486,3.8943657875061035,25628800
2003-05-22,3.893511982364205,4.064983663053271,3.88924658728954,4.046215534210205,23192800
2003-05-23,4.034272028129256,4.1033722698341535,3.9754084735761808,4.094841480255127,24133600
2003-05-27,4.146028205923083,4.4147523949155785,4.118729279950186,4.405368328094482,51430400
2003-05-28,4.394276963993168,4.448875128026934,4.260341539468832,4.286787509918213,41199200
2003-05-29,4.3029954961324615,4.372949007031057,4.254369283079261,4.308967113494873,24846400
2003-05-30,4.341385580825528,4.500913710053508,4.277403674268825,4.458259105682373,37945600
2003-06-02,4.540156961522875,4.58537074566851,4.238162233379641,4.300437927246094,43196800
2003-06-03,4.3038503742760295,4.34138631531874,4.204038413938005,4.300437927246094,27894400
2003-06-04,4.302144538603328,4.412193524523317,4.252665028495221,4.359301567077637,28734400
2003-06-05,4.393424259880781,4.580251310282506,4.3379731439049385,4.551246166229248,23932800
2003-06-06,4.612669357848977,4.738926960523932,4.436079303901068,4.453141212463379,53762400
2003-06-09,4.453140032608213,4.459111650208523,4.215127301068768,4.237307548522949,35608800
2003-06-10,4.285934831471054,4.326029938672552,4.192947780033763,4.314939975738525,26852800
2003-06-11,4.456554048621006,4.5009145591583195,4.393425079053669,4.457406997680664,35044000
2003-06-12,4.481292056670621,4.488969897490412,4.320057724883773,4.47361421585083,27116800
2003-06-13,4.478732793011242,4.618639822476707,4.442049812672279,4.590487957000732,40880800
2003-06-16,4.677503361644063,4.825941180087209,4.609255744665082,4.8105854988098145,38910400
2003-06-17,4.885657871305016,4.885657871305016,4.7005367400427644,4.804614067077637,32820800
2003-06-18,4.773051072983615,4.77390402202153,4.557218518358988,4.6041388511657715,33280800
2003-06-19,4.6177880427666675,4.628025057765152,4.328589846985994,4.3763628005981445,45424800
2003-06-20,4.413899611898963,4.586223966549666,4.376363343202515,4.585371017456055,46688800
2003-06-23,4.593048099436699,4.632290259813591,4.404514814408355,4.475321292877197,27157600
2003-06-24,4.402809896343002,4.570869202053993,4.4011036725039805,4.504327774047852,26618400
2003-06-25,4.48043864830837,4.690299175284912,4.474467031108701,4.564041614532471,33360800
2003-06-26,4.5154160891185375,4.689446939348629,4.5154160891185375,4.615227699279785,24585600
2003-06-27,4.781581855823925,4.894190003484545,4.747458362082775,4.803762435913086,54411200
2003-06-30,4.825942326953404,4.860066143552286,4.686035264669891,4.738926887512207,27168800
2003-07-01,4.676651854576763,4.720159743112295,4.570868594059588,4.692007541656494,29217600
2003-07-02,4.691153737478168,4.90527971761494,4.691153737478168,4.808027267456055,49141600
2003-07-03,4.799496616716854,5.011916719595645,4.796937444231315,4.9530534744262695,27492000
2003-07-07,5.0059449343715565,5.095519548115954,4.982058457487408,5.04348087310791,24982400
2003-07-08,5.032390807208609,5.094666495987875,4.964143173900362,5.0315375328063965,20909600
2003-07-09,5.04006912889243,5.095519929441581,4.983764728431073,5.058836936950684,14100800
2003-07-10,5.0136233370284184,5.032391471207431,4.926607885965102,4.970968723297119,18610400
2003-07-11,4.986325265556883,5.097227215195005,4.98376576700235,5.057131767272949,17257600
2003-07-14,5.373628585307756,5.813824202729309,5.365950741527135,5.737045764923096,103513600
2003-07-15,5.779698483606793,6.023682855426179,5.717422479251118,5.895719051361084,87631200
2003-07-16,5.880364875028986,5.8863364947139525,5.673063433311273,5.741311073303223,46595200
2003-07-17,5.672210289018959,5.806999023125095,5.524625691621146,5.5698394775390625,37294400
2003-07-18,5.639792483595884,5.748988179070739,5.588607082699257,5.674768924713135,26017600
2003-07-21,5.664531363660032,5.705479417735123,5.528889388749528,5.604814529418945,22230400
2003-07-22,5.56983763942615,5.730218698045723,5.465760313282292,5.659411907196045,33538400
2003-07-23,5.702920814179018,5.773727617861458,5.550217243325353,5.638938903808594,32279200
2003-07-24,5.693536800504064,5.76860932590545,5.626995717249313,5.640645503997803,23491200
2003-07-25,5.6542949856424,5.824060150847349,5.620171167542197,5.818088531494141,18410400
2003-07-28,5.841120112097986,5.933254189854782,5.807849581384272,5.882068157196045,17036800
2003-07-29,5.928990009814984,5.971644614202142,5.7361910157448985,5.970791339874268,25471200
2003-07-30,5.971644666305771,6.001502759465776,5.848799196324472,5.868420600891113,22784800
2003-07-31,5.865008219587561,5.945199085700725,5.762637427370537,5.820647716522217,28963200
2003-08-01,5.822353885577762,5.902544755426469,5.476851306749865,5.506710052490234,46683200
2003-08-04,5.52121316910994,5.6304088734270445,5.384718213284691,5.563014507293701,27491200
2003-08-05,5.570692807347294,5.607375801149013,5.243958310329396,5.282347202301025,33460000
2003-08-06,5.292583668069251,5.3676555414195954,5.148410889404039,5.237132549285889,48446400
2003-08-07,5.232015035732873,5.464056236760925,5.232015035732873,5.342916965484619,33686400
2003-08-08,5.289172360217236,5.438463515545949,5.257608035639255,5.310499668121338,26881600
2003-08-11,5.3267085633755045,5.448700796539185,5.301969132332582,5.393249988555908,16808800
2003-08-12,5.41116541933265,5.468322457096644,5.284907776181986,5.446142196655273,25164000
2003-08-13,5.458935732566697,5.501590006211054,5.312203807617956,5.343768119812012,21588800
2003-08-14,5.337797155024842,5.359124457170675,5.24139765820561,5.296848773956299,23293600
2003-08-15,5.354860798086248,5.3608324185890135,5.272110734792334,5.316471576690674,8675200
2003-08-18,5.313911903754338,5.451259813252703,5.29429082031584,5.420548439025879,27134400
2003-08-19,5.459788640541635,5.58263409322823,5.4256648313667455,5.572396755218506,24716000
2003-08-20,5.5578950088813786,5.566425799475337,5.4674668061841265,5.514387130737305,18991200
2003-08-21,5.5237710972939285,5.686711993424976,5.515240306851865,5.658559799194336,30630400
2003-08-22,5.702920548536569,5.719129506683176,5.459789430625548,5.4734392166137695,20991200
2003-08-25,5.459789110359515,5.536567524895462,5.429931018833753,5.49561882019043,12404000
2003-08-26,5.421402184960066,5.499033581030899,5.34035834115605,5.4614973068237305,17932800
2003-08-27,5.4768513228308136,5.5118284132658735,5.4043386205148405,5.457230567932129,13534400
2003-08-28,5.515239494866242,5.649174902746417,5.389834876172179,5.648321628570557,19432000
2003-08-29,5.637232517836376,5.710598487444363,5.6355259692273005,5.688417911529541,14307200
2003-09-02,5.690124834136746,5.774581432342529,5.575810789328013,5.774581432342529,21571200
2003-09-03,5.787378341208718,5.827473786843635,5.526332283562252,5.5988450050354,29165600
2003-09-04,5.609080130084969,5.756665338516247,5.587752829210121,5.743868827819824,20659200
2003-09-05,5.719983412144519,5.772022087965541,5.6235835778247445,5.703774452209473,22352800
2003-09-08,5.707187977829434,5.928991859674469,5.679889048538627,5.905958652496338,26692800
2003-09-09,5.875245590967091,5.948611564434367,5.801026343150391,5.853065013885498,21758400
2003-09-10,5.84368214822554,5.946052962011934,5.587754462901794,5.641499042510986,24966400
2003-09-11,5.675622202560224,5.747282284544863,5.65088245109277,5.702067852020264,18819200
2003-09-12,5.692684004806693,5.731072889874896,5.559601191464475,5.728513717651367,21088800
2003-09-15,5.7157172875995,5.788229988688562,5.612493217672636,5.631261348724365,18560000
2003-09-16,5.429932917253737,5.442729107197688,5.179123559033887,5.277229309082031,113671200
2003-09-17,5.295995330583076,5.374479638946,5.207273683837252,5.2806396484375,34799200
2003-09-18,5.272110448808176,5.322442908479013,5.2158063689585035,5.310499668121338,25715200
2003-09-19,5.348887331045872,5.353152726299793,5.10575589642677,5.115139961242676,44823200
2003-09-22,5.067368653333073,5.075899446601178,4.905280977807861,4.923195838928223,53113600
2003-09-23,4.938551788739669,5.046041612013176,4.8481242037639305,4.951348304748535,51375200
2003-09-24,4.935989221974718,4.954757345769339,4.726128716635347,4.792669773101807,54874400
2003-09-25,4.7926720658018604,4.866890997013533,4.712481515149528,4.755989074707031,31338400
2003-09-26,4.7321023300427525,4.808880429418857,4.698831787770224,4.727836608886719,30916800
2003-09-29,4.727835176290033,4.813997640843744,4.552951401036255,4.77731466293335,47344800
2003-09-30,4.752575195797667,4.87883276588951,4.74404440643246,4.780727386474609,45667200
2003-10-01,4.758549007336565,4.894190703524093,4.74319331905655,4.843858242034912,36520000
2003-10-02,4.973528468383668,5.075046669022301,4.947935762285217,5.023860931396484,43018400
2003-10-03,5.075897384158501,5.15267579409039,4.993147356279551,5.0153279304504395,29373600
2003-10-06,5.04177426009364,5.092959982155652,4.951346704346406,5.039215087890625,14660800
2003-10-07,4.9905892419013185,5.056277378666694,4.9129578667111184,4.988883018493652,29208000
2003-10-08,5.118552484470016,5.1304957215318385,4.973526765657605,5.0699262619018555,37806400
2003-10-09,5.117701826866316,5.22348510999967,5.075900153005766,5.1398820877075195,38610400
2003-10-10,5.131350228768556,5.21665945734041,5.096373458071251,5.139028072357178,21484000
2003-10-13,5.156940950473729,5.2465155409654365,5.139879046230367,5.222629070281982,24521600
2003-10-14,5.230308245202335,5.255047670966189,5.142439529833259,5.237986087799072,22392800
2003-10-15,5.259313188162226,5.259313188162226,5.070779577362524,5.082723140716553,25347200
2003-10-16,5.074192059839137,5.132202351967014,5.017035042099839,5.076751232147217,16930400
2003-10-17,5.081868985427532,5.110021177453089,4.884804617534937,4.897601127624512,26649600
2003-10-20,4.9069863211653,5.01788824089782,4.872009554355148,4.982058525085449,29625600
2003-10-21,5.001679622217488,5.122818557503342,4.969262027740478,5.118553161621094,23089600
2003-10-22,5.080163149654942,5.088694265507922,4.889070710551337,4.976086139678955,21013600
2003-10-23,4.969261061223093,4.979498074435167,4.837031862018792,4.943668365478516,20261600
2003-10-24,4.905279739242158,4.990588952098544,4.846416499525628,4.982911109924316,18042400
2003-10-27,4.996560873878849,5.0247130720340065,4.824236214410373,4.8984551429748535,26068800
2003-10-28,4.940254381535342,5.072483539581299,4.930870320083214,5.072483539581299,52516800
2003-10-29,4.324324770011256,4.470203801260141,4.288495049464123,4.436079978942871,267593600
2003-10-30,4.632290163420499,4.700537468183814,4.572573649716791,4.635702610015869,88027200
2003-10-31,4.633143353706516,4.702243606150309,4.604138209029858,4.6536173820495605,31782400
2003-11-03,4.668121261589711,4.7227191177953864,4.598167717647579,4.688595294952393,28042400
2003-11-04,4.686035251859622,4.741486372324009,4.552952758002394,4.57769250869751,40796800
2003-11-05,4.564896006751837,4.588782808532761,4.457406537738597,4.487264633178711,43832000
2003-11-06,4.4898232663713475,4.628024078612627,4.455699456357534,4.598165988922119,34453600
2003-11-07,4.612668597459218,4.657882371081422,4.536743458573335,4.5563645362854,28276800
2003-11-10,4.560630475841207,4.568308318073754,4.4181642454947285,4.442903995513916,23117600
2003-11-11,4.463378315117387,4.491530513612607,4.407074243555793,4.448875904083252,31698400
2003-11-12,4.482999404674838,4.648499498226855,4.47020321704986,4.623759746551514,28892000
2003-11-13,4.574280520508118,4.761107930190009,4.572574296968916,4.695419788360596,32003200
2003-11-14,4.6834753256396,4.742338557936478,4.581104218029952,4.62887716293335,30624000
2003-11-17,4.582812782068733,4.689449339168776,4.5469827296600664,4.667268753051758,18611200
2003-11-18,4.677505535469927,4.761961496316943,4.599020869640605,4.603286266326904,21864800
2003-11-19,4.617788405664591,4.730396555783963,4.598167323113519,4.668120861053467,28867200
2003-11-20,4.662149332146908,4.848123470904114,4.619494719137069,4.745752334594727,35271200
2003-11-21,4.747456606859295,4.866889278940111,4.730394703582396,4.845561981201172,27913600
2003-11-24,4.862624219534735,5.066513147899256,4.845562315082194,5.0622477531433105,33482400
2003-11-25,5.065662017849224,5.069074139621781,4.938551125741245,4.970968723297119,29531200
2003-11-26,4.995707527601515,5.0340964123182514,4.893336409022982,5.011916160583496,22632000
2003-11-28,5.02129945688352,5.031536469544944,4.9709670169407705,5.005943775177002,6151200
2003-12-01,5.006797148321945,5.136467179595653,5.006797148321945,5.133054733276367,25524000
2003-12-02,5.124524187489655,5.234573145823065,5.103196885119403,5.104050159454346,28136000
2003-12-03,5.075897863288097,5.195330884360515,4.9752329720658945,5.001678943634033,26695200
2003-12-04,5.028979314670575,5.067368534333337,4.872863263184973,5.004239559173584,34937600
2003-12-05,4.9863252107330505,5.026420332785335,4.90528136654778,4.913812160491943,31360800
2003-12-08,4.903574768756337,4.96926291848999,4.80717524247927,4.8848066329956055,21760000
2003-12-09,4.894188964835515,4.935990618176147,4.80717353730446,4.837884902954102,19571200
2003-12-10,4.7977910279974525,4.841298590200862,4.715893923462825,4.775610446929932,23814400
2003-12-11,4.734660913966593,4.8080268829002675,4.727836021308208,4.779021739959717,28594400
2003-12-12,4.819117170755748,4.819117170755748,4.7090682173552345,4.779021739959717,14957600
2003-12-15,4.825088968035355,4.93428465118823,4.773050298586312,4.784140586853027,23284800
2003-12-16,4.78669996433599,4.857506441471619,4.713333989534355,4.808027267456055,25436800
2003-12-17,4.776462198333696,4.922340850616539,4.743191337341693,4.867743015289307,20715200
2003-12-18,4.91039831635754,5.046892924176373,4.905279646528529,5.011916160583496,34846400
2003-12-19,5.054571516789741,5.088695336526111,4.993148771435819,5.067368030548096,30156800
2003-12-22,5.047747121455405,5.108316923744007,5.0323917590284735,5.086136341094971,15980000
2003-12-23,5.094665809784991,5.159500662180589,4.994853871044139,5.073338508605957,27247200
2003-12-24,5.058835501787037,5.092959312004906,5.031536583784251,5.0451860427856445,5391200
2003-12-26,5.032389363038738,5.072484461857884,5.006796345178285,5.028976917266846,5572000
2003-12-29,5.008504779582166,5.041775326976961,4.982912075849931,4.999120712280273,21731200
2003-12-30,4.999972443738157,5.033242980865101,4.9266064770332125,4.959877014160156,16163200
2003-12-31,4.978647634514006,5.017036860190961,4.932580563701661,4.971822738647461,14915200
2004-01-02,4.981205549559827,5.053718585395741,4.947082055133101,4.949641227722168,21652000
2004-01-05,4.955611043188743,5.017033766395033,4.947933202787956,4.961582660675049,20797600
2004-01-06,4.93087254265491,4.999973123689391,4.918929304670171,4.942815780639648,16619200
2004-01-07,4.988030158661578,5.325854589125722,4.935991482798541,5.318176746368408,47675200
2004-01-08,5.346328327194539,5.348034550539409,5.154382594185909,5.232867240905762,38496800
2004-01-09,5.1850926581934065,5.451257575267347,5.1850926581934065,5.321587562561035,36123200
2004-01-12,5.330120002221318,5.416282496268218,5.214099411482232,5.361684322357178,26701600
2004-01-13,5.328413879323264,5.362537697982965,5.171444899260574,5.239692211151123,27485600
2004-01-14,5.276374423478261,5.325853920688402,5.172297410243531,5.2064208984375,20321600
2004-01-15,5.18168043633966,5.310497172351838,5.169736876166197,5.284904479980469,26248000
2004-01-16,5.2840540544057495,5.448700908840307,5.272110813222545,5.407752513885498,27462400
2004-01-20,5.402632265836683,5.438461976771944,5.325853848934265,5.42140007019043,22071200
2004-01-21,5.420547477946548,5.662825330715173,5.408604240182328,5.576663494110107,42915200
2004-01-22,5.660265247710549,5.673061757786839,5.510974148821422,5.562159538269043,26167200
2004-01-23,5.584341516172489,5.644910984845238,5.557042591547339,5.609081268310547,24613600
2004-01-26,5.557893954813175,5.587752041658174,5.463200700206553,5.505002021789551,37554400
2004-01-27,5.486235673878635,5.495619740051384,5.208981037139893,5.208981037139893,58260800
2004-01-28,5.233720185191777,5.3736275704867245,5.112581256673639,5.205568313598633,45594400
2004-01-29,5.237986599152792,5.277228764954282,5.146705753496386,5.177416801452637,28642400
2004-01-30,4.655324060364512,4.76025436080857,4.529919404147269,4.675798416137695,165120000
2004-02-02,4.704804414492803,4.8626263682014645,4.68091760753279,4.800350666046143,48381600
2004-02-03,4.8395921772863275,4.864331930036494,4.781581879665385,4.795231342315674,28170400
2004-02-04,4.787551958285301,4.8361781736651315,4.744044411787624,4.794376850128174,31140000
2004-02-05,4.837031161305764,4.838737384165403,4.722716833139852,4.77731466293335,28603200
2004-02-06,4.7773157036231195,4.83703221500417,4.772197033929153,4.825088977813721,15778400
2004-02-09,4.822528372755733,5.033242174715775,4.80290729824473,4.924046516418457,26508000
2004-02-10,4.943670301456717,4.943670301456717,4.871157255450186,4.894190788269043,21717600
2004-02-11,4.905280690119113,5.006798555942833,4.8216776843650715,4.999120712280273,21550400
2004-02-12,4.983765099600988,5.091254912486777,4.962437791933207,5.046894073486328,26534400
2004-02-13,5.090399506949228,5.092959004089526,4.948786256335787,4.9735260009765625,19723200
2004-02-17,5.007651058715792,5.0161818501688415,4.895042919305608,4.96584939956665,16120800
2004-02-18,4.9718227255067635,5.033245486427549,4.887366754669629,4.912106513977051,19287200
2004-02-19,4.926608388196694,4.955613541507996,4.7346626068383815,4.755136966705322,21285600
2004-02-20,4.768783482643412,4.81996886251635,4.6740902369926385,4.748309135437012,22808000
2004-02-23,4.729541626807755,4.755987594262038,4.615227293139284,4.633142471313477,23409600
2004-02-24,4.621199104567064,4.650204244936306,4.543567747318324,4.6160807609558105,21400000
2004-02-25,4.610110215298973,4.732955371970688,4.592195357635588,4.67153263092041,19503200
2004-02-26,4.662148298334192,4.706508799650254,4.622905815741062,4.657029628753662,22852800
2004-02-27,4.669827575761112,4.716747589007719,4.610963996487805,4.629732131958008,26895200
2004-03-01,4.653617949049764,4.7039504025497765,4.548687646077639,4.676651477813721,23615200
2004-03-02,4.685181013178664,4.79267078524806,4.640820516451828,4.6433796882629395,26623200
2004-03-03,4.640821742889011,4.804615290661425,4.622053610170935,4.739780426025391,21140800
2004-03-04,4.71845229666387,4.81826391138602,4.685181432994359,4.743191719055176,14947200
2004-03-05,4.714187668165241,4.92063616354599,4.709069322898617,4.890778064727783,24085600
2004-03-08,4.879687409280315,4.907839282427669,4.734661671377576,4.7713446617126465,17308000
2004-03-09,4.82338315452391,4.88395261982847,4.749163902236971,4.818264484405518,26347200
2004-03-10,4.816558648046054,4.90272114543695,4.761960797444899,4.795231342315674,28984000
2004-03-11,4.770491374688766,4.888218188137786,4.738927054749633,4.76878547668457,24724800
2004-03-12,4.803763193273208,4.930020823421807,4.768786419552508,4.905281066894531,18574400
2004-03-15,4.890777779983391,4.913810983199931,4.796084492917513,4.805468559265137,18637600
2004-03-16,4.832768103544089,4.86603865182172,4.6331444884494095,4.729543685913086,29364000
2004-03-17,4.778170094895146,4.82764960725329,4.734662528363765,4.802909851074219,17858400
2004-03-18,4.787552459345808,4.878833282010694,4.724423830336024,4.837884902954102,13215200
2004-03-19,4.845563700615106,4.875422123301913,4.710775300299248,4.717599868774414,17388800
2004-03-22,4.667265858801322,4.670678304615356,4.539302069633778,4.560629367828369,23295200
2004-03-23,4.605844185635004,4.605844185635004,4.407073578995769,4.427547931671143,29471200
2004-03-24,4.445463490357225,4.507739181682863,4.393424814274868,4.415605068206787,32775200
2004-03-25,4.450581629734005,4.58707657019935,4.419017311024717,4.550393581390381,19144000
2004-03-26,4.542716204825198,4.657883527733728,4.536744585144245,4.588783264160156,22843200
2004-03-29,4.607550895288494,4.732955554629605,4.5956076563853125,4.717599868774414,19482400
2004-03-30,4.703097820721689,4.750017830935766,4.667267775815149,4.730396747589111,12538400
2004-03-31,4.734662143894232,4.7952316175420195,4.649352916076317,4.730396747589111,19128800
2004-04-01,4.739780615542082,4.836179804616634,4.724424929145825,4.761107921600342,15368800
2004-04-02,4.8532423939562666,4.9223429924128395,4.809734826695475,4.894190788269043,18067200
2004-04-05,4.884805587485247,4.968408905927945,4.855800440894409,4.941109657287598,12958400
2004-04-06,4.87712675613811,4.9069851710791275,4.763665690562794,4.804614067077637,19260800
2004-04-07,4.804615872844745,4.8856597075316435,4.797791303575043,4.860919952392578,16128800
2004-04-08,4.913810892371749,4.934285248154372,4.815705485616474,4.902720928192139,16741600
2004-04-12,4.889070528576656,4.970967285144231,4.8285007472757355,4.866889953613281,11870400
2004-04-13,4.907839369753136,4.914664263624745,4.7261309637110225,4.739780426025391,17198400
2004-04-14,4.73380863043844,4.841298101485373,4.7175996708109915,4.827648639678955,25814400
2004-04-15,4.840442765260438,4.86688840141404,4.790963287221721,4.852385997772217,15978400
2004-04-16,4.830208006373522,4.90528021204313,4.816558544018034,4.8899245262146,13829600
2004-04-19,4.891630821160975,4.989736557006836,4.877128084142636,4.989736557006836,14676000
2004-04-20,4.996561049895702,5.0417748329062055,4.84982908558091,4.862625598907471,14097600
2004-04-21,4.849828426507696,4.971820622041584,4.845563031121444,4.934284687042236,20096000
2004-04-22,4.937698068235507,5.055424565240116,4.911252091148396,5.0520124435424805,22852800
2004-04-23,5.4418743832705765,5.4469927274073395,5.042627269163147,5.12878942489624,86910400
2004-04-26,5.132201326397139,5.306232168004117,5.12878888038239,5.250781059265137,30736800
2004-04-27,5.277226743048711,5.372772948305929,5.198742116087295,5.321587562561035,21693600
2004-04-28,5.275521835405823,5.372774287824971,5.178269382986675,5.2303080558776855,22191200
2004-04-29,5.178269955100199,5.280641088851826,5.1475585824318255,5.242251873016357,20777600
2004-04-30,5.203861058694321,5.284904861579411,5.173149695459654,5.198742389678955,19482400
2004-05-03,5.203861030067995,5.24651562867511,5.075897234246651,5.1552348136901855,19542400
2004-05-04,5.067366708270951,5.1014901936742865,4.922341000377636,4.977791786193848,35239200
2004-05-05,5.006798253340854,5.046040743816013,4.951347452843838,4.976940155029297,21067200
2004-05-06,4.967553851364868,4.9684071254631705,4.816556553408444,4.839590072631836,23300000
2004-05-07,4.837032616162366,4.9180764365130845,4.738926887512207,4.738926887512207,22827200
2004-05-10,4.717598228539442,4.734660131938482,4.619492853495258,4.668972015380859,22914400
2004-05-11,4.696272066010642,4.812292646658565,4.692006670486872,4.726130485534668,15387200
2004-05-12,4.697124521988118,4.852387235089259,4.63399557277736,4.8063201904296875,23418400
2004-05-13,4.798644253322829,4.875422691547551,4.773904498180542,4.833621025085449,16972000
2004-05-14,4.839591203435772,4.854946886505994,4.703096604399118,4.754281997680664,18331200
2004-05-17,4.914665435143718,4.9249024529625,4.770492609313277,4.913812160491943,32547200
2004-05-18,5.140733222590515,5.362537379862848,5.118552969577698,5.335238456726074,82911200
2004-05-19,5.383011791818871,5.448699931978616,5.3096461340711585,5.364243984222412,35078400
2004-05-20,5.377040262003621,5.47685189745864,5.35486000704546,5.387277603149414,18751200
2004-05-21,5.459790212738787,5.474292624285524,5.3420633951565275,5.402633190155029,17343200
2004-05-24,5.380450627150611,5.446991691706681,5.334383586106224,5.357417106628418,16334400
2004-05-25,5.353153058106728,5.446993061224721,5.316470070877428,5.44102144241333,18752000
2004-05-26,5.426517397208779,5.6355246434778685,5.420545780197018,5.623581409454346,27163200
2004-05-27,5.61249391572094,5.708040480750684,5.537422033034678,5.605669021606445,21041600
2004-05-28,5.610785899832332,5.644909710625462,5.5399797571942155,5.5732502937316895,14172800
2004-06-01,5.556188363043546,5.715716812875828,5.551070018948235,5.710598468780518,16683200
2004-06-02,5.731073132113487,5.783965080113361,5.6807403564453125,5.6807403564453125,19536000
2004-06-03,5.689271974619941,5.740457375409678,5.486235618591309,5.486235618591309,16721600
2004-06-04,5.539127533662815,5.55192404649482,5.466614828758358,5.505856990814209,21123200
2004-06-07,5.502443887730517,5.539126873016357,5.4640550046707865,5.539126873016357,12400800
2004-06-08,5.5246243532076695,5.557894891421294,5.469173239232432,5.499884605407715,13222400
2004-06-09,5.531448868758168,5.553629445617428,5.359977825127793,5.371921062469482,21515200
2004-06-10,5.392396170766736,5.470880503549328,5.218365269254628,5.266138553619385,26593600
2004-06-14,5.249929730269815,5.370215723257784,5.210687565278872,5.2721099853515625,15803200
2004-06-15,5.309646617442609,5.459790719027145,5.300262550075659,5.448700428009033,17004800
2004-06-16,5.450405768033822,5.52377174599519,5.438462529840825,5.493913650512695,12346400
2004-06-17,5.466613002744544,5.4879403000546985,5.366801082110081,5.41116189956665,13227200
2004-06-18,5.41798817477509,5.513534405747906,5.397514145138189,5.493913650512695,15283200
2004-06-21,5.493059984568113,5.493059984568113,5.371921062469482,5.371921062469482,11554400
2004-06-22,5.371919838258867,5.405190370536902,5.281491979034187,5.357417106628418,15867200
2004-06-23,5.3454769410885525,5.571546230803751,5.33865237114261,5.557897090911865,13816800
2004-06-24,5.667944017834092,5.681593152740477,5.487088261606833,5.516093730926514,30621600
2004-06-25,5.517800745476263,5.661973545214204,5.466615340216995,5.540833950042725,19424800
2004-06-28,5.569838050786956,5.569838050786956,5.4265185609127204,5.454670429229736,18450400
2004-06-29,5.463202146912562,5.6466170873267645,5.451258909011884,5.589459419250488,25576800
2004-06-30,5.597138027690195,5.78055298254679,5.589459859373653,5.715717792510986,216925600
2004-07-01,5.711451530456543,5.783111607577224,5.677328366059462,5.711451530456543,34616800
2004-07-02,5.69780323578629,5.805293041902502,5.691831616049709,5.751547813415527,18849600
2004-07-06,5.7472814534646215,5.829178213277543,5.6986552319863994,5.710598468780518,22831200
2004-07-07,5.731926364353376,5.749841221401173,5.6662379043204645,5.725101470947266,16202400
2004-07-08,5.690977303414972,5.742162699085313,5.587753237736795,5.610786437988281,22766400
2004-07-09,5.635525646385912,5.673061903344111,5.536567311029147,5.5732502937316895,23610400
2004-07-12,5.617613141363049,5.638940450670318,5.527185558174734,5.5988450050354,18757600
2004-07-13,5.593724567035605,5.672208879727517,5.57836888404305,5.604814529418945,9492000
2004-07-14,5.563867319627594,5.641498369806195,5.473439756537137,5.486235618591309,23268800
2004-07-15,5.482822851660914,5.4870885726683865,5.387276949326924,5.447846412658691,19065600
2004-07-16,5.486235015806349,5.487941564464525,5.298555016578911,5.326706886291504,20965600
2004-07-19,5.373628340347441,5.454671845479827,5.247370398281908,5.3838653564453125,22445600
2004-07-20,5.378746125566922,5.4154291153122625,5.295996405463876,5.322442054748535,22089600
2004-07-21,5.301115121826985,5.31049918852593,5.0085044577743,5.067368030548096,36919200
2004-07-22,5.074192227487922,5.1825349729702,4.985470563016457,5.10660982131958,29343200
2004-07-23,5.084427306962216,5.14073135616836,4.875420063597511,4.964141368865967,26967200
2004-07-26,4.98120544948209,5.007651425610288,4.740633468077231,4.803762435913086,34977600
2004-07-27,4.825088827700862,5.001678858788751,4.811439367703738,4.967555046081543,23524800
2004-07-28,4.951345839447059,5.044332876583181,4.794376904981369,4.9692606925964355,23775200
2004-07-29,5.023005605825936,5.163765585488257,5.0195931598461945,5.075897216796875,36103200
2004-07-30,5.481116591820543,5.69865533168331,5.439314936881021,5.514387130737305,115459200
2004-08-02,5.477705186326481,5.630408775149368,5.359125417221498,5.417135715484619,58605600
2004-08-03,5.404337306580042,5.543391709267831,5.3992189632174235,5.406043529510498,30322400
2004-08-04,5.400926975810696,5.4589372729536185,5.302821240087823,5.364243984222412,22387200
2004-08-05,5.4273727320800855,5.563867685544261,5.395808410364832,5.430785179138184,27393600
2004-08-06,5.369363306875211,5.425667390773523,5.2465181216686005,5.257608413696289,26698400
2004-08-09,5.283198850743174,5.366801828778992,5.246515868231804,5.2610182762146,12380800
2004-08-10,5.296850370352539,5.473440784736407,5.288319577094666,5.465762615203857,20793600
2004-08-11,5.411163914156739,5.699508846832891,5.408604741663928,5.611640453338623,42724000
2004-08-12,5.564720368964246,5.6227306610748835,5.429931653345757,5.432490825653076,23959200
2004-08-13,5.44187400463265,5.515239969490337,5.328412611206512,5.373626708984375,20966400
2004-08-16,5.391542787983888,5.5749574163694735,5.388130341069004,5.522066116333008,21993600
2004-08-17,5.5246261951414475,5.569839985180197,5.465762615203857,5.465762615203857,20888800
2004-08-18,5.4580830624974555,5.643204212188721,5.438461983803425,5.643204212188721,26777600
2004-08-19,5.604815806501703,5.667091826955159,5.517800683622154,5.528038024902344,29796000
2004-08-20,5.551069199962405,5.6611181377784705,5.528036004074156,5.648321628570557,35295200
2004-08-23,5.664532717848507,5.676475957380411,5.514388298344613,5.540833950042725,22258400
2004-08-24,5.56216044857005,5.609080776242897,5.492206919676308,5.527184009552002,20219200
2004-08-25,5.53486164304981,5.723394930374795,5.518653334759126,5.700361728668213,24271200
2004-08-26,5.951170001835338,6.022829417755998,5.843680227096803,5.906808853149414,74471200
2004-08-27,5.88121827097339,6.036481036846711,5.876952549314149,5.919607162475586,20860800
2004-08-30,5.942641309340169,5.9545845495421466,5.814677463583743,5.816383361816406,15714400
2004-08-31,5.8377066308299845,5.897422790527344,5.747279117329034,5.897422790527344,16686400
2004-09-01,5.9127811339096015,6.058659804834745,5.906809515246851,6.0569539070129395,33032800
2004-09-02,6.033067214771135,6.123494765790708,6.0211239778763845,6.082546710968018,24769600
2004-09-03,6.079986814065398,6.129466309660258,5.988705989847509,5.998943328857422,13428800
2004-09-07,6.111551297140545,6.162736689156712,5.795907503992872,5.899984836578369,17928000
2004-09-08,5.894867417564791,6.000650676123365,5.780553366532708,5.8129706382751465,12214000
2004-09-09,5.884629042020834,5.966525797861356,5.7907883991079405,5.946051120758057,14236400
2004-09-10,5.963113214550265,6.062071548177008,5.896572142638611,6.0552473068237305,12446800
2004-09-13,6.058660387194817,6.149088601025388,6.005769088485852,6.09619665145874,14950800
2004-09-14,6.096196097414424,6.159324730873741,6.077427966988178,6.089371204376221,9310400
2004-09-15,6.082546373294427,6.1354376620756,5.944345231510512,6.05012845993042,11826400
2004-09-16,6.046716853629703,6.179799670044508,6.046716853629703,6.114964485168457,10184800
2004-09-17,6.159323989912295,6.312880810510985,6.132025071901143,6.294112682342529,23932400
2004-09-20,6.280464670187005,6.364067336773825,6.176387323292764,6.258284091949463,12178000
2004-09-21,6.357242062020085,6.394778322807875,6.196860981044514,6.374304294586182,14903600
2004-09-22,6.270226251801969,6.319705744416558,6.191741943359375,6.191741943359375,16202800
2004-09-23,6.2036852319804705,6.287287884899667,6.164443077426503,6.20197868347168,11582000
2004-09-24,6.196862970827082,6.312883586099703,6.190038075609203,6.227574348449707,13069600
2004-09-27,6.1473814612939055,6.176386931125563,6.0057685112097055,6.0569539070129395,12485600
2004-09-28,6.12690948392321,6.150795966569416,6.01600721351401,6.101316452026367,10638400
2004-09-29,6.126910100420367,6.300941042599723,6.056956543835735,6.169564723968506,13073600
2004-09-30,6.200273696878193,6.384541260592682,6.1593249877985,6.377717018127441,23804400
2004-10-01,6.432312436482473,6.49202860338643,6.34700325470116,6.430605888366699,17945600
2004-10-04,6.457907860923406,6.616583066301874,6.449377068873989,6.558572769165039,20963200
2004-10-05,6.435728622701595,6.671181632660592,6.382836664944426,6.551749229431152,23346800
2004-10-06,6.553453248371208,6.660943031311035,6.510798644918946,6.660943031311035,17358000
2004-10-07,6.5944020347742365,6.6370566387485646,6.447670092965329,6.486912250518799,18036000
2004-10-08,6.466437860573443,6.529566488678581,6.413545920299773,6.449375629425049,16513200
2004-10-11,6.428902706294212,6.560278979825841,6.4118411230751144,6.463026523590088,8024800
2004-10-12,6.415252260231567,6.561984203935118,6.295819888247385,6.521036148071289,14128000
2004-10-13,6.46985167022007,6.555160899948865,6.294114865253239,6.4067230224609375,13311200
2004-10-14,6.39989792692484,6.492032048344862,6.295821216644168,6.38283634185791,13242400
2004-10-15,6.464734238942699,6.4681466867173665,6.227574650895182,6.396487236022949,17262400
2004-10-18,6.381130619261127,6.560279870823902,6.338476004562477,6.53809928894043,14054800
2004-10-19,6.536391970897028,6.601226502538047,6.3111757062781795,6.357242107391357,18365600
2004-10-20,6.369187355153789,6.493738751500407,6.271934235219105,6.451084136962891,13825200
2004-10-21,6.4050160465310055,6.483500368469802,6.161031638491029,6.258284091949463,26732800
2004-10-22,5.90339593308246,5.927283053995807,5.563865707247147,5.673061370849609,70198800
2004-10-25,5.659413232433531,5.685006258279372,5.47173321242298,5.620171070098877,25498000
2004-10-26,5.669648954615698,5.857329571912937,5.62187601425449,5.804437637329102,23179600
2004-10-27,5.797613198703614,6.026241882504859,5.775432624292081,5.961406707763672,19815200
2004-10-28,5.968232457323784,6.055248218975808,5.87439245329049,5.9767632484436035,14875600
2004-10-29,5.975057972713958,6.077428778526403,5.830031905145666,5.908516883850098,13318800
2004-11-01,5.9904154132680425,6.039894932608314,5.889750476029307,6.031363487243652,16576000
2004-11-02,6.039892920618753,6.195155672009611,5.966526940755829,6.019418239593506,17556000
2004-11-03,6.186624904292158,6.345300119828034,6.159325977471886,6.229279518127441,25764400
2004-11-04,6.193447598017374,6.376009228294836,6.159323788902681,6.347004413604736,12548000
2004-11-05,6.364066531003835,6.48691199386395,6.29240711157382,6.384540557861328,15089600
2004-11-08,6.338475650054517,6.430609117998715,6.222455052494545,6.282171249389648,11576000
2004-11-09,6.29582025684686,6.3794229221304475,6.253165649824477,6.273639678955078,8460400
2004-11-10,6.143971009175265,6.333357620895509,6.140559212424157,6.227574348449707,13914000
2004-11-11,6.311176552528186,6.386248433848129,6.234398122281816,6.34529972076416,9088800
2004-11-12,6.377716292231872,6.46131894792006,6.239515147032472,6.302643775939941,10345200
2004-11-15,6.288996185576356,6.31288266449396,6.089372260172011,6.12861442565918,13124400
2004-11-16,6.138850374371614,6.15932440153385,5.981881748031824,5.998943328857422,13662800
2004-11-17,6.027948944642975,6.041598079465588,5.847093189525712,5.881217002868652,17778000
2004-11-18,5.92045927607729,6.116670067631643,5.859036541031538,6.051835536956787,13249600
2004-11-19,6.039893416609316,6.074016586071523,5.809558117592996,5.860743522644043,16910000
2004-11-22,5.899985764192034,5.957995406968589,5.715717542933538,5.903397560119629,12484800
2004-11-23,5.911930513227254,5.932404548313065,5.826621274368898,5.882925033569336,8798400
2004-11-24,5.930696483544109,6.04842361963404,5.857331155662679,5.903397560119629,10698000
2004-11-26,5.9801741480840995,5.995529828470553,5.886334168325764,5.888040065765381,3002800
2004-11-29,5.8965724183535775,5.963113493376594,5.783964295039802,5.828324794769287,14254000
2004-11-30,5.828325008542618,5.888041193225981,5.761783931078985,5.879510402679443,13984000
2004-12-01,5.874392814941347,5.998944195359978,5.860743027623187,5.91022253036499,14995200
2004-12-02,5.894868167785707,5.995533093843024,5.859038444322381,5.952878475189209,23735600
2004-12-03,5.93752014347174,6.123494224054063,5.908515328109814,6.0535407066345215,21271200
2004-12-06,6.091077284209317,6.155912461366366,5.951170241983497,6.116669654846191,10011200
2004-12-07,6.125201314408585,6.292407281792699,6.053541242182481,6.082546710968018,17777600
2004-12-08,6.045010090061224,6.219040939791353,6.022829515358815,6.198566913604736,13406800
2004-12-09,6.174679842000754,6.329942564500346,6.108138768194867,6.285582065582275,12914400
2004-12-10,6.230985916747531,6.306057800976632,6.188331303941913,6.207099437713623,7166800
2004-12-13,6.311175501300911,6.343592766068558,6.094490034634794,6.33335542678833,13162800
2004-12-14,6.300939385850321,6.3623621317465995,6.273640459991723,6.336769104003906,16055200
2004-12-15,6.326529908009362,6.358947166234748,6.135436851822684,6.171266555786133,11328000
2004-12-16,6.210511416912989,6.210511416912989,6.0313615359411665,6.075722694396973,11532800
2004-12-17,6.133731755726285,6.176386356738488,5.940932776911011,5.946051120758057,16640400
2004-12-20,6.051835974898433,6.201979726033637,5.963114312396176,5.973351001739502,16261200
2004-12-21,5.993825481540884,6.056954116856715,5.823207055713934,5.9767632484436035,21237600
2004-12-22,5.855623686202138,5.993824830417604,5.775432826500348,5.899984836578369,15150800
2004-12-23,5.893160233060131,5.927284046363408,5.8078510252307405,5.853918075561523,10582400
2004-12-27,5.899986920886274,5.917048507299876,5.717424561800169,5.845388412475586,10377600
2004-12-28,5.8931634698622775,6.060369530942393,5.848802292945495,6.010890007019043,13438800
2004-12-29,6.012592853569681,6.0927830610030105,5.966525806308376,6.05012845993042,11450000
2004-12-30,6.08254734899785,6.08254734899785,5.976763452751552,6.000649929046631,5485200
2004-12-31,5.997238155003134,6.0415986610186945,5.92045973030537,5.969939231872559,8166400
2005-01-03,6.0637797707731425,6.0637797707731425,5.801027205832522,5.925578594207764,12315600
2005-01-04,6.009181101427005,6.029655130066433,5.7088923107130976,5.780552387237549,19958000
2005-01-05,5.714011515500009,5.7617844676959775,5.451258976706866,5.700361728668213,43298000
2005-01-06,5.7498415371345075,5.830031761057881,5.729367506649571,5.736191749572754,15681600
2005-01-07,5.782258703663537,5.7839652525073095,5.690124591830298,5.72424840927124,14579200
2005-01-10,5.722540179835079,5.836854173202636,5.683298033566032,5.725952625274658,14951200
2005-01-11,5.688418982847166,5.715717908015319,5.5792232821745555,5.596284866333008,17223600
2005-01-12,5.603110511133971,5.66112081624666,5.548512653481771,5.654295921325684,18006000
2005-01-13,5.61505253767472,5.637233115942887,5.5212125308046245,5.546804904937744,15112800
2005-01-14,5.54509806265445,5.62358237133544,5.538273170371524,5.574102878570557,8282400
2005-01-18,5.589457748820162,5.783963245483194,5.510973451540273,5.717421531677246,11107600
2005-01-19,5.7464300486491435,5.823208489345087,5.674769953713661,5.6815948486328125,14772400
2005-01-20,5.741310035906563,5.812969459178019,5.681593198989403,5.707186222076416,17016800
2005-01-21,5.719130254040616,5.823207607799627,5.596284767524052,5.611640453338623,15322800
2005-01-24,5.746429403008369,5.801027254511625,5.466615251339751,5.504150867462158,21232800
2005-01-25,5.519505259233145,5.608226909830014,5.350593399157579,5.463201522827148,21525200
2005-01-26,5.485381715283811,5.676474137383786,5.459788695430966,5.659411907196045,14523200
2005-01-27,5.618465139600056,5.712305149062358,5.487088866009761,5.560454845428467,19046800
2005-01-28,5.717423335922522,5.7327790207454585,5.476851374268292,5.546804904937744,30746400
2005-01-31,5.630408889466664,5.6935375341690015,5.596285069055924,5.647470474243164,14724000
2005-02-01,5.6338204727223005,5.720835583112228,5.517799891630637,5.708892345428467,22528000
2005-02-02,5.708890621013333,5.756664208175635,5.550215481592264,5.570690155029297,16770000
2005-02-03,5.604814118525453,5.6184639027881955,5.463201186515943,5.507561683654785,16800000
2005-02-04,5.524625168864051,5.690124610067891,5.509269483509295,5.674768924713135,17881600
2005-02-07,5.696950338406342,5.719130920692363,5.541687564119759,5.5485124588012695,16333200
2005-02-08,5.55533461027066,5.5775145307465035,5.444432404461605,5.488792896270752,17780000
2005-02-09,5.4905022881823164,5.5621617314936245,5.304528134200089,5.347182750701904,21143200
2005-02-10,5.391542903618637,5.391542903618637,5.185094416844215,5.29599666595459,23363200
2005-02-11,5.328413959727474,5.649176818596554,5.202156349467554,5.596284866333008,25598400
2005-02-14,5.533157040808798,5.652590100123689,5.5314504916263765,5.633821964263916,12540000
2005-02-15,5.638938955225414,5.7771401171944285,5.608227585898967,5.640645503997803,16645200
2005-02-16,5.667944764337068,5.760078226948129,5.644058286961693,5.736191749572754,15546000
2005-02-17,5.7583720299957575,5.821500667047418,5.700361737585197,5.754959583282471,16227600
2005-02-18,5.75325388189623,5.792496044153124,5.626995952622049,5.72424840927124,14345200
2005-02-22,5.638938382463703,5.720835142063209,5.597990328092743,5.65600061416626,18806000
2005-02-23,5.71230391809296,5.8078504558028,5.6798866566048645,5.792494773864746,15311200
2005-02-24,5.8078513216028975,5.9955313280617455,5.772021608692003,5.966526508331299,22993200
2005-02-25,5.951171951850918,6.068898452663437,5.888042654255235,6.067192554473877,21480000
2005-02-28,6.0535416541892415,6.082547124948904,5.869274093230605,5.894866466522217,28222800
2005-03-01,5.920458565626532,5.97164395506991,5.830030371723775,5.841974258422852,12757600
2005-03-02,5.819793008529257,6.184916235245156,5.78055085948439,6.002354621887207,24910400
2005-03-03,6.024538947271856,6.077430261139657,5.886337739938383,5.995533466339111,15343200
2005-03-04,6.067192680639314,6.0893726118536335,5.917048253383084,5.947759628295898,13477200
2005-03-07,5.980176048587851,6.099609083898662,5.9477587800731,5.987000942230225,9410800
2005-03-08,6.010887068995566,6.152500674966467,5.954583326869797,6.004062175750732,15034800
2005-03-09,6.005768924579622,6.0535418771697795,5.940933738308934,6.000649929046631,12867200
2005-03-10,6.005768317967316,6.038185582399524,5.881216953539235,5.983587741851807,14498800
2005-03-11,5.961407828175914,6.014299776834139,5.801026735102432,5.898279190063477,14103200
2005-03-14,5.920458455352748,6.104725984088268,5.877803856468158,6.091076850891113,14868000
2005-03-15,6.1200827521725465,6.128613543292365,5.928990297486503,5.9767632484436035,15457200
2005-03-16,5.903397470843562,6.039892736759443,5.903397470843562,5.973351001739502,12655200
2005-03-17,5.957996417986888,6.072311126689725,5.9375223846586875,6.01430082321167,12244000
2005-03-18,6.053542765255908,6.063780106966097,5.963115191484726,6.039893627166748,15103600
2005-03-21,6.058661617314006,6.060368166503955,5.908517831489266,5.990414619445801,11403600
2005-03-22,5.987002300283827,6.074017435960165,5.942641783261303,5.952878475189209,15932000
2005-03-23,5.963114581806671,6.154207051521634,5.9375215555767475,6.135438919067383,16967200
2005-03-24,6.1593237452445475,6.207097338009503,6.027948154999097,6.0347723960876465,10765600
2005-03-28,6.060366770641992,6.154206777883085,5.99894403110741,6.000649929046631,10827200
2005-03-29,5.987000284873186,6.038185679855601,5.93410834123871,5.968232154846191,13447600
2005-03-30,5.997239210353559,6.142264642969447,5.997239210353559,6.118378162384033,11964000
2005-03-31,6.125201269852608,6.181505007538642,6.0433038590877715,6.1081390380859375,12446800
2005-04-01,6.135440414851999,6.203688067531712,5.956291140140066,6.027951240539551,14364400
2005-04-04,6.019419093162442,6.063780257483319,5.9289915171466365,6.007475852966309,10839600
2005-04-05,6.05866217609977,6.159327109283102,6.031363244263166,6.138853073120117,9584400
2005-04-06,6.193447661433349,6.352122822212489,6.176386082130066,6.249752044677734,14086000
2005-04-07,6.248047123783599,6.48350075447577,6.230985540035954,6.459614276885986,14442800
2005-04-08,6.473262475996751,6.534685209962908,6.275345139248916,6.33335542678833,12291600
2005-04-11,6.374302680234522,6.401601594568949,6.280462702888521,6.306055068969727,7858000
2005-04-12,6.275345946347594,6.422077907281316,6.196861621011129,6.420372009277344,13349200
2005-04-13,6.4289029918102285,6.478382496543814,6.302645057465512,6.307764053344727,11340000
2005-04-14,6.352125066128504,6.353831615176197,6.1627384750157885,6.2036871910095215,17825600
2005-04-15,6.1252037225505385,6.225868652281298,6.000651658781384,6.027951240539551,22945600
2005-04-18,6.033066740286296,6.140556514742866,5.937520201785174,6.005767822265625,15558800
2005-04-19,6.074015341653419,6.2446337574398365,6.024536495727137,6.174680233001709,20165600
2005-04-20,6.304350608447426,6.531272763536165,6.304350608447426,6.33335542678833,40360800
2005-04-21,6.4084283056916655,6.60805155141413,6.39648506795738,6.6063456535339355,20950400
2005-04-22,6.500563188779867,6.840094216988126,6.500563188779867,6.747960090637207,25210400
2005-04-25,6.753078280512447,6.807676130156621,6.630232793384203,6.7070112228393555,17416400
2005-04-26,6.729190621793775,6.775257675838572,6.654118747160211,6.705304145812988,15874400
2005-04-27,6.4067215416681185,6.434020462837392,6.174680386300489,6.292407512664795,44363200
2005-04-28,6.244634657363189,6.358949350860099,6.2241606267584055,6.268521785736084,19306000
2005-04-29,6.299233760944737,6.379424652168254,6.159326664038489,6.33165168762207,15020400
2005-05-02,6.357241533796424,6.449375629425049,6.329942614816562,6.449375629425049,12420000
2005-05-03,6.384541569605148,6.659237355999115,6.384541569605148,6.626820087432861,23311600
2005-05-04,6.577341629701499,6.754784987730142,6.5636924910842565,6.66606330871582,18214800
2005-05-05,6.631939286241396,6.672888002575993,6.5363933662236136,6.587578773498535,17246400
2005-05-06,6.6387629201187615,6.6387629201187615,6.500561760947919,6.6063456535339355,18666800
2005-05-09,6.590991344915184,6.633645960257374,6.461320949794575,6.63193941116333,15073600
2005-05-10,6.556866051875556,6.671180082942182,6.556866051875556,6.594402313232422,9050400
2005-05-11,6.584165121442413,6.722366281568232,6.544922961350362,6.7206597328186035,9711200
2005-05-12,6.725777598129665,6.776963643249089,6.519329472454338,6.616581916809082,11588000
2005-05-13,6.602932582893111,6.674592002526513,6.57051466851436,6.619994163513184,11920400
2005-05-16,6.611464678073324,6.637057704912176,6.546629487377221,6.630232810974121,8096400
2005-05-17,6.579048429133336,6.640470531534581,6.52786236751225,6.637058734893799,10969600
2005-05-18,6.654119793896773,6.795733424999121,6.631939212343611,6.771846294403076,12256800
2005-05-19,6.790612948309827,6.892984390258789,6.7394275527641545,6.892984390258789,12550000
2005-05-20,6.927108152630851,6.944170386527164,6.782082744229393,6.8554487228393555,10251600
2005-05-23,6.853742088968801,6.96976267459327,6.821324821254601,6.952701091766357,8791600
2005-05-24,6.8793356550012525,6.9441708463854255,6.811088016611839,6.87762975692749,18483600
2005-05-25,6.877628706509326,6.903221078853354,6.8417983438555,6.892984390258789,12471600
2005-05-26,6.915165210081329,7.051660483658796,6.892985281354036,7.022655010223389,12261200
2005-05-27,6.925401355271712,7.0465402713437575,6.923695457532462,6.997060775756836,7700400
2005-05-31,7.0209499914209745,7.024361787915739,6.939052556675425,6.961233139038086,11874800
2005-06-01,6.993649509772928,7.1540305945662,6.97146893233783,7.130144119262695,12401200
2005-06-02,7.113079158824106,7.362182457840649,7.106254919109558,7.348532676696777,16286000
2005-06-03,7.312703717400369,7.348533420242299,7.0636010440362975,7.068719387054443,15214000
2005-06-06,7.0636015164134145,7.140379270249921,7.014122027737557,7.118199348449707,13436400
2005-06-07,7.176210230264832,7.34682863245114,7.160854548033762,7.184741020202637,16986000
2005-06-08,7.244457428154286,7.27175634732718,7.147204987922249,7.1864471435546875,11937600
2005-06-09,7.205215225466807,7.490148302652061,7.191566091398284,7.4423747062683105,11692000
2005-06-10,7.444080076614715,7.485028123196875,7.350240098101678,7.391188144683838,8352800
2005-06-13,7.409956175247152,7.543038301213597,7.367301580939194,7.505502700805664,8456400
2005-06-14,7.502090255158133,7.556688083803723,7.391188049614458,7.505502700805664,9757200
2005-06-15,7.549865525344322,7.565221210074244,7.353654070557282,7.421901702880859,11524400
2005-06-16,7.459437218441439,7.570338796284809,7.362184775180787,7.549864768981934,11492000
2005-06-17,7.616405188270775,7.763137114797562,7.6010495064050065,7.7614312171936035,30952000
2005-06-20,7.72731038220744,7.875748263482856,7.679536769757056,7.696599006652832,17796800
2005-06-21,7.711953762222944,7.720484554210751,7.340005504006715,7.406546592712402,20936400
2005-06-22,7.502092391214871,7.507210735714777,7.2546955436163785,7.271757125854492,13614800
2005-06-23,7.25981369242423,7.40825153663905,6.973174692718467,7.067014694213867,23684400
2005-06-24,7.319531575444208,7.336593159658467,7.094315279355868,7.12332010269165,32784000
2005-06-27,7.116494440146635,7.239339915967805,7.107963648960753,7.169386386871338,13910800
2005-06-28,7.246164279415933,7.384364778751802,7.174504206807527,7.375833988189697,17577200
2005-06-29,7.353658082861995,7.406550059314584,7.309297553248028,7.396312713623047,13466400
2005-06-30,7.44066753521748,7.592517786816618,7.401425386557052,7.505502700805664,19276000
2005-07-01,7.54303851352554,7.565219085430077,7.445786087834652,7.529389381408691,9630800
2005-07-05,7.527685033700331,7.648824615009405,7.483324527780685,7.6419997215271,10934800
2005-07-06,7.645409797283265,7.722187547147139,7.592517865484685,7.619816780090332,13681600
2005-07-07,7.5583949068731515,7.768255458466973,7.549864117138288,7.7614312171936035,15778400
2005-07-08,7.7460767997099875,7.978117312318621,7.660767586721365,7.955937385559082,16774400
2005-07-11,7.78190490252333,7.926930274248474,7.7204821777455015,7.855270862579346,11516800
2005-07-12,7.848446639290669,7.856977429379255,7.667590895467858,7.671003341674805,15527600
2005-07-13,7.71536509401415,7.780199624436496,7.674416387190591,7.764843940734863,10971200
2005-07-14,7.853567652095287,7.874042336294999,7.746078488906832,7.827975273132324,7865600
2005-07-15,7.8484484451270875,7.945700906400263,7.700010580687669,7.758020877838135,20043600
2005-07-18,7.769960629492893,7.855269813433242,7.677826554631533,7.771666526794434,16072400
2005-07-19,7.851859717294754,8.053189503701615,7.848447270813225,7.950818061828613,26858800
2005-07-20,8.082194322508183,8.187978210862715,7.923519140834002,7.950818061828613,36544800
2005-07-21,7.918402999164504,7.978119202058179,7.694892573883698,7.8774542808532715,16747200
2005-07-22,7.667591123484987,7.676122564684842,7.401426820003618,7.587400913238525,30632000
2005-07-25,7.5822817314756215,7.601049860280615,7.186447081460075,7.310998439788818,24210400
2005-07-26,7.350244870330289,7.558398985793827,7.317826940642788,7.5020952224731445,20296000
2005-07-27,7.544747748034057,7.75460835455131,7.512329827356804,7.751195907592773,17192000
2005-07-28,7.77166687099919,7.783610105211207,7.635172300820811,7.70512580871582,10768800
2005-07-29,7.715365016250276,7.776787750437721,7.601050338544174,7.645411491394043,11656400
2005-08-01,7.778495762603032,7.894516369636926,7.720485459086084,7.827975273132324,17255200
2005-08-02,7.809209207365814,7.909874153353488,7.749492338912608,7.768260478973389,12412800
2005-08-03,7.7290137979305245,7.775080846465831,7.662472722554276,7.739251136779785,10410400
2005-08-04,7.64541273779825,7.729015411182466,7.532804590382368,7.544747829437256,12335600
2005-08-05,7.51744566458692,7.561806154693362,7.266636450808479,7.27346134185791,16923200
2005-08-08,7.316117267989,7.351946976242313,7.17450368176274,7.184741020202637,13891600
2005-08-09,7.237632240496744,7.331472881505733,7.215452317037844,7.281993389129639,11657200
2005-08-10,7.1386757100150495,7.2461655117797745,6.9919437443045975,7.08919620513916,38799600
2005-08-11,7.111378174994207,7.334888614222234,7.102847381313896,7.275171756744385,11484400
2005-08-12,7.234220730416994,7.27005043974692,7.14720497820709,7.235926628112793,10376000
2005-08-15,7.203513392465786,7.392900034605241,7.191570149345094,7.316121578216553,7693600
2005-08-16,7.304175169198895,7.369009703507295,7.121613502502441,7.121613502502441,9691600
2005-08-17,7.143793684847026,7.251283481041436,7.090902386593048,7.155736923217773,8735200
2005-08-18,7.133556004509946,7.331473335410189,7.133556004509946,7.2768754959106445,9807200
2005-08-19,7.217163149866675,7.30929730539223,7.210338252970413,7.25128698348999,10776400
2005-08-22,7.2734629665304364,7.346828934555994,7.080663981891814,7.16597318649292,11573200
2005-08-23,7.183038371376149,7.259816824214564,7.1318529531031745,7.136971950531006,9515200
2005-08-24,7.128436782861625,7.205215195608802,7.003885424786235,7.017535209655762,9146000
2005-08-25,7.038010946291503,7.05677907961885,6.957820067841104,6.993650436401367,11530400
2005-08-26,6.9885319659153735,7.0363055773022225,6.869098913734911,7.00388765335083,10642400
2005-08-29,6.983411540715159,7.196684552217925,6.966349960137969,7.16597318649292,9999200
2005-08-30,7.114786868345544,7.148910675918358,6.978292288911786,7.03630256652832,12225600
2005-08-31,7.053365640947536,7.336592197418213,7.03459751025878,7.336592197418213,18236400
2005-09-01,7.346829511430293,7.3792467774153945,7.241045620801296,7.3314738273620605,12722000
2005-09-02,7.336593728383345,7.370717550314821,7.222279673399334,7.2666401863098145,5693600
2005-09-06,7.2700519683343625,7.476500128384756,7.246165490425419,7.406546592712402,13902800
2005-09-07,7.345124345814365,7.4526141545323785,7.319531968120007,7.384366512298584,6787600
2005-09-08,7.351949290738827,7.427021177025765,7.285408197075308,7.358774185180664,9391600
2005-09-09,7.404840338546091,7.585695463077712,7.403133789715975,7.554984092712402,11104000
2005-09-12,7.705127074771324,7.797261168852138,7.681240602422422,7.740956783294678,13524400
2005-09-13,7.662475207064327,7.7836141605333635,7.660769308798446,7.729016304016113,10429600
2005-09-14,7.737543996864108,7.761431119020132,7.676121921035489,7.700008392333984,6801600
2005-09-15,7.70512669816008,7.824559704924501,7.700008354580507,7.802379131317139,12415600
2005-09-16,7.7256046608999815,7.903048038482666,7.7256046608999815,7.903048038482666,19089600
2005-09-19,7.9337599014988305,8.005419355939287,7.817739274526559,7.875749588012695,9349600
2005-09-20,7.855272307131431,8.06172044159936,7.751194965547107,7.805792808532715,16147200
2005-09-21,7.805795995394389,7.882574446832142,7.677832126617432,7.677832126617432,12359200
2005-09-22,7.684654430007961,7.850153868543483,7.630056583150806,7.812618255615234,10826800
2005-09-23,7.834797562496102,7.899632744572146,7.720483533091816,7.853565692901611,7527600
2005-09-26,7.923519684950449,8.186272224353084,7.909870548944651,8.061720848083496,19986000
2005-09-27,8.061720468309904,8.13849888865581,7.923519311687273,8.046364784240723,11402000
2005-09-28,8.061718024264767,8.068542915305907,7.914986121167415,7.9866461753845215,8342000
2005-09-29,8.005416832363698,8.147030448913574,7.8996335825970165,8.104375839233398,8739200
2005-09-30,8.138499877592572,8.392720993692073,8.114613399661904,8.319355010986328,17872000
2005-10-03,8.346654077059474,8.437082296143537,8.106082093912379,8.169211387634277,15059600
2005-10-04,8.153854018562697,8.362008037416564,8.049776683706972,8.066838264465332,14626800
2005-10-05,8.10096326187231,8.10096326187231,7.839917263108814,7.8740410804748535,15222400
2005-10-06,7.879157704362135,7.942286329643648,7.631760896065343,7.766549587249756,24876000
2005-10-07,7.9235202801478515,8.160680463282942,7.891103010198514,8.10608196258545,24239200
2005-10-10,8.2323404599923,8.274995073774642,8.102670720471387,8.194804191589355,14456400
2005-10-11,8.206746645297912,8.274994281155676,8.102669944358478,8.131674766540527,23242800
2005-10-12,8.170918251320009,8.23234100335796,7.822856423676828,7.8774542808532715,19772400
2005-10-13,7.831386706584907,8.063427239753086,7.829680157693649,7.98494291305542,16694000
2005-10-14,8.036126156975556,8.099255431843671,7.856976972111297,8.090723991394043,14996000
2005-10-17,8.136792736561995,8.181153893083101,8.012241360088785,8.143617630004883,12294800
2005-10-18,8.189686396764113,8.269877284340255,8.119732851492731,8.228928565979004,14015600
2005-10-19,7.930344795912986,7.964468613149995,7.643705772494399,7.850153923034668,46747200
2005-10-20,7.8928055855228125,7.913280258736535,7.660765146817548,7.713656425476074,21967600
2005-10-21,7.826266856901652,7.838210094406618,7.677829011584489,7.783612251281738,16543200
2005-10-24,7.778495945274183,8.15215015411377,7.778495945274183,8.15215015411377,17094400
2005-10-25,8.1470283353988,8.22380674307668,8.061719138169492,8.184564590454102,14164000
2005-10-26,8.187977576210669,8.292054256971003,7.983235359191895,7.9832353591918945,12894800
2005-10-27,8.002002544265261,8.01223923085155,7.715363604414372,7.7767863273620605,12470400
2005-10-28,7.882571646639213,8.058308422389906,7.816030562650413,8.03954029083252,13308000
2005-10-31,8.094138115597719,8.239164172162495,7.979824079475725,8.061720848083496,14897600
2005-11-01,8.061723109419106,8.112908522799405,7.940584145885569,8.044661521911621,8801600
2005-11-02,8.121438134794309,8.355185884952606,8.107788996945988,8.343242645263672,14589600
2005-11-03,8.430255899477029,8.800498200245581,8.38589539774199,8.665709495544434,20060400
2005-11-04,8.691304983395368,8.723722910571862,8.396135096311259,8.476325988769531,14386800
2005-11-07,8.614523348620835,8.621347590005735,8.413193583471477,8.508739471435547,11835200
2005-11-08,8.646941988421723,8.814147969861544,8.61623061929424,8.791967391967773,17316400
2005-11-09,8.841447046780607,8.904575684042086,8.745900491063983,8.805617332458496,14212800
2005-11-10,8.848272308121361,8.925050735473633,8.699834449145428,8.925050735473633,12388400
2005-11-11,8.9335829963492,9.228752864837682,8.925052203208867,9.227046966552734,18118800
2005-11-14,9.177563965802017,9.232161802171241,8.849976296729121,8.870450973510742,20056400
2005-11-15,8.991592447545498,9.01377302829152,8.788556075442944,8.810736656188965,18120400
2005-11-16,9.372071622590358,9.517097046480712,9.138324525536609,9.491504669189453,59630400
2005-11-17,9.474444208764492,9.641650244990707,8.817563305671653,9.341361999511719,89778800
2005-11-18,9.418136966364385,9.486383944228018,9.247518545418862,9.27481746673584,26414400
2005-11-21,9.26799352347453,9.281643310960659,9.179271857387763,9.247519493103027,16220000
2005-11-22,9.227043603233296,9.31064625673573,9.182682453701037,9.23045539855957,12310400
2005-11-23,9.259463305740994,9.264581650936746,9.083726511537723,9.177566528320312,11051200
2005-11-25,9.204864908543113,9.25263786315918,9.064957840718035,9.25263786315918,3806400
2005-11-28,9.227044115925457,9.247518143308511,8.84997692738009,8.892631530761719,13660800
2005-11-29,8.974527704124107,9.013770509423003,8.802203404111472,8.803909301757812,12336000
2005-11-30,8.778315733578125,8.85338758606242,8.648645401000977,8.648645401000977,18918000
2005-12-01,8.725426450488639,9.109317919943239,8.655472919866774,9.041070938110352,19862000
2005-12-02,9.022302996287689,9.150266822129892,8.996709970776179,9.141736030578613,13016800
2005-12-05,9.1878017330204,9.320884544309685,9.184389937346749,9.279935836791992,16517200
2005-12-06,9.295292840028925,9.38401450986145,9.093963022112371,9.10420036315918,11234400
2005-12-07,9.08884117652637,9.172443818207771,8.826088715241319,8.955759048461914,13488400
2005-12-08,8.979648061824458,9.03424590680063,8.82950366271116,8.977941513061523,11675200
2005-12-09,9.017184623496883,9.071782474225405,8.855097620254053,8.868746757507324,8262400
2005-12-12,8.863628207118294,8.96258656520028,8.716896242611973,8.817561149597168,11342400
2005-12-13,8.757845301395049,9.256050860166493,8.757845301395049,9.204865455627441,27391600
2005-12-14,9.213392560476132,9.230454138208101,8.858506016105466,8.889217376708984,17979200
2005-12-15,9.059838482390695,9.083725609600453,8.803910834290871,8.974529266357422,14249200
2005-12-16,8.996707050519683,9.001825393617544,8.626465480338606,8.648645401000977,24677600
2005-12-19,8.754431319331387,8.820972398650781,8.553101532701742,8.62987995147705,13956000
2005-12-20,8.65035387092862,8.817559841463616,8.612817610919146,8.80732250213623,12770000
2005-12-21,8.855095405186521,9.232161920851693,8.834620728141697,9.225337028503418,18915600
2005-12-22,9.075193758534768,9.452260971069336,9.063250520896686,9.452260971069336,14570400
2005-12-23,9.469322932154114,9.51197753995661,9.238988310363702,9.308941841125488,7218000
2005-12-27,9.384012380656936,9.452260003768378,9.199744188770584,9.244105339050293,7159200
2005-12-28,9.305530027591873,9.305530027591873,9.042777469443696,9.117849349975586,8431600
2005-12-29,9.093963420049654,9.136618033324615,8.969412027389705,9.01547908782959,6620400
2005-12-30,8.957466705754555,9.128085119197499,8.894338075020793,8.969409942626953,8325600
2006-01-03,9.042777052148445,9.440318317984769,8.9540553878735,9.332828521728516,17228400
2006-01-04,9.355010234924181,9.549515170211786,9.317473966409818,9.460793495178223,17344400
2006-01-05,9.629704278912072,9.769611344151059,9.554632401494807,9.660415649414062,17982800
2006-01-06,9.742313761622807,9.836154434884877,9.663829426583412,9.73037052154541,14891600
2006-01-09,10.054546007741854,10.054546007741854,9.820798897274203,9.880515098571777,16164000
2006-01-10,9.88733535950536,9.904396937349315,9.605814769077801,9.74060344696045,16017200
2006-01-11,9.767905226818694,9.827621417643952,9.680890112922224,9.71330738067627,12005200
2006-01-12,9.786673964158597,9.974353990531407,9.639941999498031,9.970941543579102,17164000
2006-01-13,10.01018402142978,10.194452257491545,9.989709989931049,10.134736061096191,12998400
2006-01-17,10.018713763981062,10.114259661996147,9.947053689612131,10.0767240524292,11813200
2006-01-18,10.037484041543223,10.042602386929696,9.81397363070609,10.001653671264648,14625600
2006-01-19,10.078432459417543,10.131324416742437,9.815679872744626,10.093788146972656,12306400
2006-01-20,10.098902574682922,10.26099018024794,9.767903122398561,9.820795059204102,19589200
2006-01-23,9.76790291852418,9.779846153866876,9.503444541731273,9.621170997619629,15457200
2006-01-24,9.844685027356546,10.020421828511882,9.691128156832049,9.897576332092285,19703200
2006-01-25,9.943643162758033,10.006772458542422,9.726957650866302,9.786674499511719,11868000
2006-01-26,9.895870387840938,10.066488842803714,9.802030367782963,10.051133155822754,12820400
2006-01-27,10.06648822708725,10.237106671614152,9.904400574615149,10.19274616241455,16158400
2006-01-30,10.237103523502025,10.240515969446095,9.793495964493276,9.878805160522461,28006800
2006-01-31,9.878806613221034,10.457202943216052,9.8276205673905,10.385542869567871,45982800
2006-02-01,10.380425494717725,10.522038455729449,10.162034108647756,10.494739532470703,32670800
2006-02-02,10.283173019834628,10.419667635861623,10.228575173423831,10.358244895935059,22282000
2006-02-03,10.260994107766736,10.493035318125953,10.22004604173733,10.35654067993164,17762400
2006-02-06,10.385543979680973,10.388956426491607,10.143266113845115,10.240518569946289,13940800
2006-02-07,10.26952149628426,10.361655590594745,10.172269058131265,10.295114517211914,13623600
2006-02-08,10.313884534246515,10.363364036642297,10.06819357109929,10.131322860717773,15772000
2006-02-09,10.124496589013757,10.197862558205404,9.79008465786805,9.95217227935791,28204800
2006-02-10,9.947053937515792,10.126203151616508,9.841270697423749,10.083548545837402,19358000
2006-02-13,10.083549652243756,10.170565422061113,9.981178847484433,10.097199440002441,11656400
2006-02-14,10.129616506019298,10.310472285040127,10.015302464697896,10.286585807800293,15864800
2006-02-15,10.3070585669128,10.440140724182129,10.23028014892757,10.440140724182129,12890400
2006-02-16,10.441846112420698,10.556160126938932,10.406016404961926,10.49303150177002,15665200
2006-02-17,10.49303094646824,10.61758229260797,10.409427649297939,10.4862060546875,11718400
2006-02-21,10.57151457308585,10.57151457308585,10.131319495108675,10.23369026184082,16558400
2006-02-22,10.26270048339839,10.59028760952808,10.221751767203298,10.556163787841797,15095200
2006-02-23,10.561280679255088,10.680713055067178,10.39919304669315,10.455496788024902,11530000
2006-02-24,10.477676779245197,10.576635771791384,10.272934552243594,10.520331382751465,8867600
2006-02-27,10.586874772768459,10.914462537703523,10.552750952337638,10.863276481628418,14999200
2006-02-28,10.796733033752028,10.84621253003667,10.561280090959945,10.624408721923828,13686000
2006-03-01,10.638057851587366,10.66194497626557,10.385542676993293,10.416254043579102,18236000
2006-03-02,10.37359960085156,10.516919096853945,10.358243917320674,10.457202911376953,10337600
2006-03-03,10.370185985962305,10.455495184664482,10.252459526062012,10.252459526062012,12629200
2006-03-06,10.271227439454593,10.300232253996107,10.0408922172535,10.15179443359375,11070000
2006-03-07,10.117672134332572,10.197862999678122,9.996533212835233,10.081842422485352,9912400
2006-03-08,10.095493845289543,10.458911342992009,9.964118205412468,10.370189666748047,15060000
2006-03-09,10.433320105202036,10.498154657697171,10.305356247742605,10.33436107635498,12267200
2006-03-10,10.066489723577757,10.493035898305628,10.066489723577757,10.42308235168457,9663600
2006-03-13,10.493034137476128,10.564693570393537,10.380425992278985,10.491328239440918,9586800
2006-03-14,10.475970370275116,10.740428768937393,10.424784327879298,10.726778984069824,14435600
2006-03-15,10.726780837863974,10.876925243067248,10.663652199085536,10.875219345092773,11902400
2006-03-16,10.95711694007426,11.0321894737517,10.711425958377514,10.730194091796875,22255200
2006-03-17,10.69436432955949,10.870101122015962,10.69436432955949,10.801854133605957,15814800
2006-03-20,10.91957968113804,10.91957968113804,10.59199260311558,10.752373695373535,10807200
2006-03-21,10.629526138305664,10.928108987715934,10.586871538512417,10.629526138305664,12724800
2006-03-22,10.591994483408369,10.73019502173225,10.496447909928206,10.69777774810791,12373200
2006-03-23,10.684126440920595,10.70118867529206,10.462322600953057,10.581755638122559,8482400
2006-03-24,10.672183208651719,10.716544367186287,10.53568858788707,10.636353492736816,6632000
2006-03-27,10.591991688898517,10.658532767699926,10.487914349908577,10.653413772583008,9000000
2006-03-28,10.783086056909058,10.786498503976143,10.43843671342623,10.516921043395996,11443200
2006-03-29,10.57151829749968,10.660239963658233,10.46573504782735,10.581755638122559,9392800
2006-03-30,10.597109065954358,10.70630473923726,10.493031736463609,10.5220365524292,8343600
2006-03-31,10.566401455757022,10.740432365956876,10.528865185657706,10.615880966186523,10704800
2006-04-03,10.706304544867093,10.890572728329811,10.61587700160717,10.832562446594238,13425600
2006-04-04,10.893983491103555,11.09019489184065,10.80526250472341,11.010004043579102,17660400
2006-04-05,10.963942198733145,11.045838327544663,10.871808077533565,10.90422534942627,12061600
2006-04-06,10.8649804778682,10.89739774168921,10.467439267339206,10.528861999511719,19279600
2006-04-07,10.644881772211274,10.706304499773475,10.46914503013084,10.49303150177002,11493600
2006-04-10,10.475973555365458,10.663653598353372,10.356540504892347,10.556163787841797,11110800
2006-04-11,10.631233580370354,10.631233580370354,10.250754596336893,10.307058334350586,12218800
2006-04-12,10.313886635091485,10.545927858280695,10.20810336599916,10.42308235168457,15498800
2006-04-13,10.423080251545448,10.561281418620034,10.33435858697558,10.481090545654297,8954800
2006-04-17,10.496445114323835,10.569811085858877,10.249048278974804,10.440140724182129,10529200
2006-04-18,10.460615952755225,10.660239199152597,10.366775297586226,10.551043510437012,22391200
2006-04-19,10.748960402702725,11.1499134272224,10.738723063248552,11.112377166748047,35390800
2006-04-20,11.19597984437235,11.294937526783878,11.039009927520965,11.1174955368042,85579200
2006-04-21,11.182333281520322,11.236931133023576,10.94517374201723,11.008301734924316,23817200
2006-04-24,11.040720159668357,11.040720159668357,10.632942152927228,10.841096878051758,18588000
2006-04-25,10.84280188694131,10.897399736453748,10.409430886935827,10.479384422302246,21888400
2006-04-26,10.445258959030653,10.452083200576721,9.592166934303748,9.778141021728516,59128800
2006-04-27,9.819092783608216,9.865159848448261,9.537572699618355,9.687716484069824,46131200
2006-04-28,9.895871369735055,9.912932956581125,9.682598279870074,9.810562133789062,17856800
2006-05-01,9.868572058774417,10.022128937884236,9.766201239939733,9.877102851867676,20896400
2006-05-02,9.914636988111466,9.929992672716718,9.16562219084365,9.349889755249023,62120800
2006-05-03,9.377187168475164,9.593872615980267,9.31917688606547,9.57339859008789,33714000
2006-05-04,9.634823036493732,9.682595989046291,9.387426180610882,9.418137550354004,21512400
2006-05-05,9.498327227329007,9.616054354896768,9.259461827370494,9.597286224365234,28068000
2006-05-08,9.597286409351435,9.733781019224015,9.597286409351435,9.643353462219238,18044000
2006-05-09,9.665532207252797,9.832738154003762,9.645057531510421,9.784964561462402,16369600
2006-05-10,9.764493535285203,9.958998458568246,9.680890861663826,9.689421653747559,22051200
2006-05-11,9.716718327828103,9.767903719329933,9.595579416073669,9.657001495361328,17734800
2006-05-12,9.604111472731057,9.633116293092689,9.344771383949185,9.476147651672363,15861600
2006-05-15,9.619468096814467,9.836153599740191,9.571694489703361,9.738901138305664,24167600
2006-05-16,9.692836185994082,9.837861635190324,9.535866844281838,9.680892944335938,15444400
2006-05-17,9.607522609764494,9.682594473576899,9.419841973947145,9.520506858825684,18948800
2006-05-18,9.563164354606565,9.593875728838611,9.0461906397967,9.17074203491211,24780400
2006-05-19,9.1622099442894,9.384013776098373,8.96599848680973,9.37377643585205,28104000
2006-05-22,9.267994480384699,9.385720980748086,9.107613366009653,9.32941722869873,15877600
2006-05-23,9.426666573788212,9.511975773551,9.143440056610054,9.174151420593262,17406400
2006-05-24,9.31917781442108,9.641646520494218,9.23898760049692,9.469322204589844,47514800
2006-05-25,9.476146359949619,9.554630669961345,9.39083715753925,9.520506858825684,15621600
2006-05-26,9.59728549185069,9.824208287891864,9.426667083106677,9.752548217773438,17447200
2006-05-30,9.75596334622692,9.75596334622692,9.511978902576518,9.51539134979248,14099200
2006-05-31,9.556339174858005,9.784967925728155,9.511978663879203,9.781556129455566,16526400
2006-06-01,9.918051540284766,10.04601538887471,9.848097995756577,10.008479118347168,23402000
2006-06-02,10.064781954732577,10.134735488352883,9.866864592475784,9.964117050170898,18830000
2006-06-05,9.885630308996934,9.984589297886258,9.612641116987717,9.63823413848877,11781600
2006-06-06,9.634823249362704,9.824209816676982,9.563163168092963,9.65529727935791,17065600
2006-06-07,9.655296685048523,9.89245619137304,9.655296685048523,9.692832946777344,20245600
2006-06-08,9.621175562875077,9.691129110585667,9.418139814851127,9.651886940002441,25942800
2006-06-09,9.692831819255826,9.938522088068451,9.665532900498867,9.778141021728516,16822400
2006-06-12,9.810559839089875,9.853214447085918,9.55804463785622,9.581931114196777,14520000
2006-06-13,9.585344869723484,9.853215792445146,9.486385853249107,9.72866439819336,20730000
2006-06-14,9.691126075814497,9.78326017834484,9.534157442636237,9.715012550354004,15861200
2006-06-15,9.697951154677499,10.03577555290663,9.675770577526672,9.996533393859863,23163600
2006-06-16,9.948761960085456,10.023833843069449,9.82079812379095,9.871983528137207,18366800
2006-06-19,9.86174345364509,9.890748920278712,9.511975861553209,9.57339859008789,16876400
2006-06-20,9.597285394799403,9.597285394799403,9.303821526452891,9.42496109008789,17348800
2006-06-21,9.467616351490783,9.667239589199559,9.435198435349701,9.556337356567383,15347200
2006-06-22,9.505154209213527,9.667241875682844,9.34136064452902,9.375484466552734,11219600
2006-06-23,9.327711052159783,9.590463641170482,9.327711052159783,9.481267929077148,8946400
2006-06-26,9.469323140476995,9.527333434398908,9.401075506148503,9.518802642822266,8453600
2006-06-27,9.529038377534894,9.610935790865804,9.344770824684376,9.414724349975586,12466400
2006-06-28,9.459086005257348,9.592168829998975,9.36012764927787,9.569988250732422,10408800
2006-06-29,9.63993866491033,10.07160296676378,9.610933852135465,10.057953834533691,28572800
2006-06-30,10.075020012087764,10.182509824973554,9.988004883180643,10.093788146972656,16653600
2006-07-03,10.090374396342439,10.133029006168611,10.023833309150838,10.110848426818848,4117200
2006-07-05,10.005063401614095,10.102315842694845,9.912929304529937,10.064780235290527,13080400
2006-07-06,10.056251135903851,10.278055639984613,10.056251135903851,10.254168510437012,11522000
2006-07-07,10.213220255872537,10.453792238089928,10.15520995834491,10.366776466369629,18028000
2006-07-10,10.42819693109912,10.5612797321313,10.373599092521971,10.510093688964844,16923200
2006-07-11,10.547629000483735,10.67388689764863,10.349711690688842,10.537391662597656,24326800
2006-07-12,10.53739389821891,10.663651822170781,10.39236849378045,10.542512893676758,30699600
2006-07-13,10.458909429534978,10.561280876098895,10.359951080466603,10.424785614013672,17027200
2006-07-14,10.450378984857544,10.462322223057338,10.092080537148352,10.221750259399414,14344400
2006-07-17,10.187627363372725,10.322416093359639,10.109143033579482,10.134736061096191,14564800
2006-07-18,10.19616082769394,10.353130179275015,10.112558130830738,10.279764175415039,22531200
2006-07-19,10.305355097280216,10.559576234571994,10.249050693871979,10.446968078613281,21082400
2006-07-20,10.41284157013041,10.511800562395814,9.95046582564023,10.126202583312988,32546000
2006-07-21,9.924875215439274,10.27976191426891,9.899282837702634,10.187627792358398,27097600
2006-07-24,10.240517257217315,10.341182147224918,10.127909130332334,10.307058334350586,15555200
2006-07-25,10.271230153398724,10.59369889882793,10.260992812754512,10.559575080871582,15265200
2006-07-26,10.508391349830903,10.74213846607426,10.508391349830903,10.63976764678955,13962400
2006-07-27,10.658533510438739,10.721662147180519,10.330945787005476,10.443553924560547,9837200
2006-07-28,10.532275399669906,10.660239219665527,10.373600210806726,10.660239219665527,11661600
2006-07-31,10.66024015729217,10.66194670618916,10.383838464030726,10.49644660949707,14984000
2006-08-01,10.484502822546073,10.494739511962054,10.296822156008494,10.358244895935059,14242400
2006-08-02,10.365068302280086,10.595402893098836,10.365068302280086,10.510093688964844,12760000
2006-08-03,10.494740641624686,10.641472613719683,10.344596873262224,10.590287208557129,11886800
2006-08-04,10.71483797813675,10.74896179655131,10.392369228377442,10.464029312133789,8459600
2006-08-07,10.48620680987609,10.597109031298727,10.417959839726242,10.566397666931152,7203600
2006-08-08,10.561280237122824,10.566398581341174,10.358243905026816,10.506682395935059,10657600
2006-08-09,10.571519450212378,10.745550354631426,10.48109187618535,10.523746490478516,11370400
2006-08-10,10.527159689102282,10.685834917666947,10.460618590192807,10.554458618164062,12730000
2006-08-11,10.504977235574009,10.63635351168708,10.501564788691601,10.586874008178711,9469600
2006-08-14,10.730190998374184,10.795026172170255,10.498149871826172,10.498149871826172,17937200
2006-08-15,10.648298239817343,10.713133437936767,10.462324089287305,10.615880966186523,15664800
2006-08-16,10.685829639582721,10.92981333145326,10.672179856365005,10.919576644897461,19494000
2006-08-17,10.946881192780504,11.088493527532227,10.8991075806363,10.916169166564941,14520800
2006-08-18,10.928108034284948,10.99806089495094,10.789906908703573,10.85986042022705,14202400
2006-08-21,10.859865389244566,10.917875692479608,10.73190154247825,10.856452941894531,11676400
2006-08-22,10.83427087765329,10.936641680721111,10.764317343690152,10.827445983886719,10673600
2006-08-23,10.866686216543785,10.875217657665436,10.672181334749581,10.772846221923828,9382400
2006-08-24,10.77796663512328,10.941760182726734,10.77626073708599,10.86839485168457,8454800
2006-08-25,10.808675331407363,10.885453741236134,10.760902387895033,10.783082962036133,9745200
2006-08-28,10.795026986599407,11.035598921067395,10.748959937336483,10.99976921081543,10368800
2006-08-29,10.940052830757311,11.03048037906327,10.784789454069609,10.926403045654297,11306000
2006-08-30,10.931523335825029,10.95370326427985,10.803559506561406,10.827445983886719,9262000
2006-08-31,10.904222438199902,10.904222438199902,10.754078056796487,10.817207336425781,9751200
2006-09-01,10.858157681447029,10.934935460627498,10.764317667337124,10.805266380310059,7863600
2006-09-05,10.851333008501673,10.851333008501673,10.67047787056987,10.725075721740723,10045200
2006-09-06,10.673890710967418,10.725076116969104,10.397488347014368,10.499859809875488,18121600
2006-09-07,10.532275579037618,10.64659026529316,10.481090180339198,10.54763126373291,14937200
2006-09-08,10.554456380392471,10.936641306225978,10.540806593326725,10.866687774658203,15478800
2006-09-11,10.80014683487159,10.854744682152324,10.685832795520575,10.825739860534668,15020000
2006-09-12,10.837686528751226,10.917877427073053,10.663655591396687,10.892284393310547,12870000
2006-09-13,10.86327585585729,10.893987227390152,10.774554839048697,10.86839485168457,9522400
2006-09-14,10.853036472248693,10.90934020551283,10.786495400728558,10.832562446594238,8567200
2006-09-15,10.892280777855463,11.074843099771847,10.882043437576947,11.0475435256958,23421600
2006-09-18,11.052659589700822,11.158443464844098,10.955407155124691,11.059484481811523,13006800
2006-09-19,11.064603986244256,11.105552041489224,10.992944564136758,11.083372116088867,12384000
2006-09-20,11.064606315284939,11.20280814611467,11.013421560883412,11.08166790008545,18344400
2006-09-21,11.090196824490071,11.110671502629675,10.955408122263524,10.960526466369629,14354000
2006-09-22,10.970763883550799,11.107257825543373,10.936639421766316,11.05265998840332,15688400
2006-09-25,11.132857677745758,11.289826393127441,11.00489379639236,11.289826393127441,14205600
2006-09-26,11.248875436537332,11.404137562616055,11.209632616877762,11.393900871276855,16566400
2006-09-27,11.41266514001134,11.49797434351073,11.288114431862708,11.487737655639648,18659600
2006-09-28,11.508216225968775,11.709546089172363,11.503097879722912,11.709546089172363,17240800
2006-09-29,11.690772446811636,11.818736249565207,11.602051449657143,11.733427047729492,16541200
2006-10-02,11.078253184327984,11.204510440637396,10.883748305086547,10.967350959777832,60339200
2006-10-03,10.970764377083716,11.013418979946849,10.496444750662524,10.583459854125977,46614800
2006-10-04,10.566401448165552,11.078256836318156,10.561283102558516,10.916169166564941,36583200
2006-10-05,10.96394447656418,11.190866077815306,10.926408200679036,11.14309310913086,20601200
2006-10-06,11.160149869384727,11.20280446824026,11.056072544040024,11.149911880493164,12168400
2006-10-09,11.149914512513888,11.178919334170843,11.021950685740473,11.120909690856934,9860400
2006-10-10,11.20109977326899,11.20109977326899,10.931522351483022,11.085079193115234,11680800
2006-10-11,11.018542341020087,11.165274345817044,10.936644893478341,11.14309310913086,13802400
2006-10-12,11.17550814079811,11.448497392291314,11.081667475418215,11.405842781066895,19231200
2006-10-13,11.3478346328204,11.467267039330642,11.323948151518351,11.41266918182373,13654000
2006-10-16,11.383662019183685,11.544043762205234,11.329064172878633,11.518450736999512,12228800
2006-10-17,11.613994971406369,11.711247411821686,11.445083112098741,11.602051734924316,14333200
2006-10-18,11.663477897439689,11.781205050053297,11.552575639354531,11.554282188415527,23216000
2006-10-19,11.595229256214624,11.730017982694346,11.53380651245892,11.653240203857422,22601200
2006-10-20,11.707834742050549,11.772669263580385,11.5611028181064,11.770962715148926,19693200
2006-10-23,11.716366420325851,11.88015994496214,11.64300044871338,11.837505340576172,12431200
2006-10-24,11.815324777375956,11.832386357866682,11.608876659493328,11.711247444152832,11304400
2006-10-25,11.668592679662243,11.73001540994608,11.451907876844079,11.593520164489746,15327600
2006-10-26,11.562810490923695,11.842625915216159,11.499682504579846,11.832387924194336,9901200
2006-10-27,11.764142365854568,11.82215331948957,11.607173694138417,11.632766723632812,9563600
2006-10-30,11.602052303774013,11.786320505716192,11.559397699716019,11.767552375793457,12896800
2006-10-31,11.80679425779626,11.91769649221465,11.689068432021118,11.755609512329102,11517600
2006-11-01,11.789734011679712,11.851156754571333,11.434847342020442,11.530394554138184,14220400
2006-11-02,11.530395684092012,11.631059949314302,11.375132262757326,11.603761672973633,14150400
2006-11-03,11.578166007995605,11.644707087213895,11.457027086810637,11.578166007995605,9480800
2006-11-06,11.600345029142535,11.832386164833311,11.600345029142535,11.741958618164062,11286400
2006-11-07,11.702716774090216,11.926227788904875,11.631057350278756,11.900634765625,13219200
2006-11-08,11.82214787379699,11.857977577898515,11.624229925371477,11.769256591796875,11434000
2006-11-09,11.844331953136294,11.844331953136294,11.388781024565377,11.441672325134277,14309600
2006-11-10,11.44337927804354,11.492858784267773,11.320533786964821,11.489445686340332,12113600
2006-11-13,11.468969562610603,11.532097540299942,11.327355971946973,11.443376541137695,9296400
2006-11-14,11.36318553449149,11.555985165609638,11.346123954301731,11.533803939819336,11048000
2006-11-15,11.523568691817413,11.730016831852176,11.50138876497105,11.579873085021973,15305600
2006-11-16,11.636179120830532,11.759024627373243,11.620824083370502,11.649828910827637,10360400
2006-11-17,11.608878346763566,11.847744413496711,11.608878346763566,11.846037864685059,17662800
2006-11-20,11.832387281387467,11.943289515805857,11.64470727791071,11.755609512329102,15781200
2006-11-21,11.839212921327274,11.839212921327274,11.482621022397634,11.518450736999512,12465600
2006-11-22,11.521860572162739,11.533803808330926,11.238634699439231,11.354655265808105,15165600
2006-11-24,11.269346843202669,11.397310654586278,11.242047271950867,11.286408424377441,4490400
2006-11-27,11.262520864675988,11.286407336361043,11.056072758417976,11.124319076538086,14337200
2006-11-28,11.12432286805263,11.308591113897453,11.074844661066365,11.282998085021973,14147600
2006-11-29,11.253991873334257,11.393898938673509,11.195982229964125,11.38878059387207,12729200
2006-11-30,11.40925645183962,11.40925645183962,11.213044970011468,11.253993034362793,9493200
2006-12-01,11.308590272225306,11.3461265382202,10.938348560758243,11.127735137939453,19147200
2006-12-04,11.201103299870326,11.613999702700845,11.163567026573793,11.537221908569336,19098000
2006-12-05,11.533805498193464,11.602053129888812,11.431434701508095,11.550867080688477,17634000
2006-12-06,11.588404457337983,11.625940723464998,11.46214717267792,11.619115829467773,11864000
2006-12-07,11.636176474315635,11.64129612068686,11.354657104518497,11.41096019744873,13051600
2006-12-08,11.26081632787287,11.506507282484451,11.189156900016263,11.281291007995605,12613200
2006-12-11,11.190862961138242,11.28641017361282,11.127734970836103,11.218162536621094,8524400
2006-12-12,11.194276783109606,11.279586009439223,11.126029141702814,11.134560585021973,13942000
2006-12-13,11.11579093460406,11.15673899317554,10.876924873125688,10.914461135864258,19809200
2006-12-14,10.914460609397544,11.08166593316642,10.769434560903376,10.808676719665527,21914000
2006-12-15,10.929815485409677,11.037305922288784,10.767728508330228,11.003181457519531,27668800
2006-12-18,10.992943727995513,11.066309693158152,10.839386905362655,10.883748054504395,10866000
2006-12-19,10.871805631801436,11.078253758120214,10.784789875513288,11.02877426147461,13602800
2006-12-20,11.132853274324908,11.257405308999335,11.040719159986716,11.049250602722168,20335600
2006-12-21,11.085079357403835,11.235223103827641,11.045836546626948,11.153326988220215,20901600
2006-12-22,11.153327034559606,11.20109998581497,10.905929534536762,11.004888534545898,10743200
2006-12-26,11.042426687323585,11.124322817292803,10.941761121330174,11.108967781066895,5977200
2006-12-27,11.20792245535461,11.298349993777837,11.149911525864328,11.265932083129883,10388800
2006-12-28,11.231809283050408,11.276169128625325,11.039009663125768,11.149911880493164,8839200
2006-12-29,11.129439791255825,11.233515826903128,11.04754237924189,11.078253746032715,7876800
2007-01-03,11.137972030395213,11.284703999196296,10.564693943385274,10.774555206298828,33461200
2007-01-04,10.769436370533516,11.02706994338755,10.658534768663763,10.951998710632324,18666400
2007-01-05,10.957113691093658,11.05948446920738,10.893984415427914,10.95540714263916,14022000
2007-01-08,10.916167942287263,10.977590035256386,10.835977065529155,10.958823204040527,12984000
2007-01-09,11.08166760189487,11.177214817294558,11.008301617682912,11.09190559387207,20593600
2007-01-10,11.030482845180444,11.085080696083953,10.928112037450797,11.037307739257812,12706800
2007-01-11,11.088488642752868,11.303468175553018,11.040715702511722,11.301761627197266,17697600
2007-01-12,11.226694661897332,11.344420508606724,11.224988112897055,11.288117408752441,15242800
2007-01-16,11.28982047759118,11.342713072669898,11.235222635556708,11.320531845092773,14289600
2007-01-17,11.301764267719461,11.361480456972869,11.201100020365905,11.327357292175293,18442800
2007-01-18,11.380250227319625,11.428024487318977,11.136265788899456,11.288117408752441,14631200
2007-01-19,11.238636031338261,11.38195488234134,11.155032066537863,11.189156532287598,12762000
2007-01-22,11.175506569532105,11.206217937364315,10.94005361729533,10.962233543395996,15188000
2007-01-23,10.963944497330832,11.028779054708847,10.825743286557493,10.892284393310547,13597200
2007-01-24,10.85645030467262,11.006594697312575,10.85645030467262,10.962233543395996,12464800
2007-01-25,10.9383484065428,10.962234884254528,10.781379101660777,10.818915367126465,15518800
2007-01-26,10.825739690698702,10.866687750088015,10.64659046644071,10.70289421081543,23048000
2007-01-29,10.689241503065007,10.912751158790234,10.651705252118655,10.78137493133545,15867600
2007-01-30,10.791615843855254,10.856451030374691,10.735311448779981,10.82915210723877,12757600
2007-01-31,10.936640147264955,11.14479482195564,10.767728280800876,10.974176406860352,24699600
2007-02-01,11.917697150110476,12.270877250363107,11.85968750836899,12.204336166381836,74481200
2007-02-02,12.113911103354926,12.267467983318037,11.984240704528789,12.05760669708252,28588000
2007-02-05,12.05419244844524,12.086609065270883,11.934758765340014,11.946702003479004,18828800
2007-02-06,11.941581846257456,12.020066156646001,11.886984008521289,11.999592781066895,18983200
2007-02-07,12.134383873796805,12.497800680953054,12.101965953775101,12.325475692749023,31304000
2007-02-08,12.294762868968936,12.374953734254106,12.212866756727017,12.3118257522583,13833600
2007-02-09,12.1940980321495,12.33059197980516,12.081489256161287,12.141206741333008,19386800
2007-02-12,12.122438919868602,12.19239179320421,11.984237118399127,12.081489562988281,10948000
2007-02-13,12.108792153322518,12.194101382187165,12.016658029942835,12.040544509887695,14736800
2007-02-14,12.103674132444885,12.240168121259313,12.03030814158524,12.236756324768066,16182000
2007-02-15,12.20262784710362,12.330591651842068,12.163386342610973,12.316943168640137,14607200
2007-02-16,12.313530741242074,12.369835130800817,12.212866500862996,12.29476261138916,13825200
2007-02-20,12.40907899802635,12.448320508001734,12.21286754300348,12.402254104614258,14271600
2007-02-21,12.427847693816561,12.68718847555502,12.427847693816561,12.665008544921875,21812000
2007-02-22,12.659887109536902,12.753727767643825,12.472207095038387,12.636000633239746,13809200
2007-02-23,12.659884037441683,12.704245183392416,12.438080911118051,12.562631607055664,9770800
2007-02-26,12.700833672094266,12.791261212683898,12.455142768065798,12.634292602539062,12863600
2007-02-27,12.52339362318077,12.52339362318077,11.943290673005974,12.04224967956543,30714000
2007-02-28,11.866509645840923,12.296467419533334,11.866509645840923,12.209451675415039,27783600
2007-03-01,11.985945205456504,12.214573286331513,11.789733742461829,12.043954849243164,30936800
2007-03-02,12.003008567805105,12.199220059880563,11.902344299826765,12.018364906311035,18421600
2007-03-05,11.900634624017126,12.183861821971163,11.828975201058354,11.941582679748535,17417200
2007-03-06,12.003006119673277,12.151444620282458,11.87333575023475,12.06613540649414,17934400
2007-03-07,12.003006526981705,12.061017471218253,11.936465442106044,11.955233573913574,15337200
2007-03-08,12.049073700516692,12.108789889213067,11.909166643407204,11.953526496887207,12599200
2007-03-09,12.074663409353757,12.105374772949553,11.900633216787622,11.987648963928223,11760800
2007-03-12,11.91769750238168,12.112202415417052,11.876749442194065,12.083197593688965,12385600
2007-03-13,11.958643958628183,12.07466453169475,11.74366569519043,11.74366569519043,16384800
2007-03-14,11.75219971788357,11.897226458421658,11.651535445639185,11.868220329284668,17505200
2007-03-15,11.88527797811107,11.982530410845426,11.834091939107704,11.963762283325195,14900000
2007-03-16,11.919401148400967,11.991060561706371,11.789730804051866,11.864803314208984,22675200
2007-03-19,11.939880491717453,12.15997716123294,11.852864711994586,12.074667930603027,13022800
2007-03-20,12.327183572396784,12.554106433615262,12.327183572396784,12.4227294921875,27260800
2007-03-21,12.429554046952822,12.695719718933107,12.294765312809231,12.695719718933105,25686400
2007-03-22,12.76907867534302,12.779316663101488,12.647939784206239,12.750311851501465,20185600
2007-03-23,12.779324539013471,12.879988818387734,12.688896951991653,12.724726676940918,20673200
2007-03-26,12.69913000679277,12.873160235513483,12.525099778072057,12.84756851196289,15195200
2007-03-27,12.798086591515748,12.84756608388794,12.712777391228881,12.796380043029785,11868400
2007-03-28,12.746904900992735,12.903873570680092,12.675245460707055,12.80320930480957,14098000
2007-03-29,12.908988859546445,13.016477983684439,12.850977926246905,13.009653091430664,18065200
2007-03-30,12.980648664342738,13.15126707065098,12.88680802018715,13.052308082580566,16267600
2007-04-02,13.122263743896433,13.152973810872217,12.922639196546847,13.05401611328125,10138800
2007-04-03,13.142736397829141,13.30823646989587,13.035247264189767,13.29117488861084,11279600
2007-04-04,13.304825228834858,13.350891630395884,13.205866230856042,13.29800033569336,12250000
2007-04-05,13.228045275049958,13.395251891576827,13.228045275049958,13.362833976745605,10428000
2007-04-09,13.265578138626987,13.342355883695161,13.188800393558815,13.257046699523926,15048400
2007-04-10,13.21439624537561,13.393546108919876,13.141030271946038,13.185391426086426,16879200
2007-04-11,13.173453016816651,13.229757429048366,12.941411774027525,13.086437225341797,16884800
2007-04-12,13.13079288648933,13.533452444638506,13.086431734702675,13.477148056030273,19768800
2007-04-13,13.523220168976403,13.538575206307902,13.280940954560448,13.379899978637695,13474400
2007-04-16,13.431082259400382,13.608525572785721,13.37989621260481,13.598287582397461,15571600
2007-04-17,13.560754069672727,13.642650191221936,13.497624778787202,13.540279388427734,15038400
2007-04-18,13.519804713390975,13.58634580032353,13.308238213957093,13.381604194641113,22090400
2007-04-19,13.581223949833507,14.09819747719773,13.422548790786713,13.941228866577148,39368400
2007-04-20,14.098201900657171,14.161331195084147,13.965119719387479,14.05725383758545,21096800
2007-04-23,14.077722207301253,14.354123136237066,14.077722207301253,14.193742752075195,26818000
2007-04-24,14.186920530015618,14.299527999581771,14.10331787667096,14.224456787109375,18571600
2007-04-25,14.217631766596668,14.378012179485527,14.06066314899689,14.369482040405273,21923200
2007-04-26,14.320003638510745,14.369483135120097,14.236400979550554,14.328535079956055,14198800
2007-04-27,14.313178752598114,14.340478323864106,13.890045811696861,13.96682357788086,24223600
2007-04-30,13.970238988590017,14.072611105613703,13.77744059806442,13.942940711975098,21806800
2007-05-01,13.98901125928249,14.101620100616485,13.919058347130463,14.089676856994629,18251200
2007-05-02,14.113556060269497,14.340478873686399,14.029953398063627,14.231283187866211,23016000
2007-05-03,14.267113950063132,14.321711796990723,14.14085537139936,14.197159767150879,11734800
2007-05-04,14.229576653187099,14.34900902788458,14.067488371280225,14.181803703308105,10452800
2007-05-07,14.163038126672953,14.31659499448471,14.130620204102836,14.15450668334961,7425600
2007-05-08,14.144271700374311,14.181807972784,13.961709985967262,14.130621910095215,13862800
2007-05-09,14.215922911802863,14.359243023279967,14.125495381588866,14.17326831817627,14957200
2007-05-10,14.105022734188418,14.128909205913363,13.760374140932022,13.82520866394043,14438000
2007-05-11,13.837149859373685,14.116963888360234,13.833738064651117,14.014593124389648,15459200
2007-05-14,14.026537531977379,14.14255808797451,13.855919143847185,13.939521789550781,12825200
2007-05-15,14.00606689417926,14.192041667742137,13.913934083539909,13.963412284851074,16963600
2007-05-16,14.047013424020161,14.330239295959473,13.975354007209443,14.330239295959473,18181200
2007-05-17,14.32853627754823,14.40872584594653,14.132324823343383,14.149386405944824,13160800
2007-05-18,14.156208516324229,14.308058784540457,13.985590120421495,14.164738655090332,13230000
2007-05-21,14.130619296805435,14.219340313780364,14.036778633135926,14.11014461517334,11449600
2007-05-22,14.173267949866641,14.408720831949552,14.064072297157333,14.284170150756836,12098400
2007-05-23,14.265405454299811,14.412137391963396,14.077725462457954,14.08796215057373,17005200
2007-05-24,14.120378288702979,14.169857777896027,13.862744155909866,14.047012329101562,15988400
2007-05-25,14.070900199874062,14.123791489368578,13.924168266068175,13.946348190307617,10074800
2007-05-29,13.893461051861875,14.007775106020965,13.830331753943986,13.983888626098633,8858000
2007-05-30,13.96170445278173,14.11014163266366,13.782554606085794,14.035070419311523,16941200
2007-05-31,14.018008589553823,14.258579860450064,14.000945707913075,14.122084617614746,15461200
2007-06-01,14.122090263046212,14.255173763783763,14.094791984595485,14.161333084106445,9448400
2007-06-04,14.08966724671722,14.333651601474815,14.050424443460178,14.294408798217773,13974400
2007-06-05,14.302945739112337,14.328538768321067,14.033368261316056,14.210811614990234,13372000
2007-06-06,13.936116347427484,14.041900264908008,13.888343385247762,13.890049934387207,20388000
2007-06-07,13.828621792375388,13.878099982693257,13.345771409650617,13.407194137573242,27385600
2007-06-08,13.34918854782679,13.555636737529554,13.301415585147222,13.478858947753906,18299600
2007-06-11,13.415730939982152,13.693839902242344,13.395257554982395,13.516396522521973,13803200
2007-06-12,13.60510935205474,13.692125090944666,13.425960832828356,13.465202331542969,15662000
2007-06-13,13.487387612835436,13.707484245300293,13.453263145298584,13.707484245300293,16784400
2007-06-14,13.683598277230068,13.852511468953137,13.658006552770862,13.758670806884766,13992000
2007-06-15,13.861043859672618,14.019719085651412,13.731374762314589,13.791090965270996,26931200
2007-06-18,13.97876907983114,13.990712318766349,13.666537016890874,13.736491203308105,17433200
2007-06-19,13.695539924976403,13.801323813409425,13.57098920802509,13.785968780517578,13902400
2007-06-20,13.768909462101819,13.79450249192967,13.482270391804152,13.495920181274414,15165600
2007-06-21,13.497623301434329,13.603407190382041,13.441318910459808,13.53857135772705,10457200
2007-06-22,13.482263776130393,13.562454622774512,13.216099520643478,13.390130996704102,18750000
2007-06-25,13.461794052465313,13.55392815857921,13.144443676422547,13.212691307067871,14433600
2007-06-26,13.31506084381288,13.410606736657416,13.13761754159077,13.239988327026367,14594000
2007-06-27,13.253638355118708,13.601700073351077,13.171740944240133,13.581225395202637,17103000
2007-06-28,13.598292110819854,13.646066377872335,13.472034802184627,13.509571075439453,12012200
2007-06-29,13.512977522093014,13.560751770230443,13.096669487759563,13.239988327026367,13077600
2007-07-02,13.304824905655401,13.540277855599124,13.294586915334206,13.424257278442383,10252800
2007-07-03,13.461794529124198,13.49591769479746,13.267289621012877,13.325299263000488,4730000
2007-07-05,13.222925417040463,13.332121084089142,13.15467779970628,13.301409721374512,9348400
2007-07-06,13.304821335366382,13.379892534523794,13.175151007054655,13.349181175231934,7689600
2007-07-09,13.649475529980837,13.652887326108544,13.431084129775611,13.43449592590332,15772200
2007-07-10,13.47885531090835,13.6801851005323,13.437907254190925,13.601700782775879,14950600
2007-07-11,13.564166018798812,13.649475239042829,13.448145427198332,13.553929328918457,15784400
2007-07-12,13.574400914736584,13.628998756408691,13.36965933389499,13.628998756408691,14977000
2007-07-13,13.547102247842362,13.649473035263803,13.437906567697468,13.635823249816895,8161400
2007-07-16,13.564168027453883,13.591467606798027,13.27752895291831,13.519806861877441,16875000
2007-07-17,13.55051610989426,13.574402587211612,13.318474928769671,13.386722564697266,16191200
2007-07-18,13.352597854770194,13.50274159509029,13.284350226728245,13.424257278442383,18993600
2007-07-19,13.64947536113161,13.871279856436162,13.478856919117465,13.792794227600098,19784400
2007-07-20,13.656297036620222,13.669946821176188,12.953348752569159,13.222926139831543,36433400
2007-07-23,13.373072364895435,13.434495105165153,12.833918791291103,12.967000961303711,25818600
2007-07-24,12.779321484296638,13.147856639764305,12.779321484296638,12.919228553771973,31844800
2007-07-25,12.97041244972904,12.994300227459032,12.707661213567574,12.939701080322266,23935600
2007-07-26,12.745197597410169,12.92605403820161,12.49609481850999,12.717899322509766,29911000
2007-07-27,12.762255143064987,12.987471349038373,12.612110137939453,12.612110137939453,18471000
2007-07-30,12.711071481436022,12.81685536372449,12.523391491717582,12.769081115722656,16352800
2007-07-31,12.905580169932826,13.13762137894494,12.697425441108821,12.70425033569336,19867600
2007-08-01,12.62917594357719,12.932877850299237,12.441495926049885,12.659887313842773,16272200
2007-08-02,12.666714065312929,12.919229958058258,12.472209125673714,12.868043899536133,15988600
2007-08-03,12.936291133594647,12.956765816697583,12.601879119873049,12.601879119873047,12866400
2007-08-06,12.659884974405646,13.031833144793655,12.57457577295624,13.018184661865234,16636600
2007-08-07,12.864630704750267,13.05231072940517,12.704248953748516,12.919228553771973,15077800
2007-08-08,12.953349556903692,13.130792862004245,12.779319349011617,13.110318183898926,14469200
2007-08-09,13.065960291525432,13.1717428899639,12.714485424157692,12.731548309326172,18033000
2007-08-10,12.584815588930331,12.898752871007586,12.451733423627351,12.646238327026367,16336200
2007-08-13,12.49268341749844,12.888518178942517,12.455147149321895,12.76567268371582,11473800
2007-08-14,12.830506527238256,13.04207433600829,12.762260190696107,12.854393005371094,11976400
2007-08-15,12.844157321262681,13.291178150233453,12.844157321262681,12.902168273925781,15608600
2007-08-16,12.762257143497898,13.257049473865834,12.639411684308712,12.830503463745117,20718200
2007-08-17,12.833918791291103,13.076196654735357,12.676950144697528,12.967000961303711,17190400
2007-08-20,12.91922840080391,12.96700135541783,12.659887644734937,12.90557861328125,9521400
2007-08-21,12.823676988552128,12.970407585450365,12.762254272773877,12.874861717224121,6661800
2007-08-22,12.997716131663012,13.01136592276168,12.673540752506145,12.792974472045898,12436800
2007-08-23,12.946527621836102,12.946527621836102,12.625765401865735,12.687188148498535,11692600
2007-08-24,12.697427095046786,12.827097505612493,12.499510333177172,12.724726676940918,11202200
2007-08-27,12.656472966367527,12.762256843004174,12.523390822617769,12.5336275100708,8567000
2007-08-28,12.468793937599813,12.533628465938715,12.171916961669922,12.171916961669922,14815000
2007-08-29,12.226512098120574,12.315233071083561,12.01835749412443,12.301583290100098,21349400
2007-08-30,12.14803478352477,12.444911864430363,12.14803478352477,12.332303047180176,11622400
2007-08-31,12.461967900249158,12.516565735339563,12.253813247181034,12.410781860351562,12115600
2007-09-04,12.451730813255189,12.840740538501494,12.417606353847164,12.670122146606445,18354400
2007-09-05,12.64965069757676,12.769083081681549,12.335713401235394,12.44490909576416,16816000
2007-09-06,12.513158269748462,12.994303616514292,12.465385305259398,12.827096939086914,14630200
2007-09-07,12.67694958308194,13.250227599058329,12.663299796578864,12.850979804992676,16744800
2007-09-10,12.926051706739274,13.05230897152606,12.71107213566917,12.779319763183594,11019400
2007-09-11,12.827094250265509,13.06937212036831,12.786146189532097,13.004537582397461,14733800
2007-09-12,12.949937299138648,13.216101596430663,12.912401041476414,13.052308082580566,11777400
2007-09-13,13.199043673330497,13.260466420757675,13.045486804762554,13.13762092590332,12985400
2007-09-14,13.120556442846505,13.130793131251478,12.92263845558232,12.973824501037598,11857200
2007-09-17,12.898755275348288,12.919229959101902,12.642827586148062,12.70425033569336,10422400
2007-09-18,12.734960395478227,13.147856712341309,12.68377434223734,13.147856712341309,15291600
2007-09-19,13.12055689443144,13.199041212239662,12.977236743252975,13.185391426086426,13976800
2007-09-20,13.175151604196474,13.594872665731787,13.127378665736105,13.465202331542969,15240600
2007-09-21,13.533456348737511,13.77573425227566,13.403785953185386,13.693838119506836,22357400
2007-09-24,13.639236280275634,13.690421022878224,13.379895564914523,13.570988655090332,10154000
2007-09-25,13.656298442290128,14.028246648577426,13.642648656329163,13.895164489746094,15339600
2007-09-26,13.9941257199063,14.116971221166843,13.806445671520722,13.922466278076172,12791400
2007-09-27,14.052133806218452,14.069195388641395,13.908813650092059,14.031659126281738,11336400
2007-09-28,14.024832501133885,14.06919365132791,13.843977406695755,13.946348190307617,10559600
2007-10-01,14.07260606025191,14.301234089081031,13.966822184720707,14.28758430480957,15589800
2007-10-02,14.331945499219461,14.359245067850736,13.994120496840369,14.127203941345215,10653000
2007-10-03,14.130616882850406,14.22957587459377,14.011184514687853,14.0964937210083,8448600
2007-10-04,14.164738758565331,14.389954990733568,13.97023388995254,14.16815185546875,9138800
2007-10-05,14.246636582556716,14.434316564618634,13.990708979277255,14.369482040405273,12638400
2007-10-08,14.297831347791613,14.362665911564104,13.922469852923989,14.062376976013184,12561800
2007-10-09,14.161325894145007,14.372892326155657,14.137439424484851,14.362655639648438,9652400
2007-10-10,14.3660720380873,14.697072226180408,14.243227855491204,14.666360855102539,13648200
2007-10-11,14.75849242815939,14.854038320972032,14.379719350630468,14.441142082214355,15719400
2007-10-12,14.577640792785589,14.79603220063451,14.512804948651056,14.775557518005371,11815600
2007-10-15,14.864282679405978,14.980303299694718,14.253468199011857,14.33536434173584,14976800
2007-10-16,14.362659971774637,14.546928194774141,14.035072887585759,14.468443870544434,16620200
2007-10-17,14.5605776473688,14.673186447252526,14.164742902255723,14.577640533447266,15034400
2007-10-18,14.536689218865009,15.011009531507154,14.526452529963509,14.847214698791504,28330800
2007-10-19,14.83697670801857,14.843801600592478,14.27734853410974,14.33194637298584,26702400
2007-10-22,14.321711422985587,14.62541201994651,14.181804362530038,14.526453018188477,14480800
2007-10-23,14.540105615443764,14.778971723827677,14.430909903333786,14.680012702941895,13206200
2007-10-24,14.628821446155971,15.041718968953033,14.502564192956346,15.00076961517334,16435000
2007-10-25,15.01442083027631,15.594523713607304,15.000771044382585,15.529687881469727,28674200
2007-10-26,15.806088101833746,15.928933555232282,15.512624252429479,15.823149681091309,17721800
2007-10-29,15.853864087630887,15.908461932764316,15.604761337852414,15.683245658874512,13898400
2007-10-30,15.69689638139726,15.69689638139726,15.413669147953012,15.519453048706055,11472200
2007-10-31,15.693493358484305,15.761739730834961,15.260122125133861,15.761739730834961,14472200
2007-11-01,15.696898712702126,15.993774476048955,15.495568872796671,15.621826171875,14578000
2007-11-02,15.812914697912063,16.038130952840795,15.621821605175638,16.00741958618164,18860400
2007-11-05,15.915285462841934,16.259935388368213,15.696894101015284,16.10637855529785,16470800
2007-11-06,16.089316212509047,16.126851168402386,15.816325721434746,16.075666427612305,13269800
2007-11-07,15.87092485363091,15.92211090031051,15.198689164082596,15.225987434387207,15647200
2007-11-08,15.191866140735462,15.526278128843158,15.133855193911511,15.379546165466309,20163200
2007-11-09,15.253294956696955,15.396613879355833,14.86087186552274,14.867696762084961,14372400
2007-11-12,14.93252296861439,14.990533906064623,14.512801827839318,14.523039817810059,17763600
2007-11-13,14.512802074516546,14.71072006225586,14.253462654484743,14.71072006225586,16585400
2007-11-14,14.833567485156049,15.22257731732815,14.768731645317109,14.983711242675781,16038000
2007-11-15,15.069016339855393,15.185036898564713,14.8301503305462,14.894986152648926,14064800
2007-11-16,14.912054443230515,15.338600615509902,14.833570103736982,15.232816696166992,19064000
2007-11-19,15.212342048259082,15.212342048259082,14.591289675475503,14.768733024597168,14694000
2007-11-20,14.881341384116759,15.109969481783917,14.611763921305702,14.92911434173584,15531200
2007-11-21,14.813091202290806,15.028070776405869,14.662947461004627,14.693658828735352,10899600
2007-11-23,14.710716882420163,14.830149227332683,14.615171006490147,14.782376289367676,3105600
2007-11-26,14.693660025772223,14.92228810283677,14.28417552324184,14.301237106323242,13726000
2007-11-27,14.557164158767101,15.229401178582435,14.454793362775169,15.181628227233887,21969200
2007-11-28,15.382957859929535,15.65935887599848,15.198689648073383,15.638885498046875,15948000
2007-11-29,15.437558673739112,15.847041932127542,15.42390888466869,15.61500072479248,12064400
2007-11-30,15.867512857595075,16.010831703743595,15.666183072494615,15.881162643432617,15787000
2007-12-03,15.86068070167767,15.956226555357203,15.526268912084678,15.676412582397461,11964800
2007-12-04,15.539921601055314,15.645704158372368,15.359065241954612,15.427312850952148,12674400
2007-12-05,15.62182444195335,16.055195449410796,15.546753211155004,15.963061332702637,15051600
2007-12-06,15.942587680251636,16.311122839078777,15.782205927787887,16.246288299560547,14186200
2007-12-07,16.191687800327664,16.341831536506678,15.877749240679472,16.0620174407959,10992600
2007-12-10,16.25993613868262,16.345245349689947,16.072254833094295,16.290647506713867,13028200
2007-12-11,16.212157735142597,16.345241163672164,15.526272427053692,15.642292976379395,16660800
2007-12-12,15.9664746326994,16.24287568460756,15.713958757593398,15.986948013305664,17783200
2007-12-13,15.775377672601529,15.922109605992194,15.621820846760702,15.768552780151367,13248600
2007-12-14,15.66959360286151,16.044954872794182,15.60817217498247,15.645707130432129,9932400
2007-12-17,15.526279699169471,15.761732702912912,15.464856950068482,15.505805015563965,11004400
2007-12-18,15.475085446093619,15.751487670677697,15.355653109263066,15.543333053588867,10214200
2007-12-19,15.628651066651608,15.69348691617161,15.38296136327156,15.621826171875,8489400
2007-12-20,15.765141003737172,15.778790788653907,15.417079298651224,15.669593811035156,13967800
2007-12-21,15.860685747067068,15.877747326120868,15.635469519097802,15.853860855102539,25971200
2007-12-24,15.7003059195901,16.051780738403796,15.543337290761178,16.00741958618164,4249000
2007-12-26,15.809505931250264,16.181452896237694,15.806092833348016,16.085906982421875,6696600
2007-12-27,15.993772796048574,16.123443179752304,15.78903118111885,15.802680969238281,5010600
2007-12-28,16.140499486798486,16.140499486798486,15.748077969535471,15.809500694274902,5636600
2007-12-31,15.700307846069336,15.983535073536132,15.577463666074532,15.700307846069336,6341400
2008-01-02,15.683240381439289,15.922106361662497,15.372714997663577,15.471673965454102,13117800
2008-01-03,15.529689744031883,16.03813326497413,15.471680099598979,16.00059700012207,11630000
2008-01-04,16.017652642438527,16.1575596584469,15.645704531336037,15.66276741027832,15413200
2008-01-07,15.918704247192215,16.31112595888483,15.79927053359525,16.280414581298828,18028600
2008-01-08,16.406670539750372,16.532927826445647,15.980124420913876,15.986948013305664,19202200
2008-01-09,16.038130652044238,16.570460563580614,15.973296124408755,16.549985885620117,17632800
2008-01-10,16.468093372904626,16.69330969058601,16.212165680006894,16.454444885253906,19160000
2008-01-11,16.488566558637416,16.720607749916347,16.427143813786202,16.611412048339844,17491800
2008-01-14,16.509042034265857,16.73767013864366,16.164392026957028,16.433969497680664,16052600
2008-01-15,16.102965058944978,16.33500620056349,16.01083096138629,16.113203048706055,16480000
2008-01-16,16.167798727364616,16.625056056897655,16.160973835674273,16.24969482421875,21975400
2008-01-17,16.45785407252302,16.543163289964077,15.881164231238996,16.11661720275879,21521800
2008-01-18,15.956238404116357,16.42714573583544,15.400023140917451,15.754908561706543,27386400
2008-01-22,14.533282444088215,15.35566348064995,14.478684581558976,15.150921821594238,29237000
2008-01-23,14.833565573678893,15.35565751255696,14.386544853029202,15.290822982788086,35946800
2008-01-24,15.669601460410489,16.10638567896353,15.475096486399158,15.560405731201172,27393400
2008-01-25,15.69688904217353,15.833384250182688,14.611756173816524,14.697065353393555,35228400
2008-01-28,14.570813601262016,14.867689293142385,14.492329282797792,14.673184394836426,23082000
2008-01-29,14.799444097154067,14.850630153215983,14.557166208787354,14.724372863769531,27035400
2008-01-30,14.686833465182644,15.420491868132558,14.628822527231932,15.014420509338379,31165400
2008-01-31,15.31471110496992,15.662772868914162,15.167979146590032,15.59111213684082,27618600
2008-02-01,15.683249425094226,15.949415123038364,15.359074072265665,15.673012733459473,18107400
2008-02-04,15.666181359609991,15.86751112269777,15.614995319173321,15.795851707458496,11456000
2008-02-05,15.492158266507436,15.724199499877253,15.178219591241815,15.208930969238281,22260600
2008-02-06,15.283993433161308,15.683239782021545,15.222570717688223,15.311291694641113,18992200
2008-02-07,15.253286942267357,15.420492264182506,14.95641125723366,15.161152839660645,19635200
2008-02-08,15.062195044693182,15.239638371074445,14.908638194775229,15.195277214050293,14100400
2008-02-11,15.048543573537975,15.290822710390254,14.987120840444742,15.219161987304688,17082400
2008-02-12,15.195273774016677,15.570635022362614,15.195273774016677,15.386366844177246,15674000
2008-02-13,15.560398188611776,15.696893434817989,15.331770148188781,15.5092134475708,15214400
2008-02-14,15.512630779006866,15.512630779006866,15.243053287487758,15.26694107055664,12599400
2008-02-15,15.174802689422847,15.280585276711667,15.02124585109929,15.225987434387207,17852400
2008-02-19,15.440968309558881,15.659359697264927,15.355659092378998,15.417081832885742,13921000
2008-02-20,15.280591512387826,15.584292215608475,15.23281854357322,15.560405731201172,15031400
2008-02-21,15.447791226375584,15.560398701751327,14.90181152526095,14.990533828735352,21500800
2008-02-22,14.809684163882292,14.850632233438393,14.458209219902464,14.645889282226562,22390000
2008-02-25,14.823326682084348,15.014419765904213,14.70389431826889,14.884749412536621,19180000
2008-02-26,14.843803736169452,15.266938024621908,14.809680570105774,15.034896850585938,15107200
2008-02-27,15.048544007693112,15.07584357950668,14.85745221185906,14.942761421203613,13620800
2008-02-28,14.72778216546715,15.731018020286987,14.707307486167263,15.512626647949219,28296000
2008-02-29,15.580874311698409,16.464677793512017,15.526276468493197,16.147327423095703,39990400
2008-03-03,16.31112099205262,16.720605467936988,15.98694572773936,16.57387351989746,25103400
2008-03-04,16.42031149089053,17.000414206639363,16.294054262135294,16.829795837402344,27164000
2008-03-05,16.956057686817417,17.031130206288314,16.618233952628795,16.706954956054688,18917800
2008-03-06,16.782025362044163,16.782025362044163,16.304293337473034,16.314531326293945,18195800
2008-03-07,16.188275480155273,16.618234634399414,16.160977209410156,16.618234634399414,20806200
2008-03-10,16.57046439549976,16.57046439549976,15.659361192150227,15.74125862121582,30167200
2008-03-11,15.959652380268905,16.13368265280527,15.69689977136838,16.12685775756836,18323000
2008-03-12,16.321360541801077,16.642122739333633,16.208751746946273,16.382781982421875,16333200
2008-03-13,16.488562703800852,16.744490313609493,16.178037255968306,16.546573638916016,21978600
2008-03-14,16.43737554252029,16.703541123773878,15.867510728284685,16.22580909729004,20032200
2008-03-17,16.188279002510015,16.546578809579838,15.93235131272617,15.95623779296875,16471600
2008-03-18,16.273586588619963,16.41349365950097,15.8879898455305,16.41008186340332,15586800
2008-03-19,16.335003910210403,16.700127152091984,16.22922134399414,16.22922134399414,16767400
2008-03-20,16.474914112335625,16.53633684727647,16.055192958049986,16.526100158691406,20027000
2008-03-24,16.379370831014988,17.041369933484283,16.379370831014988,16.928762435913086,17605800
2008-03-25,17.13349924169281,17.55663344215287,16.962880843424493,17.4064884185791,22340000
2008-03-26,17.249522289384114,17.37236776210765,17.03795580953539,17.143739700317383,15392600
2008-03-27,17.23929339308647,17.348489128929444,17.00725212899119,17.055025100708008,13734800
2008-03-28,17.300710700602668,17.338246967031548,16.87075148732788,16.928762435913086,12998800
2008-03-31,17.099379072941154,17.624884143915725,17.099379072941154,17.583934783935547,18103400
2008-04-01,17.696543506854937,18.08555331324269,17.648770555434027,18.044605255126953,21228800
2008-04-02,18.12308797225478,18.15379933855344,17.641944101385853,17.71019172668457,16946000
2008-04-03,17.79550638122353,17.914938785775803,17.553227172150148,17.628299713134766,12268600
2008-04-04,17.815975599760083,18.095789712209353,17.635120486076236,17.86374855041504,10599000
2008-04-07,17.870572163970056,17.949056477528288,17.583933178850117,17.764789581298828,12681800
2008-04-08,17.624882918012972,17.996831117479186,17.60782003501706,17.703367233276367,10524400
2008-04-09,17.805739640369303,17.870574175812422,17.27682276232295,17.41331672668457,15714600
2008-04-10,17.4679164060608,17.92176210694053,17.41331855424295,17.7750301361084,12763200
2008-04-11,17.775027061918422,17.822800011282283,17.21881064779225,17.28023338317871,15213000
2008-04-14,17.34847951430295,17.56004597253289,17.095963701539375,17.328004837036133,15107800
2008-04-15,17.47814793545683,17.53957065875458,17.269993295582786,17.42696189880371,14110000
2008-04-16,17.560046779216723,17.795501022598618,17.40307815143892,17.676067352294922,15762800
2008-04-17,17.399667824020966,17.403079619819138,16.91852391012987,17.048192977905273,27733000
2008-04-18,17.40308081771016,17.71019452929708,17.095967106123236,17.66242027282715,20474200
2008-04-21,17.74772339281445,18.03095052968189,17.57710501206489,17.77843475341797,13815600
2008-04-22,17.659007269438316,17.771616056559527,17.331420200619828,17.365543365478516,11243400
2008-04-23,17.505455040016315,17.573702689444666,17.164218094590204,17.232465744018555,17004600
2008-04-24,17.24269595942149,17.549809615638388,17.075490647926294,17.409902572631836,13442800
2008-04-25,17.471326042753013,17.908108770764397,17.471326042753013,17.539573669433594,11633400
2008-04-28,17.50886842540677,18.02413564869069,17.505455326935806,17.9251766204834,13317600
2008-04-29,17.778446981597984,17.925178994103433,17.611241582418366,17.64536476135254,11528600
2008-04-30,17.747729492521806,17.92517282569254,17.57028746106646,17.66242027282715,11873000
2008-05-01,17.693133067420927,18.085556030273438,17.624886727547008,18.085556030273438,13072800
2008-05-02,18.088969273354863,18.355134966670224,18.06508279214543,18.300537109375,12129000
2008-05-05,18.286880199635625,18.471148384405637,18.1572098509032,18.314178466796875,12612200
2008-05-06,18.314176183719614,18.52574391099156,18.150382696025638,18.474557876586914,11005400
2008-05-07,18.518922402813853,18.570107144854425,18.140149323823838,18.16403579711914,12796800
2008-05-08,18.36536406162214,18.62811654795866,18.245931704976027,18.464323043823242,12140600
2008-05-09,18.25958438369767,18.47456397678132,18.1708633700447,18.303945541381836,8105200
2008-05-12,18.225460468650173,18.600820490424088,18.17086262363369,18.59058380126953,10956800
2008-05-13,18.464324893438846,18.597407047522836,18.16403612158575,18.245933532714844,12710600
2008-05-14,18.41314231944919,18.423380311342072,17.880813602774957,17.93541145324707,11182400
2008-05-15,17.880812867481392,18.211811752856754,17.788678754526792,18.068492889404297,11145200
2008-05-16,18.11626434326172,18.23910981702551,17.860336706825574,18.11626434326172,11146200
2008-05-19,18.198165541880677,18.43361854771966,18.007072398341798,18.160629272460938,10270600
2008-05-20,18.20839889860182,18.454089852201612,18.099203208494206,18.382429122924805,9196800
2008-05-21,18.460914961598643,18.47797784722447,17.863750412726212,17.908111572265625,11374800
2008-05-22,18.013898128826114,18.423382711573048,17.993423444088307,18.32101058959961,10870000
2008-05-23,18.194750220036436,18.32783239410308,18.007070197590775,18.0787296295166,8896400
2008-05-27,18.177685524890432,18.3312423539571,18.048015169043563,18.307355880737305,9731400
2008-05-28,18.3244171500025,18.36195340777157,18.126499173298367,18.28005599975586,9405200
2008-05-29,18.402899390613047,18.938641023538096,18.324415088523104,18.887454986572266,13688400
2008-05-30,18.839680089463897,18.962525524050086,18.699773078232926,18.877216339111328,11622200
2008-06-02,18.682717816201208,18.795326603204394,18.40972859247192,18.62470817565918,12861000
2008-06-03,18.730492404353782,19.041017917551912,18.686131244835362,18.870399475097656,16221000
2008-06-04,18.802149116100342,19.39931357824873,18.791912427583814,19.191160202026367,16870600
2008-06-05,19.361778348990903,19.433437771034832,19.122912307129262,19.327653884887695,11013800
2008-06-06,19.320831313390936,19.320831313390936,18.682718727719006,18.68613052368164,13432800
2008-06-09,18.699776035408856,18.733900495809703,18.334652770267695,18.529157638549805,14083400
2008-06-10,18.40290002559766,18.6793022916633,18.293704357903465,18.491621017456055,9170800
2008-06-11,18.372196561150616,18.488217170668868,18.11626886089409,18.136743545532227,11584200
2008-06-12,18.259583984065763,18.259583984065763,17.870574168143328,17.993419647216797,12209800
2008-06-13,18.15379579256724,18.539393693728126,18.068486603036114,18.474557876586914,14212800
2008-06-16,18.245934301872328,18.66906725568346,18.07531588139988,18.539398193359375,13716400
2008-06-17,18.587171998713664,18.590583794525514,18.18792419953177,18.27323341369629,10111400
2008-06-18,18.133325152139513,18.532572924847845,18.058252632103798,18.23910903930664,11462600
2008-06-19,18.14356921962042,18.93182709543511,18.14356921962042,18.928415298461914,17114600
2008-06-20,18.911348231046276,18.911348231046276,18.41314267320231,18.672483444213867,20303800
2008-06-23,18.7270798855254,18.853337163588588,18.51551208781206,18.68613052368164,10814400
2008-06-24,18.556462589913615,18.76120420485193,18.413142418084437,18.60082244873047,11253200
2008-06-25,18.556460636277468,18.812388278863857,18.38242911035815,18.59058380126953,12893800
2008-06-26,18.426788326737835,18.522334220031325,18.06507682800293,18.06507682800293,14550400
2008-06-27,18.13673784645198,18.266406903267676,18.02412906890051,18.037778854370117,16102800
2008-06-30,18.034368420690345,18.276647592555573,17.880812867481392,18.068492889404297,14754200
2008-07-01,18.017309647516257,18.03095943713092,17.47133108008554,17.802330017089844,27212400
2008-07-02,18.03436369632377,18.03436369632377,17.38942637630776,17.50203514099121,22640600
2008-07-03,17.49521677038093,17.812567205143935,17.416732436216982,17.433794021606445,8688600
2008-07-07,17.5225105572188,17.867160481674613,17.409903081127084,17.63170623779297,19215400
2008-07-08,17.502039073599224,18.27664691137839,17.502039073599224,18.266408920288086,23419400
2008-07-09,18.2664069895066,18.822623383724764,18.153799513138676,18.365365982055664,21255600
2008-07-10,18.365366000932504,18.928407288496416,18.365366000932504,18.62811851501465,20841000
2008-07-11,18.491626273134486,18.76802861775903,18.1026164336954,18.324420928955078,19446400
2008-07-14,18.42337846372363,18.59740868786451,18.208398879548767,18.27323341369629,12577600
2008-07-15,18.136742399889307,19.071730810138714,18.112855920178117,18.768030166625977,20789800
2008-07-16,18.863574111296174,19.06831701817032,18.6520076124034,18.70319366455078,20439400
2008-07-17,19.00347963897624,19.081963957985824,18.604233150747234,18.904521942138672,22244000
2008-07-18,17.539574489924536,17.611233915519488,16.788853164750265,16.901460647583008,71193000
2008-07-21,17.113028793633397,17.362131541500375,16.91852389048089,16.938997268676758,35619400
2008-07-22,16.86734123094958,17.495217222191474,16.785443796563438,17.437206268310547,26136400
2008-07-23,17.549811935692066,18.23911055388003,17.491800992197643,17.983182907104492,25854600
2008-07-24,17.795507065484397,18.140155804527144,17.713609626559787,17.976362228393555,16253000
2008-07-25,18.13332827020153,18.67930807956278,17.959298027675505,18.60082244873047,18770000
2008-07-28,18.600820115536337,18.66224285265636,17.911522824238812,17.972944259643555,18443600
2008-07-29,18.150382671014185,18.443846490871262,18.143557779655307,18.419960021972656,15220000
2008-07-30,18.402903002790598,18.62811926655939,18.085552635427945,18.39607810974121,16192600
2008-07-31,18.37559887899742,18.846505969040514,18.16744555026884,18.419960021972656,16704800
2008-08-01,18.611062765665007,18.757794751996954,18.075320881323933,18.32101058959961,12077800
2008-08-04,18.474563179290076,18.512099441732094,18.170862585663297,18.3721923828125,12352200
2008-08-05,18.484793567707097,18.93181416540354,18.443845523416652,18.877216339111328,22677200
2008-08-06,18.68954696600777,19.365195936758404,18.63153601053859,19.119504928588867,17819800
2008-08-07,19.252585134823207,19.45050316022435,18.781679153442383,18.781679153442383,21395000
2008-08-08,19.003474855962825,19.46755706174896,18.928403653296204,19.372011184692383,14817200
2008-08-11,19.31400252106688,19.40272481877037,19.122910744564162,19.255992889404297,12877800
2008-08-12,19.242346996060107,19.5528724973865,19.228697208773912,19.4846248626709,12216000
2008-08-13,19.440263737419713,19.665480006077356,19.11267537251428,19.385665893554688,11901800
2008-08-14,19.300355268444097,19.392489367294072,19.109262178046173,19.344715118408203,12627400
2008-08-15,19.37201429404658,19.419787240242787,18.99665301360539,19.197982788085938,10969600
2008-08-18,19.262821567727805,19.378842155571633,18.774852739594824,19.03760528564453,12370200
2008-08-19,18.795325940182703,19.054665368148274,18.512098735625393,18.614469528198242,14276200
2008-08-20,18.79191401174451,18.955707550392912,18.47115182793913,18.638357162475586,11937800
2008-08-21,18.477975845336914,18.576933541982502,18.184511947695903,18.477975845336914,12951200
2008-08-22,18.570104837400304,18.744136323173166,18.368776387989158,18.532569885253906,9865200
2008-08-25,18.49845007487222,18.49845007487222,18.00706945959952,18.15721321105957,11940200
2008-08-26,18.10261461060564,18.553047147932176,18.10261461060564,18.389253616333008,12522400
2008-08-27,18.402906818288315,18.495040940984456,18.187927198663985,18.34148406982422,9546800
2008-08-28,18.020719246563708,18.215224154799692,17.935410030610544,18.15721321105957,11644800
2008-08-29,18.160630489687204,18.27665110216295,17.860341615917807,17.976362228393555,10461800
2008-09-02,17.57369416035689,17.90128115656553,17.01065295297984,17.157384872436523,28640800
2008-09-03,17.256350622002767,17.57711285226933,17.133505124793924,17.532752990722656,17941600
2008-09-04,17.368963817543445,17.4918080440799,17.055025100708008,17.055025100708008,16922600
2008-09-05,16.88440454930506,16.89464124151039,16.324776145675003,16.328187942504883,25601200
2008-09-08,16.464677003250962,16.495388369937032,15.778791549548975,16.0620174407959,27599600
2008-09-09,16.055198532246724,16.32136424330542,15.911879635436083,15.932353019714355,21424200
2008-09-10,15.908461734848178,16.15074088997169,15.77537957034832,15.976709365844727,17275600
2008-09-11,15.789026840572753,16.737664724921704,15.720779220452918,16.7342529296875,27601600
2008-09-12,16.863924336464866,16.95947153869237,16.365718852772105,16.420316696166992,26805600
2008-09-15,16.249695106565902,16.730838914517776,16.181447490191626,16.32135581970215,19326400
2008-09-16,16.068842376466225,17.379191855710175,16.068842376466225,17.00383186340332,28301200
2008-09-17,16.393015205906526,16.894632386798552,16.01424217224121,16.01424217224121,24535800
2008-09-18,16.416903346419033,16.61482002184734,14.785791790398118,16.096139907836914,35838400
2008-09-19,16.59093226497605,16.720602608872003,13.581223899516294,15.853860855102539,36342200
2008-09-22,15.765143051691318,15.8914003242846,15.253287766257932,15.256699562072754,13879800
2008-09-23,15.406845979775053,15.597937803534101,15.181629686262305,15.249876022338867,17758800
2008-09-24,15.413672689975282,15.95965260103963,15.287415380635094,15.932353019714355,19138200
2008-09-25,15.72760402729942,16.751314418397108,15.72760402729942,16.055191040039062,17316600
2008-09-26,15.754902047456943,16.679654742237517,15.638882787929143,16.59775733947754,19709400
2008-09-29,16.300884996567852,16.71036948986956,13.649474431954795,14.482091903686523,33929400
2008-09-30,15.458031758868993,15.696897856153562,15.0690218898388,15.570640563964844,25970200
2008-10-01,15.611589486273111,15.655950651479495,15.222579595873258,15.458032608032227,13240200
2008-10-02,15.5433399536436,15.874340150819691,15.225989544368986,15.249876022338867,15544400
2008-10-03,15.560399569765998,16.29747110092933,15.249874093713744,15.61158561706543,21429400
2008-10-06,15.318126852839251,15.915291529982246,13.929292536421082,14.291004180908203,36117200
2008-10-07,14.308063747976655,14.949589503595039,13.85080623626709,13.85080623626709,25868200
2008-10-08,13.485676425779214,14.485500200712208,13.390130552968653,14.014593124389648,28661000
2008-10-09,14.28759184300977,14.584468949829938,13.574406509984499,13.663128852844238,27712400
2008-10-10,13.164918322757961,14.055545409503994,12.148031362322511,12.786145210266113,50204200
2008-10-13,13.570988579114326,14.618585519441007,13.263874918357407,14.553750991821289,26735600
2008-10-14,14.662951235157914,14.792620330761222,13.847395184263792,14.099909782409668,27175400
2008-10-15,14.093085301684972,14.523044573216065,13.001126837988583,13.062549591064453,25519200
2008-10-16,13.37307314333584,14.215928671431724,12.625764828840918,14.123794555664062,34100200
2008-10-17,14.502565080350665,15.574048503895085,14.366069829496585,14.683420181274414,41084800
2008-10-20,14.683415647190929,15.891393948578502,14.652704290317862,15.864095687866211,21568600
2008-10-21,15.843626187921132,16.068842444603273,15.601348350010003,15.703719139099121,21525600
2008-10-22,15.37954757822285,16.133680844200647,15.133856584099016,15.857279777526855,24260800
2008-10-23,15.833392166507773,16.123443001402386,14.68001111748269,15.51604175567627,37808200
2008-10-24,14.608346115107299,15.202097346550872,14.587871440958754,14.782376289367676,25293800
2008-10-27,14.451380985599199,14.970061186422603,14.325123707639698,14.468443870544434,21546000
2008-10-28,14.81991841320985,15.331773754301468,14.434320358440507,15.277175903320312,25725400
2008-10-29,15.263529135052774,15.847044026934595,14.980303133837525,15.574054718017578,26928200
2008-10-30,15.836803846517764,16.041545457681455,15.46826868608004,15.93917465209961,25603200
2008-10-31,15.870923371705683,16.140500762511714,15.372717944299808,15.645707130432129,21199400
2008-11-03,15.611579710358777,16.375950524669637,15.560393682425794,16.143909454345703,21534400
2008-11-04,16.297470384245642,16.522686639371763,15.809502916235047,16.0620174407959,19987000
2008-11-05,15.894812975104724,16.30770924800522,15.355658131444027,15.362483024597168,18687400
2008-11-06,15.161152530026722,15.48191468306885,14.95982274734198,15.1338529586792,21369800
2008-11-07,15.161155660526576,15.539928830034277,15.079258231288907,15.36931037902832,19119800
2008-11-10,15.597935404665082,15.611585190467306,15.075843464024553,15.30105972290039,11653600
2008-11-11,15.191859424468362,15.406838929537134,14.912045409109247,15.062189102172852,17033600
2008-11-12,14.867690428187675,15.30788630605034,14.727783362554815,15.16797924041748,20565800
2008-11-13,15.092905892315342,16.191688978460395,14.946173940996022,16.1405029296875,29975600
2008-11-14,15.96306268709925,16.666011210302468,15.778795739764115,16.010835647583008,30148000
2008-11-17,15.7310227915927,16.048373257561177,15.659363344881278,15.66618824005127,16335600
2008-11-18,15.63205964775572,15.696894176825133,14.88475015710914,15.430729866027832,28251800
2008-11-19,15.06561038193455,15.522867902045588,14.697073887345562,14.741435050964355,20358600
2008-11-20,14.55034010167774,15.011010662689033,14.089670842381818,14.1715669631958,21918600
2008-11-21,14.243226531006506,14.789204964158515,13.434494268398812,14.147679328918457,31399000
2008-11-24,14.427494025446942,14.66294829196426,14.0555457959475,14.581050872802734,21498600
2008-11-25,14.87450916041464,15.270343716413985,14.505972866011028,15.062189102172852,27106600
2008-11-26,15.014419471231296,15.44096547893673,14.830151283490922,15.37271785736084,20480000
2008-11-28,15.270349656089591,15.3556588720454,15.028071795186777,15.2839994430542,5009400
2008-12-01,14.91887752274074,15.079257978834756,14.48550650823517,14.48891830444336,15233600
2008-12-02,14.625414252607165,15.130444726023617,14.587877984022917,15.045135498046875,17188200
2008-12-03,14.90181622975235,15.829981103467503,14.823331891418437,15.754908561706543,22621400
2008-12-04,15.488735227935637,15.997178536974657,15.359064903866148,15.543333053588867,16502800
2008-12-05,15.417083705655843,16.20534143676807,15.062197006666446,16.17121696472168,23150800
2008-12-08,16.3315974356507,16.382782187093387,15.666185253172566,15.925524711608887,20750000
2008-12-09,15.81632137418638,16.07224891293836,15.150910814803057,15.297642707824707,20420800
2008-12-10,15.420498621794499,15.731024220805201,15.219168751993113,15.560405731201172,14163000
2008-12-11,15.454617524590729,15.69348358419467,14.976885405382843,15.038308143615723,14964200
2008-12-12,14.867688849183695,15.430730149603077,14.690245538152832,15.365894317626953,12710000
2008-12-15,15.338595838639986,15.543337416885564,15.065606633740813,15.1338529586792,11386600
2008-12-16,15.430731695704514,16.362308195670604,15.430731695704514,16.33500862121582,28325800
2008-12-17,16.21898411987782,16.676241467944983,16.133674922863165,16.259933471679688,15181200
2008-12-18,16.25651909387529,16.98335375964806,16.222395938444244,16.64552879333496,20594800
2008-12-19,16.747906507447496,17.157389717484094,16.56705007790877,16.942411422729492,33040200
2008-12-22,17.051601908012024,17.18127094409635,16.744488292622872,17.164209365844727,17024000
2008-12-23,17.106203118310223,17.46791333486457,16.993594336519745,17.06184196472168,18417600
2008-12-24,17.157390198932752,17.392844483197727,16.997009747796998,17.218812942504883,6005000
2008-12-26,17.18469173075981,17.23587648841937,16.96971210378609,17.065258026123047,5257000
2008-12-29,17.30071152285269,17.30071152285269,16.778618167634086,17.024309158325195,8565600
2008-12-30,17.16080504740733,17.54640183040568,17.14715525817317,17.51569175720215,13377800
2008-12-31,17.566872015778692,17.833036329108378,17.413315180505712,17.450851440429688,12030600
2009-01-02,17.36896315185949,17.863755741433824,17.28706570225814,17.80574607849121,11256400
2009-01-05,17.66242523661911,17.737497787597487,17.20175584148905,17.403085708618164,15666000
2009-01-06,17.474736593388563,17.488386378095292,16.720603561495984,16.935583114624023,17652600
2009-01-07,16.71718939423551,17.061837948031172,16.430550464639992,16.62505531311035,15564800
2009-01-08,16.607999003932456,16.676246643066406,16.24628872943878,16.676246643066406,15022400
2009-01-09,16.751320698332794,16.754732494827543,16.160980974358647,16.300888061523438,13731000
2009-01-12,16.2974684249255,16.468086818954813,16.004005880635713,16.259933471679688,12793200
2009-01-13,16.304301735370483,16.85369345608933,16.259941867253147,16.5192813873291,16262600
2009-01-14,16.297467764336158,16.522683983257508,16.171210522352293,16.24969482421875,14689600
2009-01-15,16.17121696888759,16.55681504196032,16.120032213378085,16.38960838317871,16829400
2009-01-16,16.38960533906144,16.601173121361565,16.218986915621812,16.47491455078125,17154800
2009-01-20,16.41690401696672,16.741079264178552,16.10637855529785,16.10637855529785,18141000
2009-01-21,16.36230402931012,16.915107254104715,16.22922189201837,16.857097625732422,20986200
2009-01-22,16.410079950392436,16.775203270900807,16.379368582232143,16.618234634399414,14829200
2009-01-23,16.45102611865723,16.618232726492227,16.311119080148394,16.464675903320312,12970000
2009-01-26,16.648948357401014,16.857103070849565,16.34524773025756,16.512453079223633,15351800
2009-01-27,16.720609726726728,16.720609726726728,16.317950041415244,16.457857131958008,15283600
2009-01-28,16.863922837285404,17.532747986559233,16.788851622863202,17.246109008789062,30507800
2009-01-29,17.099378274382598,17.49179985966805,17.00383237565488,17.28023338317871,16224600
2009-01-30,17.293885034024417,17.67948306959337,17.273410352782705,17.324596405029297,17628800
2009-02-02,17.24952245019687,17.747727937140066,17.157388344795276,17.699954986572266,16475400
2009-02-03,17.757971581238614,18.123095021637194,17.4645075895054,18.017311096191406,16591400
2009-02-04,18.126495974041763,18.181093802510887,17.607815952727666,17.730661392211914,17838000
2009-02-05,17.55322039286144,17.901282082479156,17.246108056174098,17.822797775268555,18308000
2009-02-06,17.775029345597602,18.09579154804777,17.703369912345238,17.89787483215332,20649400
2009-02-09,17.80915725975114,17.843281738286567,17.372374348223687,17.577116012573242,13950200
2009-02-10,17.553227247346026,17.693134336870425,16.785444153237975,16.983362197875977,23053200
2009-02-11,17.232461192173854,17.232461192173854,16.77861554981405,17.048192977905273,14574400
2009-02-12,16.911703483935643,17.232465744018555,16.754733499735742,17.232465744018555,14046800
2009-02-13,17.246109028930363,17.403077652205283,17.02430457738286,17.14715003967285,11086600
2009-02-17,16.894631363385898,16.91851913409088,16.560219495810276,16.62505531311035,16252800
2009-02-18,16.70695644766033,17.014070144083075,16.509039744633142,16.92193603515625,16678800
2009-02-19,17.007242108451756,17.113025984723254,16.7342529296875,16.7342529296875,12473200
2009-02-20,16.76837807465403,17.14373937890705,16.54998670578003,17.06184196472168,22627200
2009-02-23,17.099383228733824,17.232465426725124,16.703548431396484,16.703548431396484,16633200
2009-02-24,16.703543179362416,17.256346482477895,16.635295552649527,17.1778621673584,18863400
2009-02-25,16.996999323746092,17.300699757532875,16.799081426568634,16.904865264892578,16422000
2009-02-26,16.894634835140753,17.034541882996145,16.03813096689731,16.0620174407959,24678000
2009-02-27,15.690074241461506,16.062022555675792,15.280589655820409,15.28741455078125,32016800
2009-03-02,15.024657571114323,15.32494635324491,14.894988509818472,15.106554985046387,30901000
2009-03-03,15.195276396633393,15.50239007994838,15.116792077945178,15.362483024597168,24540400
2009-03-04,15.461440191270361,15.696893119444589,15.219161069036316,15.481913566589355,17410000
2009-03-05,15.253283864794602,15.46485029751262,14.91204709512007,14.939345359802246,23159000
2009-03-06,14.997362235862292,15.222578541105223,14.830155579648903,15.01783561706543,24313400
2009-03-09,15.007595640610356,15.25669837052722,14.87792528061418,14.915461540222168,16422000
2009-03-10,15.079258918507687,15.191867726127057,14.898403768748073,15.188454627990723,21678200
2009-03-11,15.222576306675963,15.440967685556346,14.95299887887005,15.028071403503418,22299800
2009-03-12,14.024833542559747,15.2259873703623,13.861040016275114,15.161152839660645,39388000
2009-03-13,15.212340983144635,15.516041603019696,15.10314398218685,15.502391815185547,20398000
2009-03-16,15.50921816386001,15.632063662459382,14.929115143649383,15.079258918762207,19101400
2009-03-17,15.249871392511386,15.768551459858736,15.099727676324664,15.7310152053833,17355400
2009-03-18,15.73101604882444,15.761727413067792,15.205512363137757,15.40342903137207,18901400
2009-03-19,15.574047176983067,15.574047176983067,14.956409408693421,15.116789817810059,15390600
2009-03-20,15.369306694405994,15.485327265344008,15.014420088982051,15.120203971862793,26965600
2009-03-23,15.277176268534996,15.731020671593757,15.219165318265777,15.587701797485352,18725400
2009-03-24,15.594523740805608,15.638884894179967,15.007595963504095,15.205513954162598,22756000
2009-03-25,15.021242673405185,15.410252380387657,14.748253519532833,14.973469734191895,20071800
2009-03-26,15.08949231474452,15.225986259162706,14.731192619073326,14.993945121765137,20103800
2009-03-27,15.082671617158818,15.49556796406264,15.048547145276991,15.140681266784668,14909000
2009-03-30,14.98370981009472,15.574049395668496,14.884750812644857,15.567224502563477,23079800
2009-03-31,15.611591111516482,16.004014141016842,15.516045178093389,15.806096076965332,19736000
2009-04-01,15.38978225856481,15.526277526738765,15.123617917512487,15.417081832885742,26787000
2009-04-02,15.696894955954756,15.727606324241538,15.137266735364724,15.253287315368652,21809600
2009-04-03,16.485152860415663,16.505626238526897,15.7071319493064,16.031307220458984,30236600
2009-04-06,15.993769536398345,16.532924341793173,15.918698320472425,16.505624771118164,23090800
2009-04-07,16.270171340049252,16.464676219227265,16.05860488057258,16.18486213684082,16538200
2009-04-08,16.21216502946184,16.372546793791095,15.922114176502827,16.17121696472168,12093800
2009-04-09,16.24287670765397,16.451031435031133,16.031310183866022,16.253114700317383,13021000
2009-04-13,16.1780384551062,16.45102766546005,16.15756377618645,16.21898651123047,9484800
2009-04-14,16.123444713631134,16.311124762123942,15.70372345189486,15.918703079223633,16937600
2009-04-15,15.710542759097077,15.782202175482237,14.89498700630333,15.198687553405762,28958200
2009-04-16,15.191866381019704,15.478505418462166,15.011011247273235,15.304473876953125,22158600
2009-04-17,15.287412288210229,15.440969147813334,14.959825188867216,15.249876022338867,20879600
2009-04-20,15.069021976173733,15.393197302794695,14.840393870043323,14.93593978881836,15580600
2009-04-21,14.92228698730469,15.147503251602805,14.860864251431089,14.922286987304688,14222400
2009-04-22,15.77537872980026,16.28723398242862,15.686657725432708,15.771966934204102,29239000
2009-04-23,15.731013719187848,15.853859157968838,15.328354248390111,15.66276741027832,18046400
2009-04-24,15.61159003227084,15.737847335811017,15.498981217050634,15.62865161895752,12592400
2009-04-27,16.26675946032799,16.345245078662753,15.935760612274361,16.21898651123047,24713200
2009-04-28,16.348663800884722,16.45785953129025,16.21558158581022,16.24287986755371,14974000
2009-04-29,16.382777271814675,16.447613093257797,15.93234482534093,16.024478912353516,13863000
2009-04-30,16.16439351155612,16.20192978329619,15.389785500197137,15.62865161895752,23699800
2009-05-01,15.679832764831762,15.679832764831762,15.174802407291269,15.290822982788086,11638400
2009-05-04,15.389782397134065,15.505802985611966,15.167979211498468,15.32153606414795,13826200
2009-05-05,15.352245742282944,15.352245742282944,15.08266833087313,15.191864013671875,13457800
2009-05-06,15.212337582249054,15.229399162369718,14.81991473089814,15.024656295776367,16888600
2009-05-07,15.086082398251868,15.570639452640883,14.990536486843647,15.502391815185547,24887800
2009-05-08,15.24305192230836,15.437558155746586,14.908639911597069,15.01783561706543,24929200
2009-05-11,15.004183038232556,15.331770065298212,14.915460738163649,15.236224174499512,14807800
2009-05-12,15.311295021765996,15.37954264286786,15.051955623637042,15.198687553405762,13142600
2009-05-13,15.038312997912593,15.35566348064995,15.014426514413284,15.150921821594238,12885800
2009-05-14,15.099728931026045,15.42049106568915,15.021244620471725,15.082667350769043,12404000
2009-05-15,15.021248460736407,15.075846312546137,14.792619061353781,14.92911434173584,13385400
2009-05-18,14.894991923761054,14.912053509240486,14.676599203791534,14.796032905578613,17299000
2009-05-19,14.724367983721029,14.734604670854509,14.366068313468649,14.567398071289062,20013000
2009-05-20,14.676595018809152,14.73801775039304,14.355832877427307,14.441142082214355,18052000
2009-05-21,14.536688301579064,14.700483123959025,14.417255932880332,14.523039817810059,19695400
2009-05-22,14.512801605537998,14.656121747496345,14.393369238668685,14.444555282592773,10906000
2009-05-26,14.33194597339718,14.656121202186094,14.151090881234104,14.492327690124512,15754000
2009-05-27,14.574221866969955,14.58104675845057,14.096491178761411,14.140851020812988,17053400
2009-05-28,14.174979239886216,14.492329618519138,14.103319812895633,14.338772773742676,14688200
2009-05-29,14.331945939984807,14.734605477673972,14.137441063507937,14.707305908203125,18547400
2009-06-01,14.724370223802403,14.891575547090463,14.47185438846818,14.59469985961914,14789600
2009-06-02,14.468449185387373,14.81992287555156,14.42749980853489,14.703902244567871,15986600
2009-06-03,14.707308547658686,15.40343207351407,14.621999330324899,15.263525009155273,23853600
2009-06-04,15.24987527984275,15.526277613670679,15.24987527984275,15.328359603881836,14810800
2009-06-05,15.38637251578279,15.492156427819127,15.113383244722671,15.212342262268066,13303600
2009-06-08,15.038308071472946,15.386369819217752,15.038308071472946,15.181628227233887,11461000
2009-06-09,15.150919513565098,15.280588603746452,15.099733455740784,15.212342262268066,12062800
2009-06-10,15.137267759845237,15.290824611671782,14.86086542655746,15.109968185424805,14655600
2009-06-11,15.021249267598913,15.31471322498285,15.021249267598913,15.079258918762207,16879200
2009-06-12,15.014419114706696,15.430728424890571,14.990532642979595,15.33518123626709,19583800
2009-06-15,15.35565712740533,15.35565712740533,14.91887440788577,14.990533828735352,15110600
2009-06-16,15.038312707561563,15.26011725201921,14.990539741485318,15.069024085998535,13666200
2009-06-17,15.133861173996081,15.693490974974749,15.069026609423513,15.536520957946777,18863400
2009-06-18,15.614998751264476,16.021071463636414,15.468268093306595,15.867514610290527,18400800
2009-06-19,16.038127501265414,16.314529741713102,15.911870266267544,16.044952392578125,21652400
2009-06-22,15.884580422522262,15.942591383326079,15.649127385851473,15.806096076965332,14520600
2009-06-23,15.8265675048284,16.0654335909206,15.771969653868652,15.922113418579102,13971000
2009-06-24,15.898220302061219,16.004004163627666,15.683240784168396,15.877745628356934,14614800
2009-06-25,15.74125821347074,16.37254594382797,15.676422370806238,16.338422775268555,17494600
2009-06-26,16.0620117633281,16.28722793884666,16.0620117633281,16.21556854248047,14399800
2009-06-29,16.19510384605935,16.263351490129686,15.874341611158975,16.164392471313477,9716000
2009-06-30,16.08249669495172,16.208753993154883,15.91870312659518,15.983537673950195,17196600
2009-07-01,15.986944249659889,16.239460065318628,15.949409293479734,15.980120658874512,12284600
2009-07-02,15.87092073519622,15.935756551061134,15.662767410278322,15.66276741027832,13800000
2009-07-06,15.690069935000038,15.78220403910986,15.440967195020999,15.61158561706543,13701600
2009-07-07,15.584289552765513,15.625238920508934,15.417084190484298,15.420495986938477,14383400
2009-07-08,15.608175035376666,15.638886405801992,15.273761756649629,15.328359603881836,17053200
2009-07-09,15.311297407117037,15.338596980496831,15.150916969514316,15.256699562072754,12122000
2009-07-10,15.229403793965398,15.345424396471504,15.137269671235652,15.164567947387695,12000800
2009-07-13,15.17480244648325,15.464853235116799,15.062193666277027,15.45461654663086,13291600
2009-07-14,15.475097848345813,15.570645096099804,15.270356163488191,15.32495403289795,11818600
2009-07-15,15.488740348643054,15.71054482090432,15.324946817531847,15.635472297668457,16626400
2009-07-16,15.662771744080787,16.113204276433347,15.632060375887875,15.993770599365234,17973400
2009-07-17,16.379365447505524,16.549983837583707,16.26334489018376,16.32135581970215,24741600
2009-07-20,16.3213562387342,16.430551907050507,16.102963600386534,16.369129180908203,14780600
2009-07-21,16.345243970269316,16.580696904161517,16.246284981440578,16.567047119140625,18786000
2009-07-22,15.83680821444241,16.37937506555764,15.833396417392027,16.331602096557617,25395400
2009-07-23,16.297473818308163,16.693308571382616,16.242875966219117,16.495391845703125,22720600
2009-07-24,16.396429795847926,16.573873107708682,16.27358432596623,16.526100158691406,12666000
2009-07-27,16.573878030041744,16.720610018010515,16.505630381870006,16.703548431396484,11362800
2009-07-28,16.720604758008353,17.000418855943927,16.652357131306093,16.969707489013672,15495400
2009-07-29,16.857100318478807,17.048192114667778,16.85368722113816,16.997007369995117,10812200
2009-07-30,16.997013856988914,17.061848412338136,16.85028185650555,16.918529510498047,14443000
2009-07-31,17.02771835798585,17.02771835798585,16.67965663476508,16.696718215942383,9645200
2009-08-03,16.775202609921337,16.9116978634145,16.590934408220132,16.816150665283203,9856800
2009-08-04,16.689890865379216,16.76155027680045,16.16779900828878,16.32135581970215,17985800
2009-08-05,16.314537908885708,16.348661080816647,15.928939817831349,15.983537673950195,18380400
2009-08-06,16.000593990825916,16.06884161392902,15.498975457990495,15.5092134475708,20570600
2009-08-07,15.812918761167017,15.867516615733177,15.560402870226321,15.61500072479248,15886200
2009-08-10,15.673008171019479,15.789028748730152,15.539926011645667,15.696894645690918,12255800
2009-08-11,15.56040026568465,15.775379851555588,15.434142992205352,15.577463150024414,12465200
2009-08-12,15.659356915167525,15.867511576379393,15.543336348346898,15.645707130432129,15619200
2009-08-13,15.693486565032421,15.693486565032421,15.348836545960811,15.420495986938477,12510800
2009-08-14,15.362481863693143,15.372718551791658,15.051956408124843,15.338595390319824,15439600
2009-08-17,15.065608780997158,15.280587078280668,15.041722303521212,15.096320152282715,13408000
2009-08-18,15.225988927598985,15.23622691896809,15.024659120211528,15.123618125915527,12250200
2009-08-19,15.021245409767614,15.461441232790229,14.949585987893757,15.430729866027832,13706600
2009-08-20,15.502385930217871,15.806086434803088,15.393190272428017,15.686654090881348,19089400
2009-08-21,15.829980449662711,15.993774014427096,15.679836674057578,15.727609634399414,15992000
2009-08-24,15.748080692395574,15.758317381050407,15.54675090465397,15.696894645690918,11931200
2009-08-25,15.638887662976993,15.959649878537133,15.601351395915765,15.782206535339355,11591600
2009-08-26,15.77538013458252,15.887988925011769,15.717370492275576,15.77538013458252,10018800
2009-08-27,15.700306830280619,15.751492878253304,15.440967398116694,15.635472297668457,11176800
2009-08-28,15.703722031981439,15.782206361465033,15.304474188756128,15.440969467163086,11889200
2009-08-31,15.352249346248424,15.492156429034935,15.256702125083242,15.37613582611084,12868600
2009-09-01,15.314711278141749,15.713957796121042,15.246463642960611,15.396607398986816,15039400
2009-09-02,15.420492082152357,15.611585178086303,15.331771077938695,15.45461654663086,12831800
2009-09-03,15.591110966025902,15.611585645325789,15.355658011795859,15.512626647949219,9687800
2009-09-04,15.495567635734513,15.795856473354391,15.495567635734513,15.74125862121582,9445200
2009-09-08,15.833388724401146,16.00059403466093,15.67983189742726,15.980120658874512,13122200
2009-09-09,15.983535428881687,16.218988406250507,15.942587367973063,16.109792709350586,15506400
2009-09-10,16.314534391887097,16.321359285145128,15.710545006562102,15.812915802001953,19429800
2009-09-11,15.853860655770177,15.894810007042485,15.611582851793296,15.7310152053833,14806400
2009-09-14,15.70371545787268,15.939168347754883,15.662767412179015,15.877745628356934,10939600
2009-09-15,15.874344047342646,15.997189565178841,15.724200248718262,15.724200248718262,12892600
2009-09-16,15.816329455642272,15.90846357287528,15.666185691474837,15.802680969238281,11154800
2009-09-17,15.836802194632336,15.891400038695425,15.519451819229614,15.638885498046875,17634000
2009-09-18,15.765145801136068,15.778795590206492,15.458032055629214,15.61500072479248,18124000
2009-09-21,15.649122238907372,15.952822828872423,15.63888554989763,15.911874771118164,10566600
2009-09-22,15.826567846539554,15.928938656584942,15.693485663309005,15.74125862121582,13609000
2009-09-23,15.782207844540615,15.867517076132726,15.611589381356392,15.655950546264648,10897000
2009-09-24,15.618410328668293,15.809503427755061,15.526276225629061,15.696894645690918,11423600
2009-09-25,15.659359497896432,15.956235205422429,15.611586545158378,15.765143394470215,13000400
2009-09-28,15.720781645842926,16.205338651907258,15.69689517037306,16.065431594848633,11882400
2009-09-29,16.041549105962712,16.07567358339443,15.744673311743167,15.86069393157959,10753200
2009-09-30,15.884576193614434,15.928937351628882,15.662773006972927,15.867514610290527,13156000
2009-10-01,15.812919326252143,15.870928979301155,15.458032608032227,15.458032608032227,16157000
2009-10-02,15.458032105277512,15.529691545554092,15.171393042455662,15.188454627990723,20574000
2009-10-05,15.324952872659763,15.458035087913272,15.17480906857915,15.355664253234863,14510400
2009-10-06,15.396605990144392,15.628647147498473,15.232812461726555,15.601348876953125,13891000
2009-10-07,15.543338107966756,15.60817394194222,15.379544577744735,15.461441993713379,9863600
2009-10-08,15.519450869055198,15.53992554746853,15.365894035243217,15.430729866027832,10748800
2009-10-09,15.440971021942257,15.4819190889013,15.359073586308593,15.458032608032227,9356800
2009-10-12,15.533102420318997,15.577463577732836,15.372720675471905,15.417081832885742,10038200
2009-10-13,15.434151206119001,15.567233443816288,15.403439820364548,15.550171852111816,12286800
2009-10-14,15.621822726296156,15.78902935715473,15.519451930657267,15.713956832885742,12807200
2009-10-15,15.710544976396404,15.93234814913765,15.710544976396404,15.911874771118164,19572400
2009-10-16,15.864105577775028,15.870929170920938,15.67642422337263,15.754908561706543,11598800
2009-10-19,15.79926088350713,16.041538657750717,15.720776589106316,15.973292350769043,15000200
2009-10-20,15.870928564940764,15.922114623589879,15.625238867885429,15.737846374511719,17391600
2009-10-21,15.44779466546565,15.481917834881648,14.946176004414557,15.468269348144531,47581200
2009-10-22,15.215750191784037,15.38636860555075,15.178213932480931,15.219161987304688,30685600
2009-10-23,15.069019803155667,15.21575175823824,14.922287848073097,14.956412315368652,29558600
2009-10-26,15.021248455051152,15.099732785640716,14.63223859833963,14.819918632507324,18314600
2009-10-27,14.819921001583733,15.014425961032583,14.639065832693037,14.714137077331543,14408600
2009-10-28,14.703898375743071,14.843805455554389,14.495743654183805,14.529868125915527,15707600
2009-10-29,14.553751315895909,14.673183685674621,14.4377307416615,14.652709007263184,16084000
2009-10-30,14.642473044229323,14.77214341049457,14.495741095966999,14.519627571105957,25506800
2009-11-02,14.659537362709441,14.724373208802549,14.46844552592683,14.560578346252441,14942800
2009-11-03,14.478679551070556,15.024657986667581,14.478679551070556,14.946173667907715,22102400
2009-11-04,15.055369561600504,15.116792299162354,14.86768955314609,14.970060348510742,14806600
2009-11-05,15.034892301828423,15.5535723397065,14.997356049485642,15.526272773742676,27356600
2009-11-06,15.522868446348019,15.90505344169233,15.492157070722056,15.785619735717773,17304600
2009-11-09,15.843628438598541,15.894814491271973,15.652535317228505,15.894814491271973,19425000
2009-11-10,15.771962621057435,16.085899798660694,15.727601480147456,15.973292350769043,15565000
2009-11-11,16.106381664689028,16.195102684415797,15.952824801973996,16.085906982421875,12273200
2009-11-12,16.143918635795544,16.188278496736945,15.949413701774015,15.997186660766602,10551800
2009-11-13,15.963056948634462,16.13026355193505,15.925520692686467,16.055191040039062,10389600
2009-11-16,16.126851201767217,16.218985297438138,16.014243730423956,16.18486213684082,13644000
2009-11-17,16.137091797829363,16.208751227687454,16.044957687276668,16.205339431762695,7468600
2009-11-18,16.130267981924575,16.137092875945413,15.809505773237804,15.963061332702637,12885200
2009-11-19,15.782204045875098,15.922111099942892,15.662771671078902,15.874338150024414,10877000
2009-11-20,15.795856726555126,15.915289123236613,15.710547499863921,15.82997989654541,9872600
2009-11-23,16.014243784994807,16.082491408137145,15.88116163581058,16.041542053222656,9696400
2009-11-24,16.08248984197552,16.164385940398923,15.89139677612923,16.024478912353516,8719800
2009-11-25,16.055193696065622,16.079080171672256,15.942586211307948,16.031307220458984,5275800
2009-11-27,15.696898756085922,15.997187618508798,15.618414418511362,15.887991905212402,4503400
2009-11-30,15.853865564703918,15.884576936809996,15.673010429921145,15.7344331741333,14544600
2009-12-01,15.625236491903706,15.908462415338835,15.574050441037969,15.833391189575195,18633800
2009-12-02,15.853863071757534,15.97329674526319,15.80609012304136,15.881162643432617,11494600
2009-12-03,15.836805795666237,16.038135635499643,15.758321458336683,15.785619735717773,14797200
2009-12-04,15.901642349633073,16.041549455865535,15.812921309806818,15.89823055267334,9625200
2009-12-07,15.867516366909081,16.007423448398153,15.84021678919633,15.908464431762695,7998000
2009-12-08,15.744671269112636,15.860691873897158,15.666186933775393,15.737846374511719,11028800
2009-12-09,15.751492488042103,15.761729176696939,15.485328169294483,15.696894645690918,9364400
2009-12-10,15.71395430310284,15.932345645764483,15.686656036127676,15.795851707458496,15105000
2009-12-11,15.75149182004551,15.939171813811285,15.75149182004551,15.84021282196045,7782200
2009-12-14,15.85044872691753,16.09955142067081,15.85044872691753,16.024478912353516,10289600
2009-12-15,15.662771785349559,15.792440849869951,15.297648463491358,15.461441993713379,29395800
2009-12-16,15.485327680157267,15.512625949612966,14.656122080711652,14.751667976379395,46600200
2009-12-17,14.6936620909359,14.826744280076747,14.577641487274427,14.741435050964355,21901600
2009-12-18,14.847218019409054,14.864280907014743,14.540105568240104,14.615178108215332,31328400
2009-12-21,14.683417291698472,14.874510344945605,14.673180605499228,14.727778434753418,15738600
2009-12-22,14.789208162764004,14.92911524787547,14.714135623825712,14.755084991455078,11745200
2009-12-23,14.768733628086617,14.799445003260997,14.652713022062908,14.676599502563477,10613400
2009-12-24,14.676596190545624,14.700483967371076,14.58787518323854,14.673184394836426,4028200
2009-12-28,14.724369758572852,14.819915654575743,14.639060550937355,14.7619047164917,8706600
2009-12-29,14.789203607889375,14.894987489111914,14.724369081684355,14.833564758300781,8677200
2009-12-30,14.833566185066259,15.007596404626788,14.789205030387977,14.946173667907715,10163400
2009-12-31,15.007600602448978,15.007600602448978,14.758497790173317,14.7653226852417,10998800
2010-01-04,14.806268891091344,14.918877692978395,14.703898081376597,14.775557518005371,16809000
2010-01-05,14.79602918057502,14.81309076175908,14.570812924485917,14.7619047164917,20788200
2010-01-06,15.014420425505802,15.359069048882047,14.881338270917796,15.273759841918945,32750400
2010-01-07,15.270343651563996,15.40683886410748,15.205509141548992,15.311291694641113,20892600
2010-01-08,15.34200638617608,15.389779330432853,15.099728567893814,15.198687553405762,17618400
2010-01-11,15.14750159986152,15.365892947279983,15.116790235273603,15.318120002746582,17399000
2010-01-12,15.35565697105574,15.376131648967943,15.19527524836475,15.338595390319824,13968600
2010-01-13,15.406843713571895,15.652533351082788,15.3147096113621,15.529687881469727,17846200
2010-01-14,15.662771692717879,15.693483060810081,15.423905641080225,15.512626647949219,16884800
2010-01-15,15.447789975145964,15.693480885833003,15.280583371658379,15.533099174499512,19067400
2010-01-19,15.61499521690091,15.901634177695707,15.604758529566656,15.792438507080078,20906400
2010-01-20,15.799266046204032,15.81632762852463,15.505802144114671,15.713956832885742,15961200
2010-01-21,15.77879614830586,15.867517176970626,15.420496331969545,15.621826171875,24302200
2010-01-22,15.720787150047402,15.840219569212735,15.577468247049,15.724200248718262,22095000
2010-01-25,15.819742078195539,15.83680366197446,15.587700893999067,15.59793758392334,20666200
2010-01-26,15.556982556533455,15.560394351075374,15.249868979168028,15.311291694641113,20806200
2010-01-27,16.065429786992205,16.488562706313154,15.993769066931364,16.393016815185547,56743600
2010-01-28,16.11661801338013,16.36230898851687,16.004010517586075,16.2121639251709,27932400
2010-01-29,16.239464911373307,16.549990453378385,16.208753536813884,16.471506118774414,25100600
2010-02-01,16.461263249481576,16.49879820277477,16.24969550338334,16.314531326293945,18501800
2010-02-02,16.25993767520016,16.570463180541992,16.20533982706474,16.570463180541992,20596800
2010-02-03,16.454437965365937,16.481736230902694,16.092726509570053,16.222396850585938,27632000
2010-02-04,16.181453803787946,16.195103592731606,15.8231553051677,15.857279777526855,23467600
2010-02-05,15.829978492177142,15.990360240677179,15.509216296892447,15.826566696166992,28918200
2010-02-08,15.799269074912168,15.860691824413255,15.584289451658364,15.727609634399414,15454800
2010-02-09,15.891401885495194,16.038133852538632,15.713958546239978,15.799267768859863,18992000
2010-02-10,15.847034481045553,15.966468126682214,15.591106914029034,15.686654090881348,22741600
2010-02-11,15.63206376061498,16.065434804854828,15.55699122172941,15.95623779296875,22954200
2010-02-12,15.83680048551079,16.075666515651395,15.768552862368454,16.041542053222656,19065200
2010-02-16,16.372543706506082,16.393018385873113,15.799265701381866,15.993770599365234,26284000
2010-02-17,16.02448228684534,16.720605778611446,16.01765739358701,16.601173400878906,35693800
2010-02-18,16.63529849639216,16.891226165567424,16.604587124022512,16.874164581298828,25876400
2010-02-19,16.75473092236209,16.87075151802819,16.645535220760518,16.6660099029541,23377800
2010-02-22,16.56705086839059,16.652360091504566,16.249700454269377,16.338422775268555,27884200
2010-02-23,16.37937250121208,16.413495673236714,16.137094595376723,16.157567977905273,20081400
2010-02-24,16.249694717215363,16.37254016340262,16.1370872593537,16.22922134399414,18946400
2010-02-25,16.03813059878839,16.198512321325126,15.901635349601994,16.178037643432617,23808400
2010-02-26,16.212163830038786,16.270174777368073,16.06202006928927,16.246288299560547,18997200
2010-03-01,16.375958776405668,16.43055662624545,16.171215863219913,16.2121639251709,18722400
2010-03-02,16.120026076821823,16.22922174239888,16.03471688173256,16.222396850585938,15558400
2010-03-03,16.14391449719281,16.266758659518015,16.12343981928102,16.232635498046875,17649400
2010-03-04,16.164389694950682,16.1780394817634,15.945998312808502,16.05860710144043,19900000
2010-03-05,16.014247113674216,16.259938087369253,16.010834015864333,16.246288299560547,16142200
2010-03-08,16.178037299507327,16.22239844980712,15.956232849723522,16.041542053222656,14617400
2010-03-09,15.969886788751271,16.2906503104421,15.969886788751271,16.188278198242188,14542000
2010-03-10,16.20874904632566,16.294058251832638,16.123439840818683,16.133676528930664,12711200
2010-03-11,16.075669185924216,16.14732861635495,15.911875644204526,16.072256088256836,18272600
2010-03-12,16.294056748490934,16.294056748490934,16.021067576398494,16.181447982788086,16998400
2010-03-15,16.198506967400146,16.290641034891568,16.10295980386382,16.21556854248047,12463000
2010-03-16,16.22240141556393,16.242874795048948,16.113205719259245,16.198514938354492,10754000
2010-03-17,16.239463036811284,16.239463036811284,16.004010060178295,16.09955596923828,15564400
2010-03-18,16.15414971643637,16.208747550854856,16.031304263566007,16.181447982788086,11149200
2010-03-19,16.273585880407914,16.379369778847163,16.004009742101392,16.33500862121582,38567800
2010-03-22,16.35206972025185,16.601173773772704,16.30770986564924,16.43055534362793,14699000
2010-03-23,16.522682476458755,16.529507367526698,16.184858829742314,16.297466278076172,17343600
2010-03-24,16.195100321704107,16.300884212078362,16.072254849454072,16.1370906829834,14502400
2010-03-25,16.164393043664756,16.20875420913855,15.615001376933145,15.679837226867676,40254200
2010-03-26,15.775374458170306,15.816322502812469,15.348828529812744,15.471673965454102,23744600
2010-03-29,15.471682293613952,15.771971153298542,15.468270497105118,15.655950546264648,14648600
2010-03-30,15.720776071117413,15.744662538116929,15.458023632407922,15.563807487487793,15933800
2010-03-31,15.580876295953244,15.611587668024532,15.46826879950214,15.51604175567627,14102400
2010-04-01,15.533106647108951,15.70372512789655,15.451209203575994,15.574054718017578,11188600
2010-04-05,15.707127491523345,15.761725320516915,15.495561066887626,15.642292976379395,12673800
2010-04-06,15.539925871747634,15.621821983679522,15.498976514066461,15.529687881469727,11472200
2010-04-07,15.587697758539075,15.587697758539075,15.427316039504046,15.5092134475708,11920000
2010-04-08,15.526276610260986,15.68665834564114,15.38978135014401,15.635472297668457,15041600
2010-04-09,15.63206471732423,15.683249477384269,15.529692593772905,15.62865161895752,14091600
2010-04-12,15.632064915962625,15.734435739099162,15.594528643745578,15.652538299560547,12800000
2010-04-13,15.676423822930953,15.905053238946632,15.615001072461999,15.816330909729004,24087200
2010-04-14,15.673012681498538,15.908465700326579,15.62865151503565,15.717373847961426,16827400
2010-04-15,15.676419760355264,15.758317173661844,15.423905230947486,15.464853286743164,17586200
2010-04-16,15.45120139420531,15.655944248698393,15.440964707080921,15.594521522521973,18808200
2010-04-19,15.608171463012697,15.686655769088468,15.423903282635639,15.608171463012695,14048800
2010-04-20,15.580875977886958,15.690071675974556,15.27376226344346,15.379546165466309,27776200
2010-04-21,14.325124815846056,14.502568158937738,13.61535274519479,13.908815383911133,146440000
2010-04-22,14.007774902538081,14.202279837203331,13.809858171525855,13.85080623626709,80492800
2010-04-23,13.98388734317622,14.250051696015234,13.94293928159685,14.219340324401855,41925200
2010-04-26,14.17838744535651,14.19544902340786,13.830325785906105,13.840563774108887,30009600
2010-04-27,13.973647147169157,14.04189476715479,13.717719548509336,13.775729179382324,35050800
2010-04-28,13.772319812386145,13.94635003740388,13.731371753861144,13.881515502929688,27811600
2010-04-29,13.908812948798053,14.018009934572753,13.758669208645095,13.785968780517578,33514600
2010-04-30,14.014600464099917,14.024837155343658,13.49592017972944,13.550518035888672,40693800
2010-05-03,13.536865040213428,13.690421881077441,13.495916983221445,13.56757640838623,25135400
2010-05-04,13.431083950634179,13.48226870215966,13.110320446860046,13.147856712341309,41827800
2010-05-05,13.130802772601239,13.775740649967132,13.059143297719734,13.721142768859863,50234200
2010-05-06,13.567576113077621,13.734782736538003,12.97041164627162,13.369659423828125,39024000
2010-05-07,13.311648315768553,13.417432202879807,12.994299257865224,13.093256950378418,38054400
2010-05-10,13.175155426343832,13.57781502691519,12.980650519491688,13.096671104431152,38259200
2010-05-11,13.284352757222377,13.738197161979523,13.216105116180152,13.396960258483887,30899800
2010-05-12,13.509567591779943,13.724547182075296,13.427670171095647,13.700660705566406,27321400
2010-05-13,13.714310943995601,13.768908797525839,13.454971465155849,13.468621253967285,19181200
2010-05-14,13.478855515054828,13.553928038269843,12.813443400171092,12.891927719116211,55320400
2010-05-17,12.864627549049146,13.065957312002011,12.782730144748372,13.045482635498047,27792600
2010-05-18,13.045488004480182,13.263879436876335,13.011364831311639,13.062549591064453,21212600
2010-05-19,13.103496426635665,13.458381784784788,13.001124323498143,13.30823802947998,34776800
2010-05-20,13.161506604240365,13.185393082151005,12.601878318821827,12.615528106689453,49437000
2010-05-21,12.41419418343969,12.687183341875352,12.31523520672083,12.479028701782227,38691400
2010-05-24,12.342534637778,12.581400662119387,12.257225436350012,12.40395736694336,25030400
2010-05-25,12.339120467270066,12.376656716947299,12.154852315244481,12.345945358276367,28089600
2010-05-26,12.356185446037157,12.523392067442499,11.868216669307236,11.881866455078125,43798600
2010-05-27,12.113911510290576,12.383489008424288,12.028602274302616,12.366427421569824,32930600
2010-05-28,12.41078571701401,12.44491018812164,12.236755470369255,12.25722885131836,26511400
2010-06-01,12.223105218759713,12.383486972599592,12.083198146808572,12.090023040771484,18942400
2010-06-02,12.22310408668919,12.287938620758924,12.01494939610307,12.284526824951172,26167600
2010-06-03,12.233345282137414,12.393727080201865,12.144624239585966,12.250408172607422,22404000
2010-06-04,11.9808270134308,12.107084294006253,11.793146990582876,11.844331741333008,33902000
2010-06-07,11.878453916183469,11.939876646593644,11.724897090158032,11.752195358276367,26449600
2010-06-08,11.755609745178779,11.776083123085067,11.206218208295175,11.417784690856934,50593400
2010-06-09,11.458732834928588,11.526979156332564,11.219866804869248,11.230103492736816,32348400
2010-06-10,11.31200389593519,11.567931574108243,11.288117416776277,11.506508827209473,26437200
2010-06-11,11.499681590045142,11.823856843361984,11.431433962760247,11.782907485961914,23324800
2010-06-14,11.85456952902538,12.03201155729999,11.796558583780884,11.82044506072998,18547200
2010-06-15,11.854568438830377,12.137794340201053,11.837505555394168,12.124144554138184,21942400
2010-06-16,12.035423077060072,12.328886957348528,11.80679372545957,12.219691276550293,21575600
2010-06-17,12.291353577237281,12.315240056650074,12.12073512330847,12.2742919921875,19032600
2010-06-18,12.291352272033691,12.455145814206453,12.199218160489881,12.291352272033691,27190600
2010-06-21,12.339124926084056,12.455145511686183,12.267465497195623,12.318650245666504,15680200
2010-06-22,12.260642452790375,12.554106407790206,12.229931078390033,12.253817558288574,20666400
2010-06-23,12.185570311163282,12.431261314353934,12.165096928707774,12.356188774108887,14890400
2010-06-24,12.284527921618013,12.40737340910866,12.151445744074952,12.188982009887695,18453400
2010-06-25,12.168504439619554,12.564339082176812,12.168504439619554,12.40395736694336,26453000
2010-06-28,12.448322086209032,12.451735184205452,12.110498280630482,12.20604419708252,12980400
2010-06-29,12.079784965754035,12.151444391575822,11.854568697660362,11.933053016662598,18170800
2010-06-30,11.885277822736569,11.987648597689976,11.690771658095562,11.697596549987793,19945800
2010-07-01,11.683953385820402,11.694190077460421,11.363189829466517,11.649828910827637,23827000
2010-07-02,11.731722373796337,11.997886679971929,11.663474748652161,11.898927688598633,19527800
2010-07-06,11.980823874581327,12.08660644611358,11.745369656984929,11.864803314208984,21248000
2010-07-07,11.83067932260948,11.946699887574741,11.694185382583647,11.922813415527344,23426800
2010-07-08,11.939877393746793,11.967175663573352,11.718072930973113,11.881866455078125,25102600
2010-07-09,11.851157290859183,11.915991832749604,11.762436270287267,11.854570388793945,19020800
2010-07-12,11.840922613883045,11.85115930599703,11.704427311023402,11.765850067138672,18961200
2010-07-13,11.820442567529005,12.09684484470304,11.77949451592677,12.01153564453125,18014000
2010-07-14,12.05590525487532,12.11050312923771,11.840925555072662,11.878461837768555,21826200
2010-07-15,11.909163475036621,12.025184025800899,11.806791405403777,11.909163475036621,21450200
2010-07-16,11.76584838371401,11.905755463355574,10.861570711368515,10.899106979370117,62530600
2010-07-19,10.919578044174218,11.315412696206927,10.916165597932505,11.230103492736816,33461400
2010-07-20,11.144795043779705,11.274465406313318,11.100433890491717,11.260815620422363,25984800
2010-07-21,11.117496021048144,11.410958587544608,10.827443948220681,11.230103492736816,60230200
2010-07-22,11.271054627061456,11.5542818848306,11.26764283074464,11.526982307434082,29403000
2010-07-23,11.509919707195357,11.537219282183937,11.206219094882002,11.407548904418945,25155800
2010-07-26,11.33247811981049,11.49968478807239,10.953704919673104,11.393900871276855,34005400
2010-07-27,11.407550660872843,11.445086931404019,11.199395925538562,11.393900871276855,92023800
2010-07-28,11.431435278783388,11.591817026109268,11.315414689556972,11.404135704040527,29995600
2010-07-29,11.683950676377265,11.75219700710561,11.312002446360388,11.400723457336426,23583000
2010-07-30,11.301764649708042,11.496269559401956,11.291527960265839,11.370012283325195,21930200
2010-08-02,11.54404254049878,11.799970162040506,11.516742969377699,11.759020805358887,26386200
2010-08-03,11.735138689081037,11.875045788740115,11.683953926795432,11.765850067138672,15718600
2010-08-04,11.83409665453327,12.049076281607329,11.74537432513706,12.018364906311035,23428200
2010-08-05,11.963765223077754,12.32206367899775,11.919404065155357,12.19239330291748,29825400
2010-08-06,12.178740469080335,12.240163194926298,12.045658330319098,12.223101615905762,22606000
2010-08-09,12.291355241066366,12.301591933138832,12.148035043473454,12.202632904052734,17472400
2010-08-10,12.144622000017778,12.328890248700722,12.069549461284234,12.212869644165039,20018000
2010-08-11,12.028597148447679,12.07295829673778,11.759019765191416,11.793144226074219,23441200
2010-08-12,11.629351913868508,11.878454646189764,11.602052342357304,11.827268600463867,19354000
2010-08-13,11.77267068045591,11.909165933669017,11.704423053849355,11.707836151123047,16060400
2010-08-16,11.690776173837964,11.718075751951769,11.499684333903446,11.554282188415527,21429200
2010-08-17,11.612290840210006,11.806795761531268,11.523569822404776,11.653240203857422,20386000
2010-08-18,11.598641634033562,11.653239480458758,11.509919320020531,11.523569107055664,40228600
2010-08-19,11.475795152830203,11.489443636959104,11.250578893263043,11.305176734924316,27682600
2010-08-20,11.288117909235794,11.301766396696689,11.059488496534875,11.137972831726074,25738800
2010-08-23,11.24375352199644,11.301763156793223,11.18915568265793,11.20962905883789,19309600
2010-08-24,11.093610499721974,11.148208348963609,10.950291633605957,10.950291633605957,31742400
2010-08-25,10.963941248992613,11.202807323813083,10.929816780180898,11.199394226074219,25147000
2010-08-26,11.233515043983466,11.236928141008573,10.885453996041562,10.943464279174805,32904000
2010-08-27,10.99124100261246,11.117499601647072,10.851333915930388,11.097024917602539,29399200
2010-08-30,11.039013110856398,11.158446805982734,10.987828357272647,11.062899589538574,24914400
2010-08-31,11.025364562776469,11.09702399842336,10.837683879727404,10.861570358276367,38403800
2010-09-01,10.95029346980974,11.277880620191118,10.936643679781609,11.267643928527832,30595400
2010-09-02,11.226692022392502,11.407547122436483,11.168681085461396,11.31200122833252,16276800
2010-09-03,11.462143356854497,11.619111961388462,11.366597476132084,11.608875274658203,22362800
2010-09-07,11.59864478765679,11.59864478765679,11.305180795186468,11.339303970336914,15668600
2010-09-08,11.359773159900332,11.591814283451544,11.359773159900332,11.57133960723877,14912000
2010-09-09,11.64300230760034,11.653240299453891,11.526981713078401,11.619115829467773,10676200
2010-09-10,11.670297700247367,11.796554939649184,11.59181339998597,11.735132217407227,14902600
2010-09-13,11.820441409219393,11.820441409219393,11.646411230677158,11.735132217407227,14581400
2010-09-14,11.677122459453573,11.81020458889785,11.677122459453573,11.776080131530762,14648200
2010-09-15,11.79997278705931,11.90575539439787,11.69760067429679,11.888693809509277,11139600
2010-09-16,11.772671281210267,11.943289705575632,11.731723223842854,11.933053016662598,14681000
2010-09-17,11.943287948813298,11.977411107981018,11.755607969960677,11.793144226074219,28283000
2010-09-20,11.79314361301479,12.178740238082323,11.789730516246395,12.144617080688477,22333800
2010-09-21,12.110501062077512,12.270881558426181,12.00130403027574,12.250408172607422,19058600
2010-09-22,12.23675147326346,12.455142810153387,12.23675147326346,12.287936210632324,19668400
2010-09-23,12.246987929807835,12.359596692986218,12.182153409675294,12.209451675415039,17482000
2010-09-24,12.407372534111602,12.543866498141119,12.28793885115603,12.472207069396973,15356800
2010-09-27,12.424436372960132,12.438086162356244,12.226519633578764,12.236756324768066,10562000
2010-09-28,12.233344020211646,12.472210143278026,12.1855710559415,12.332303047180176,20016000
2010-09-29,12.270878035750956,12.274291133551452,12.144620753156183,12.240166664123535,15392200
2010-09-30,12.229929714237059,12.39031146285125,12.113909124078678,12.151445388793945,19965400
2010-10-01,12.212870897840878,12.363014689004984,12.13438655461539,12.202632904052734,13909000
2010-10-04,12.182155989314865,12.250403620688578,12.032010939949634,12.06613540649414,15809400
2010-10-05,12.202629956451343,12.352775013062896,12.137795419460677,12.291352272033691,18493800
2010-10-06,12.29135286599606,12.318651140152992,12.090023049941431,12.19921875,16924400
2010-10-07,12.233341981176727,12.386898841961607,12.188982122728653,12.373249053955078,11729600
2010-10-08,12.352772677804655,12.451731664278821,12.26405037899502,12.397133827209473,12711800
2010-10-11,12.383488353003655,12.431261314353934,12.311828910978239,12.356188774108887,11039600
2010-10-12,12.270874546293529,12.383483310810092,12.185565349556146,12.322060585021973,15559800
2010-10-13,12.383486016188998,12.554104446938203,12.352774646585528,12.516568183898926,13482400
2010-10-14,12.564339585676787,12.687185048930385,12.509741746643542,12.554102897644043,17538200
2010-10-15,12.694006666163062,12.91239796594581,12.625759059552248,12.874861717224121,27616000
2010-10-18,12.939699995628965,12.963587771356524,12.79979294710724,12.810030937194824,17064400
2010-10-19,12.796380002324337,12.84756604301967,12.451731407016373,12.5336275100708,23125800
2010-10-20,12.792972808982286,13.393549220376823,12.721312065887913,13.100085258483887,40286400
2010-10-21,13.137617026331169,13.345771686191613,13.137617026331169,13.342358589172363,25295000
2010-10-22,13.34236250622678,13.349187400553822,13.195630532484103,13.345775604248047,14623600
2010-10-25,13.431078540389212,13.59146022767207,13.403778975866649,13.492501258850098,20269200
2010-10-26,13.485685143306606,13.519808319450021,13.328716450301723,13.516396522521973,13541000
2010-10-27,13.386718032398798,13.574397991370938,13.308233733254628,13.465202331542969,15290400
2010-10-28,13.502741785803119,13.642648839493305,13.47885531090835,13.601700782775879,13348600
2010-10-29,13.516391856442986,13.615350855498654,13.502742070011458,13.536865234375,10234600
2010-11-01,13.618765928018924,13.898580108614118,13.608529236589897,13.731374740600586,20092200
2010-11-02,13.843978210875228,13.85421489931651,13.676772891663303,13.76208209991455,15595000
2010-11-03,13.775725550776487,13.775725550776487,13.482261773338873,13.584633827209473,16858200
2010-11-04,13.659710657178703,13.68359713248592,13.4720306504583,13.526628494262695,17565000
2010-11-05,13.489091574604561,13.509566253175723,13.158092732186315,13.29117488861084,23031000
2010-11-08,13.23316313885887,13.277524288852335,13.031833367922536,13.250226020812988,22122400
2010-11-09,13.233164415823842,13.267288881309863,13.072783984042946,13.141030311584473,19457800
2010-11-10,13.22633928870471,13.229752386050551,13.035247492225132,13.216102600097656,17807600
2010-11-11,13.151266004611333,13.311646408374378,13.093255074277018,13.301409721374512,15549800
2010-11-12,13.137617288067071,13.205864910945513,12.844153420890372,12.898751258850098,24225600
2010-11-15,12.963589165384436,13.110319820789492,12.902166425114716,12.967000961303711,14754400
2010-11-16,12.932876380278607,13.158092636055146,12.871453646729078,12.908989906311035,19401400
2010-11-17,12.932879294567645,12.963590668262896,12.779322426091388,12.864631652832031,19755000
2010-11-18,12.973828115875623,13.103498512567306,12.878282192900473,12.949941635131836,15700200
2010-11-19,12.967001267425092,13.025010911429664,12.895341835990484,12.994300842285156,16926600
2010-11-22,12.92264130219223,13.035250106313317,12.79297221478161,12.864631652832031,14254000
2010-11-23,12.762257634173313,12.830503957044424,12.605287707110316,12.618937492370605,18199600
2010-11-24,12.796381818090026,12.905577505467173,12.775907138563584,12.891927719116211,19606600
2010-11-26,12.762259415871624,12.80661927158775,12.659887313842773,12.659887313842773,5508400
2010-11-29,12.663299909449645,12.683773287671457,12.506331268411017,12.646238327026367,19583400
2010-11-30,12.455148696899414,12.53363303933153,12.366427662498308,12.455148696899414,29356400
2010-12-01,12.670122356086443,12.7759049277127,12.612111424991197,12.694008827209473,30669400
2010-12-02,12.711074784355775,12.874868343491949,12.605290874579799,12.864631652832031,21945200
2010-12-03,12.782732349302817,12.80661882515278,12.646238387548076,12.71107292175293,12626400
2010-12-06,12.673533984652641,12.697420455461721,12.499503797084348,12.526802062988281,13883200
2010-12-07,12.676948998456599,12.84074252379397,12.642824533772629,12.680360794067383,17167600
2010-12-08,12.741783696145925,12.82709290640354,12.697422542331697,12.748608589172363,15583800
2010-12-09,12.748614695646387,12.772501181822715,12.591645985997406,12.622357368469238,15451600
2010-12-10,12.642822641958956,12.86121397639638,12.601874592180698,12.833915710449219,16727800
2010-12-13,12.81686042604384,12.861220292708062,12.54386982221281,12.567757606506348,20023600
2010-12-14,12.63941334110504,12.745195932383469,12.567753914423147,12.697422981262207,17327800
2010-12-15,12.622352613167859,12.782733059685482,12.61893951544801,12.731548309326172,15645400
2010-12-16,12.707662888885896,12.932879193655259,12.697424896590366,12.915816307067871,17937200
2010-12-17,12.88851746210017,12.88851746210017,12.673537857410333,12.69059944152832,34926000
2010-12-20,12.717899017489442,12.830506514040499,12.659888069429773,12.69059944152832,14602600
2010-12-21,12.752018373289099,12.76225636207141,12.448317840952997,12.475617408752441,19027200
2010-12-22,12.451731159918833,12.47561763131195,12.359597069524636,12.400545120239258,19145800
2010-12-23,12.34595077965745,12.39713683382422,12.24357997303934,12.373249053955078,17797400
2010-12-27,12.305002275386409,12.46879582043539,12.229929745762357,12.424434661865234,11024000
2010-12-28,12.421016100069064,12.489262397045584,12.349355405500239,12.359593391418457,7818200
2010-12-29,12.373248160587655,12.48585695093785,12.349361684158584,12.421022415161133,9024800
2010-12-30,12.390311939820954,12.444909790131643,12.298177823350027,12.373249053955078,8534200
2010-12-31,12.349364532999722,12.403962391963391,12.2845299822665,12.366427421569824,9501200
2011-01-03,12.502917186118527,12.704246966972393,12.472205819489457,12.482443809509277,18870600
2011-01-04,12.581407990696217,12.670130340821897,12.51316032945705,12.622357368469238,19948400
2011-01-05,12.530217672357438,12.871454525729131,12.530217672357438,12.806618690490723,22014200
2011-01-06,12.810032188169902,12.891928306576977,12.769082827251033,12.79979419708252,15898200
2011-01-07,12.772493571086668,12.878277448059816,12.711070842742918,12.796380043029785,12199600
2011-01-10,12.721312126510743,12.816859350520048,12.50633380134982,12.509745597839355,20786800
2011-01-11,12.537039565489732,12.711069746308764,12.431255697641312,12.683770179748535,21264400
2011-01-12,12.728135280632845,12.908991711019608,12.687187219780254,12.90557861328125,14259600
2011-01-13,12.926054652467382,13.147857865292123,12.905579969032496,13.007950782775879,19120000
2011-01-14,12.977236464166685,13.13079330080008,12.92263862244317,13.042072296142578,12146200
2011-01-18,13.137622027185287,13.28776581030693,13.089849064451837,13.205869674682617,17993400
2011-01-19,13.212689537032668,13.212689537032668,12.973823512631313,13.018184661865234,16129200
2011-01-20,13.011362576748985,13.171743024909723,12.973826311738367,13.02501106262207,19049600
2011-01-21,13.001124185757462,13.120557870914107,12.936289649277239,13.031835556030273,12530400
2011-01-24,12.956764785913572,13.096671855031143,12.93287830838487,13.072785377502441,12888200
2011-01-25,13.014773922359932,13.093258245704325,12.888516645824637,13.021598815917969,20770000
2011-01-26,12.963586264119451,13.601698698871987,12.919225116804874,13.533451080322266,42215000
2011-01-27,13.495914425526855,13.536862474758518,13.24339993659741,13.287759780883789,28124000
2011-01-28,13.2126915762149,13.40719648140127,13.018186671028529,13.038660049438477,19187800
2011-01-31,13.031835267670223,13.171742328769403,12.939701158890474,13.096671104431152,13298800
2011-02-01,13.219518356378055,13.236579941393272,13.06254838977777,13.13762092590332,17657800
2011-02-02,13.076192630691454,13.564161305047985,13.076192630691454,13.465202331542969,22605000
2011-02-03,13.437907065828865,13.437907065828865,13.192216125537708,13.216102600097656,17314200
2011-02-04,13.29458571279586,13.29799880983261,13.052307891791232,13.236576080322266,14666800
2011-02-07,13.23657816553033,13.239989961389439,13.038660161103758,13.096671104431152,14027600
2011-02-08,13.083019256546404,13.270699240399072,13.035246311752829,13.236576080322266,8482600
2011-02-09,13.263876731043661,13.287763207731919,12.960176125965496,13.031835556030273,12682200
2011-02-10,13.042077356658384,13.13079839574094,12.994304389328105,13.086437225341797,16430800
2011-02-11,12.994302645510077,13.106910153145996,12.967003066861636,13.100085258483887,13212600
2011-02-14,13.10008156138098,13.161504294289697,13.007947462017905,13.158092498779297,11690000
2011-02-15,13.158095714726205,13.311651282813054,13.018188633731949,13.304827690124512,13895200
2011-02-16,13.311649096686592,13.547103358954194,13.23998966978571,13.441319465637207,23224600
2011-02-17,13.379894568845373,13.465203768547342,13.332121625286682,13.407194137573242,11564800
2011-02-18,13.400371602410015,13.577814925206791,13.332123970301206,13.410608291625977,14620600
2011-02-22,13.274113774407068,13.379896363125587,13.059134197848538,13.141030311584473,16427200
2011-02-23,13.113731550004788,13.175154283865037,12.96699960819588,12.973824501037598,14828800
2011-02-24,12.963587727572774,13.263875200346778,12.908989886912483,13.233163833618164,15905200
2011-02-25,13.28776284647092,13.39354674158246,13.130794203439846,13.311649322509766,14156800
2011-02-28,13.386718917613482,13.461791426852587,13.243400092755225,13.301409721374512,13929200
2011-03-01,13.34577249301585,13.403782128698978,13.137617820571329,13.158092498779297,11560200
2011-03-02,13.141025793176903,13.465200944395868,13.120552422640108,13.318469047546387,13014600
2011-03-03,13.461792749214924,13.666534319614364,13.420844695478067,13.646060943603516,17245400
2011-03-04,13.683592853472424,14.086252313756917,13.646057905238166,13.89174747467041,29822200
2011-03-07,14.021426152577627,14.134033667780113,13.88493085359486,14.011189460754395,21245400
2011-03-08,13.990712922992127,14.137444894370502,13.915640388319805,14.076022148132324,15374000
2011-03-09,14.086260090354195,14.267116548889463,14.03848712830489,14.212518692016602,15992400
2011-03-10,14.018013098641626,14.123795709236084,13.970238837081435,13.983888626098633,14884400
2011-03-11,13.966820450870083,14.082840999344473,13.891747948411679,13.932697296142578,11309400
2011-03-14,13.82009436322302,13.9907128121517,13.806444574897016,13.908815383911133,12150400
2011-03-15,13.615351318953937,13.741608593455076,13.543690588606776,13.577815055847168,20811600
2011-03-16,13.478851925019368,13.690418350248354,13.328708220294754,13.59487247467041,23863200
2011-03-17,13.71772324765503,13.82691894839192,13.622176033223678,13.75525951385498,14955000
2011-03-18,13.820093088110857,13.901990508795153,13.700660705566406,13.700660705566406,22548800
2011-03-21,13.840569440308373,13.97023852795592,13.734785530339114,13.738197326660156,11712200
2011-03-22,13.758672562282467,13.83715689797334,13.61876547662212,13.799620628356934,13254200
2011-03-23,13.758672853887235,14.239816871035243,13.755261057356867,14.099909782409668,32306600
2011-03-24,14.171564805245298,14.461616885059016,14.137441643721413,14.345596313476562,24498400
2011-03-25,14.410431953880089,14.519627641247189,14.314886052862695,14.359247207641602,19410800
2011-03-28,14.35924844659283,14.39678340972022,14.229578068512893,14.239814758300781,14502600
2011-03-29,14.260286608621744,14.355832498915182,14.209100566413044,14.349007606506348,9620200
2011-03-30,14.4786774562939,14.639059168046913,14.46502767195001,14.505975723266602,14393600
2011-03-31,14.447966540488526,14.632234729700976,14.403605390852539,14.492327690124512,22282600
2011-04-01,14.383134911058452,14.560576941895144,14.372896919564324,14.557165145874023,13482400
2011-04-04,14.594704777817062,14.649302638758906,14.553756707539602,14.608354568481445,12073400
2011-04-05,14.543513791337897,14.587874945124979,14.229576522605308,14.277349472045898,18186200
2011-04-06,14.362660242616997,14.427494780799273,14.239814758300781,14.239814758300781,17174200
2011-04-07,14.205694251018961,14.294415283128366,14.134033503940087,14.161333084106445,14586600
2011-04-08,14.22957901372777,14.250052394663516,14.004362711426271,14.076022148132324,17598200
2011-04-11,14.110143806577703,14.19886612018372,14.011186105315296,14.069195747375488,11237200
2011-04-12,14.038484573364258,14.079432633137646,13.987299824076361,14.038484573364258,8784400
2011-04-13,14.113557712969726,14.256876579248168,14.024835394279389,14.11014461517334,17759400
2011-04-14,14.035071133497729,14.287585657857736,13.987298185738549,14.280760765075684,16097200
2011-04-15,14.263698317287206,14.280759897348046,14.093079913248568,14.229575157165527,16136000
2011-04-18,14.116969268182887,14.127207259681954,13.738196125602016,13.758670806884766,22427800
2011-04-19,13.768907061491575,13.87127916295439,13.710897418930301,13.86445426940918,15422000
2011-04-20,13.99071049159644,13.994122287254317,13.762082432776596,13.915637969970703,23121600
2011-04-21,13.495916833230806,13.649473672388224,13.29458704449447,13.32871150970459,44105000
2011-04-25,13.386721559931065,13.441319404232116,13.236577813531992,13.376484870910645,23387000
2011-04-26,13.46520780480451,13.540280339594403,13.362836994819048,13.485682487487793,18413400
2011-04-27,13.523216516046451,13.65629867716668,13.444732197993886,13.611937522888184,23431000
2011-04-28,13.591462428020533,13.635822274978878,13.28434878599687,13.427667617797852,26400000
2011-04-29,13.420846815081106,13.434495300672173,13.253640174865723,13.253640174865723,26627800
2011-05-02,13.332122937723343,13.956586965838296,13.308236463592573,13.878101348876953,28164800
2011-05-03,13.929282511181182,14.239807867734338,13.751839264334413,14.215921401977539,23400000
2011-05-04,14.188628377764589,14.246638015519439,13.959999018946965,14.10331916809082,20905400
2011-05-05,14.076019689642159,14.116967746077213,13.840566737996541,13.861040115356445,17000000
2011-05-06,13.96341018534645,14.103318532553372,13.93952371185141,13.994121551513672,15584400
2011-05-09,13.94975968613751,14.171562808217061,13.936109902765388,14.07260513305664,16262200
2011-05-10,14.08284547483623,14.185216273266828,13.888340567303494,14.004361152648926,15902200
2011-05-11,14.041898008347333,14.052134698107762,13.755258979616862,13.912227630615234,23016800
2011-05-12,13.912233450529985,14.106738447637861,13.895171859886755,14.089676856994629,18200000
2011-05-13,14.120379831020763,14.304646722624254,14.000946164218615,14.05895709991455,23727200
2011-05-16,13.977057700234656,14.055542000642841,13.792789533164154,13.840563774108887,17727000
2011-05-17,13.840568740668147,13.840568740668147,13.676775189512453,13.809857368469238,16102200
2011-05-18,13.772320193855393,13.785969980980239,13.642649819600052,13.765495300292969,15985200
2011-05-19,13.81326485743798,13.850801111945113,13.646059562270791,13.714305877685547,14056000
2011-05-20,13.871281120995576,14.058961163977688,13.833744852056048,13.983888626098633,21076600
2011-05-23,13.820092950575376,13.843979426846552,13.721133947900318,13.7962064743042,13000000
2011-05-24,13.82350559923126,13.919052811925658,13.69042342273469,13.792794227600098,12685000
2011-05-25,13.789377424056797,13.837150362198086,13.724542908252896,13.813263893127441,11666000
2011-05-26,13.785965597087175,13.990707131991318,13.727954671111544,13.956583976745605,13971600
2011-05-27,13.9770643302704,14.099909833255966,13.942941157981334,14.055548667907715,9929200
2011-05-31,14.069195478716866,14.253463694181129,14.062370585360933,14.243227005004883,13747200
2011-06-01,14.18521310029731,14.277347188790756,14.082842324765156,14.086254119873047,15302800
2011-06-02,14.03165859604323,14.157917164975526,14.018010111649811,14.134029388427734,11075200
2011-06-03,13.977063931830747,14.13062080618531,13.915641182088923,14.00777530670166,13982200
2011-06-06,13.956584428500674,14.024830741201137,13.888336814085235,13.959996223449707,10354600
2011-06-07,13.99753615642451,14.076020478035598,13.891752261184184,14.000947952270508,9846000
2011-06-08,14.004363411877707,14.103322430401647,13.908816189775214,14.041899681091309,10002600
2011-06-09,14.072609595848432,14.22616515147883,14.007773755127204,14.045310020446777,12480200
2011-06-10,14.024833407703992,14.024833407703992,13.721132832614263,13.727957725524902,11997800
2011-06-13,13.41060699680365,13.724545553506614,13.393545415852607,13.635823249816895,17699400
2011-06-14,13.727961595986862,13.734786490821712,13.553931333702739,13.5744047164917,15579000
2011-06-15,13.512976905735524,13.707481779705898,13.475441950769483,13.53003978729248,15163000
2011-06-16,13.570987839255954,13.594874311377572,13.454967273930196,13.53003978729248,18837600
2011-06-17,13.615346695771871,13.61875849047975,13.420841854550693,13.492501258850098,15756200
2011-06-20,13.461797201383877,13.700663313659279,13.461797201383877,13.683600425720215,10405600
2011-06-21,13.639242930516684,13.669954311738609,13.495922717575764,13.6153564453125,13684600
2011-06-22,13.615350631798094,13.803030636144555,13.530041420575587,13.666535377502441,10646800
2011-06-23,13.533456348737511,13.72113639652459,13.420848840751487,13.693838119506836,12026000
2011-06-24,13.683600228919573,13.683600228919573,13.506158172688751,13.550518035888672,12799600
2011-06-27,13.557340594900259,13.748433709392927,13.461794688511599,13.710897445678711,8347400
2011-06-28,13.714306422560858,14.031656748365041,13.659708587030842,13.973647117614746,11762000
2011-06-29,14.161330821537785,14.222753565382893,14.076021599721292,14.123794555664062,13510600
2011-06-30,14.18521976949595,14.236405832184735,14.099910532825074,14.130621910095215,11183400
2011-07-01,14.140853628899286,14.321710032204704,14.120380252396355,14.314885139465332,12459600
2011-07-05,14.291001765190927,14.328538032540813,14.137444899539338,14.18521785736084,8889400
2011-07-06,14.239813985874616,14.417257308959961,14.212515714015886,14.417257308959961,12234200
2011-07-07,14.492326862785127,14.570811168143587,14.447965715681633,14.567398071289062,10788400
2011-07-08,14.482091903686523,14.587875799151687,14.396782688486805,14.482091903686523,9525000
2011-07-11,14.359248991745703,14.383135469967891,14.035073685096147,14.082846641540527,13550600
2011-07-12,13.994124178681648,14.28417631398354,13.990712382562638,14.17839241027832,14635800
2011-07-13,14.239820644015067,14.386552666295046,14.161336285865579,14.198872566223145,9862400
2011-07-14,14.239815298919323,14.328537619500683,14.062371959472035,14.082846641540527,9524000
2011-07-15,14.082841480430499,14.113552841420354,13.891748422969746,13.990707397460938,12105400
2011-07-18,13.95317584467215,14.018011685108224,13.75867092679472,13.925877571105957,10437600
2011-07-19,14.024832291290089,14.314884359184846,13.953172874005489,14.229575157165527,16830800
2011-07-20,14.22957687003299,14.417256876724213,14.22957687003299,14.26028823852539,13231200
2011-07-21,14.349010454536346,14.710722013707326,14.349010454536346,14.666360855102539,16810200
2011-07-22,14.68001085121881,14.840392602650493,14.60835141825736,14.744845390319824,12567400
2011-07-25,14.686838815805089,14.782384746397108,14.543518618201386,14.55034351348877,10383600
2011-07-26,14.48891501289038,14.59811069076204,14.342183076678749,14.386544227600098,14831600
2011-07-27,14.284174548279456,14.761905350528059,14.23981339392339,14.662947654724121,24871800
2011-07-28,14.635649540204694,14.836979350995685,14.587876585392491,14.731195449829102,14195800
2011-07-29,14.546932839341778,14.703901537918409,14.441148906797123,14.454798698425293,19094000
2011-08-01,14.533275121230663,14.65612057545244,14.065781077522292,14.16815185546875,16189600
2011-08-02,14.024835412876566,14.253464802067533,13.77232084765626,13.792794227600098,20053800
2011-08-03,13.837152803114309,13.837152803114309,13.25704994824902,13.55733871459961,24300600
2011-08-04,13.407200016856802,13.434498295840346,12.75202439894826,12.772499084472656,28618800
2011-08-05,12.868044500332175,13.065962547361748,12.622354792415369,12.885106086730957,29249200
2011-08-08,12.639415032999121,12.88851781270117,12.36301267659333,12.564342498779297,35305200
2011-08-09,12.717901398803027,13.031838770845333,12.335716375794583,13.014777183532715,33614800
2011-08-10,12.932880828137474,12.98065379250263,12.038839088645684,12.059313774108887,31104800
2011-08-11,12.1650956129078,12.711074114593426,12.12755934684527,12.581403732299805,29225800
2011-08-12,12.646241778028005,12.823685147425826,12.472210205359756,12.772499084472656,16154400
2011-08-15,12.755435589498846,12.78273386439925,12.345951052269125,12.717899322509766,27790800
2011-08-16,12.717893332453443,13.335532294470527,12.700831755962165,13.257046699523926,25843200
2011-08-17,13.229752516630327,13.34235999756507,13.004536253045591,13.120556831359863,18721600
2011-08-18,12.758849852592872,12.912406746458087,12.608706057322278,12.724726676940918,19609400
2011-08-19,12.560926687605441,12.898750380182591,12.537040216482414,12.694008827209473,22590600
2011-08-22,12.939701379172995,13.103496220935616,12.816857200424044,12.912403106689453,17334000
2011-08-23,12.902164920857636,13.325297858143566,12.840742187749164,13.32188606262207,17680800
2011-08-24,13.250225793944825,13.30482363080384,12.878277623556814,13.018184661865234,18478400
2011-08-25,13.045488868471477,13.113736521044162,12.902169969612972,12.987479209899902,12799800
2011-08-26,12.946525185246553,13.22633928870471,12.762258281743422,13.216102600097656,15702200
2011-08-29,13.30823762236703,13.581226851713545,13.175155454417812,13.577815055847168,11040600
2011-08-30,13.547106434216836,13.738198282664685,13.465208997942337,13.683600425720215,11102800
2011-08-31,13.721130831147175,13.748430398807612,13.495914604808693,13.60852336883545,11439600
2011-09-01,13.594873037205645,13.734780061540313,13.485677374393951,13.502738952636719,11961000
2011-09-02,13.311644470497377,13.478851043538844,13.239985068500252,13.246809959411621,9992200
2011-09-06,12.898752425444753,13.24340236638005,12.898752425444753,13.185391426086426,14887400
2011-09-07,13.362834035146685,13.584638492418303,13.263875043335336,13.581225395202637,11709000
2011-09-08,13.448144215424035,13.618762640538126,13.39013457570858,13.482267379760742,10644200
2011-09-09,13.35260089930472,13.403785655720421,12.823683939382613,12.902168273925781,17076200
2011-09-12,12.72472255438702,12.987475087270811,12.700836078826246,12.960175514221191,13594600
2011-09-13,12.980650408323209,13.076196312143795,12.847568241797305,13.038660049438477,10261200
2011-09-14,13.055722871290973,13.557341517394207,13.038661287091397,13.437909126281738,17877400
2011-09-15,13.581225949290566,13.622174005542863,13.37307126895893,13.588050842285156,11014600
2011-09-16,13.738194979143994,13.8951649191151,13.598287923008966,13.78938102722168,26279400
2011-09-19,13.7006598430206,13.738194802517684,13.533453216269773,13.666535377502441,12230800
2011-09-20,13.75184420042045,14.086256142764208,13.65288520578494,13.936112403869629,16424400
2011-09-21,13.881515182337077,13.953174608529686,13.52321674965875,13.536865234375,12344400
2011-09-22,13.294589589226998,13.294589589226998,12.939702893403979,13.083023071289062,25886000
2011-09-23,12.987476011574126,13.17856782966009,12.82368246676528,13.113733291625977,16245200
2011-09-26,13.147858360076134,13.683600230486032,13.093260503910653,13.495920181274414,21927400
2011-09-27,13.731371211129312,13.751844588724948,13.485680266259612,13.666535377502441,19858000
2011-09-28,13.666535108559986,13.748432522476653,13.369659423828125,13.369659423828125,12052600
2011-09-29,13.54710101509909,13.639235105909032,13.144441493062333,13.39354419708252,9873400
2011-09-30,13.233163434435307,13.4310814144306,13.161504014801904,13.239988327026367,14526600
2011-10-03,13.239992092102218,13.34918780118102,12.898755175802082,12.902168273925781,16178400
2011-10-04,12.717898347447246,12.956764417660695,12.53021832860645,12.926053047180176,18709600
2011-10-05,12.994301227633239,13.362836387165451,12.878280634468105,13.359424591064453,15439400
2011-10-06,13.315060236482818,13.53003978729248,13.23316283084077,13.53003978729248,11489400
2011-10-07,13.526629941069325,13.54369152501149,13.239990905008561,13.414022445678711,12859800
2011-10-10,13.646059674612566,13.871275901794434,13.598285431027895,13.871275901794434,11119600
2011-10-11,13.854218231731005,13.963413940420697,13.495919731235734,13.54710578918457,12394400
2011-10-12,13.710893997800223,13.874687496869639,13.557337185636703,13.748430252075195,12611000
2011-10-13,13.69041941742874,13.895162268974842,13.669946043474651,13.867862701416016,9313600
2011-10-14,13.936113536056226,13.953175118862019,13.683597684698377,13.7962064743042,9589400
2011-10-17,13.724546254643409,13.861040210939912,13.553927832986341,13.601700782775879,12556200
2011-10-18,13.611939647255559,13.966826333438922,13.553929999443229,13.908815383911133,13520400
2011-10-19,13.939527863981121,14.099909635261893,13.840570145046186,13.922466278076172,12573000
2011-10-20,13.92246213102855,14.076018961864653,13.785968182730482,13.994121551513672,11986000
2011-10-21,14.123792956583024,14.263700012453326,14.035071948693556,14.151092529296875,14004800
2011-10-24,14.127205297969638,14.35242155394468,14.127205297969638,14.328535079956055,10429600
2011-10-25,14.195456422150794,14.359251301616373,13.990714775392286,14.011189460754395,11393600
2011-10-26,14.151092129719325,14.202276874539606,13.782555718780168,14.157917022705078,12352400
2011-10-27,14.31829599906334,14.39678030786323,14.164739176752642,14.369482040405273,14598000
2011-10-28,14.338771836193473,14.666358882486918,14.304647371965899,14.601524353027344,15350200
2011-10-31,14.461612251721489,14.485498717478288,14.215921401977539,14.215921401977539,13119200
2011-11-01,13.987301924598082,14.123795911578936,13.826920155637145,14.00777530670166,14630400
2011-11-02,14.127206527732763,14.161329693053997,13.888340465338187,14.000947952270508,12345600
2011-11-03,13.932700415513573,14.05213278551428,13.840566315063652,13.96682357788086,14466000
2011-11-04,13.850803336230571,14.004360174003352,13.690421605477308,13.895164489746094,10119600
2011-11-07,13.960001098701435,14.038485427088034,13.806444238068774,14.018012046813965,8725600
2011-11-08,14.058961467038618,14.099909533257376,13.898579696918114,14.065786361694336,9874600
2011-11-09,13.799615030554447,13.82008970614392,13.543687443403634,13.605110168457031,15155000
2011-11-10,13.676772775405432,13.741607304507784,13.49932946754535,13.704071044921875,11035200
2011-11-11,13.833743814054772,14.099908171341099,13.833743814054772,14.018012046813965,11062000
2011-11-14,14.031665308127257,14.035078407144715,13.775737553884657,13.806448936462402,8632600
2011-11-15,13.816679916622983,13.966823654261422,13.762082075507621,13.878101348876953,8392200
2011-11-16,13.785969973107141,13.912227249651494,13.68359787144461,13.710897445678711,10645600
2011-11-17,13.652890528811367,13.82009721603186,13.458385561019288,13.516396522521973,12989000
2011-11-18,13.461791446948178,13.697244360301807,13.414018505257445,13.60852336883545,12111000
2011-11-21,12.642826509364596,12.694012563531366,11.755611116387072,12.373249053955078,86777600
2011-11-22,12.482444226893683,13.298000065884095,12.47561933389066,13.226339340209961,61453800
2011-11-23,13.110319121682139,13.66653555036866,13.011361424715925,13.526628494262695,51863400
2011-11-25,13.448143042008358,13.676772388604165,13.400370095419278,13.40378189086914,15299400
2011-11-28,13.437906553309112,13.731370431527495,13.4276685633773,13.581225395202637,28682400
2011-11-29,13.57440081004094,13.652885125482063,13.3867208120978,13.400370597839355,21105800
2011-11-30,13.523216362603264,13.676773201274735,13.454968734114251,13.598287582397461,27184200
2011-12-01,13.536865234375,13.680185388475499,13.461794012432149,13.536865234375,20919800
2011-12-02,13.639236602601136,13.652885086588595,13.376484085543165,13.444731712341309,19180600
2011-12-05,13.543690757731117,13.71089739500869,13.308237788551196,13.700660705566406,33945400
2011-12-06,13.663122806081212,13.758668700676896,13.536864243405276,13.581225395202637,18594400
2011-12-07,13.540279477017227,13.577815742020945,13.444733567346233,13.451557159423828,17398600
2011-12-08,13.444731958805312,13.444731958805312,13.199041018514157,13.216102600097656,14505200
2011-12-09,13.315062420066925,13.482267752338842,13.284351050629077,13.311649322509766,11385800
2011-12-12,13.226340107595227,13.359423576302772,13.171742262118537,13.311649322509766,14944200
2011-12-13,13.222929952164547,13.386723508914535,13.144445620912396,13.16833209991455,15859600
2011-12-14,13.181979488263163,13.267288698228105,13.134206538957233,13.226339340209961,14750800
2011-12-15,13.308235057888945,13.34918310897146,13.123966875445019,13.134204864501953,13798800
2011-12-16,13.025009426226497,13.171741370079499,12.639412738161846,12.680360794067383,46339600
2011-12-19,12.676949522196516,12.956763635589267,12.618938580694698,12.786145210266113,16252000
2011-12-20,12.997712339322517,13.083021556224944,12.885103548187946,13.021598815917969,17307200
2011-12-21,13.035243601707624,13.263871590463406,12.994295557785588,13.257046699523926,11437600
2011-12-22,13.250230840813224,13.274117322179947,13.110322447500112,13.205869674682617,9562200
2011-12-23,13.284348681727993,13.420843921937177,13.219514158571926,13.407194137573242,8778600
2011-12-27,13.44131677120285,13.611935163935488,13.321884416976017,13.60852336883545,6503200
2011-12-28,13.615350620294747,13.71772141333221,13.530041409144316,13.611937522888184,12766200
2011-12-29,13.598284679605834,13.843975569033171,13.56074972857885,13.840563774108887,12289600
2011-12-30,13.76208200024673,14.011184730330495,13.734782428980738,13.96682357788086,9839800
2012-01-03,14.147674934012771,14.328531291455887,14.11013868432241,14.284170150756836,19564000
2012-01-04,14.314886298079148,14.352422560326206,14.229577084505037,14.338772773742676,16236000
2012-01-05,14.34559541549592,14.662945744320767,14.331945631054722,14.50938892364502,18431800
2012-01-06,14.46161720184824,14.707306833975554,14.40019446838761,14.598111152648926,15542000
2012-01-09,14.499154755356523,14.669773185370664,14.451380501511697,14.581050872802734,16801200
2012-01-10,14.707306667703591,15.369306942691702,14.652708827657525,15.099729537963867,30110000
2012-01-11,15.034901201005145,15.219168173468995,14.939353965292186,15.150921821594238,15471000
2012-01-12,15.144092734610254,15.345422541036163,15.00418566924414,15.32153606414795,15342400
2012-01-13,15.208924329037352,15.352244464352662,15.014419453885587,15.318120002746582,18483000
2012-01-17,15.355661778669871,15.8675171712922,15.311300613495574,15.785619735717773,24215200
2012-01-18,15.80609249834472,16.225813713059697,15.731019966671735,16.2121639251709,26292400
2012-01-19,16.13367918669023,16.20192682268153,15.96647384531271,16.109792709350586,24058000
2012-01-20,16.085907387757757,16.195103092503214,15.980124781000551,16.188278198242188,14076000
2012-01-23,16.08590813623303,16.18827895148076,16.044960070477043,16.164392471313477,15997800
2012-01-24,16.14732749666698,16.33159570646736,16.06201828491294,16.266759872436523,15147400
2012-01-25,16.184864789425895,16.543163241280865,16.184864789425895,16.478328704833984,15804800
2012-01-26,16.573876933465748,16.64553637353285,16.32818593698937,16.58070182800293,18193200
2012-01-27,16.577282375130252,16.71718939423551,16.491973185390098,16.62505531311035,16363800
2012-01-30,16.543162459040754,16.68306951654828,16.37936892598672,16.601173400878906,14153400
2012-01-31,16.53292732569011,16.67965929026283,16.505627750088017,16.672834396362305,13315800
2012-02-01,16.737661282185517,16.857094918257932,16.67623856688309,16.771785736083984,19617600
2012-02-02,16.761551579030996,16.93558307939192,16.505623974030314,16.826387405395508,17363600
2012-02-03,18.22546116888416,18.733904677778582,18.08555410429689,18.66565704345703,75343200
2012-02-06,18.529165191039812,19.279886703556826,18.508691808169413,19.119504928588867,37824600
2012-02-07,18.83627811324207,19.0683193213643,18.652009865312852,18.795330047607422,27495600
2012-02-08,18.617887550908442,18.733908160308058,18.36878474578601,18.51892852783203,23592000
2012-02-09,18.55987589180562,18.55987589180562,18.269825030159275,18.334659576416016,15745800
2012-02-10,18.286886215824527,18.413143509127156,18.228875263734874,18.34148406982422,14493000
2012-02-13,18.351715801111514,18.75778845085139,18.331242424966756,18.733901977539062,14034800
2012-02-14,18.51892467973751,18.73390426754238,18.481388416596857,18.617883682250977,14643000
2012-02-15,18.733905486848645,18.737317282940158,18.45067824778272,18.706605911254883,12190800
2012-02-16,18.757791512707477,18.85333742155285,18.60082156025602,18.70319366455078,17269800
2012-02-17,15.696898602424785,16.33842438804772,15.56040331128269,16.038135528564453,124983800
2012-02-21,15.884576840888093,15.952824478680075,15.215752854300586,15.249876022338867,38854000
2012-02-22,15.086081521156492,15.362483851008808,14.949587555896908,15.195277214050293,36038400
2012-02-23,15.324949569004799,15.46485664997203,15.140681325277564,15.40684700012207,22631200
2012-02-24,15.492155017279693,15.52627818491202,15.239639150968104,15.444380760192871,13753400
2012-02-27,15.355661440584715,15.461445354681898,15.27717710498315,15.420495986938477,15203600
2012-02-28,15.45802859726127,15.836801698073034,15.400018959263553,15.696894645690918,17867800
2012-02-29,15.659361789274861,15.771970595819631,15.492156430225112,15.539929389953613,18379000
2012-03-01,15.662773358290547,15.922112815090877,15.614999101510515,15.905051231384277,16514800
2012-03-02,15.949408361117603,16.13367524099935,15.79243844621195,16.034717559814453,15709000
2012-03-05,16.02448289017152,16.085905630093777,15.679834228799159,15.77538013458252,13825600
2012-03-06,15.55357972869723,15.754908265607664,15.485332083080426,15.655950546264648,18648000
2012-03-07,15.652535222795612,15.669596806345359,15.287411867626428,15.519453048706055,15951600
2012-03-08,15.621818064770446,16.02789063209188,15.591106705071471,15.877745628356934,13422000
2012-03-09,15.898228093743423,15.905052988323048,15.669598681330369,15.727609634399414,11584000
2012-03-12,15.80609704155847,15.884581391905037,15.693489513397152,15.75149917602539,8289400
2012-03-13,15.812910665589412,15.980117241810184,15.570632891345827,15.973292350769043,14249800
2012-03-14,15.973299473354375,16.007422642060927,15.833392398912801,15.922113418579102,10575400
2012-03-15,16.0142452502868,16.106379354701886,15.915286252761492,16.092729568481445,12254600
2012-03-16,16.03130740619279,16.164389572318843,15.894813444247104,15.945998191833496,17104600
2012-03-19,15.884574133466954,16.116615281380557,15.809502916235047,16.0620174407959,7009200
2012-03-20,16.044960120582513,16.058609909782312,15.915289726615491,16.010835647583008,11708800
2012-03-21,16.051783640569518,16.051783640569518,15.75831970648264,15.799267768859863,8691600
2012-03-22,15.683245403416707,15.94258613986268,15.611585976917933,15.911874771118164,9333000
2012-03-23,15.98353621710977,16.038134068252223,15.720783651700636,15.986948013305664,10342600
2012-03-26,16.038130531795606,16.12685153219555,15.928934853588679,16.113203048706055,11661800
2012-03-27,16.181453655477842,16.28041267183911,16.07908284276969,16.17121696472168,9534800
2012-03-28,16.191687376593794,16.29746995774346,16.014244073908515,16.167800903320312,10210400
2012-03-29,16.10638311843374,16.36913570685846,16.065435051918953,16.300888061523438,11387200
2012-03-30,16.37937046721687,16.713782458050034,16.355483989422744,16.672834396362305,14474600
2012-04-02,16.62164232419024,16.655766781336226,16.321354911595193,16.64552879333496,14014200
2012-04-03,16.56363725203778,16.672832941486885,16.19851392137072,16.41349220275879,17569600
2012-04-04,16.341834296993074,16.341834296993074,15.543339929987601,16.102968215942383,35547200
2012-04-05,16.04836361181323,16.338415624483822,16.038126926068752,16.297466278076172,16543000
2012-04-09,15.935766827809127,16.178044765138267,15.891405657038128,15.89823055267334,11947400
2012-04-10,15.836799542808386,15.908458957070422,15.584283742727557,15.618408203125,14541200
2012-04-11,15.744670556126383,15.867516049948852,15.468269496741314,15.498979568481445,13153200
2012-04-12,15.556987722887278,15.710544562565017,15.492153191341234,15.601348876953125,12839200
2012-04-13,15.621821983679522,15.74808055062363,15.516039397291232,15.529687881469727,12426000
2012-04-16,15.543335503757644,15.696892319399124,15.488737669497901,15.64911937713623,9391400
2012-04-17,15.768558047471116,16.01083595266416,15.734434875536952,15.928939819335938,9166200
2012-04-18,15.915287921265158,16.082494565706778,15.81291711731017,15.905051231384277,11502400
2012-04-19,18.580349429622494,18.68272023908259,17.607823485462887,17.829627990722656,72033400
2012-04-20,17.822807031267182,17.92517786332767,17.208580737188516,17.403085708618164,29794800
2012-04-23,17.235874112992754,17.71019446624736,17.19833914990166,17.542987823486328,16151800
2012-04-24,17.546397340768653,17.86716079711914,17.512274178129978,17.86716079711914,14329600
2012-04-25,17.904696723251394,17.942232982483272,17.631706220370532,17.938819885253906,12612800
2012-04-26,17.836452446587085,18.01389578609116,17.75796811787257,17.990009307861328,13356800
2012-04-27,17.914936455963392,18.170864119620013,17.645359004500055,17.79891586303711,11804600
2012-04-30,17.74431188823773,17.908105380231053,17.628291335361425,17.751136779785156,10283400
2012-05-01,17.727254174356773,17.73749086305179,17.502037911059666,17.55322265625,12372600
2012-05-02,17.542985505464312,17.76478996725906,17.403078456218225,17.703367233276367,11708800
2012-05-03,17.730670179097057,17.785268034623535,17.447444210339565,17.536165237426758,9558400
2012-05-04,17.355306232058517,17.4337905505965,17.12667686786938,17.153976440429688,12764800
2012-05-07,17.106203817721497,17.167626555443068,16.986770138056087,17.027719497680664,11738400
2012-05-08,16.891226616468355,17.03113369395028,16.6967216868402,16.87757682800293,16516600
2012-05-09,17.06184201367807,17.33141942990584,16.822975965143527,17.28023338317871,17594000
2012-05-10,17.362132688699056,17.525926233665086,17.328008219925685,17.48838996887207,13056600
2012-05-11,17.826213506300324,17.826213506300324,17.467913774648192,17.68971824645996,19139800
2012-05-14,17.624884150966178,18.106028066345676,17.488388887741586,17.90128517150879,18509400
2012-05-15,17.850100033174243,17.86716161527485,17.63170735645457,17.699954986572266,12099400
2012-05-16,17.693128814482773,17.781851117737276,17.597582920253476,17.600996017456055,13440000
2012-05-17,17.59076201403583,17.6726594431602,17.09596824645996,17.09596824645996,16547400
2012-05-18,17.191513537446113,17.191513537446113,16.962884162144313,17.04136848449707,15807800
2012-05-21,17.07207946151872,17.375780054593065,17.06184277240417,17.365543365478516,11385800
2012-05-22,17.379195761217506,17.38260755752946,17.133504771860814,17.222227096557617,8592200
2012-05-23,17.1369136988306,17.20174822670126,16.976531975179544,17.130088806152344,9576000
2012-05-24,17.10620356312887,17.304120258174216,17.068667301555976,17.273408889770508,5950000
2012-05-25,17.314358897857147,17.321182489566862,17.12326578710212,17.229049682617188,5765200
2012-05-29,17.35189283164986,17.44402693485924,17.23246045807209,17.389429092407227,9108000
2012-05-30,17.280238708103706,17.34507456083268,17.12327002561945,17.232465744018555,11467600
2012-05-31,17.194924474939583,17.235872532010923,16.925347053979817,17.044780731201172,13342600
2012-06-01,16.857100019782692,16.925346344803625,16.502213402126902,16.607995986938477,11261000
2012-06-04,16.607994842035698,16.857098857707467,16.53974852171945,16.79226303100586,9012200
2012-06-05,16.720606679219806,16.788854313763775,16.461267230011156,16.55340003967285,13695600
2012-06-06,16.570466574700003,16.853692563130117,16.556816784441395,16.795682907104492,8403600
2012-06-07,16.976533490784313,17.024306442081922,16.720605850219727,16.720605850219727,7104400
2012-06-08,16.68648272501557,17.00042000669495,16.659183151800686,16.938997268676758,7522000
2012-06-11,16.93898841185405,17.02771067669726,16.870740816216493,16.904865264892578,8479400
2012-06-12,16.86734475479219,16.932179315177613,16.652365083617184,16.86393165588379,7200600
2012-06-13,16.88781714079625,17.147156648698296,16.75132184081687,16.761558532714844,9520400
2012-06-14,16.833210898947545,17.11643674805459,16.792261548315317,17.09255027770996,12478400
2012-06-15,17.085732210770296,17.191516122919367,17.037959250998306,17.160804748535156,14875000
2012-06-18,17.181275913814037,17.225637071471798,17.03795705298716,17.133502960205078,8566000
2012-06-19,17.188100034698124,17.420141200408533,17.147151976547846,17.310945510864258,8924400
2012-06-20,17.351891309656523,17.474736769827174,17.188097796667364,17.328004837036133,8195000
2012-06-21,17.389430649665393,17.515689229286018,17.007245718275865,17.034543991088867,10058800
2012-06-22,17.02430495164724,17.290469257983506,16.942408842796933,17.23928451538086,11571400
2012-06-25,17.153973077393,17.23928227234619,17.00041626613426,17.157384872436523,9848800
2012-06-26,17.147152754810538,17.273410032504962,17.09596670351302,17.188100814819336,6064400
2012-06-27,17.18468935622368,17.51910133991041,17.18468935622368,17.48838996887207,6772800
2012-06-28,17.45767972925867,17.471329517652652,16.973123956711397,17.07549476623535,10368000
2012-06-29,17.450855656421,17.52592819440589,17.20857775874407,17.498628616333008,10835600
2012-07-02,17.467919782562753,17.631713369677176,17.399673430885198,17.618064880371094,7177800
2012-07-03,17.583934670973797,17.778439573626557,17.525925030614157,17.771615982055664,3587200
2012-07-05,17.754555897679506,17.79550526385388,17.51910289989659,17.56005096435547,6372600
2012-07-06,17.56346061015225,17.65218161599356,17.321181463913398,17.389429092407227,6565800
2012-07-09,17.440615878561943,17.580522937133477,17.355306664756974,17.573698043823242,6679800
2012-07-10,17.713602481600166,17.781850102889706,17.54639587452655,17.607818603515625,9118400
2012-07-11,17.1983373216524,17.351892858860257,17.078903646172094,17.290470123291016,18216400
2012-07-12,17.11303521741374,17.362138058787327,16.925353835399036,17.287065505981445,9989600
2012-07-13,17.249519823587782,17.491797636984092,17.23587003929966,17.46108627319336,7181600
2012-07-16,17.46791496745915,17.72384262084961,17.365544166446043,17.72384262084961,7247600
2012-07-17,17.911515856310043,18.078721118756555,17.744309292148756,18.027536392211914,11474600
2012-07-18,18.037784522354624,18.187928304554173,17.911527221375103,18.136743545532227,8496600
2012-07-19,18.136741002267584,18.433616728454737,18.03436889514785,18.344894409179688,10491600
2012-07-20,18.317595608831436,18.42679130502025,18.095791118733004,18.11285400390625,12412400
2012-07-23,17.877395974837523,17.877395974837523,17.631705059112498,17.706777572631836,8093000
2012-07-24,17.727258434284057,17.73749512543899,17.382608412624972,17.437206268310547,13031000
2012-07-25,17.47473947477754,17.553223797209732,17.331420616870584,17.467914581298828,6873800
2012-07-26,17.723843316430166,17.79891584758654,17.416730901338063,17.635122299194336,10841200
2012-07-27,18.41313936901782,18.969355776506426,18.297118792640724,18.938644409179688,28110600
2012-07-30,18.938646672878843,19.12291489886449,18.914760195626855,18.97618293762207,14145800
2012-07-31,18.72025330251129,19.000067407948883,18.53598509598939,18.539398193359375,13024600
2012-08-01,18.58035129072747,18.63153604972672,18.25617594353651,18.300537109375,13132600
2012-08-02,19.75761414426226,20.07837631478399,19.119500297250273,19.54945945739746,58864400
2012-08-03,19.75078932263861,19.969180699250504,19.375428005086043,19.406139373779297,17163400
2012-08-06,19.433438947885993,19.699603275433386,19.361779521502505,19.66889190673828,11487000
2012-08-07,19.576762748185374,19.70643314897066,19.416382272659067,19.638185501098633,8351200
2012-08-08,19.443675985393686,19.542634986486718,19.279882449988996,19.38907814025879,8649200
2012-08-09,19.30717853599697,19.54604325174442,19.283290762707153,19.41637420654297,7932200
2012-08-10,19.406134340294035,19.42660901468399,19.26964041617249,19.372011184692383,6476400
2012-08-13,19.25257901582193,19.337888213095262,19.215044062462304,19.32423973083496,6270600
2012-08-14,19.44367637774046,19.730315395911475,19.372016948626538,19.64500617980957,11102400
2012-08-15,19.675715974555434,19.829272811589096,19.552870504928507,19.7814998626709,8732200
2012-08-16,19.426612529068795,19.791735827262105,19.215046062292107,19.344715118408203,19966000
2012-08-17,19.426618980993577,19.53581469699675,19.163866382574824,19.365196228027344,13487200
2012-08-20,19.389075749180964,19.40613732960995,19.06148871876991,19.27646827697754,7036800
2012-08-21,19.279882449988996,19.436851092037408,19.208223022321064,19.38907814025879,8147200
2012-08-22,19.314005996853876,19.484624428987622,19.266233044130882,19.27305793762207,7431400
2012-08-23,19.286705423571185,19.35495304862535,19.119498807274237,19.126323699951172,7086600
2012-08-24,19.204809509787303,19.6552420478456,19.15703655904101,19.54945945739746,12176600
2012-08-27,19.576759733812008,19.614295999447677,19.225286158706048,19.515336990356445,6233600
2012-08-28,19.645004980801847,19.877046138573924,19.63135519464696,19.66547966003418,10713400
2012-08-29,19.672307716495936,19.79515190649799,19.573348703532883,19.709842681884766,8791400
2012-08-30,19.67913246181594,19.76102989499723,19.528988686318375,19.624534606933594,7308600
2012-08-31,19.682541344559894,19.822448399089296,19.546046085729387,19.68595314025879,6114600
2012-09-04,19.624534208427463,19.88046189206312,19.457328850746187,19.79515266418457,9283000
2012-09-05,19.750791264690797,20.167099379148656,19.689368521264726,19.941883087158203,16491600
2012-09-06,20.06813927697638,20.31382891964572,20.05107639339336,20.300180435180664,13525600
2012-09-07,20.3377174444335,20.368428815576962,20.04084172452364,20.221696853637695,8119600
2012-09-10,20.208048683531192,20.440089868748263,20.143212842484555,20.358192443847656,11183800
2012-09-11,20.303590706726197,20.44008595485244,20.190981931764778,20.23875617980957,7886800
2012-09-12,20.317241334370006,20.440086802434582,20.28652996735386,20.388900756835938,11742200
2012-09-13,20.368430945198217,20.668719794251487,20.310421294592807,20.55611228942871,11020200
2012-09-14,20.532222272512364,21.381902669338363,20.47421262822245,21.163511276245117,29969600
2012-09-17,21.129385630996964,22.613765443205192,21.125973835170335,22.453386306762695,42983200
2012-09-18,22.2725247598115,23.050546849621163,22.22134132262614,22.784379959106445,37150800
2012-09-19,22.931113346308496,22.961826014004345,22.743434656681814,22.934526443481445,25121800
2012-09-20,22.80485774848714,22.99936263552886,22.54210393406125,22.972063064575195,17487600
2012-09-21,22.9823011916265,23.200692566067428,22.944764930072854,23.122209548950195,17886200
2012-09-24,22.76049777627613,23.030075211115726,22.719551018811813,22.917469024658203,10118600
2012-09-25,22.931119370744145,23.23140951852724,22.9242957780359,22.96183204650879,15775400
2012-09-26,22.876517968351127,23.159745169165337,22.446558822826102,22.542104721069336,16877000
2012-09-27,22.56258254164727,22.893580115144808,22.47386022743037,22.74002456665039,16017800
2012-09-28,22.68201214393897,22.729785091100595,22.38172207214547,22.634239196777344,12538000
2012-10-01,23.0300779375719,23.2996554043259,22.815099625141684,23.013017654418945,15170200
2012-10-02,23.1256224000613,23.712550254980922,23.101735922404377,23.606767654418945,27254000
2012-10-03,23.75349924697075,24.019663594826124,23.671603125345428,23.886581420898438,24339800
2012-10-04,23.88658226331629,24.0026015560913,23.582881639957165,23.77397346496582,20828600
2012-10-05,23.85928106488258,23.985539642638095,23.630652989304014,23.692075729370117,14542800
2012-10-08,23.784201037700978,23.992355668762087,23.750077882520273,23.82173728942871,9106000
2012-10-09,23.722778913618086,23.791027829125778,23.456614651712915,23.470264434814453,11406000
2012-10-10,23.528280995853258,23.6272399999371,23.033488578864738,23.077848434448242,18745000
2012-10-11,23.14950687756355,23.470270352754167,23.12220990790757,23.159746170043945,10018000
2012-10-12,23.344017470475695,23.44297387999793,23.11197627541369,23.183635711669922,6930000
2012-10-15,23.320123482228137,23.6101768676077,22.65129961444554,22.972063064575195,27701200
2012-10-16,23.077850705288327,23.374727746752292,23.01642795889685,23.333778381347656,12432000
2012-10-17,23.340607162866316,23.81151320174523,23.255297928063026,23.736440658569336,10334000
2012-10-18,23.483917534600405,23.589700114289816,23.27576286890619,23.303062438964844,14188800
2012-10-19,23.29965255654347,23.419084937740504,22.64447840532205,22.72296142578125,13346200
2012-10-22,22.722963680824872,22.825335791113613,22.446562627848547,22.651304244995117,9963000
2012-10-23,22.477279707726307,22.685434463594557,21.975660955172696,22.14969253540039,16187000
2012-10-24,23.439560562641663,23.750084749022033,23.05396124767064,23.320125579833984,24662000
2012-10-25,23.37472272958415,23.62382675965697,22.975476265449583,22.992536544799805,11959600
2012-10-26,22.937939125221206,23.31671219821783,22.692248201825524,22.88675308227539,11624200
2012-10-31,23.094913878237886,23.45662416512441,22.750263874575058,22.92429542541504,10130400
2012-11-01,23.101735561410894,23.323540052433962,22.886757265857884,23.033489227294922,8702600
2012-11-02,23.101738940991467,23.101738940991467,22.678605880024104,22.866287231445312,11575600
2012-11-05,22.787803541244863,22.96183511804145,22.432916794030678,22.87652587890625,7289400
2012-11-06,22.92087848393404,23.190455906602047,22.726373584468586,23.023250579833984,6264800
2012-11-07,22.85263735019901,22.93794658169688,22.29300899984746,22.333955764770508,13579200
2012-11-08,22.24181638831258,22.344188477325915,21.886929777411485,22.129207611083984,18285600
2012-11-09,22.047315909581986,22.641067375641843,22.016603235365825,22.18381118774414,18081600
2012-11-12,24.674841120377906,25.367551658960387,24.42573962399097,25.227645874023438,61555000
2012-11-13,25.34366046991531,25.756559361912647,24.756735257059187,24.804508209228516,37446600
2012-11-14,24.76355277788792,25.224221905689365,24.569047919330423,24.668006896972656,23384000
2012-11-15,24.586121102493422,24.934181615031534,24.265357564920055,24.872758865356445,16891800
2012-11-16,24.920522315662417,25.56545963941429,24.84886290229333,25.388017654418945,26510400
2012-11-19,25.497222197297784,25.674664244052455,25.169635077836926,25.53134536743164,18330000
2012-11-20,25.551816921808392,25.971539434393584,25.46650770085806,25.86916732788086,15283400
2012-11-21,25.845280242290052,25.930589461233975,25.517693153957083,25.780447006225586,8267400
2012-11-23,25.804339939225944,26.02955497979911,25.797513742081403,25.974958419799805,4055600
2012-11-26,25.81115103367818,25.882810448405774,25.483564022024826,25.753141403198242,10464400
2012-11-27,25.459681664962428,25.875991039789824,25.289063239438452,25.473331451416016,11027400
2012-11-28,25.43920694929308,25.575699599790433,24.917112407762037,25.55181312561035,10486400
2012-11-29,25.678074139271605,25.85551616389395,25.439209374697164,25.69513702392578,7691600
2012-11-30,25.722429133260736,25.787264958576415,25.459677941886472,25.59276008605957,8630200
2012-12-03,25.58253369276498,25.83846139660868,25.405089026845193,25.459688186645508,9308600
2012-12-04,25.681487584818957,25.882816088626328,25.28906466333243,25.306127548217773,10630800
2012-12-05,25.63030357240344,25.63712716484195,25.166221183657456,25.43579864501953,9700400
2012-12-06,25.534756265831057,25.558642743210203,25.138920236770026,25.18669319152832,12606000
2012-12-07,25.149147773316137,25.312942561037612,25.019478743799432,25.224220275878906,7619400
2012-12-10,25.336841583251953,25.493810255733095,25.244708759368002,25.336841583251953,8242000
2012-12-11,25.497220046780118,26.19334359320776,25.43238420659255,26.05002212524414,18427200
2012-12-12,26.06026609696562,26.316193802475606,25.957893973389126,26.012493133544922,11670200
2012-12-13,25.927175357746545,26.080730889097563,25.415320115335966,25.5142765045166,11188000
2012-12-14,25.490390337637848,25.490390337637848,25.06725739444345,25.33342170715332,9999400
2012-12-17,25.418723388500425,25.753136530721935,25.077486657161174,25.749723434448242,10991000
2012-12-18,25.855518645351435,26.145572091726002,25.647366532491187,25.8828182220459,8140600
2012-12-19,25.96471003671317,25.96471003671317,25.473330754971283,25.50745391845703,7224400
2012-12-20,25.579121689948938,25.609834369509816,25.077502952382442,25.135515213012695,9788800
2012-12-21,24.8659349203809,25.196932540877047,24.613417728941588,24.835222244262695,15813200
2012-12-24,24.7533183003306,24.903463328557642,24.719195140305427,24.794267654418945,2914400
2012-12-26,24.824987672496885,24.923946698654674,24.569059964533,24.73285484313965,3927200
2012-12-27,24.732849323602697,25.029723732392444,24.350663094432434,24.77379608154297,8359200
2012-12-28,24.59293834731699,24.900052016418627,24.493979353749218,24.698720932006836,6763800
2012-12-31,24.654361517031155,25.155980084860804,24.47009331231228,25.063844680786133,8548000
2013-01-02,25.357309740952676,25.613237380981445,25.207167295801927,25.613237380981445,7941800
2013-01-03,25.630307550989365,25.88282216530657,25.504048942115098,25.575708389282227,5965400
2013-01-04,25.66101247107915,25.95106590336613,25.54158008313023,25.838457107543945,7126200
2013-01-07,26.23770417450918,26.302540016486347,26.002249888112818,26.234291076660156,7948400
2013-01-08,26.213821301794535,26.75638938345473,26.21040820347609,26.411739349365234,13371400
2013-01-09,26.432204686384715,26.575523530958453,26.247936484748305,26.572113037109375,8257400
2013-01-10,26.647184115659787,26.817802539051428,26.26158741602967,26.59600067138672,8277000
2013-01-11,26.647182619050444,26.776854279740768,26.39808119281025,26.64377212524414,8262400
2013-01-14,26.766615483125044,26.787088858071773,26.442438960364157,26.53798484802246,9162200
2013-01-15,26.4151437083215,26.735904551490407,26.302534931949804,26.398080825805664,9326800
2013-01-16,26.377614418013792,26.42879787222234,26.135333918748483,26.333251953125,10416000
2013-01-17,26.408310363736366,26.650588129967108,26.14214613050906,26.456083297729492,8848400
2013-01-18,26.462923204296033,26.725674477425354,26.411737147511335,26.712024688720703,9848400
2013-01-22,26.814390069603938,26.84851323108226,26.44244058022827,26.58576202392578,8020800
2013-01-23,26.572112484220842,26.67789506681037,26.1182668824168,26.22063636779785,8987600
2013-01-24,26.377609724965968,26.872402119443812,26.305947694961876,26.75296974182129,11185800
2013-01-25,26.752971687227873,27.083971874587327,26.74273499746307,27.08055877685547,18244800
2013-01-28,27.33989502328362,27.42861472223331,26.75979086579004,26.916759490966797,5978900
2013-01-29,26.848526523926424,27.312609039406258,26.814403345553536,27.230712890625,8439600
2013-01-30,27.27847388104003,27.56511157760645,27.06008251124738,27.196575164794922,7279700
2013-01-31,27.1283236214076,27.176096561648887,26.780263256302504,26.923582077026367,7956200
2013-02-01,27.414960682384873,28.07696084518298,27.257992081568503,27.681127548217773,13030400
2013-02-04,27.78351219969915,27.913183908554497,26.964542988533214,27.019142150878906,12765200
2013-02-05,27.40132562533614,28.213468554973097,27.40132562533614,27.667490005493164,11527200
2013-02-06,27.715265825713292,27.7220894192848,26.991842545860077,27.237533569335938,11644000
2013-02-07,27.14880546251358,27.612887829687384,26.94406385427356,27.544641494750977,11699400
2013-02-08,27.517332063037315,28.165682426425327,27.40131281451592,27.91316795349121,8968800
2013-02-11,27.9131743991498,27.98824431665343,27.408142733230726,27.571937561035156,11061800
2013-02-12,27.61287751975601,27.94729068431713,27.503681862570104,27.865394592285156,9791000
2013-02-13,27.954117834606723,28.3294777912812,27.865398141700314,28.25440788269043,7962700
2013-02-14,28.10426200655577,28.493271735751506,28.05648906461455,28.390899658203125,8687400
2013-02-15,28.288530184084816,28.46597216794793,28.186158106536432,28.390899658203125,8020500
2013-02-19,28.834520437593067,29.373675409060297,28.704851342091178,28.85499382019043,11548300
2013-02-20,29.011965054888766,29.23718269705833,28.582008361816403,28.582008361816406,9391800
2013-02-21,28.541046384293697,28.56151975965554,28.104263687039484,28.34995460510254,9769500
2013-02-22,28.431860954975463,28.998315509448723,28.39091158606605,28.97101593017578,6138700
2013-02-25,29.189393492776986,29.585226790492413,28.70483790628244,28.725311279296875,9560900
2013-02-26,28.759442092306614,28.950533900463668,28.452328398175187,28.834514617919922,7196000
2013-02-27,28.930054939254198,29.544282208987248,28.718489793458467,29.271291732788086,7986000
2013-02-28,29.366846275054492,29.469218384663495,29.148454871090788,29.15528106689453,10104200
2013-03-01,29.093856089338857,29.687607510590063,28.92323765536995,29.653484344482422,11294500
2013-03-04,29.708079533280117,29.94694689198979,29.46921477800102,29.940120697021484,8814000
2013-03-05,30.26770731994079,31.107152255478603,30.26770731994079,30.724966049194336,15086800
2013-03-06,30.868286355440286,31.0184314084569,30.46562675242991,30.98430824279785,8542200
2013-03-07,30.77956026505515,30.847809191429157,30.376900711454695,30.67719078063965,9176500
2013-03-08,30.87511455109291,31.086679753945162,30.376906407154333,31.004783630371094,6885100
2013-03-11,31.0457142360905,31.359651356303036,30.834146557636352,31.352825164794922,7298000
2013-03-12,31.373309446895423,31.64629730066341,31.073019423291708,31.51662826538086,9915900
2013-03-13,31.496171058616408,31.496171058616408,31.127634533266104,31.305076599121094,6112100
2013-03-14,31.325550881995774,31.489343148731187,31.175405801295692,31.311901092529297,8979700
2013-03-15,31.264126509693128,31.393795597753034,30.684022202893438,30.827341079711914,14207400
2013-03-18,30.533882335228686,30.718147990593295,30.09709686802862,30.5748291015625,9084200
2013-03-19,30.58164518259921,30.711314238817064,29.878695553022528,30.28818130493164,9059300
2013-03-20,30.581646015988493,30.588469607162597,30.226759396034957,30.38372802734375,7041300
2013-03-21,30.335952377991354,30.533870349015245,30.206280726354223,30.397375106811523,12615200
2013-03-22,30.800037641250068,31.093501529388995,30.60211965093675,31.059375762939453,8290600
2013-03-25,31.40061518465162,31.482513906755248,30.54752302180221,30.697668075561523,12174000
2013-03-26,30.813694598376852,31.318723776827177,30.786395020236007,31.23000144958496,7122900
2013-03-27,31.53028937607878,32.642722374179904,31.33919494601613,32.567649841308594,18418400
2013-03-28,32.66319443600139,33.76880119370005,32.65636824050818,33.400264739990234,18502100
2013-04-01,33.44803372327272,33.55722940732169,32.697313720864855,32.745086669921875,14403100
2013-04-02,32.98395929003529,33.01808245861084,32.73826831080189,32.89523696899414,15536500
2013-04-03,32.92936244821066,33.01125857922479,32.28783798230972,32.506229400634766,9168000
2013-04-04,32.69731429075105,32.99760177626186,32.45844954130274,32.581295013427734,10050300
2013-04-05,32.00802400944212,32.38338409925565,31.755506815180997,32.32878494262695,10958000
2013-04-08,32.24688027273792,32.4925712056505,31.973889768739408,32.2127571105957,9538000
2013-04-09,32.820166837212284,33.31154883162888,32.751920495068234,32.96348571777344,13126300
2013-04-10,33.11362246990411,34.021311088697885,33.09997268422062,33.939414978027344,10084900
2013-04-11,34.260183635012304,35.46816251539924,34.24653384725625,35.24977111816406,15567100
2013-04-12,35.25660011985225,35.78210531365138,35.07233186201896,35.44086837768555,10697000
2013-04-15,35.65924029491493,35.7343127962951,34.54680776345294,34.5877571105957,13210200
2013-04-16,34.990427605460305,35.522756268921476,34.84710875044086,35.49545669555664,13561900
2013-04-17,35.28389300145053,35.62512987263781,34.621892638249385,35.44768524169922,12453000
2013-04-18,35.40675231101768,35.52959784089534,34.48541083693518,34.710628509521484,9391500
2013-04-19,34.57410955826101,36.83992151104389,34.57410955826101,36.28711700439453,20436500
2013-04-22,36.935468253315754,37.01736695479707,36.36901655360178,36.8876953125,15188600
2013-04-23,37.1265747094472,37.6452536372416,35.88447263691475,36.39632797241211,13828200
2013-04-24,36.29395612404245,36.525997315268086,34.41715321376863,34.512699127197266,18388700
2013-04-25,35.0109023186858,35.37943876287098,34.744737976806746,35.09962463378906,10862700
2013-04-26,35.140578519009715,35.659257482334006,35.00408323284089,35.06550598144531,9678600
2013-04-29,35.05185628953635,35.23612453585981,34.64919662611051,34.86758804321289,10806000
2013-04-30,34.63553928776648,34.7310851864942,33.734674237718714,34.56046676635742,13550600
2013-05-01,34.4308061111122,34.5673014012352,34.02814643713647,34.21923828125,9679100
2013-05-02,36.000502113728274,36.314439516815874,35.454523455438625,35.61149215698242,16602700
2013-05-03,37.228945702251764,38.457398035851334,37.20847232111158,37.638431549072266,17089300
2013-05-06,37.65889269576679,38.0137792730116,36.935469757141185,37.147037506103516,13330700
2013-05-07,37.10609645312481,37.26306510065206,36.04826267857034,36.259830474853516,14096100
2013-05-08,36.25982195016895,36.45091371902762,35.481802487324245,35.74796676635742,12612500
2013-05-09,35.88445980761134,36.3212424545296,35.659242290864775,36.02777862548828,9815900
2013-05-10,36.01413798561231,36.273478724347676,35.61830198420409,36.089210510253906,12752600
2013-05-13,36.25300577626411,37.597479930432996,36.12333669776139,37.174346923828125,14485400
2013-05-14,37.18799235373425,38.40279468361392,37.12656961776109,38.38914489746094,16929400
2013-05-15,38.45056835323993,38.969247219610466,37.59747622843733,38.46421813964844,16779100
2013-05-16,38.62801906269327,38.65531864165389,36.99008337652302,37.50876235961914,15554100
2013-05-17,37.863650436939125,38.512001141689595,37.29719847201462,38.42327880859375,13909500
2013-05-20,38.27996055351597,38.750866599879764,37.67938280199409,38.04109573364258,9493700
2013-05-21,38.31407380704167,38.7986295181419,38.05473306730511,38.53929138183594,10085900
2013-05-22,38.90100400266981,39.62442711960366,37.959189492591925,38.17075729370117,12765800
2013-05-23,37.46098402632066,38.25947967411372,36.96277849717114,37.863643646240234,10768700
2013-05-24,37.74080028001062,38.45739724288197,37.46781232452344,38.088863372802734,8745700
2013-05-28,38.68259490585878,38.77814077120246,37.952348531098295,38.34135818481445,8669400
2013-05-29,38.17758389109079,38.34820234313015,37.43368733606197,37.96601867675781,9677700
2013-05-30,38.047904275024635,38.778150839382974,37.8431627099258,38.082027435302734,9719000
2013-05-31,38.3618468145926,38.3618468145926,37.18116760253906,37.18116760253906,11526200
2013-06-03,37.235762041526584,37.29035857792508,35.04501971935696,36.25299835205078,15319800
2013-06-04,36.25982050492859,36.64200402741291,35.43402552935358,35.70701599121094,11367200
2013-06-05,35.21563851752648,35.93906150771551,33.618650107811305,34.2055778503418,18605900
2013-06-06,34.38303086900723,35.27024629079941,33.89164889853669,35.04502868652344,14267400
2013-06-07,35.406741426768264,36.450925506308096,35.358968469105065,36.096038818359375,12883500
2013-06-10,36.54645981988265,36.55328601362808,35.56369879837951,35.78891372680664,8744200
2013-06-11,35.42037997088678,36.15745008615661,35.072316985912884,35.78891372680664,7277900
2013-06-12,36.05508121142942,36.21204982559759,34.90169917166961,34.92217254638672,9707600
2013-06-13,34.976781380987944,35.55688305520271,34.587771532927526,35.45451354980469,9292700
2013-06-14,35.4135544241253,36.027781700930134,35.38625485550505,35.64559555053711,6216700
2013-06-17,36.01413888377874,36.34854955206507,34.683314595532146,34.82663345336914,10079200
2013-06-18,34.71743854563291,35.52275776990934,34.71743854563291,35.44768524169922,6873600
2013-06-19,35.36578755462869,35.522756196008366,34.512695414458314,34.53316879272461,6406800
2013-06-20,34.25335462054331,34.43079924333838,33.45486162825733,33.680076599121094,11510700
2013-06-21,33.87116605135588,34.075907614021006,32.81333247472754,33.32518768310547,20298000
2013-06-24,32.89523097190247,33.92576505422166,31.871520480682044,33.393436431884766,11453100
2013-06-25,33.72102292366885,34.7242600217104,33.65277660007883,33.97353744506836,12879000
2013-06-26,34.410319362602316,35.23611443801262,34.32842325551619,35.017723083496094,9904400
2013-06-27,35.283885282574055,35.45450368084237,34.601411689500786,34.8129768371582,8249000
2013-06-28,34.77203374538202,35.22246626005342,34.54681618633111,34.99042510986328,9086200
2013-07-01,35.46816251539924,36.03461438840587,35.16787239162775,35.24977111816406,9472900
2013-07-02,35.28388537832435,35.94588299506939,35.092791001412756,35.64559555053711,8566000
2013-07-03,35.49546041048034,35.72067800916536,35.236122246664166,35.4749870300293,2786800
2013-07-05,35.761617574436094,36.505513900348866,35.67289527774094,36.38949203491211,6126900
2013-07-08,36.580583809243045,36.826274721057196,36.31441952258777,36.38949203491211,10022700
2013-07-09,36.86722791634058,37.399556545128526,36.40996920427033,37.112918853759766,8202100
2013-07-10,37.11973796334455,37.87728406111568,36.98324272532117,37.76126480102539,8768300
2013-07-11,38.2389991868466,38.38914422848241,37.802216451284735,38.116153717041016,11373200
2013-07-12,38.21851908449661,39.48792031349476,38.05472428576814,39.133033752441406,13267800
2013-07-15,39.037499312467126,39.392385977531376,38.77815855656811,39.351436614990234,7637500
2013-07-16,39.276365660346514,39.42651072558735,38.750860535434455,38.996551513671875,8831400
2013-07-17,39.153512525312486,39.426503026362326,38.97607052203135,39.4128532409668,9123400
2013-07-18,39.481098755745215,39.88375830465856,39.28318338014026,39.73361587524414,8821500
2013-07-19,39.979316164275694,41.29648819358551,39.235419623522795,41.01667404174805,14574100
2013-07-22,40.750511169433594,41.26236653445943,39.999791008768106,40.750511169433594,12171600
2013-07-23,40.9416010161505,41.050796710968136,40.30007403109499,40.34784698486328,10997200
2013-07-24,40.750498062106765,41.037138328108014,40.30006558990209,40.866519927978516,9589400
2013-07-25,41.03031533556567,41.72643877482057,40.136276515325164,41.53534698486328,11325400
2013-07-26,43.55547718856196,43.70562225587019,42.02673735270524,42.70238494873047,14716300
2013-07-29,42.7228559761852,42.873001035223346,42.019908842380744,42.327022552490234,10264600
2013-07-30,42.313376672035346,42.504468507778874,41.94484018587482,42.12910842895508,11134400
2013-07-31,42.38161823793326,42.449867174032434,41.876589127952904,41.90388870239258,8423200
2013-08-01,42.34748528002631,42.44985735878928,41.61041516459532,42.31336212158203,7726300
2013-08-02,42.21781848631573,42.27924121616065,41.821982537663956,42.14274597167969,5614300
2013-08-05,42.142749662544816,42.24512175572885,41.24188461487498,41.596771240234375,6105100
2013-08-06,41.57628521313268,41.57628521313268,40.3887827569819,40.93476104736328,8579000
2013-08-07,41.037129988156494,41.26917106931225,40.402429460390145,41.09855270385742,9417900
2013-08-08,41.28966456974106,41.4807563991147,40.46387190316966,40.47069549560547,8283700
2013-08-09,40.14309551814357,41.10538315583312,39.972477124202655,40.40925979614258,5666200
2013-08-12,40.17040474077045,40.36149655481469,39.801868296458814,40.19770431518555,6263600
2013-08-13,40.33419325611827,40.573060605048326,39.7336182950249,40.21817398071289,4565900
2013-08-14,40.341028097467394,40.6481418385294,39.67902765600386,39.699501037597656,5155200
2013-08-15,39.153522486312156,39.34461692703529,38.191234500271,38.82593536376953,7345200
2013-08-16,38.73719701933388,39.399197186820075,38.38913665913358,38.839569091796875,7598300
2013-08-19,38.79179697490126,39.672188485778044,38.73037425080683,39.133033752441406,5518000
2013-08-20,39.11256353707471,39.958829355786165,39.11256353707471,39.58346939086914,5349400
2013-08-21,39.37874228933436,40.634494297359176,39.19447403450434,40.05438995361328,10075700
2013-08-22,40.09533083093947,40.9347731895415,40.06120766581202,40.90065002441406,4750500
2013-08-23,40.94159944931238,41.030319158097775,40.5867128038789,40.70273208618164,6215500
2013-08-26,40.82558222441904,41.62407791866201,40.67543715636305,41.23506546020508,6619100
2013-08-27,40.8119252201357,40.83240120070628,39.97248291279466,40.088504791259766,6127400
2013-08-28,40.1499264187155,41.65819257314841,39.92470886266415,41.24870681762695,8862800
2013-08-29,41.03714382061458,41.82198700419741,40.8869987753072,41.58312225341797,5500100
2013-08-30,41.74009160936186,41.74009160936186,40.92112264432979,41.1326904296875,5545400
2013-09-03,41.56264676318779,42.04037624046435,41.1190378446534,41.5762939453125,7068700
2013-09-04,41.49439917169113,41.944831695793525,41.19411169009968,41.70596694946289,7264000
2013-09-05,41.76056891370125,41.835641444706845,41.29648654333107,41.678672790527344,4951900
2013-09-06,41.869767738163496,41.958490063560035,40.55259305972594,41.712799072265625,8284700
2013-09-09,41.68549449164804,42.76380157470703,41.68549449164804,42.76380157470703,5751200
2013-09-10,43.10504450342473,43.37803506099444,42.62048873699784,42.90030288696289,4835000
2013-09-11,43.07773576681121,43.200581231252286,42.43621147739808,42.94806671142578,5462000
2013-09-12,42.99583069698245,43.33024385902365,42.50444894163369,43.1254997253418,4853700
2013-09-13,43.357547760009766,43.418970489259195,42.80474580019508,43.357547760009766,3839800
2013-09-16,43.732917872604574,43.82163758304374,42.70920727749788,43.00949478149414,7037400
2013-09-17,42.92759268218913,43.25517971457228,42.559056294471716,42.784271240234375,5631400
2013-09-18,42.87981916431505,44.033196051403976,42.70920075784255,43.86940383911133,7916500
2013-09-19,44.101449808300075,44.18334331515489,43.43262333010779,43.896705627441406,5450300
2013-09-20,43.95813392248246,44.00590687364946,43.541821941656146,43.58277130126953,9073800
2013-09-23,43.28930723421756,43.4735754466293,42.53858720151541,42.709205627441406,5998800
2013-09-24,42.74332119665909,43.105031362250266,42.55905301699091,42.81839370727539,5175000
2013-09-25,42.74333590588929,42.81840844234024,42.115458640197545,42.12910842895508,5358300
2013-09-26,42.552223246064756,43.13232730442295,42.347481709232994,42.859336853027344,4672200
2013-09-27,42.55906818956187,43.63055188769583,42.415749310980374,43.36438751220703,5632700
2013-09-30,42.415736698198124,43.473570292847235,42.31336461340649,42.9071159362793,7887300
2013-10-01,43.009481861637916,43.241522964295214,42.518100090497775,42.859336853027344,6773000
2013-10-02,42.57272258508482,42.78428782776018,42.245135425695686,42.58637237548828,5045800
2013-10-03,42.5112839616987,42.791098051944516,41.883406854665196,42.115447998046875,6715000
2013-10-04,42.060863389695065,43.03680118688485,42.060863389695065,43.02315139770508,6351200
2013-10-07,42.41574717225224,42.68873512672389,42.08133386899314,42.15640640258789,8070600
2013-10-08,42.204176219802854,42.23147579424826,40.47069229398028,40.525291442871094,9671000
2013-10-09,40.81875531426003,41.11221923064552,40.13628157446694,40.19770431518555,15313300
2013-10-10,42.06084761422736,42.859340456026025,41.733260607071756,42.81839370727539,15240300
2013-10-11,42.95488964898166,43.32342603669907,42.57270607958314,42.784271240234375,8092400
2013-10-14,42.63414161030117,43.59642962039246,42.18370898011867,43.589603424072266,8669400
2013-10-15,43.30296496038934,44.16970703542396,43.28931517140087,43.40533447265625,8003800
2013-10-16,43.71926545987718,44.86582153408673,43.575946601458654,44.80440139770508,8336700
2013-10-17,44.838526540509726,45.98508273184459,44.53824160942189,45.971435546875,7651400
2013-10-18,45.910017055944074,46.71533646786682,45.377688245952584,46.551544189453125,15446800
2013-10-21,46.48328648935582,46.64707872777106,45.47322307092888,45.71891403198242,9685200
2013-10-22,45.732571073208895,46.578837132418684,45.48005389120755,46.46963882446289,6873000
2013-10-23,46.72216002826417,47.32956134968258,46.42869605894924,47.0975227355957,9770300
2013-10-24,47.390978296409195,47.868707832920805,47.05656241398963,47.657142639160156,10476900
2013-10-25,47.855065380310656,47.97791087425329,46.544711709301886,47.55477523803711,9458300
2013-10-28,47.773157120562516,48.04614763119506,46.82451913143165,46.90641784667969,7013300
2013-10-29,46.94735965117638,47.47286203307964,46.56517610070128,47.431915283203125,6255900
2013-10-30,49.06302740486265,49.95706616774019,48.749090169095425,49.59535598754883,16630600
2013-10-31,49.65677779972369,49.66359878640042,48.435149499641724,48.578468322753906,12730300
2013-11-01,48.72179547108177,48.79004179753088,48.05979517011734,48.435157775878906,9395500
2013-11-04,48.54435192436134,48.62625064201787,47.309076205826315,47.322723388671875,9332700
2013-11-05,47.425087495179,47.80045004596459,47.261295294318096,47.45921325683594,7102200
2013-11-06,47.54112736833338,47.74586638404847,45.86906343558652,45.971435546875,11095700
2013-11-07,46.33997870420628,46.7085152338594,44.722513691872464,44.7907600402832,13750800
2013-11-08,45.384505982285354,46.12157890803544,45.213887538742924,45.9782600402832,12507100
2013-11-11,46.230768989979985,46.46281276563596,45.87588494157015,46.07380294799805,9444800
2013-11-12,45.84858776937112,46.29901774698206,45.83494058508178,46.142051696777344,8446100
2013-11-13,46.31265657410505,46.75626543307818,45.766675638928874,46.74943923950195,11909400
2013-11-14,46.94052853713897,47.274939108753195,46.804035913950244,47.0770263671875,9619800
2013-11-15,47.404618098665146,47.70490816449105,46.804043173873964,47.698081970214844,9383800
2013-11-18,48.13486675426586,48.27818559907741,46.92006446379196,47.07020950317383,8781100
2013-11-19,46.95419461334206,47.677615099507385,46.64707831133618,47.54112243652344,7336500
2013-11-20,47.90282985197751,48.77639533997678,47.670786090368374,48.510231018066406,10245300
2013-11-21,48.60577429535075,49.04938321022001,48.5989481009144,48.88558578491211,9155300
2013-11-22,49.72504295964498,51.328855395849786,49.718216763521156,50.68732833862305,18519700
2013-11-25,51.47215712963283,51.478983323483085,50.80333592439672,50.91252899169922,12257400
2013-11-26,51.06951056428871,51.22647660664985,50.57812864464082,50.75557327270508,9030800
2013-11-27,51.01492028187154,51.39028298207503,50.619084199268265,50.933021545410156,8228900
2013-11-29,51.185534112705774,51.356152559748125,51.028562850407624,51.05586242675781,4900300
2013-12-02,51.076328230674555,51.16505314236672,50.23688851159074,50.85793685913086,11734800
2013-12-03,50.44846587410917,50.54401179680972,49.38380833152453,49.42475509643555,12863900
2013-12-04,49.15174985357068,49.74550380198934,48.79686584751654,49.458866119384766,11241700
2013-12-05,49.561242726285286,50.073098009111796,49.199527285991145,49.950252532958984,9662700
2013-12-06,50.54401166972625,50.59178463095641,49.87519021250399,50.496238708496094,11554900
2013-12-09,51.91577966568985,51.94307924141319,50.66003042358612,51.31520462036133,17248700
2013-12-10,51.18553732483094,51.25378366655829,47.93013944199102,49.69091796875,25872900
2013-12-11,49.79327265444631,49.868345166125614,48.10074106189185,48.18946075439453,16840400
2013-12-12,48.03931906031808,48.598947236345836,47.8072805222176,47.957420349121094,12064600
2013-12-13,48.59894316032448,48.871933634557905,47.86869663569469,48.728614807128906,11343000
2013-12-16,49.15858080559193,49.383798380946914,48.68767227655175,48.742271423339844,12025400
2013-12-17,48.94701525557071,48.96066243873542,47.1248117017037,47.8277587890625,12247500
2013-12-18,49.32920471455768,50.28466906205509,48.196300930577564,50.223243713378906,17907500
2013-12-19,49.84105746096206,51.10363286548885,49.8205840814237,50.11404800415039,10040500
2013-12-20,50.468934058735705,51.240132764215424,50.318794200570885,50.953495025634766,14893400
2013-12-23,51.4243904332599,51.731506711504984,50.96713432009294,51.1786994934082,7545000
2013-12-24,51.178691757872045,51.205991325602746,50.64636320427387,51.15821838378906,4530700
2013-12-26,51.16504783909791,51.42438593878153,50.96030367149578,51.32201385498047,4852200
2013-12-27,51.43121897795963,51.43121897795963,50.67367274661289,50.81016540527344,4913900
2013-12-30,50.96030704830544,51.356143021573466,50.653195983412445,51.2401237487793,5899800
2013-12-31,51.23331079765054,51.35615629673449,50.612262312793234,51.2537841796875,6679700
2014-01-02,51.32884979248047,51.58818794139254,50.76922152924596,51.32884979248047,8279300
2014-01-03,51.32884432877669,51.35614390052386,50.660023044984065,50.72144317626953,6561500
2014-01-06,50.898892514416836,50.97396504197574,49.63631714334846,49.984375,8346000
2014-01-07,50.16182647896832,50.41434367040763,49.622671528724666,49.67044448852539,8513000
2014-01-08,49.93659207142401,50.76238450275076,49.4998093838935,50.1345100402832,11063200
2014-01-09,50.66002886451745,51.226478121043826,50.34608635679147,50.707801818847656,8825500
2014-01-10,51.18552909650424,51.212828670179064,50.17546569798093,51.09680938720703,8471300
2014-01-13,51.28788809441245,51.376607781045934,49.547578466954526,49.916114807128906,9130400
2014-01-14,50.19594094086236,51.30154496333405,49.69773286647949,51.1786994934082,11265200
2014-01-15,51.33566495599064,51.46533660601139,50.79651018789319,51.342491149902344,10223900
2014-01-16,51.451689197063935,53.92906672699003,51.39026906649608,53.16469955444336,20728500
2014-01-17,53.15787643636485,53.956369421124506,52.85076535202995,53.50593948364258,11843300
2014-01-21,54.42728777087951,55.67621612548828,54.20207015804276,55.67621612548828,13026200
2014-01-22,57.136715224793065,57.600797680873974,55.88778674943173,56.0857048034668,17385400
2014-01-23,55.82634750996023,56.153931951148294,55.21894636868242,56.06521224975586,10756500
2014-01-24,55.79905774859912,56.42693237697852,54.427283991946645,55.02103805541992,13269300
2014-01-27,55.11658653863369,55.11658653863369,52.95314059645254,53.81988525390625,13638100
2014-01-28,55.0073570733553,55.39636671775333,54.47502863437474,55.05513000488281,10284700
2014-01-29,54.60471218729575,55.34177969099598,53.888112850885356,54.495513916015625,10140000
2014-01-30,55.07563323143293,56.09934392500501,55.0415126657643,55.63526153564453,10162700
2014-01-31,54.577417808211685,55.79222005396484,54.154282277063466,55.041500091552734,10819500
2014-02-03,55.80588519443169,55.86731054934865,53.63561811317524,53.799415588378906,14336700
2014-02-04,54.72073719553784,56.003785776743406,54.495519642501435,55.97648620605469,15478300
2014-02-05,55.949198983639924,55.96284616729587,52.352559490948174,53.335323333740234,23469100
2014-02-06,53.57417958078821,54.256653206021184,52.04544011818731,52.209232330322266,17193800
2014-02-07,52.99408058519734,53.7857473209116,51.66325382797772,53.74480056762695,16074200
2014-02-10,54.147461951903225,55.369090524390316,53.77893072850063,55.2667236328125,10487600
2014-02-11,55.3622537060371,55.99012809353379,55.20528250573307,55.82633590698242,12608600
2014-02-12,56.13344797273962,56.59753018249076,55.69666532907499,55.96282958984375,9490300
2014-02-13,55.34862098189313,56.38598401457117,55.21212831242256,56.33821105957031,8964800
2014-02-14,56.515647718732,56.54294729266051,55.02785478422711,55.42369079589844,10425700
2014-02-18,55.90824148982045,57.31414078296754,55.73762307325713,57.198116302490234,15019700
2014-02-19,57.08893166360436,57.19130377004943,56.16759311932202,56.44057846069336,9752400
2014-02-20,56.440579171000465,56.781816058870746,55.880950883167664,56.51565170288086,8962700
2014-02-21,57.01385455465915,57.068453701293954,56.35868041562515,56.365501403808594,11015000
2014-02-24,56.638503818886264,57.368750636111045,56.50883732698734,57.034339904785156,9098200
2014-02-25,57.42335380620968,57.928383036722195,56.69310693796468,57.29368209838867,8351300
2014-02-26,57.36191373133084,57.669024798400464,56.856879469363605,57.198116302490234,11908500
2014-02-27,57.08891677856445,57.32778149341496,56.304071109603974,57.08891677856445,11003900
2014-02-28,57.184461026939026,57.46427248293385,55.82634008122923,56.50198745727539,12503600
2014-03-03,56.50200382289336,56.57707635384967,55.28037515453155,55.587486267089844,12024000
2014-03-04,56.5497709717598,56.89100782039129,56.345026779836466,56.6043701171875,8220800
2014-03-05,56.65897319834328,56.945616154661366,56.46106037623923,56.55660629272461,6590400
2014-03-06,56.795458132830404,56.93195078043875,53.57418166341043,54.54329299926758,21950000
2014-03-07,55.42369051940364,55.519236424246095,53.10327881566995,54.31126022338867,20459900
2014-03-10,54.188416905072884,54.80264432273398,53.471817383324684,54.7548713684082,8661900
2014-03-11,54.836763931792966,54.98690898759268,54.133816813150155,54.48870086669922,10569900
2014-03-12,54.16111218736846,54.802639118994556,53.65608311718462,54.406803131103516,9671400
2014-03-13,54.77535033816277,54.91866921576707,52.93266789711741,53.239784240722656,10600700
2014-03-14,52.543657368276264,52.61872990420283,50.87842480638464,51.219661712646484,18775000
2014-03-17,51.840700672790625,52.45492803285494,51.240125702317194,51.492637634277344,14099000
2014-03-18,51.55405648058736,53.27388766529723,51.53358310564064,53.07596969604492,10327000
2014-03-19,53.369441574516514,53.64243209751156,51.874827703297164,52.23653793334961,11155700
2014-03-20,52.20923771407861,52.31160980979216,51.08998126982895,51.547237396240234,12148300
2014-03-21,51.642770986725345,52.00448112607758,48.353248766305256,49.18586730957031,36979700
2014-03-24,49.50664626455496,49.745511034788755,46.961016895562395,49.226829528808594,29285300
2014-03-25,49.5475929047558,50.70780139675722,49.06986336543028,49.84105682373047,19176900
2014-03-26,50.31197155458834,51.19236341965491,49.66361829230754,49.67044448852539,15708700
2014-03-27,49.397434278366994,50.05260826955267,48.17580598411055,48.73543930053711,17749700
2014-03-28,48.196289539247466,48.53070015943102,46.15568964024151,46.7835693359375,29246100
2014-03-31,47.20670981594682,48.45563807513586,47.20670981594682,48.36009216308594,18594900
2014-04-01,50.05262577327006,50.421162248477785,49.23365929960525,50.25736999511719,19497100
2014-04-02,51.29472146451779,51.356141593043596,50.052614436704445,50.47574996948242,15992800
2014-04-03,51.294739215074706,51.308386401627274,49.3360373090144,50.50306701660156,15989400
2014-04-04,51.124109363973545,51.35614793174714,48.810518640257506,49.274600982666016,19387500
2014-04-07,49.08350408886962,50.31878494686969,48.26453778443068,49.295074462890625,16037200
2014-04-08,48.94018668710493,48.94018668710493,47.28177544594824,47.77998352050781,25269000
2014-04-09,48.114379038031096,48.65353369746477,47.677596439199135,48.21675109863281,20688600
2014-04-10,48.319141154319,48.612605060344535,44.231119848334686,44.68838119506836,43152600
2014-04-11,43.807979481445315,47.049728891360225,43.33707105886246,45.06372833251953,35988700
2014-04-14,46.26489019679245,46.674373352841464,44.86581710619244,45.58241653442383,17988000
2014-04-15,46.101115714728735,47.186246756143,44.7634622397407,46.52424621582031,21802600
2014-04-16,47.309079817556245,47.69808964411622,46.64025325612009,47.28178024291992,17266400
2014-04-17,47.343206250690855,48.20994562837295,47.152109225559975,47.773162841796875,17546400
2014-04-21,48.03249361848653,49.131276611671645,47.3636723572456,48.8651123046875,17973500
2014-04-22,49.72503662109375,49.99802715576575,49.03573669259077,49.72503662109375,29207300
2014-04-23,51.68374439021629,51.78611129715346,50.33927013924674,50.40751647949219,35411800
2014-04-24,51.13776468244463,51.18553764263661,48.885598943423766,50.55766296386719,22098100
2014-04-25,50.51669651339637,51.10362426001543,50.11403956531573,50.4348030090332,22726800
2014-04-28,51.083165525978906,52.41399262880475,49.66361869904287,50.55766296386719,22497800
2014-04-29,50.960319430606106,52.1273490503686,50.50306321600003,52.031803131103516,15865700
2014-04-30,51.970370244687025,53.69020157668013,51.51993512984311,53.56735610961914,20165300
2014-05-01,53.65608420434931,54.52282351291001,53.11692935616546,53.92906951904297,15970200
2014-05-02,54.12016235795622,54.25665500478371,52.31160614975795,53.03502655029297,16772700
2014-05-05,52.36620895815193,54.53647551858958,52.29795742309818,54.481876373291016,14085700
2014-05-06,54.420447237566506,54.543292702489886,53.38991577795109,53.45133590698242,10990500
2014-05-07,53.91541314040014,54.07238435575145,52.4139733382217,53.75844192504883,14664700
2014-05-08,53.83352610451376,54.788990370665154,53.36944375848944,53.73115921020508,13777000
2014-05-09,53.785740458841694,54.4545668493721,53.23293853258319,54.4340934753418,9017400
2014-05-12,54.7548793889249,55.09611631462542,54.031453565773454,54.83677291870117,11254300
2014-05-13,54.93230929082168,55.08245434512366,54.604724814945854,54.802642822265625,8515500
2014-05-14,54.87089310668908,55.69668575797305,54.3317381941592,55.25990295410156,10735800
2014-05-15,55.294016054960764,55.56700657224499,54.22935876509942,54.666141510009766,12705000
2014-05-16,54.80263828395567,55.17116948708186,54.06556546398143,55.14387512207031,10525700
2014-05-19,55.08245363275057,56.03109169245031,54.939134775550755,55.996971130371094,10159200
2014-05-20,55.990166039952356,56.28363006012968,55.08930059308342,55.375938415527344,10553900
2014-05-21,55.45781443283486,55.949196330933106,55.061978436382255,55.83317184448242,9042000
2014-05-22,55.71034263271981,57.123063398718045,55.662569667951274,56.57708740234375,10879000
2014-05-23,56.2563139491586,56.30408690553125,55.10975778935331,55.23942947387695,13588000
2014-05-27,56.01744903528387,56.611197890678724,55.36227483220508,56.07204818725586,10994500
2014-05-28,55.976487389726586,56.556594167122505,55.79222179225716,55.86729431152344,8522900
2014-05-29,55.969671658109114,56.406454425661174,55.83317378896078,56.0174446105957,7904300
2014-05-30,55.805874417174856,56.031091996939026,54.91866169537442,55.42369079589844,11058500
2014-06-02,55.49876757017877,55.82635727553214,55.109757723931374,55.655738830566406,7598000
2014-06-03,55.46464027162927,56.52247668404174,55.42369351216042,56.33821105957031,8249600
2014-06-04,56.14027844575638,56.84322540377801,55.97648103675039,56.65895462036133,9055500
2014-06-05,56.95924563064611,56.95924563064611,56.26994584157229,56.50881576538086,8423500
2014-06-06,56.809117032623476,56.809117032623476,55.77175915899073,56.2290153503418,9104500
2014-06-09,55.54654617108587,55.62161871104854,53.57419716340258,53.92226028442383,23319200
2014-06-10,54.10651001385043,54.55694512110254,53.73797361887892,54.28395462036133,11293800
2014-06-11,54.16111313382072,55.826350624488846,54.12698736614856,55.15752410888672,11865400
2014-06-12,55.14386602540068,55.66936837839024,54.8231026173891,54.99372100830078,7080000
2014-06-13,55.06198341415507,55.34862114500494,54.509181332250094,55.08928298950195,7695100
2014-06-16,55.19165700069719,55.54654107873499,54.877719683662505,55.12340545654297,7356500
2014-06-17,55.09610535860157,55.19165126224915,54.297607154030764,54.4545783996582,11141300
2014-06-18,54.495532784388246,54.59107870140982,53.79941178796511,54.2361946105957,10436400
2014-06-19,54.236184914095205,54.93913198087698,53.83352272989744,54.447750091552734,10967200
2014-06-20,54.69343826538486,55.65572861770432,54.379501009079014,55.4168586730957,14042000
2014-06-23,55.46463337613489,56.11981268735263,54.99373008020213,55.14387512207031,7481800
2014-06-24,55.246241698368955,55.99696690350221,54.91183105681199,55.15069580078125,7274100
2014-06-25,55.18480913327161,55.86045645879827,55.00736456050612,55.82633590698242,8664300
2014-06-26,55.89461294629159,56.10617818718377,55.21213905245863,56.0857048034668,6920700
2014-06-27,56.11298822206037,56.90465500331767,55.723978422894916,56.6043701171875,10397800
2014-06-30,56.54294467453568,57.63490154680804,56.39279962831178,56.58389663696289,10882500
2014-07-01,56.89785366053523,58.344695065895856,56.86372788114496,58.20820236206055,11599400
2014-07-02,58.38564617446219,59.97580645726633,58.26962165037804,59.443477630615234,13949300
2014-07-03,59.85295066214035,60.33068545012773,59.409346854036094,59.98944854736328,9126100
2014-07-07,60.098621857517756,60.467158215963565,59.368375334354816,59.51852035522461,11474000
2014-07-08,59.26603125431721,59.73011371676555,58.713229058923844,59.45030212402344,11727100
2014-07-09,59.54582157730074,60.71285080803262,59.504874827511664,60.521759033203125,10397200
2014-07-10,59.4980522396457,60.91077246845476,58.90429829741613,60.6992073059082,9521200
2014-07-11,60.67193133228608,61.40900440099034,60.228322251666135,60.555912017822266,11268700
2014-07-14,60.82888856402587,61.606908287720216,60.630970535105455,61.32027053833008,10729000
2014-07-15,61.44312829791903,61.92768417296244,60.187378741220016,60.74018096923828,13756100
2014-07-16,61.013151591951456,61.04045116556701,58.56989442540236,59.375213623046875,14259700
2014-07-17,58.965720316063916,60.17369630185327,57.839637830209874,58.05802917480469,14942500
2014-07-18,58.50848003695102,61.252022369035146,58.21501610033466,60.86983871459961,13236100
2014-07-21,61.286138281259056,62.09145742844493,60.61048559204602,60.64461135864258,13822000
2014-07-22,60.958543984050884,61.35437993624498,60.453514959411145,60.965370178222656,12302900
2014-07-23,61.490889901182996,61.92085173850043,60.938087775331454,61.65468215942383,17694800
2014-07-24,62.48728908224099,63.44957947969172,61.34755927520471,61.791168212890625,23546700
2014-07-25,61.886719065753894,61.95496539850763,60.53541876703957,61.313438415527344,13059400
2014-07-28,61.490868564466204,62.603303833122176,61.37484930542239,62.41903305053711,14066500
2014-07-29,62.855832713468864,63.64067858457047,62.51459583097787,63.463233947753906,13989000
2014-07-30,64.35727939354054,64.38457376264148,63.85224504852387,64.00921630859375,10753800
2014-07-31,63.470061273494665,63.72257844550458,62.275732163509545,62.48047637939453,13429400
2014-08-01,62.10510562417286,63.197062483885006,61.89354044703329,62.44634246826172,11992900
2014-08-04,62.78759303859548,63.39499433731118,62.46000330563563,62.910438537597656,11030000
2014-08-05,62.958219420220566,63.52467402616881,62.51461032873262,62.971866607666016,10250800
2014-08-06,62.44636354397583,63.48372160909656,62.1665467380912,63.32675552368164,11016200
2014-08-07,63.84543477756313,63.90685492864358,62.55555953624783,62.82172393798828,8804600
2014-08-08,62.67840937843126,63.156144300397806,61.98228819258616,63.09471893310547,9820800
2014-08-11,63.5655884401997,63.68160769845155,63.1424529486892,63.415443420410156,8575000
2014-08-12,63.265324035460694,63.729406463372506,63.135657544169554,63.71575927734375,10587800
2014-08-13,63.81128062524339,64.56882672622024,63.70208235161849,64.13887023925781,13027400
2014-08-14,64.5483509647476,65.76997926973608,64.3163072453054,65.76315307617188,12344200
2014-08-15,67.16906059706868,67.89930725097656,66.21359637153265,67.89930725097656,19714200
2014-08-18,68.5476700711403,69.27109063223682,68.3019790868317,68.73876190185547,14755700
2014-08-19,69.22330562616911,69.37345066898722,67.79011193839234,69.12093353271484,16300900
2014-08-20,68.73191514496631,70.00131644853538,68.66366882682117,68.78651428222656,12590600
2014-08-21,68.92984574925886,69.82388465664275,68.8342998449672,69.79658508300781,9799500
2014-08-22,70.30844703599645,71.76894572613273,70.02863549172922,70.9499740600586,13255900
2014-08-25,71.73481629216556,73.3864015178208,71.73481629216556,73.33180236816406,19882000
2014-08-26,73.74813351430217,74.19856882147286,71.50279358960964,72.52650451660156,18799900
2014-08-27,72.71758415005272,74.23267158473016,72.17842923303621,73.30451202392578,16164800
2014-08-28,73.02468628187204,73.7822325093824,72.84724166102299,73.37274932861328,10301600
2014-08-29,73.6389193952162,73.87095797321929,72.87454691318067,73.40687561035156,11318200
2014-09-02,73.823192312612,74.73088374842699,73.44100863726338,74.63533782958984,15275700
2014-09-03,75.07210764341508,75.5088903986097,73.93919879241201,74.68309783935547,14388400
2014-09-04,74.94244914577133,75.0721208388707,72.52649117758787,72.92915344238281,13757500
2014-09-05,72.6152223785354,72.68346872563768,66.56850334312115,71.90544891357422,36078400
2014-09-08,71.62560130403962,72.92230216851686,71.48228247473018,72.70391082763672,11930900
2014-09-09,72.95642777418271,73.0110269110006,71.19564466325794,72.26712799072266,14085700
2014-09-10,72.47869261824597,73.86411836906139,72.17840778161869,73.85729217529297,11246400
2014-09-11,73.7071508632281,74.0415614786681,72.20571098394358,72.60836791992188,10470000
2014-09-12,72.45825262518144,72.95646086259475,70.22656526591666,70.74524688720703,15843400
2014-09-15,69.54408069077226,69.6805733669076,67.79012324743772,68.92302703857422,18163900
2014-09-16,68.14498576340249,71.63925235935885,67.72185547717548,71.49593353271484,14933000
2014-09-17,71.36626527791289,72.19888391624292,69.54406198660003,70.86805725097656,18455700
2014-09-18,71.40723084194063,72.68345870493891,71.04552056599047,72.29444885253906,16347900
2014-09-19,73.53654716540558,73.63209307464001,72.00780741079308,72.3149185180664,22238400
2014-09-22,72.34903567655446,73.41369294235659,71.40039768574647,71.98049926757812,12319400
2014-09-23,71.46180583251568,72.48551617236869,71.35261277049858,71.92588806152344,10700400
2014-09-24,72.51283429307247,74.2599653872558,72.35586304311317,74.19171905517578,14781400
2014-09-25,74.33502340693123,75.47475307150147,72.62201841653898,73.2567138671875,15402400
2014-09-26,74.32137324411795,74.39644575380085,72.8608802124218,73.96648406982422,10856700
2014-09-29,73.42734326768434,74.17124231214223,72.64932366216468,73.37274932861328,8072100
2014-09-30,73.35227478705438,73.70715881626195,72.24666553034047,72.64932250976562,11622700
2014-10-01,73.01785737941668,73.42734054500218,71.7894078826602,72.06239318847656,11659400
2014-10-02,71.65972607729447,72.28077953592391,70.71108821529624,71.35943603515625,11527500
2014-10-03,72.03507996925251,73.26352914448034,71.46179952199185,72.69707489013672,10294700
2014-10-06,73.17484717804602,73.33181324802052,71.53690889336191,71.74847412109375,11278300
2014-10-07,71.55739279215413,71.86450919452743,69.98087962997218,71.17520904541016,9757300
2014-10-08,71.18201376909582,74.3691649123087,71.00456913726808,74.30091857910156,16545000
2014-10-09,73.99380260218486,74.13030047607454,72.15112556299673,72.2398452758789,13174600
2014-10-10,71.92589515173144,73.36591492162567,70.29478359932507,70.7929916381836,19704500
2014-10-13,71.3116904129228,71.3662895700218,69.17554915833068,69.23014831542969,14578900
2014-10-14,69.61233097943196,70.21290607811747,64.3368059583047,66.32280731201172,27245100
2014-10-15,64.83499134076449,66.72544090252403,62.6033049824746,65.62666320800781,23835100
2014-10-16,64.4186841475901,68.24736154692121,63.661138017870435,66.1180419921875,19881400
2014-10-17,67.30554939162623,69.83069966959468,67.30554939162623,68.75921630859375,17539000
2014-10-20,69.03221009708507,70.69744224693824,68.80699254503233,69.75563049316406,11887100
2014-10-21,71.01139865820717,72.79947662353516,70.60873642176333,72.79947662353516,12267900
2014-10-22,72.69028369159291,73.0246943855306,71.03187219960967,72.40364074707031,13763100
2014-10-23,72.7789780062451,73.82998788436069,72.00095858594106,73.14751434326172,13872600
2014-10-24,73.38641173611428,76.07536035220973,72.75171085184829,75.55667877197266,15125700
2014-10-27,75.59762709359559,77.11271989413822,74.30093092658777,76.83972930908203,11505500
2014-10-28,77.29013547505137,77.8907103707189,76.61448806656786,77.42662811279297,16128700
2014-10-29,74.96974537428686,77.41300281117138,73.70716989432131,75.5634994506836,21151500
2014-10-30,75.56349043876591,78.04086814584008,75.48159171862498,77.9521484375,13796700
2014-10-31,79.0986823890827,79.73338297400394,75.59076889599186,76.4370346069336,22070000
2014-11-03,76.64860832170713,76.98302413452399,74.25995072258274,75.0584487915039,15356600
2014-11-04,74.81275801476937,75.51570499068931,74.36914913275513,74.8810043334961,10206800
2014-11-05,75.66587399373549,75.6931735712492,72.17160617491018,72.37635040283203,15459500
2014-11-06,72.98373413085938,74.01426559813099,72.4104535546709,72.98373413085938,13149400
2014-11-07,74.32138618110302,74.35550674162354,72.56742899902753,72.64932250976562,12663700
2014-11-10,74.43740318831044,74.64214737263154,72.79264434654493,73.038330078125,21412900
2014-11-11,73.35229419683314,74.19856034184438,72.7994868187671,73.71400451660156,12206500
2014-11-12,73.54336392830896,73.57748448759556,72.13746463143535,72.95643615722656,12802200
2014-11-13,72.99736739506773,73.05879271970464,70.64283582346773,71.11373901367188,20880400
2014-11-14,70.6360307397478,70.83394874538783,68.24737269540849,69.65326690673828,23553400
2014-11-17,68.9981061259437,69.72153195738511,68.45213016268373,68.54767608642578,17100900
2014-11-18,69.40075563002696,70.95679490940368,68.8070016073758,70.77935028076172,20163300
2014-11-19,70.4312728000119,70.51317150574062,68.9366591701998,69.84434509277344,13864200
2014-11-20,69.57820449296071,70.55414227262565,68.4521268453075,68.65003967285156,20027500
2014-11-21,69.75564946132393,69.96039369283938,68.30198207952294,68.64321899414062,16765000
2014-11-24,69.00490042862992,69.81704561192902,67.8651708601557,68.6568374633789,17111100
2014-11-25,68.8957302780061,69.18919422986772,67.13495177369835,69.00492858886719,20640200
2014-11-26,69.10046588747959,69.30521009137223,68.13135443035871,68.45211791992188,11536500
2014-11-28,68.92298467128967,69.15502832631563,68.04259339287043,68.46572875976562,7552700
2014-12-01,68.24739420712345,69.60551589392357,68.09042290942736,68.62275695800781,14516100
2014-12-02,69.04589325820422,70.14467681360513,68.9435211169385,69.74201965332031,15568200
2014-12-03,70.32212305467695,70.34942264007117,68.15185548104009,68.84797668457031,17620800
2014-12-04,68.7728795235749,69.63279793184238,68.15183110033736,69.4894790649414,12052800
2014-12-05,69.81022713009504,71.96684105911629,69.71468123995957,71.37991333007812,18127600
2014-12-08,71.69386567804254,73.42052333991003,71.6051407629061,72.04192352294922,13754200
2014-12-09,70.84758581935047,72.34220473430172,69.76245524762903,72.2807846069336,11330900
2014-12-10,72.26716736929927,72.86092159029647,71.29805559358138,71.55056762695312,11903000
2014-12-11,71.81668416405606,72.95641358748759,70.97723952101063,71.18880462646484,10962200
2014-12-12,70.61554152331277,72.61518930307969,70.5268166263168,71.06597137451172,11245100
2014-12-15,71.82352530131408,72.30125997932127,69.86482926275278,70.40398406982422,16206000
2014-12-16,70.04907935892558,70.23335011907109,68.51351398972432,68.56128692626953,13047100
2014-12-17,68.56812538862398,70.1173382139689,67.94707189554644,69.88529968261719,13557600
2014-12-18,71.30485408421212,72.14429381486329,70.74522586149098,72.02827453613281,14285600
2014-12-19,72.26714349895074,74.72404790753407,71.41405132882727,74.01427459716797,21210300
2014-12-22,66.0156892641936,66.93020160563253,63.09469719017982,63.40181350708008,72464200
2014-12-23,63.74985628784808,63.811276407557244,58.65859906409608,61.04725646972656,61035200
2014-12-24,60.7265191577976,63.24484386211266,60.64462042983206,62.30303192138672,21196200
2014-12-26,63.30626914985578,64.39822615405367,62.99915282542212,64.00921630859375,17649600
2014-12-29,65.5652486550399,66.48658711575442,65.10799252216945,66.40469360351562,20634000
2014-12-30,66.70496936012506,67.04620616602871,64.88276606624606,65.02608489990234,18488400
2014-12-31,65.51748184336074,66.02933717026201,64.31632655164454,64.3299789428711,13879000
2015-01-02,64.9305484963006,65.96108525859849,64.50741292069576,64.7735824584961,12340200
2015-01-05,64.99878912343823,67.38062591657098,63.59289506727331,66.05662536621094,27530400
2015-01-06,67.20320596708277,67.79695492946641,65.57891474783291,66.6435775756836,22363800
2015-01-07,67.77646208501685,68.17912427917427,67.18271329311482,67.89248657226562,16373700
2015-01-08,68.79335933394329,69.91943690917292,68.44529624707248,69.81707000732422,18902300
2015-01-09,70.64966930015682,70.86123967035516,69.441693241906,69.75563049316406,14738100
2015-01-12,70.18561170843132,70.5268486503203,68.76606998738868,69.07318115234375,12746000
2015-01-13,69.50996296289107,69.53043634599462,65.00563643992247,66.3432846069336,27030600
2015-01-14,65.51746701647406,68.30878160152874,65.31954904337188,67.7423324584961,16183700
2015-01-15,67.7696395917299,68.51353341554632,66.35691925978682,66.47293853759766,11442200
2015-01-16,66.4865794778103,68.85476379606786,66.24771474978587,68.73191833496094,14097700
2015-01-20,69.02538037978411,71.01138108075132,68.3497329649705,70.82711029052734,18838100
2015-01-21,70.32209921356959,71.70752015973369,70.00133570251451,70.69063568115234,12312500
2015-01-22,71.07280588724385,71.78257911198979,69.31202261086608,71.75527954101562,12963100
2015-01-23,71.25025493885857,72.41728433476993,70.84077176242914,72.02827453613281,9593500
2015-01-26,71.57102972863382,73.55019959553748,71.57102972863382,73.09976959228516,10307500
2015-01-27,72.30126751228043,73.03833517214886,71.56419464555074,71.68021392822266,10341100
2015-01-28,71.87812728728979,72.00097275714039,69.85117963818534,69.91942596435547,11554500
2015-01-29,69.95356435454319,71.32533814761214,68.97762661429802,71.1001205444336,8410500
2015-01-30,71.20247959397125,72.52647497967398,70.79299643131203,71.54371643066406,13608200
2015-02-02,72.41046796197685,73.15436709945686,71.270737984144,72.47189331054688,13965600
2015-02-03,72.82675094584762,73.23623402913502,71.04549458703053,73.14751434326172,19849900
2015-02-04,67.51712491945928,68.39069044267723,65.3878050514696,67.17588806152344,59415800
2015-02-05,67.51029641510951,68.87524380016322,66.40469236560709,68.17912292480469,20641500
2015-02-06,68.06312363212116,68.64322539973227,66.30233973873563,66.52755737304688,21546300
2015-02-09,66.20677876550397,67.33968246274573,65.94743541273455,66.13170623779297,12668500
2015-02-10,66.71180501371964,67.3942787222999,66.28184845178411,67.10081481933594,11495100
2015-02-11,67.31236021209584,69.1072688703267,67.16904140025491,68.23370361328125,14529600
2015-02-12,68.67049713115121,69.40756467937568,67.9743711268397,68.79334259033203,10659900
2015-02-13,69.10731498043555,69.54409790039062,68.8138509679473,69.54409790039062,11084700
2015-02-17,69.653255056768,70.87488344500595,69.55088818062941,70.86805725097656,10789900
2015-02-18,70.81350243534153,71.0728406762468,70.30164694446773,70.93634796142578,7459400
2015-02-19,70.56779853631994,71.18884704461614,69.98769679364304,70.11054229736328,9203800
2015-02-20,69.89896905200006,70.28797893034867,69.55773213390961,70.02864074707031,9965400
2015-02-23,70.26749625271685,71.65291712378963,70.26067005733668,71.32533264160156,8926900
2015-02-24,71.3799216782222,71.94637609803178,70.9840908900216,71.45499420166016,7830300
2015-02-25,71.55054057580925,71.65973886766284,70.90901883518336,71.2707290649414,7270200
2015-02-26,71.18199847681366,71.55735583224433,70.49952487763754,71.10692596435547,6698000
2015-02-27,71.16836473288633,71.20931149336836,70.09688110975884,70.65650939941406,7940000
2015-03-02,71.18200000385728,71.18200000385728,70.15828958313179,70.86123657226562,7672800
2015-03-03,70.8680451558098,70.90899710613633,69.71466849099352,70.15145111083984,8348500
2015-03-04,69.67373880159762,71.0318652382522,69.38028010384407,70.33573913574219,8884500
2015-03-05,70.588285243256,71.28440642449448,70.1037293334684,70.58145904541016,8650700
2015-03-06,70.29478846620765,70.80664372202955,69.41439680137067,69.4826431274414,8658900
2015-03-09,69.29838470450444,69.59867481855376,68.37704618996213,69.18236541748047,9335900
2015-03-10,68.15864097362223,68.62272323443918,67.36014289659248,67.44886779785156,12728900
2015-03-11,67.65360377024925,68.34290354049901,67.40109187931134,67.5444107055664,9006400
2015-03-12,67.99484080448383,68.62272045440697,67.48298562020987,68.1995849609375,8356800
2015-03-13,67.96757166652388,68.91621515641053,67.48301583329206,67.9812240600586,7810200
2015-03-16,68.24736469574232,69.33932148950205,68.0903934659234,69.13458251953125,10524200
2015-03-17,68.79336709229459,69.44171517581029,67.98122153362479,68.54767608642578,9906300
2015-03-18,68.4384765625,68.65004178893108,67.2509735263215,68.4384765625,12992200
2015-03-19,68.44530235443364,69.42806635476693,68.2746838936459,69.23014831542969,9231100
2015-03-20,69.6191498790677,70.09687942944534,69.40757947230482,69.81024169921875,17162200
2015-03-23,68.09723025376972,69.05952074497029,67.73551999771102,68.42481994628906,17983700
2015-03-24,68.58178360291086,70.19242202068938,68.29514588623705,69.20966339111328,11784800
2015-03-25,69.6055076601447,70.36988025931593,68.09724105140678,68.15184020996094,15629300
2015-03-26,67.65360932742549,69.48946506537614,67.28507294098593,68.98443603515625,10928000
2015-03-27,68.92986297607422,69.68058321463914,68.86161662836152,68.92986297607422,8815900
2015-03-30,69.01172554627753,69.380261879,67.953889487156,68.71826171875,9968200
2015-03-31,68.25418403082207,68.38385047004768,66.93018362258674,66.97113037109375,13559900
2015-04-01,66.9916277102106,66.9916277102106,65.09434625732752,66.69133758544922,15134200
2015-04-02,66.87559796034431,67.90613472923168,66.20677663463235,67.17588806152344,10727300
2015-04-06,66.8278402121759,67.38746857823448,66.3296372020882,66.73912048339844,9697300
2015-04-07,67.07351579742027,68.06992679531321,66.88925018560812,67.35333251953125,8264700
2015-04-08,67.36013995828965,68.86158495160812,67.26459407407104,68.15863800048828,10967100
2015-04-09,68.36338692316323,69.05268679432716,68.1927685040437,69.0390396118164,9178100
2015-04-10,69.44169034312935,69.91941979100129,68.97078188246954,69.45533752441406,9257600
2015-04-13,69.61914016282161,70.85441583272916,69.61231396823702,69.80340576171875,10648400
2015-04-14,69.84435019236938,70.06274675692526,69.25060145478028,69.75563049316406,7224700
2015-04-15,69.87847017401604,71.22294397384299,69.83752342498099,70.99772644042969,12899700
2015-04-16,70.94313429693288,71.46864192669845,70.36985892649129,70.52682495117188,6670400
2015-04-17,69.8511633519162,70.16510054459096,68.6636608914752,69.18916320800781,9896500
2015-04-20,69.8034036563756,69.8034036563756,68.5271812711744,68.69779968261719,8752000
2015-04-21,69.21648427111096,72.1442971901963,68.85477402822768,71.79623413085938,19722700
2015-04-22,71.82354110473356,71.9463865967526,70.86125575630265,71.1001205444336,8267300
2015-04-23,71.41405261068043,72.17159888789662,70.98409602369075,71.80306243896484,8071800
2015-04-24,71.41404123067647,72.1238144406786,70.70426802067435,70.77251434326172,9734400
2015-04-27,71.1001034341134,71.33896816476127,69.61913689723595,70.25383758544922,10829200
2015-04-28,70.37666503685188,70.8612205684028,69.02536529566392,70.78614807128906,9793700
2015-04-29,70.37670011677916,70.9090288475777,69.35298941697832,69.83071899414062,8932200
2015-04-30,69.71469259742942,70.09005002500945,68.11088037246068,68.5954360961914,14009500
2015-05-01,70.4312765016017,72.57424328228973,69.95354704356063,71.66655731201172,22306500
2015-05-04,72.10331937658397,73.36589418869197,71.80985559155484,72.11014556884766,13215600
2015-05-05,71.86448943209115,72.1579533588862,70.11053206688203,70.28797149658203,15046500
2015-05-06,70.6019042812241,70.86124762732538,69.28472979279054,69.79658508300781,10065200
2015-05-07,69.72834757145466,69.85119306491852,68.0153420658101,69.46900939941406,13878300
2015-05-08,70.29479914782931,70.9499733500148,70.21290041998299,70.8749008178711,9651700
2015-05-11,71.10694267101017,71.90543572000658,70.97727099050489,71.47547912597656,9956100
2015-05-12,71.1205850511977,72.44458572143782,70.60190357107354,72.04192352294922,9552600
2015-05-13,72.32173024954473,73.31814110861326,72.30807786132077,72.60836791992188,10814500
2015-05-14,73.20895907431276,74.28726888140548,72.79265486459889,74.21219635009766,12761300
2015-05-15,74.42376480160108,75.23590502650552,73.905083291719,74.5943832397461,13419600
2015-05-18,74.79228725933747,75.97979519825832,74.63532123052691,75.75457763671875,13716000
2015-05-19,75.83648878663558,76.12995272216196,75.10624204570185,75.45429992675781,8676900
2015-05-20,75.13351121748208,75.69314453151645,73.80951606062173,75.1881103515625,10335100
2015-05-21,75.0038666035123,76.07535018898268,74.94244125808632,75.90473175048828,8374000
2015-05-22,75.54982829281855,76.88748118141503,75.54982829281855,76.23912811279297,12079000
2015-05-26,76.08897063386861,76.11627019925749,74.75814936403388,74.91511535644531,16006900
2015-05-27,75.30416067124538,76.84655300070402,75.05847488025175,76.75100708007812,11722000
2015-05-28,76.44388308095064,77.41299451682042,76.31421140753804,77.01715850830078,8252400
2015-05-29,77.22188746240171,77.37203248474042,76.3346697159604,76.62130737304688,11343500
2015-06-01,77.23555949546034,78.32069555625573,76.88067540680781,77.85661315917969,11417600
2015-06-02,77.69961440541292,77.93847911201081,77.21505879864002,77.76103973388672,10189800
2015-06-03,77.98625454374438,78.43668961073612,77.71326927426361,78.24559783935547,7413400
2015-06-04,77.73374567985243,78.19782794567001,77.29696298341946,77.75421905517578,8637600
2015-06-05,77.67917331593208,77.993110661774,76.7919552291328,77.77471923828125,8435700
2015-06-08,77.77469649894186,78.32749848903153,77.48123262128152,77.59725189208984,10742900
2015-06-09,77.26966656389197,78.68921298859641,77.22189361723657,78.31385040283203,9566700
2015-06-10,78.49811497382099,80.48411574507271,78.35479613571941,80.30667114257812,11986000
2015-06-11,80.58648354535843,81.69208743958582,80.46363808968202,81.3030776977539,14474700
2015-06-12,81.22774643322504,81.33734030535214,79.9742991815429,80.59075164794922,9266000
2015-06-15,79.94691863055465,81.09077749218534,79.72773606290251,80.93324279785156,9605800
2015-06-16,81.00856725231706,81.81680380252239,80.42636415339406,81.55652618408203,8447800
2015-06-17,81.57020672882982,81.81678767695215,80.72772617751406,81.4263687133789,12078300
2015-06-18,81.63186873343001,83.41272738088006,81.52227485938457,83.02230834960938,13653000
2015-06-19,82.51543871240305,82.87845922661887,81.88528969807662,82.05652618408203,21020000
2015-06-22,82.72093406585304,83.47437891879845,82.5770960191245,83.21409606933594,8040700
2015-06-23,83.44014678776074,83.8374168422806,82.94698468224985,83.707275390625,8429200
2015-06-24,83.48807894052518,84.50180145848925,83.32369334124485,83.57027435302734,8354800
2015-06-25,83.89218744275597,83.98122854050155,82.0633776716229,82.35105895996094,8575000
2015-06-26,82.39900256937689,82.61133414858789,81.43322623995324,81.85104370117188,9730800
2015-06-29,80.74142253450738,81.60445585013477,78.97426604632903,79.08385467529297,12491100
2015-06-30,80.33731183965088,81.02910871870026,79.98798793874356,80.19347381591797,11345200
2015-07-01,80.89897986341322,81.23460197085001,79.04277666104521,79.4605941772461,10248500
2015-07-02,79.67975389042292,79.78934251166851,78.70713201433344,78.79617309570312,8832000
2015-07-06,78.39893248991974,79.75512811067534,78.16605331680849,79.22087097167969,13543300
2015-07-07,79.4194970766929,79.74142257523634,77.48794931115619,78.85784149169922,10183000
2015-07-08,78.25507321962334,78.36466707777456,76.99477520522098,77.35779571533203,9238800
2015-07-09,78.35782174656704,78.59755179622572,77.62492975148301,77.64547729492188,9007800
2015-07-10,78.68659979222917,78.76879519891463,77.53589022725087,77.90576171875,9703400
2015-07-13,78.76878725865173,78.84413173408741,78.29617286286843,78.46056365966797,9632800
2015-07-14,78.91946255945119,80.69346982252824,78.67973255440323,80.38524627685547,11295900
2015-07-15,81.54968149374542,82.00174843086455,80.28253224612139,80.40582275390625,10479200
2015-07-16,81.04966076555722,81.78255277048233,80.86472242067784,81.40583038330078,7514600
2015-07-17,81.33733869550001,81.40583225136207,80.28937213621266,81.00171661376953,8170100
2015-07-20,81.37158885593591,81.47432657783908,80.71403608141532,80.96061706542969,7218700
2015-07-21,80.96750074812135,81.49491232065665,80.08391940219478,80.6729736328125,6489100
2015-07-22,80.01538746736834,81.0976033468518,79.83730005316554,80.44005584716797,6977100
2015-07-23,80.72773876238465,81.23459735666384,80.42636083975857,80.59075164794922,6110300
2015-07-24,79.54963279760575,80.24142976233944,77.16602350091375,77.28246307373047,15067600
2015-07-27,77.14548611390006,77.31672265832685,73.97418719237663,75.71395111083984,14883600
2015-07-28,77.07010083144664,77.67285649331951,75.85089811643559,77.44682312011719,16439700
2015-07-29,81.08389308984731,81.82363590990003,78.8441223146972,79.25508880615234,23144800
2015-07-30,79.52906558622252,80.99484933369632,78.59753878259326,80.75511932373047,11977200
2015-07-31,81.48802791845947,81.50857546271247,80.22087884086449,80.72773742675781,9217900
2015-08-03,81.16612352946768,82.30998241279764,80.9469409576576,81.91956329345703,11660000
2015-08-04,81.9195481049515,82.44695949996527,81.20720357221164,81.41954040527344,7876400
2015-08-05,81.98804274657928,82.24147467453695,81.08391414036457,81.27570343017578,8071000
2015-08-06,81.81681903356427,81.84421750782539,78.63866917941895,78.97429656982422,10755300
2015-08-07,78.96057553116187,78.97427737782498,77.4879405582791,78.38522338867188,9670200
2015-08-10,79.26881007588203,80.22088468426,79.11812110608574,79.85101318359375,7776200
2015-08-11,78.8509928815975,80.03594664760519,78.54961494077531,79.18661499023438,6567700
2015-08-12,78.66604407361798,79.768807509884,77.77561744279679,79.62496948242188,6999600
2015-08-13,79.62499546342414,79.9400700872032,78.89210324109087,78.90579986572266,6337400
2015-08-14,78.5359029138598,79.36468686282984,78.46055844343317,79.17974853515625,5533400
2015-08-17,78.82358420191946,80.06333474671466,78.77563819261034,79.74140930175781,7126700
2015-08-18,79.81674331024992,80.61812874320644,79.44687190448788,80.17976379394531,5934000
2015-08-19,79.89895023243128,80.275667388922,79.04276775078439,79.59757232666016,7504800
2015-08-20,78.67291212059477,79.51539292563724,76.95369588833951,76.98109436035156,9200200
2015-08-21,75.71393085821984,76.17969434350324,72.1453628540039,72.1453628540039,22739400
2015-08-24,66.65209712971254,69.17954967625478,58.90535913027634,68.94667053222656,25731800
2015-08-25,72.21385909230456,73.90567659769556,70.24806213378906,70.24806213378906,18482500
2015-08-26,72.54946596428817,73.3577023073596,70.17955385935184,73.26181030273438,15627600
2015-08-27,74.2686859198629,75.0700713878298,72.37823372750903,73.9673080444336,14610300
2015-08-28,73.26183076173479,74.51528331958785,73.13854026054065,73.823486328125,10755900
2015-08-31,73.57689181558135,74.20019513097985,71.66589201083109,71.96726989746094,11736900
2015-09-01,70.01517242532928,71.67274028919437,69.17953757102896,69.5151596069336,13548000
2015-09-02,70.85084063419825,71.43989481779465,69.19326676427171,71.41934204101562,11509300
2015-09-03,71.86454035181565,71.91933729154482,69.65216747391918,69.8028564453125,9928100
2015-09-04,69.20009270732025,70.7138227219339,68.87132155769982,69.90558624267578,10336500
2015-09-08,71.1247989335717,71.88508950571793,70.4878040914359,71.85084533691406,9992600
2015-09-09,72.7412923861884,72.91252895510667,70.91933801027527,71.11112213134766,7896500
2015-09-10,71.234375,74.31663161057692,71.14533391251014,73.46044921875,10368500
2015-09-11,73.19332398296366,75.13172225836757,72.77550653912826,75.09062194824219,9387600
2015-09-14,75.27629042234358,75.38631058942828,74.54051252080671,75.19377136230469,7505800
2015-09-15,75.26941479876245,76.88537507104945,74.8499520785717,76.3627700805664,7944100
2015-09-16,76.13583898712321,76.84411048597518,75.28316307798782,76.34900665283203,8116000
2015-09-17,76.24585156926412,77.91682421691169,75.4688168922081,76.74783325195312,9858400
2015-09-18,75.37945050803235,76.23900451983863,74.4098710644902,74.56803131103516,13156900
2015-09-21,75.03564066287744,75.20755149218051,71.92061202901179,72.7114028930664,15141600
2015-09-22,71.50801897288429,73.60533295088986,70.73098400128467,73.24088287353516,14843500
2015-09-23,73.2133516827168,73.47465413630921,71.99622062426054,72.53945922851562,7973100
2015-09-24,71.78307031440501,72.30568059415504,69.80265986746429,70.49030303955078,13464100
2015-09-25,71.53550379011229,71.64552919347253,68.20731403296496,68.8605728149414,15998900
2015-09-28,68.11790003333961,68.25543175311994,65.03038506087807,65.18854522705078,23907400
2015-09-29,65.38107989337368,67.21020704715738,64.08143539701996,66.01371002197266,18416500
2015-09-30,67.69158697978054,68.57176928934885,66.64636655244287,67.5196762084961,15811800
2015-10-01,67.76033541457303,67.93224614824723,66.25439570877141,67.57466888427734,13403600
2015-10-02,65.69740290297264,67.6021714162189,64.89286197389204,67.58154296875,19143500
2015-10-05,68.75743153805874,69.65824755918041,67.15522711534247,68.25545501708984,14536000
2015-10-06,67.95291364079965,68.00792636629605,65.36050059583368,67.0727310180664,14842700
2015-10-07,67.38214111344494,69.3075437551913,67.04519748734438,68.94996643066406,12457700
2015-10-08,68.78495107368462,69.56199127688186,67.43717097996117,69.3213119506836,11833100
2015-10-09,69.63763922712653,70.00209460680432,68.38612854930597,69.2113037109375,8622200
2015-10-12,69.50696764983206,69.60323726668027,68.33797120106016,68.4273681640625,8863800
2015-10-13,68.01478006920337,68.64053254860255,67.38902234350378,67.5196762084961,9411200
2015-10-14,67.6434531207933,68.72305256972379,67.46466444719002,67.6572036743164,9575800
2015-10-15,67.45090897074024,69.92642832080614,67.11396532165368,69.89204406738281,9462400
2015-10-16,70.10520554743454,71.08166264749411,69.80264617853582,70.71033477783203,9975800
2015-10-19,70.57970455151535,71.40487437393641,70.02958783903345,71.24671936035156,7636900
2015-10-20,71.12290255420585,71.48047453974394,69.54132184800952,69.90577697753906,10164800
2015-10-21,70.68285683763555,70.77224857973876,68.33111796413175,69.9539566040039,9837500
2015-10-22,70.13960161371624,75.24191255042534,69.03937361805538,73.99040222167969,24746600
2015-10-23,74.58176852950436,75.40006548122554,72.54634562309491,74.25857543945312,15001300
2015-10-26,74.71244049537316,75.88830982856757,73.88039278871403,74.69868469238281,10906500
2015-10-27,75.22127341553613,76.40402031031131,74.73992537524398,76.30087280273438,15787000
2015-10-28,74.95310218894411,75.09750661865112,72.84891586135515,74.35485076904297,17795600
2015-10-29,74.38923209587315,76.17022523844379,74.05228843982206,75.09750366210938,10783300
2015-10-30,75.31067431303278,75.54447570848755,74.32047175985605,74.35485076904297,8545000
2015-11-02,74.78807438063856,75.60636620451909,74.48550969997282,75.36569213867188,8362000
2015-11-03,75.22814558537912,75.32441518610527,74.485489882949,75.0218505859375,7458600
2015-11-04,75.36568167196802,75.45507863136817,73.78410571154733,74.93934631347656,8081800
2015-11-05,74.49238879824452,74.53364571125262,72.92456314832178,74.14856719970703,10182100
2015-11-06,73.57779799638601,74.49923706054688,73.13770691405551,74.49923706054688,8565900
2015-11-09,74.26546905426983,74.6299191278131,73.63283853995694,74.34111022949219,8142200
2015-11-10,74.33421277999727,75.20752239288517,74.22419261988942,74.84994506835938,8571300
2015-11-11,74.89122805134997,75.11127367907572,73.59845539794726,73.70848083496094,6056800
2015-11-12,73.53658577142365,73.64660598569537,71.62493798751576,71.6730728149414,8010900
2015-11-13,71.57677041821485,71.63866102758894,70.22211786781294,70.53155517578125,10848400
2015-11-16,70.75847148533715,71.51487779739573,69.89203976613543,71.38422393798828,7344200
2015-11-17,71.82429791747931,72.12686246855002,71.17103926908459,71.87931060791016,6921800
2015-11-18,71.85183016151991,74.41674137966072,71.82432380638988,74.35485076904297,8246800
2015-11-19,74.26546983094204,74.29985409142144,73.0345878032619,73.24088287353516,7019600
2015-11-20,73.81160883724213,74.2448273537523,73.1789784357708,73.2614974975586,7113200
2015-11-23,73.37151432899509,74.02477840091906,72.84203146727177,73.1377182006836,5481700
2015-11-24,72.7182602295777,73.44028760697321,72.54634944889312,73.2821273803711,6547100
2015-11-25,73.28211880813774,74.31358337158885,73.10333014817553,74.11416625976562,5720500
2015-11-27,74.36171149209797,74.6986550835815,74.00413945060724,74.26544189453125,2749200
2015-11-30,74.40985247435691,74.47861572886173,72.67699432785543,72.86265563964844,9837800
2015-12-01,73.1308470222833,73.83911861835887,71.96185578068494,72.78702545166016,10659500
2015-12-02,72.20250694710268,72.59446320353497,71.72115899930832,71.81742858886719,8850500
2015-12-03,71.73489001167673,71.92055124203092,69.10809496993508,69.71321868896484,13772400
2015-12-04,69.75453416744999,71.62492467926643,69.62388026886963,71.56303405761719,8738300
2015-12-07,71.59052763968654,71.61803399480982,70.31151098110853,70.7653579711914,5956100
2015-12-08,70.18774529556272,71.56303177553558,69.95394911219209,71.19170379638672,6675600
2015-12-09,70.99913971932507,71.74179541811615,69.795764469845,70.1052017211914,7534900
2015-12-10,70.44905276955248,70.8685155950109,69.83705066282828,70.56595611572266,7653300
2015-12-11,69.69264682431756,70.4628092025611,68.53740588010326,68.78495788574219,9518900
2015-12-14,69.04045848296079,69.70344514021701,68.13575876351995,69.39957427978516,10251300
2015-12-15,70.2628564612841,71.13302897059964,70.05567604312863,70.42169952392578,11740300
2015-12-16,71.25734082698634,71.47142884426599,70.19379779745508,71.36783599853516,10950300
2015-12-17,71.99628844045368,72.3692194876711,70.67031489631431,70.69103240966797,7614400
2015-12-18,70.22141842961727,70.4355064332447,69.69655190861543,70.16616821289062,15768500
2015-12-21,70.58744668732392,71.31259134148077,70.18689049228583,70.87750244140625,8306500
2015-12-22,71.12610117617207,71.50593973834269,70.7807953083622,71.03632354736328,7151200
2015-12-23,71.54047903556739,71.54047903556739,70.91893258552636,71.22970581054688,7279900
2015-12-24,71.37476437068975,71.75460315929122,71.23664404880878,71.53360748291016,2656900
2015-12-28,71.13302008396086,71.34710806999414,70.10400990950866,70.2214126586914,5270900
2015-12-29,70.6150429426551,71.51284021723173,70.14542679839097,71.38162231445312,7647300
2015-12-30,71.02251317553723,71.16754628652237,70.46311931783654,70.55290222167969,4876300
2015-12-31,70.69103313645552,70.73246816358885,69.86920330530754,69.88301849365234,6245200
2016-01-04,68.90235531709251,69.06119839173208,66.99627003512565,67.68688201904297,14904400
2016-01-05,68.84710371603195,68.95759888293645,68.1633941243167,68.55014038085938,9260800
2016-01-06,67.38299146643237,69.53079453339329,67.3484587696974,69.26836395263672,12540700
2016-01-07,67.72140329091677,68.3705801827567,66.31946193424187,66.47139739990234,12944600
2016-01-08,66.92028316499892,67.67304748318082,66.58188486492311,66.60950469970703,11976000
2016-01-11,67.14128433963178,67.14128433963178,65.11779142526302,66.64404296875,12322500
2016-01-12,66.9202979936015,68.01836844834713,65.75316212974275,67.05841827392578,9830100
2016-01-13,67.16200285166549,67.70067925515579,63.61916593482134,63.90922164916992,12135700
2016-01-14,64.03353462336275,65.52525355052224,62.70065347865265,64.24071502685547,16303200
2016-01-15,62.41058263922897,64.0749541340683,61.93405886937345,63.425777435302734,18108300
2016-01-19,64.32359498024199,64.37884519939769,61.360869157141785,62.08601379394531,14373700
2016-01-20,60.77381622217335,63.41885971548136,59.585963516617376,62.53487777709961,19676300
2016-01-21,62.4105973836238,62.56943516513463,61.26417913572608,61.37467956542969,12158300
2016-01-22,62.431324191667194,63.58464493641374,61.954800238289344,63.41889953613281,9160700
2016-01-25,63.211701354782555,64.59983263908684,62.45202937877258,62.57633972167969,10188400
2016-01-26,62.652306221693166,64.1094976082552,62.32771781772672,63.68131637573242,6889200
2016-01-27,63.425783728851535,63.60534426804103,61.46444879091159,61.899532318115234,12520300
2016-01-28,62.155092614383385,62.30702812825095,59.98657091579776,60.44927978515625,14168300
2016-01-29,58.20477562490009,58.90920278051144,56.85808439939479,57.32079315185547,37029000
2016-02-01,56.85118306335858,58.37052744755457,56.82355794941571,58.04594421386719,17943600
2016-02-02,58.13571432845882,58.16333943881216,56.55421232614983,57.120513916015625,16895600
2016-02-03,58.63986920589002,60.07633820452216,57.92163207209817,59.66197204589844,24497700
2016-02-04,59.40644102482547,60.394016380674486,59.12329284895478,59.862247467041016,14538700
2016-02-05,59.86223364657529,60.78765096985574,58.32216694704351,58.79869079589844,15732800
2016-02-08,58.14260689246783,59.8415112228706,57.91470374268279,58.881561279296875,19111300
2016-02-09,58.149514070758734,61.10533713377055,58.08045394143909,60.255882263183594,14322700
2016-02-10,61.250371098206344,62.05147816236695,60.45616635940141,60.63572692871094,13462300
2016-02-11,59.73792156640132,61.084612488352924,59.39952325479937,60.33184814453125,13013400
2016-02-12,61.22964184060782,62.0721837711084,59.86222822250917,61.76831817626953,11311700
2016-02-16,62.65229365810094,63.039034520278406,62.07908468812429,62.949256896972656,12278000
2016-02-17,62.90784869199047,63.19100215972653,61.22966647971274,61.71309280395508,22772800
2016-02-18,61.87883908274142,62.8111643033296,61.416130270376065,61.45756530761719,11427500
2016-02-19,60.91196526576524,61.450646954168995,60.16610844518785,60.38710403442383,12897800
2016-02-22,61.015568380765416,61.80977322459234,60.80838794473535,61.53352737426758,9749400
2016-02-23,61.53349983837875,61.740685450645785,60.7047679272086,61.015541076660156,8394500
2016-02-24,60.36640142288587,61.83740318289622,59.93822005787711,61.71309280395508,8338400
2016-02-25,62.155071160856,62.49346951742558,61.84429791263198,62.26557159423828,9171500
2016-02-26,62.57637567229689,62.79046378126266,60.69790953092949,60.84293746948242,13349700
2016-02-29,60.68406349528557,61.561138202440276,60.255882263183594,60.255882263183594,12732500
2016-03-01,60.70479062745599,61.96170414848489,60.29042451692082,61.94098663330078,11746100
2016-03-02,61.87884533368275,61.93409556822013,60.74624187042822,61.326358795166016,10557200
2016-03-03,61.55424847326775,61.67855884970085,60.414742836407875,60.656455993652344,12374600
2016-03-04,60.98102198730997,61.53350824727406,59.97963174977244,60.22825241088867,21201900
2016-03-07,60.159209367353355,62.18270265825493,60.00036629528342,61.91336441040039,13100600
2016-03-08,61.91335669732168,62.43131561235401,61.01555913701875,61.229652404785156,11056800
2016-03-09,61.42303577016455,61.6371238138737,60.38021012725081,60.656455993652344,10428100
2016-03-10,60.98104526547525,62.08602347615412,60.649549167795726,61.215850830078125,10884500
2016-03-11,62.13436003092082,62.141267625954605,61.326345287357185,61.91336441040039,10581000
2016-03-14,62.454629940203795,63.29429710741185,61.9966267793569,62.773841857910156,11004900
2016-03-15,62.39910166817567,62.50319375730265,61.78149531219081,62.06601333618164,10265100
2016-03-16,61.73291733262993,63.065281197986465,61.69822350048598,62.64891815185547,8860200
2016-03-17,62.30889732668812,62.71138395294929,61.62883353423498,62.12847137451172,10549300
2016-03-18,62.468482755981675,62.961184864577675,62.13539448729834,62.6419677734375,16824300
2016-03-21,62.45464474288026,64.54340712169787,62.45464474288026,64.30746459960938,9816900
2016-03-22,63.93966757080084,65.20263887790824,63.8772154765374,65.03609466552734,9830800
2016-03-23,63.12082039185862,63.995186809348375,62.43382085386074,62.510154724121094,13891900
2016-03-24,62.18399107227584,64.4115388130556,62.06602249122466,63.370628356933594,14396500
2016-03-28,63.89107638195158,65.4455010054324,63.80086605855523,64.16171264648438,9606800
2016-03-29,63.974372390760934,64.00906623698503,62.877945198645165,63.98130798339844,8664500
2016-03-30,64.1686789294553,64.93201242114951,63.53719053270322,63.82170867919922,8125200
2016-03-31,63.773096679449964,64.36294470956392,63.52327781821582,63.745338439941406,13656300
2016-04-01,63.38451609151578,65.49409562593637,63.17633713992238,65.31367492675781,11423000
2016-04-04,65.47326072999923,65.92432294586602,65.05689764394674,65.39692687988281,8804800
2016-04-05,64.91811300875621,67.09708498710926,64.88341387824948,66.31986999511719,11808600
2016-04-06,66.2643368586731,67.65915790403375,66.25740126978916,67.61752319335938,11118800
2016-04-07,67.45793159039673,67.74938522701476,65.98677634302231,66.31986999511719,13333100
2016-04-08,66.76399984488032,67.62448438881711,66.32681933422943,66.68072509765625,9722900
2016-04-11,66.90279185042044,67.34691325197241,66.43784779106737,66.50030517578125,8796300
2016-04-12,66.61827519345937,67.58979276556629,66.2713050101601,67.478759765625,9224800
2016-04-13,67.89511057062863,67.985326190249,67.06932528481377,67.44405364990234,9299000
2016-04-14,67.31916578906574,68.54049719185399,67.24283191459827,68.13801574707031,8743400
2016-04-15,68.37392636604459,68.6862026294863,67.7424435435023,68.20738220214844,8910600
2016-04-18,68.12411716355946,69.20666761873399,68.08248244024884,68.83887481689453,8067800
2016-04-19,69.22746221988311,69.90058492859923,68.86661042201717,69.00540161132812,9811700
2016-04-20,68.94295615113391,70.06020026978058,68.94295615113391,69.47035217285156,8864100
2016-04-21,69.3246235841803,70.67086390493881,69.3246235841803,70.60147094726562,9038200
2016-04-22,70.476592780026,71.09419937776677,69.74101757245735,70.73335266113281,10301900
2016-04-25,70.6708703877901,71.04559874681226,70.43493325118936,70.98314666748047,8292300
2016-04-26,70.79579370627512,71.54525057110186,70.09491774956838,70.31697845458984,9342600
2016-04-27,70.29616345367587,70.62925187523211,69.49813094824884,69.8936767578125,8585800
2016-04-28,69.67853328664354,69.91447039731999,67.17340891139062,67.31219482421875,15680300
2016-04-29,63.28042718754311,64.21030478839027,60.92796963957558,61.21248245239258,33629200
2016-05-02,61.55251217066059,62.07296747749598,60.19933049062664,61.76069641113281,13524000
2016-05-03,61.5316787751076,61.84395505446099,60.37279986444411,60.49076843261719,9881800
2016-05-04,60.136882825655505,60.365879153831976,59.26945725035592,59.401302337646484,12187800
2016-05-05,59.921751567922804,59.95645070513203,59.12371906121581,59.581722259521484,8035800
2016-05-06,59.44987413228117,59.56784273228729,58.31875316084652,58.762874603271484,9271300
2016-05-09,58.977983824386435,59.99807689881415,58.77674050476141,59.44986343383789,8469000
2016-05-10,59.96341498628267,60.01199062072045,58.908622217995074,59.80380630493164,6840000
2016-05-11,59.94951751739611,59.95645840459829,58.15914981212373,58.22160720825195,8445700
2016-05-12,58.36038135668619,58.4991726008686,56.69492348690963,57.430503845214844,12095700
2016-05-13,57.36110203025395,58.20076907436232,57.18761697252056,57.38885498046875,8332900
2016-05-16,57.38886316838044,58.17301912959425,57.25007722013007,58.02035140991211,6508100
2016-05-17,57.944018212828205,58.11056241150248,57.215378740318265,57.430503845214844,8379200
2016-05-18,57.416608412397075,57.902369709940594,57.132095694620794,57.51375961303711,7475100
2016-05-19,57.118243277551514,57.31254577867735,56.40348537940457,57.000274658203125,9272400
2016-05-20,57.02107240554571,57.65256061125022,56.9516794353575,57.347225189208984,7953000
2016-05-23,57.61090949710314,58.31179053799769,57.07657790579396,57.82603454589844,7782700
2016-05-24,58.13830814125548,59.98419158381765,58.08973253983771,59.83152389526367,13171300
2016-05-25,60.23403450796108,60.372820483287875,59.470695760626946,60.03279113769531,11621400
2016-05-26,59.98419720634571,60.025831927365374,59.01962067753441,59.18616485595703,8126000
2016-05-27,59.55397033691406,59.69275631180852,59.12372534378831,59.55397033691406,6125900
2016-05-31,59.95644610093663,60.53241785057142,59.713568042158286,60.41444396972656,12517800
2016-06-01,60.53239142615613,60.58096701670693,59.893962571905554,60.081329345703125,7451800
2016-06-02,60.15767995474438,60.42137533496139,59.58170829586494,60.178497314453125,7281100
2016-06-03,60.26873431388138,60.35894997167519,59.36661479636613,59.78297805786133,7443800
2016-06-06,59.796815707147246,60.97651702535947,59.74824011309009,60.78915023803711,8596700
2016-06-07,60.74753440084169,61.23329049233247,60.303413033094586,60.71977615356445,7923800
2016-06-08,60.73366147477908,61.12920729098112,60.247905312546784,60.664268493652344,7331600
2016-06-09,60.317281255801795,60.546282793744375,59.435979526309474,59.519248962402344,8083700
2016-06-10,58.97105670916386,59.10290178319298,58.34650929889821,58.60326385498047,8075200
2016-06-13,58.31178962537427,58.85306209219732,58.22157931235148,58.277095794677734,8194100
2016-06-14,58.270135982523506,59.009850975103156,57.760706103766395,58.31898498535156,7488700
2016-06-15,58.6539569448807,58.92611645205981,57.90028200616516,57.94913101196289,7416100
2016-06-16,57.76768121736138,58.40969815053245,57.383869177030256,58.2771110534668,6172200
2016-06-17,58.3957558068626,58.737698869652,57.59323181023458,57.67697525024414,15951300
2016-06-20,58.10265172313952,58.70279962925158,57.851426770620904,57.91423034667969,6951800
2016-06-21,58.165462229426325,58.22827113711033,56.82559920578115,57.07682418823242,8412000
2016-06-22,56.916297924123405,58.472496296295304,56.916297924123405,57.53738021850586,10069600
2016-06-23,58.12357627161638,58.32595218885988,57.60019193106481,58.179405212402344,5844000
2016-06-24,56.64414485957276,57.39781963531362,55.98119344936847,56.15565490722656,12438000
2016-06-27,55.757876608489504,56.15564847387041,54.376139677927114,54.60643005371094,11724000
2016-06-28,55.597406575319134,57.51648366325767,55.443879556420995,57.439720153808594,14751000
2016-06-29,58.19338225549993,58.24223126651431,57.0489151481834,57.41179275512695,10452600
2016-06-30,57.41178952205729,58.21431350708007,56.89538495982265,58.21431350708008,9706500
2016-07-01,58.025876876339126,59.526246347598395,57.74673750333775,59.21919250488281,8336300
2016-07-05,59.09359246188638,59.428560844653816,58.27711401682688,58.542293548583984,7621700
2016-07-06,58.367823931227946,59.95193692339678,58.15149343085554,59.826324462890625,9683800
2016-07-07,59.94496761492818,60.196192580534,59.15639829127691,59.644893646240234,6764500
2016-07-08,59.98683533362199,60.670726685703116,59.82633375169707,60.39856719970703,7628800
2016-07-11,60.40550888277914,60.87306944591033,60.07752062361957,60.189178466796875,7453900
2016-07-12,60.58698773403489,60.92893077326848,60.34972265656652,60.45439529418945,7857700
2016-07-13,60.5102022540628,60.76840708933705,59.819336476179146,59.84027099609375,8334400
2016-07-14,60.3148348529317,60.370663815224404,59.505330872116225,59.69375228881836,8104400
2016-07-15,59.78446525216486,61.38253322330901,59.69374718929625,60.4823112487793,11483300
2016-07-18,60.67072964520462,60.949863770714806,60.342741191173765,60.66374969482422,6788300
2016-07-19,60.363665853424195,60.68467430461481,59.5122930669815,59.62395095825195,9832800
2016-07-20,59.63792333479702,60.79635034388821,59.38669832858792,60.475341796875,9055900
2016-07-21,60.82426516768031,61.29182075025891,60.22411712992695,60.880088806152344,9453400
2016-07-22,60.93590622165927,61.01964964971265,60.2380602936402,60.39856719970703,7374700
2016-07-25,60.412524587950635,62.003612526039255,60.210148620507134,61.79426193237305,15718500
2016-07-26,58.65394318714977,58.72372670418651,56.18356835023349,56.56040573120117,47371900
2016-07-27,56.762790298097144,57.20941663012125,56.56739427266669,57.07682418823242,14103800
2016-07-28,57.1884707555176,57.209410605301976,56.26033973246597,56.69300079345703,13011000
2016-07-29,56.24638493318311,56.41386647765308,55.38803735915002,55.457820892333984,19465700
2016-08-01,55.695069379740985,56.67205452572252,55.485718842549694,56.1486701965332,14758000
2016-08-02,56.511552985185304,56.65809995847585,55.4438444812558,55.527587890625,13408200
2016-08-03,55.632272851173695,55.946301358743554,55.206586450335465,55.890472412109375,10868100
2016-08-04,55.97420239874431,56.267296312021735,55.5136270098998,55.66714859008789,9738300
2016-08-05,55.967236287725655,56.28825007112467,55.72997124902539,56.11378860473633,10692300
2016-08-08,56.14867867402885,56.37896909143586,55.1368042811433,55.6462287902832,9511600
2016-08-09,55.72998787729441,55.75790235914242,55.13681977941755,55.360130310058594,9578200
2016-08-10,55.429896974882425,55.5415495441346,54.746005688200306,55.06003952026367,12022200
2016-08-11,55.234493944043905,55.813707212864195,54.99024898855966,55.527587890625,8454700
2016-08-12,55.36709252049325,55.66716647788437,55.0391094116562,55.59040832519531,8434000
2016-08-15,55.74390222593215,55.89044915676443,55.42987384902573,55.58340072631836,7464800
2016-08-16,55.52760125942563,55.68810816832498,55.29731082132127,55.304290771484375,7969900
2016-08-17,55.450842194624215,56.43480760441929,55.33918960383567,56.31616973876953,10583800
2016-08-18,56.43479262617242,56.713926691130574,55.95327731307989,56.2393913269043,8994400
2016-08-19,56.218451235909015,56.651117512363406,55.98816618754278,56.52550506591797,8227900
2016-08-22,56.44875389058823,56.8953748364281,56.24637794260741,56.469688415527344,7522000
2016-08-23,56.84653567409855,56.97214816961199,56.539481724145105,56.853515625,8279400
2016-08-24,56.85352444460454,57.29316558503121,55.95330230779845,56.176612854003906,9699600
2016-08-25,56.14170637736552,56.52552379203003,55.33918776802704,55.883506774902344,9220100
2016-08-26,55.904418894269696,56.057945798597906,55.31822574357473,55.66714859008789,8928000
2016-08-29,55.583416030017126,55.61830512364648,54.17376460870324,54.550601959228516,15383500
2016-08-30,54.46688305646397,54.70414814360605,54.19472353926334,54.37615966796875,9174200
2016-08-31,54.250545437951246,54.850693411588985,54.13889284879246,54.697166442871094,9758500
2016-09-01,54.732047443077526,54.75298196564953,53.69225867025336,54.0272216796875,12403900
2016-09-02,54.16679752631118,54.26449552070127,53.503840765359726,53.65736770629883,7956200
2016-09-06,54.27846398909788,54.63436695927273,53.90860644078446,54.34824752807617,11648400
2016-09-07,54.69715901320169,54.99723295926067,54.376150542277934,54.585506439208984,8232700
2016-09-08,54.662272965572846,55.22752646505311,54.152843094135406,55.12284851074219,8549600
2016-09-09,54.75297187280144,55.129809182056604,54.46685791015625,54.46685791015625,10415200
2016-09-12,54.215644274857304,55.150755132132424,54.215644274857304,55.025142669677734,8896100
2016-09-13,54.89253899313072,54.89253899313072,54.08303551881057,54.47382736206055,9389600
2016-09-14,54.719578182406686,55.04253116005844,54.36854163847314,54.49491500854492,8311200
2016-09-15,54.5861946104383,55.604198669618874,54.24919709718761,55.3514518737793,10112800
2016-09-16,55.358472334376366,55.59718001453835,55.04956375987571,55.32337188720703,10307900
2016-09-19,55.40760787425971,55.82183378938976,55.33037940459805,55.45675277709961,7234200
2016-09-20,55.91309531264822,57.61913297857414,55.90607308260464,57.415531158447266,17560700
2016-09-21,57.59104893789877,57.60509339786962,56.629212329185556,57.3593635559082,13628800
2016-09-22,57.5489378451658,57.56999918296594,56.7977197773999,57.233001708984375,8213800
2016-09-23,57.25406655538495,57.56999732497703,57.02238113427452,57.12769317626953,7534500
2016-09-26,56.86793260165467,56.95920019481237,56.10969221476478,56.60114669799805,9036000
2016-09-27,55.68844239190309,56.095646106983224,55.21103243266265,55.63929748535156,13214300
2016-09-28,55.54801908569524,55.81480490410555,55.119754116410235,55.44270706176758,6854100
2016-09-29,55.57610732914134,55.70247534082532,54.58618171981014,54.66341018676758,7618600
2016-09-30,54.80381083659763,55.90606511509767,54.79679396394617,55.548011779785156,11031500
2016-10-03,55.20400338949337,55.442711017855075,54.2351444842889,54.78276062011719,10626200
2016-10-04,54.480865613740676,55.05656527940401,54.143873561660335,54.228118896484375,8219400
2016-10-05,54.30535902345685,54.76170765855681,54.200046975911754,54.459815979003906,7910200
2016-10-06,54.32640610846179,54.593197273099086,53.41371443411142,53.504981994628906,10168200
2016-10-07,53.673490106417795,53.69455680026106,52.59931904531208,52.82398223876953,11149200
2016-10-10,53.00651869070329,53.33649390248943,52.83802264763536,52.99949645996094,7161100
2016-10-11,52.753778003824685,52.852067819930305,51.64450110046903,51.82704162597656,11910000
2016-10-12,52.0797889490779,52.100850287553016,51.19517523837006,51.272403717041016,10014500
2016-10-13,50.752851798036524,51.904250953072626,50.69668467915884,51.2934455871582,10586100
2016-10-14,51.440892756788166,51.60237192370228,51.06177800321908,51.0758171081543,7359100
2016-10-17,50.92837470576623,51.57428056302183,50.76689556325645,50.99858093261719,8181400
2016-10-18,51.532154711749556,51.83404628929408,51.18814047197743,51.53917694091797,6353500
2016-10-19,51.60235880313998,51.89722813933831,51.4689632364064,51.49002456665039,6326400
2016-10-20,51.349626773243,52.522087579955524,51.321543206110675,52.171051025390625,10351400
2016-10-21,52.02360591724286,52.61334999636353,51.79894278148062,52.15700149536133,8256500
2016-10-24,52.3114702039937,52.50102759151227,51.770870896505535,52.05872344970703,7404000
2016-10-25,51.98149156029172,52.43081790362278,51.89022398806253,52.24126052856445,6140800
2016-10-26,52.311452667259985,53.21712734043943,52.13593444431182,52.9222526550293,8333000
2016-10-27,53.30840355597669,53.610295162790514,53.104801741484394,53.238197326660156,9596400
2016-10-28,52.4799652355493,52.50102657193203,51.41281645981316,51.86915969848633,13160000
2016-10-31,52.016590815034874,52.26232067289999,51.63747607355834,51.69363784790039,8457000
2016-11-01,51.69364575198448,52.15701661680562,51.2934642579995,52.002559661865234,10741600
2016-11-02,51.95340545501167,52.199129950074486,50.86519009008628,50.907318115234375,14620000
2016-11-03,50.78095312530177,51.20219595149114,50.324604498432805,50.38077163696289,9286200
2016-11-04,50.212257708316066,51.45492989574891,50.120990148243706,50.85114669799805,11779500
2016-11-07,51.58833164725424,52.45187852556292,51.28644001227332,51.953407287597656,9513500
2016-11-08,51.904277858264955,52.41679371000769,51.454951387112395,51.98150634765625,7449600
2016-11-09,53.9192177937537,56.1658496366631,53.88411199517366,55.091678619384766,26693700
2016-11-10,55.927134776210096,56.16583701244501,54.01749546076431,54.649356842041016,16651800
2016-11-11,54.3966481765903,54.417709521097755,52.85910575080788,53.65244674682617,12949600
2016-11-14,54.08771899355354,54.15090300934313,53.40670714483457,53.884117126464844,8832800
2016-11-15,54.08070057313627,54.136867717614194,52.65549275946962,53.60329055786133,8560100
2016-11-16,53.41372252271685,53.97537778666447,53.05566374334012,53.3575553894043,8415000
2016-11-17,53.16098819230916,53.371606956821815,52.550182526795275,53.06269836425781,9413500
2016-11-18,53.0697127391377,53.17502479462772,52.128937184585844,52.38870620727539,8194300
2016-11-21,52.416778176217825,52.78887604770734,52.269338117332865,52.641441345214844,6810600
2016-11-22,52.69761001493424,52.96440124554401,51.96745328106475,52.2763671875,6019600
2016-11-23,51.848106187973364,52.90121601720665,51.784922169288286,52.86611557006836,6849200
2016-11-25,52.985451134387205,53.04161826094671,52.56420839797489,52.96438980102539,3068600
2016-11-28,52.8661041924117,52.96439399347506,52.10786399301506,52.33252716064453,9338900
2016-11-29,52.437839431928374,52.93631066999803,52.15700913200946,52.564212799072266,7160700
2016-11-30,52.65546030716751,52.71162741702886,51.66553508232536,51.74276351928711,10627300
2016-12-01,51.93234981144801,51.97447248481971,51.05475840691872,51.13900375366211,8270200
2016-12-02,51.27943025227751,51.67258955385755,50.66160772745263,50.84414291381836,9227900
2016-12-05,51.10390890235641,51.23028229269026,50.500125521471716,50.80201721191406,9985900
2016-12-06,51.01965060531752,51.01965060531752,50.514157119129806,50.87923812866211,8723900
2016-12-07,50.39480496974653,51.18112874990047,50.233331160463756,51.09687805175781,13061000
2016-12-08,50.87221495702548,50.97050476014492,49.727837759910535,50.56330108642578,12333500
2016-12-09,50.78796371351286,51.34260208595675,50.514155642563566,51.04071044921875,9936300
2016-12-12,50.9424211955294,51.728744976900224,50.64052955554165,51.5813102722168,9475900
2016-12-13,51.870997271001094,53.60921548966069,51.8639298312077,52.88142013549805,12693000
2016-12-14,52.89556690752285,53.92719232333892,52.89556690752285,53.49617004394531,11822800
2016-12-15,53.55977362797137,53.69402268749829,52.93090603008942,53.38312530517578,9448800
2016-12-16,52.59176254248738,52.966256292780315,52.24553318346504,52.358585357666016,14437500
2016-12-19,52.0123320408459,53.206476415297935,51.96993816890808,52.57054138183594,8212200
2016-12-20,52.64827065850447,52.73305840815231,51.88514856639814,52.323238372802734,8452000
2016-12-21,52.30910487358601,52.87438171032279,51.977005136319114,52.2596435546875,7018700
2016-12-22,52.061792688202125,52.11125400178901,51.52478029005964,51.79328918457031,8413800
2016-12-23,51.79328445576219,52.210171862092174,51.73675570514438,52.03352355957031,5307600
2016-12-27,51.94873667117151,52.85318061701863,51.94167461965512,52.09712600708008,6632900
2016-12-28,52.01233390743421,52.07592471762305,51.3128080409613,51.418792724609375,6387600
2016-12-29,51.41878723134731,51.475315983839856,50.83231894459246,50.96656799316406,7533600
2016-12-30,50.895911858507816,51.05843068094347,50.38010179554007,50.599143981933594,9220900
2017-01-03,51.11495409992898,52.450420327708194,51.001901981012765,52.40095901489258,10953700
2017-01-04,52.66240399651872,54.39356102018776,52.556413910844334,53.969600677490234,14914200
2017-01-05,54.2946249095343,54.301692351762426,53.39725381820258,53.70815658569336,9413100
2017-01-06,54.01905384374951,54.0543856639337,53.28420158000409,53.34072494506836,8980000
2017-01-09,53.65163942493051,53.76469157061911,53.18528517290488,53.588043212890625,10165300
2017-01-10,54.02612602524747,54.054390405698456,52.945039079674196,53.00156784057617,8869800
2017-01-11,53.361935272990074,53.383137604949034,51.58838958492049,52.125396728515625,14165700
2017-01-12,51.95579765197393,52.06178771120736,51.53184280591856,51.83567810058594,7057700
2017-01-13,52.02645831151627,52.132448375673725,51.5813065111093,51.630767822265625,8269100
2017-01-17,51.524789795956174,51.524789795956174,50.6839473098507,50.811134338378906,11706600
2017-01-18,51.044293680121676,51.2068124958181,50.52141619676202,50.96656799316406,9910000
2017-01-19,50.74753303811026,51.05136838740056,50.330645558624155,50.570884704589844,9810900
2017-01-20,50.853522735351234,50.87471967267417,49.871358439607455,50.175193786621094,10270300
2017-01-23,50.07626842879908,50.373036316940926,49.67351046892688,49.94908142089844,9657600
2017-01-24,49.885482524436306,50.1539914104201,49.306076273298906,49.63817596435547,10912800
2017-01-25,50.04094472371372,51.114964327267536,49.97028646139358,50.811134338378906,14001600
2017-01-26,50.71927995509195,50.76874128385955,50.27412799618357,50.32358932495117,8580100
2017-01-27,50.47196818984472,50.994845811028526,50.281190338493865,50.35184860229492,6939700
2017-01-30,50.168124068397184,50.64154028340067,49.99147574421269,50.52848815917969,7242500
2017-01-31,50.259973711036274,51.28453711279293,50.16105109167748,51.19267654418945,10365500
2017-02-01,51.38347000754877,51.49652214190421,50.9171158022739,51.45412826538086,7441800
2017-02-02,51.30575041395248,51.461201834215245,50.71927656146302,51.05137634277344,8814200
2017-02-03,51.39759813146387,51.40466557432237,50.712201727932204,51.114959716796875,8034300
2017-02-06,50.88886135199604,51.348148203854315,50.47904122024119,51.15030288696289,7635000
2017-02-07,51.27039506082922,51.793277851048,51.164410405534035,51.673152923583984,13325400
2017-02-08,47.53252363336855,47.53252363336855,46.45850430878692,47.22162628173828,51547400
2017-02-09,46.87539632306938,47.19336653845013,46.197067410821056,46.34545135498047,23070600
2017-02-10,46.52916988740242,47.18630190255145,46.232401981433,46.88953399658203,16208400
2017-02-13,47.20750697372483,47.89997093117585,46.988464727894524,47.801048278808594,15885100
2017-02-14,48.4723046388211,48.52176595963183,47.57493342100368,47.730384826660156,14972600
2017-02-15,47.83636681055178,49.447404149001805,47.80810782101488,49.32021713256836,16656600
2017-02-16,49.46153411275922,49.93495035974171,48.93865654729914,49.68057632446289,10965500
2017-02-17,49.58870681532913,50.01972906229918,49.25660717675767,49.35552978515625,11186900
2017-02-21,49.461534760210306,49.461534760210306,48.63482183017214,48.95985412597656,11190400
2017-02-22,48.83267195630464,49.270761819833204,48.51470707190616,48.63482666015625,10073400
2017-02-23,48.57122307046698,49.129432437450035,48.352180867416614,49.016380310058594,7529100
2017-02-24,48.98105383197991,49.510998877215215,48.7902759876823,49.41914367675781,7382400
2017-02-27,49.33434331230076,49.84309134384904,49.32021381848175,49.81482696533203,6354200
2017-02-28,49.72296782494065,50.125725752747435,49.46859382939127,49.80069351196289,8828800
2017-03-01,50.040927354141395,50.161046897479245,49.4756506700322,49.59577560424805,9629400
2017-03-02,49.46154300477646,50.09041076313819,49.46154300477646,49.836036682128906,8672900
2017-03-03,49.93494039427422,50.0338630114875,49.616975609071304,49.98440170288086,6620900
2017-03-06,49.85721156360033,49.88547593685982,49.249541015716346,49.54631423950195,7335900
2017-03-07,49.17181611885452,49.43325753250347,48.59947737616362,48.76905822753906,9044200
2017-03-08,48.76905866076442,49.46152234558904,48.6701360473435,49.249542236328125,7377200
2017-03-09,48.90333914540162,48.93160353442108,47.91410709324434,48.32393264770508,13597000
2017-03-10,48.45110545913937,48.47936983984964,47.659718971890086,48.18260192871094,14480500
2017-03-13,48.27445851354069,48.29565545196417,47.71624910791077,48.1190071105957,8493500
2017-03-14,47.99795803270545,48.48925517304871,47.99083620969779,48.2542839050293,6109500
2017-03-15,48.39669712356499,48.973439889639096,48.14036579811878,48.75271224975586,8312600
2017-03-16,48.944958964486645,48.973440827010236,48.56758379267876,48.802555084228516,6855000
2017-03-17,48.95920757349316,49.756678075530694,48.59607057996657,49.172813415527344,18241000
2017-03-20,49.087357113247165,49.279602851109495,48.8737459090814,48.923587799072266,6287400
2017-03-21,48.98767339085456,49.1870409510524,48.01219019147671,48.23291778564453,8691500
2017-03-22,48.275659917167474,48.45366750471992,48.06917046372338,48.297019958496094,5402800
2017-03-23,48.14035813948046,48.36108574424819,47.89114867726547,48.05491256713867,6174900
2017-03-24,48.1118767171063,48.32548793371303,47.84842360760585,48.069156646728516,6037800
2017-03-27,47.78435087132923,48.28989170074669,47.68466707016859,48.062042236328125,5455300
2017-03-28,48.02644264794195,48.04780812060749,47.56362728836568,47.7772331237793,8509100
2017-03-29,47.77723160313449,48.111886710227374,47.641949541386325,47.89115905761719,7224700
2017-03-30,47.96236069566707,48.2614121132435,47.77723129948929,48.083404541015625,5198700
2017-03-31,47.96948203295449,48.65303045149155,47.96948203295449,48.3610954284668,8876500
2017-04-03,48.31125586085364,48.43229971082404,47.52802359961664,47.7772331237793,8446700
2017-04-04,47.73450397752667,47.80570590914201,47.45681264157541,47.6917839050293,5895000
2017-04-05,47.6917883755676,47.798588566822275,47.27880952818391,47.328651428222656,7113600
2017-04-06,47.30017740618631,47.563630597119726,47.15777350600427,47.33578109741211,8716000
2017-04-07,47.293039735224944,47.59209108482193,47.186234129694945,47.40696716308594,7618900
2017-04-10,47.392736483809664,47.87691731996032,47.271692632862056,47.293052673339844,6549600
2017-04-11,47.3001709489848,47.371372889355655,46.8729538743998,47.008235931396484,7329400
2017-04-12,47.22896997543606,47.25745183863942,46.844472970730585,47.1506462097168,7819100
2017-04-13,47.122160679137146,47.57785959020537,47.058075133827174,47.35713195800781,6098400
2017-04-17,47.570743966364034,47.81283710012123,47.42121825096705,47.4924201965332,5684300
2017-04-18,47.41409546888028,47.61346851774224,46.78038893113078,47.036720275878906,7358100
2017-04-19,47.12929069500225,47.278816416905,46.91567941664948,47.1933708190918,5343100
2017-04-20,47.250326121394885,47.471053752583394,47.107922249471876,47.35000991821289,6380400
2017-04-21,47.37848015278889,47.47816392514533,46.81597576171571,46.94414138793945,7241800
2017-04-24,47.342894269471095,47.342894269471095,46.78751149123386,47.1720085144043,9117100
2017-04-25,47.42120703810558,48.08339529677917,47.392725180141674,47.791465759277344,9007000
2017-04-26,47.997956698529514,48.84526891267375,47.898267476271066,48.57469940185547,15156300
2017-04-27,48.53910060538448,48.95920127569191,48.45366045250544,48.83103561401367,6734700
2017-04-28,49.00904089993258,49.101602872040004,48.58894024913244,48.80967330932617,6257500
2017-05-01,48.802541555003465,48.99478728329284,48.45364834244067,48.496368408203125,5372600
2017-05-02,48.62454042050742,49.244008617168575,48.53197845508593,48.8381462097168,12987200
2017-05-03,47.78433930741571,48.11899431562195,47.18623121283557,47.85554122924805,13591200
2017-05-04,48.00507500586614,48.823910826186676,47.94099489509742,48.47501754760742,8702900
2017-05-05,48.489263489440546,48.73847301385792,48.06916821004557,48.275657653808594,5788800
2017-05-08,48.26139815928662,48.28988001449124,47.76297927410185,47.85554122924805,7126900
2017-05-09,47.86267423788527,48.24004940092158,47.77722865230058,48.14036560058594,5557400
2017-05-10,48.197325587350406,48.275649343306995,47.499533606744244,47.6490592956543,7190500
2017-05-11,47.542266135517735,47.59210804487903,47.03672521703577,47.49954605102539,8055500
2017-05-12,47.61346851774224,47.63482855774457,46.80887079525392,47.036720275878906,8091200
2017-05-15,47.05096050669065,47.115040622043324,46.80175100416405,46.95839309692383,6202500
2017-05-16,46.80887017370026,47.01535961158104,46.62374620789822,46.79463195800781,5961000
2017-05-17,46.54540983080188,46.723417356712666,45.89745982895449,45.93306350708008,8976100
2017-05-18,45.89034447604929,46.04699199011086,45.48449019323279,45.87610626220703,7926000
2017-05-19,45.84049615363192,46.13955292599421,45.62689038178294,45.73369598388672,8429400
2017-05-22,45.74082165693533,46.025634842896665,45.655381503798715,45.82626724243164,7162900
2017-05-23,45.82626985068362,46.13956491630858,45.78354977168385,46.061241149902344,5094600
2017-05-24,46.08972535280691,46.13244543397509,45.73371019011134,45.79066848754883,5926700
2017-05-25,45.92595362708237,46.160924926150116,45.7194641914495,45.96867370605469,5659000
2017-05-26,45.833387123917184,46.103956651317986,45.79066161679956,45.92594909667969,4021900
2017-05-30,45.904592656333435,46.118198479221626,45.783548813460804,45.91883087158203,6979900
2017-05-31,45.90458859910281,46.225000021295806,45.698099185909335,46.20363998413086,9190200
2017-06-01,46.28908585030619,46.78750482842336,45.93307074240552,46.01139450073242,9316300
2017-06-02,46.21075738926727,46.673578068910345,46.11107360378832,46.5667724609375,6459300
2017-06-05,46.70205947625447,46.84446877952984,46.31044611505598,46.623741149902344,6184800
2017-06-06,46.41724872333224,46.552530762218765,46.02562995517864,46.17515563964844,7282800
2017-06-07,46.30333140886681,46.40301522030177,45.71234493224509,45.79779052734375,7790400
2017-06-08,45.683865927149796,45.9829173446153,45.612658552397065,45.6553840637207,8744900
2017-06-09,45.648256535333545,46.2392429048246,45.53433181203378,46.06835174560547,9338900
2017-06-12,45.99715971301569,47.49242236770341,45.96156145478532,46.5881462097168,10459200
2017-06-13,46.71630431447833,46.74478617585997,46.28908725847298,46.388771057128906,8185300
2017-06-14,46.59691285088526,46.9127285624481,46.324166402941536,46.64715576171875,6795700
2017-06-15,46.44619621551451,46.76919113448384,46.008362674472615,46.51797103881836,6858100
2017-06-16,46.50361767058204,46.5395023437416,45.764323857432366,46.02272033691406,10246600
2017-06-19,46.07296384869368,46.632815136958925,45.99400990023905,46.51797103881836,7900100
2017-06-20,46.57538683774953,47.37209986446454,45.950934459061,47.077816009521484,13114600
2017-06-21,47.2428951802629,48.58510642537364,47.092166453710306,48.44873046875,13981300
2017-06-22,49.03729952099718,51.27670979432696,49.01576762503383,50.58766174316406,28962900
2017-06-23,51.13316630895284,51.226478514078664,50.12830228590153,50.61637878417969,22911200
2017-06-26,51.140331131689635,51.506389772036236,50.7599197201439,51.13315200805664,14129100
2017-06-27,51.247997944538106,51.60687747429528,50.702499526008424,50.709678649902344,10768700
2017-06-28,50.93936591629408,51.7432526306462,50.83888007700006,51.62123489379883,10606200
2017-06-29,51.678649818976844,51.80066753901562,50.257484539485596,50.86040496826172,11437400
2017-06-30,51.36282963049142,51.42025166177677,50.47281004983369,50.802978515625,6727100
2017-07-03,51.03985886155249,51.39155934804663,50.64508909788783,50.745574951171875,3453000
2017-07-05,50.8388730736745,51.16904156816773,50.357975841003935,50.86040496826172,7219600
2017-07-06,50.71685174362623,50.774268299749664,49.66174517542025,49.869895935058594,7989000
2017-07-07,50.02062681073236,50.02062681073236,49.195202859770006,49.704811096191406,6535800
2017-07-10,49.69764942801661,50.05652905656453,49.61152182184898,49.73353958129883,6485900
2017-07-11,49.51819474687905,49.88425339139521,49.24544828245406,49.776588439941406,6442700
2017-07-12,50.07805292735705,50.336446656559815,49.963214312193415,50.09959030151367,5585200
2017-07-13,50.235965931841655,50.94655149756391,49.898618224571784,50.659446716308594,7533900
2017-07-14,50.77428520804129,50.98243603699572,50.544602478861954,50.65226745605469,5234600
2017-07-17,50.659446650315914,51.578177568281525,50.53024977272273,51.06856918334961,7612400
2017-07-18,51.17622824653783,51.48486489200589,50.75992663617299,51.456153869628906,6096700
2017-07-19,51.678654775778476,52.209794972119575,51.51356777466401,52.19544219970703,8312400
2017-07-20,52.295928815505796,52.92755485636597,52.23132764851666,52.697872161865234,9271400
2017-07-21,52.626090259409104,53.40845042586055,52.59737924195461,52.9419059753418,8874000
2017-07-24,52.8988446469382,53.41563208651338,52.53279144062868,53.394100189208984,8943200
2017-07-25,53.63093822708605,54.040060522631535,52.8414046450238,52.92753219604492,9061200
2017-07-26,53.18595195999946,53.30796970133545,52.841430634336895,53.250553131103516,10695300
2017-07-27,54.14055880095641,54.54250206791615,53.43715260771055,53.8032112121582,13871000
2017-07-28,53.839106199666915,54.57121799843237,53.652487319171094,54.506622314453125,8954600
2017-07-31,54.54967358743392,54.901373897001925,54.42765589498092,54.6142692565918,7994100
2017-08-01,54.80091039070432,54.80808951555351,54.20516897777992,54.33436584472656,7296600
2017-08-02,54.219528135625204,54.47792187384644,53.95395527243453,54.434852600097656,7086200
2017-08-03,54.3846154878557,54.549702523383424,53.32951399947196,53.379756927490234,11161100
2017-08-04,52.92036040804795,52.941892296558876,52.09493666671573,52.51123809814453,14960900
2017-08-07,52.25285394664158,52.755283023101775,51.87961622464296,52.71221923828125,7556500
2017-08-08,52.697855814990476,52.87729553553408,52.26002245877882,52.59019088745117,7943900
2017-08-09,52.27440583537975,53.60225931059144,52.27440583537975,53.04240798950195,12054600
2017-08-10,52.76965362970505,52.95627255378466,52.05907355964743,52.18109130859375,8813000
2017-08-11,52.051875400511165,52.166719458278216,51.54944633794551,51.96574783325195,7029700
2017-08-14,52.303094283183626,52.475354890064,52.080585295061105,52.26002502441406,4952800
2017-08-15,52.39641088753791,52.669157356390286,52.202618352628825,52.4825439453125,5212100
2017-08-16,52.53278636958868,52.949082454778804,52.482543455372614,52.64762496948242,5237300
2017-08-17,52.46101067726205,52.6906988492936,51.87962755099264,51.922691345214844,9065400
2017-08-18,51.9083352525525,52.13083880989293,51.55663484474119,51.757606506347656,6052600
2017-08-21,51.73608161079803,52.367707700747644,51.73608161079803,52.10931396484375,5531800
2017-08-22,52.15237103653372,52.94190483326679,52.1451919133083,52.64044189453125,4729300
2017-08-23,52.59018468503873,53.257700585777684,52.43945599468671,52.92753219604492,6499300
2017-08-24,52.9777846187272,53.329490435520256,52.862946038028305,53.12851333618164,4929300
2017-08-25,53.27926334458187,53.42281298208182,52.89167275205081,52.96344757080078,3729000
2017-08-28,53.76014950731051,54.506619514886836,53.257714928099595,53.60942077636719,18800000
2017-08-29,53.3223117361796,54.4061292572203,53.27206882996267,54.363059997558594,10688600
2017-08-30,54.420487160522946,58.45429471187472,54.36306512626742,58.303565979003906,35927100
2017-08-31,58.497337663917826,60.38504119015546,58.47580577775789,60.08358383178711,30895700
2017-09-01,59.83239815409517,60.36353834716207,59.035685126461196,60.11232376098633,14311600
2017-09-05,59.74627810545786,60.01903012362951,58.38971356856435,59.258201599121094,13491900
2017-09-06,59.46633401852671,59.882635566530105,59.22229857897996,59.538108825683594,10694600
2017-09-07,59.660130233046054,61.4545277385099,59.50222237639458,61.34686279296875,13147800
2017-09-08,61.217678633827006,61.92107953507014,60.93775300307772,61.081302642822266,11611100
2017-09-11,61.49761189169187,61.72729462940973,60.3922620051533,60.665008544921875,10125200
2017-09-12,60.399424148785705,60.830078476414194,60.14820958067465,60.65781784057617,8907900
2017-09-13,60.65063876120807,60.65781788489274,59.83957301898072,60.062076568603516,7594800
2017-09-14,60.0476286207802,60.0476286207802,58.91370079660847,59.433719635009766,9605400
2017-09-15,59.79485381716266,60.30764873196981,59.44817269332892,59.48428726196289,12401900
2017-09-18,59.6070751136291,60.3076559506334,58.89205175362821,59.92486572265625,7886500
2017-09-19,60.22819041131906,60.22819041131906,59.31815744411679,59.433719635009766,6310500
2017-09-20,59.48429885318328,59.87431312712908,59.108727103319666,59.686527252197266,6355100
2017-09-21,59.75151336780402,60.24264168493368,59.390389767276595,59.67206573486328,6194700
2017-09-22,59.56373456061298,60.21375822010263,59.23150147027593,60.14152908325195,5654700
2017-09-25,60.242649151039956,60.87100076723409,59.845410937104965,60.3870964050293,8473400
2017-09-26,60.430409633722626,61.19599525731331,60.34374351391412,60.49541473388672,7900000
2017-09-27,60.65433294835529,61.066013704348904,60.27876125252719,60.56766128540039,6818500
2017-09-28,60.31486476683026,60.37986436939916,57.20919962577753,58.4370231628418,17739900
2017-09-29,58.64646894650924,59.19537834745578,57.28142221400024,58.51646423339844,13301300
2017-10-02,58.65371553915965,60.401553069104224,58.63204899701906,60.322105407714844,9805400
2017-10-03,60.307642738181265,60.83488563216479,59.31816206523281,60.08374786376953,6513200
2017-10-04,60.11264629351877,60.1343128312621,59.274836765378716,59.52762222290039,6711400
2017-10-05,59.38320687812923,60.329349603461964,59.31820171965447,60.31490707397461,6717100
2017-10-06,59.90318217405258,60.105410500445295,59.188153506767264,59.325382232666016,5797000
2017-10-09,59.48427937326417,59.77317935309397,58.90647941360458,59.2098274230957,3959800
2017-10-10,59.15205658716382,59.98986061267843,59.123166033137835,59.97541809082031,5750100
2017-10-11,59.98985542371175,60.15597471741485,59.44816998077582,59.635955810546875,6770200
2017-10-12,59.63594419302238,59.81650597215958,58.51645895824846,58.718692779541016,6763600
2017-10-13,58.69703288968272,58.92093328917748,58.249243111311884,58.62480926513672,5682900
2017-10-16,58.59590799696883,58.6536890901621,57.45476171309758,57.743656158447266,7377600
2017-10-17,57.77979478791775,58.29258980542325,57.4620041532848,57.95313262939453,7041800
2017-10-18,57.9675528915898,58.3864520152714,57.606429347179734,57.786991119384766,7181900
2017-10-19,58.88482854120192,59.56374284782858,58.14813863148959,58.92816162109375,15565200
2017-10-20,59.188170933060235,59.188170933060235,58.10479985672373,58.653709411621094,9188300
2017-10-23,58.68259341274045,58.73315050357597,57.84478389568378,57.902565002441406,6803400
2017-10-24,57.90979374575185,58.05424101412804,56.91309436921193,57.852012634277344,7300300
2017-10-25,57.83754991175697,57.83754991175697,56.83362686932609,57.700321197509766,9571700
2017-10-26,56.54473545502937,57.418653929064845,55.613035880981045,56.24861145019531,12451300
2017-10-27,54.17577320066102,55.75749108983923,52.55071672512453,55.66360092163086,22760700
2017-10-30,54.963011629358924,55.56247813668299,54.34910260235753,54.88356399536133,11277000
2017-10-31,54.76800547345102,55.17246213458249,53.966310655630615,54.1396484375,8796600
2017-11-01,53.94463551515591,54.782439252448846,53.60517851001792,54.04574966430664,8776400
2017-11-02,53.96631054101516,54.02409163828515,53.12128265709929,53.30906295776367,7464400
2017-11-03,53.15018366609331,53.33796953349267,52.601279608018864,53.05629348754883,7648600
2017-11-06,52.93351196160634,53.08518325251916,52.08125981958886,52.27626419067383,8268200
2017-11-07,52.29791893284584,52.969603494458404,52.232913823791044,52.87571334838867,7824400
2017-11-08,52.95517137886843,52.991285947694436,52.52182410450415,52.7962760925293,8095400
2017-11-09,52.75294290467001,53.02739489210458,52.44960036429871,52.738494873046875,5817800
2017-11-10,52.69517086983657,53.50408996038501,52.146261290167615,53.280189514160156,7698200
2017-11-13,52.904603543767436,53.005717703572486,52.37014219761096,52.61570358276367,8735300
2017-11-14,52.507389215332225,52.52183725060276,50.593437815306416,51.387908935546875,10925600
2017-11-15,51.01232243768282,52.074026800847946,50.94009881311097,51.86457443237305,8539300
2017-11-16,51.821230669953735,52.43513961764067,51.4601071112781,52.297916412353516,7535900
2017-11-17,52.19680149855684,52.44959242089101,52.088468829337856,52.31958770751953,5719100
2017-11-20,52.297925537712835,52.442372782264115,51.67679246758583,52.0956916809082,6452500
2017-11-21,52.052364746621066,52.60849276505152,51.871802914488995,52.370155334472656,6473500
2017-11-22,52.34847851845346,52.78904423287243,52.25458285758146,52.59403991699219,4369000
2017-11-24,52.55070651011089,52.66626319388115,52.167916385264554,52.33403015136719,2335900
2017-11-27,52.370138179814944,52.435137773142145,51.65510959136767,51.78511428833008,4907500
2017-11-28,52.11735649878569,52.492922588717775,51.5684471270618,52.42791748046875,5971200
2017-11-29,52.608472770630094,53.59072920493612,52.413468490577266,53.20793914794922,9913400
2017-11-30,53.80019880983256,54.24077009526946,53.26573736089465,54.00965118408203,11766900
2017-12-01,53.76408258425167,54.609110474035965,53.08516846238629,54.414100646972656,8425000
2017-12-04,54.50075940144335,54.58743102744825,52.65903280887571,52.789031982421875,8617600
2017-12-05,52.78904943948767,53.46796362527084,52.5218214806397,52.933502197265625,8389000
2017-12-06,53.24406873860161,53.699082527406276,52.608487624997196,52.933502197265625,6097900
2017-12-07,52.868495657085994,52.9046102231367,52.153472433816845,52.521820068359375,6172700
2017-12-08,53.01294399652774,53.72074314558563,52.37014444857758,53.605186462402344,7906900
2017-12-11,53.87964351574097,55.085795095568784,53.72797225513171,54.80411911010742,9179900
2017-12-12,54.92689880662121,55.00634643516811,53.626851712497846,54.95578384399414,9281600
2017-12-13,55.11469395507432,55.72138459927754,55.08580339960655,55.3097038269043,9968800
2017-12-14,55.26607088830624,55.60784879331899,53.86260333988127,54.05894088745117,9055400
2017-12-15,54.53888149259508,55.06972904690172,53.88441380508756,54.95337677001953,15367200
2017-12-18,55.287879069233554,55.61511567410583,54.54615275122346,54.6334114074707,9986600
2017-12-19,54.58252786615193,54.78613886629258,54.00078294403344,54.066226959228516,6737600
2017-12-20,53.46991465448466,54.342540023945325,53.389923856917896,53.818965911865234,7349500
2017-12-21,53.61535101784086,54.08074896121391,53.03360081463399,53.09904479980469,7196100
2017-12-22,52.93908007081163,53.33902856645069,52.62639024070283,52.87363052368164,6560200
2017-12-26,52.779101040885195,53.12814681608298,52.58275793785169,52.86635971069336,4471400
2017-12-27,52.88816530536479,53.39719256513535,52.764539644008195,53.06996154785156,3933900
2017-12-28,53.10632741637528,53.20813288740139,52.38641571469576,52.70637893676758,4624200
2017-12-29,52.58274406814889,52.90270723433594,52.073716801925045,52.09553146362305,7370700
2018-01-02,52.49548658735016,54.00802716114557,52.15370875187377,53.88440704345703,7905100
2018-01-03,53.848046538042524,54.42251775321165,53.32447249831196,54.291629791259766,6640000
2018-01-04,54.53888183017918,54.58978456463473,53.49173352368551,53.73897933959961,5074600
2018-01-05,53.93531710664932,54.20437758878357,53.10632654307911,54.1898307800293,7901100
2018-01-08,54.05894613870722,54.335280070700385,53.40448388457853,54.10258102416992,5858500
2018-01-09,54.25525204974775,57.214893618956474,54.22616399537967,56.79312515258789,14824100
2018-01-10,56.793145389998564,57.353080927145655,56.00051643094807,57.23672866821289,10150400
2018-01-11,57.22946961361423,57.942113508298945,56.62591015001444,57.49125671386719,7872900
2018-01-12,57.69484952878858,57.738484397098716,57.19309570105807,57.46215057373047,6366200
2018-01-16,57.99301297196718,59.3310309217059,57.82575795425877,58.356605529785156,11750200
2018-01-17,58.691094411863986,59.68006635001003,58.32750195072149,59.440093994140625,11162800
2018-01-18,59.24377345041124,59.37466699577833,58.734740530436,59.02561569213867,8527500
2018-01-19,59.12013869000492,59.287388121736946,58.44385646417602,58.8874397277832,7920900
2018-01-22,59.12740371799745,59.665524550141335,58.93833963446858,59.20012664794922,7464500
2018-01-23,59.06923993422927,59.76006346437152,58.83654095637261,58.865623474121094,7198800
2018-01-24,59.11285522989021,59.68005850705563,58.59655466867604,59.1201286315918,4530500
2018-01-25,59.3237667162237,59.51283086337801,58.79291910802589,59.040164947509766,4708000
2018-01-26,59.60009281887661,62.16705544999837,59.54191667673653,62.145240783691406,14617200
2018-01-29,61.897994397778135,65.11215103630752,61.897994397778135,64.57403564453125,19411600
2018-01-30,64.00680925076745,64.23224033110228,62.73423573951105,63.47596740722656,14001200
2018-01-31,62.974217309946546,63.33780979504783,60.56723683392997,60.93810272216797,12790800
2018-02-01,60.50178507320959,61.19988750111428,59.032873928616205,60.712669372558594,7305100
2018-02-02,60.10185123302683,60.60360519282686,59.25104597477348,59.43284225463867,9356300
2018-02-05,59.192848287192305,59.99275051783406,56.96765885899523,56.989479064941406,10810400
2018-02-06,56.247767532091295,58.618392560276156,55.920536449554874,58.45113754272461,13287400
2018-02-07,57.93482685454254,61.50530782049237,57.70212787953022,60.18183135986328,20315600
2018-02-08,59.94914276328576,60.247285776018835,56.77134180777273,56.88042068481445,13853700
2018-02-09,57.37489674646168,58.13843765618639,55.28060042725978,57.68031311035156,13746400
2018-02-12,58.0075432595712,59.207399582983726,57.90573780647982,58.27660369873047,10030700
2018-02-13,57.86209737285258,58.9674158861721,57.19308865300182,58.749263763427734,6596800
2018-02-14,58.32023781301084,59.84005742698002,58.16026176499758,59.4982795715332,7063300
2018-02-15,59.789161244540075,59.84733738545191,59.25831366768832,59.30194854736328,7159700
2018-02-16,59.22923828967879,59.869164880876866,58.61840532315336,58.6838493347168,7548600
2018-02-20,58.32750141691427,59.43282559554082,58.32750141691427,58.85834884643555,7229300
2018-02-21,58.82925998329366,59.578259548520464,58.392950149450726,58.676551818847656,6956900
2018-02-22,58.70566009154515,58.996529715591656,57.57852088042635,57.738502502441406,8382200
2018-02-23,58.04390193456567,58.858351068086115,57.65849480241127,58.8365364074707,5626000
2018-02-26,59.09104856585831,59.57826113415003,58.32022877264112,59.47645568847656,6394400
2018-02-27,59.46917803149733,59.658247651928455,58.39294752623157,58.43657684326172,6748100
2018-02-28,58.53113123862764,58.68383945454863,57.22220129588382,57.25128936767578,7559500
2018-03-01,57.403995803308625,58.04391671893849,56.0150695452253,56.378662109375,8267500
2018-03-02,55.876897859905604,57.36762946577219,55.55694020319833,57.22219467163086,6625500
2018-03-05,56.88040822509457,57.214912639562016,56.095047140007026,56.66225051879883,10483300
2018-03-06,57.15673903055109,58.1966137868267,57.06220697924646,57.68031311035156,7919400
2018-03-07,57.25854500060925,58.283878507445195,56.807693854041304,58.16752624511719,6715200
2018-03-08,58.145724825633906,58.66202562434434,57.680326766289774,58.22571563720703,5707800
2018-03-09,58.53839030552738,58.93834425972651,58.16752441599556,58.69837188720703,7024800
2018-03-12,58.85108180910066,59.14922477180574,58.48021590858249,58.945613861083984,7515700
2018-03-13,58.99652174319498,60.15274887007009,58.98925388716366,59.42556381225586,7608900
2018-03-14,59.66553384877203,60.043667622741,58.82199655209909,58.97470474243164,6527300
2018-03-15,58.99667905420125,59.23102512998478,58.051969864784525,58.22773361206055,5946600
2018-03-16,58.5279724806874,59.24566030375693,58.14716229659425,58.39615249633789,9564900
2018-03-19,58.08125821478637,58.22040310446567,55.876942572896866,56.521392822265625,8917300
2018-03-20,56.66786964435643,56.902215749760714,56.17720835917432,56.330997467041016,5798300
2018-03-21,56.19915814087529,56.711793911699516,55.81102306084764,56.016075134277344,5826500
2018-03-22,55.54739066341935,56.21381558024486,54.954203429025746,55.34233856201172,7861000
2018-03-23,55.203195310466775,55.37895904882536,53.262519587869306,53.34307098388672,9268900
2018-03-26,54.3170764373728,55.44486866478782,53.87767824692242,55.32037353515625,7370900
2018-03-27,55.64260709413065,55.76710223631838,53.86303949416193,54.27314376831055,6370900
2018-03-28,54.3317206850268,55.46683209599383,54.119343704000585,54.7637939453125,6487900
2018-03-29,55.027442458047226,55.79639352246974,54.639307276153524,55.21052551269531,5694900
2018-04-02,54.87364991765709,54.9908201599052,52.63271525737042,53.562774658203125,8234600
2018-04-03,53.78246980963622,54.16328003331703,52.749878893678975,54.009490966796875,5987000
2018-04-04,53.42363246524453,55.42290185621081,53.32110640286178,55.21784973144531,7852600
2018-04-05,55.605972204992234,55.64259104201363,54.32439113074452,54.79308319091797,6183000
2018-04-06,54.39763106930403,55.14461298925943,53.24786982022642,53.76050567626953,6439500
2018-04-09,54.1046943831531,55.151929526028965,53.57009507064864,54.046112060546875,6383600
2018-04-10,54.610005093289026,55.276429993732656,54.03878694276625,54.939552307128906,5738900
2018-04-11,54.69788606490135,55.07869629661731,54.34636420025928,54.43424606323242,7850100
2018-04-12,54.800407445327025,55.84031759267019,54.800407445327025,55.13727951049805,4857700
2018-04-13,55.33500782337235,55.54005990309102,54.82237762407568,55.08601760864258,4432100
2018-04-16,55.56203953926585,55.64259651884197,54.368334616774526,54.6978874206543,4720500
2018-04-17,54.888288186332964,55.61330098189541,54.62464818562852,55.26910400390625,4351900
2018-04-18,55.39358050630933,55.70848342427196,55.10797153272096,55.422874450683594,3043700
2018-04-19,55.23248332442839,55.59864935907018,54.068078016147616,54.514801025390625,3958200
2018-04-20,54.485501809685545,54.50014599126669,53.59205587749269,53.97286605834961,5201700
2018-04-23,54.25116460554572,54.4269227493162,53.7165597013784,54.19990158081055,5014300
2018-04-24,54.251163917123925,54.41227787489018,52.91831970367207,53.255191802978516,5562500
2018-04-25,53.306461294878545,53.87035462822854,53.07211521530759,53.643333435058594,6335500
2018-04-26,53.6652835466904,54.426909433021066,52.79380675216072,54.11933135986328,6341200
2018-04-27,54.12667240109684,54.33172451107906,53.533479554647194,54.09005355834961,5030700
2018-04-30,54.2365104666953,54.35368627793995,52.85240332305659,52.89634704589844,8268200
2018-05-01,52.94028093611927,53.33574088648204,52.56679005179058,53.13800811767578,6180800
2018-05-02,49.98898089787306,50.35514687599673,48.348553293059446,48.97835922241211,25822600
2018-05-03,48.77330002863299,48.949058107973045,47.06696547942947,47.74071502685547,15060800
2018-05-04,47.660170402823006,48.1215375756322,47.38920553718901,47.90916061401367,9150500
2018-05-07,48.12153934781088,48.28997818124596,47.184155198042426,47.513702392578125,13201100
2018-05-08,47.59426029049302,48.09224632812902,47.26471308956126,47.762699127197266,8973300
2018-05-09,47.57961923551633,48.39982764278411,47.33062340670237,48.10689926147461,7861000
2018-05-10,48.34123920517902,48.40714640646319,47.75537134215298,47.8725471496582,6614200
2018-05-11,47.7627053631061,48.883172697262964,47.48441556067424,48.45109939575195,10014100
2018-05-14,48.597548663499545,49.564226614298384,48.473053572902195,49.10285949707031,6173700
2018-05-15,48.91977872176343,49.47634700627927,48.8026029225498,49.05891799926758,7483500
2018-05-16,49.0662549918601,49.783942971027,49.0662549918601,49.46903991699219,6603000
2018-05-17,49.139472151848466,49.89377315755143,49.139472151848466,49.505638122558594,5946200
2018-05-18,49.49833315158802,50.15743328146801,49.315250092579774,49.813236236572266,6336400
2018-05-21,49.90843807691017,50.216016244744296,49.249338012086326,49.52762222290039,6006500
2018-05-22,49.77662121624617,50.30390130149734,49.43974907005823,49.674095153808594,6210200
2018-05-23,49.329893201215064,50.07686952265428,49.32256831541396,49.92308044433594,5093200
2018-05-24,49.82788245767137,50.0109655036267,49.124844231673066,49.45439147949219,4892300
2018-05-25,49.54225713731755,49.74730918771188,49.066240256188244,49.34452438354492,4864600
2018-05-29,49.066247629765996,49.47635179218428,48.85387066358505,49.307918548583984,7820200
2018-05-30,49.54960227675306,49.64480345699683,49.29328152172852,49.571571350097656,5931400
2018-05-31,49.87180293321523,49.90842176433418,49.2200279674919,49.35917282104492,12447300
2018-06-01,49.52030535411279,50.113492647937264,49.447067664343265,50.01829147338867,5128600
2018-06-04,49.93772211589375,51.84910913064044,49.76195840868148,51.417030334472656,11726900
2018-06-05,51.4463271912676,51.79784903829553,50.728639314408575,51.30718231201172,7821200
2018-06-06,51.38774771739083,52.70594787597656,51.03623139993539,52.70594787597656,12376600
2018-06-07,52.64003620135033,52.69129923154549,52.06881798281813,52.654685974121094,7604900
2018-06-08,52.32512109954524,52.93295802295675,52.251889014287826,52.6619987487793,5843100
2018-06-11,52.574130113346996,52.72791920723126,52.07614398623309,52.603424072265625,5425500
2018-06-12,52.55214869508904,52.71326263766589,51.98824989607004,52.493560791015625,6977500
2018-06-13,52.65466587839101,52.713253772611395,51.99556603653441,52.207942962646484,5077000
2018-06-14,52.41468095995903,52.87238865230263,52.05294741488098,52.52541732788086,5226300
2018-06-15,52.48847474046504,52.71733127813513,51.6099794665967,51.846214294433594,11518000
2018-06-18,51.5066211257247,51.632125277445724,50.879122896249726,50.98247528076172,6565300
2018-06-19,50.53954819075112,52.407281128799276,50.31808115440445,52.3703727722168,8634000
2018-06-20,52.3851246566309,52.83544819702227,51.93480111623954,52.754241943359375,6010600
2018-06-21,52.76163747997495,52.924050023050825,52.25225370983408,52.798545837402344,6548400
2018-06-22,52.9240389500856,52.97571514549931,52.28915675941273,52.466331481933594,6118900
2018-06-25,52.207955796579164,52.88713032865156,52.082457256751674,52.51801300048828,6019500
2018-06-26,52.60660338498324,53.204571656528955,51.46233741045445,51.860984802246094,6538300
2018-06-27,51.927424837818066,52.25224990028784,50.64289806794411,50.672428131103516,5818600
2018-06-28,51.56568883743469,52.04554248324039,50.99725063887207,51.9200439453125,7977100
2018-06-29,52.030780017369395,52.783776873585104,51.8905136331369,52.296539306640625,6215700
2018-07-02,52.19318714766541,52.69518693154789,51.897897795497315,52.62136459350586,4086700
2018-07-03,52.70994416430521,53.10859146819642,52.4884715624938,52.658267974853516,3147700
2018-07-05,52.66563761554592,53.809903149850555,52.628729276160115,53.7508430480957,5755400
2018-07-06,54.03877180957961,55.69242140990523,53.89112713882486,55.52262496948242,8859800
2018-07-09,55.69979948138034,56.98433176747471,55.5226247507161,56.57830047607422,8546500
2018-07-10,56.86621637494495,57.16889529657954,56.283010303145595,56.65951156616211,8380800
2018-07-11,56.474956802390345,56.59307706259755,55.87698847387239,56.120601654052734,6138800
2018-07-12,56.519241684196544,57.70779989357373,56.054155893159795,57.28700637817383,8955900
2018-07-13,57.139359673602144,57.501093053773495,56.87359476466068,57.12459182739258,4031200
2018-07-16,57.27225326633018,57.4715741706585,56.644754855182036,57.03601837158203,3093500
2018-07-17,56.925264629743715,57.40511819708277,56.79238219005416,56.991703033447266,4424700
2018-07-18,56.91049593855737,57.41987955516995,56.71117509812943,56.932647705078125,5186600
2018-07-19,56.836672101640005,57.382969682304974,56.16488164105673,56.8809700012207,6488400
2018-07-20,56.37158436982715,57.36081585244739,56.37158436982715,57.11720275878906,5656000
2018-07-23,56.910503115618454,57.53800703701433,56.81453464438856,57.12459182739258,5119800
2018-07-24,57.397747361128566,58.01786179954039,57.13936634512364,57.32392501831055,8686500
2018-07-25,57.19103666786824,58.32053473047027,57.05815421154546,58.261474609375,7968400
2018-07-26,57.41251508423862,58.35007638804526,56.17966438083343,57.70043182373047,14492500
2018-07-27,57.67826192847923,58.28361401912295,56.57091013103713,56.703792572021484,9455900
2018-07-30,56.45280021919817,56.814533592673335,55.98770882101856,56.342063903808594,5720900
2018-07-31,56.54139112940847,57.64136485185501,56.246101764845456,57.45680618286133,6615100
2018-08-01,57.21319267727005,57.840691083402646,57.12460248034103,57.508487701416016,4246200
2018-08-02,57.35345241995985,57.70042361061273,56.74071630167002,57.30915451049805,5629200
2018-08-03,57.346084746216235,57.54540568228282,56.96958338666263,57.530643463134766,4628600
2018-08-06,57.464183983186416,57.75947897750891,57.03601215531652,57.48633575439453,3955100
2018-08-07,57.538011692510466,57.988335289526425,57.22794885213568,57.862831115722656,5759100
2018-08-08,57.72256930674604,57.862830060830134,56.71856972832087,56.77762985229492,4400600
2018-08-09,56.86622063634915,58.04001679173231,56.785014365058565,57.611839294433594,5835400
2018-08-10,57.22795682837813,57.55278192914689,56.327315141101295,56.64475631713867,5564100
2018-08-13,56.748114530002724,57.19843823577548,56.49711175405953,56.969581604003906,4903400
2018-08-14,56.92526565420682,57.44941150011444,56.92526565420682,57.07291030883789,4399800
2018-08-15,56.4011155645256,56.45279175298647,54.81391030139576,55.24946594238281,11810000
2018-08-16,55.48571470902848,55.869594219153896,55.13135962621173,55.80315017700195,8742100
2018-08-17,55.67027773313161,55.77363013368471,53.19718714655592,53.832069396972656,13337900
2018-08-20,53.846821273734164,54.16426230479323,53.07905678856147,53.418643951416016,9137800
2018-08-21,53.426044437357795,54.24548536154565,53.426044437357795,54.12736511230469,9139900
2018-08-22,54.22332640377294,54.88773863698261,54.046151685677934,54.49647521972656,5083500
2018-08-23,54.28976682878219,54.45217932300747,53.70656088691976,54.14211654663086,4737500
2018-08-24,54.275006846265825,54.636745865723405,54.04615591613472,54.326683044433594,4767100
2018-08-27,54.629354794073144,55.301150914630966,54.51123456669849,55.23470687866211,5355500
2018-08-28,55.21994949981975,55.714565322609644,55.07968312560536,55.31591796875,4737600
2018-08-29,55.29377987099664,55.96557051574088,54.895132459180644,55.82530975341797,4570500
2018-08-30,55.91388829406706,56.364211860854816,55.736713563091214,56.31991958618164,4459100
2018-08-31,56.34206127066838,56.541382123228,55.74409308070682,55.9065055847168,4311900
2018-09-04,55.63334008063952,55.899104892512085,54.370960040385356,54.84342956542969,4842300
2018-09-05,54.762241277310416,55.1165963533171,54.56292041925112,55.02062225341797,5069400
2018-09-06,54.90251741334159,55.101838306847654,53.60322274663066,53.80254364013672,5404900
2018-09-07,53.69180886779611,53.74348506828879,52.77639384152092,53.3153076171875,6891900
2018-09-10,53.58106462058607,54.01662029858139,53.41126819705473,53.529388427734375,5009600
2018-09-11,53.595839929486004,53.662283983549635,52.983103755748424,53.322696685791016,5265100
2018-09-12,55.41188891569678,55.500479097943874,54.18642237216955,54.607215881347656,9589000
2018-09-13,54.86761323170826,55.23959705022832,54.23524187542869,55.14288330078125,5607200
2018-09-14,55.20983686880808,55.46278881329192,54.465869242478334,54.592342376708984,4959800
2018-09-17,54.681607791668675,54.70392590709372,54.01947721262677,54.14595031738281,5757200
2018-09-18,54.14595198117856,55.06103447387242,53.69957263089774,54.808082580566406,7251800
2018-09-19,54.65929738925491,55.291668678290705,54.53282426665215,54.96432113647461,3662800
2018-09-20,55.023831636147705,55.76779908229792,54.93455349924206,55.671085357666016,5883700
2018-09-21,55.64133297231431,56.489455513445265,55.61157358960527,56.1769905090332,9578700
2018-09-24,56.01331655993814,56.69776533195388,55.97611591266738,56.258827209472656,4926300
2018-09-25,56.3183353954728,56.53408664361129,55.73804167511062,55.79011917114258,5926500
2018-09-26,55.87941898984932,56.8465793496809,55.685985782678294,56.28116226196289,7527500
2018-09-27,56.28114388607423,57.35989451703715,56.221625122374036,56.9730339050293,5451000
2018-09-28,56.97302544636934,57.46404098394167,56.63823670727737,57.44172286987305,7604800
2018-10-01,57.52355995029855,58.46839606414296,57.31524998353102,57.999698638916016,7820400
2018-10-02,58.05176968940835,58.58742707367375,57.79882352240539,58.52790832519531,7468700
2018-10-03,58.66184123030192,59.22725816768936,58.38657686453831,58.7734375,6560100
2018-10-04,58.535373832204975,58.7362425964911,56.41506720463983,56.958160400390625,7705500
2018-10-05,57.11438320117797,57.702118214747045,55.909159468561846,56.7200813293457,6083400
2018-10-08,56.76472715135182,57.02511466239027,56.17699209728101,56.8391227722168,4507100
2018-10-09,56.69031214656555,57.57563514604438,56.41504784832271,56.94326400756836,5367800
2018-10-10,56.70520713953638,57.33013715231105,55.611573941158774,55.63389205932617,6719900
2018-10-11,55.723164192728845,55.9389154384266,53.41686618937067,53.93764114379883,8486100
2018-10-12,54.458418802521294,54.97919945883166,53.75909321127944,54.748565673828125,5638400
2018-10-15,54.54025215928179,54.88247650651527,54.09387282271731,54.14595031738281,5198600
2018-10-16,54.53282143025746,56.86887898657034,54.33938828597055,56.772159576416016,7455100
2018-10-17,56.54153283025607,56.75728409717835,55.90172029414774,56.258827209472656,5455000
2018-10-18,56.21418335670511,56.243942738289874,54.547697720109866,55.18006896972656,6185300
2018-10-19,55.16518538035278,55.64876533901411,54.421217959649496,54.51049041748047,5036500
2018-10-22,54.65185299079528,54.8304036051746,53.699575479409944,53.818607330322266,5351400
2018-10-23,53.223442353564344,53.79629490346959,52.59850662309997,53.32015609741211,5738500
2018-10-24,52.99280915035767,53.61029788055017,50.500513407978545,50.597232818603516,8949100
2018-10-25,50.79810398677887,52.09260594929704,50.03181830967891,51.051055908203125,9388600
2018-10-26,49.6895870632327,52.28603189517096,49.47383581988809,51.8842887878418,11006100
2018-10-29,52.672892148332544,53.55820946031552,51.68341418244863,52.74728775024414,9183400
2018-10-30,53.00024832315687,54.02692720678199,52.85145707893225,53.59542465209961,6632500
2018-10-31,53.87069442231511,53.93764877906748,50.016942185956026,50.72370910644531,17316000
2018-11-01,50.73858523574375,52.39019412431283,50.58979399440431,52.30835723876953,8060600
2018-11-02,52.79937939929261,53.24575880649593,51.2519254900338,51.661109924316406,6061200
2018-11-05,51.988434134742576,52.204185338069514,51.30398556447653,51.7652473449707,6087800
2018-11-06,51.89173630003096,52.37531633982345,51.7429450613357,52.33811569213867,5699000
2018-11-07,52.82914196561289,54.16084467847231,52.345561880336405,53.92277526855469,8635900
2018-11-08,53.75165323455879,54.056682641764354,53.27551447659737,53.476383209228516,5007100
2018-11-09,53.17136729059478,53.49871486329908,52.58363218324959,52.95561599731445,4568000
2018-11-12,52.87378242937169,53.171370634543415,52.122373488418226,52.44227981567383,5300800
2018-11-13,52.52411472315723,53.974855039872914,52.308363424486,52.762184143066406,4437600
2018-11-14,53.08951594267111,53.34990340641599,52.18931603885539,52.48690414428711,4397200
2018-11-15,52.241402409813816,52.50178991781047,50.917141075412005,51.91405487060547,9249300
2018-11-16,51.66854345998563,51.854535345264225,51.28168283605578,51.48255157470703,8059100
2018-11-19,51.38583657650206,51.51230969314206,50.329404056294244,50.597232818603516,8814700
2018-11-20,50.8873727088501,51.675976358430766,50.24756027299451,50.26987838745117,8511000
2018-11-21,50.26989550208699,50.359173666329816,49.51105097210314,49.652400970458984,8866000
2018-11-23,49.384561874669636,49.87558316176784,49.146492495597634,49.540794372558594,3072800
2018-11-26,50.121084177318345,50.63441780719573,49.14648305481482,49.801177978515625,9451000
2018-11-27,49.466403199516215,50.180611400890925,48.96050501403969,50.17317581176758,8001500
2018-11-28,50.210364764986025,51.489989767524165,49.77886793065931,51.47511291503906,6463100
2018-11-29,51.18496865246655,52.286037425136264,51.12544988745148,51.84709930419922,6468000
2018-11-30,51.87686642507148,53.71446174184207,51.6685507164447,53.521034240722656,8673300
2018-12-03,54.11619768347731,54.23523521527664,52.457153235183185,52.7175407409668,11239300
2018-12-04,52.67291385127011,54.034370387675956,51.571839190830275,51.74295425415039,9935000
2018-12-06,51.118003720860756,52.23395491578108,50.671624378096894,52.219078063964844,8099400
2018-12-07,51.91405046144999,52.07772421715305,50.50795236166857,50.701385498046875,5657500
2018-12-10,51.497435488279464,51.98101553820614,49.027463412431224,50.21036911010742,8927200
2018-12-11,50.686516414538694,51.460243489265196,49.99462623937134,50.381492614746094,5867000
2018-12-12,51.02128668794314,51.571820985811215,50.63442045353352,50.693939208984375,6447900
2018-12-13,51.09158278892608,51.23413088999387,50.04874474951309,50.528900146484375,6198200
2018-12-14,50.11625266727803,50.393839013558,49.05090287495154,49.193450927734375,8253600
2018-12-17,49.05091703419147,50.34133674541295,48.43571760487699,48.855857849121094,11671600
2018-12-18,49.1259473962567,50.07125009462378,48.240659828330905,48.64578628540039,9325600
2018-12-19,48.848346934522176,50.1087560420024,47.62544942365538,48.16562271118164,9488300
2018-12-20,48.11312347911754,49.02842165298788,47.527934344716456,48.24066925048828,10462600
2018-12-21,48.57825118728038,49.58357441032419,46.70264303333133,46.98023223876953,17586200
2018-12-24,46.86770884486233,47.13779694251292,45.36722195742715,45.41973876953125,6162600
2018-12-26,45.502264065151536,47.437890579155344,45.254682365549655,47.430389404296875,8824400
2018-12-27,46.81519614981821,47.28034632448328,45.36722594714857,47.2203254699707,9548200
2018-12-28,47.12277908723684,47.2953346895613,46.267499386829634,46.425052642822266,6785400
2018-12-31,46.51508586240244,47.31784598623297,46.199985041587226,46.92771911621094,7584000
2019-01-02,46.33502706565098,48.02307742972405,46.13996505799765,47.595436096191406,7839400
2019-01-03,49.733638262916784,50.45387127755702,48.870857163203944,48.95338439941406,14631300
2019-01-04,49.703637287293596,51.33916852434486,49.54608682200616,51.204124450683594,9639500
2019-01-07,51.09156860208744,51.714271927217524,50.543894187572356,51.43667984008789,10504100
2019-01-08,51.654262576589176,51.87933791068814,50.33383244594251,51.084075927734375,7527400
2019-01-09,51.16659004834431,51.511706998507684,50.67143245376139,50.97153091430664,5770000
2019-01-10,50.82148308486374,51.219111145779884,50.33382376106181,51.04655838012695,5715900
2019-01-11,50.866504783217884,51.31664967820418,50.59641670144553,51.136592864990234,5663100
2019-01-14,50.843996761313065,50.97154249966865,50.348839054185355,50.45387268066406,9172500
2019-01-15,50.408854094852295,51.54922150400395,50.28881240762439,51.406673431396484,7199500
2019-01-16,51.21911121292685,51.6692618040434,50.67894080661154,50.7464599609375,6142300
2019-01-17,50.671440779785826,51.736785052065436,50.6114199330341,51.50421142578125,5224500
2019-01-18,51.94686061968402,52.201946397321564,51.39918604600702,51.90184783935547,8358800
2019-01-22,51.57172630428456,51.63174714605372,51.031550176167116,51.42918395996094,9827000
2019-01-23,51.40668769922336,52.14943296631249,50.88151948159857,51.204124450683594,6952600
2019-01-24,51.33916045703298,51.36166684512254,50.65643615749813,50.911521911621094,7750900
2019-01-25,51.14409224923013,51.97686289815738,51.09157543911323,51.6917724609375,8809600
2019-01-28,51.33165184103452,51.76679438496366,50.536395671986895,50.949031829833984,7120000
2019-01-29,51.0690596177763,52.4870189528761,51.04655323529883,52.20942687988281,6989300
2019-01-30,52.081900905335765,52.742118829734316,51.46670148190297,52.389503479003906,5113400
2019-01-31,52.37449544673528,52.757121223786896,51.82682091235301,52.5245475769043,8343700
2019-02-01,52.51704333691949,52.892165075040346,52.03688797003708,52.55455780029297,6502100
2019-02-04,52.41200970815793,52.71210824343531,51.93185434127552,52.55455780029297,6913800
2019-02-05,50.82900226446922,51.78180908729269,50.078758688609895,50.776485443115234,14500600
2019-02-06,50.70145539983768,51.99937340583313,50.46887603039938,51.57923889160156,7580200
2019-02-07,51.3391605238082,51.59424055435955,50.206291289298406,50.47637939453125,6643400
2019-02-08,50.20628324349555,50.72395298288328,49.771140729920425,50.618919372558594,5522200
2019-02-11,50.73145294189453,50.99403694660321,50.483871284354066,50.73145294189453,5505500
2019-02-12,48.60076501470678,49.09592839067886,47.985565674921986,49.06591796875,15927900
2019-02-13,49.193454358214304,50.01872086702371,49.13343351876213,49.471046447753906,9047500
2019-02-14,49.6135966632617,50.10876008150118,49.27598940457347,49.79365921020508,5737100
2019-02-15,50.048737893307894,50.78397896389498,49.8911874618756,50.70895004272461,6214200
2019-02-19,50.52138712108873,50.8439920076552,50.003723074386485,50.08625030517578,6396200
2019-02-20,50.01872908106647,50.48388207735452,49.90619141958835,50.25130844116211,5679800
2019-02-21,50.213789146140805,50.236295531489475,48.94587601507401,49.1784553527832,5607900
2019-02-22,49.22347337199407,49.4860574355647,49.01340612113756,49.32100296020508,4925500
2019-02-25,49.56108021032022,49.56108021032022,48.93838250031662,49.02840805053711,7090500
2019-02-26,48.95337709989505,49.38101556744379,48.833335420069695,48.97588348388672,5957800
2019-02-27,48.84833971080395,49.59858297993145,48.77331652867158,49.193450927734375,7645100
2019-02-28,48.915870618471395,49.26098764228073,48.56326100528058,48.780826568603516,7227300
2019-03-01,49.23096894676828,49.7261265638299,49.065914499780305,49.523563385009766,6002500
2019-03-04,49.66612200814349,49.8686909772818,48.69080880219874,49.10343933105469,8409600
2019-03-05,48.93838159267216,49.25348246040628,48.27816370914947,48.30817413330078,7405400
2019-03-06,48.35317833866379,48.45821194262829,47.08526819345493,47.20530700683594,9442500
2019-03-07,47.212818236718995,47.40788026495466,46.48508120985797,46.9127197265625,7618500
2019-03-08,46.68764946518238,47.57293696352896,46.515093815430305,47.43789291381836,7639700
2019-03-11,47.5429224492407,48.420708696855556,47.31785000640017,48.27065658569336,5207900
2019-03-12,48.4207152926807,48.97589386984982,48.13562482849191,48.63828659057617,5235600
2019-03-13,48.90836440809354,49.478545216445106,48.67578508404522,49.32849884033203,6276300
2019-03-14,49.26791241674515,49.464864481561484,48.74523438212004,49.07853698730469,7958500
2019-03-15,49.03308542928875,49.83603534663642,49.03308542928875,49.7148323059082,11976800
2019-03-18,49.836029852187814,49.919355488681994,49.108829025830005,49.252750396728516,8066900
2019-03-19,49.23760194223958,50.070852511560275,49.161852941261024,49.6087760925293,6860800
2019-03-20,49.29062365431427,49.42697415902753,48.7679457563671,48.93459701538086,8408200
2019-03-21,48.586144098470484,49.25274331530372,47.72259288012472,49.17699432373047,9069500
2019-03-22,49.13155067047565,49.31334942307567,48.252848993871346,48.30587387084961,5911900
2019-03-25,48.32860340794333,48.47253056698834,47.66957779905321,48.32102966308594,7686800
2019-03-26,48.517982000704436,49.19972884832109,48.44223010347193,48.661903381347656,6332400
2019-03-27,48.58614215544258,48.90429137489355,48.07104094235547,48.22254180908203,5919600
2019-03-28,48.41950626006659,48.43465664050516,47.851379996998375,48.24528121948242,5256000
2019-03-29,49.16185639663701,49.71482934399702,48.97248099124109,49.245182037353516,9601400
2019-04-01,49.646661337034665,50.176910207051144,49.42698515394805,49.90420913696289,5757300
2019-04-02,49.76028415482858,50.58595816130376,49.76028415482858,50.17690658569336,6932100
2019-04-03,50.510207456319534,50.58595646126937,50.131456652291725,50.495059967041016,6687000
2019-04-04,50.47233403471407,50.934410514320476,50.39658502380529,50.63140869140625,5713800
2019-04-05,50.90409050709067,51.56311878930234,50.68442019229701,51.161643981933594,5401100
2019-04-08,51.04802386804478,51.36617310008275,50.676849764000494,51.04044723510742,5308400
2019-04-09,50.95713808710257,51.22226831213898,49.949665193226224,50.06328582763672,5908000
2019-04-10,50.92682915742456,51.18437689726295,50.585950009706934,51.05560302734375,7451400
2019-04-11,51.388907438634995,51.51011047262438,50.017831347482876,50.22993087768555,5994400
2019-04-12,50.570804219297855,50.6313999499957,49.29820140619372,49.44969940185547,6975400
2019-04-15,49.540615105812556,49.96481423216135,48.85886238183796,49.56333923339844,4766400
2019-04-16,49.88147385232172,50.108726619651016,48.74522157423112,48.8891487121582,5820700
2019-04-17,48.9194504735741,49.01034695895484,47.8362230483218,47.91197204589844,7888400
2019-04-18,48.18466995049105,48.18466995049105,46.63179248328905,47.68471908569336,11552900
2019-04-22,47.555953132227785,47.97258135555617,46.624226440277894,46.86662673950195,11480600
2019-04-23,47.01812924197582,47.987730471723694,46.881778707837576,47.752906799316406,10286600
2019-04-24,47.84379552038857,47.86651964112968,47.11659476028357,47.57109451293945,6130200
2019-04-25,47.32112858049068,48.730082099336904,47.00297638769987,48.58615493774414,7944700
2019-04-26,48.805832314700794,49.480008331550486,48.71493003471872,49.351234436035156,8144600
2019-04-29,49.28304406778854,49.692095557417204,49.093668699216614,49.17699432373047,5252500
2019-04-30,49.199720418922325,49.43454981529001,48.442221803855574,49.26789855957031,7164900
2019-05-01,49.10124843615471,49.69967533218562,48.8285474258298,49.13912582397461,5779700
2019-05-02,49.01793003953229,49.53303138179092,48.6316025880186,49.46485900878906,5735800
2019-05-03,49.972375473532416,51.31315060158332,49.919350599073404,50.85107421875,8822500
2019-05-06,50.24509241621652,51.35862091233062,50.025416215414175,51.27529525756836,6304700
2019-05-07,50.790476636558495,51.13134999145715,49.942072896901024,50.298099517822266,7281300
2019-05-08,50.13145949404947,50.32841154150639,49.39668196789926,50.048133850097656,6509500
2019-05-09,49.669379295284905,50.36627937484857,49.05580485341674,50.09357833862305,6116700
2019-05-10,50.025399184226636,50.20719792395999,48.57099770780433,49.66937255859375,5953400
2019-05-13,48.79825067072211,48.88157630733251,47.843799946001255,48.6088752746582,8146000
2019-05-14,48.661905735070235,49.6996851050562,48.55585596345463,49.29821014404297,6810900
2019-05-15,48.98762928066074,49.82845655668997,48.77552974783874,49.46485900878906,5381500
2019-05-16,49.684533521590666,50.532937502590464,49.608784507762664,49.828460693359375,7535400
2019-05-17,49.82088183511578,50.91926271408807,49.692107939426315,50.2678108215332,6660900
2019-05-20,49.98751882281052,50.169323331001046,49.66936960239319,49.88904571533203,4473900
2019-05-21,50.161752944346595,50.540503714655124,49.8511745386401,50.388999938964844,5118200
2019-05-22,50.19206062886869,50.60111221078787,49.790585681599566,50.37385940551758,5764800
2019-05-23,50.56323648874741,51.10106198110674,50.27538793459539,50.881385803222656,6707200
2019-05-24,50.97986327058584,51.10863716384134,50.33598224575046,50.66928482055664,4197900
2019-05-28,49.47241997050827,49.836023224974284,48.44222038165066,48.45737075805664,9821600
2019-05-29,48.18467793982628,48.275577324050616,47.60140135257809,48.00287628173828,7193700
2019-05-30,48.071047692374016,48.207398202610065,47.578673418423044,47.98014831542969,4311900
2019-05-31,47.54837351104471,47.76804965808118,47.09387083893761,47.15447235107422,4871900
2019-06-03,47.3438439641964,48.81339873021396,47.10144371427083,48.19982147216797,9150900
2019-06-04,48.4573716647464,49.025497787226406,48.22254516051799,48.722496032714844,5647800
2019-06-05,49.08610511673324,49.11640009442809,48.17709974536946,48.81340408325195,5226500
2019-06-06,48.82096516926662,49.086095294912546,48.154365987071614,48.27556610107422,4982500
2019-06-07,48.5861437945098,49.71481936593961,48.07861919693881,49.50271987915039,6255100
2019-06-10,49.54059656014935,50.199619130551454,49.449694304555706,50.08599853515625,5942700
2019-06-11,50.09359357585194,50.623848320593474,49.95724301626472,50.07086944580078,5144600
2019-06-12,50.282950981888355,51.101054045736795,50.15417710497097,50.58595275878906,6406800
2019-06-13,50.70830265577204,51.427137372269705,50.7006596985078,51.228309631347656,4452900
2019-06-14,51.16715147122761,51.22068135901686,50.62419796523933,50.74655532836914,5333800
2019-06-17,50.83066245999986,51.580080710698866,50.52477495929221,51.31243133544922,5287300
2019-06-18,51.733027648247266,52.68892244649899,51.52655110460634,52.15361785888672,7385700
2019-06-19,52.02361003837391,52.30655695806677,51.7330201621106,52.19949722290039,4643100
2019-06-20,52.60482295369503,53.010121566567896,51.77892813822521,52.43658447265625,4968300
2019-06-21,52.405992251956974,53.12482723719907,52.20716443670094,53.055999755859375,8718500
2019-06-24,52.86480801426774,53.132463246457995,52.53597994422076,52.64303970336914,4013700
2019-06-25,52.57420750058128,53.51481043460075,52.1000816380397,52.36773681640625,6293200
2019-06-26,52.38304726345817,52.41363660431438,50.9147939082813,50.99126434326172,9479000
2019-06-27,50.96067654759985,51.53421357882373,50.670086552135096,51.29715347290039,5996900
2019-06-28,51.350669371304434,52.01596841228997,51.12890107953633,51.66419982910156,19742500
2019-07-01,52.00068206762772,52.65833821934621,51.450085676949975,51.87068176269531,6014500
2019-07-02,52.4900988572484,52.719515960748815,51.970091812390834,52.64303970336914,6010200
2019-07-03,52.818941271064155,52.818941271064155,52.24540419087988,52.765411376953125,2906000
2019-07-05,52.428927332502255,53.03305367538019,52.26833767188712,52.40598678588867,4118300
2019-07-08,52.20715544061442,52.36010213150276,50.74655100712896,51.60303497314453,7191900
2019-07-09,51.37361004057373,52.13832587575088,51.044781998074804,51.80949783325195,5201400
2019-07-10,52.00068151100014,52.405980006933014,51.15949518283312,51.58773422241211,4072300
2019-07-11,51.24360184147802,51.53419171364992,50.11946880374052,50.61653518676758,5833100
2019-07-12,50.60125081123412,50.99125756238701,50.38713128803471,50.67007827758789,4740700
2019-07-15,51.220673138989,52.19185975711245,51.11360754627248,52.0542106628418,7495100
2019-07-16,52.05421326771453,52.1536242385383,50.86125828055111,51.190086364746094,5573200
2019-07-17,51.33537907638217,51.557147399638524,51.0906702083613,51.17478942871094,4858500
2019-07-18,50.95302021548238,51.694795599616796,50.700668393160804,51.39655685424805,4002500
2019-07-19,51.63362557945233,51.6412743736288,49.63772203911095,49.73713302612305,8876400
2019-07-22,49.93596081059507,50.33361059277385,49.515364645897854,49.63772201538086,6302600
2019-07-23,49.76006045420802,50.807723275970346,49.46182173748717,50.77713394165039,7854200
2019-07-24,50.83831895296577,51.09831957564506,50.34125241830983,50.960670471191406,4592400
2019-07-25,50.90712895613639,51.2894868439951,50.624182018766334,50.71595001220703,4061200
2019-07-26,50.73890157522628,51.266557442088626,50.41007348685577,51.17478942871094,4790600
2019-07-29,52.0695005953211,52.30656648148162,51.46538019445538,51.901268005371094,5571700
2019-07-30,51.84774395776895,51.8706845028725,50.9759682379156,51.30479049682617,6694500
2019-07-31,50.20361528704372,51.02186131579718,49.06418988273942,50.10419845581055,10366300
2019-08-01,50.21125019305469,51.067728290946626,49.767713558463804,50.06595230102539,8259800
2019-08-02,49.85183666479929,50.05830741255373,49.133001775728445,49.66830062866211,6753100
2019-08-05,49.17123889649306,49.41594777198628,48.077691915715356,48.4524040222168,7230000
2019-08-06,48.528883831236264,49.05653981619304,47.90181685194426,48.926536560058594,7052100
2019-08-07,48.437108381531246,49.09476164800625,47.825336205066215,48.85005569458008,5450400
2019-08-08,48.72769945635228,49.630064477185456,48.6435802382333,49.568885803222656,5188900
2019-08-09,49.47711316564988,50.257126599937486,49.21711257709996,49.89006042480469,5233000
2019-08-12,49.65301745084629,50.06596485198799,48.55182729829556,48.926536560058594,5703200
2019-08-13,48.72770507436567,49.69889183963943,48.72770507436567,49.171241760253906,4779600
2019-08-14,48.70475147949211,48.78887068981218,48.11591992441106,48.268863677978516,6382100
2019-08-15,48.391223541878766,48.79652497200675,48.05474957990138,48.07769012451172,4490800
2019-08-16,48.49063042244865,48.567100838204574,48.05474263488926,48.284156799316406,6967500
2019-08-19,48.70475014659388,49.26299235225218,48.70475014659388,49.02593231201172,6163200
2019-08-20,48.97240780601437,49.178878535581404,48.467695419735556,48.51357650756836,5286400
2019-08-21,48.97240380721996,49.14064222796212,48.689456841942786,49.04122543334961,4493700
2019-08-22,49.178871823772624,49.47711052262182,48.59004321777561,49.110050201416016,5084900
2019-08-23,48.995341122236816,49.45416943583769,47.55767459997653,47.80238342285156,7488300
2019-08-26,48.406519151995155,48.42946261421145,47.66474666262492,48.17710494995117,4053200
2019-08-27,48.56710634568141,48.85769920939382,48.13121850869263,48.41416549682617,5227000
2019-08-28,48.20769835166992,49.08712293698707,47.970635336517965,48.666526794433594,5441100
2019-08-29,49.14829058834516,49.26299914548941,48.39887223906596,48.750640869140625,4758500
2019-08-30,48.93417248744925,48.94946715574686,48.06239389744385,48.590049743652344,5301200
2019-09-03,48.29181246226893,48.43710743974187,47.61886162266203,48.1541633605957,4909200
2019-09-04,48.45239616715304,48.68945621095268,47.710620867667785,48.38357162475586,5898200
2019-09-05,48.51358212618503,49.324182138641085,48.42946581636302,48.98770523071289,6011100
2019-09-06,49.17123609110339,49.70653490247922,48.88064030693982,49.568885803222656,6833300
2019-09-09,49.43887946991531,50.90713246011746,49.42358188612973,50.723602294921875,8701000
2019-09-10,50.532437431268555,51.37362391019949,50.295371491024824,51.29715347290039,7419700
2019-09-11,51.228330792369434,52.1230530789447,51.228330792369434,52.06187438964844,8853300
2019-09-12,52.10046521945776,52.131340275875225,51.14336202577589,51.22054672241211,6495500
2019-09-13,51.521558531577746,52.092732213247324,50.91178956664378,51.34402847290039,4814700
2019-09-16,51.16649376058448,51.27455346488379,50.68022509123762,50.85002899169922,4644100
2019-09-17,50.86548762114589,51.12791674278132,50.386933124922386,51.07388687133789,4819800
2019-09-18,50.95039076945836,51.058450508577174,50.25571681168446,50.7265510559082,4295400
2019-09-19,50.82687641267203,51.28227594832994,50.66478684910947,50.911781311035156,4171100
2019-09-20,50.85776159607723,51.729959675465615,50.85776159607723,51.266845703125,9700400
2019-09-23,51.135628223094024,51.197378319546544,50.07817990439461,50.7342643737793,5259100
2019-09-24,50.93494231124201,50.96581735883616,49.58418989526698,49.83118438720703,5823400
2019-09-25,49.78487795107253,50.04730703922286,49.41438324500983,49.55331802368164,4914500
2019-09-26,49.7231310401467,49.7231310401467,48.69656060347825,48.85865020751953,6398400
2019-09-27,49.06704768371513,49.33719699787858,48.295189135354775,48.549903869628906,7410900
2019-09-30,48.62709162080514,49.25229814448768,48.51903188830845,48.9203987121582,8291400
2019-10-01,49.09020968894697,49.65366910286641,48.59622061673931,48.796905517578125,4899200
2019-10-02,48.58077705159972,48.58077705159972,47.48473930192716,47.56192398071289,6409700
2019-10-03,47.654547767998295,48.117661716304234,46.99846623942377,48.03275680541992,6325200
2019-10-04,48.20257447592554,48.41097666991896,47.793487379090834,48.287479400634766,5138700
2019-10-07,48.279743532681174,49.074759706663315,48.07134140616583,48.418678283691406,5980700
2019-10-08,48.109943469367174,48.23344071608583,47.36895704464863,47.61595153808594,4559800
2019-10-09,48.07906754356388,48.187127264418486,47.66998052894873,47.83979034423828,3516200
2019-10-10,47.94784821751092,48.943546368857916,47.85522602383408,48.82776641845703,5718400
2019-10-11,49.36036029950333,49.777161724674016,49.14423787949617,49.3912353515625,5598100
2019-10-14,49.26773087908608,50.186238515994496,49.26773087908608,49.79259490966797,4354500
2019-10-15,50.03958459602722,50.74197272150883,49.86977479526103,50.40235900878906,5675700
2019-10-16,50.21710882936325,50.85003252226605,50.17079920682314,50.440948486328125,4854900
2019-10-17,50.40236512847969,50.703389488637285,50.00099538906066,50.34833526611328,4682600
2019-10-18,50.479554131235105,50.51814352833936,49.55332026852528,50.10134506225586,8805600
2019-10-21,50.124486564499556,50.45638591327093,50.01642685920769,50.3328857421875,3737000
2019-10-22,50.718826206755345,51.39805963211503,50.687951157128055,50.8346061706543,5881800
2019-10-23,50.72654013527269,51.444368755632695,50.57988513997793,51.39033889770508,6056100
2019-10-24,51.52155130559748,51.52155130559748,50.657067725516036,50.942657470703125,5555400
2019-10-25,48.62708617010779,49.60734388753855,48.25659443833099,48.874080657958984,12014700
2019-10-28,49.11334421776158,49.36033863702391,48.45726289926636,49.190528869628906,7854900
2019-10-29,49.39895173683555,49.39895173683555,48.82005777116951,48.974430084228516,5534200
2019-10-30,48.97442348228351,49.09020049316535,48.37237183695302,48.74286651611328,6289200
2019-10-31,48.5576273494575,49.26001860022648,48.42641279282487,49.175113677978516,6438100
2019-11-01,49.3757867485636,50.16307978860185,49.21369423382033,49.90837097167969,4956800
2019-11-04,50.29429635533313,50.54129080868772,49.422092591290166,50.3328857421875,7008700
2019-11-05,50.487268928923264,51.15106184247902,50.31745911127355,50.47182846069336,6599100
2019-11-06,50.6570742888582,51.07387861064255,50.224835387221106,50.48727035522461,6010500
2019-11-07,50.186252328038094,50.302032315980505,48.96671705857313,49.36808395385742,7746000
2019-11-08,49.03617414738387,50.57217105712291,49.02845685720121,50.464111328125,4953100
2019-11-11,50.18624083854268,50.28658621990022,49.65366243803829,49.89293670654297,3696400
2019-11-12,49.831183265874266,50.06274317321313,49.514724340578425,49.645938873291016,4243200
2019-11-13,49.51472535762986,49.51472535762986,48.70427155410987,48.88180160522461,4482600
2019-11-14,48.804609503463766,49.398940864063285,48.148530997875454,49.252288818359375,7548200
2019-11-15,49.52246128559201,50.34062969366649,49.39896105631998,50.224849700927734,6908600
2019-11-18,50.078185048569914,50.30202475459376,49.18283211328845,49.6227912902832,6163600
2019-11-19,49.96240006492634,50.20939453340028,49.78487003032978,50.170799255371094,6135100
2019-11-20,50.00099373191255,50.402363458029264,49.76943971036504,50.07817840576172,7633900
2019-11-21,50.24798972523237,50.788294235971925,49.792596013725024,50.7342643737793,5392000
2019-11-22,50.780570720963546,50.89635067212856,50.31745680511641,50.37148666381836,4589300
2019-11-25,50.59533587197047,51.93064801257861,50.54902034948406,51.88433837890625,7492900
2019-11-26,51.691370710552384,52.216234787264746,51.467531012811875,51.93064498901367,6923500
2019-11-27,51.9306346379337,52.09272420285512,51.48295533168642,51.8071403503418,4980300
2019-11-29,51.745391863480954,51.992386335120926,51.56786182660877,51.89976119995117,2658800
2019-12-02,51.90747617170106,52.115875343692274,50.896343576047656,51.0352783203125,7642100
2019-12-03,50.78057701059184,51.09703596823869,50.30202256794923,50.99669647216797,5333300
2019-12-04,51.17423423837124,51.88434283006657,50.98898391016107,51.521568298339844,5093400
2019-12-05,51.63733745330589,51.67592684698019,50.47954964443721,50.888633728027344,5847800
2019-12-06,51.2745663734617,52.1390501143056,51.004417044702265,51.776275634765625,4140400
2019-12-09,51.85346806379922,52.39376680204791,51.58331869467487,51.66050338745117,5983700
2019-12-10,51.598745567973026,51.85346031600922,51.04300644091721,51.776275634765625,4272900
2019-12-11,51.992379739142315,52.478648387264776,51.79941514862852,52.316558837890625,5589800
2019-12-12,52.32436445284757,53.103464536226035,52.21528497263762,52.69053649902344,5732200
2019-12-13,51.615387638106604,52.0516818428343,50.99989777411562,51.241416931152344,8198900
2019-12-16,51.61536470223612,52.03607933158684,51.490705873957346,51.51408386230469,11647500
2019-12-17,51.560844258587274,51.740039894899134,51.25699569863139,51.57642364501953,7881300
2019-12-18,51.66212224132128,51.810153152427944,50.84407075798308,51.17129135131836,10105600
2019-12-19,51.35050266028301,51.35050266028301,50.766177446273765,50.86745834350586,9495300
2019-12-20,51.10116469988523,52.19969852192889,50.773944135725415,52.08283233642578,23440000
2019-12-23,51.9659788322335,52.51135251631573,51.84132589625582,52.00493621826172,7038200
2019-12-24,52.0516644499157,52.15295124507045,51.64653510147893,51.98154830932617,1965800
2019-12-26,51.973760923004605,52.12958449134905,51.537466819762855,51.724449157714844,3527400
2019-12-27,51.71665845722272,51.80235993705134,51.19466285758408,51.38164520263672,4463900
2019-12-30,51.21024989801025,51.49851311791797,50.493473320580904,50.58696746826172,5864300
2019-12-31,50.37661897380854,50.688254281167026,50.135093883324494,50.62593078613281,6984700
2020-01-02,51.05442806020376,51.21803836618022,50.67267067959202,50.820701599121094,5038200
2020-01-03,50.353246542404705,50.92978500168885,50.298709763181954,50.69605255126953,4689700
2020-01-06,50.38439429052855,51.28815312066629,50.376607570450936,51.14791488647461,8248700
2020-01-07,50.844066502940635,50.86743855135696,49.994844431426976,50.73499298095703,8082600
2020-01-08,50.72720482896393,51.60758574730148,50.493472435887995,51.26478576660156,6607300
2020-01-09,51.27258360239707,51.47515132403859,50.87524676971861,51.295955657958984,5942300
2020-01-10,51.42060689763917,51.490723053895245,50.625927406426605,50.664878845214844,5153900
2020-01-13,50.68047756578002,50.84408791766552,49.924749313692026,50.103939056396484,6868900
2020-01-14,50.181839056577424,50.29869931344581,49.792286044153464,50.01822280883789,9929700
2020-01-15,49.916943194620075,50.58696975648574,49.84682406670318,49.94031524658203,7080600
2020-01-16,50.08834736134259,50.1584635188993,49.1767986767011,49.23912811279297,10633900
2020-01-17,49.47284702343071,49.47284702343071,48.74828382926213,49.06771469116211,13457600
2020-01-21,49.01318720772378,49.02097690103579,48.483398901576436,48.795040130615234,12261100
2020-01-22,48.92748143469987,49.41831528722416,48.7716608338316,49.39494323730469,7906100
2020-01-23,49.27808057841169,49.90914974775081,48.88074084112524,49.81565856933594,14648700
2020-01-24,49.91693921831186,50.01822008343314,48.95864652780445,49.20016860961914,18685100
2020-01-27,49.08330687807289,50.080554066767924,48.927486261831525,49.72996139526367,10421600
2020-01-28,50.057178005413604,50.548008895020835,49.93251914477972,50.142879486083984,10241100
2020-01-29,50.1896376722308,50.75059081438835,50.033819996770724,50.09614944458008,7071000
2020-01-30,49.784488036655624,49.94030564916536,49.10666893971039,49.88576889038086,8771800
2020-01-31,49.70658699535762,49.80787084299136,48.77166625819722,49.23912811279297,11416800
2020-02-03,52.77625183850393,53.50860801123712,51.023276190712465,51.70109558105469,35527100
2020-02-04,52.97879605666716,52.98658872042429,52.10620198175427,52.51133728027344,15904100
2020-02-05,51.59201600297499,51.84912049459287,49.91694939039863,51.319332122802734,21184500
2020-02-06,52.42564723149952,54.45909899863592,51.45956475729355,53.142417907714844,28805500
2020-02-07,54.52142539161596,55.46413576091267,53.28265319218419,53.65662384033203,27320100
2020-02-10,54.007211235591015,54.06954066155792,52.67495096186978,53.75010681152344,24347800
2020-02-11,53.70337391009195,53.75011801728167,52.58926045092468,52.79182815551758,12858700
2020-02-12,52.589262638072675,52.838574460223995,51.66992417937793,52.1607551574707,13927100
2020-02-13,52.300982769241855,52.799606311917834,51.8257312763692,52.04388427734375,8031000
2020-02-14,52.51912990685219,52.71390489221676,52.23086078865072,52.635990142822266,9109100
2020-02-18,52.6359981092857,52.82298640326019,51.97376424762917,52.207496643066406,9904700
2020-02-19,52.35552302033002,52.620420138553285,52.05946712966815,52.472389221191406,7754000
2020-02-20,52.40227089337214,52.480179709360634,51.498511984532975,52.199703216552734,8697200
2020-02-21,52.33993534193269,54.36559404104611,52.05166621801979,54.30326461791992,22478200
2020-02-24,57.567690127206745,58.05852091574831,55.7757580109673,56.796382904052734,42905000
2020-02-25,57.44304699800303,57.536535196054004,53.77348067890507,54.61491012573242,39199200
2020-02-26,55.565430921094546,58.79869822473134,55.09797194872782,58.198787689208984,35000500
2020-02-27,61.0113319482597,61.45541880403193,56.29777952191627,56.60942077636719,51482500
2020-02-28,54.669452663631915,55.378436608731086,51.91143759265127,54.03838348388672,33786900
2020-03-02,54.78632190946883,58.751944734872275,54.59933953917411,58.7441520690918,31113000
2020-03-03,57.86375688678695,58.2922642829412,55.7134450735262,57.817012786865234,24482000
2020-03-04,58.35459317882152,59.21939468383789,56.554868075485594,59.21939468383789,23741700
2020-03-05,58.43250811669196,60.38025838724836,58.06633011477742,59.312889099121094,22727600
2020-03-06,58.681820762302564,62.639650795891974,58.51041778496459,62.499412536621094,31704700
2020-03-09,60.707475681349045,60.91783602772307,56.94442093815111,57.27943420410156,32839400
2020-03-10,58.82984770696573,58.868799143867705,53.58650164214285,56.3600959777832,27660000
2020-03-11,57.575482203006054,58.72854669437295,56.70288819932975,57.41965866088867,32018600
2020-03-12,55.39088640891425,57.29386538449468,53.37781213777061,53.92826461791992,26364600
2020-03-13,56.562554785025355,56.6175994333867,53.078999468800035,55.6346549987793,30116100
2020-03-16,52.874540523835975,57.246681049786666,50.64915908642032,54.179893493652344,26764600
2020-03-17,55.04489180172788,59.82593527236663,54.258536204560336,58.59921646118164,28823700
2020-03-18,57.88364488771855,62.908457446287315,57.3803777081017,62.452369689941406,34965900
2020-03-19,63.67906285377772,67.60297461513713,61.56376491055458,61.768218994140625,46268200
2020-03-20,62.515266885606465,64.1666123581731,56.75127920333769,57.6084098815918,35110200
2020-03-23,59.21257700465323,59.21257700465323,54.148445198313006,57.0972785949707,19875200
2020-03-24,59.07888998681279,59.62934246843569,56.70409887861603,58.15885543823242,20608100
2020-03-25,58.08808278121641,58.57561935021706,54.52588733673766,54.77752685546875,24138100
2020-03-26,54.966248514978865,58.119535627340895,54.84829399467698,58.08021545410156,18351900
2020-03-27,57.96227711466228,59.28335491212258,56.54684047415197,57.2860107421875,16521600
2020-03-30,59.25187827829161,60.09327831756711,58.10380011251299,59.70796585083008,15929400
2020-03-31,59.72369610271487,60.02251502372295,58.0251713913993,58.78793716430664,12111900
2020-04-01,58.44193231685111,58.496976954148145,56.61758805290093,57.01863098144531,12177600
2020-04-02,56.46817624666073,60.926815678851135,56.13004320329207,60.53363800048828,20482100
2020-04-03,60.87178888090774,62.491679470620795,60.04611311463471,61.50086975097656,19421800
2020-04-06,62.31080552145573,62.63321414262585,59.66865067254305,61.1234130859375,19101100
2020-04-07,60.78527002017346,61.08408288878965,57.01076199844163,58.7171516418457,19917900
2020-04-08,58.7643400681657,59.07887741999653,57.85216494949313,58.968788146972656,12215400
2020-04-09,58.48125886457025,58.662117264236976,57.364629529959664,57.80499267578125,12798600
2020-04-13,59.605761944111386,59.76303067770672,57.97014071728234,59.19685363769531,16255600
2020-04-14,59.74728328213874,61.21776397530157,59.244010328994975,61.139129638671875,14379300
2020-04-15,59.88883990458107,60.22696702225107,58.55989714217303,58.68571090698242,11397400
2020-04-16,58.85084086611555,60.51791663281572,58.54416271083533,60.18764877319336,20935400
2020-04-17,66.9738973616102,67.46143993770764,63.70266155898532,66.0459976196289,94348500
2020-04-20,65.25963390297902,66.9817541735134,63.41956512028394,63.89924240112305,31003600
2020-04-21,63.10503109417935,64.66987691437284,61.54018527398588,61.752498626708984,19989400
2020-04-22,62.57817263424539,64.13515317712162,61.972675534691874,63.93856430053711,13970300
2020-04-23,64.61484350137441,66.05387580703066,58.50486262896782,61.162742614746094,65439700
2020-04-24,60.62799250883625,63.02637857671623,59.95959170285136,62.625335693359375,24424200
2020-04-27,62.829795837402344,63.22297352599758,61.52444303154675,62.829795837402344,14640700
2020-04-28,62.821933916368344,62.963478131702814,61.39863252841642,61.862579345703125,9778200
2020-04-29,66.03027818663186,66.84808869953312,62.947765791446514,65.37760162353516,78230200
2020-04-30,67.20981485990065,67.36708358193088,63.9543031186539,66.05387115478516,39332600
2020-05-01,63.85204658180773,64.0093212380614,61.03689922813588,62.869102478027344,34498100
2020-05-04,64.18234315465169,64.29243245342023,62.27149889828794,63.10503387451172,19203000
2020-05-05,62.38158338480219,62.77476113562119,61.736772113435684,62.232173919677734,14925900
2020-05-06,62.04343750295838,62.40516023929491,60.753815225788095,60.918949127197266,12591900
2020-05-07,61.25708889849956,61.67385631446295,60.399958364278426,61.02904510498047,13491700
2020-05-08,61.14701174967294,61.68173378552782,60.4471557614916,60.9346923828125,10539200
2020-05-11,61.15487404828348,63.631895456052824,61.036925504584644,63.53753662109375,13340500
2020-05-12,63.073566888840624,63.28588620979464,61.26495304053876,61.29640197753906,12140800
2020-05-13,62.35801017034437,62.39732435617316,60.47075526744205,60.5965690612793,11166300
2020-05-14,60.19551408979039,61.18631767000736,59.629337187142895,60.7302360534668,10711900
2020-05-15,60.132586885384555,60.43139972038654,59.33050117127298,59.96745300292969,12350800
2020-05-18,60.12473907598478,60.156194015007536,58.080216034835075,58.78793716430664,16586800
2020-05-19,57.930814543121116,58.85871437397492,56.853511230627944,56.88496017456055,14152000
2020-05-20,57.254536430569146,58.26107041213343,57.17590208814989,58.10380172729492,13429500
2020-05-21,57.77352943965772,58.135252186458324,57.317441889572706,57.797119140625,7193500
2020-05-22,57.474702538150105,57.7892458391022,57.17588970192358,57.67129135131836,6268500
2020-05-26,58.17458857411337,58.42622212028158,56.94001055081672,57.545501708984375,12308100
2020-05-27,56.91642112715851,58.960950664825624,56.91642112715851,58.898040771484375,11752300
2020-05-28,58.96878802894913,59.896687613589926,58.90588415835811,59.22828674316406,10511700
2020-05-29,59.582156579335276,61.430096896419535,58.66998727334721,61.20205307006836,24375100
2020-06-01,59.346253955936064,60.47074262554466,58.48912329197448,59.10248565673828,14665300
2020-06-02,58.4812650312687,58.69357839226888,57.37250081433222,57.6084098815918,16897900
2020-06-03,58.489102756381236,58.622787711684495,57.68702302163463,58.50483322143555,12654500
2020-06-04,58.28467226227508,61.47727369669942,58.14312803122385,60.97400665283203,14740900
2020-06-05,60.35279846191406,60.96615493262994,59.92030043798994,60.35279846191406,11047100
2020-06-08,62.357989355752004,62.365848590643644,60.33705609665067,60.525779724121094,17973400
2020-06-09,60.54935512488058,61.43793441043051,60.305586913670986,61.013301849365234,7804300
2020-06-10,61.17848113195146,61.642428155212485,60.45502926604888,60.60443878173828,7790800
2020-06-11,60.247404516526316,60.46160778818774,57.71659912651598,57.78799819946289,12098200
2020-06-12,58.17675228779359,58.48616040612748,57.05018908499728,58.073612213134766,8375600
2020-06-15,58.12121246740807,59.08117167875547,57.44686165563089,58.68449401855469,6411800
2020-06-16,59.17636286868486,60.02525876356177,58.47027720813376,59.20016860961914,9619700
2020-06-17,59.12878343558118,59.350922003331576,58.43063278653392,58.51790237426758,7534100
2020-06-18,58.22436890211797,58.85112057293435,57.92289594328429,58.74005126953125,5516100
2020-06-19,59.12084432657979,61.881723902389446,58.78763649670565,61.461246490478516,19322700
2020-06-22,60.67582127501207,60.890024561367774,59.533387606925345,60.033199310302734,8943000
2020-06-23,60.033185700074,60.35052898624387,59.35089975329568,59.54130935668945,7117100
2020-06-24,59.422316400715765,60.334676255721526,59.28744744508403,60.239471435546875,7982000
2020-06-25,60.136344232970934,60.19980806745643,58.97011077819483,59.89039993286133,7172900
2020-06-26,59.58099992929182,59.79520931498105,58.49410671173196,59.1605224609375,10389200
2020-06-29,60.71549929309256,60.73929899114882,58.8193800121924,59.152587890625,8775300
2020-06-30,58.97804980231658,61.21531830653763,58.63691272004406,61.04077911376953,9402600
2020-07-01,61.167703609495895,61.27084369116958,60.21567949646021,60.342613220214844,7786900
2020-07-02,60.54095792388715,61.15977426236019,60.017346427033914,60.57269287109375,6381000
2020-07-06,61.49298104980407,61.61198557482139,60.350547294152356,60.89796447753906,7056600
2020-07-07,60.6837542416518,61.056632256646935,60.540950024266884,60.62821960449219,5055700
2020-07-08,60.85035395867395,61.088362988849845,59.44611762853517,59.985599517822266,6293500
2020-07-09,59.588900094422776,60.1680459088842,58.66860530319795,59.27155685424805,5199800
2020-07-10,60.37434618480018,60.96936274914346,59.91419858903089,60.548885345458984,9553800
2020-07-13,60.70754815486411,62.15145463633924,60.25533585167741,60.83448791503906,9626600
2020-07-14,60.46161050358824,61.3660351184587,59.850729547264535,61.23910140991211,6904200
2020-07-15,61.080429760650645,61.31843879869866,60.4854132183519,60.810691833496094,6018800
2020-07-16,60.771022320901714,60.890026841253444,60.00146661582468,60.802757263183594,4862200
2020-07-17,60.71549750680152,61.60405787596891,60.46162398029974,61.49298858642578,6940100
2020-07-20,61.683385496353274,62.62748040741261,61.31050747088205,61.945194244384766,6974400
2020-07-21,61.36601910471157,61.87376591204098,60.771002747420596,60.9138069152832,5636600
2020-07-22,60.98522198662452,61.28669481121126,60.263265783171036,60.49333953857422,4734800
2020-07-23,60.636171132579214,60.92971489512913,59.79521610044043,59.94594955444336,5854400
2020-07-24,59.87453318420208,60.01733739873888,58.01014919923152,58.422691345214844,8149000
2020-07-27,58.62103269125535,59.17637907541614,58.16882033477539,59.136714935302734,7678500
2020-07-28,59.23985638013801,59.53340010727435,58.39890144945333,58.49410629272461,5484400
2020-07-29,58.58930931675606,58.58930931675606,57.542080176390115,57.92289352416992,8345200
2020-07-30,57.5579314746172,57.5975956093296,56.89150985154831,57.383392333984375,9274100
2020-07-31,55.320677282561824,56.19336705265507,54.36071187735546,55.16200256347656,20551100
2020-08-03,55.312751818688206,57.24060611367081,55.225482220958,56.90739822387695,9671800
2020-08-04,57.13744920499716,57.36752298106893,55.907752053632656,56.23302459716797,9799700
2020-08-05,56.042622236243915,56.17749119498362,54.725655483994274,54.741519927978516,12271400
2020-08-06,54.75737841754524,55.2413256195234,54.440041149799896,54.59077453613281,8318000
2020-08-07,55.027130805398464,55.320674481225474,54.59078291603688,55.019195556640625,8069000
2020-08-10,54.86053020343195,54.939864537325846,53.91643528747605,54.352783203125,10278000
2020-08-11,54.30516949064452,54.88432154023474,53.88469213749994,54.027496337890625,10236900
2020-08-12,54.49559120847097,54.82879906565039,54.24964688765768,54.61458969116211,9116600
2020-08-13,54.71771283325631,54.89225195757614,53.9402220211462,54.09096145629883,7468100
2020-08-14,54.0195661992511,54.598718303619854,53.94816711871293,54.344844818115234,9169200
2020-08-17,54.20205191161051,55.01920717439916,54.19411666117707,54.860538482666016,6848800
2020-08-18,54.92399855711135,55.336540713526276,54.72565970150731,54.78912353515625,6327500
2020-08-19,52.5121920795387,53.527685949923644,51.96477495607582,52.123443603515625,19680300
2020-08-20,52.23451309766121,52.48839261919806,52.00444537370508,52.401123046875,8339300
2020-08-21,52.18691609073711,53.051676605101605,51.89337847302703,52.75813293457031,9898000
2020-08-24,52.64705764164355,53.12306960610131,52.004441792266604,52.42491912841797,8566200
2020-08-25,52.2900537826131,52.551856446761334,52.13137908165257,52.401123046875,7456600
2020-08-26,52.2662555342615,52.2662555342615,51.69504468733917,52.04411697387695,7522600
2020-08-27,52.036176825946804,52.24245092095231,51.82197353511815,52.00444793701172,7919600
2020-08-28,51.7426371603291,52.16311452953023,51.552233570144274,51.77437210083008,6821000
2020-08-31,51.9330450856896,53.06754357881377,51.90131014253951,52.95647430419922,9083900
2020-09-01,52.62327460365317,52.734343895413154,51.49671118561767,52.22659683227539,8348000
2020-09-02,51.82197534496727,53.12307773831063,51.82197534496727,52.98820877075195,8334700
2020-09-03,53.00407316488027,53.495955699577856,51.94891506654572,52.29005813598633,10457400
2020-09-04,52.139314801464366,53.10720930120416,52.02824553619793,52.369388580322266,8762200
2020-09-08,51.66330174587429,51.861640580206526,50.73507442746604,50.88581085205078,10729400
2020-09-09,50.99688122653401,51.63156793135855,50.46533459161552,51.17935562133789,9309700
2020-09-10,51.32215837681688,51.59983153252215,50.41773075592596,50.59226989746094,8420600
2020-09-11,51.068288539454855,52.29005656414787,50.949284020609326,52.02824783325195,10213000
2020-09-14,51.65948352635456,54.449284506297936,51.555262780737664,53.182647705078125,18854200
2020-09-15,53.74381588777107,53.81596306181813,52.84594565232838,53.070411682128906,8327700
2020-09-16,53.16662124686033,53.35100757707542,52.59743770368367,52.6295051574707,7563600
2020-09-17,51.96410452439056,52.541306296474076,51.62740552942173,52.140472412109375,8498300
2020-09-18,52.068330662235994,52.24469858900886,51.34683440360667,52.148502349853516,14256900
2020-09-21,51.95608564562519,52.08435542321085,50.87383539126457,51.4750862121582,8575200
2020-09-22,51.37088674118129,51.771720739880436,50.73756828928765,50.82575225830078,7228200
2020-09-23,50.91392376023222,51.37087724777471,50.505074502688096,50.57722473144531,8520200
2020-09-24,50.26457884031031,50.37681185901768,49.42282814188462,49.90382766723633,9004600
2020-09-25,49.7835762568382,50.11225997938996,49.519027435330884,49.90382766723633,7142800
2020-09-28,50.45697689400861,50.833761788362104,50.1202778414445,50.38482666015625,7474700
2020-09-29,50.47300413571817,50.52912063727055,49.66332100037667,49.7835693359375,8657900
2020-09-30,49.98399323876995,50.8497960542055,49.791594651864536,50.65739440917969,10072600
2020-10-01,50.769626514843395,51.07425809663559,50.27259024495478,50.7616081237793,8356500
2020-10-02,50.74558061645687,51.178482043346776,49.823664308954896,49.83969497680664,7796600
2020-10-05,51.07426031178923,51.37889190679367,50.5852424117554,50.98607635498047,10193900
2020-10-06,51.13839989552095,51.13839989552095,49.983996076077915,50.12028121948242,8398100
2020-10-07,50.288628021111386,50.641360803350125,49.93589523887265,50.37681198120117,6351400
2020-10-08,50.769626514843395,51.34682834665203,50.52110837989909,50.7616081237793,6434900
2020-10-09,51.79575902278714,51.85989391713082,51.08227514287409,51.17847442626953,9364500
2020-10-12,51.3628659083557,52.10039896302322,50.94599820253992,51.7476692199707,7750200
2020-10-13,51.747670124894974,52.10039987411576,51.306750293067424,51.69956588745117,6450200
2020-10-14,51.63542937723866,51.77972371927097,50.85780752266256,51.34682846069336,7138900
2020-10-15,50.889874851949585,50.94599135691126,50.224492125352484,50.47300720214844,9630700
2020-10-16,50.0240833332533,50.39284987126912,49.56713282785964,49.70341491699219,12307200
2020-10-19,49.703407380573275,49.7835729434229,48.268421175475616,48.55702209472656,9643600
2020-10-20,48.57305255365411,48.82157067477391,47.98783542145586,48.540985107421875,9208000
2020-10-21,48.29247328844556,48.500905586716414,48.019906093402014,48.2684211730957,7493700
2020-10-22,48.03593329077989,48.82157042891318,47.81948567510232,48.637184143066406,17061800
2020-10-23,50.80971470189892,51.018147019940024,48.709342505171485,48.733394622802734,30965400
2020-10-26,48.388672978447765,48.65322178453769,47.6190725594877,48.0680046081543,10256300
2020-10-27,47.947762115123105,48.26842746643499,47.65114276605585,48.10809326171875,7699900
2020-10-28,47.54692060951332,47.75535290198184,46.544835811237526,47.073936462402344,12150800
2020-10-29,46.336402237621826,47.210220337553515,45.727136002478,46.9216194152832,12529400
2020-10-30,46.32838820536817,46.961706573897786,45.83937030202556,46.61698913574219,11869100
2020-11-02,47.12203638262423,47.41865569613552,46.360454353224505,46.9216194152832,9352600
2020-11-03,47.15409861404075,47.61104900436997,46.81739961405918,47.16211700439453,6599700
2020-11-04,47.611057006351615,49.054058642448894,47.59502328106915,47.99585723876953,12935200
2020-11-05,48.37263879949043,48.47685647757435,47.45873792829963,47.8034553527832,7519800
2020-11-06,47.6351014101032,47.69923630496552,47.07393637065852,47.35451889038086,7209800
2020-11-09,47.61907513619024,48.3966909303309,47.290391415008216,47.3384895324707,10807100
2020-11-10,46.84947067802511,49.2624927542726,46.64103837091963,48.59710693359375,10524400
2020-11-11,48.84562260332079,48.997938394702594,47.747338499289505,48.18023681640625,7336400
2020-11-12,48.019902132701574,48.092052356559776,47.23426500263675,48.08403396606445,9226200
2020-11-13,48.06800366438009,48.88570524026538,47.91568787344741,48.573055267333984,6740800
2020-11-16,48.30850638594854,49.14224173723533,48.300491052508626,48.97389221191406,6969300
2020-11-17,48.74140043399222,48.9418173790811,48.39668304378975,48.877685546875,5488400
2020-11-18,48.933815825742876,49.41481540614917,48.54901554979369,48.82158279418945,8884200
2020-11-19,48.50091155093206,48.86967807836211,48.019911998468565,48.60512924194336,7525100
2020-11-20,47.77940677331169,48.308507477794414,47.683207479256765,48.18825912475586,9440800
2020-11-23,48.156190879137654,48.33255879709414,47.595022733192764,48.01189041137695,8684000
2020-11-24,47.803458087597456,48.88570853737106,47.77139063741088,48.30049133300781,7827300
2020-11-25,48.244372214690074,48.45280451338788,47.675188766207405,47.69923782348633,8336100
2020-11-27,47.81147263077875,48.14817473593145,47.52287170011083,48.124122619628906,5040700
2020-11-30,47.907666564616896,48.733386481278636,47.811467284524646,48.637184143066406,16315700
2020-12-01,48.757444106611835,49.687378799273255,48.741410380758296,48.99794387817383,9620100
2020-12-02,48.95785738321278,49.59919107815971,48.86967342676003,49.005958557128906,6470300
2020-12-03,48.941828446064186,49.3266287006735,48.540994465247735,48.789512634277344,7368900
2020-12-04,48.75744943075095,49.43886603427161,48.66125012324564,49.350685119628906,7232300
2020-12-07,49.438859084007284,49.46291120109293,48.4287588519023,48.76546096801758,7405100
2020-12-08,48.54899871294872,49.10214834439515,48.52494660158518,49.03801345825195,6185000
2020-12-09,49.03802118545823,49.22240748311488,48.4768561338777,48.75743865966797,7231600
2020-12-10,48.6291725768117,48.821574210017175,48.2042895868882,48.46082305908203,7239500
2020-12-11,48.27644459073525,48.749428800259686,48.17222690168871,48.70934295654297,7845100
2020-12-14,48.960666156019876,48.98498740511885,48.441792223691195,48.5147590637207,12233000
2020-12-15,48.498542574178735,48.70122789188852,48.05263549376371,48.18235397338867,8073900
2020-12-16,48.08506790974408,48.21478639482617,47.58240607390993,47.785091400146484,8786400
2020-12-17,47.77698438532995,48.060742599251164,47.51754742039269,47.89048767089844,9469000
2020-12-18,47.97968589519533,47.97968589519533,47.452702642707244,47.89861297607422,22195800
2020-12-21,47.38783332445975,47.51755181893599,46.77977730171492,47.46080017089844,12141900
2020-12-22,47.201362831244374,47.28243572991484,46.05821764068688,46.212257385253906,14964000
2020-12-23,46.1311882680801,46.714919990369765,46.1311882680801,46.52034378051758,8495900
2020-12-24,46.47980695166089,46.54466465684231,46.17983040040598,46.269012451171875,3441300
2020-12-28,46.24468983872585,46.73113343785079,45.969037641159595,46.123077392578125,8215000
2020-12-29,46.179830345129425,46.75545600863268,45.97714499098886,46.07443618774414,7626000
2020-12-30,46.21225554120957,46.40683482008022,45.85553047146823,45.928497314453125,8848800
2020-12-31,45.88795337468693,47.314859702319076,45.85552607526125,47.23378372192383,10870500
2021-01-04,47.5661958849146,48.774201917277445,46.96624898801643,48.733665466308594,15520000
2021-01-05,48.830951800833525,49.00931588992413,48.33639907579709,48.64448165893555,13251100
2021-01-06,48.40125773831406,50.33082295846761,48.40125773831406,50.225425720214844,12222500
2021-01-07,50.1848945967194,51.27128821157411,49.876811994459196,50.68755340576172,10614700
2021-01-08,50.76050807406687,51.4091004289014,50.67943209675486,51.109127044677734,8389800
2021-01-11,51.68476016196383,52.03337918380825,50.48486335599833,50.679439544677734,11316700
2021-01-12,50.801054192711455,50.9064514369265,49.83627307442372,50.33082580566406,9115100
2021-01-13,50.120034869615196,50.38758102557033,49.81195226077589,49.893028259277344,6822600
2021-01-14,49.97410195399043,51.18210806250154,49.828168247117056,50.590267181396484,8694800
2021-01-15,50.50918405544231,51.563147162035186,50.371359514358865,51.3442497253418,9361900
2021-01-19,52.47928738310906,55.26013030608707,52.373887054783665,54.37641906738281,18395900
2021-01-20,54.31967455845397,55.203379727769274,54.07644966087147,55.12230682373047,10131300
2021-01-21,54.919622007263115,54.919622007263115,53.979165177389234,54.303462982177734,8141800
2021-01-22,53.938619696993804,54.70071852656774,53.70350396903024,54.271026611328125,4914400
2021-01-25,54.08455320011267,55.34120473157169,53.83322536800705,55.2601318359375,8443900
2021-01-26,54.90340618878113,55.43849227286185,53.962943237020376,54.076446533203125,7125200
2021-01-27,53.30623106997359,54.254796739102794,52.76303597932328,53.08733367919922,9908200
2021-01-28,52.90086969848203,53.70350185163219,51.88744307590575,52.43874740600586,8086400
2021-01-29,52.04959968660685,53.69541005975714,51.919884268380784,53.18463897705078,11724100
2021-02-01,53.53325614190503,53.727832355023374,52.74683595765777,52.779266357421875,6270200
2021-02-02,52.77113940487985,53.48459558802055,52.057689407203355,52.80356979370117,7749300
2021-02-03,52.86843441941658,53.25759292813348,52.30091803739679,52.30902099609375,6421700
2021-02-04,52.608995055938365,53.50080912329692,52.24416399648489,53.37109375,7400400
2021-02-05,54.52235680926814,56.23302158466385,54.08455572980772,55.503353118896484,15068200
2021-02-08,55.535778627009826,55.74657309533457,54.570994508009264,55.10608673095703,9599200
2021-02-09,54.94393229432194,55.00068393492334,54.19805182199934,54.562889099121094,6620400
2021-02-10,54.530465431081225,55.38984929058293,54.40074384487268,54.554786682128906,7667900
2021-02-11,54.48180926308836,54.48180926308836,53.54946177845627,54.25480270385742,6029100
2021-02-12,54.141305781108116,54.538567306405724,53.80079590228159,54.23048782348633,3977700
2021-02-16,53.84133140137348,53.99536803853604,52.309024690761525,52.53603744506836,9757000
2021-02-17,52.154998171995146,52.811696757185985,51.75773350671771,52.779266357421875,7725400
2021-02-18,52.58468609256924,53.071129680616984,52.1549941533693,52.88466262817383,6144600
2021-02-19,52.76304161735333,52.87654489661875,52.1063370039293,52.187416076660156,6054600
2021-02-22,51.83069746649186,52.26849856066862,51.50639967242027,51.97663116455078,6597700
2021-02-23,51.765834342147194,52.01716836861725,50.89834133866861,51.62800979614258,8714600
2021-02-24,51.53073056661951,52.07392897681802,50.922674445003295,51.652339935302734,6533100
2021-02-25,51.70097836313793,51.86312725827855,50.679442488665025,50.90645217895508,7685300
2021-02-26,50.89833891873056,50.906448063835185,49.77140898233677,49.779518127441406,10396300
2021-03-01,50.07139254523364,50.77673986102772,49.98221358014931,50.638912200927734,7328800
2021-03-02,50.67133542801649,51.55504364159041,50.549722985896096,51.08481216430664,6844200
2021-03-03,50.906446201872434,51.33613809472065,50.40378437668226,50.87401580810547,7081300
2021-03-04,50.914556931166516,52.32524826229542,50.695656392229296,51.26317596435547,15847200
2021-03-05,51.41721290819526,52.49550034575489,51.319924815990674,52.390106201171875,9761400
2021-03-08,52.30093008019192,54.0440253484239,51.85501983059789,52.495506286621094,10646900
2021-03-09,53.11166228033576,54.04401597706342,52.10633865293402,52.15498733520508,8973300
2021-03-10,52.438751041799044,52.53604223107944,51.5631488946724,51.81447982788086,7595500
2021-03-11,51.49017951473988,51.919874514413394,51.084808857555636,51.1496696472168,9940600
2021-03-12,51.23987799165828,51.32187366257667,50.41990877073706,50.4773063659668,11561100
2021-03-15,51.12507531192383,51.79744976548606,50.731490494809414,51.7154541015625,8780200
2021-03-16,51.85484853035763,52.642015006999465,51.781051184432776,52.48622512817383,7375800
2021-03-17,52.45342318419162,53.00280096780418,52.02703888613687,52.82240676879883,7853700
2021-03-18,52.16642532800491,53.28158676271392,52.16642532800491,52.54361343383789,7442600
2021-03-19,52.691214224128984,53.01100166116766,52.14183332034594,52.85520553588867,15230300
2021-03-22,52.51901996193665,53.83917062805693,52.36322384113135,53.73257064819336,6769200
2021-03-23,53.57679076719661,53.67518933477329,52.70762531581161,52.88801956176758,6572100
2021-03-24,52.77321227646092,53.347188149551855,52.47802289719477,52.765010833740234,7472800
2021-03-25,53.11760283867685,53.19959850605768,52.100842800244,52.46982955932617,7391000
2021-03-26,52.50262339333756,53.53578626846632,52.39602965651902,53.49478530883789,6017100
2021-03-29,53.29798518982311,54.478742555905875,53.19958665736054,54.27375030517578,7902600
2021-03-30,54.51973722638644,54.51973722638644,53.40457888248017,53.707969665527344,5608100
2021-03-31,53.576779530390375,53.576779530390375,52.855208953772774,52.99460220336914,8817200
2021-04-01,53.912971422842986,54.80673479038216,53.65058154600075,54.47875213623047,10514200
2021-04-05,54.281952414529954,54.544342278697066,53.73257461390942,54.39674758911133,6071200
2021-04-06,54.117953451595284,54.536139389000354,53.929357830924936,54.306549072265625,5708300
2021-04-07,54.18356599415895,54.38855829323866,53.47839198485524,53.78997802734375,5188700
2021-04-08,54.19994865085425,54.322945249762945,53.15859079261004,53.31438064575195,6778500
2021-04-09,53.15039562405687,53.50298257941261,52.674812055276085,53.388187408447266,5848300
2021-04-12,53.347181971769615,53.38818292475713,52.76500472337607,53.01919937133789,4909100
2021-04-13,52.8469944185008,53.47837399050673,52.601007495895665,53.20778274536133,6143400
2021-04-14,53.27339216149703,54.257352555758715,53.158596990695415,53.543983459472656,5654100
2021-04-15,53.05200409695742,54.42955258655587,53.05200409695742,53.92937088012695,5635000
2021-04-16,54.134354456408616,55.01172109823117,54.0031626601801,54.83133316040039,7715600
2021-04-19,54.691926789416435,54.9379199782328,53.781760749009216,54.07695007324219,7204100
2021-04-20,53.9539652534759,54.61813817300284,53.552175920253674,54.429542541503906,4989400
2021-04-21,54.560739555718605,54.864130346421945,54.42954150918726,54.76573181152344,5581000
2021-04-22,54.511546435747505,54.53614450686789,53.7325720670193,53.82276916503906,6488700
2021-04-23,53.70796309274759,53.87195437083695,53.199580121284534,53.691566467285156,5463300
2021-04-26,53.666982201737994,54.01956921167872,53.33079807925605,53.92117691040039,6868400
2021-04-27,54.06877302518429,54.11796917710365,52.98641389187697,53.027408599853516,7278300
2021-04-28,53.043809897780044,53.05200508560846,52.36323395590786,52.83881759643555,7861300
2021-04-29,52.994597822831224,52.994597822831224,51.92864180384006,52.346824645996094,9238800
2021-04-30,51.215259936097766,52.560008515461206,50.797077147318475,52.04343032836914,12993900
2021-05-03,52.41241846589911,54.03595988455182,52.28942498916902,53.95396423339844,9500200
2021-05-04,53.945765776508516,54.63453679134943,53.60138026908806,53.82276916503906,9933300
2021-05-05,53.90476457335094,54.937927346738476,53.72437037813927,54.5361442565918,6911200
2021-05-06,54.15076068494046,54.67554041399725,53.41278723599565,54.56074523925781,7478800
2021-05-07,54.5033476518881,55.38071434789253,54.363954404828476,54.56074523925781,5849300
2021-05-10,54.905121270420636,56.08587858458025,54.74932516483937,55.33150863647461,8646700
2021-05-11,54.99532766277067,55.82349821107588,54.757535871440744,55.118324279785156,6412000
2021-05-12,54.732928069567414,55.71688831903318,54.70012856046966,55.30690383911133,8286300
2021-05-13,55.55291443187752,56.56147932100894,55.298725976576414,56.50408172607422,7186800
2021-05-14,56.504070423709116,56.72545931535386,56.077683013024384,56.19247817993164,7079200
2021-05-17,56.151479021099455,57.11084123514359,56.12687469654427,56.635257720947266,6214100
2021-05-18,56.91405524250635,57.29124025797799,56.41387361732566,56.45486831665039,5885200
2021-05-19,55.93008923215705,56.22527859633895,55.388912901735225,56.16788101196289,6174100
2021-05-20,56.29908228614413,57.381441264776186,56.06129049273441,56.8648567199707,6540900
2021-05-21,57.20924093693791,57.48803368195468,56.34007569915827,56.37287521362305,6478700
2021-05-24,56.659866685512476,56.77466186537785,55.24951875474579,55.29051971435547,7005100
2021-05-25,55.183915643140146,55.26591129113584,54.117953451595284,54.306549072265625,9357400
2021-05-26,54.273753578207106,54.44594632850058,53.74897388516009,54.404945373535156,5932600
2021-05-27,54.585338908181754,55.04451957009741,53.96216068424813,54.03596115112305,8047700
2021-05-28,54.15896044258366,54.683740155312606,53.953968171803055,54.20815658569336,5937700
2021-06-01,54.478750512528116,54.568947616492004,53.39639152082938,53.56038284301758,6573100
2021-06-02,53.78176306455271,54.4049412487492,53.740768368562755,54.14255142211914,6572700
2021-06-03,54.08515587967899,54.60993555270029,53.94576264750365,54.51154327392578,6755400
2021-06-04,54.76573996186575,55.405314894220844,54.560747675553564,55.29051971435547,6342900
2021-06-07,55.438106603374095,55.72509451262095,55.02812208848795,55.282310485839844,7863300
2021-06-08,55.298715849414705,55.4381090893185,54.92972601595067,55.35611343383789,5489200
2021-06-09,55.40531394745139,56.73366619216786,55.36431298854233,56.2908821105957,8434200
2021-06-10,56.569657745477905,57.160036407496854,56.14327663172356,56.815650939941406,8678400
2021-06-11,56.6926692641065,56.78286637542503,56.29088611287663,56.389278411865234,6928000
2021-06-14,56.34784777694397,56.61297486893413,55.90044462399898,56.46384048461914,5319500
2021-06-15,56.73724945826844,56.75381713452968,56.12413797742784,56.414119720458984,6454200
2021-06-16,56.52183543482699,57.449777073184364,55.66845782621119,55.78445053100586,12938700
2021-06-17,55.776172269985125,55.90873899402103,55.08849661158983,55.693321228027344,7015500
2021-06-18,55.511039256160956,55.66017364432116,54.591378249361135,55.18791580200195,11464500
2021-06-21,55.50275279670432,55.98329764335634,55.32047672927571,55.801021575927734,5310400
2021-06-22,55.709882411215034,56.00815118438312,55.32876260575105,55.552467346191406,4796800
2021-06-23,55.68502489122516,55.71816656667753,55.146483727098534,55.22105407714844,4246800
2021-06-24,55.320477859767784,56.538407679630716,55.22105914541413,55.66017532348633,5054000
2021-06-25,55.62703375701376,56.339564043251066,55.41161600693231,56.24013900756836,8078100
2021-06-28,56.58812611315383,56.86982091237639,56.04958487337812,56.091007232666016,6580300
2021-06-29,56.06614127367938,56.36441001351576,55.925293902403276,56.281558990478516,4348100
2021-06-30,56.5798394382802,57.11838068115349,56.347853997320435,57.05209732055664,6010400
2021-07-01,56.96095091858995,57.48291808412868,56.67925615909776,57.275787353515625,5463800
2021-07-02,57.400067237018455,57.540914617208465,56.86981307066808,57.41664123535156,3969000
2021-07-06,57.151502715050306,57.21777973173458,56.32297995579031,56.67924499511719,6169600
2021-07-07,56.67096286926439,56.69581754279847,56.17385043520009,56.637821197509766,6092500
2021-07-08,56.389274998301204,56.60469275448645,55.859020768559844,56.082725524902344,4982600
2021-07-09,55.99987317384524,56.67926818266153,55.88388044578626,56.521846771240234,6419600
2021-07-12,56.53012683321243,57.21779611625829,56.13243301359068,56.397560119628906,7322400
2021-07-13,56.198704993442654,56.77038144693641,56.198704993442654,56.34783935546875,4518400
2021-07-14,56.397551686956234,56.4306933603967,55.867297554164416,56.281558990478516,5949800
2021-07-15,56.22356738933855,56.66268353752673,55.817592917389085,56.58811950683594,6126700
2021-07-16,56.6626827556976,57.143227572835734,56.62954107991618,56.86152648925781,5965500
2021-07-19,56.84496111529487,57.22608092053175,56.06614750569466,56.53012466430664,6054400
2021-07-20,56.604681432858264,57.806037049083244,56.5632527614873,57.30064392089844,9332500
2021-07-21,57.12664172252582,57.18463806282894,56.34783462718779,56.67924499511719,5816400
2021-07-22,56.34784717060253,57.01066173288135,56.190425788539414,56.87810134887695,2901500
2021-07-23,57.06865771546887,57.44977750855796,56.869813980189434,57.18465042114258,3524200
2021-07-26,57.11837414190173,57.41664290931076,56.728967344388366,56.96095275878906,4314300
2021-07-27,56.7786816900382,57.20951720133896,56.57983793466116,57.11009216308594,5813000
2021-07-28,57.08524218583415,58.120896048708026,56.944394777554386,58.04632568359375,7097200
2021-07-29,58.20373294858227,58.32801264615004,57.806039180591014,57.85575485229492,7597500
2021-07-30,56.919532787913376,57.16809223914404,56.33956916321441,56.57984161376953,9619700
2021-08-02,56.621263933168464,56.8781103848854,56.19872171596888,56.62955093383789,4242800
2021-08-03,56.87809759049141,57.86403552997224,56.51354549659342,57.85575485229492,5128400
2021-08-04,57.57407032643176,57.98833188993981,57.19295044653994,57.366939544677734,6846300
2021-08-05,57.36692556148052,57.44149591172294,56.762107366016004,57.41664123535156,5532300
2021-08-06,57.284070434147374,57.36692145649953,56.894663675851625,56.985801696777344,3857900
2021-08-09,56.98581499227197,57.391789521305896,56.43070605975813,56.72068786621094,5160100
2021-08-10,56.55499042003466,57.391794227107454,56.298143952291404,57.366939544677734,5928200
2021-08-11,57.47463989409457,58.70085033257257,57.46635289459541,57.86404037475586,9529700
2021-08-12,58.20374079303296,58.82513304349239,57.78119229280448,58.7257080078125,5907000
2021-08-13,58.72570327609677,59.14825174227919,58.62628456955621,58.95769500732422,4361800
2021-08-16,59.04882375908121,59.529368553736035,58.86655403250374,59.41337585449219,8874400
2021-08-17,59.04882086853183,60.556732206014864,58.83340947826834,60.507022857666016,9000100
2021-08-18,60.1673305773839,60.76386170907545,59.570793124564766,59.62050247192383,8135300
2021-08-19,59.33052822571799,59.92706575376408,59.247677195962346,59.3802375793457,5209500
2021-08-20,59.380241306516936,60.39104036791536,59.189684558230944,60.01820755004883,5646500
2021-08-23,60.217054015309046,60.5153228115124,60.03477793750377,60.10934829711914,5356200
2021-08-24,60.175615231219716,60.22533090299182,59.562510062473145,59.86077880859375,4177200
2021-08-25,59.61222225886369,59.62050925807598,58.75884465271907,59.164825439453125,4988900
2021-08-26,59.27252687636767,59.9519153769,58.9411164641531,59.18138885498047,6566900
2021-08-27,59.08196832406813,60.026483961911524,58.95769494103216,59.05711364746094,5493100
2021-08-30,59.07369852553608,59.81936424559427,58.949418798483215,59.661949157714844,4494100
2021-08-31,59.81106697482296,60.34132109677257,59.52107891843022,60.29989242553711,7564600
2021-09-01,60.217041894985435,60.25018356801837,59.115104970869545,59.54594039916992,5970700
2021-09-02,59.66192934329138,59.968478737599725,59.16481692130626,59.93533706665039,6774200
2021-09-03,59.78621083166669,59.96019986855101,59.44651343503951,59.62050247192383,4174400
2021-09-07,58.891424969779834,59.07370106781782,58.27003262890291,58.98256301879883,6775400
2021-09-08,58.98254562032627,59.579083102984264,58.92454927179718,59.554222106933594,4510000
2021-09-09,59.355388035890584,59.38852971488478,58.47715566649556,58.502010345458984,7013600
2021-09-10,58.80856044738733,59.18968023726559,58.20373592621701,58.81684112548828,5089700
2021-09-13,59.02397351663667,59.570801700822216,58.67599539277051,58.94940948486328,11048100
2021-09-14,59.225582224471154,59.47664702950553,58.673248592176044,58.95778274536133,5490000
2021-09-15,59.06656937235999,60.66499541713866,58.932666465550255,60.054080963134766,7723700
2021-09-16,60.08756096164079,60.13777136284304,59.25905103274882,59.69422912597656,5306700
2021-09-17,59.275786215210005,60.054079280924846,58.94940587005621,59.92854690551758,10888000
2021-09-20,59.35947350622647,60.18797698448404,58.85735037955043,59.384578704833984,9594900
2021-09-21,59.65239825324427,60.30515917659568,59.51013115658442,60.028995513916016,5896000
2021-09-22,60.31351002456919,60.405566677035424,59.48500653721516,59.73606491088867,6557000
2021-09-23,59.81975968823682,60.34698803929784,59.669122104384776,59.99550247192383,5263500
2021-09-24,59.945292423917614,60.14614681485339,59.56870161438829,59.57707214355469,5023400
2021-09-27,59.51010653834459,59.66074410332846,58.82387016116059,58.92429733276367,5560500
2021-09-28,58.58118506509791,59.25068687692173,58.3050150888574,58.55607986450195,6392300
2021-09-29,58.715086701985875,59.7528087413424,58.539337531958815,59.36784744262695,5436800
2021-09-30,59.593803422045276,59.895078606442596,58.41381427052464,58.45565414428711,6049400
2021-10-01,57.40956291944785,58.08743529319776,56.606164536524616,57.3760871887207,9343700
2021-10-04,57.07480632723881,57.769413304929024,56.32162480764834,56.539207458496094,7560200
2021-10-05,56.447151455575856,57.01622605828561,56.27140867332108,56.405311584472656,7236700
2021-10-06,56.3969337328348,56.66473313552037,55.970126240015446,56.47225570678711,6398600
2021-10-07,56.488983172112825,57.17521945303228,56.19607861041073,57.02458190917969,5349400
2021-10-08,56.94927215576172,57.25054727428829,56.7567883470426,56.94927215576172,4259000
2021-10-11,57.099924332919116,57.28403127706998,56.781908079259814,56.97439193725586,3315600
2021-10-12,57.06644738868128,57.19197339683334,56.31325941555525,56.380210876464844,8856000
2021-10-13,56.55595370464151,56.873963566877435,56.23793745756284,56.59779357910156,4760700
2021-10-14,57.08318083064497,57.51835893233113,56.90743803817876,57.0329704284668,7165600
2021-10-15,57.15850408348242,57.40956248477097,56.572688377456984,56.59779357910156,4327100
2021-10-18,56.48899483018808,56.555946282348884,55.04957053294044,55.14999771118164,7576400
2021-10-19,55.23368948957983,56.062193044167614,55.11652762872267,55.98687744140625,5889700
2021-10-20,55.995253549863385,56.32999810861648,55.903196880753335,55.953407287597656,4878200
2021-10-21,56.14587331744172,56.22956582490111,55.668855395195884,56.06218719482422,5013700
2021-10-22,56.17098347570054,56.29650946402164,55.66048984038897,56.27140426635742,4501200
2021-10-25,56.27141522772215,56.88233615753639,55.861348688030475,56.63127136230469,6069800
2021-10-26,56.88231690090867,57.23380238736871,56.65635738472664,56.68146896362305,4948700
2021-10-27,56.87396452298572,56.88233505195555,55.73581520711785,55.878082275390625,4887700
2021-10-28,55.81949225526496,56.622896899665385,55.794387057285284,56.3550910949707,5884800
2021-10-29,55.149997960862734,55.149997960862734,53.610146478402505,54.296382904052734,14181100
2021-11-01,54.246174739951265,55.18347595850041,54.12901288573789,54.932411193847656,7254000
2021-11-02,54.999360136240796,55.30063528612248,54.09553468659573,55.14999771118164,8954500
2021-11-03,55.1918468005579,56.5392146723876,54.84036119525702,56.41368865966797,8654100
2021-11-04,56.17097966907272,56.196084865035594,55.20857338650092,55.627010345458984,6522900
2021-11-05,55.15837647653759,55.96177486792496,55.032844081198945,55.50149154663086,6519100
2021-11-08,55.208580017089844,55.58517077144439,54.82361873479526,55.208580017089844,5217800
2021-11-09,55.30900181370542,55.945027866972,55.14162956092893,55.35921859741211,5401500
2021-11-10,55.702326234558015,56.81537008376715,55.702326234558015,56.33835220336914,6888100
2021-11-11,56.0705600188274,56.480626505836156,55.86134151129446,56.430416107177734,3513600
2021-11-12,56.62289326985033,56.71494352826098,56.237925642701015,56.47225570678711,8214800
2021-11-15,56.4638860235467,56.76516115417558,56.07892477548569,56.2379264831543,4911000
2021-11-16,56.396933515651064,56.93253231895962,55.91991563192809,55.97849655151367,6474200
2021-11-17,55.9785026938185,56.53084261180985,55.66049286472298,56.45552062988281,7771200
2021-11-18,56.52247475291726,57.14175976928021,56.37183716679196,56.731693267822266,8873600
2021-11-19,57.06644910343939,57.66062897097001,56.723327644599536,57.484886169433594,8628800
2021-11-22,57.49324621709482,58.88246024193438,56.865590662825916,58.55607986450195,8951100
2021-11-23,58.47239022189058,59.30926424397942,58.338487313632164,59.1084098815918,7100400
2021-11-24,59.200463093565155,59.44315731204448,58.17111168174227,58.6397590637207,6737500
2021-11-26,58.33011858374299,59.20046835972589,58.33011858374299,58.80713653564453,5659500
2021-11-29,58.915937877727245,59.68586051685219,58.756929755683494,59.12515640258789,8902200
2021-11-30,58.97451291631321,59.3343689985089,57.44303193500304,57.685726165771484,15465500
2021-12-01,57.76941229038494,58.59791577828961,57.451402462916995,57.685726165771484,8518300
2021-12-02,57.886589886336964,58.82389133753279,57.6020557082926,58.30502700805664,9411700
2021-12-03,58.581185929974524,58.96614724276182,58.003740768372296,58.21295928955078,8328200
2021-12-06,58.129270701288505,59.25068524752814,58.09579497313365,58.16274642944336,7049400
2021-12-07,58.2464266055379,58.49749134862329,57.66898791218813,58.288272857666016,6438000
2021-12-08,58.505871999801776,58.98288998633331,57.66899789116099,58.33849334716797,6386900
2021-12-09,58.48912726007727,59.192104787199526,57.94515784673647,58.83224868774414,5829300
2021-12-10,58.73182434208187,59.36785044311628,58.24643583379659,58.7904052734375,5352500
2021-12-13,58.681604536210564,59.31762415048551,58.24642650029441,59.091670989990234,6883600
2021-12-14,59.06631453778265,59.85251302620956,58.97332283326048,59.61580276489258,7244900
2021-12-15,59.641164393327415,60.37663596754557,59.12548551156581,60.1991081237793,8040300
2021-12-16,60.31748086259451,61.56863820061178,60.07232143657434,61.1290397644043,10530000
2021-12-17,61.052942549751705,61.45026956499517,60.57107938119359,61.04448699951172,12226000
2021-12-20,60.86695144685827,61.306543258331224,60.401992987872624,61.264278411865234,7616900
2021-12-21,61.26429865556058,61.36573948035366,60.55418063352705,60.73170852661133,8786700
2021-12-22,60.52036220340973,61.25584039917042,59.7341700471879,61.2304801940918,6015400
2021-12-23,61.34882764948977,61.56017127601409,61.0191321080875,61.27274703979492,5096300
2021-12-27,61.103673157421554,61.61089661172172,60.79933779490222,61.602447509765625,4298800
2021-12-28,61.60243741819186,62.04202928665341,61.53480591544544,61.686973571777344,3802600
2021-12-29,61.71232173127996,62.32944778645804,61.38262628184177,62.253360748291016,5893900
2021-12-30,62.27028897246778,62.65916046979459,61.932137881406675,62.01667404174805,3238700
2021-12-31,61.92368768058213,62.118126670892586,61.24738544002836,61.38264846801758,5736800
2022-01-03,61.09520266225706,61.45026479814769,60.537258933905335,61.35727310180664,6622500
2022-01-04,61.38263806246542,62.050484638132815,61.01912679848683,61.04448699951172,6784100
2022-01-05,61.23892222236285,61.75460111073849,60.84159523134935,61.01912307739258,7799500
2022-01-06,60.59644991975382,60.943050142381175,60.30901920981527,60.520362854003906,7368200
2022-01-07,60.34282340083862,60.65561425617528,59.877871342559466,60.24138259887695,7119600
2022-01-10,60.85849516942053,61.078294297373894,60.37663206755358,60.943031311035156,10362300
2022-01-11,60.99376893561469,61.34882466296409,60.41891404146527,61.179752349853516,8932000
2022-01-12,60.83313732641986,61.30654489754008,60.57952889176021,61.07829666137695,7206200
2022-01-13,60.858513722206794,61.255840803584725,60.40201067868935,60.76552200317383,6711300
2022-01-14,60.92614608330963,60.98532204627212,60.15685856479729,60.67253112792969,8344800
2022-01-18,60.376645205908154,60.4611813659184,59.235390921530865,59.53972625732422,8986600
2022-01-19,59.41290922474094,59.72570006107287,58.339286621143835,58.39000701904297,8217700
2022-01-20,58.39001418003148,58.59290224620488,57.291024793009505,57.3248405456543,8639700
2022-01-21,57.58690758187368,58.390010697782316,57.22339632474036,57.916603088378906,14843200
2022-01-24,57.94196691578517,58.61826262159471,56.45410604349163,57.96732711791992,12909000
2022-01-25,57.5277430969972,58.64363729136198,57.3924800675245,58.19558334350586,9239400
2022-01-26,56.90214529467753,57.9588632295791,56.60626556284398,56.92750549316406,11280400
2022-01-27,56.98669407916097,58.06877233008519,56.826070871706705,56.86833572387695,9323200
2022-01-28,56.952880118180836,58.220941817667786,56.65699389521095,58.212486267089844,11514100
2022-01-31,58.02650986585506,58.2040377512765,57.64609388990856,58.060325622558594,9252700
2022-02-01,58.15330534524868,58.16176089510439,57.40937820031614,57.88278579711914,10463700
2022-02-02,55.37202423764301,55.80316699563695,54.12086726433125,55.64254379272461,18365000
2022-02-03,55.439660692851355,56.115956416140776,55.008517896331064,55.27903747558594,12479500
2022-02-04,54.907067549419274,55.465017778226546,53.9940648269614,54.01942825317383,12392800
2022-02-07,54.09551624542803,54.289951995500424,53.49529789320267,53.90107727050781,14361400
2022-02-08,53.96026046765632,54.39139685550697,53.664377432607964,53.85036087036133,12044800
2022-02-09,54.010973538485956,54.08705736860526,53.51220247989223,53.579833984375,13164800
2022-02-10,53.351577358942286,53.351577358942286,52.16805194318886,52.23568344116211,14978000
2022-02-11,52.44703283376845,53.15714751676359,52.21032578953829,52.47239303588867,13195400
2022-02-14,52.489297998106906,52.540021624378895,51.415672095039305,51.660831451416016,11343500
2022-02-15,51.66927832640555,52.007429349520876,51.54247411137268,51.84680938720703,10515300
2022-02-16,51.7369116178257,52.624554053272895,51.70309586937029,52.32867431640625,21855900
2022-02-17,52.049707366539415,52.15960695377791,51.50021265519471,51.81300354003906,13338200
2022-02-18,51.90599423877884,52.12579018412432,51.55093528110049,51.610111236572266,11930700
2022-02-22,51.47485000800727,51.8130010796772,51.30577447217231,51.550933837890625,10781500
2022-02-23,51.54248377005711,52.10043080535957,51.39876842960539,51.86372375488281,9674400
2022-02-24,51.32267625165285,51.79608705078506,50.78163718112875,51.23814010620117,14849900
2022-02-25,51.47485288686607,52.142699517098954,51.38186117571366,51.669288635253906,13133000
2022-02-28,50.93381569884305,51.11979912836692,50.029265205000804,51.06062316894531,13490600
2022-03-01,50.671741187836126,51.44948732523193,50.61256523687473,50.9422607421875,10694900
2022-03-02,51.09443073789637,51.99898114390194,50.89154267525176,51.77073287963867,14342200
2022-03-03,52.02434437959481,52.41321585227732,51.86372117033859,52.16805648803711,13023100
2022-03-04,51.63547737374788,52.60765613955451,51.567845864032,52.29486846923828,9383400
2022-03-07,49.851730199579286,52.624557244104615,49.79255424861789,50.9422607421875,18455200
2022-03-08,50.91690634142912,51.271965312488,49.91091183564996,50.33359909057617,13889700
2022-03-09,50.730917193789736,50.97607654795126,49.80945895301667,49.87709045410156,13682000
2022-03-10,49.53048716086691,49.62347886259956,48.45686126559918,48.96408462524414,13243700
2022-03-11,49.29379028921589,50.037717558011,48.99790726710263,49.03172302246094,13007600
2022-03-14,49.579655885359045,50.30738221865288,49.39986513467991,49.785133361816406,12539100
2022-03-15,50.02485636568808,50.33307095973801,49.365620320848805,49.93067932128906,10794600
2022-03-16,50.23032201631789,50.23032201631789,48.963220330436414,49.631019592285156,13871600
2022-03-17,49.759442183556914,50.812506399532545,49.4084207782317,50.684085845947266,12472000
2022-03-18,50.70121292092193,50.983740772086016,50.067660372992094,50.872440338134766,18199300
2022-03-21,50.803955007488206,51.814212544711324,50.74402475239479,51.07792282104492,8060600
2022-03-22,51.33475572712111,51.47173960318332,50.76969683012037,51.35187911987305,8847700
2022-03-23,51.369011589549714,51.6258559943067,50.341630704567955,50.384437561035156,9088900
2022-03-24,50.48717698482756,50.97518232446091,50.31594629622992,50.632720947265625,7939900
2022-03-25,50.6669633795449,50.88956096940524,50.341625425791996,50.4358024597168,9333400
2022-03-28,50.47006274418899,50.829644316110546,50.238901762544714,50.66697692871094,10549200
2022-03-29,51.11216621647527,51.84845589119579,51.02654923920909,51.82276916503906,8051100
2022-03-30,51.72859556175363,52.002566641264295,50.86388526258161,51.07792282104492,8614000
2022-03-31,51.34332699202117,51.386133847540535,50.87244178344688,50.898128509521484,8226300
2022-04-01,50.889561239405786,51.1035987663874,50.153274889989945,51.08647537231445,8551000
2022-04-04,51.09504015117759,52.096734238197904,50.71833526875137,51.942626953125,9040600
2022-04-05,51.66865701319564,52.38782322483535,51.10359808018969,51.15496826171875,7067200
2022-04-06,51.360449615655334,52.242283236727765,51.291956035090564,52.07105255126953,7155300
2022-04-07,52.05393549944911,52.696048198700424,51.81421447016726,52.21660614013672,9370100
2022-04-08,52.4648802917852,53.78335231025525,52.42207343735771,53.33815383911133,10653600
2022-04-11,53.78334906637793,53.98882652757187,52.944322359580134,52.98712921142578,8094200
2022-04-12,53.406654323260874,53.483707977573154,52.40495681720123,52.76454162597656,7750400
2022-04-13,52.75597462057555,53.175489657273445,52.47344675174133,53.13268280029297,6879600
2022-04-14,53.14124550827869,53.38952986344922,52.653240129331934,52.927207946777344,9750000
2022-04-18,52.82446256283875,53.26109768293299,52.54193145822509,52.72172546386719,5981200
2022-04-19,52.7388573711737,53.937469102045284,52.72173723914927,53.749114990234375,6178900
2022-04-20,53.93746397480188,54.93060136743145,53.92034057845097,54.45115280151367,7638800
2022-04-21,54.40835149931566,55.03334083314985,54.08301346733545,54.57958221435547,6673900
2022-04-22,54.60525786161542,54.67375144420797,53.2268555385012,53.29534912109375,7662000
2022-04-25,53.49225872107137,53.71485957960483,52.50768804972264,53.6378059387207,7457900
2022-04-26,53.42377111283977,53.82615946585403,52.8672722043077,52.884395599365234,6926400
2022-04-27,52.90152397466744,53.12412159946381,52.37070847577291,52.73029327392578,7863200
2022-04-28,52.60187234622401,52.77310305645249,51.8912693078139,52.704612731933594,10787500
2022-04-29,52.70460568761605,53.13268077299514,50.744021012750956,50.803951263427734,10455800
2022-05-02,50.98374252236913,51.73715559459424,50.64128441023317,51.63441848754883,9474000
2022-05-03,51.89125600748381,52.07961006705324,51.052229334966064,51.65153503417969,10384400
2022-05-04,51.92551190617632,53.3467211340816,51.60017390963302,53.14980697631836,8087800
2022-05-05,52.867275999540865,53.40665155173607,51.98544231947159,52.52481460571289,8767300
2022-05-06,52.336461790126506,52.56762273228516,51.70290921540052,52.379268646240234,7468200
2022-05-09,52.05393322860629,53.415212222271705,51.99400297390027,52.80734634399414,9294000
2022-05-10,52.97857275550493,53.543631729829364,52.70460496589027,52.8929557800293,9721600
2022-05-11,51.63441978622482,52.71316760221801,51.61729639029428,51.84845733642578,10224000
2022-05-12,51.968324903926124,53.50939482159727,51.908394643002275,53.492271423339844,9727900
2022-05-13,53.595004528814776,53.603567860278616,52.70461074786309,53.39809036254883,9515200
2022-05-16,53.39808229030521,53.71486018749908,53.029937475909605,53.28678512573242,6157500
2022-05-17,53.440899572754134,54.12582241801234,52.91008730703778,54.091575622558594,5607700
2022-05-18,54.05731895212223,54.73367834198519,53.67205073853234,54.12581253051758,9583900
2022-05-19,54.01450996917461,54.434024955423524,53.77478898614863,54.168617248535156,8833600
2022-05-20,54.25423223846693,54.70799402332125,53.706296683729335,54.65662384033203,6814600
2022-05-23,55.127503051104526,55.5042111759848,54.442583641258615,54.50251388549805,7256800
2022-05-24,54.74224786311283,55.144642806769454,54.305612656250624,55.09326934814453,8263200
2022-05-25,55.17887286956076,55.81242866418505,54.802171256762264,55.658321380615234,7112400
2022-05-26,55.78674867258732,56.04358980656102,55.18743962950038,55.19600296020508,5730800
2022-05-27,55.161752985075964,55.51277114081638,54.70799446253228,55.47853088378906,6436000
2022-05-31,55.2216767691931,55.675435238625646,54.51107067876922,55.52132797241211,13781900
2022-06-01,55.880925478556456,55.94085573642647,55.02477520503729,55.452850341796875,5797700
2022-06-02,55.34154870140955,55.41004228543368,53.346720423037354,54.33129119873047,7860000
2022-06-03,54.322723388671875,54.896345642251674,54.14293265517286,54.322723388671875,5228700
2022-06-06,53.57786829518217,53.9545731175233,52.78164853795518,53.10698318481445,7865800
2022-06-07,52.82446999611499,53.58644318045381,52.63611589986802,53.543636322021484,6841000
2022-06-08,53.28679384355864,53.92890654125954,53.17549339482335,53.406654357910156,7248200
2022-06-09,53.30390914892108,53.654930594579675,52.35358518576275,52.379268646240234,5242200
2022-06-10,51.86558338276921,52.37927222312031,51.63442242482502,52.002567291259766,8155600
2022-06-13,51.42038148331566,51.737156138508965,50.427247395559135,50.64128494262695,9646100
2022-06-14,50.59793941221534,51.87220759899082,49.55772068669031,50.09516906738281,10073800
2022-06-15,50.26853518045432,51.118046131305505,50.0258154039512,50.615272521972656,6498100
2022-06-16,49.98247277491995,50.39855956151882,49.583723351108176,50.03448486328125,9482200
2022-06-17,49.73109307755558,50.96201955713748,49.66174692326657,50.736637115478516,13726500
2022-06-21,51.369434798820706,52.5136777305985,51.066039181114164,52.45299530029297,9173000
2022-06-22,52.1235948886625,53.787942218903055,52.08892015925811,53.31984329223633,9045300
2022-06-23,53.649244191969395,54.30805079392691,53.52788595128355,54.247371673583984,6992900
2022-06-24,54.44674431835605,54.72413551697263,53.61456741574239,54.68079376220703,9207500
2022-06-27,54.55076431869171,55.07087198108851,54.29071048749332,54.464080810546875,6586900
2022-06-28,54.46408795957335,55.036207786012554,53.857293402619206,53.926639556884766,6165300
2022-06-29,54.01332385527468,54.5854436549379,53.67525020872283,54.16068649291992,5800400
2022-06-30,53.70126090004392,54.100010384221896,53.12914106851246,53.57990264892578,6411900
2022-07-01,53.28516901250557,54.117342633005634,53.11179868154372,54.056663513183594,5207600
2022-07-05,53.657909846705884,54.15201310169112,53.18981098195237,54.03932189941406,5215900
2022-07-06,54.28204559200741,54.50742802659086,53.883296123761845,54.37739944458008,5888200
2022-07-07,54.282049437353685,54.62879014276944,54.04799995721271,54.368736267089844,6242600
2022-07-08,54.230038930077704,54.78482139577436,54.09134331365354,54.472755432128906,4161900
2022-07-11,54.42940644722873,54.646118525798585,54.204024033728295,54.316715240478516,3478600
2022-07-12,54.169350464100184,54.438071314531314,53.75326037981011,54.03932189941406,6098300
2022-07-13,53.67525355957132,54.377401983031724,53.3978623246457,54.14335250854492,6162900
2022-07-14,53.597240014337565,53.66658616922036,53.111803703100676,53.57990264892578,4969500
2022-07-15,53.857289180026385,54.28204302185714,53.467206759227906,54.264705657958984,5908900
2022-07-18,54.33406205511867,54.33406205511867,52.56569039275272,52.791072845458984,5608300
2022-07-19,53.449868113905154,53.97864612644777,53.12046482126543,53.84861755371094,6080600
2022-07-20,53.900634313717454,53.900634313717454,52.73039028476043,53.35451889038086,5378500
2022-07-21,53.2244948686392,53.484548736012385,52.661042067027005,52.88642120361328,6007700
2022-07-22,53.11180367011063,53.5712322795623,52.513679444215185,52.704383850097656,4588800
2022-07-25,53.077135792213355,53.09447315985283,52.314308149900114,52.661048889160156,4990000
2022-07-26,52.61769693026797,53.09446287431717,52.28829362245988,52.54834747314453,5597200
2022-07-27,52.340311246810934,53.19848937544197,51.742183689583484,52.791072845458984,7935600
2022-07-28,52.87775853446914,52.97311239861363,51.681506677795255,52.35765075683594,6815000
2022-07-29,52.296966940346735,52.470333979513775,51.58614819135179,51.794193267822266,10063700
2022-08-01,51.81152762498218,52.166935325462994,51.378103438700016,51.664161682128906,6742400
2022-08-02,51.785526260310775,52.28829662628202,51.39544380849255,51.61215591430664,5981600
2022-08-03,52.76506008200088,55.17490083235749,52.565685350969375,53.9786491394043,10066700
2022-08-04,53.865954920109,54.60277798771763,53.597234053025495,53.66658020019531,5520500
2022-08-05,53.56256698149328,53.60590874301454,52.54835256672075,52.955772399902344,6039600
2022-08-08,52.877746195056126,53.49320769321133,52.71304620881798,53.39785385131836,5857600
2022-08-09,53.380531241965194,53.78794778092161,53.207160883779814,53.744606018066406,5153400
2022-08-10,54.169350135588616,54.77614128240724,53.839946865341545,54.7327995300293,8275000
2022-08-11,54.420736111151854,54.96685147503028,54.06532843457533,54.13467788696289,5216500
2022-08-12,54.360058697114546,54.60277848131296,53.8832927706838,54.5767707824707,3997800
2022-08-15,55.34826878033436,57.47205131935897,55.1835687754746,57.3940315246582,12381000
2022-08-16,57.3506880624495,57.57606386405391,56.90859356717837,57.498050689697266,7067800
2022-08-17,57.18598970386375,57.99215897614325,57.05596112184542,57.22932815551758,6515300
2022-08-18,57.17732329282444,57.21199802464466,56.09376272417587,56.501182556152344,5178100
2022-08-19,56.36248227029212,57.038629604195,56.27579874959545,56.63987350463867,5258900
2022-08-22,56.52719085603032,56.56186559024557,55.67768301510957,55.79037094116211,5224800
2022-08-23,55.79036200639086,55.79903234193845,55.01886748086149,55.200904846191406,4723700
2022-08-24,55.21824472415302,55.31359857893244,54.78482051643873,55.148895263671875,3808000
2022-08-25,55.348269603824214,55.417619063805944,54.767482756916394,55.12289047241211,3784700
2022-08-26,55.12289432607127,55.14889872200027,54.04800076855813,54.065338134765625,5501300
2022-08-29,53.85728669094043,54.49008556353942,53.293833963965106,54.13467788696289,5220000
2022-08-30,54.18668750559515,54.34272046911087,53.562558958296194,54.17802047729492,5584600
2022-08-31,54.35139007780688,55.452287836004466,54.35139007780688,55.018863677978516,8341600
2022-09-01,54.966848330327096,56.34513720341975,54.88883185423643,56.30179214477539,6269600
2022-09-02,56.37981397507009,56.59652604910702,54.932175600986234,55.32225799560547,6737300
2022-09-06,55.2875827851392,55.33959487288678,54.438071859178244,54.94951248168945,7377500
2022-09-07,55.19224373093191,56.31047911636399,55.09689317132824,56.163116455078125,9626600
2022-09-08,56.700562702699706,56.90860448776784,56.076430733966205,56.43183517456055,8278400
2022-09-09,56.32780956650575,57.012613953721264,56.2497897747612,56.587860107421875,6497000
2022-09-12,59.318431860868195,59.70851096641927,58.49492858758128,58.9543571472168,18777900
2022-09-13,58.42558933984489,58.42558933984489,56.28447251903433,56.43183517456055,11799400
2022-09-14,56.46690868044781,57.387417797952395,56.46690868044781,57.14194869995117,9113200
2022-09-15,57.42247801560622,57.59781115092874,56.729900760580605,56.98413848876953,7088500
2022-09-16,57.05427690986199,57.79945280032,56.8175698094562,57.51014709472656,11766000
2022-09-19,57.29097415318265,57.73808233814181,56.63346487057873,57.7030143737793,6162700
2022-09-20,57.343577653204875,57.40494491679025,56.0110218031651,56.61593246459961,6958900
2022-09-21,56.61593966633833,57.448782162156,55.634056635543345,55.669124603271484,8776600
2022-09-22,55.53761960784705,56.387999404407964,55.16941599135595,55.905826568603516,6111800
2022-09-23,55.66035238903086,55.92335542588373,54.6171022160679,55.1080436706543,7603800
2022-09-26,54.80120209671561,55.178174329291565,54.50313110687102,54.65216827392578,6141300
2022-09-27,54.73106613218953,55.68664630428251,54.59956295434753,54.906402587890625,7125900
2022-09-28,55.23078118770089,56.431833916637736,54.97654345580051,56.04609298706055,7567500
2022-09-29,55.9584265550248,56.300330856702715,54.80120710772728,55.29214859008789,8431200
2022-09-30,55.371048055893006,55.73925499186557,54.01219621217513,54.08232879638672,8794700
2022-10-03,54.70477185171199,54.85380567895485,53.871926118943826,54.63463592529297,8094100
2022-10-04,56.186351924108294,57.2997379605407,55.75678110199952,57.25590133666992,11966000
2022-10-05,56.73867105389895,57.8345199024723,56.4405966890511,57.37864303588867,5802300
2022-10-06,56.88769757545892,57.29973775969294,56.64222853511433,56.9402961730957,5622300
2022-10-07,56.66853448708956,57.07180605622022,56.072392452607176,56.361698150634766,6723200
2022-10-10,56.60716215275465,56.85263119994596,56.203890619721804,56.51072692871094,4328500
2022-10-11,56.54580120146412,57.89588780021578,56.52827056264971,57.57151412963867,7154500
2022-10-12,57.72931757460517,58.18519445358257,57.25591005652745,57.326045989990234,6406000
2022-10-13,56.51074441221549,58.693673901278075,56.195139342889334,58.264102935791016,7690100
2022-10-14,58.413121097698244,58.73749474520681,57.87834635672663,58.009849548339844,7892200
2022-10-17,58.59722603879841,58.67613063341771,57.808220223788545,58.19395446777344,5799600
2022-10-18,58.33421425794499,58.8076216620995,58.24654770647841,58.62351989746094,6802300
2022-10-19,58.60599037923159,58.711194268120096,57.72931137075085,58.02738571166992,7058600
2022-10-20,58.00108337402344,58.33421897192876,57.59780516533583,58.00108337402344,6384200
2022-10-21,58.01861899826162,59.56157597782054,57.957251733147196,59.43007278442383,7814600
2022-10-24,59.710608563549556,60.81522600109895,59.69307123757966,60.49085235595703,7133100
2022-10-25,60.350583006543495,61.11329619315969,60.03498469982101,61.01686096191406,6711800
2022-10-26,61.367533963571745,62.603654643903994,61.2623300689061,62.08641052246094,8763100
2022-10-27,62.11271231523726,62.472153953363694,61.49027096269383,61.542869567871094,8881200
2022-10-28,65.18985588264147,69.79242097912727,64.8654822203515,69.49434661865234,27665700
2022-10-31,68.43355256732123,69.58200647072248,67.96891382202273,68.78422546386719,14674300
2022-11-01,68.60891663704304,69.73983361709958,68.08291045036202,69.55572509765625,10553100
2022-11-02,68.53875554764957,70.13431085199122,68.21438195208864,68.27574920654297,9785000
2022-11-03,67.79358029924558,69.75733914383174,67.64454649290612,69.66090393066406,8261100
2022-11-04,69.38039871759,71.29155984399944,68.7228892477959,70.43241119384766,9103300
2022-11-07,69.74858455505876,71.50194269219773,69.70475461474857,71.41427612304688,8989300
2022-11-08,70.66032626697874,73.46570308822318,70.2044561286114,72.08931732177734,9344400
2022-11-09,72.32602301960353,73.24653871526522,72.04548598573537,72.16822052001953,10316500
2022-11-10,73.20270885999017,73.46571527980976,71.50194917249398,72.4136962890625,9397300
2022-11-11,71.37044634572263,71.87015314840718,70.19569291312092,71.7298812866211,11413200
2022-11-14,71.58085360601227,73.76378280668446,71.21264996995308,72.63286590576172,7665200
2022-11-15,72.88710069025345,73.32544024537334,71.87015640041132,72.76436614990234,7121000
2022-11-16,72.48383127681498,73.15010929337541,72.36109673278162,72.65916442871094,6280300
2022-11-17,72.36985322431867,73.49200126018177,72.29971729994476,73.30789947509766,5757500
2022-11-18,73.31666144924698,73.69363368209441,72.75558743131543,73.30789947509766,7276400
2022-11-21,73.43065370348631,74.66676793176889,73.32544978869414,73.94789123535156,6347900
2022-11-22,74.21087730638526,75.52589578190822,74.11444208309786,74.71935272216797,7357700
2022-11-23,74.57031269233197,75.34179448360409,74.52648275598325,74.88591766357422,4680500
2022-11-25,74.55278782143826,75.75384053758502,74.30731875560514,75.6223373413086,4028700
2022-11-28,76.20093295037715,77.32308093947609,74.58784688817983,74.70181274414062,9253800
2022-11-29,74.95606728563568,75.28044097883652,74.26348995487567,75.18400573730469,6155600
2022-11-30,75.18399299722196,77.2792552744926,74.52648374648356,76.99871826171875,14657500
2022-12-01,77.3230888107479,77.99813541850563,76.90228661626413,77.06008911132812,8220500
2022-12-02,76.00808652243397,78.08581870422577,75.87658998883401,78.05075073242188,6730400
2022-12-05,77.00748491421193,78.11210239534664,76.68311794480145,77.1302261352539,6811400
2022-12-06,77.13898545778474,77.73512746171406,76.39380962500563,77.11268615722656,6760500
2022-12-07,77.17406231107942,77.62993920170102,76.59545756655932,76.96366119384766,8861700
2022-12-08,77.03379248329685,78.5592121961603,76.76201742270983,78.43647766113281,6392200
2022-12-09,78.26111552869854,78.26111552869854,76.96363461718882,77.1214370727539,8276300
2022-12-12,77.01625174121648,77.63869305226429,76.64804815246092,77.62116241455078,5968400
2022-12-13,78.5767502114826,78.67318545356196,77.09516698855015,77.8052749633789,8462200
2022-12-14,77.78759299942651,78.92788920608479,77.36329407025026,78.14117431640625,8643500
2022-12-15,77.8318020186223,77.8759954732543,75.4804917264874,76.53239440917969,9898600
2022-12-16,76.32023370675223,77.0097203170032,75.84290667935176,76.69149780273438,28313000
2022-12-19,76.01968811119248,76.56773945332327,75.51583695975047,76.39094543457031,5834800
2022-12-20,73.93358059689324,75.36558208548284,72.31595040970927,74.93244171142578,10999000
2022-12-21,75.35671362140002,75.940123673654,75.01197377015946,75.3743896484375,5320700
2022-12-22,75.35672995718306,75.55120001675814,74.57885646288534,75.38324737548828,4698800
2022-12-23,75.33022199389814,75.35673941553166,74.49930681469561,74.91476440429688,3955400
2022-12-27,75.3567230975,75.55119313937257,74.86171335018943,75.14457702636719,3455900
2022-12-28,75.48932581674795,75.86942455865346,74.6495693318855,74.75564575195312,3285900
2022-12-29,75.0561813552913,75.63958472107544,74.79099371557008,75.36556243896484,3464100
2022-12-30,75.42744163983217,75.92245139329388,74.94126652910934,75.88709259033203,3831000
2023-01-03,75.20646168847698,76.15228784413777,74.985474205902,75.48048400878906,6050600
2023-01-04,76.19646752509561,76.4616551538657,75.08269566986492,75.57770538330078,5713900
2023-01-05,75.14457796013946,76.38210908779584,75.13573657339846,75.88709259033203,5710700
2023-01-06,76.55890698693017,78.0439431974783,76.21416704019606,77.85831451416016,5939400
2023-01-09,77.58427313621853,77.69919092957547,75.09153490065681,75.22412872314453,5435700
2023-01-10,75.31251719669805,77.3721217654194,75.01197751405279,77.02738189697266,5034500
2023-01-11,77.0097103915318,77.08042125136464,76.03736019880894,77.07158660888672,5947100
2023-01-12,76.46166612018415,76.54121837382382,75.20645888451745,75.77218627929688,6013300
2023-01-13,75.61308210757043,76.28488598077209,75.4274534210285,76.25836181640625,5305700
2023-01-17,76.06388869081566,76.3467523782645,75.45396112500316,75.49816131591797,5959800
2023-01-18,75.15340436278038,75.25063937426373,73.89819734326966,74.0219497680664,6374800
2023-01-19,74.4020542769258,74.76447693803563,73.58882206604764,73.91588592529297,6922500
2023-01-20,73.84518616146829,74.07501505710994,72.93471871150773,73.37669372558594,16678600
2023-01-23,73.15569420932576,74.58768870370106,72.85514774220839,73.57115173339844,5673100
2023-01-24,73.74793541699823,74.32250416176778,72.581121898021,74.26946258544922,4776400
2023-01-25,74.38438490742345,74.73796621372186,73.86285096323275,74.31366729736328,3892800
2023-01-26,74.03963835981783,74.08383180414705,73.02309472421919,73.91588592529297,3670900
2023-01-27,73.65954886918594,74.2252762816686,73.46507880664451,74.01313018798828,4108300
2023-01-30,73.82748542584473,74.1103490962885,72.77558973413292,73.67721557617188,7283000
2023-01-31,73.82748169932005,74.43740919767843,73.57114220117097,74.19874572753906,9621800
2023-02-01,74.26063429519127,74.83520308911102,73.10265531987534,74.25179290771484,6673600
2023-02-02,72.81095309877573,72.92586415384399,71.14028838677149,71.9446792602539,10933800
2023-02-03,74.83519894869711,76.87712098260482,73.91589027808871,74.69376373291016,12852400
2023-02-06,74.69375123792138,77.0627367540439,74.69375123792138,76.33789825439453,7611100
2023-02-07,76.55004157263808,76.62960055137685,75.4716218750742,76.06387329101562,7298600
2023-02-08,75.48931047135488,76.04619638950044,75.3920754587261,75.72797393798828,7376600
2023-02-09,75.86942810805444,76.55890801074298,75.25065907804955,75.60424041748047,6656800
2023-02-10,75.63074831565453,76.86827947585319,75.38324343241526,76.6384506225586,5522200
2023-02-13,76.63844792572222,77.62847416784348,76.36442563520737,77.3367691040039,5801700
2023-02-14,77.42518035497851,77.44286313232655,75.15342903401258,75.7368392944336,7206200
2023-02-15,75.37440257679107,75.37440257679107,74.64072930887471,75.17993927001953,5614900
2023-02-16,74.52581006732194,74.92359154820826,73.69490179009696,73.71257781982422,5760600
2023-02-17,73.90705545738767,75.35673282798946,73.61535035691219,74.92359924316406,6306200
2023-02-21,74.89708677820799,75.5688839253138,74.79985173828418,74.8175277709961,6085600
2023-02-22,74.80866764991161,74.91474405163062,73.4031907331434,73.80980682373047,4986800
2023-02-23,73.50042972349259,74.11919190697759,72.70487352758187,72.96121978759766,5344800
2023-02-24,72.72256899070825,72.74909315766175,71.00771044792468,71.2994155883789,6290000
2023-02-27,71.74137103505828,71.87395811360844,71.22867851799111,71.50270080566406,4930000
2023-02-28,71.43199128914736,71.53806770800018,70.64527639532972,71.18448638916016,5808900
2023-03-01,71.0165237518995,71.0165237518995,70.17677413882595,70.35356140136719,5269700
2023-03-02,70.28286140292381,70.62760133895,70.01767372413315,70.38009643554688,3459400
2023-03-03,70.54802565330728,71.75903920884602,70.35355563405275,71.66180419921875,4915300
2023-03-06,71.69718933105469,71.90049406658193,71.19333807065611,71.69718933105469,4500400
2023-03-07,71.86512597675804,71.86512597675804,70.66295363330607,70.96349334716797,6112600
2023-03-08,71.15797180434427,71.44967690980478,70.55688556157851,70.89278411865234,3859700
2023-03-09,71.21985863233755,71.33476971643942,69.20445350191086,69.78785705566406,7500000
2023-03-10,69.84971841290863,70.99001459779699,69.74364874064162,70.27401733398438,6203800
2023-03-13,69.45194472202853,71.8386068007776,69.45194472202853,70.2828598022461,6845700
2023-03-14,70.52380066864906,71.30908840623619,69.89022057651081,71.18415069580078,5499100
2023-03-15,70.58625214593731,71.2912231306988,70.05975870630529,71.07705688476562,4875400
2023-03-16,70.65763925701648,71.36261020279703,69.97943823946959,71.25552368164062,7274500
2023-03-17,71.17522635320833,71.17522635320833,68.2928766303647,68.98892211914062,16828100
2023-03-20,69.3458585254356,71.1038231059951,69.27446751110728,70.90750122070312,4672600
2023-03-21,70.96998628178996,71.43402119502362,69.9259179393498,70.62196350097656,4744800
2023-03-22,70.58625136320946,70.83611311539782,69.39048246110167,69.43509674072266,4909500
2023-03-23,69.40832920185005,70.43455298358761,69.28339832145302,70.28285217285156,5015600
2023-03-24,70.43456375938185,71.74634501246256,69.89914464602043,71.38939666748047,4806500
2023-03-27,71.72849252972645,72.27283721394912,70.86290182998178,71.01460266113281,4444900
2023-03-28,71.35369664176628,72.37992051563656,71.20199581741078,72.25498962402344,4154900
2023-03-29,72.5137802979691,73.14736036528066,72.21929740791319,72.5405502319336,5469300
2023-03-30,72.97780961626606,73.08489616217231,72.33530395727534,72.6833267211914,3822700
2023-03-31,72.85286093525903,74.19141179537509,72.45129840051291,74.03971099853516,7135600
2023-04-03,74.01294879220738,74.78038524339611,73.74523586896575,74.28065490722656,5083600
2023-04-04,74.20927474719564,74.46805529671211,73.01349891516661,73.28121185302734,4490600
2023-04-05,73.441828084855,74.70898795772774,73.12949409785772,74.64652252197266,4615000
2023-04-06,75.02132958774027,75.6995307410233,74.29851414787929,74.39667510986328,3729100
2023-04-10,74.51268100531037,74.51268100531037,73.45968715709802,73.70954895019531,3465500
2023-04-11,73.67384258047682,74.16464732190414,73.40613647369828,73.65599822998047,3669400
2023-04-12,74.0397175100451,74.28065369043783,72.94210271260133,73.31690216064453,5146700
2023-04-13,73.13842739940517,74.3698918949875,73.11165746814378,74.30742645263672,4224700
2023-04-14,74.09326773672085,74.2806640828494,73.15628600607806,74.06649780273438,4886600
2023-04-17,74.43236988376634,74.72684595856627,74.09326590638591,74.6286849975586,4444700
2023-04-18,74.72685483592211,74.89640684475467,74.03973483546335,74.7625503540039,4283900
2023-04-19,74.4769743562326,75.23548520279851,74.41450891729711,75.05701446533203,3112200
2023-04-20,74.73576510780427,75.74413775620916,74.69114401728672,75.57459259033203,5927700
2023-04-21,75.73522871402093,77.52888240511,75.62814216795543,77.25225067138672,8039500
2023-04-24,77.29687139309335,77.96614698425705,77.18085926669535,77.36825561523438,6630800
2023-04-25,77.59134392150634,77.70735604258535,76.29741389453733,76.37772369384766,5378600
2023-04-26,75.17302849128706,75.33365489694415,73.97725943334652,74.72684478759766,4439500
2023-04-27,74.7268495709874,74.83393611768793,73.54892479017539,74.55730438232422,8659000
2023-04-28,73.63817353359403,73.9326564842747,71.4608011548097,73.36154174804688,10709400
2023-05-01,73.59354370907107,73.66493473809231,72.46023325008447,72.65655517578125,5561300
2023-05-02,72.75469756004276,73.20980674355773,71.4607678285102,71.78202056884766,5647900
2023-05-03,71.82665303859204,72.19252695540746,70.60411400817314,70.89859008789062,5057400
2023-05-04,71.04138694620414,71.10385240742758,69.97054852288107,70.0687026977539,4564200
2023-05-05,70.27393054065286,71.2376889363267,69.80097692283776,71.16629791259766,4613700
2023-05-08,71.04137556276302,71.08599666001182,69.72066869794736,70.13115692138672,3823400
2023-05-09,69.88130036906314,70.74689797825212,69.87238159552187,70.31856536865234,4546600
2023-05-10,70.29177108815644,70.35423652848293,68.85506596064731,69.70281219482422,5613900
2023-05-11,69.7474366949334,70.28285575365979,69.11384987292514,70.22930908203125,5123500
2023-05-12,70.29178203093574,70.56842057392403,69.52435227669203,69.75636291503906,3519100
2023-05-15,69.6671319804752,69.96161489590692,69.45296568208116,69.94376373291016,2723300
2023-05-16,71.18414299195068,71.18414299195068,69.74743777200075,69.89021301269531,5764300
2023-05-17,69.73850995969458,70.51486519910907,68.75690723358665,70.32746887207031,5506900
2023-05-18,70.38994543874267,70.5416530868929,69.0335498441944,69.79206085205078,5049900
2023-05-19,70.30070136458214,71.05029350680361,70.18469605571745,70.36316680908203,5694300
2023-05-22,70.76473858001576,71.25553657227233,69.96160654660501,70.15792846679688,3559500
2023-05-23,70.14007488181176,70.996746751768,69.69389119069562,70.12223052978516,4542900
2023-05-24,70.60411431322554,70.72904521018442,69.72959122629005,70.5416488647461,5863900
2023-05-25,69.13170909308595,69.76528918074192,68.05194526976605,69.2923355102539,8118100
2023-05-26,69.60465245627127,70.15792265752481,68.72121069678244,68.79259490966797,5439000
2023-05-30,68.28394794116927,68.59628196626124,67.82884548582668,68.1144027709961,5038500
2023-05-31,68.37321792829907,68.73015957374342,68.06088377619704,68.65877532958984,8073100
2023-06-01,69.1941745903897,69.1941745903897,67.7039225462413,68.00732421875,5031200
2023-06-02,67.9270128507979,69.595735627635,67.6414555386819,69.50650024414062,4877200
2023-06-05,69.44403274414043,69.63142908641167,68.87291813677386,69.35479736328125,5744100
2023-06-06,69.86344152287195,69.98837240877774,67.83776380041466,67.9983901977539,5408500
2023-06-07,67.95376181671236,68.02515282476826,67.03462471471167,67.89129638671875,7037500
2023-06-08,67.60576675454931,70.01515638989572,67.60576675454931,69.96161651611328,8860500
2023-06-09,69.1763127394218,69.96160035064233,68.9621464855537,69.71173858642578,6375300
2023-06-12,69.78313035722033,69.87237254686859,68.54274017320928,69.47972869873047,5687100
2023-06-13,68.71229547240883,70.05084668291029,68.62306008668676,70.0062255859375,4920500
2023-06-14,70.312552429238,70.63690611315583,69.66384506140234,70.23146057128906,6069400
2023-06-15,70.52879801415544,71.18651722868923,70.0692957375343,71.17750549316406,6526200
2023-06-16,71.4027507856264,71.65502438888714,70.72701497377504,71.0513687133789,13982700
2023-06-20,70.85314082362135,71.33967135782402,70.01522827148438,70.01522827148438,5410000
2023-06-21,69.97918940932387,70.68195345724786,69.37553381676753,69.92513275146484,5342300
2023-06-22,70.05127949858341,70.44771337643562,69.65484562073122,70.3756332397461,3408800
2023-06-23,70.57384786018096,70.60087619206656,69.60979840393512,69.79900360107422,4815500
2023-06-26,69.55573807103426,69.55573807103426,67.53754233462138,68.97911071777344,6106200
2023-06-27,69.06020125568476,69.27643479049118,68.29436871137608,68.48357391357422,5111200
2023-06-28,68.4024846235034,68.67278170766826,67.79882892600098,68.6367416381836,4486900
2023-06-29,68.3664419736848,68.90703612161106,68.01505990189682,68.48357391357422,5295800
2023-06-30,68.91603562593556,69.59177138437431,68.61871711641662,69.43860626220703,6017200
2023-07-03,68.70881766408817,69.23138145548313,68.3304003941222,69.1232681274414,3437300
2023-07-05,68.98810321001842,69.91611238300433,68.56464111191299,69.59175872802734,5308300
2023-07-06,69.29445075228477,69.41157580554156,68.49257135280888,68.69078826904297,5020300
2023-07-07,68.16822386055587,68.42049743369806,66.96991751419112,67.0510025024414,6550700
2023-07-10,67.12309693534014,68.36644847106736,67.07804512741797,68.19526672363281,5554900
2023-07-11,68.0150497235499,68.69979716756232,67.8979246751282,68.58267211914062,3529800
2023-07-12,68.79890845369049,69.53771258524282,68.77188012401433,68.81692504882812,5185100
2023-07-13,69.10523844859826,69.63682080149421,68.74485155558196,69.11425018310547,3341700
2023-07-14,69.0241593783075,69.95216876788115,68.88901084486844,69.5467300415039,6072300
2023-07-17,69.07821460025359,70.06028750706825,68.8890094069641,69.80801391601562,4954600
2023-07-18,69.8620641205604,71.05135870696868,69.73592733669432,70.4747314453125,5244900
2023-07-19,70.36660487318018,71.7180761839606,70.36660487318018,71.14144897460938,5351600
2023-07-20,71.68204452040611,72.78124241508911,71.66402792535168,72.02442169189453,6046000
2023-07-21,72.44788381507296,73.0965843457919,72.07847831422168,72.65510559082031,14984400
2023-07-24,71.91630745782538,72.24066118719186,68.69980536989102,69.9701919555664,11333500
2023-07-25,69.39355161819954,70.4116645185112,69.24939823675552,69.582763671875,5298400
2023-07-26,69.16831277308654,69.71791176818277,69.0241593783075,69.5467300415039,4049700
2023-07-27,69.67285558668131,70.5287847036529,68.83494306341973,68.93405151367188,6258600
2023-07-28,68.8529710406751,69.66385537046673,68.78089090604028,69.24940490722656,5026500
2023-07-31,69.07820389640573,69.2764207940728,68.33939983397129,68.6006851196289,6059500
2023-08-01,68.55564744965216,68.81693278914256,67.66367810031608,68.18624877929688,4025300
2023-08-02,68.47456245150349,68.76287612371011,67.88892337153813,68.18624877929688,5325400
2023-08-03,68.22227499681549,68.31237171222449,67.72673275115781,68.05108642578125,5747700
2023-08-04,69.71789002636055,72.2045988947527,69.60076500000727,70.88916778564453,9062400
2023-08-07,70.57384426858276,72.95243358862457,70.22246222407246,72.68213653564453,6831500
2023-08-08,72.70015741896472,72.9073791947965,70.9792804490206,72.15055847167969,5546500
2023-08-09,72.5920374443435,73.36688163877398,72.10550688919372,72.23164367675781,4551300
2023-08-10,72.42084623830306,73.06054188750568,72.0334241551027,72.07847595214844,3776200
2023-08-11,72.07847595214844,72.19560100095259,71.59194541459874,72.07847595214844,3383600
2023-08-14,72.13252638620533,72.45688004992145,71.64599589063113,71.94332122802734,3682000
2023-08-15,71.74510813914974,72.26767872216125,71.14145257288071,71.75411987304688,3798600
2023-08-16,71.2856209955017,72.57402413300811,70.19543478283315,70.27651977539062,7264600
2023-08-17,70.26751641676003,70.37563662699826,68.92505645751953,68.92505645751953,5741200
2023-08-18,68.97010234897242,69.11425574298745,68.20426295485657,68.36643981933594,6483800
2023-08-21,68.17723298115413,68.70881536401076,68.06010792171645,68.42050170898438,5359200
2023-08-22,68.19525781535991,69.15029552787567,67.8979324193707,68.78990173339844,4534900
2023-08-23,70.5468287818545,71.15949625607074,69.33951043239564,69.41159057617188,7422800
2023-08-24,69.60078969179166,70.40266231761359,68.73584866418396,68.77188873291016,4793900
2023-08-25,69.02415964194778,69.54673030714017,68.53762904407279,69.24940490722656,3773300
2023-08-28,69.63683587001695,69.81702935551667,69.04218499477433,69.41159057617188,2783500
2023-08-29,69.60080282770474,70.5017840940828,69.42060932400575,70.46574401855469,4156300
2023-08-30,70.47473914616319,70.72701274146158,69.85306001922078,69.9701919555664,3297900
2023-08-31,69.62779343763144,69.74492533811456,68.69077260345558,68.90701293945312,9200000
2023-09-01,69.57375482457233,69.74494341645914,68.89801906578502,69.06019592285156,2993000
2023-09-05,69.33048523219972,69.37553703179618,67.69070008640576,67.71773529052734,6045600
2023-09-06,67.68169210603017,67.69970870067462,65.99685523829783,66.88882446289062,5753800
2023-09-07,67.2312052629689,67.35734205412005,66.41130924654681,66.61853790283203,6586100
2023-09-08,68.58267616380793,69.01514319420752,67.61862676919861,68.47455596923828,6695200
2023-09-11,68.5196211372488,69.52871565435261,68.47456932890344,69.41159057617188,8053800
2023-09-12,69.36653238025197,69.58277279166829,68.72683662951084,69.19535064697266,4181200
2023-09-13,69.37553665306909,69.8530554808508,69.30345652368406,69.65483856201172,4407700
2023-09-14,69.86409299418445,70.7193139500145,69.8185998594488,70.38268280029297,4424400
2023-09-15,70.24621193026681,70.42817753205786,68.61765623594623,68.84510803222656,11145100
2023-09-18,69.01796570848279,69.28181059488217,68.3629034996674,68.79961395263672,3337800
2023-09-19,68.59036432450986,69.26361970965688,68.47209188724614,68.93608856201172,4002700
2023-09-20,69.12715512755754,69.50017247558291,68.89970332420997,68.98158264160156,4826300
2023-09-21,69.03617655990519,69.27272840535151,68.4357073415001,68.48119354248047,5271600
2023-09-22,68.0171923512093,68.79052712997479,67.64416804471482,68.24464416503906,4351800
2023-09-25,68.00809296441989,68.17185854954387,67.80793425579294,68.08087921142578,3885700
2023-09-26,68.60854763664582,69.39097525282187,68.52666139905008,68.71772003173828,5643900
2023-09-27,68.84511145109711,69.1999357156129,68.36291472964122,68.7359390258789,4443100
2023-09-28,68.95429936766867,69.19085122043683,68.42660944275474,68.61766815185547,3482900
2023-09-29,68.69955918213701,68.91791101605533,67.85343801676396,68.18096923828125,4179900
2023-10-02,68.23554546310991,68.27193858697702,66.56150341289536,67.41671752929688,4578700
2023-10-03,66.60698147949158,67.20745753806646,66.29765037630654,66.66156768798828,6075300
2023-10-04,66.68886769835268,68.07177152933643,66.64337456377756,67.99898529052734,4707600
2023-10-05,67.93530760034552,68.26283877485031,67.46221087121562,67.96260070800781,4781900
2023-10-06,67.74424039597332,68.24463711118857,67.24385062203585,67.99898529052734,4635200
2023-10-09,68.03538569340883,68.54487553705992,67.54408894076876,68.29013061523438,3394000
2023-10-10,68.29012932935461,69.56386085577694,68.03538441232583,69.11805725097656,5040100
2023-10-11,69.37280596663072,70.06426145162666,69.15445416026103,70.01876831054688,4434100
2023-10-12,69.94596439716254,70.15522307549307,69.40918156262987,69.8367919921875,4037900
2023-10-13,70.22801967419781,70.83758882955682,70.02786098049114,70.64653015136719,5651800
2023-10-16,70.72840692303204,72.27508326522607,70.62832757977863,72.05672454833984,6958200
2023-10-17,72.04763840205646,73.75807353446271,71.51994853075891,73.2212905883789,10602200
2023-10-18,73.2121853784421,73.43053715955534,72.35696440227146,72.48433685302734,6781900
2023-10-19,71.9384485071704,72.66629697772284,71.17421386024007,71.36527252197266,5563400
2023-10-20,71.63821110913945,71.95664221476817,70.72840398375594,70.78299713134766,5183700
2023-10-23,70.69202395509355,70.9376758115473,70.20982719996132,70.56465148925781,4049700
2023-10-24,70.59193605730981,71.45625704666308,70.30989805154842,71.10143280029297,5424800
2023-10-25,70.88309008423,71.5108524012438,70.44637952600931,71.31979370117188,5148000
2023-10-26,71.42896085484605,71.82927127833815,70.63742614030885,71.41986083984375,4630900
2023-10-27,71.3197824938805,71.41986183646948,69.44558197135527,69.70942687988281,6037800
2023-10-30,69.98236446676124,70.95585784176164,69.96417137788322,70.75569915771484,4760800
2023-10-31,70.59194718494786,71.6109338902624,70.47367473127346,71.45626831054688,4684100
2023-11-01,71.87477042363831,73.16669501091592,71.70190483052433,72.95744323730469,5446100
2023-11-02,72.61170926803133,73.97642004655359,72.4570437123722,73.90364074707031,6166100
2023-11-03,74.6041872931816,75.14097018701432,74.15838372730451,74.23116302490234,7040000
2023-11-06,74.30395883237138,74.58600380901571,73.45783778499575,73.82176208496094,6649800
2023-11-07,73.75806428286984,74.01280917050084,73.07570893045353,73.33955383300781,7609000
2023-11-08,70.50096099080703,71.20151645179646,68.317422229439,70.87398529052734,13103500
2023-11-09,70.53735036219523,70.70111593412086,67.98079437834076,68.21734619140625,8878900
2023-11-10,68.6540450957617,69.17263488144704,68.10816220682095,69.07255554199219,5946700
2023-11-13,68.57216949126679,68.82691439045234,67.81702786776825,68.1718521118164,4742500
2023-11-14,68.52667206885737,68.89059630547456,67.82612363992318,67.98078918457031,5534400
2023-11-15,67.53499288350046,68.65405187514104,67.42581351842017,68.27193450927734,7102100
2023-11-16,68.71775078765774,69.28183386611484,67.31664657957742,67.79884338378906,6820700
2023-11-17,68.13545348014715,68.69953638362682,67.84431548444607,68.64494323730469,7874500
2023-11-20,68.44479910137306,69.23632692747924,68.29922661672754,69.14534759521484,7012200
2023-11-21,69.14535175910196,69.28182423635589,67.81703399247263,67.95350646972656,5120400
2023-11-22,68.22643613387507,68.89969842159766,68.14455682230965,68.87239837646484,4419100
2023-11-24,69.04527195366438,69.13625129081251,68.26283715988916,68.58126831054688,1931000
2023-11-27,68.33561582443798,68.50848140473532,67.79882599464618,68.16275024414062,4552100
2023-11-28,68.0535787978296,68.1900443197164,67.49859587123053,67.78973388671875,6792700
2023-11-29,68.09907013891214,68.64495309155562,67.94440457489752,68.4448013305664,5091700
2023-11-30,68.58125736121147,69.81859558445869,68.51757114124774,69.69122314453125,10393600
2023-12-01,69.85499539205755,70.65563016688424,69.32730555251779,70.64653015136719,5400500
2023-12-04,70.31899860665814,71.392571369404,70.20072617071965,71.2742919921875,8194600
2023-12-05,71.30159048662789,72.12951140273275,70.82848687061554,71.89295959472656,6276900
2023-12-06,72.10220643895514,72.94832724642612,71.91114779743287,72.20228576660156,5745300
2023-12-07,72.40245612756274,72.61170788918027,70.82848667206015,71.01045227050781,8588600
2023-12-08,71.06503867862172,72.09311828294119,70.910373125466,71.89295959472656,6569000
2023-12-11,72.44794460044568,73.54881047589568,72.29327904285773,72.866455078125,8190000
2023-12-12,73.49423126534765,73.85815556707679,72.83916891049094,73.53062438964844,6118200
2023-12-13,73.96731485503005,75.62316338405678,73.59429063819636,75.59586334228516,10582400
2023-12-14,75.65096993659802,75.70605335185765,74.4299028653172,75.08174896240234,8531100
2023-12-15,74.68695647568701,75.56832600467992,73.53933880702402,73.75050354003906,20354200
2023-12-18,74.02594662016278,74.02594662016278,72.92423617664458,72.9885025024414,4926700
2023-12-19,73.06194120586612,73.46589790788194,72.73142671953298,72.97930908203125,7452300
2023-12-20,73.13539032460419,73.24555715022699,72.14384686698016,72.15302276611328,5227800
2023-12-21,72.36418089672239,72.91503598790692,72.08874984887888,72.46517181396484,3791000
2023-12-22,72.70388581761372,73.44753991784083,72.67634411086506,73.13539123535156,4109700
2023-12-26,73.19047645635189,73.50262514654995,72.88750366562783,73.4016342163086,2659500
2023-12-27,73.54852499829637,74.13610471056478,73.20882763156199,73.7872314453125,3541200
2023-12-28,73.92495015342142,74.60434498049662,73.79641751143501,74.49417114257812,3553100
2023-12-29,74.42989267285321,74.64105740993728,74.0810194164779,74.37480926513672,3586900
2024-01-02,74.28300317985872,76.8995701818804,74.24627857225984,76.42215728759766,7417500
2024-01-03,76.79859144351771,77.31272202244547,76.17428702431808,76.64251708984375,7329600
2024-01-04,76.92712061507592,77.99210633827249,76.60578901775384,77.56060791015625,5881000
2024-01-05,77.3953610692414,77.59733595436441,76.43135914311209,76.48644256591797,7369000
2024-01-08,76.0732890656629,77.18418225229385,75.74277457986325,77.11073303222656,8641200
2024-01-09,76.6792245814275,79.22234944058276,76.37625881853593,79.01118469238281,7601600
2024-01-10,77.0281090835294,77.98292794540392,76.54152025107003,77.57896423339844,8386600
2024-01-11,77.41370422467405,78.47869688030835,77.15663896421142,78.39606475830078,5862000
2024-01-12,78.84593029995924,79.36924373319667,78.62558964504429,79.30497741699219,5884200
2024-01-16,78.818389668085,79.03873032600356,78.32261793439083,78.9469223022461,5139500
2024-01-17,78.80002691948381,79.48859756994173,78.56132046606427,79.39678955078125,5809500
2024-01-18,78.73576920680505,79.4610645450598,78.3409883772361,79.32334899902344,6260500
2024-01-19,79.30497282771728,80.67293820055536,79.03872467470522,80.14044189453125,6400700
2024-01-22,73.90658106530783,74.13610460898892,71.03294882004167,72.0061264038086,20378600
2024-01-23,72.10712766040486,73.33737066873734,71.96941211355328,72.97013854980469,7837600
2024-01-24,73.04357869499154,73.35573439261725,72.05204219574767,73.01603698730469,7563000
2024-01-25,73.5209911230757,74.42071958882994,73.03440227870813,73.65870666503906,8337400
2024-01-26,73.65870427345072,73.91576954103398,72.89668436989807,73.00685119628906,5481400
2024-01-29,73.12620819753623,73.45672268692083,72.44682041580265,72.59371185302734,6586000
2024-01-30,72.34582210820543,72.43763012266838,71.57461937681107,72.1805648803711,8102400
2024-01-31,72.33663298938069,72.55697360605798,71.62052073180304,71.85004425048828,7637300
2024-02-01,71.61134893858103,72.14384526561531,71.06049380918486,71.75824737548828,7698000
2024-02-02,71.2532949480265,71.60216823966798,70.61063177802819,70.65653228759766,7588800
2024-02-05,70.37192616856515,70.73916527210203,69.78434640470748,70.42700958251953,6690400
2024-02-06,70.57391502860588,71.4920093762966,70.42701657081345,71.35429382324219,8121200
2024-02-07,69.96796699810595,70.18830767273619,67.8838959822825,68.32457733154297,12449800
2024-02-08,68.30622634562916,68.48065952261308,67.04843446682636,67.75537109375,8815200
2024-02-09,67.77371712505102,68.04914820132495,66.84643997306561,67.63600158691406,10718300
2024-02-12,67.39729246959874,68.98559136898004,67.12186143278583,68.35210418701172,7605800
2024-02-13,68.57245412115846,68.64589632953972,66.9933310666703,67.50746154785156,8560100
2024-02-14,67.12187587992737,67.78290490695474,66.86481059263977,67.05760955810547,7487700
2024-02-15,67.0576000530812,67.54418884997641,66.84643530873848,67.3605728149414,5482900
2024-02-16,67.02088586669089,67.10351099395373,65.52439463539848,65.71719360351562,12823200
2024-02-20,65.72637207182338,66.77300608957721,65.5978394213895,66.13951873779297,7874200
2024-02-21,66.57101800279322,67.28713041830761,66.57101800279322,67.20449829101562,6233300
2024-02-22,66.34149511493281,66.91989199390403,65.94671429149112,66.81890106201172,7323600
2024-02-23,67.250409658533,68.15932108378315,67.02088607608067,67.52584075927734,5573500
2024-02-26,67.47993024672805,67.8379864591055,66.87398465377939,66.9749755859375,5177900
2024-02-27,66.88317124879474,67.14941944785836,66.6811893733324,67.03924560546875,6090400
2024-02-28,67.18614122732072,67.25040754821053,66.66282775593118,66.74545288085938,4245600
2024-02-29,66.76380091482186,66.93824102701159,66.02932286776151,66.194580078125,8583200
2024-03-01,66.3598484311172,66.70872871407794,66.13950778180192,66.38739013671875,5401200
2024-03-04,66.46084617993998,66.65364514345345,66.0660653486018,66.33231353759766,5749900
2024-03-05,66.47002362847692,67.0300616689314,66.19459255777689,67.0116958618164,6280400
2024-03-06,66.91071407950258,67.31467783719654,66.57102365099088,66.68119049072266,6170300
2024-03-07,66.99332861583053,68.01241364267794,66.72708048224406,67.62681579589844,9902800
2024-03-08,67.90224673716253,69.26102924606377,67.62682267765078,68.96723937988281,9519000
2024-03-11,68.74689232188264,69.96795930934503,68.7009918138182,69.1508560180664,7394900
2024-03-12,69.08659344798832,69.16921856968477,68.16849918289878,68.9305191040039,7056300
2024-03-13,69.30694608009216,69.94043347385227,68.82035715627829,69.7200927734375,6003000
2024-03-14,69.30269237673753,69.58093769433411,68.46794227144312,68.82966613769531,8399300
2024-03-15,68.86677860034108,69.2470564646349,67.97638069587093,68.34738159179688,13963700
2024-03-18,68.34737970645031,68.79257510827802,67.90217722836928,67.94855499267578,6939600
2024-03-19,68.02275292755384,68.42157766137284,67.88363378014905,68.08768463134766,8661700
2024-03-20,67.95784071425452,68.61637115478516,67.52192217899834,68.61637115478516,7311400
2024-03-21,68.54214935975025,68.89459628752127,67.73522301376451,67.7908706665039,5836900
2024-03-22,67.80943726230039,67.92073966481338,67.29931009610031,67.34568786621094,7730500
2024-03-25,67.24366186330874,67.55900805337606,66.96540939751064,67.31786346435547,5543800
2024-03-26,67.07669296199117,67.39204613975228,66.88191912113233,67.16017150878906,5362800
2024-03-27,67.63320387097934,67.76305312358036,67.29003387892816,67.71668243408203,7747600
2024-03-28,67.93928527832031,68.51433706635278,67.89290750906214,67.93928527832031,8369500
2024-04-01,67.91145307784798,67.91145307784798,67.13235052310284,67.59609985351562,3796100
2024-04-02,67.54045762245923,67.56828145231802,66.68716048427196,66.8633804321289,6139000
2024-04-03,66.77989783133194,66.93757089179974,65.57414684554296,65.75037384033203,5145300
2024-04-04,66.07500584330303,66.21413206447315,64.36841162062676,64.50753784179688,7341200
2024-04-05,64.63738766833252,64.93418697387843,63.570762731564784,64.53536224365234,6599300
2024-04-08,64.04378528592669,64.50753461579943,64.04378528592669,64.38695526123047,4589100
2024-04-09,64.14580728211637,64.87852495711853,64.0994295211023,64.86925506591797,5928100
2024-04-10,64.70231066605886,64.70231066605886,63.12555864559344,63.18121337890625,7983100
2024-04-11,63.496552088233194,64.02522599703686,63.35742588565274,63.67277908325195,6071500
2024-04-12,63.55219818141733,63.6449536983664,62.717455138895176,63.13482666015625,5691800
2024-04-15,63.320324095696336,63.49655108793889,62.79165019522115,62.83802795410156,7717800
2024-04-16,62.88441491484618,62.96788640154229,62.318640139727464,62.429935455322266,4974900
2024-04-17,62.46703569919445,62.652539683964925,62.04038714860255,62.07748794555664,5287700
2024-04-18,62.15169576623178,62.16096565920892,61.122171545434874,61.36332321166992,6442200
2024-04-19,61.446792531673246,61.984743507987325,61.363321040307575,61.91981887817383,10657000
2024-04-22,62.077491956810626,62.67109059392571,61.901264928954795,62.096038818359375,5622400
2024-04-23,62.22588997216445,62.773117933938714,62.14241847827324,62.17024230957031,5240200
2024-04-24,61.75287199746018,62.31864683334855,61.54882112861463,62.21662139892578,8467100
2024-04-25,62.57832757001168,62.97715222490495,60.37087651798522,60.53782653808594,15172000
2024-04-26,60.751165401126336,61.53953788802764,59.94423897735474,60.676963806152344,12382400
2024-04-29,60.565665037393224,62.05893843891609,60.472909510836494,61.159263610839844,7838800
2024-04-30,60.86246666296683,60.881013523239005,60.12046487951799,60.4729118347168,7436600
2024-05-01,60.584217615525134,61.112891616035725,60.25959447069474,60.76044464111328,7232500
2024-05-02,60.98302683110719,61.029404586954854,60.18537754904121,60.59347915649414,5571500
2024-05-03,60.76043586283536,60.77898272146592,59.66598722105907,60.08335876464844,7822700
2024-05-06,60.083368010239845,60.80681590445329,59.67526629504091,60.78826904296875,7187300
2024-05-07,60.68624934816962,61.34477267502755,60.43582777507052,60.714073181152344,7318200
2024-05-08,60.816090454215924,60.85319125196313,60.06481875953236,60.21321487426758,5135000
2024-05-09,60.454366927546126,60.491467725542535,59.842214374985986,59.89786911010742,6048600
2024-05-10,60.02771431369162,61.40040836564692,59.98133655026274,61.17781066894531,8733200
2024-05-13,61.35403089957278,62.68962400846829,61.33547696574994,62.643253326416016,6736500
2024-05-14,63.069919649451606,63.41309675970168,62.18879860249779,62.745296478271484,4356200
2024-05-15,63.00498469692969,63.05136246075491,62.11458682626079,62.15168762207031,7532100
2024-05-16,62.151690982678346,63.04208890149201,62.00328779141592,62.9400634765625,4832000
2024-05-17,62.902971094553465,62.902971094553465,62.33719623561414,62.81022262573242,3579000
2024-05-20,62.81021897219665,63.10701830091256,62.494865705043026,62.977169036865234,4719700
2024-05-21,62.884410872148266,62.97715932126586,61.99400594711073,62.41138458251953,5701200
2024-05-22,62.3093704911886,62.96789379874809,62.114596589762925,62.884422302246094,6227700
2024-05-23,62.66180788185227,62.726732505703225,61.22418918908007,61.37258529663086,5625300
2024-05-24,61.56735609995302,61.61373386164386,60.48218440841547,60.91810989379883,5971000
2024-05-28,60.57494016045644,60.79754495191353,59.11877096667365,59.30426788330078,5593400
2024-05-29,58.89617156982422,59.27644592189958,58.52517064862177,58.89617156982422,5609600
2024-05-30,58.87761881864315,59.6659948601824,58.49734448175425,59.434120178222656,7118600
2024-05-31,58.172717613462325,59.63816720781531,57.56984206375982,59.61033630371094,14509300
2024-06-03,59.63817574147234,60.18539663752149,58.59937453678461,58.83124923706055,8560900
2024-06-04,58.93326433674427,59.91641062910833,58.61791465814364,59.50831604003906,6593100
2024-06-05,59.526867987284994,59.74946569819038,58.71994509353102,59.248619079589844,6145800
2024-06-06,59.17441282373055,59.628888716405356,58.89616393794823,59.220787048339844,6087400
2024-06-07,59.192966596414145,60.213213748499875,58.95181849181949,60.00916290283203,7412500
2024-06-10,59.87931077439209,60.54711093676501,59.39701458837451,60.519287109375,11592200
2024-06-11,59.962792764300275,60.194667440824055,59.591791866611516,60.18539047241211,4648200
2024-06-12,60.28741498453962,60.491465828995544,59.23006704168028,59.675262451171875,5846100
2024-06-13,59.41556235429459,59.517587773783184,58.89616536508231,58.95181655883789,6502400
2024-06-14,58.91426737288016,61.608834849741264,58.8767116018437,61.08306121826172,9793600
2024-06-17,60.79200495619835,60.97039305441701,60.087850458636204,60.34134292602539,5915800
2024-06-18,60.24746102278883,60.40706766685501,58.857929820062694,59.28981399536133,6684600
2024-06-20,61.05489175554808,65.22348891905796,60.895285112484416,64.30339050292969,25061700
2024-06-21,67.17635613544516,67.76784345976218,65.30799398284569,66.35014343261719,31120000
2024-06-24,66.65995607893797,67.66454949670499,66.24684983360322,66.40646362304688,10915500
2024-06-25,66.32196476598615,67.11062153273208,65.2798155303401,65.35492706298828,8354500
2024-06-26,64.96059731891799,65.93702567996756,64.68832340605547,65.07325744628906,5795200
2024-06-27,64.9136602548782,65.33615011996052,64.33155658111474,64.62261199951172,7176300
2024-06-28,64.62259924938714,64.78220586354715,63.899663375555605,64.41604614257812,9590000
2024-07-01,64.43483076394207,65.71169820782787,64.31277989174352,64.44422149658203,5251000
2024-07-02,64.12500911986548,64.30339006435455,63.44901962087652,64.2188949584961,4846200
2024-07-03,64.06866485869446,64.15316711831436,62.510140051892904,62.51952362060547,3995700
2024-07-05,62.54770159159438,62.83874983520977,61.97498867394267,62.61342239379883,4211700
2024-07-08,63.71189706876167,64.01233602301016,62.9326310688882,63.42084884643555,5747000
2024-07-09,62.998352099969125,63.81517386753226,62.284806894846035,63.618011474609375,5364100
2024-07-10,63.683731884920796,64.65076954276893,63.51473452586765,64.54749298095703,4101600
2024-07-11,64.04989726114532,66.00275421215952,63.97478572540701,65.69292449951172,9594900
2024-07-12,65.95579899424163,66.35951449168842,65.63658575408944,65.68352508544922,5101000
2024-07-15,66.096618166117,66.89465827077683,65.91823011855932,66.48155212402344,7569300
2024-07-16,66.03093537321367,67.64579797081348,66.03093537321367,67.26085662841797,5129700
2024-07-17,67.60822740126854,69.45780782841676,67.60822740126854,68.81937408447266,7220100
2024-07-18,68.1621553185984,70.34033965553166,68.06826948295208,69.01653289794922,8120100
2024-07-19,69.01654439568496,69.23248113734223,67.56128863012478,68.1246109008789,5571800
2024-07-22,68.43441946024421,68.8381349424618,67.61759776467956,67.9837646484375,6420800
2024-07-23,67.5518920536773,67.87111251608248,66.45341264625705,66.81957244873047,4502400
2024-07-24,67.2796188420331,69.10102694749604,67.0542842442816,69.00714111328125,6600000
2024-07-25,70.18074225600522,72.61241938555035,69.8333567390569,71.83316040039062,11733400
2024-07-26,71.38249100879553,73.5043453394477,71.11021706328009,72.3025894165039,7453600
2024-07-29,72.40587132111312,73.21330248438488,72.11481588865786,72.97858428955078,4571100
2024-07-30,72.68752779015742,73.65456559259437,71.93643387553169,73.27902221679688,6120800
2024-07-31,73.12879084596486,73.20390237782179,71.23227122627172,71.41065216064453,7052000
2024-08-01,71.4576001623777,72.49035867653647,71.17593549350254,71.81436920166016,5662500
2024-08-02,73.03491716131569,73.42924202461187,70.92245332690328,72.07726287841797,6458100
2024-08-05,72.18053664402217,72.4622013428299,69.74885958557006,70.25585174560547,7349100
2024-08-06,69.94600118549208,70.89426441526558,69.61739724340087,69.65495300292969,5311100
2024-08-07,69.95541250934538,70.71589716534346,69.42963888419547,69.4765853881836,4214700
2024-08-08,69.52351812581833,71.11959866294325,69.26062778378288,70.96937561035156,7786300
2024-08-09,70.35912751780975,71.58904855157516,68.35932393786541,69.1573715209961,9545100
2024-08-12,68.85692434381156,68.99775668952527,68.00255386240151,68.5283203125,5606900
2024-08-13,68.49077201846701,69.71130959716531,68.22788876472434,69.45781707763672,4356900
2024-08-14,69.01653734773336,69.80518701364616,68.52831951004686,69.60802459716797,4747800
2024-08-15,69.83334739275794,70.42484176577713,69.24186018276886,69.79579162597656,5196700
2024-08-16,69.42024258604488,69.701900069241,68.43442348728466,69.27001953125,5148000
2024-08-19,68.85692145345311,69.96479154324969,68.79120064994952,69.8990707397461,3727900
2024-08-20,69.98357793206449,70.32157270615473,69.79579907810833,70.18074035644531,3668000
2024-08-21,70.27460768149992,70.77220897804021,70.22766835265458,70.53749084472656,3659700
2024-08-22,70.95061490803586,71.59843941119215,70.74406175265092,71.26044464111328,5930800
2024-08-23,71.43881722463578,72.4058620808867,71.26982702243089,72.03031158447266,6847100
2024-08-26,72.10542983720406,72.69691708914266,71.74865360899264,72.25564575195312,2926800
2024-08-27,72.49035238833908,72.72507053769765,72.0021417894062,72.2931900024414,3902000
2024-08-28,72.72507687363598,74.59343149965639,72.5091401687098,73.7578353881836,6214100
2024-08-29,74.10522651608294,74.78121604282519,73.46679275894088,74.59343719482422,5544800
2024-08-30,74.57465976636261,75.3445351033271,73.79539369663394,74.17094421386719,6205300
2024-09-03,74.91265015207841,75.52291881165688,74.54649038893731,74.8281478881836,8733300
2024-09-04,74.79998373845378,75.10981343801278,73.90805756908938,74.2929916381836,4580600
2024-09-05,74.12399920906888,74.47138469805098,72.98796406470753,73.95500183105469,4306400
2024-09-06,74.27421793693156,74.36810377188198,73.47617759530796,73.9080581665039,9220900
2024-09-09,73.60761475325732,75.2975811694341,73.57005898893834,74.3305435180664,5571500
2024-09-10,74.33054703517558,76.5744521274456,73.91744793417928,76.4617919921875,6869000
2024-09-11,76.18012701335432,76.23645708075072,74.77181802420476,75.99235534667969,6144800
2024-09-12,77.94519615013542,79.7008904018504,76.96877499908474,78.07664489746094,11448200
2024-09-13,77.65968560556212,78.81581635316967,77.29958227023126,78.47466278076172,6530300
2024-09-16,78.65470844448065,79.20434549169597,78.19983466023989,78.80633544921875,7844100
2024-09-17,78.71157392752829,78.97691398608893,78.06717354389203,78.70210266113281,7078500
2024-09-18,79.00535738737362,80.09514598989075,78.42729196048582,79.49813079833984,9199500
2024-09-19,79.9719516390414,80.2183419508681,79.06221113765221,79.50760650634766,8798300
2024-09-20,78.90111651220747,79.59289499496238,78.41781436303918,79.54551696777344,24926000
2024-09-23,79.83929348571048,80.0382985722024,79.1096081685735,79.59290313720703,6474400
2024-09-24,79.40336608886719,79.86771122951087,78.97692047686895,79.40336608886719,7985100
2024-09-25,79.54550734174425,79.59288536319984,77.84921800618936,77.90607452392578,8375500
2024-09-26,77.72602272843316,78.76844046682133,77.54597467087261,78.692626953125,5654500
2024-09-27,78.87268472947876,79.91509527078547,78.69262943626198,79.2327880859375,5456700
2024-09-30,78.79686535429798,79.83927581809425,78.78738685799797,79.45073699951172,5116100
2024-10-01,79.43179668856467,79.58342372750968,78.48414938508384,79.54551696777344,6619000
2024-10-02,78.96743312848731,80.95749055595856,78.74947111830033,80.3036117553711,6042300
2024-10-03,79.83927939519576,80.48367980295538,79.61184608362608,79.76346588134766,4086100
2024-10-04,79.9245643265128,80.51210821498161,79.58341797350226,80.1614761352539,4054300
2024-10-07,80.59740107237523,81.17546647017397,79.9245651661048,80.00985717773438,4692500
2024-10-08,80.0951369365248,80.91959259069284,79.90561039141627,80.74901580810547,4593100
2024-10-09,80.7205773722123,82.30314623726092,80.60685712150031,81.63031768798828,6162100
2024-10-10,81.33655595471667,81.44079771876235,80.16146829274248,80.2372817993164,3814800
2024-10-11,80.41733973647558,80.5310600001073,79.76346087304795,80.50262451171875,3982300
2024-10-14,80.47419808801591,80.87220817483984,79.92456097955946,80.59739685058594,3493100
2024-10-15,80.72057859055008,82.1041424602152,80.36047530282028,81.32707214355469,5133500
2024-10-16,81.33656319829981,82.2747319282874,81.33656319829981,82.2083969116211,3181200
2024-10-17,82.36950138127737,83.06128708979068,82.05677603784088,82.78646850585938,4287700
2024-10-18,82.246297169628,82.60640048450958,81.50713354804402,82.17996215820312,4365100
2024-10-21,82.10415126396953,82.70116638579435,81.42184413618445,81.77247619628906,4451200
2024-10-22,81.19441778806618,83.73411274226243,81.11860427182752,83.54458618164062,6044400
2024-10-23,83.53511044802424,83.76254377428904,82.57798465627955,82.66327667236328,4373500
2024-10-24,83.12762203345969,84.54909297868308,83.03285874977315,84.13212585449219,7183500
2024-10-25,84.76703739927144,85.04185594919889,83.81939021882135,84.3405990600586,5734900
2024-10-28,84.56804108323227,84.7386178825094,83.88573388612375,84.11317443847656,5961700
2024-10-29,83.75306272987507,83.8857327686594,82.26525681210093,83.4687728881836,6655800
2024-10-30,83.29818856395804,83.74358389533232,82.90017848357114,83.66777038574219,5846900
2024-10-31,83.33610926083361,84.60595322402858,83.14657545514937,84.17003631591797,5894500
2024-11-01,83.68672492597118,84.88076246527575,83.57301188506811,84.82390594482422,6485900
2024-11-04,84.80494449935803,85.96107522101005,84.69123146442455,85.1366195678711,6124300
2024-11-05,84.94709748815687,85.65783291374719,84.35008233345187,85.49673461914062,3960200
2024-11-06,86.23589165311476,87.16458905210614,85.76206807260314,86.8897705078125,8819300
2024-11-07,89.0788401668367,93.17267593636893,88.61449504567906,92.77466583251953,14389800
2024-11-08,91.02150890461131,92.22501756762931,89.94119176458767,91.5142822265625,7456700
2024-11-11,91.35319541267941,93.72231351347517,91.25843213464252,91.95021057128906,7094300
2024-11-12,91.30581708535578,91.77016224394521,89.29680941065655,89.4105224609375,9322700
2024-11-13,89.20203424875889,89.27784776498041,86.83291609164772,87.78056335449219,11060500
2024-11-14,87.4773073023278,87.80898959335475,86.52018887328582,87.28778076171875,8202700
2024-11-15,86.9087285197687,87.17406859324711,83.5919631413391,83.77201843261719,11454500
2024-11-18,83.76253766409346,84.37850980652031,83.04232374848785,83.82887268066406,9099600
2024-11-19,83.04232373653959,83.96154270172477,81.5734748755518,83.15604400634766,8179300
2024-11-20,83.49719399151783,84.41641291713367,83.17499018925207,83.9899673461914,4781700
2024-11-21,84.40694259905544,85.2313983321123,83.45929532288777,85.06082153320312,4057300
2024-11-22,85.1081969141804,85.75259733114784,84.59646653335554,85.46830749511719,4545900
2024-11-25,85.99899194440802,86.58653586957406,84.81443282671646,85.75260162353516,10754100
2024-11-26,85.610440269738,86.88029121342642,84.93761165919133,86.56756591796875,4406500
2024-11-27,86.65285601580864,88.03641996016756,86.65285601580864,87.57207489013672,5527200
2024-11-29,87.97956789576484,88.28282195887121,87.49627300013238,87.73318481445312,3851000
2024-12-02,87.68580116430253,89.4199974120612,87.64789440572052,89.09779357910156,5023100
2024-12-03,88.89878994637921,89.44842710968094,87.61946755108906,87.64789581298828,5532000
2024-12-04,87.74265302258624,87.75213151922158,85.15558014917931,86.79500579833984,9124300
2024-12-05,86.80448871291112,89.33470519523111,86.80448871291112,88.50077819824219,12428600
2024-12-06,88.60502690411285,89.28733415043791,87.21198414786173,87.30674743652344,4470700
2024-12-09,87.05087472900773,87.32569329205076,85.76207392369022,85.84735870361328,7396100
2024-12-10,86.56756861901611,88.08380266403405,85.8947399874761,87.5057373046875,6748200
2024-12-11,87.56261239038577,89.69481882571995,87.12669549787002,87.54365539550781,7525100
2024-12-12,87.61946891506929,88.339682890953,86.65287184557353,87.54365539550781,5782700
2024-12-13,87.59143506498492,88.02145772368672,85.19284592746901,87.78255462646484,7515500
2024-12-16,87.87811005559186,89.1204090159261,87.8207756481358,87.96411895751953,7068100
2024-12-17,87.80166297733663,89.43575927462224,87.80166297733663,88.68083190917969,6125300
2024-12-18,88.60438172599112,89.34975822164193,86.56892267475888,86.66448974609375,6616100
2024-12-19,86.38734729981427,87.41941026097525,86.26311304347989,87.04671478271484,8875200
2024-12-20,86.88427481556812,89.14907875413681,86.68359709302312,88.4610366821289,22530200
2024-12-23,88.50882725601261,89.36887262367851,87.71566717710401,89.25420379638672,4809500
2024-12-24,88.87194870902844,89.87534459462138,88.01189613434073,89.77977752685547,2109100
2024-12-26,89.03440338455087,90.35315313043131,88.8528419906894,90.21936798095703,2915400
2024-12-27,89.28286153749988,90.19069034745287,89.28286153749988,89.93267822265625,3349300
2024-12-30,89.76066968080971,89.82756225468877,87.64876723034936,87.92589569091797,3613200
2024-12-31,88.48014895369742,88.85284449860251,87.70610523978515,88.2699203491211,3482500
2025-01-02,88.50882469776576,88.70950243047041,87.34297638236762,87.80166625976562,3495200
2025-01-03,88.09790792535647,88.24124395021714,87.25696436220652,87.35253143310547,4265200
2025-01-06,86.72182955098636,87.46720609300466,86.32047407309102,87.18052673339844,6779400
2025-01-07,86.85560847655206,87.44809077573942,86.49247839748206,86.60714721679688,5811900
2025-01-08,86.65493254202386,86.65493254202386,85.04950342175866,85.18328857421875,8054200
2025-01-10,86.18667904745114,87.37163630447816,84.6385844361181,85.89043426513672,7869700
2025-01-13,86.29179782250188,86.35869039514051,85.06860789451267,85.9477767944336,6523300
2025-01-14,86.56891931377474,87.4194210130225,85.84265917688506,86.96072387695312,7418300
2025-01-15,87.29519272927314,88.54704995173583,86.99895521339938,88.27947235107422,8084400
2025-01-16,88.16479513414656,88.9388387842554,86.78871105329223,87.58187103271484,8955300
2025-01-17,87.92590264893553,88.6808373514517,87.62010695975442,87.76344299316406,6862200
2025-01-21,87.97367238506382,89.73200293576946,87.97367238506382,88.83372497558594,10546000
2025-01-22,88.51837455212655,89.16819127990247,87.76343987642038,88.9101791381836,7285700
2025-01-23,88.90061965535693,89.14908091866879,88.11701778559855,88.79550170898438,4086100
2025-01-24,88.26036643842762,89.82757027269163,88.16480665160556,88.93885040283203,5409200
2025-01-27,88.9675023615496,91.5858779835784,88.9675023615496,91.11763000488281,7914200
2025-01-28,90.78317504270144,92.40771315348384,89.64599399070748,89.68421936035156,7406100
2025-01-29,90.20980354243645,91.67188921054633,89.9040078947974,91.34697723388672,5593500
2025-01-30,92.27393344154413,92.66573803542175,91.20365219142809,92.64662170410156,5020500
2025-01-31,92.43638164568759,94.00358524559702,92.14969503734719,92.88551330566406,9419400
2025-02-03,92.7230701627382,95.03565042488174,92.4459416913789,94.01314544677734,10515600
2025-02-04,94.01313774677386,94.0991466470622,92.74217889767975,93.64044952392578,6156200
2025-02-05,94.108711376509,96.04860336171846,93.65957238668338,95.22677612304688,7738300
2025-02-06,95.12165089719608,95.16942713859409,93.50666374862978,93.688232421875,4518000
2025-02-07,93.42066241300351,93.9653611435895,91.64322291514536,91.77700805664062,7182200
2025-02-10,91.77701530305826,91.90124228975718,90.3627057503403,91.24187469482422,9628200
2025-02-11,91.09853772101711,92.00636664330818,90.81185106621757,91.8725814819336,6260000
2025-02-12,97.22400069604603,100.06217060770206,96.3543972286218,98.72431182861328,16210300
2025-02-13,100.18639489697415,101.70582231893614,99.21167351157378,101.25668334960938,8715000
2025-02-14,101.10379859865277,101.95429308304254,99.30724255372174,99.46014404296875,6400400
2025-02-18,99.62259648701358,101.84917521343242,99.38369337793202,100.57820892333984,9434600
2025-02-19,100.55908592934374,103.024560132,100.5304114360075,102.87166595458984,6384100
2025-02-20,102.99589880527381,105.22247734976632,102.66143593803632,105.14602661132812,7684500
2025-02-21,105.81497155513354,106.10165092045168,104.89757717203084,105.06958770751953,9732800
2025-02-24,104.70645315717545,107.01903347681463,104.59177704146201,106.10164642333984,10495100
2025-02-25,106.16852368061427,107.13369413237476,105.21291139313666,106.57943725585938,8072000
2025-02-26,105.79584125631854,106.13986228187986,103.58837908458645,105.55693817138672,5911200
2025-02-27,105.43272247680498,107.57329230550025,105.16515215956112,107.01903533935547,6301000
2025-02-28,107.17192694423815,109.67562664529153,106.84701495273694,109.23604583740234,12604000
2025-03-03,109.79030429456066,111.95954845112294,109.58962657231925,110.84147644042969,10017300
2025-03-04,112.04556199494907,112.17934715735511,108.53846598335068,109.64697265625,11982700
2025-03-05,109.64696962567506,112.00733352548417,109.41762468085287,110.31590270996094,16088200
2025-03-06,110.3350100100159,111.14727911528443,109.5227409047474,110.88926696777344,7712200
2025-03-07,110.51656842370967,113.1636113938595,109.69474122920607,112.19844818115234,14406000
2025-03-10,111.80664649736192,114.63525821761961,111.59641061093336,112.00732421875,11194400
2025-03-11,111.4721838843522,111.78753771471919,108.86335891882928,109.35072326660156,11478800
2025-03-12,108.12754118350796,109.77119562733688,107.81218735145487,108.93025207519531,8065900
2025-03-13,108.73912868262929,110.34455770013128,107.69750744429935,108.31865692138672,6939100
2025-03-14,108.63621996649826,109.0885111904586,106.72120670730648,107.24085998535156,8647900
2025-03-17,106.36515261780487,108.3186596508142,105.33547124534564,108.02996826171875,9259000
2025-03-18,107.96260677670361,107.97222468371827,105.70115050292183,106.07646179199219,10250400
2025-03-19,105.55680251924453,105.5856709224862,101.81338116603193,103.45894622802734,11967600
2025-03-20,102.80457826149262,102.80457826149262,100.75483334040993,101.88075256347656,11281700
2025-03-21,101.19750698506226,103.37234344309995,100.96654505348071,103.04515838623047,26497500
2025-03-24,102.97779450532266,103.34347321099399,102.10208038285688,102.71796417236328,8563200
2025-03-25,102.71796205209594,103.88236754703104,102.29454654424649,103.82463073730469,8444700
2025-03-26,103.92085851583553,106.29778834700787,103.83425330348362,105.15262603759766,7391400
2025-03-27,105.8551263407377,107.59692197929559,105.60492125910552,106.97142028808594,6382900
2025-03-28,106.96179110429496,108.14543972563642,105.51831216184,107.57767486572266,7844800
2025-03-31,105.53756368629638,108.22243561319927,105.4702016239833,107.82788848876953,8828600
2025-04-01,107.779762249196,108.60735743953398,106.53836946368901,107.0868911743164,6284400
2025-04-02,106.94253970519911,107.79900328314771,106.30741279366929,107.67390441894531,7444300
2025-04-03,108.76132597043268,110.42614161918576,108.04921173163085,108.15506744384766,10045200
2025-04-04,106.34591092683303,108.61698512685277,103.08364899429635,103.20874786376953,12920000
2025-04-07,100.80294741769353,104.89280447282668,99.42683051487806,101.54393005371094,14202800
2025-04-08,101.42845198933153,103.4204525740076,97.9641041040575,99.30172729492188,11293700
2025-04-09,94.27842736870467,103.41083589356532,93.65291832630841,101.28411102294922,19225200
2025-04-10,100.87030019235503,101.04351794536646,95.51018243883449,97.57917022705078,14193700
2025-04-11,98.32978342612505,100.84143731134161,96.96329182306313,99.72514343261719,8683700
2025-04-14,100.06198059327676,103.14139992580367,100.06198059327676,102.48702239990234,6335100
2025-04-15,102.39076990102649,102.4870003578625,100.91842261988727,101.6978988647461,7577300
2025-04-16,101.93847769257668,102.39076891143914,100.41801152675784,100.92803955078125,7115800
2025-04-17,100.79332151911497,101.76526606874614,99.61929079732728,100.60086059570312,8066400
2025-04-21,100.17743652642554,101.26486202192774,99.20549198870363,100.39877319335938,6721000
2025-04-22,100.94729403848349,102.4292666121533,100.83181308168243,101.53430938720703,7540700
2025-04-23,101.9577310160993,102.62173370932936,95.57755644250597,102.37152862548828,8178700
2025-04-24,102.11170623532588,103.50706634812737,101.75564543476113,102.15019989013672,10133200
2025-04-25,98.81095153432396,100.27367372154622,89.85176070054179,99.28248596191406,14208000
2025-04-28,99.94648295135485,102.52549896557372,99.25361188157761,102.3330307006836,9458900
2025-04-29,101.69790524185984,103.13175896179389,100.18706421486411,100.28329467773438,7646100
2025-04-30,101.36109198347995,102.78532041285814,99.88874465311848,102.52549743652344,9628500
2025-05-01,101.53431799720248,101.87112830570824,99.27286896361917,99.3594741821289,7270900
2025-05-02,100.91843201949565,101.20712341689256,98.61848937990482,99.77326965332031,7033800
2025-05-05,99.8117568541935,99.93685571745188,98.59923250616933,98.93604278564453,5487300
2025-05-06,98.47414388190715,98.85907310215103,93.66254698364429,94.19181823730469,11409400
2025-05-07,94.18220540971286,95.9432443896097,93.66255203564157,95.17339324951172,8119000
2025-05-08,93.58554392233563,94.73070614082314,91.70902438456555,94.46125793457031,12994700
2025-05-09,94.3746560466327,94.93280301800554,92.57511626317074,93.25836944580078,13141000
2025-05-12,93.14288599294444,100.71634153231157,92.56549588092476,99.90798950195312,12935600
2025-05-13,98.69545794347442,98.95528824721447,96.93441933128486,97.60803985595703,8443000
2025-05-14,97.12689870353174,97.89675717113953,94.38428984328996,94.67298126220703,10047100
2025-05-15,95.77963628533342,96.82856811308966,94.172564857819,96.55911254882812,9678900
2025-05-16,96.8189429850522,98.68584473066305,96.45326430311245,98.63772583007812,6398400
2025-05-19,99.11888804022018,102.2464257696446,98.96491342788383,102.15982055664062,8561400
2025-05-20,101.77489650214368,105.14301422682622,101.77489650214368,104.99866485595703,10712100
2025-05-21,104.03633756082075,104.67146446546114,103.34346650709419,103.6610336303711,7968900
2025-05-22,103.20874909090908,103.88236969133361,102.13094878831595,102.71796417236328,7069400
2025-05-23,101.86149692491102,103.77651028535523,101.6016739431075,103.32422637939453,6037100
2025-05-27,104.21919005688696,105.4220892618745,103.9689849665136,104.97941589355469,7929700
2025-05-28,105.00828212601233,105.3258419074976,103.18949928023925,104.3539047241211,4598300
2025-05-29,104.49824540933881,107.04839292868068,104.04596152222494,106.92329406738281,5596800
2025-05-30,107.41407856110773,107.41407856110773,105.45094638754313,105.9321060180664,11913200
2025-06-02,105.12375790815085,106.24967706506254,101.70752881026166,104.80619812011719,9987000
2025-06-03,104.31542322881415,105.6337960928284,103.59368368711375,105.21038055419922,9884000
2025-06-04,105.39320799665116,107.09651729322103,104.78694947216276,104.91204833984375,7963200
2025-06-05,104.86392927895488,108.28978344097816,104.22879505327829,106.29778289794922,10819400
2025-06-06,107.48145231632988,108.51113374406616,106.59611291993326,108.2224349975586,5263500
2025-06-09,108.35714389845488,109.24247582855817,107.55841717498832,108.74207305908203,6153000
2025-06-10,105.74927337964665,108.01072239649862,105.62417450653122,105.94173431396484,8870800
2025-06-11,105.68190610559137,106.85593683599876,104.91204772246445,105.18150329589844,6413600
2025-06-12,106.42289574581524,107.86637480273632,104.79658100085246,107.82788848876953,7026000
2025-06-13,107.10100602314665,107.934477462552,106.10278049303292,106.58735656738281,8150100
2025-06-16,106.77150402268128,108.03140493379325,105.44377014234189,107.41114807128906,4740600
2025-06-17,106.88779349505192,107.27545584105731,104.41645250905627,104.6684341430664,7460400
2025-06-18,105.25961755706467,108.33182815502666,103.88342325308757,104.6684341430664,12894800
2025-06-20,105.49221693254441,106.76181135984129,103.99003543844661,105.15301513671875,23268100
2025-06-23,105.46313596943165,106.06401296031177,102.10017684813592,102.91426849365234,8173400
2025-06-24,103.04996207396192,104.28078219667755,102.73014005205924,103.89311981201172,7916700
2025-06-25,103.54422482939707,103.62175878545685,101.23764509195598,102.66230010986328,6053400
2025-06-26,102.91428284409633,104.53276537499931,102.52662045379658,104.3001708984375,6311700
2025-06-27,104.92042002355898,108.54504720821512,103.54421826983811,107.25607299804688,19545200
2025-06-30,107.19793136861874,108.00232951372553,106.49044697006875,107.44991302490234,6602300
2025-07-01,108.06046272791987,109.0974552134933,107.38205919307518,108.28337097167969,7677200
2025-07-02,108.34152133506802,109.34944047323171,107.6631103836272,108.07015991210938,5991100
2025-07-03,108.10892978274644,108.62257926054487,107.19792435779414,108.3027572631836,4039800
2025-07-07,108.54504755505818,109.10715761161043,107.3336072921669,108.33183288574219,6956400
2025-07-08,108.31245180810551,109.65957277291251,107.46928673329438,107.63404083251953,4682400
2025-07-09,108.96178471981762,110.1635314059187,108.38029486486836,109.74679565429688,5234900
2025-07-10,109.58204363060676,111.32652062260571,109.34944916302183,111.00669860839844,6096900
2025-07-11,110.03753794837071,110.29920578012857,106.07370173972066,106.25784301757812,6116200
2025-07-14,106.28692417149735,108.7291919520283,106.27723797282917,108.63227081298828,6380600
2025-07-15,107.51775066910315,108.0507799587143,105.37592512994495,105.69573974609375,4938400
2025-07-16,105.23055228071182,107.30453748844354,105.22085868795284,106.46137237548828,3958600
2025-07-17,105.84111229534032,106.7521177416623,104.82350690810847,105.44376373291016,4276000
2025-07-18,106.46136826468496,107.47898103778451,104.70720513932974,104.88165283203125,6627900
2025-07-21,105.03671782299794,106.00587006958267,104.4261545695057,104.93980407714844,3573800
2025-07-22,105.05610343638544,107.54682437707173,104.72658783257465,106.77149963378906,4487900
2025-07-23,107.207620435094,110.37674491737238,106.97501858032442,110.05692291259766,5228500
2025-07-24,110.0763056293695,110.19259915798918,109.03931309959302,109.70802307128906,4103700
2025-07-25,111.02607707967285,113.972300745547,110.6093413250975,112.61548614501953,7680800
2025-07-28,109.89216931549272,111.21021692239279,109.20407212857415,109.54327392578125,5370500
2025-07-29,109.46573209207895,110.88070073405295,108.83578911149924,110.70625305175781,6278900
2025-07-30,110.74502735826876,112.17937598055767,110.02785674414685,111.21991729736328,5826900
2025-07-31,110.34767189364698,111.97584791211706,108.35122069499178,108.82610321044922,7883500
2025-08-01,108.79702617505318,110.2992076228446,108.39967023073163,109.68864440917969,5016300
2025-08-04,109.95032416157764,111.03577738644404,109.73711686912716,110.97763061523438,5634200
2025-08-05,110.47366172899063,110.96793144155193,108.84548567059296,108.99085998535156,6132100
2025-08-06,108.51597477418963,108.78733621153653,106.79088501330327,106.87810516357422,7446500
2025-08-07,107.16885378589996,107.25607393617092,105.19178237860093,106.87810516357422,9190300
2025-08-08,111.66572075102192,117.63569462299704,111.25867859035094,115.72647094726562,13115300
2025-08-11,115.55202224054665,116.88944963993599,114.5247158612049,116.75376892089844,7953000
2025-08-12,116.84099294381754,118.07182044250845,115.58109945470628,116.3176498413086,6084100
2025-08-13,116.83130830867239,117.38372480304,115.81369547450021,116.43395233154297,4928200
2025-08-14,116.10444043590743,116.78284404118438,114.47626438919801,115.34849548339844,5461300
2025-08-15,114.892999332157,115.34849466730905,114.04014064122025,114.71855163574219,8859800
2025-08-18,114.66039390979901,115.68770026521477,114.21458478705213,114.35026550292969,4476400
2025-08-19,114.57317826705747,115.84276532728741,113.45865171933791,114.34058380126953,6484500
2025-08-20,114.91237594666545,117.16080875272058,114.8057686132454,115.06744384765625,5639500
2025-08-21,111.93707808902782,114.3018118017647,111.02607266316143,112.55733489990234,6063200
2025-08-22,113.29389022525548,114.48594325446348,110.98730332697183,111.2295913696289,5503400
2025-08-25,111.36527319359523,111.93706939286797,110.29919995080903,110.62871551513672,3812200
2025-08-26,110.82255035652759,111.68509520561139,110.37674124080237,111.21021270751953,5932800
2025-08-27,110.50273650028028,111.66572363890324,110.25076223851678,110.40582275390625,4663300
2025-08-28,110.12476110616485,110.33797577182187,108.85517409853641,109.0877685546875,4148700
2025-08-29,109.28160922587658,109.74679816285125,108.69042576485244,109.4851303100586,4630500
2025-09-02,109.41728795678839,109.80495032657333,107.84725868647944,109.23314666748047,4409700
2025-09-03,109.1556059709267,109.9018572806161,108.69041707116055,109.50450134277344,4546500
2025-09-04,109.65958050630168,110.3186043437223,108.81641537202906,109.29129791259766,4024700
2025-09-05,108.94240013918332,112.23751163704404,108.78733224119046,111.50096130371094,6953900
2025-09-08,111.14237915657097,112.5961075162781,110.30890763881528,112.30535888671875,16945000
2025-09-09,112.30535756109411,112.66394654744529,110.3573669057924,112.1890640258789,6217200
2025-09-10,111.9758487331283,112.27628355616514,110.96792953391913,111.69479370117188,7839700
2025-09-11,111.84016773565295,114.4665693661843,111.66572004018379,114.22428131103516,5457000
2025-09-12,113.86568256640528,114.00136327413398,110.65779135732188,111.0163803100586,6468100
2025-09-15,110.9285655024464,110.9285655024464,108.64500395388907,109.82582092285156,6168900
2025-09-16,110.48940816722427,111.37745729286587,107.4934494523549,108.18632507324219,5458800
2025-09-17,108.68403173864247,109.74774004124413,108.5278869719896,109.55256652832031,6539600
2025-09-18,108.71330810766871,111.00663041171131,108.576685158178,110.87976837158203,7115600
2025-09-19,111.55312001198503,112.29479275560331,110.36254223668499,111.33842468261719,12580500
2025-09-22,110.71386195286824,111.29939738435718,109.4452192238909,109.77701568603516,7261300
2025-09-23,109.18172513607745,112.78273373635933,109.05486309871989,111.64095306396484,7281500
2025-09-24,111.54337674117434,111.80686174968105,109.2598077374138,110.9285659790039,5222500
2025-09-25,111.75805823499942,112.4704557207434,108.13753513084167,108.31319427490234,8355800
2025-09-26,108.66451906608273,109.53305392886256,108.03019392760267,109.39643096923828,5074200
2025-09-29,109.83556578893072,109.98194219087246,108.14728598108239,109.90387725830078,7122200
2025-09-30,110.30399245860659,112.08985913428478,108.24487988738268,108.32295227050781,10301700
2025-10-01,109.29883606947052,110.34303000910424,107.54224465448281,108.4693374633789,13649700
2025-10-02,107.54223643136568,109.00606001679475,105.84420315697766,107.8935546875,10134700
2025-10-03,108.06922319291098,110.85048675748266,107.01527577844705,109.97219848632812,8088700
2025-10-06,112.88031170544619,114.17823704161668,109.69894054684892,110.8407211303711,9090700
2025-10-07,110.86024781011217,114.09042386928466,110.09906066991924,113.96355438232422,8712600
2025-10-08,114.28560394492595,115.49569620017944,112.96816401549587,115.39810943603516,6532200
2025-10-09,115.88604057355742,115.99338823835167,113.70006597713235,113.92451477050781,5018800
2025-10-10,114.81257832260896,116.45206123054223,113.69031195160471,114.35391235351562,7896600
2025-10-13,113.53415935396306,115.91531488711355,113.00718938896655,115.35906219482422,5124600
2025-10-14,114.68569730082342,116.4520495219949,113.81716255342084,115.62255096435547,6311100
2025-10-15,115.23220407896287,116.1983256415188,114.24656069754747,115.4468994140625,4551900
2025-10-16,115.13462095525787,118.63803556648918,114.51004930371039,115.00775146484375,6742600
2025-10-17,116.75456862219325,121.11676409967856,116.21783032917693,119.84811401367188,15845900
2025-10-20,119.63342137549074,120.99965824207946,119.25282783024423,120.14088439941406,8149500
2025-10-21,120.29702406404354,121.60471039395539,118.97958427049828,121.08749389648438,5559000
2025-10-22,121.24362973073252,121.44856414540881,118.37454047987241,118.53067779541016,5436300
2025-10-23,118.81368440365071,118.94054643766256,116.56915186386438,117.82804107666016,4635300
2025-10-24,117.51576084216971,118.2281582945184,115.84700277451647,118.02322387695312,5438600
2025-10-27,118.55994906550687,118.64778235190619,116.6179452008468,117.5645523071289,4752700
2025-10-28,116.88144276550858,117.37914492103052,114.94919960118763,115.03702545166016,4723500
2025-10-29,114.2953518941465,116.09097197603971,113.88547561859087,115.6420669555664,6032300
2025-10-30,115.93483725719842,117.61334880576219,114.68570147548337,115.5835189819336,8349600
2025-10-31,113.26091052206766,118.96982859704285,111.2701095051899,116.90095520019531,10030000
2025-11-03,116.9302318583093,119.36993792065542,116.22759532109089,119.10645294189453,8294100
2025-11-04,120.17993031054918,120.58979917006194,116.36422619521022,120.0335464477539,8467200
2025-11-05,119.2528399951134,120.74594649268928,118.7746596489158,119.6236801147461,6417500
2025-11-06,118.98934084671782,121.10700385922605,118.78440643699689,120.42388916015625,6087500
2025-11-07,120.90207878230201,121.00942644978403,114.70522657818591,115.97386932373047,9065500
2025-11-10,116.52037500718251,116.95951916540015,114.30511750538318,115.30052185058594,7566000
2025-11-11,115.74941622421233,119.78956890994277,115.72014094242171,119.6041488647461,6281100
2025-11-12,119.44800676411833,121.85843747359466,118.86247881557395,120.42388916015625,6004800
2025-11-13,120.76544682781103,124.6006649521584,120.61906297894137,122.18047332763672,9253800
2025-11-14,121.79988735435188,122.60987158240947,119.54560125604907,122.00482177734375,6599300
2025-11-17,122.20976475547883,123.4784074967666,120.92160019540945,121.09725189208984,5758100
2025-11-18,121.53640282708287,124.28839107473733,120.34582503104222,124.11273193359375,8179000
2025-11-19,124.02489433458902,125.01054511803464,122.82456311627308,124.98126983642578,6881900
2025-11-20,125.24475257460709,125.59607085929429,121.53640365736454,121.97554779052734,9924200
2025-11-21,122.31710421574884,124.89344076524154,122.05361922697617,123.58575439453125,10379100
2025-11-24,123.89803059115937,125.15691980073072,121.48759983336406,122.24878692626953,9553600
2025-11-25,121.7706075884345,124.53235663327492,121.6925352076762,124.0541763305664,7589800
2025-11-26,123.8785159986699,125.06909373484906,123.31250241173356,124.43476867675781,5825300
2025-11-28,124.03466007475343,124.71778226893363,121.88772162536962,122.80504608154297,3063600
2025-12-01,122.85384091276612,123.1856448170403,120.63859102944039,121.33146667480469,4960200
2025-12-02,121.39978066703233,122.06338104395581,120.41413728835354,120.92160034179688,5109900
2025-12-03,121.21435017894069,122.57082609881228,120.89230720491288,121.98529815673828,5306000
2025-12-04,121.79988966048649,121.94627352122151,119.44801676080894,119.66271209716797,5234200
2025-12-05,119.34066455572759,119.57487425676435,117.47672552037295,118.29647064208984,10416800
2025-12-08,118.06226985012228,119.41874594930047,117.63287916132593,118.26720428466797,8870700
2025-12-09,118.15008898259103,119.30163058172727,116.14952696400432,116.48133087158203,7255700
2025-12-10,116.60818564228899,118.48188550478575,115.91531003321555,118.41356658935547,8530500
2025-12-11,119.3016257558107,120.75568847581388,118.08177273172265,120.23847198486328,4892300
2025-12-12,119.89691622789937,120.64834242479715,116.64722594144925,117.49624633789062,6767700
2025-12-15,119.8440077341093,120.80669240532079,117.28013123137977,117.66323852539062,7805100
2025-12-16,118.39998979114378,119.49037444446515,116.08169516737652,116.68091583251953,6417500
2025-12-17,117.16224752590107,119.91276869515272,116.48444635853427,119.21531677246094,7958600
2025-12-18,119.09743317131925,120.12888046998154,118.79291391885789,119.32337188720703,5795400
2025-12-19,119.0483288053521,124.03854918546074,118.86168409322507,122.09354400634766,24394600
2025-12-22,121.88725516512959,122.69276379313924,120.66916309774518,121.9658432006836,6751400
2025-12-23,121.97565954041579,125.15840748896248,121.80866558790277,122.9776382446289,5712500
2025-12-24,123.48844410229047,124.01890208779626,122.90887421665866,123.44915008544922,1606300
2025-12-26,123.301800731812,123.54738271880495,121.99531025688077,122.49629211425781,2073800
2025-12-29,122.61416990356929,123.05621446696263,122.005123898955,122.70258331298828,3061300
2025-12-30,122.35876845784773,122.79099515906928,120.77721984063352,121.00315856933594,3256000
2025-12-31,121.06209445594251,121.41573311749745,120.21729181940208,120.57093048095703,3150200
2026-01-02,120.32534393566335,120.42357522802605,119.04832214581387,119.4510726928711,4555400
2026-01-05,118.63574782690357,118.86168656177959,114.814492552706,116.20940399169922,7039100
2026-01-06,116.13080770835714,119.8341806629873,116.13080770835714,119.21531677246094,6038000
2026-01-07,120.17799976886701,122.50611974644409,120.00118792976336,122.15248107910156,6175400
2026-01-08,121.88724784581994,122.89904438547497,117.81058555471145,118.53750610351562,6717800
2026-01-09,118.21333622712162,120.59057544780005,117.22119044136885,118.95990753173828,6629500
2026-01-12,118.44910388926853,122.28018432459959,117.5158878567341,120.43340301513672,7397000
2026-01-13,120.42357998291773,121.6220212829375,118.09546753427138,119.6082534790039,5803600
2026-01-14,119.2349616137671,121.96583955846083,119.2349616137671,121.87742614746094,4659300
2026-01-15,122.11318404353824,122.3685914068781,118.81256155961562,119.1170883178711,6659800
2026-01-16,121.6121987290797,122.90887127554299,119.94223677884074,122.70258331298828,10638900
2026-01-20,121.61220197814063,124.00907705559864,120.1190593122808,121.9461898803711,9152600
2026-01-21,121.5434398679785,127.10341213655376,120.51199252844873,126.82836151123047,7285300
2026-01-22,126.84800557982449,130.74784851294197,126.72029815725163,128.82247924804688,8550500
2026-01-23,128.94036226969033,133.8913035680363,128.6849623968996,133.52783203125,13180900
2026-01-26,133.47872151219545,135.5907205278656,131.32742098612025,135.3451385498047,10012500
2026-01-27,135.10939718305377,139.20571845663665,135.10939718305377,138.47879028320312,10615400
2026-01-28,137.92867847117338,138.3805409585474,136.2390731072188,137.25086975097656,7317700
2026-01-29,137.28034016875313,138.02690406445845,135.78719738820647,137.08387756347656,7148000
2026-01-30,136.62217555540587,139.68703401830834,136.19976673491675,139.4414520263672,9460200
2026-02-02,138.55735784844853,141.2587596622678,137.53572840494326,140.36483764648438,6898200
2026-02-03,139.6477527534627,143.3609514123084,139.52004531632102,140.74795532226562,6840200
2026-02-04,141.59275115507018,144.1369769668945,140.96406186201057,143.64581298828125,7440100
2026-02-05,143.91105480251937,147.84036687903867,143.29218335394404,146.73033142089844,9143000
2026-02-06,147.04465389752485,150.42386399942345,146.0819768300738,149.80499267578125,8509800
2026-02-09,149.16650540212248,150.29617655047534,147.5260045329955,148.99949645996094,7431200
2026-02-10,148.79321931338572,149.18614450704763,144.4709822265633,144.62814331054688,10774600
2026-02-11,146.26862029907846,154.51035089234588,144.7754926629947,153.04669189453125,11434000
2026-02-12,150.7087457965444,152.9779208650083,148.15470223007438,149.127197265625,9891000
2026-02-13,149.20579067323013,154.17636766689918,148.78339685249506,152.24118041992188,6861900
2026-02-17,152.30010055927332,152.99755991558382,150.60067760596442,152.5260467529297,5884800
2026-02-18,153.252988567229,153.252988567229,149.6773151841877,150.04078674316406,5190900
2026-02-19,149.64782782690958,150.11935600837108,147.67335415536726,148.4493865966797,7357700
2026-02-20,147.9189556020555,150.55158751069027,147.43760947437102,148.72445678710938,6986900
2026-02-23,146.29810101175065,149.76573262200031,145.75783260613716,147.1822052001953,5994400
2026-02-24,147.0741429981776,147.42778166244815,144.45132915031053,145.03089904785156,8333600
2026-02-25,144.74604206559934,146.47493401245634,143.80300055604516,144.5200958251953,6209100
2026-02-26,143.34129292389835,143.7735196209397,140.5613030216869,141.2292938232422,7987200
2026-02-27,141.02298712588052,147.34918102968297,140.83634243164818,146.31773376464844,11195500
2026-03-02,145.2568301260173,148.10559019324802,145.18807496341495,147.378662109375,7182900
2026-03-03,145.51224594236407,146.20969040211438,142.94836935960387,145.21754455566406,6741600
2026-03-04,146.28827352577702,146.28827352577702,143.51811655773773,145.60064697265625,6925100
2026-03-05,143.7342279783403,144.15662178777205,140.81671286636671,142.5750732421875,6939900
2026-03-06,141.02298757395832,142.09372136211732,140.24695514662181,141.38644409179688,4921200
2026-03-09,140.96406593278516,144.32362584482146,140.954248049018,144.03875732421875,5210400
2026-03-10,145.1192973868094,146.7401474255294,144.2450261498517,145.93463134765625,5098500
2026-03-11,144.51027606251293,146.66157683113605,143.23324663479085,143.41989135742188,5551400
2026-03-12,142.54560581632455,144.35308560118597,141.34716454852557,142.6438446044922,7006700
2026-03-13,145.07409445679806,146.42752171437755,142.45613284614265,143.23658752441406,4375500
2026-03-16,142.48577432890895,144.36280604034692,140.95451598054782,143.4539337158203,3697200
2026-03-17,144.74808943077747,144.9357941098573,141.5373927550168,142.65371704101562,3887800
2026-03-18,141.42872510316818,142.06098478065755,137.54624397985478,139.58132934570312,7079300
2026-03-19,139.70975205755536,140.37164768246225,138.4254704397733,139.40350341796875,7310700
2026-03-20,138.73171989771978,139.29483390873975,134.83938046364017,135.55067443847656,15521900
2026-03-23,137.99080581318643,138.10936487214477,134.78999763226088,135.67910766601562,7364200
2026-03-24,135.14563351130553,136.69663912210174,134.81962250602137,136.43978881835938,6725500
2026-03-25,138.06982688219222,138.72184888384305,136.25208227843152,136.5879669189453,5053000
2026-03-26,136.71640406170636,137.25975574745627,135.00732973585627,135.22467041015625,4285500
2026-03-27,135.19502810692654,135.8075253926842,132.47828487921473,132.62646484375,5647000
2026-03-30,132.94260866339457,134.97769400466132,132.2708242849054,134.69119262695312,6148300
2026-03-31,135.5210369201412,138.65271449496572,135.51116327965258,137.68455505371094,7878800
2026-04-01,138.00067835990842,139.77891329334022,137.1412044230242,138.60330200195312,5286500
2026-04-02,137.9216500811561,139.63072439053508,136.9633794103214,138.02044677734375,4925900
2026-04-06,137.55612745348546,139.00835143577874,137.17084446272966,138.43536376953125,3921900
2026-04-07,137.3190230153763,137.70430600216133,135.49138970093568,137.12144470214844,5439200
2026-04-08,138.41559365124078,139.85794391285225,136.795427438144,139.8282928466797,4967300
2026-04-09,138.42546588771643,141.24100568510252,138.26741229052837,140.37164306640625,4167400
2026-04-10,140.65814582050112,140.65814582050112,136.77566506351914,137.30914306640625,4418800
2026-04-13,136.321231879764,137.86236370418052,135.36296130894593,137.34864807128906,5101500
2026-04-14,136.58796221876673,139.68998836544827,135.93595531381143,138.75148010253906,6473800
2026-04-15,139.25533858747306,139.25533858747306,136.3904000404416,138.07972717285156,3790500
2026-04-16,136.93375319341274,138.57368199195912,136.08415279801912,136.87448120117188,3432400
2026-04-17,137.26963450576105,138.06983652994776,135.03697076519288,135.97547912597656,7345800
2026-04-20,136.3903855861097,136.86457654305906,133.84158469683635,134.22686767578125,3871200
2026-04-21,134.53311966920015,134.6911883502091,130.62101779691255,131.67807006835938,6070300
2026-04-22,132.0732403270692,132.45852331140472,129.75165370718915,131.29278564453125,6695800
2026-04-23,132.3992588533778,133.05126581253134,131.18412277085477,132.0238494873047,3870900
2026-04-24,129.9492416074746,130.72969634759843,127.7165778763647,128.82302856445312,5966000
2026-04-27,127.24238315183823,128.75387916336322,126.09640778744057,126.205078125,8170300
2026-04-28,128.7538829026144,128.8921892385922,126.78794312940286,127.69681549072266,5940300
2026-04-29,127.3411704899986,128.3883642781405,126.45206046952636,127.28189849853516,5048300
2026-04-30,126.4125371789593,130.61114808319218,126.4125371789593,129.25770568847656,6660000
2026-05-01,128.42786712833632,130.75932747302113,127.44983409808711,130.0579071044922,5517000
2026-05-04,128.8625523326955,131.4903877719635,128.42787097290562,131.08534240722656,5880600
2026-05-05,131.2335239987233,132.35973704738544,130.29501563721493,131.86578369140625,6152400
2026-05-06,131.76700183704844,135.09624262683127,131.57929715021913,134.6516876220703,6351200
2026-05-07,134.84926117911766,134.84926117911766,132.1423914620488,132.4387664794922,8901000
2026-05-08,128.42787303079655,131.72747784314996,127.43996631517503,129.74179077148438,10250100
2026-05-11,129.42564854412285,133.22909528665622,129.3960125497039,131.90530395507812,5385000
2026-05-12,133.36740797799223,135.8371747923995,131.11498184919364,133.30813598632812,6034900
2026-05-13,131.93493231465055,133.4365546001056,130.28513006567567,131.44097900390625,6666700
2026-05-14,132.15227868858372,133.02162630256856,130.21597499411044,130.46295166015625,4533200
2026-05-15,130.6704106276467,131.20387356070745,127.53874850437559,128.012939453125,6640700
2026-05-18,128.5760433842033,129.46516840626558,127.65729744309057,128.1018524169922,5182200
2026-05-19,127.9339073444235,130.73955852859493,126.78793204691391,128.92181396484375,5009000
2026-05-20,129.77142326056125,130.35428458920646,127.9240425760289,129.10952758789062,5571000
2026-05-21,128.44762300783447,129.75165190817467,127.85487300587883,128.92181396484375,4920800
2026-05-22,129.97889996383745,132.89322189804787,129.53432986135138,132.7351531982422,5973400
2026-05-26,133.61438489780332,134.6714523319004,132.06336409994353,132.11276245117188,6408900
2026-05-27,132.21156379002232,134.54302435171218,130.98655397819851,132.07325744628906,5032000
2026-05-28,132.270822756665,134.85913339486513,131.18411939560266,134.57264709472656,5610000
2026-05-29,133.49583752259056,135.54079655799723,131.93494312384627,132.80429077148438,17509800
2026-06-01,132.36962185384922,132.36962185384922,128.9514580987194,129.5145721435547,6259200
2026-06-02,127.43008538137683,129.02061570546493,125.53329886772596,126.02725219726562,8082600
2026-06-03,126.04701342034963,128.2895658712283,125.95810543433605,127.43009185791016,6237100
2026-06-04,128.99097969056385,129.4552819519367,126.461925981356,127.6177749633789,13729200
2026-06-05,128.51676838048144,130.06778900714212,127.36091944576872,127.5980224609375,15369400
2026-06-08,128.49702725205398,129.2181948972718,125.59257170568561,126.55084991455078,9796000
2026-06-09,127.24237950498505,127.43995782008685,121.71009623657994,123.98228454589844,8683100
2026-06-10,124.12059012367293,124.12059012367293,119.92198688753608,120.01090240478516,10154200
2026-06-11,120.3171554058437,125.82967648659775,120.3171554058437,124.34781646728516,8665600
2026-06-12,124.60466036432359,124.9800697069917,122.78691578534124,124.0711898803711,5214600
2026-06-15,124.58828924258223,124.69767377254628,122.01279110978935,123.60383605957031,6653100
2026-06-16,124.51868083153431,127.46209424525343,123.44472777301655,126.51742553710938,9381700
2026-06-17,125.9804513572517,127.48198885707251,123.41489930961376,124.74739074707031,7726700
2026-06-18,125.14515498542809,125.68213153755605,121.74431107528254,123.06686401367188,14348300
2026-06-22,123.6038393546767,124.46896191351863,122.31111719518364,124.17064666748047,8126100
2026-06-23,125.92078507621706,125.92078507621706,123.7430556912161,124.34963989257812,8462600
2026-06-24,124.85677618060627,126.55719810725859,124.0811459249401,124.45902252197266,7409600
2026-06-25,124.56839941135748,126.23899057152673,122.97736201754502,123.14640808105469,7250300
2026-06-26,124.54851277514936,127.97918733788283,124.29991294925085,127.16378021240234,19908100
2026-06-29,128.13829608921804,128.13829608921804,124.78716767297064,125.62246704101562,6897300
2026-06-30,125.1749853591186,126.55719982563267,123.49445564457882,125.63240814208984,7409600
2026-07-01,126.56714124146988,126.90524094733695,124.42918123671575,125.26448059082031,6654900
2026-07-02,126.02023139465899,130.84306666478088,125.75173932496938,130.53480529785156,8088400
2026-07-06,132.13578420685437,132.13578420685437,127.16378010636569,128.88409423828125,10729400
2026-07-07,131.87722428452489,135.83494424247746,131.26070160216165,135.59628295898438,9177300
2026-07-08,135.81506421084126,136.9287866205452,133.24951208277628,135.059326171875,8454100
2026-07-09,134.8107154781997,135.29796140653733,132.52359413676623,134.0847930908203,5838900
2026-07-10,133.2693948806958,134.2140711558387,128.54599833165256,129.1028594970703,5936000
2026-07-13,128.93381742165644,130.93255456066095,127.22344940459948,130.6640625,5131600
2026-07-14,128.97358391092556,130.47513653849325,128.69515332568034,129.31167602539062,5255700
2026-07-15,129.37135728089936,132.20538623188222,128.68521932406608,130.96238708496094,4467500
2026-07-16,131.02205474275854,135.67585165657067,130.57457806360912,135.53663635253906,7926800
2026-07-17,136.83929038347623,139.82248832933502,133.33900054513634,133.52793884277344,6903200
2026-07-20,133.5279428909275,134.7411113062226,132.1656206431493,132.4639434814453,4104000
2026-07-21,129.77904633409324,132.12582927371906,128.4067856269079,129.5503387451172,8371100
2026-07-22,131.09166102391933,132.11589108502238,129.50061608084886,129.61000061035156,4757800
2026-07-23,128.49627624100296,130.33592097927277,126.89529279245326,130.12709045410156,6299300
2026-07-24,130.19669164629138,130.91266034835166,128.31727759671546,128.5857696533203,5529600
2026-07-27,130.2663088824457,132.3147690218721,128.70509469126722,129.78900146484375,4953700
2026-07-28,132.3644887013977,135.49684036249636,131.88718129576898,133.56771850585938,6945600
2026-07-29,133.6572167966461,133.8859243926616,131.82752568186334,131.9866180419922,7763600
2026-07-30,129.29180111508725,130.65412329936336,127.56154087228724,130.54473876953125,6724500
2026-07-31,129.5006204700016,130.15692766926202,128.03885224134413,129.48074340820312,6531600
2026-08-03,130.36575848066275,130.76351214408857,128.31728311136376,130.41546630859375,7523500
2026-08-04,130.4154646561314,134.81072299994267,128.8144811451342,134.4925079345703,10091400
2026-08-05,135.23830752969621,137.02822934049044,128.8741579505717,131.0220489501953,11383400
2026-08-06,133.23956505755424,133.72681099407228,128.29739941956728,130.12709045410156,9234800
2026-08-07,131.36015960108105,133.33900458756239,129.85860687854554,132.4639434814453,8201800
2026-08-10,130.8728975533405,133.56772643707282,130.8728975533405,132.3147735595703,6833700
2026-08-11,131.93689239664502,136.08355084764432,131.27064668363766,135.0095977783203,5493700
2026-08-12,133.23956373689168,136.352023136165,132.55342581241007,135.10902404785156,5683800
2026-08-13,136.17304163190738,137.52542527752667,135.26813463354048,137.36631774902344,4896600
2026-08-14,136.04376111132714,137.65468306627992,135.14880784153755,137.5850830078125,3407800
2026-08-17,137.58509131995208,138.7087674135334,135.86478473490874,138.14195251464844,3940300
2026-08-18,139.2159063299294,143.08411912030638,138.75847596143745,142.6366424560547,5758800
2026-08-19,144.28734764310008,148.13566816248292,143.4918251511012,146.77334594726562,6738600
2026-08-20,145.8684402815709,145.99771705005705,142.38804262332266,142.6366424560547,7167600
2026-08-21,143.71059071152553,147.08160372284274,142.69629917962598,145.30162048339844,5384300
2026-08-24,145.11269088945923,146.01759794596367,143.78019939262657,145.9181671142578,6182900
2026-08-25,145.77893825362136,148.1058288910896,144.76464675523957,147.93678283691406,4630300
2026-08-26,147.17109730365888,148.7820193240849,146.17669799755308,147.26058959960938,5258300
2026-08-27,146.47501520448787,148.27487545175447,145.19223165176143,148.02627563476562,5014800
2026-08-28,148.6328719978506,148.6328719978506,144.06858262480813,144.8640899658203,3946900
2026-08-31,143.42220267249783,146.39546195652744,142.37808040281107,145.5203857421875,6594700
2026-09-01,147.68818460839807,149.1201219924881,146.0971396986694,149.08033752441406,4868100
2026-09-02,149.15989458676586,151.6956158294067,147.9964492297886,148.77207946777344,4923200
2026-09-03,149.8261394885826,150.63160048728255,147.5788025513049,150.37306213378906,4497700
2026-09-04,148.394205835284,150.34323517297278,148.394205835284,150.154296875,6181300
2026-09-08,146.1568024419433,147.81744742460754,144.6353727520375,145.81871032714844,6080100
2026-09-09,144.64533590259373,146.8528884967013,144.18790552603906,144.83425903320312,4582500
2026-09-10,144.25751593521932,145.09280771836484,142.8653477899807,143.99896240234375,6019300
2026-09-11,144.4265607748714,145.17236025493443,142.69630051872662,142.91506958007812,4202400
2026-09-14,143.4520439030812,145.92810373204063,142.9051364025449,145.5900115966797,4919900
2026-09-15,144.0,146.35000610351562,142.94000244140625,146.3000030517578,4532600
2026-09-16,146.5800018310547,149.3000030517578,146.1199951171875,147.67999267578125,5187900
2026-09-17,148.77999877929688,151.0399932861328,146.88999938964844,150.88999938964844,7842200
2026-09-18,150.55999755859375,153.22999572753906,149.57000732421875,150.11000061035156,16412100
2026-09-21,150.11000061035156,152.10000610351562,148.22000122070312,150.55999755859375,5569200
2026-09-22,150.64999389648438,153.27999877929688,148.64999389648438,152.6699981689453,5080000
2026-09-23,153.60000610351562,154.1999969482422,150.05999755859375,151.3699951171875,6191700
2026-09-24,151.10000610351562,152.97999572753906,149.58999633789062,149.69000244140625,5074700
2026-09-25,150.0500030517578,151.0,148.02000427246094,150.92999267578125,5284300
2026-09-28,149.8000030517578,152.74000549316406,149.41000366210938,152.2100067138672,5076500
2026-09-29,150.17999267578125,152.6300048828125,148.7899932861328,151.27999877929688,5322400
2026-09-30,150.8800048828125,151.27999877929688,148.97999572753906,149.0500030517578,5357200
2026-10-01,149.44000244140625,149.44000244140625,147.19000244140625,147.5,4438500
2026-10-02,147.64999389648438,148.0,144.0,144.74000549316406,5043900
2026-10-05,143.2100067138672,145.16000366210938,142.7899932861328,144.6300048828125,6137600
2026-10-06,145.11000061035156,146.13999938964844,142.60000610351562,144.22999572753906,3723400
2026-10-07,145.27999877929688,148.60000610351562,144.85000610351562,146.85000610351562,5096700
2026-10-08,146.72999572753906,147.58999633789062,144.64999389648438,147.10000610351562,4489500
2026-10-09,147.22999572753906,151.44000244140625,146.10000610351562,151.1699981689453,5802000
