date,open,high,low,close,volume
1995-01-03,6.349709078806256,6.393299758981127,6.247997491731556,6.335178852081299,3628400
1995-01-04,6.277062918923118,6.393304824829102,6.277062918923118,6.393304824829102,4161600
1995-01-05,6.378773743703484,6.393303980021716,6.335183034748791,6.364243507385254,3164400
1995-01-06,6.335185588091269,6.364246072440311,6.306125103742226,6.320655345916748,2118800
1995-01-09,6.291593724627828,6.33518444327421,6.2334727664326515,6.248003005981445,4505600
1995-01-10,6.233469929401859,6.378772258758545,6.233469929401859,6.378772258758545,4687200
1995-01-11,6.364242025822876,6.378772258758545,6.277060628208865,6.378772258758545,4092000
1995-01-12,6.364246072440311,6.422367041138396,6.306125103742226,6.320655345916748,4158800
1995-01-13,6.32065540634542,6.349715890972296,6.291594921718544,6.306125164031982,3106800
1995-01-16,6.3061225621123285,6.378773743703484,6.3061225621123285,6.364243507385254,2640400
1995-01-17,6.378774586590854,6.393304824829102,6.33518387187611,6.393304824829102,3318400
1995-01-18,6.335181559951539,6.393302491694214,6.335181559951539,6.378772258758545,4196000
1995-01-19,6.335178852081299,6.364239305531213,6.320648625356341,6.335178852081299,4822000
1995-01-20,6.3061183986313845,6.364239305531213,6.27705794518147,6.335178852081299,6950400
1995-01-23,6.291595546457859,6.509549202801664,6.277065302701605,6.49501895904541,4253600
1995-01-24,6.495016435376641,6.495016435376641,6.407835006713867,6.407835006713867,4023200
1995-01-25,6.407834216339947,6.407834216339947,6.3497132710670225,6.364243507385254,3411600
1995-01-26,6.364246765239127,6.524079446557917,6.364246765239127,6.49501895904541,5145600
1995-01-27,6.538610959209551,6.654852931817721,6.4950202194814874,6.640322685241699,4922800
1995-01-30,6.567667925952572,6.698440074920654,6.567667925952572,6.698440074920654,4829200
1995-01-31,6.727498426745014,6.916391471124464,6.71296819256198,6.756558895111084,9072800
1995-02-01,6.785620445722,6.785620445722,6.56766689821487,6.59672737121582,5150400
1995-02-02,6.625792568332547,6.68391355577406,6.582201827751412,6.611262321472168,4663200
1995-02-03,6.625790888967077,6.698442104854874,6.625790888967077,6.669381618499756,3729200
1995-02-06,6.683907880411519,6.785619522069956,6.683907880411519,6.712968349456787,4676400
1995-02-07,6.683912091842223,6.742033066553895,6.6693818481643055,6.727502822875977,3205600
1995-02-08,6.673754852751027,6.732168461965478,6.659151450447414,6.717565059661865,3562000
1995-02-09,6.702964707093091,6.717568116041007,6.629947662353516,6.629947662353516,4261600
1995-02-10,6.6445535851776985,6.717570657542289,6.5715365128131085,6.673760414123535,5380000
1995-02-13,6.688363828596453,6.717570657542289,6.586139927286027,6.673760414123535,6892000
1995-02-14,6.702964161571703,6.717567569331119,6.644550530534041,6.659153938293457,2851200
1995-02-15,6.688364263129445,6.702967678551126,6.586140355177685,6.600743770599365,5703200
1995-02-16,6.556933524334325,6.600743770599365,6.5277266934909655,6.600743770599365,3630400
1995-02-17,6.586140873726834,6.673761373155573,6.483916957726639,6.498520374298096,10343200
1995-02-21,6.513122759142711,6.556933001917214,6.498519344884544,6.527726173400879,3746800
1995-02-22,6.542327208666024,6.673757889197261,6.542327208666024,6.629947662353516,3995600
1995-02-23,6.659153938293457,6.702964161571703,6.629947122774626,6.659153938293457,3925600
1995-02-24,6.673760414123535,6.732174072015207,6.6445535851776985,6.673760414123535,4041200
1995-02-27,6.673765279958536,6.732178980439573,6.6299550045977576,6.644558429718018,2692000
1995-02-28,6.6153442534056,6.702964707093091,6.600740844457685,6.629947662353516,3650800
1995-03-01,6.6153459548950195,6.659156193006907,6.586139129487094,6.6153459548950195,4342400
1995-03-02,6.659157636088709,6.79058837890625,6.615347388482863,6.79058837890625,3658800
1995-03-03,6.761377603976758,6.775981011328759,6.717567381920753,6.746774196624756,3278400
1995-03-06,6.732171675254559,6.8343955401716565,6.6445512196113325,6.775981903076172,3483200
1995-03-07,6.74677508452843,6.805188721623915,6.6445512196113325,6.775981903076172,4178000
1995-03-08,6.834398626512097,6.849002042380712,6.717571299563172,6.79058837890625,4726800
1995-03-09,6.775984963037634,6.805191794774865,6.732174715431787,6.79058837890625,3419200
1995-03-10,6.819795173103527,6.951225915197599,6.790588341527066,6.892812252044678,4826800
1995-03-13,6.951224584302468,7.053448475248092,6.936621171310235,7.038845062255859,3940000
1995-03-14,7.038845062255859,7.11186212721702,7.038845062255859,7.038845062255859,4422800
1995-03-15,7.053445571308952,7.19947964110831,7.053445571308952,7.1702728271484375,5116000
1995-03-16,7.184880931769134,7.257898014409063,7.141070682185175,7.199484348297119,7684800
1995-03-17,7.24329313659668,7.330913618087769,7.228689723014832,7.301706790924072,10629200
1995-03-20,7.287103047294002,7.30170646021443,7.199482569771429,7.243292808532715,3883200
1995-03-21,7.214085102081299,7.360119213459463,7.1994816909434824,7.214085102081299,3686800
1995-03-22,7.22868858314142,7.272498816978641,7.155671526746052,7.184878349304199,4294000
1995-03-23,7.18487533616142,7.18487533616142,7.126461715542222,7.1410651206970215,3449600
1995-03-24,7.155672131162701,7.243292606238162,7.141068718650124,7.228689193725586,3201200
1995-03-27,7.257896018750739,7.257896018750739,7.1848789561878545,7.228689193725586,1997600
1995-03-28,7.214085102081299,7.228688513219115,7.17027486866785,7.214085102081299,2728800
1995-03-29,7.184880244731903,7.257897320389747,6.9512256026268,7.009639263153076,5846400
1995-03-30,7.0680529236793515,7.0680529236793515,6.9512256026268,7.009639263153076,4970400
1995-03-31,6.980430194309779,6.9950336047581265,6.9366199629647385,6.951223373413086,3916800
1995-04-03,6.9366199629647385,6.980430194309779,6.922016552516392,6.951223373413086,5176000
1995-04-04,6.951223982649705,6.995034217834473,6.819793277095404,6.995034217834473,4789200
1995-04-05,6.995033653141226,6.995033653141226,6.922016600394449,6.969478130340576,3395600
1995-04-06,6.951225357216622,6.951225357216622,6.849001454904612,6.922018527984619,5149600
1995-04-07,6.936622499409369,6.936622499409369,6.8490020046799875,6.892812252044678,4439200
1995-04-10,6.863605111837387,7.0242426782846445,6.863605111837387,7.009639263153076,3961600
1995-04-11,7.053448272594047,7.082655097739364,6.965827797158096,7.0242414474487305,3899600
1995-04-12,7.038844860021388,7.068051685166705,7.009638034876072,7.0242414474487305,3906800
1995-04-13,7.038846766489272,7.199484348297119,7.0096399334333,7.199484348297119,3454000
1995-04-17,7.243289837167283,7.287100057956601,7.053445547080237,7.06804895401001,3200400
1995-04-18,7.228689450703695,7.3601201679892165,7.199482624640246,7.316309928894043,9704400
1995-04-19,7.330915451049805,7.360122285516138,7.2725017821171365,7.330915451049805,6460800
1995-04-20,7.316310056618282,7.374723709764935,7.257896403471629,7.3601202964782715,5136800
1995-04-21,7.360123072688287,7.403933329073337,7.301709397508222,7.38932991027832,6753200
1995-04-24,7.389325888827443,7.535359997302294,7.360119067132473,7.4769463539123535,4524000
1995-04-25,7.476947380514706,7.476947380514706,7.433137141957003,7.44774055480957,3510400
1995-04-26,7.433136323739213,7.491549968719482,7.389326090004012,7.491549968719482,4032800
1995-04-27,7.476944360977564,7.535357988797701,7.403927326202393,7.403927326202393,4182000
1995-04-28,7.389325156578651,7.608376297583947,7.345514928377591,7.593772888183594,5328800
1995-05-01,7.564570623555854,7.637587714516818,7.4769501144026975,7.579174041748047,3758400
1995-05-02,7.593772888183594,7.652186525785006,7.564566069382887,7.593772888183594,2877600
1995-05-03,7.6083775183093865,7.695997988769763,7.6083775183093865,7.681394577026367,2839600
1995-05-04,7.710600580745473,7.856634682653532,7.695997170554668,7.725203990936279,4625600
1995-05-05,7.769014635158859,7.769014635158859,7.608377114507078,7.652187347412109,2998800
1995-05-08,7.6229844649035226,7.827432324115494,7.6229844649035226,7.769018650054932,2506800
1995-05-09,7.798225487085213,7.842035742630635,7.73981181302465,7.769018650054932,2642800
1995-05-10,7.778413774372265,7.837118783990169,7.719708764754362,7.822442531585693,6255600
1995-05-11,7.807759549882677,7.939845707681444,7.793083310127258,7.925169467926025,5246800
1995-05-12,7.866463385033331,7.910492098009264,7.602291107177734,7.602291107177734,8398400
1995-05-15,7.455527640981618,7.514232583036591,7.323441521357927,7.470203876495361,12325200
1995-05-16,7.484881211453535,7.5582623998011185,7.440852498444984,7.455528736114502,5436400
1995-05-17,7.484882722105034,7.558263925262926,7.470206481473456,7.543587684631348,3501200
1995-05-18,7.367471123895338,7.382147361193934,7.235384988207971,7.27941370010376,11917200
1995-05-19,7.235388506434397,7.411503439653895,7.235388506434397,7.3527984619140625,8470000
1995-05-22,7.411498934440388,7.484880112009105,7.352793992385415,7.470203876495361,3419200
1995-05-23,7.48488120590858,7.602291107177734,7.470204968249936,7.602291107177734,4184800
1995-05-24,7.646321921165173,7.778408096386836,7.558264471017398,7.631645679473877,7030400
1995-05-25,7.572939437248803,7.690349351004599,7.558263198029329,7.616968154907227,4273200
1995-05-26,7.602291350708603,7.646320065094946,7.4848814456783535,7.528910160064697,3485200
1995-05-30,7.5435863981934785,7.57293887445104,7.528910160064697,7.528910160064697,2307600
1995-05-31,7.543586938277535,7.778406765149987,7.528910699098007,7.763730525970459,4345600
1995-06-01,7.74905574769902,7.822436957431019,7.719703263806221,7.807760715484619,5420400
1995-06-02,7.778408016154165,7.837112982313819,7.719703049994511,7.734379291534424,2808800
1995-06-05,7.763731774614251,7.793084257694078,7.67567432537477,7.734379291534424,2661200
1995-06-06,7.73438107226528,7.837114786697646,7.73438107226528,7.793086051940918,4302000
1995-06-07,7.778410911560059,7.793087158563002,7.705029676545341,7.778410911560059,2142000
1995-06-08,7.719704827346371,7.837114786697646,7.705028582427461,7.793086051940918,2336400
1995-06-09,7.778406765149987,7.807759243509044,7.705025569252346,7.763730525970459,2406000
1995-06-12,7.763734664557115,7.793087158563002,7.719705923548284,7.778410911560059,2052400
1995-06-13,7.822435789638095,7.925169467926025,7.822435789638095,7.925169467926025,2524400
1995-06-14,7.881139419891022,8.027901792700911,7.881139419891022,8.013225555419922,3289200
1995-06-15,7.96919885068802,8.04258005557465,7.939846368733368,7.954522609710693,3228000
1995-06-16,7.954523800936613,8.07193374633789,7.9398475577614525,8.07193374633789,7654000
1995-06-19,8.057255021931892,8.130636215209961,8.057255021931892,8.130636215209961,2410800
1995-06-20,8.115958107454903,8.115958107454903,7.998548225249408,8.027900695800781,2962400
1995-06-21,8.04257929474918,8.218694169816679,8.013226815571263,8.174665451049805,2729200
1995-06-22,8.189341848470624,8.350780487060547,8.159989368727002,8.350780487060547,4348000
1995-06-23,8.306751767445114,8.350780487060547,8.218694328214246,8.350780487060547,3810800
1995-06-26,8.350783402971228,8.365459647967661,8.159992218017578,8.159992218017578,2546000
1995-06-27,8.13063716359588,8.189342125065886,7.910493558083356,7.939846038818359,5840000
1995-06-28,7.939844369014978,8.101282979105855,7.939844369014978,8.013225555419922,3588400
1995-06-29,8.027900695800781,8.042576931076468,7.925167048870972,8.027900695800781,3029200
1995-06-30,8.057255625724792,8.08660810523563,7.910493228170607,7.925169467926025,2948400
1995-07-03,7.895815350012106,7.969196533562404,7.866462876591987,7.9471821784973145,1732400
1995-07-05,7.954523134948616,7.983875618841415,7.79308447353822,7.807760715484619,2534400
1995-07-06,7.8517917268572575,7.925172957949381,7.807762988201983,7.910496711730957,2962000
1995-07-07,7.92516917851619,7.92516917851619,7.558263198029329,7.616968154907227,12719600
1995-07-10,7.631646810363535,7.705028029693954,7.587618078765284,7.660999298095703,6172800
1995-07-11,7.690352337508552,7.837114786697646,7.690352337508552,7.793086051940918,5290800
1995-07-12,7.778408346754133,7.837113315408881,7.734379620263071,7.749055862426758,3684000
1995-07-13,7.74905574769902,7.822436957431019,7.734379505752621,7.807760715484619,4166400
1995-07-14,7.763732493926431,7.851789951324463,7.763732493926431,7.851789951324463,2646400
1995-07-17,7.910492086942312,7.954520799856647,7.82243466111364,7.895815849304199,4740400
1995-07-18,7.939843945598776,8.086606310582118,7.8224340536121035,8.05725383758545,5349200
1995-07-19,8.071932498959526,8.18934242621712,7.983875053516332,8.101284980773926,5828000
1995-07-20,8.101282547080451,8.145311256575454,8.013225128090447,8.05725383758545,3557600
1995-07-21,8.027908347614419,8.145318341729439,8.027908347614419,8.115965843200684,6748000
1995-07-24,8.14531377566758,8.204018739816537,8.101285052555864,8.189342498779297,3056000
1995-07-25,8.17466596535274,8.233370927401952,8.159989724840436,8.218694686889648,3712000
1995-07-26,8.189345400384132,8.306755370282112,8.145316661672389,8.277402877807617,4444800
1995-07-27,8.336100971782123,8.424158376413626,8.321424737676873,8.394805908203125,3066400
1995-07-28,8.424163818359375,8.424163818359375,8.30675386967144,8.424163818359375,2550400
1995-07-31,8.365458844015407,8.424163818359375,8.350782600429415,8.424163818359375,2150800
1995-08-01,8.394809206675982,8.394809206675982,8.306751767445114,8.350780487060547,2590000
1995-08-02,8.350784108993855,8.350784108993855,8.248050385333123,8.277402877807617,4274800
1995-08-03,8.21869005670701,8.21869005670701,8.15998512773053,8.20401382446289,3280000
1995-08-04,8.18934430822862,8.350782995308395,8.15999181966866,8.292078018188477,3079200
1995-08-07,8.321430356258217,8.350782844287346,8.277401624214523,8.306754112243652,2016000
1995-08-08,8.321430506748436,8.350782995308395,8.248049285348538,8.292078018188477,2307200
1995-08-09,8.2920783197054,8.2920783197054,8.23337334045085,8.262725830078125,1904000
1995-08-10,8.24804973602295,8.277402226186732,8.204021000777274,8.24804973602295,1819200
1995-08-11,8.227994043318951,8.227994043318951,8.080538952936891,8.095284461975098,2816400
1995-08-14,8.11002760482349,8.213246137975789,8.080536595351404,8.198500633239746,2008400
1995-08-15,8.124776088673135,8.1542671089587,7.933084456816963,8.139521598815918,3190800
1995-08-16,8.065795298884897,8.110031836173114,7.9625767118790565,8.02155876159668,3868000
1995-08-17,8.006808129946391,8.05104463895162,7.8888441059324474,7.962571620941162,3341200
1995-08-18,7.962573322161672,8.006809840618127,7.918336803705219,7.9478278160095215,5952800
1995-08-21,7.962573733655891,8.021555761312602,7.947828226741714,7.977319240570068,4016000
1995-08-22,7.9773222243084625,8.05104978645549,7.947831199449651,8.02155876159668,2478000
1995-08-23,8.021556309291295,8.124774864741735,8.021556309291295,8.051047325134277,3070400
1995-08-24,8.036304274026085,8.080540811314302,7.9773222243084625,8.02155876159668,2520400
1995-08-25,8.02155876159668,8.095286323743707,8.006813249167275,8.02155876159668,2208000
1995-08-28,8.051046447615441,8.124773979187012,8.021555434986814,8.124773979187012,1778400
1995-08-29,8.1542671089587,8.242740169815395,8.139521598815918,8.139521598815918,3165600
1995-08-30,8.169012619101483,8.169012619101483,8.065794048102005,8.139521598815918,1704800
1995-08-31,8.183758129244264,8.183758129244264,8.124776088673135,8.139521598815918,2009200
1995-09-01,8.139521193070845,8.183757721294057,8.095284664847634,8.110030174255371,1542000
1995-09-05,8.169009416597383,8.213245929683652,8.065790886062759,8.183754920959473,2850400
1995-09-06,8.154264119031618,8.227991642711832,8.154264119031618,8.198500633239746,3054000
1995-09-07,8.198498936487058,8.227989939855716,8.183753434802728,8.213244438171387,1581200
1995-09-08,8.21324845625081,8.257484982945158,8.183757438454577,8.227993965148926,2549600
1995-09-11,8.257487297058105,8.301723836149488,8.242741784027645,8.257487297058105,3132400
1995-09-12,8.286976000741392,8.286976000741392,8.21324845625081,8.227993965148926,1938800
1995-09-13,8.227995719773913,8.301723279986941,8.198504695688703,8.286977767944336,3070800
1995-09-14,8.316461991019871,8.478662490844727,8.301716491035792,8.478662490844727,4260400
1995-09-15,8.493407349486452,8.493407349486452,8.37544335852136,8.434425354003906,6658800
1995-09-18,8.419683456420898,8.478665477131377,8.36070143571042,8.419683456420898,3302000
1995-09-19,8.449174753714683,8.537647787784993,8.434429248036297,8.508156776428223,4108400
1995-09-20,8.508161706242054,8.52290722046431,8.434434135130772,8.449179649353027,2258000
1995-09-21,8.463920088945809,8.744084691193144,8.449174583564371,8.699848175048828,7614800
1995-09-22,8.596629889969973,8.685102924858171,8.567138878340574,8.581884384155273,4538000
1995-09-25,8.59663172300697,8.72934130363658,8.581886214048124,8.714595794677734,3120400
1995-09-26,8.714593760706798,8.83255780484496,8.685102749672257,8.773575782775879,3036000
1995-09-27,8.72933589353833,8.832554392279492,8.655608394437499,8.80306339263916,4030400
1995-09-28,8.773579143342518,8.7883246545078,8.640869542854984,8.670360565185547,2738400
1995-09-29,8.670358725382144,8.75883177360033,8.626122201273052,8.744086265563965,3054000
1995-10-02,8.685106076350829,8.758833632177236,8.626124031689702,8.670360565185547,2448800
1995-10-03,8.685102421304453,8.832557470902152,8.685102421304453,8.817811965942383,4298400
1995-10-04,8.817814141709285,8.95052371909287,8.817814141709285,8.90628719329834,6554400
1995-10-05,8.90628719329834,8.994760244887397,8.817814141709285,8.90628719329834,5339200
1995-10-06,8.935776330892322,9.127467902347108,8.906285319899279,9.112722396850586,4239200
1995-10-09,9.097978730380632,9.112724238857748,8.99476017104082,9.038996696472168,2828800
1995-10-10,8.935779223888378,9.068488816322365,8.935779223888378,8.980015754699707,3878000
1995-10-11,8.980015754699707,9.009506775240594,8.935779223888378,8.980015754699707,3560000
1995-10-12,8.99475616567275,9.053738173316507,8.99475616567275,9.024247169494629,3454800
1995-10-13,9.0832329472098,9.201197011459277,9.0832329472098,9.156960487365723,3360800
1995-10-16,9.156960487365723,9.171705995396907,9.112723963272169,9.156960487365723,1878000
1995-10-17,9.142207145690918,9.156952641087194,9.053734173313265,9.142207145690918,2131200
1995-10-18,9.142212951660156,9.30441350402832,9.09797643737793,9.215940475463867,2771600
1995-10-19,9.23068552982958,9.363395066200933,9.23068552982958,9.319158554077148,5898000
1995-10-20,9.304413342550632,9.407631874084473,9.215940315521623,9.407631874084473,5844800
1995-10-23,9.37814250154761,9.540343079404565,9.363396994469705,9.52559757232666,4012800
1995-10-24,9.555088066262421,9.76152515411377,9.540342559987325,9.76152515411377,5950400
1995-10-25,9.776269411168448,9.923724455077474,9.643559871650323,9.673050880432129,6698800
1995-10-26,9.61406805652482,9.702541075449895,9.466613024983028,9.481358528137207,5963200
1995-10-27,9.451870036937136,9.569834093560376,9.333905980313894,9.52559757232666,4906800
1995-10-30,9.525592389187075,9.658301880677298,9.510846890132607,9.62881088256836,3816000
1995-10-31,9.59932443261878,9.673051962823225,9.569833420537002,9.614069938659668,2708400
1995-11-01,9.584579336533853,9.673052376563396,9.555088323190672,9.643561363220215,3757200
1995-11-02,9.643560535724346,9.658306041130652,9.540341997880201,9.584578514099121,3093600
1995-11-03,9.584582631833085,9.584582631833085,9.437127514420268,9.466618537902832,3633200
1995-11-06,9.43712540982108,9.510852952085306,9.43712540982108,9.451870918273926,2768800
1995-11-07,9.466615283161127,9.643561363220215,9.451869776489538,9.643561363220215,4972800
1995-11-08,9.673051088005078,9.702542097419727,9.599323564468452,9.687796592712402,3675600
1995-11-09,9.673053676997828,9.673053676997828,9.555089607766147,9.599326133728027,2874800
1995-11-10,9.519965838489114,9.549576929744134,9.431132564724052,9.445938110351562,2171200
1995-11-13,9.534772476289614,9.682827949523926,9.47555028699589,9.682827949523926,4033600
1995-11-14,9.890108335107788,10.05296940050627,9.845691680908203,9.845691680908203,6926400
1995-11-15,9.860495005112028,10.18621706233795,9.845689457056304,10.171411514282227,3313200
1995-11-16,10.141799110333361,10.171410202626305,9.964132556575697,9.978938102722168,4116400
1995-11-17,9.978939302232531,10.038161493937174,9.919717110527888,9.993744850158691,5080400
1995-11-20,9.99374143745867,10.067769151810216,9.890102637366507,9.904908180236816,2186000
1995-11-21,9.919717168738167,10.126994840920757,9.919717168738167,10.112189292907715,2350400
1995-11-22,10.0677685470356,10.09737963099747,9.964129753169056,10.03815746307373,3430000
1995-11-24,9.99374604789463,10.052968246696969,9.99374604789463,10.008551597595215,1134800
1995-11-27,10.023355946011014,10.09738368564182,9.949328206380208,9.993744850158691,3927600
1995-11-28,10.02335292083427,10.097380638122559,9.978936290461297,10.097380638122559,3475200
1995-11-29,10.097379290780356,10.2306291641191,10.06776820781619,10.186212539672852,2656000
1995-11-30,10.201023127953555,10.334273067215648,10.08257873749836,10.260245323181152,3204000
1995-12-01,10.289855898728018,10.319466994839464,10.156605966226504,10.171411514282227,4438800
1995-12-04,10.186216001157408,10.39349365234375,10.112188268590856,10.39349365234375,4571600
1995-12-05,10.36388221399744,10.68960422643736,10.36388221399744,10.600770950317383,5491600
1995-12-06,10.67479735235209,10.793241705776246,10.65999180817407,10.748825073242188,5770000
1995-12-07,10.719216132918284,10.778438321497942,10.689605038628454,10.763632774353027,4920400
1995-12-08,10.7784390013634,10.808050097520992,10.615577972496645,10.689605712890625,3253200
1995-12-11,10.65999341903877,10.793243336776754,10.630382326208107,10.674798965454102,3857200
1995-12-12,10.68960289653011,10.793241705776246,10.67479735235209,10.748825073242188,2964000
1995-12-13,10.748827227208112,10.837660510077601,10.734021680063199,10.763632774353027,4402000
1995-12-14,10.763632104696473,10.941298659381971,10.763632104696473,10.83765983581543,3174000
1995-12-15,10.837664362833047,10.882081020057772,10.734025495975354,10.822858810424805,10374800
1995-12-18,10.763630226317161,10.763630226317161,10.541547071716394,10.556352615356445,4907200
1995-12-19,10.541550526673767,10.600772720643844,10.23063400833086,10.304661750793457,6359600
1995-12-20,10.31946302758247,10.511935078312128,10.24543531576337,10.334268569946289,5334000
1995-12-21,10.319467138535906,10.482328169416673,10.304661590274018,10.467522621154785,6642000
1995-12-22,10.437911659306874,10.452717207759791,10.201022884060192,10.245439529418945,4405200
1995-12-26,10.260245077871863,10.27505062632478,10.21582843251311,10.245439529418945,2158400
1995-12-27,10.260249615401673,10.289860725402832,10.126999620396456,10.289860725402832,4493600
1995-12-28,10.2306291641191,10.245434705601182,10.171406998190768,10.186212539672852,3574400
1995-12-29,10.18621632090786,10.18621632090786,10.082577492061414,10.126994132995605,4298400
1996-01-02,10.126993564186888,10.126993564186888,9.890104825843336,9.978938102722168,5178400
1996-01-03,10.097382481530119,10.43791004322395,10.097382481530119,10.378687858581543,8481600
1996-01-04,10.363881526144505,10.452714796368602,10.27504825592041,10.27504825592041,6502400
1996-01-05,10.230631620808362,10.363881526144505,10.156603895621615,10.27504825592041,5838400
1996-01-08,10.289855071185832,10.408299446105957,10.275049524320817,10.408299446105957,1985200
1996-01-09,10.526744814202337,10.689605845083104,10.452717072892897,10.467522621154785,6399200
1996-01-10,10.37868843162269,10.393493978600754,9.845688740412394,10.126994132995605,8897600
1996-01-11,10.126996447435067,10.126996447435067,9.84569099056187,9.919718742370605,7519200
1996-01-12,10.052971606351893,10.260249371431312,10.023360497054831,10.156610488891602,7790400
1996-01-15,10.141800690248521,10.289856174777698,10.112189593342688,10.245439529418945,4316000
1996-01-16,10.27504825592041,10.334270436069806,10.215826075771012,10.27504825592041,6132800
1996-01-17,10.275052331206796,10.408302289392475,10.230635678478237,10.349080085754395,4148000
1996-01-18,10.334270436069806,10.349075981107156,10.215826075771012,10.27504825592041,3967200
1996-01-19,10.26024770115633,10.28985880563297,10.171414387726404,10.230636596679688,5039200
1996-01-22,10.26024271088306,10.378687071181854,10.201020530733663,10.27504825592041,3479200
1996-01-23,10.275049280237269,10.40829919885706,10.245438187210649,10.39349365234375,3313600
1996-01-24,10.659996643066407,11.10416316986084,10.571163337707521,11.10416316986084,8643200
1996-01-25,11.044942373870523,11.22260900723037,10.719220212710802,11.015331268310547,7677600
1996-01-26,10.956108589274633,11.104164110751318,10.867275276388623,11.044941902160645,4344800
1996-01-29,11.059742755535742,11.281825943397907,11.059742755535742,11.163381576538086,4632000
1996-01-30,11.10416627579626,11.415082931518555,11.07455516572747,11.415082931518555,4118800
1996-01-31,11.38546728466948,11.429883932073912,11.326245088130236,11.370661735534668,4875600
1996-02-01,11.400271535709205,11.400271535709205,11.163382776525637,11.17818832397461,3757200
1996-02-02,11.178193110996927,11.548331955731925,11.178193110996927,11.355859756469727,6048000
1996-02-05,11.252216275776636,11.622354969058762,11.252216275776636,11.592743873596191,4139200
1996-02-06,11.592742386011544,11.637159023505841,11.44468692769722,11.50390911102295,5285600
1996-02-07,11.459491275020481,11.489102363586426,11.355852465039677,11.489102363586426,6490400
1996-02-08,11.503913219065605,11.740802036961423,11.503913219065605,11.696385383605957,8785600
1996-02-09,11.7111859532052,11.88885249105408,11.66676931874298,11.74079704284668,8630400
1996-02-12,11.740792719362357,11.770403798099716,11.651959483150284,11.711181640625,7639200
1996-02-13,11.696381111337681,11.80001993131156,11.696381111337681,11.725992202758789,11282400
1996-02-14,11.725993304185465,11.725993304185465,11.533521191869289,11.563132286071777,6615600
1996-02-15,11.498357875588376,11.55778091370511,11.275521482650616,11.305233001708984,17661600
1996-02-16,11.320088899468047,11.349800418889222,11.156675542651579,11.186387062072754,10604400
1996-02-20,11.052690699032926,11.12696953437589,10.978411863689963,11.008123397827148,7104400
1996-02-21,11.02297710021651,11.334948150222639,11.02297710021651,11.275525093078613,9927200
1996-02-22,11.290377242179801,11.43893483747164,11.275521482650616,11.305233001708984,8206800
1996-02-23,11.334953380778511,11.394376465343537,11.112116813659668,11.112116813659668,7015600
1996-02-26,11.126970860799155,11.275528549194336,11.112115091959636,11.141826629638672,6400000
1996-02-27,11.171539898224694,11.275530296213487,11.0675495002359,11.112116813659668,6280000
1996-02-28,11.20125123441775,11.453799339172527,11.156683921813965,11.156683921813965,7050800
1996-02-29,11.037837957953387,11.394376465343537,11.037837957953387,11.112116813659668,7694000
1996-03-01,11.201249472796917,11.438941769301891,11.126970630139112,11.40923023223877,5734400
1996-03-04,11.409227001574612,11.602351937799183,11.349803944274743,11.498361587524414,6474800
1996-03-05,11.424081424614052,11.483504474937142,11.364658374290961,11.438937187194824,3620800
1996-03-06,11.51322003604536,11.617210410564478,11.379518125949348,11.394373893737793,3973200
1996-03-07,11.394372377080165,11.676631927490234,11.379516611269109,11.676631927490234,6656400
1996-03-08,11.51321790720287,11.528073672244423,10.814996950249922,11.29038143157959,14972400
1996-03-11,11.230954778476024,11.33494510049895,11.06754141529714,11.320089340209961,6416800
1996-03-12,11.245810100915106,11.275521620336283,11.052685224677463,11.186387062072754,6042800
1996-03-13,11.201243722743655,11.21609948364915,10.993263070066718,11.037830352783203,5367200
1996-03-14,11.171536835581668,11.24581567092463,10.993267630758556,11.008123397827148,5303200
1996-03-15,11.022975957140009,11.245812398322085,11.008120194394538,11.171533584594727,8027600
1996-03-18,11.290380465273826,11.379515047894408,11.141822827572854,11.21610164642334,4784800
1996-03-19,11.290378467456714,11.320089989739495,10.918984438921955,10.993263244628906,8377200
1996-03-20,11.06754778544108,11.171538167317708,10.993268941243489,11.141826629638672,4706800
1996-03-21,11.14181978294099,11.305233139757458,11.097252503809226,11.186387062072754,6654800
1996-03-22,11.230958938598633,11.320093533349416,11.112112812264256,11.230958938598633,5514000
1996-03-25,11.3200972166176,11.349808757868566,11.126972198486328,11.126972198486328,4180800
1996-03-26,11.112115262836573,11.32009602978806,11.09725949376861,11.245817184448242,4152000
1996-03-27,11.260673763607972,11.260673763607972,11.067548751831055,11.067548751831055,4147600
1996-03-28,11.037833594247658,11.097256655320324,10.933843237370494,11.022977828979492,3432800
1996-03-29,11.097259160948962,11.141826466816228,10.933845706102325,10.963557243347168,3490400
1996-04-01,11.067549319433462,11.112116632129167,11.022982006737758,11.082405090332031,7576000
1996-04-02,11.126964456453099,11.320089340209961,11.052685655008151,11.320089340209961,5251600
1996-04-03,11.275521620336283,11.275521620336283,11.156675542651579,11.186387062072754,3109200
1996-04-04,11.245817184448242,11.260672953516206,11.201249877244353,11.245817184448242,3201200
1996-04-08,10.933838470334761,11.037828781873271,10.740713606048956,10.948694229125977,7155600
1996-04-09,11.052689152547758,11.067544917537742,10.755573852748087,10.844708442687988,4568400
1996-04-10,10.814996487020434,10.844708015830928,10.443602376889237,10.48816967010498,6174800
1996-04-11,10.517883502415248,10.562450805391585,10.176200846263342,10.39903736114502,10417600
1996-04-12,10.458458904486953,10.666439621337545,10.443603138997625,10.532737731933594,9556400
1996-04-15,10.577303522476578,10.725861156219228,10.51788046897952,10.666438102722168,4751600
1996-04-16,10.681295402746631,10.904131885418675,10.666439637235163,10.829853057861328,7663200
1996-04-17,10.844709396362305,10.874420928955077,10.72586326599121,10.770430564880371,4947600
1996-04-18,10.785285197696451,10.933842845047643,10.770429432961333,10.889275550842285,4536400
1996-04-19,10.889274002925237,10.933841290795328,10.785283664561696,10.800139427185059,4528800
1996-04-22,10.859566130903032,10.91898920138677,10.532739243242476,10.696152687072754,4251200
1996-04-23,10.755573272705078,10.859563622026812,10.72586174432744,10.755573272705078,4776400
1996-04-24,10.770428446342022,10.770428446342022,10.45845741548246,10.666438102722168,6766000
1996-04-25,10.666436971804636,10.829850351595516,10.57730240100961,10.711004257202148,6463600
1996-04-26,10.785286331176758,10.918988227844238,10.711007499694825,10.770430564880371,5042400
1996-04-29,10.770432446278683,10.963557441867128,10.755576677387264,10.918990135192871,3635600
1996-04-30,10.904128677780564,11.008119005770297,10.81499411093222,10.993263244628906,3996400
1996-05-01,10.933843237370494,11.141823951124824,10.933843237370494,11.022977828979492,3848400
1996-05-02,10.948695441198083,10.963551201633901,10.636724472045898,10.636724472045898,6137200
1996-05-03,10.755570555532445,10.889272399454809,10.53273414899517,10.636724472045898,5442000
1996-05-06,10.696149629470698,10.740716919593492,10.54759199572805,10.666438102722168,4078000
1996-05-07,10.666438102722168,10.711005392844962,10.577303522476578,10.666438102722168,3658400
1996-05-08,10.607018988473076,10.918990135192871,10.503028606233142,10.918990135192871,4834800
1996-05-09,10.889274002925237,10.904129765548602,10.75557213931497,10.800139427185059,3180800
1996-05-10,10.874419786107167,10.948698609782761,10.785285197696451,10.889275550842285,4628000
1996-05-13,10.918988795415592,11.008123397827148,10.829854193004037,11.008123397827148,4348000
1996-05-14,11.008119005770297,11.082397811477248,10.948695961204734,10.993263244628906,4515600
1996-05-15,11.022981984002612,11.216107005285677,11.008126213134684,11.156683921813965,5467600
1996-05-16,11.11210978378984,11.379513495164462,11.11210978378984,11.201244354248047,6494400
1996-05-17,11.306253950900553,11.336085755520344,11.186926732421393,11.32116985321045,5300800
1996-05-20,11.36591911315918,11.44049863489907,11.276423687071313,11.36591911315918,3688000
1996-05-21,11.380833706824609,11.440497317345313,11.33608599893408,11.410665512084961,2656800
1996-05-22,11.395750517697678,11.589657267344366,11.380834613878703,11.57474136352539,4257200
1996-05-23,11.589654229465543,11.649317829102431,11.425579330464101,11.515074729919434,4583600
1996-05-24,11.559821396264773,11.679148584871378,11.529989599113122,11.649316787719727,3256800
1996-05-28,11.694071112303435,11.723902926365433,11.455416599807446,11.619491577148438,4222000
1996-05-29,11.679158268965685,11.679158268965685,11.410671871977968,11.485251426696777,4800000
1996-05-30,11.485250868150949,11.738821341863373,11.395755406840683,11.664241790771484,4679600
1996-05-31,11.664239298241435,11.738818833396433,11.58965976308644,11.619491577148438,4352800
1996-06-03,11.57474136352539,11.64932088262027,11.544909555887438,11.57474136352539,3348800
1996-06-04,11.664232433600583,11.7537278231167,11.649316535347896,11.723896026611328,3176800
1996-06-05,11.753734804821255,11.843230247497559,11.679155269257668,11.843230247497559,3273200
1996-06-06,11.902886805643561,11.902886805643561,11.723896026611328,11.723896026611328,3742000
1996-06-07,11.500158150386449,11.81339202996896,11.48524225135871,11.768644332885742,4684400
1996-06-10,11.828308193038843,11.902887689842368,11.78356049495673,11.858139991760254,3296800
1996-06-11,11.932727813720703,11.977475543022155,11.8730641746521,11.932727813720703,6257200
1996-06-12,12.02222327232361,12.111718730926514,11.843232355117799,11.932727813720703,4862800
1996-06-13,11.932728174702286,11.932728174702286,11.664241790771484,11.664241790771484,4964200
1996-06-14,11.664232344043498,11.753727732872475,11.574736955214519,11.694064140319824,3510800
1996-06-17,11.783563210414007,11.813395016009991,11.515076960050143,11.634404182434082,3557200
1996-06-18,11.574744829621078,11.604576646192267,11.39575393019395,11.425585746765137,4297400
1996-06-19,11.455409049987793,11.515072638789812,11.425577255586782,11.455409049987793,3791800
1996-06-20,11.485249379907513,11.544913013049891,11.336090297051571,11.425585746765137,4851600
1996-06-21,11.485251426696777,11.485251426696777,11.365924139146681,11.485251426696777,7803000
1996-06-24,11.485245862364462,11.634404899538026,11.425582247495035,11.544909477233887,3864600
1996-06-25,11.634402697599386,11.783561706542969,11.604570895810669,11.783561706542969,4260800
1996-06-26,11.753729904754252,11.783561706542969,11.723898102965535,11.783561706542969,3352800
1996-06-27,11.723896026611328,11.813391416127445,11.515073451073722,11.723896026611328,3370000
1996-06-28,11.783563693364462,11.873059113820394,11.723900079727173,11.813395500183105,2947000
1996-07-01,11.873062061722992,11.873062061722992,11.783566619046688,11.843230247497559,2411000
1996-07-02,11.90289107998412,11.932722887202123,11.753732043894091,11.873059272766113,3323600
1996-07-03,11.873057111909118,11.873057111909118,11.723898102965535,11.783561706542969,2967000
1996-07-05,11.634404899538026,11.813395744146304,11.544909477233887,11.544909477233887,1892200
1996-07-08,11.515072638789812,11.634399816393852,11.425577255586782,11.455409049987793,3810600
1996-07-09,11.515076945067714,11.515076945067714,11.276422500610352,11.276422500610352,3391400
1996-07-10,11.336081872383753,11.455409049987793,11.157091105977694,11.455409049987793,3817800
1996-07-11,11.515072638789812,11.634399816393852,11.216754694779713,11.455409049987793,3584200
1996-07-12,11.455409897557946,11.455409897557946,11.127260134867484,11.261503219604492,2978800
1996-07-15,11.2167648854463,11.276428528453993,10.858783027400142,10.978110313415527,4510600
1996-07-16,10.91843873355055,11.574738329556322,10.530625335910777,11.515074729919434,8481000
1996-07-17,11.664234176434968,11.664234176434968,11.336084365844727,11.336084365844727,4263000
1996-07-18,11.485241654568348,11.7537278231167,11.36591446854686,11.723896026611328,4223800
1996-07-19,11.723898102965535,11.783561706542969,11.634402697599386,11.783561706542969,4219000
1996-07-22,11.634409970334728,11.723905431644996,11.365923586403927,11.664241790771484,3103800
1996-07-23,11.69406786191432,11.69406786191432,11.246590775361476,11.306254386901855,2847000
1996-07-24,11.097429958142733,11.515075171621223,10.858775550440738,11.336084365844727,5072600
1996-07-25,11.425581609982613,11.455413415752803,11.186927163821098,11.306254386901855,3410000
1996-07-26,11.42558778292173,11.485251426696777,11.246596851596586,11.485251426696777,2575800
1996-07-29,11.455414539247048,11.485246347943004,11.336087304463224,11.36591911315918,1963800
1996-07-30,11.455411130282545,11.515074729919434,11.276420331371881,11.515074729919434,3173400
1996-07-31,11.485244503820129,11.544908111632182,11.365917288196025,11.39574909210205,3028400
1996-08-01,11.395746265052232,11.783559619622073,11.395746265052232,11.723896026611328,3434600
1996-08-02,11.813398433272123,11.992389318624731,11.813398433272123,11.843230247497559,3553400
1996-08-05,11.962553189942618,12.111712207273573,11.932721386476427,12.022216796875,2804200
1996-08-06,12.022215928181563,12.052047729492188,11.93272052424969,12.052047729492188,2889600
1996-08-07,12.08188019909905,12.290702819824219,11.962552987256096,12.290702819824219,3842800
1996-08-08,12.320539258166058,12.320539258166058,12.141548373059528,12.231043815612793,2526800
1996-08-09,12.290707443981635,12.320539258166058,12.17138018724395,12.231043815612793,2759800
1996-08-12,12.20121091901548,12.559192657470703,12.111715484401676,12.559192657470703,3563400
1996-08-13,12.49952325139727,12.678514037813459,12.439859655925206,12.5293550491333,4206800
1996-08-14,12.589027606739716,12.678523063659668,12.529363968793083,12.678523063659668,4507800
1996-08-15,12.678523063659668,12.7381867016063,12.589027606739716,12.678523063659668,3079800
1996-08-16,12.574330669338421,12.604269551884466,12.33481960897007,12.364758491516113,4117600
1996-08-19,12.484516143798828,12.664149469608883,12.45457725616382,12.484516143798828,2231200
1996-08-20,12.484518638555555,12.544396425790833,12.364763064084997,12.394701957702637,2170600
1996-08-21,12.42463207244873,12.514448689839925,12.304876582593803,12.42463207244873,1889000
1996-08-22,12.424641412038069,12.484519201975603,12.215069147256704,12.454580307006836,2593400
1996-08-23,12.514453659430693,12.544392543783397,12.185125931550937,12.245003700256348,2653000
1996-08-26,12.215066720943641,12.215066720943641,12.035433386812116,12.095311164855957,2720600
1996-08-27,12.09531154210796,12.21506710193081,12.09531154210796,12.185128211975098,2027200
1996-08-28,12.15518433166201,12.15518433166201,12.065367698669434,12.065367698669434,1518600
1996-08-29,12.035427624121645,12.065366498808515,11.885733250687297,11.945611000061035,2504000
1996-08-30,11.975554645364054,11.975554645364054,11.646226892616543,11.795921325683594,3609600
1996-09-03,11.646222359654862,11.88573335933928,11.556405734773204,11.76597785949707,2576600
1996-09-04,11.706100109575965,11.795916734457624,11.646222359654862,11.76597785949707,2111600
1996-09-05,11.67616308349924,11.8857352414082,11.5863464443954,11.61628532409668,2356200
1996-09-06,11.676165973720838,11.94561595772978,11.586349312384524,11.915677070617676,2416200
1996-09-09,11.975549874747905,12.035427624121645,11.915672125374165,11.945611000061035,2815800
1996-09-10,12.06537111258205,12.095309998717488,11.795921137363095,11.825860023498535,3769200
1996-09-11,11.855799098910413,11.915676872137235,11.736043552456774,11.795921325683594,3437800
1996-09-12,11.855799098910413,11.975554645364054,11.706104665843363,11.795921325683594,2905200
1996-09-13,12.005498132705688,12.095314826965332,11.915681438446045,11.97555923461914,3938600
1996-09-16,12.06537476917752,12.18513035001303,12.005496978759766,12.005496978759766,4645200
1996-09-17,12.035437030792236,12.065375928878783,11.885742540359496,11.97555923461914,2353400
1996-09-18,11.975550231164888,12.0054891067428,11.85579472885324,11.885733604431152,1759800
1996-09-19,11.8258647441864,12.065375928878783,11.765986948013305,11.97555923461914,2120200
1996-09-20,12.035433386812116,12.095311164855957,12.005494497790195,12.095311164855957,6317000
1996-09-23,12.065367163108489,12.155183792114258,12.005489410437974,12.155183792114258,2810200
1996-09-24,12.15518433166201,12.185123209326202,12.005489943341049,12.065367698669434,3457200
1996-09-25,12.125245635189227,12.155184513300805,12.005490122742914,12.035429000854492,2499200
1996-09-26,12.125245508025674,12.364756530406428,12.035428874632892,12.215062141418457,5055800
1996-09-27,12.334818840026855,12.334818840026855,12.18512443662847,12.334818840026855,2691200
1996-09-30,12.364762892374179,12.394701785576054,12.215068426364807,12.274946212768555,2691200
1996-10-01,12.274942584609052,12.304881468961758,12.125248162845528,12.245003700256348,2583000
1996-10-02,12.30488510597043,12.334823999172304,12.24500731956668,12.274946212768555,2286800
1996-10-03,12.30487877481124,12.30487877481124,12.155184385823269,12.215062141418457,2112600
1996-10-04,12.274937710130072,12.514448689839925,12.244998837666339,12.42463207244873,3331200
1996-10-07,12.484519201975603,12.544396991913136,12.424641412038069,12.454580307006836,2707600
1996-10-08,12.334815455057536,12.514448689839925,12.304876582593803,12.42463207244873,2877800
1996-10-09,12.454579571979803,12.454579571979803,12.095312853557308,12.274946212768555,3083200
1996-10-10,12.274944881842236,12.304883771797948,12.155189322019384,12.185128211975098,1622200
1996-10-11,12.215063317308148,12.424635482065886,12.18512443662847,12.334818840026855,2014600
1996-10-14,12.334815533955892,12.664143133163453,12.334815533955892,12.574326515197754,2727200
1996-10-15,12.514457358383552,12.604274037989175,12.215068426364807,12.274946212768555,3983000
1996-10-16,12.334823999172304,12.334823999172304,12.125251746759183,12.274946212768555,4127200
1996-10-17,12.364765859162324,12.604277062245371,12.334826958776944,12.54439926147461,4066600
1996-10-18,12.454570944912463,12.514448689839925,12.394693199985,12.42463207244873,7749000
1996-10-21,12.454572555466827,12.454572555466827,12.095306039443745,12.155183792114258,5960000
1996-10-22,12.095310393290303,12.125249280402409,11.88573818350557,11.915677070617676,6138000
1996-10-23,11.915677070617676,12.00549373195399,11.795921522169257,11.915677070617676,5152800
1996-10-24,11.945611836058315,12.035428466404618,11.616284191455204,11.646223068237305,5855400
1996-10-25,11.646226075591233,11.765981613643586,11.286959461434177,11.316898345947266,4858800
1996-10-28,11.496530127337598,11.556407888417482,11.37677460517783,11.406713485717773,6228400
1996-10-29,11.49652637224741,11.736037338335896,11.466587501486348,11.556404113769531,5645600
1996-10-30,11.556405420104662,11.586344294250011,11.466588797668615,11.496527671813965,4281800
1996-10-31,11.556410232776313,11.825860212297004,11.526471346162902,11.795921325683594,3943000
1996-11-01,11.915672234299832,12.035427734142042,11.706100109575965,11.76597785949707,3277000
1996-11-04,11.855801604288008,11.855801604288008,11.706107139587402,11.706107139587402,5170000
1996-11-05,11.736048049926758,12.155192623138428,11.736048049926758,11.97555923461914,5884000
1996-11-06,12.09530455271403,12.604265387852987,12.065365680058797,12.574326515197754,6728200
1996-11-07,12.544391004784593,12.544391004784593,12.334818840026855,12.334818840026855,4705600
1996-11-08,12.394696601386208,12.394696601386208,12.215063317308148,12.334818840026855,4280000
1996-11-11,12.334818840026855,12.424635482065886,12.30487995934718,12.334818840026855,2776400
1996-11-12,12.33482266175366,12.33482266175366,12.155189322019384,12.185128211975098,4474800
1996-11-13,12.185128211975098,12.33482266175366,12.155189322019384,12.185128211975098,3440000
1996-11-14,12.155189322019384,12.21506710193081,12.065372652152245,12.185128211975098,4951800
1996-11-15,12.260849694313086,12.320951898696974,12.140645285545311,12.2007474899292,4927200
1996-11-18,12.200755008650415,12.260857250072338,12.140652767228492,12.170703887939453,3099000
1996-11-19,12.290903580968084,12.411108016967773,12.230801362968242,12.411108016967773,3201000
1996-11-20,12.381065266555824,12.471218654419093,12.290911878692553,12.351014137268066,4682800
1996-11-21,12.50127039481696,12.591423787087274,12.411117002546645,12.53132152557373,4152800
1996-11-22,12.531312112032513,12.681567652944173,12.441158787485515,12.561363220214844,3259400
1996-11-25,12.501263356763264,12.921978950500488,12.501263356763264,12.921978950500488,4679000
1996-11-26,12.861878508454437,12.982082980496067,12.83182739044403,12.891929626464844,4740400
1996-11-27,12.952028867240264,12.952028867240264,12.861875534057617,12.861875534057617,2525000
1996-11-29,12.831824181785047,12.891926402777013,12.771721960793078,12.801773071289062,1181800
1996-12-02,12.771717763679812,12.771717763679812,12.681564461818542,12.711615562438965,2584800
1996-12-03,12.711621180824611,12.921978978143223,12.381058927895367,12.441161155700684,3329400
1996-12-04,12.381061049608084,12.561367763922764,12.351009930555637,12.501265525817871,4585800
1996-12-05,12.561363561967383,12.621465779967227,12.381056907967851,12.411108016967773,3542800
1996-12-06,12.050496674966121,12.591416725213977,12.020445561063463,12.441161155700684,4534200
1996-12-09,12.501263966708308,12.59141731262207,12.320957274880785,12.59141731262207,2454200
1996-12-10,12.531319931575231,12.741677820114862,12.501268804640997,12.62147331237793,2540000
1996-12-11,12.381058927895367,12.561365611311318,12.29090558618739,12.441161155700684,3690400
1996-12-12,12.441159951804888,12.441159951804888,12.110597730863214,12.14064884185791,3920800
1996-12-13,12.020442713445155,12.110596033795993,11.930289393094316,11.96034049987793,6176200
1996-12-16,12.020444748041879,12.110598083652194,11.659831405600624,11.749984741210938,5080600
1996-12-17,11.629781953473323,11.810088650426398,11.539628604996786,11.689884185791016,7168400
1996-12-18,11.780037993996501,12.020446932649492,11.749986876664877,11.810089111328125,5272400
1996-12-19,11.990397163673684,12.230806129361376,11.930294922251761,12.170703887939453,3773600
1996-12-20,12.561361766996837,12.561361766996837,11.930288568176422,11.99039077758789,10639400
1996-12-23,12.050492986999359,12.170697405822294,11.960339672882156,11.99039077758789,3459600
1996-12-24,12.020440101623535,12.050491201877593,11.990389001369476,12.020440101623535,1444800
1996-12-26,11.960342763962592,12.200751663740734,11.960342763962592,12.050496101379395,2643200
1996-12-27,12.080546619868516,12.260853285836703,12.080546619868516,12.14064884185791,1777400
1996-12-30,12.170698660218628,12.44115863044571,12.140647552415619,12.290903091430664,2894200
1996-12-31,12.290902674497671,12.335979334673091,11.96034049987793,11.96034049987793,2550800
1997-01-02,11.990391606661541,12.020442713445155,11.689880538825413,11.96034049987793,4192000
1997-01-03,12.050489560881658,12.170693945528857,11.960336272396258,12.080540657043457,2994200
1997-01-06,12.200755008650415,12.351010612205222,12.140652767228492,12.170703887939453,4661600
1997-01-07,12.170696387737255,12.2007474899292,12.020440876777535,12.2007474899292,3805200
1997-01-08,12.320954199233674,12.44115863044571,12.230800875824647,12.290903091430664,4096200
1997-01-09,12.351001871442332,12.471206269217927,12.290899672554534,12.38105297088623,3908800
1997-01-10,12.200749768021637,12.38105641483969,12.170698660218628,12.290903091430664,5677600
1997-01-13,12.260847234014255,12.260847234014255,12.050489560881658,12.080540657043457,5255600
1997-01-14,12.170698782292808,12.41110764712822,12.170698782292808,12.320954322814941,4860000
1997-01-15,12.381065871789874,12.621474917844045,12.3510147410331,12.53132152557373,6654200
1997-01-16,12.68156799796707,12.771721324966837,12.411108016967773,12.411108016967773,5667600
1997-01-17,12.41111639584358,12.531320912994607,12.260860749404795,12.351014137268066,9774000
1997-01-20,12.38105821609497,12.441160440444946,12.230802655220032,12.26085376739502,5235000
1997-01-21,12.200751090718207,12.891926645118499,12.200751090718207,12.861875534057617,9890600
1997-01-22,13.192437674744717,13.943715446655007,13.132335452991892,13.79345989227295,13235000
1997-01-23,13.853556960091028,13.913659159484048,13.49294376373291,13.49294376373291,6164000
1997-01-24,13.462892562624008,13.522994761564293,13.102279368982293,13.252534866333008,6130400
1997-01-27,13.312643297749744,13.312643297749744,13.042183275899298,13.132336616516113,3776200
1997-01-28,13.312645971363988,13.402799330086543,13.012134775622139,13.072237014770508,5703600
1997-01-29,13.07223379611969,13.282591581344604,13.042182683944702,13.222489356994629,3595000
1997-01-30,13.402801522055826,13.70331276694497,13.37275039756691,13.673261642456055,5495600
1997-01-31,13.733355198071632,14.063917358200271,13.703304092605393,13.883610725402832,5477800
1997-02-03,13.943713392232704,13.943713392232704,13.703304540642485,13.763406753540039,3522600
1997-02-04,13.793459442770406,14.154072761535645,13.733357222976199,14.154072761535645,3740200
1997-02-05,14.154073222789888,14.334379888048359,13.613153227014479,13.79345989227295,4873600
1997-02-06,13.853561662564612,14.154072761535645,13.733357222976199,14.154072761535645,4416400
1997-02-07,14.304328208189132,14.39448153723234,14.214174879145922,14.36443042755127,5465600
1997-02-10,14.424531564772504,14.574787101905551,14.304327135066067,14.334378242492676,5756400
1997-02-11,14.364437317848205,14.454590690135957,14.33438619375229,14.424539566040039,3926200
1997-02-12,14.424536546397748,14.634894371032715,14.424536546397748,14.634894371032715,6457800
1997-02-13,14.741000517177195,14.95201688449875,14.741000517177195,14.89172649383545,6746800
1997-02-14,14.9218664829697,14.952011667783779,14.801285743713379,14.801285743713379,5013800
1997-02-18,14.861578276432843,15.132884979248047,14.710852330424395,15.132884979248047,4669200
1997-02-19,15.102741434898144,15.132886627382971,14.831434702534704,14.861579895019531,3642400
1997-02-20,14.620425819856003,14.680716235607987,14.40940936472406,14.529990196228027,5090800
1997-02-21,14.499844988352036,14.590280611980011,14.439554572600052,14.529990196228027,5542600
1997-02-24,14.499846719420006,14.771153622693976,14.46970150794512,14.650572776794434,4015200
1997-02-25,14.650573039054871,14.680718251069386,14.318975706895193,14.469701766967773,5305000
1997-02-26,14.499841570346913,14.499841570346913,13.987373157257728,14.168244361877441,6517800
1997-02-27,14.168245145917716,14.168245145917716,13.89693832397461,13.89693832397461,4441600
1997-02-28,13.806505124465279,14.07781199372333,13.655779085988584,13.866795539855957,4997200
1997-03-03,13.746213043016846,14.10795549151729,13.685922634933439,14.077810287475586,3558000
1997-03-04,14.07780863776446,14.07780863776446,13.806501833182276,13.836647033691406,4261600
1997-03-05,13.927079351324783,14.31896686553955,13.927079351324783,14.31896686553955,5379200
1997-03-06,14.349117867790367,14.349117867790367,14.138101428558157,14.258682250976562,4513800
1997-03-07,14.288821426863523,14.71085412723502,14.288821426863523,14.620418548583984,5577600
1997-03-10,14.710855429513114,14.801291016169957,14.680710233960832,14.771145820617676,3289800
1997-03-11,14.771150220835723,14.80129542536804,14.650569402706452,14.68071460723877,3427200
1997-03-12,14.77114569466069,14.77114569466069,14.198386984051398,14.379258155822754,4302600
1997-03-13,14.59027717265677,14.710857975736577,13.957227956487777,14.168244361877441,8867200
1997-03-14,14.28882686211275,14.318972066463198,13.866794001206467,13.957229614257812,6664600
1997-03-17,13.685922775103773,14.047665227309158,13.625632366402876,13.957229614257812,7228200
1997-03-18,14.0175191337271,14.258680753232083,13.836647919098365,13.89693832397461,4520800
1997-03-19,13.987373036237065,14.228534640310118,13.414614226563565,13.836647033691406,8256400
1997-03-20,13.927081736224485,13.987372133350998,13.53519415490215,13.776355743408203,4417600
1997-03-21,13.896935690317722,13.927080887042925,13.565338526340511,13.655774116516113,6286800
1997-03-24,13.74621318380467,13.987374818608261,13.625632366402876,13.957229614257812,3515800
1997-03-25,14.04766678602799,14.198392824504687,13.806505124465279,13.866795539855957,3796000
1997-03-26,13.776355743408203,14.04766253047751,13.655774949155177,13.776355743408203,4532400
1997-03-27,13.866784880761386,13.896930065284781,13.083010083153134,13.294026374816895,5258600
1997-03-31,13.263883477970781,13.354319047138764,12.721270062962887,12.751415252685547,8000400
1997-04-01,12.751423192730254,13.294036945612392,12.69113277574335,13.233746528625488,6988600
1997-04-02,13.05287638697131,13.38447370858028,12.932295542749866,13.113166809082031,4782600
1997-04-03,13.113162616888681,13.263888623979357,12.751420199871063,13.022727012634277,5006600
1997-04-04,12.66098397820165,13.263887977163634,12.66098397820165,13.173452377319336,6054200
1997-04-07,13.354327969594832,13.384473179458478,13.11316629068567,13.143311500549316,4778200
1997-04-08,13.143311500549316,13.203601920276606,12.9322950315038,13.143311500549316,4080200
1997-04-09,13.233744988074669,13.29403539804312,12.872002528263971,12.932292938232422,4495800
1997-04-10,12.78156948747306,13.233747653303475,12.78156948747306,13.113166809082031,4076000
1997-04-11,12.962433162488436,12.992578355889572,12.600690841674805,12.600690841674805,4293600
1997-04-14,12.600687872688725,12.781558990478516,12.32938119600404,12.781558990478516,4993800
1997-04-15,13.08301621350375,13.294032604044133,12.992580617557872,13.263887405395508,4919400
1997-04-16,13.173447406265293,13.474899291992188,13.052866651974535,13.474899291992188,5505800
1997-04-17,13.59548355551327,13.625628751866959,13.29403159197639,13.324176788330078,3782600
1997-04-18,13.38446611994585,13.565337283728903,13.354320925982009,13.444756507873535,4817000
1997-04-21,13.474901401319878,13.8366437208184,13.354320628153705,13.806498527526855,5144400
1997-04-22,13.83664801767317,14.28882605746641,13.806502815020288,14.228535652160645,8217000
1997-04-23,14.228530110984012,14.228530110984012,13.927078201852995,13.9873685836792,4218800
1997-04-24,14.138102691404281,14.198393107998756,14.017521858215332,14.017521858215332,3352400
1997-04-25,13.957231441620857,14.138102691404281,13.866795816729146,14.017521858215332,2530200
1997-04-28,13.98737761553596,14.379265350453995,13.98737761553596,14.349120140075684,3853000
1997-04-29,14.469701766967773,14.529992190996806,14.25868528286616,14.469701766967773,5456400
1997-04-30,14.46969716826831,14.831439597475017,14.46969716826831,14.74100399017334,4504600
1997-05-01,14.62041971818456,14.650564913479787,14.198386984051398,14.379258155822754,3524800
1997-05-02,14.469688710758497,14.9218664829697,14.439543525944416,14.801285743713379,3468000
1997-05-05,14.921871082099502,15.07259705262576,14.771145111573244,15.042451858520508,4181600
1997-05-06,14.891731335864803,15.01231215639812,14.680714899931496,14.831440925598145,5385600
1997-05-07,14.741002266451439,14.771147465360338,14.52998587408915,14.560131072998047,4477600
1997-05-08,14.439556554953258,14.831444311141968,14.379266130924226,14.469701766967773,4500400
1997-05-09,14.650568382871663,14.771149192607233,14.409406763400524,14.74100399017334,2954000
1997-05-12,14.861580296870201,14.95201587677002,14.740999523670443,14.95201587677002,3779000
1997-05-13,14.952020576201289,15.042456184525088,14.86158496787749,15.012310981750488,5303000
1997-05-14,15.012307385035923,15.102742971692766,14.741000625065395,14.771145820617676,4046200
1997-05-15,14.741000517177195,14.89172649383545,14.650564931182243,14.89172649383545,4942600
1997-05-16,14.823965531661798,14.944977495185567,14.551688613733315,14.581941604614258,5090000
1997-05-19,14.642442422983597,14.884466264685805,14.581936462558046,14.823960304260254,2315600
1997-05-20,14.52143393013267,14.73320484161377,14.491180942778225,14.73320484161377,4356600
1997-05-21,14.64244070755808,14.672693684226589,14.249152010867471,14.370163917541504,8066000
1997-05-22,14.460930944490833,14.491183938098555,14.279412982844505,14.40042495727539,4031200
1997-05-23,14.521424805197189,14.61218371022967,14.370159963476384,14.491171836853027,3223600
1997-05-27,14.430665900164707,14.61218371022967,14.309654026788063,14.491171836853027,3800000
1997-05-28,14.521428800884046,14.521428800884046,14.249152010867471,14.370163917541504,3632000
1997-05-29,14.370166015220041,14.491177939558737,14.097889185457978,14.249154090881348,4113600
1997-05-30,14.21890769402186,14.55169064005216,14.158401703834533,14.521437644958496,4558800
1997-06-02,14.581934754221063,14.612187730889572,14.218899034198962,14.370163917541504,4104800
1997-06-03,14.339914122385958,14.521432022669325,14.339914122385958,14.460926055908203,3096800
1997-06-04,14.400416894210013,14.46092284754703,14.339910940872995,14.370163917541504,2319600
1997-06-05,14.430672313593611,14.551684240751628,14.339913368225098,14.339913368225098,3969800
1997-06-06,14.430670559778035,14.672694384679973,14.430670559778035,14.551682472229004,4757000
1997-06-09,14.551681949932725,14.944970651282258,14.551681949932725,14.914717674255371,4966000
1997-06-10,15.035736197654646,15.035736197654646,14.914724236305315,14.97523021697998,4160800
1997-06-11,15.005476770568967,15.580283340409311,15.005476770568967,15.459271430969238,8397800
1997-06-12,15.550029336041167,15.852559089660645,15.459270409955323,15.852559089660645,5964000
1997-06-13,15.85256774097737,16.094591675954124,15.85256774097737,16.06433868408203,5525800
1997-06-16,16.06432775461449,16.094580725903782,15.943315869457317,16.034074783325195,4070200
1997-06-17,15.913072927181538,15.943325917537397,15.640796013978813,15.731554985046387,5508800
1997-06-18,15.701292709617764,15.852557571945487,15.48952190235895,15.550027847290039,4106600
1997-06-19,15.671041155042756,15.943317931867824,15.610535204637186,15.913064956665039,4629800
1997-06-20,15.882807664672157,16.034072499573796,15.85255469769183,15.943313598632812,7222200
1997-06-23,15.882821381092072,15.943327367305756,15.459279477596283,15.489532470703125,3036200
1997-06-24,15.625670301936664,16.06433868408203,15.459278846640146,16.06433868408203,6229800
1997-06-25,16.00383398836891,16.094592971289718,15.489533085151006,15.776936531066895,5539000
1997-06-26,15.776927693249428,15.852560136649473,15.156741657369057,15.459271430969238,6334600
1997-06-27,15.58028793334961,15.822311823576399,15.368517029401168,15.58028793334961,3657000
1997-06-30,15.701299878463004,15.701299878463004,15.308011056844471,15.58028793334961,5272000
1997-07-01,15.58027971853124,15.655912144349353,15.262623530095167,15.277750015258789,4361000
1997-07-02,15.338258483961885,15.383637946932186,15.171867119737447,15.353384971618652,5441600
1997-07-03,15.610538842963615,15.655918316344325,15.444147440567686,15.534906387329102,3349000
1997-07-07,15.70129159794811,15.943315360536907,15.550026746330113,15.671038627624512,4774600
1997-07-08,15.731547188212854,15.882812065022593,15.625661774446037,15.852559089660645,3782400
1997-07-09,15.867692338121767,15.882818832247718,15.187000102454009,15.413897514343262,5080600
1997-07-10,15.35338654546795,15.368513034675308,14.733200487966288,15.096236228942871,9642200
1997-07-11,15.081113500566737,15.353390374197831,15.005481035669211,15.2626314163208,4690400
1997-07-14,15.353387062694015,15.474398980429536,15.202122165524617,15.232375144958496,3991800
1997-07-15,15.58028461479465,15.58028461479465,14.899592568517214,14.944972038269043,7655800
1997-07-16,14.990350462736622,15.186994817949111,14.960097485011625,15.005476951599121,6196600
1997-07-17,15.126489207357587,15.338260056260593,15.03573027211344,15.096236228942871,5756600
1997-07-18,15.126483834049784,15.141610317883833,14.566803932189941,14.566803932189941,7189800
1997-07-21,14.581938801538563,14.899595144725607,14.521432831407697,14.687824249267578,4596400
1997-07-22,14.960098330053578,15.232375144958496,14.793706943167239,15.232375144958496,4798000
1997-07-23,15.474406156711236,15.474406156711236,15.156749725341797,15.156749725341797,4941000
1997-07-24,15.217254139678646,15.217254139678646,14.70295330394398,14.97523021697998,6275600
1997-07-25,15.005478788269352,15.09623773255324,14.672695992561765,14.899593353271484,5556400
1997-07-28,14.763458204712292,14.854217169085523,14.64244625221465,14.657572746276855,5537600
1997-07-29,14.597062786379514,14.808833645456522,14.551683316577298,14.778580665588379,5373200
1997-07-30,14.960097139795701,14.975223628309145,14.854211720201597,14.914717674255371,4292400
1997-07-31,15.065983340533926,15.14161578702255,14.854212490365779,15.035730361938477,5294400
1997-08-01,15.005478014599458,15.111363444137963,14.687821725983946,14.778580665588379,4628000
1997-08-04,14.808835128392928,14.914720568534655,14.672696705353564,14.748329162597656,4034600
1997-08-05,14.793708440367348,14.960099844093362,14.793708440367348,14.869340896606445,3413400
1997-08-06,14.899596157801678,15.126493561219977,14.823963689995578,15.065987586975098,3748600
1997-08-07,15.05086007005277,15.111366040183636,14.642444771669428,14.687824249267578,5709000
1997-08-08,14.536553621040882,14.581933080836015,14.234023889073331,14.355035781860352,8754800
1997-08-11,14.400423350441494,14.415549845557504,13.901249011613166,14.113019943237305,8812600
1997-08-12,14.430673729713266,14.445800222092421,13.870993511684555,13.931499481201172,6219600
1997-08-13,14.218902065615534,14.218902065615534,13.704601352603907,13.810486793518066,10054400
1997-08-14,13.916373576148082,14.294535901586888,13.870994097095425,14.279409408569336,9217600
1997-08-15,14.074733762836775,14.08991686290456,13.588874560667652,13.619240760803223,7992000
1997-08-18,13.847000089220389,14.135479257745814,13.604070263093716,14.10511302947998,7687600
1997-08-19,14.332853998744715,14.408769538992303,14.150656702150503,14.36322021484375,6258600
1997-08-20,14.48468173888648,14.545414157078875,14.256935170664994,14.469498634338379,5399800
1997-08-21,14.575783727536999,14.590966835586515,14.256938458497126,14.36322021484375,4495400
1997-08-22,14.074735982730365,14.30248251966775,13.96845426549292,14.256933212280273,5376400
1997-08-25,14.25693374794799,14.43913098434349,13.968454790321779,14.029187202453613,3843800
1997-08-26,13.862172818835315,14.074736257459296,13.862172818835315,13.892539024353027,4302800
1997-08-27,13.862169738473565,14.150648626787909,13.846986639088598,14.089916229248047,5399200
1997-08-28,13.877364438876771,14.014012447574682,13.695167093946223,13.84699821472168,6613600
1997-08-29,13.877359859209998,13.907726073343936,13.664796360272426,13.771078109741211,4463800
1997-09-02,13.786264623768579,14.211391726704175,13.786264623768579,14.181025505065918,6678000
1997-09-03,14.196207191566048,14.27212273804501,14.044376098608122,14.074742317199707,5101800
1997-09-04,14.089919085192857,14.363214929517719,14.089919085192857,14.256933212280273,4028400
1997-09-05,14.317668263630202,14.46949931626679,13.983639947829708,14.120287895202637,4904200
1997-09-08,14.211390793841819,14.27212323313174,13.968461036682129,13.968461036682129,4027400
1997-09-09,13.938093931419232,14.074741911139029,13.801445951699435,14.014009475708008,6465000
1997-09-10,14.014005016034119,14.029188120060159,13.63442741538314,13.64961051940918,4962400
1997-09-11,13.57369549858649,13.877357590277462,13.391498243571906,13.755892753601074,7304400
1997-09-12,13.892545487569727,14.029193475972052,13.664798840232518,13.968461036682129,7144400
1997-09-15,14.044374465942383,14.135473111126874,14.014008250880886,14.044374465942383,5232200
1997-09-16,14.22656830320967,14.302483822437042,14.135469680136822,14.272117614746094,5003800
1997-09-17,14.317670401495857,14.317670401495857,13.98364203581939,14.044374465942383,5293400
1997-09-18,14.15065202671728,14.423947881310532,14.029187202453613,14.029187202453613,5844000
1997-09-19,13.877362747436393,14.272123613337211,13.86217963720944,14.2417573928833,8213200
1997-09-22,14.393584021888827,14.712429237563581,14.287302283330577,14.636513710021973,5870600
1997-09-23,14.575784417647348,14.636516852720879,14.332854677353227,14.393587112426758,5450800
1997-09-24,14.348039164471983,14.469504046287618,14.150658731521574,14.2417573928833,4913800
1997-09-25,14.150659662633974,14.165842773859975,13.938096105469944,13.98364543914795,6897800
1997-09-26,14.22657362344208,14.22657362344208,13.93809454249715,13.99882698059082,6176600
1997-09-29,13.968451434168323,14.165831726172875,13.953268334783358,14.089916229248047,4831800
1997-09-30,14.165840564285558,14.165840564285558,13.968460149134742,14.014009475708008,5560600
1997-10-01,14.12029321971259,14.135476330701527,13.892546554878516,14.059560775756836,5220400
1997-10-02,14.089923121758689,14.226571083068848,13.998824480885249,14.226571083068848,4362600
1997-10-03,14.606145960729826,14.636512168548391,14.439131817727718,14.484681129455566,8844200
1997-10-06,14.6668784581008,14.697244666088586,14.515047418161869,14.530230522155762,3950000
1997-10-07,14.682067899200005,14.940180778503418,14.49987057263289,14.940180778503418,5335600
1997-10-08,14.98572158715764,15.092003300541737,14.66687644700535,14.818707466125488,6110000
1997-10-09,14.697248458862305,14.757980890510497,14.51505116391773,14.697248458862305,3679400
1997-10-10,14.651687162599753,14.666870258105037,14.484673112041621,14.590954780578613,2722800
1997-10-13,14.71242938975698,14.818711129414668,14.697246284091596,14.727612495422363,2149200
1997-10-14,14.788344841831842,14.833894158593132,14.378400990980241,14.682063102722168,7120600
1997-10-15,14.590962426035029,14.590962426035029,14.378398977580824,14.423948287963867,5728400
1997-10-16,14.439133416315553,14.590964472217925,14.241753043642468,14.302485466003418,5738600
1997-10-17,14.241756649773732,14.317672196947365,13.892545132775016,14.165841102600098,4812000
1997-10-20,14.181025074700177,14.348039288642042,13.998827750399961,14.332856178283691,4741600
1997-10-21,14.363216378222937,14.6668784581008,14.348033274229044,14.530230522155762,5233600
1997-10-22,14.63651773653637,14.682067065591982,14.439137310628722,14.560602188110352,3898400
1997-10-23,14.21138858795166,14.439135199938065,14.074740620759817,14.21138858795166,6123600
1997-10-24,14.43913707242518,14.43913707242518,13.892545132775016,14.165841102600098,5835200
1997-10-27,13.983638938990506,14.014005147327076,13.36113166809082,13.36113166809082,7043000
1997-10-28,13.118208238056727,14.089927366801671,12.875278455870493,13.6040678024292,11948600
1997-10-29,13.90772847064997,14.089925786859359,13.740714264124698,13.877362251281738,7258000
1997-10-30,13.75589493101677,13.983641535834929,13.725528717041016,13.725528717041016,6313400
1997-10-31,13.92291007737968,14.04437494174068,13.634431024522303,13.938093185424805,5072800
1997-11-03,14.196208185058529,14.393588619717097,14.135475743625124,14.332856178283691,4459000
1997-11-04,14.439128888619912,14.65169230022946,14.363213384473646,14.6061429977417,5477800
1997-11-05,14.606140487290617,14.666872880169164,14.575774290851344,14.621323585510254,4626600
1997-11-06,14.575774290851344,14.651689781949528,14.54540809441207,14.621323585510254,4270000
1997-11-07,14.363216378222937,14.530230522155762,14.28730085825347,14.530230522155762,6026400
1997-11-10,14.575781058266525,14.666879689880691,14.484682426652359,14.499865531921387,4524200
1997-11-11,14.606148256236924,14.849077956964358,14.590965149941459,14.712430000305176,3733200
1997-11-12,14.575786386363255,14.636518829639769,14.135476172608533,14.181025505065918,4750800
1997-11-13,14.332855542832295,14.621334626851166,14.256939994406277,14.560602188110352,5564600
1997-11-14,14.690440065158393,15.254284756455966,14.659961973736902,15.20856761932373,8696200
1997-11-17,15.360961808829472,15.635264698272856,15.315244660588908,15.467635154724121,7098200
1997-11-18,15.467631419499714,15.650499968301682,15.284762870697747,15.360958099365234,4949400
1997-11-19,15.254276655216028,15.551437888759198,15.239037617598429,15.391427993774414,3873600
1997-11-20,15.543821015710495,15.78764565909419,15.513342935287534,15.665733337402344,5179200
1997-11-21,15.818128303109281,15.84860639232529,15.528586455557184,15.833367347717285,5232400
1997-11-24,15.772404294264943,15.84859948409231,15.52857968681737,15.635252952575684,4449600
1997-11-25,15.604781150817871,15.81812776811421,15.543824974447489,15.604781150817871,4344000
1997-11-26,15.543819362834348,15.589536478607391,15.28475570678711,15.28475570678711,4678000
1997-11-28,15.48286978940386,15.513347879540483,15.345718383789062,15.345718383789062,1688400
1997-12-01,15.452394209046295,15.802892302545374,15.391438018872543,15.772414207458496,4625600
1997-12-02,15.69621753692627,15.80289085999276,15.604783260012136,15.69621753692627,4624000
1997-12-03,15.696219825005347,15.787654115248095,15.589546486388805,15.72669792175293,4865600
1997-12-04,15.83336895229747,15.97052036766867,15.604783260012136,15.69621753692627,6497800
1997-12-05,15.589548072558921,15.940046220817822,15.559069972710322,15.894329071044922,4725200
1997-12-08,15.894329071044922,15.955285270742122,15.772416671650522,15.894329071044922,4693200
1997-12-09,15.863855654459734,16.13815863407575,15.818138491190396,15.848616600036621,6041800
1997-12-10,15.863846339962699,16.13814915852113,15.787651112585356,16.092432022094727,6046400
1997-12-11,16.046719570287923,16.046719570287923,15.818133821423421,15.894329071044922,5457200
1997-12-12,15.909562032669783,15.940040120854974,15.589542106725276,15.604781150817871,3688200
1997-12-15,15.62003078368994,15.970529035421519,15.62003078368994,15.848616600036621,3462600
1997-12-16,15.909558017858478,15.970514178846441,15.802884736129542,15.924797058105469,3184600
1997-12-17,15.955275174588134,16.19909981908996,15.924797094025406,16.183860778808594,4597200
1997-12-18,16.336255921951736,16.336255921951736,16.000996938478846,16.290538787841797,6020000
1997-12-19,16.107668034535536,16.275297503201468,15.81812622502165,16.153385162353516,7120000
1997-12-22,16.21433542288986,16.351486756354152,15.970510830064448,16.321008682250977,4044200
1997-12-23,16.32101258536838,16.412446829544113,16.092426974929044,16.107666015625,3390200
1997-12-24,16.13814087353797,16.153379911190036,15.833360120496648,15.863838195800781,2102000
1997-12-26,15.955281913625022,15.970520960342906,15.802891446446177,15.818130493164062,1239200
1997-12-29,15.909558017858478,15.95527513859945,15.818123776376533,15.924797058105469,4094800
1997-12-30,15.970516651081589,16.153385162353516,15.909560480657614,16.153385162353516,2566000
1997-12-31,16.092426857414463,16.1838611009225,16.016231654491097,16.061948776245117,2581200
1998-01-02,15.863838195800781,15.894316271104913,15.757164932236318,15.863838195800781,4656400
1998-01-05,15.924811872152182,15.955289980998407,15.711465110228612,15.848616600036621,5308200
1998-01-06,15.757171591743827,15.772410635836422,15.452390709891915,15.604781150817871,4971400
1998-01-07,15.482868836511727,15.757171630859375,15.482868836511727,15.757171630859375,3768200
1998-01-08,15.833365382017643,16.046711980042904,15.741931125721102,15.940038681030273,6087800
1998-01-09,15.848605895641924,16.077191557598297,15.650498321946401,15.757171630859375,6919200
1998-01-12,15.498110441235005,16.13815040046005,15.48287139458679,16.077194213867188,7726800
1998-01-13,16.09242653712041,16.260055980215416,16.01623133571359,16.183860778808594,6294600
1998-01-14,16.15339544482697,16.290546915584937,16.077200183294767,16.214351654052734,4987000
1998-01-15,16.1229086602789,16.183864836688272,15.97051821925547,16.0162353515625,4463200
1998-01-16,16.107668904800697,16.701991598544524,16.092429861371368,16.519123077392578,7342400
1998-01-20,16.56483237435949,16.930569243710572,16.351485867238022,16.90009117126465,6008400
1998-01-21,16.74770125642829,16.778179329688395,16.35148630404691,16.610549926757812,5605600
1998-01-22,16.458165335389317,16.580077671207018,16.260057789685558,16.39720916748047,4411200
1998-01-23,16.381967981285023,16.45816318119798,16.244816621441707,16.30577278137207,3495600
1998-01-26,16.32101138625034,16.564836019471635,16.27529426752135,16.381967544555664,2894800
1998-01-27,16.36672929793845,16.701988184860838,16.351490257623794,16.44292449951172,4479400
1998-01-28,16.53435838111093,16.625792621006475,16.2600556614243,16.30577278137207,4496000
1998-01-29,16.244816621441707,16.397207021267615,16.12290430158098,16.30577278137207,4947800
1998-01-30,16.321008682250977,16.473399052766858,16.18385734878668,16.321008682250977,3965400
1998-02-02,16.701987783655483,16.869617223089982,16.701987783655483,16.778182983398438,4673800
1998-02-03,16.778180899379922,16.945810317993164,16.65626859493393,16.945810317993164,4734800
1998-02-04,16.88486518859863,16.88486518859863,16.70199661254883,16.76295280456543,4204600
1998-02-05,16.869614069777693,16.930570218177976,16.64102851327664,16.793418884277344,3665400
1998-02-06,16.90008831536898,17.037239618198846,16.854371214425694,17.00676155090332,3477400
1998-02-09,17.022004440778396,17.022004440778396,16.686745624576854,16.793418884277344,3942400
1998-02-10,16.808654113482405,17.067717685494372,16.808654113482405,17.00676155090332,3603400
1998-02-11,17.037244977666756,17.05248401610832,16.86961555480957,16.86961555480957,2963800
1998-02-12,16.92344316446556,17.04574447008049,16.755278869245036,17.015169143676758,3539400
1998-02-13,16.648250389962175,16.954003381513363,16.648250389962175,16.892852783203125,3318400
1998-02-17,16.999874114990234,17.06102474130315,16.81642223605149,16.999874114990234,4246800
1998-02-18,17.06102066851677,17.24447250366211,17.045733015587988,17.24447250366211,4723000
1998-02-19,17.244462721953887,17.259750366210938,17.09158627938337,17.259750366210938,3663800
1998-02-20,17.259756181837723,17.259756181837723,16.846989647816805,17.137454986572266,4727800
1998-02-23,17.24447027842204,17.657236854235332,17.122169070773655,17.611373901367188,5591000
1998-02-24,17.51965663616474,18.039437025021282,17.397355368198493,17.886560440063477,7167800
1998-02-25,18.00885329904781,18.268743372124053,17.993565647690385,18.16172981262207,5131000
1998-02-26,18.329893469610134,18.406331724279067,18.085291054669547,18.192304611206055,4805000
1998-02-27,18.222879703958235,18.467482116091904,18.207592053199882,18.436906814575195,4615400
1998-03-02,18.391046391681684,18.482772308847178,18.22288221021161,18.284032821655273,3179000
1998-03-03,18.314611063707595,18.406336995579252,18.146446855276224,18.222885131835938,4340800
1998-03-04,18.115868751350266,18.146444057259718,17.68781446861794,17.932416915893555,3822600
1998-03-05,17.855977226706113,17.917127833646887,17.55022419200224,17.67252540588379,4638800
1998-03-06,17.703101753583415,18.10058072214401,17.672526448309522,18.070005416870117,4576000
1998-03-09,18.10057375103662,18.207587278280926,18.0088478705415,18.14643669128418,3363800
1998-03-10,18.2381783358256,18.421630255381267,18.2381783358256,18.345191955566406,3609800
1998-03-11,18.406336830672902,18.589788692772633,18.37576152032295,18.574501037597656,3710600
1998-03-12,18.543925471996005,18.58978843688965,18.482774852137815,18.58978843688965,2766600
1998-03-13,18.58979205799579,18.696805663592805,18.314614215032037,18.375764846801758,3297000
1998-03-16,18.406329701062237,18.46748029807573,18.22287791002175,18.314603805541992,3786200
1998-03-17,18.3604736328125,18.421624252738603,18.253460047941818,18.3604736328125,2907400
1998-03-18,18.498061633448653,18.498061633448653,18.20759620284078,18.2993221282959,3528400
1998-03-19,18.23817278714788,18.29932340839565,18.08529623402845,18.222885131835938,3008400
1998-03-20,18.360472735792104,18.528636932373047,18.19230853921116,18.528636932373047,5433000
1998-03-23,18.360463745772787,18.375751392521973,18.131149044534993,18.14643669128418,4086000
1998-03-24,18.192306637965686,18.253457248513467,18.02414245895928,18.070005416870117,3437800
1998-03-25,18.100589325446332,18.13116464525283,17.38206930999365,17.9018497467041,5337800
1998-03-26,17.871259267844728,17.962985149458987,17.77953338623047,17.77953338623047,3186000
1998-03-27,18.054711950408826,18.054711950408826,17.41263074641461,17.48906898498535,4042800
1998-03-30,17.550234102018003,17.764261347164563,17.504371120915167,17.53494644165039,3404200
1998-03-31,17.825406627249208,18.039433808022356,17.718393036862636,17.962995529174805,3932000
1998-04-01,17.932414756722913,17.978277710064916,17.6878123388989,17.947702407836914,4665800
1998-04-02,18.207609098465717,18.681526715638206,18.177033768325554,18.650951385498047,7043200
1998-04-03,18.712087507371777,18.956689958448532,18.48277270948732,18.834388732910156,5501600
1998-04-06,18.956699136635432,18.956699136635432,18.513356979407668,18.635658264160156,4143400
1998-04-07,18.528640905487972,18.54392856300075,18.253463070257954,18.406339645385742,3688800
1998-04-08,18.46748516416024,18.48277281744183,17.978280259149372,18.02414321899414,3447400
1998-04-09,18.222889205971054,18.329902817079944,18.07001261867264,18.20760154724121,2344800
1998-04-13,18.177021417779436,18.177021417779436,17.825405360076388,18.039432525634766,2845800
1998-04-14,18.039437457469905,18.039437457469905,17.641958327051075,17.748971939086914,4210400
1998-04-15,17.70310158875311,17.718389241247717,17.229184361420344,17.504362106323242,6911200
1998-04-16,17.305615527289255,17.336190819740295,17.076300833906448,17.122163772583008,8525000
1998-04-17,17.229191537769985,17.7948349156737,17.183328561183195,17.748971939086914,5999200
1998-04-20,17.687810841040935,17.687810841040935,17.336194895194833,17.45849609375,4665400
1998-04-21,17.152747471003988,17.62666473624563,17.137459817286516,17.30562400817871,5935800
1998-04-22,17.27504429591725,17.48907139338879,17.24446899627846,17.45849609375,3849600
1998-04-23,17.183314711959273,17.58079352202239,17.152739418877495,17.336191177368164,4364200
1998-04-24,17.320900697623735,17.382051273784807,17.10687368105998,17.27503776550293,4159800
1998-04-27,17.09159673055013,17.229185612996417,16.709405390421548,16.969295501708984,5274400
1998-04-28,17.06101718156234,17.091592481170874,16.648250636847123,16.877565383911133,4838200
1998-04-29,17.061012578204394,17.106875515242578,16.81641024733408,16.923423767089844,3992200
1998-04-30,17.091590144417502,17.611370166698535,17.03043955356091,17.48906898498535,5109600
1998-05-01,17.733686588114114,17.733686588114114,17.152755475744858,17.16804313659668,4040200
1998-05-04,17.229185739591347,17.48907585278838,17.229185739591347,17.30562400817871,2923400
1998-05-05,17.305625542865975,17.351488508085588,17.12217368198754,17.213899612426758,2734600
1998-05-06,17.336195547587167,17.336195547587167,16.93871663732503,16.954004287719727,3012800
1998-05-07,16.954018490869295,17.168045775695415,16.908155501263696,17.015169143676758,3683000
1998-05-08,17.0457323992818,17.473786665810852,17.0457323992818,17.397348403930664,3497200
1998-05-11,17.550227119323402,17.70310366217465,17.07630983648453,17.152748107910156,4118600
1998-05-12,17.137451772336608,17.412629410072608,17.10687647925483,17.336191177368164,2880600
1998-05-13,17.473792710522314,17.733682890818795,17.427929737528817,17.718395233154297,3316400
1998-05-14,17.657230377197266,17.779531539983047,17.489066278366817,17.657230377197266,3451200
1998-05-15,17.641896591728578,17.718600489953484,17.273717880249023,17.273717880249023,3321000
1998-05-18,17.48849479245468,17.6419026415113,17.212360664152765,17.42713165283203,2617200
1998-05-19,17.42712388852336,17.641894781515727,17.197012217460113,17.350419998168945,2868200
1998-05-20,17.41179282880855,17.50383754860842,17.10497709614232,17.473155975341797,3975000
1998-05-21,17.56520062081089,17.672586126789646,17.31974803571659,17.411792755126953,4132600
1998-05-22,17.411783029001654,17.534509252994617,17.21235291501309,17.304397583007812,2516800
1998-05-26,17.473153638072006,17.48849442265328,17.089634023540135,17.150997161865234,3565800
1998-05-27,16.936227930654393,17.089635792345103,16.7214569242874,17.04361343383789,5031600
1998-05-28,17.104965354715073,17.30439544405256,17.074283802509306,17.181669235229492,4040000
1998-05-29,17.335084354176242,17.350425136790555,16.95156478881836,16.95156478881836,3420200
1998-06-01,17.151004583751302,17.335094078389062,16.6907808471569,16.9208927154541,4206200
1998-06-02,17.043613127268614,17.1356578426274,16.75213819529912,16.798160552978516,4189400
1998-06-03,16.84418076518717,16.95156625276122,16.52202430246501,16.629409790039062,3912400
1998-06-04,16.660086296700143,17.2123543507344,16.46065616607666,17.02826499938965,4098200
1998-06-05,17.16633100442953,17.549850463867188,17.028263999031974,17.549850463867188,3963400
1998-06-08,17.54985592306292,17.595878272511513,17.258381043221842,17.365766525268555,3892800
1998-06-09,17.442469013740162,17.733943869730545,17.35042432237478,17.68792152404785,4566200
1998-06-10,17.718607145317634,18.148149136719276,17.703266359910433,17.87201499938965,6280000
1998-06-11,17.97939093117035,18.025413262905428,17.749279272494963,17.887346267700195,3661000
1998-06-12,17.918027877807617,17.979390986978192,17.62655310924739,17.918027877807617,3910000
1998-06-15,17.74928439352433,17.918032991907015,17.51917266845703,17.51917266845703,3300800
1998-06-16,17.764620104881182,17.96405020968555,17.319737563394522,17.918027877807617,4123200
1998-06-17,18.04075842192679,18.2248477935791,17.964054517071656,18.2248477935791,4907600
1998-06-18,18.27087037591186,18.40893740646031,18.178825688879556,18.37825584411621,3078600
1998-06-19,18.45496382752726,18.577690104019542,18.362919120158047,18.562349319458008,6771200
1998-06-22,18.516322826462048,18.577685950990507,18.34757423400879,18.34757423400879,3760600
1998-06-23,18.362911887722984,18.77711290774681,18.362911887722984,18.746431350708008,4946600
1998-06-24,18.761780203730346,19.1146182615274,18.623713137635846,19.08393669128418,4457600
1998-06-25,19.068591792635758,19.068591792635758,18.82313928363964,18.884502410888672,3167600
1998-06-26,18.899843192700928,19.0532510108235,18.746435374578358,18.884502410888672,2151800
1998-06-29,18.99188215701611,19.114608374508943,18.792452053590253,18.899837493896484,2880600
1998-06-30,18.424281717957676,18.50098563851537,18.08678446750383,18.163488388061523,8104200
1998-07-01,18.102121157857745,18.102121157857745,17.7953055450127,17.979394912719727,5355400
1998-07-02,18.16348445203165,18.30155147911635,18.01007664415976,18.086780548095703,3186000
1998-07-06,17.67257895988504,17.918031445439,17.54985271710806,17.764623641967773,5952600
1998-07-07,17.718603984708057,18.393598422220748,17.718603984708057,18.30155372619629,5146200
1998-07-08,18.28622017526749,18.30156096400513,17.73395178071243,17.933382034301758,6088000
1998-07-09,17.918035314657033,17.97939844929627,17.703264343419704,17.77996826171875,4437000
1998-07-10,17.795306927224864,17.856670054560123,17.44246894504713,17.64189910888672,5714200
1998-07-13,17.641897176637976,17.657237956791572,17.381103914026806,17.626556396484375,4828600
1998-07-14,17.764624364448316,18.316892479405258,17.74928358347729,18.2248477935791,6041400
1998-07-15,19.00723799527968,19.00723799527968,18.608377472376315,18.62371826171875,6988200
1998-07-16,18.700418823562647,18.991893768310547,18.547010957905858,18.991893768310547,5260600
1998-07-17,18.961204651764188,19.114612456390113,18.823137627600858,19.03790855407715,3972600
1998-07-20,19.083932644737406,19.237340463425003,18.731094661755925,18.930524826049805,4044200
1998-07-21,18.86917098623807,18.930534143916894,18.577695987263663,18.715763092041016,5315200
1998-07-22,18.715754062081306,19.221999868678587,18.63905015199081,19.053251266479492,5993200
1998-07-23,18.884511454900107,19.191327238082884,18.34758383433024,18.408946990966797,3926200
1998-07-24,18.470299290248324,18.83847801364198,18.24018758812729,18.792455673217773,4402400
1998-07-27,18.608362727351004,19.007222934202716,18.56234039579119,18.899837493896484,4189800
1998-07-28,19.03791223904382,19.206660856795214,18.623711086381302,18.94586753845215,6642800
1998-07-29,19.053253450431672,19.36006912596197,18.991890315325612,19.252683639526367,4745800
1998-07-30,19.329382198063406,19.482789993286133,19.221996741407498,19.482789993286133,4183000
1998-07-31,19.48280086023522,19.48280086023522,18.777124608604655,18.961214065551758,3167000
1998-08-03,18.945868933496396,18.991891287181,18.562349319458008,18.562349319458008,3215200
1998-08-04,18.71575842098314,18.82314392011993,17.99474149820756,18.04076385498047,4330000
1998-08-05,18.05610133529803,18.45496168764956,17.856671159122268,18.393598556518555,4626000
1998-08-06,18.24019092597709,18.639051282642694,18.17882779418238,18.531665802001953,3075600
1998-08-07,18.347576558933337,18.715755352758087,18.194168728173025,18.63905143737793,3349400
1998-08-10,18.4702906889074,18.66972073787401,18.209497547951067,18.25551986694336,3059600
1998-08-11,17.749287217049986,18.240192308619214,17.70326486471537,18.163488388061523,4185000
1998-08-12,18.24019454936997,18.65439577126483,17.918038043451745,18.424283981323242,4364200
1998-08-13,18.424282299016568,18.807801913900345,18.424282299016568,18.59303092956543,3069000
1998-08-14,18.68538808822632,18.823912382125854,18.392947912216187,18.469905853271484,3447800
1998-08-17,18.377550039345966,18.839297527771745,18.315983707555862,18.82390594482422,4211200
1998-08-18,18.83929463387318,18.870077795039638,18.577637763958275,18.76233673095703,3324200
1998-08-19,18.823900142716774,18.854683299123504,18.59302646966628,18.700767517089844,3074200
1998-08-20,18.23902080390627,18.716159744767953,18.23902080390627,18.593027114868164,4438200
1998-08-21,18.408322176126813,18.79311151927328,17.854225521995907,18.746936798095703,4772000
1998-08-24,18.962427804129465,18.97781938513931,18.639204602922714,18.854686737060547,3543000
1998-08-25,19.039386855928523,19.162519511423614,18.48528990620061,18.716163635253906,4218000
1998-08-26,18.469889571027057,19.070160982085437,18.469889571027057,18.931636810302734,5031000
1998-08-27,18.66998989946844,18.83929730993353,18.13128450253407,18.208242416381836,5208600
1998-08-28,18.100490965357125,18.562238183861133,17.854225782154987,18.269798278808594,5159600
1998-08-31,18.285196532373842,18.377546009810075,16.96152068912119,16.9923038482666,8198000
1998-09-01,17.02308608666191,17.97736396855435,16.7768208268187,17.823448181152344,7898600
1998-09-02,17.977367607766148,18.269807663029468,17.82345178920651,17.900409698486328,5577800
1998-09-03,17.638753247778485,18.63920609342037,17.546403754334616,18.439115524291992,7400600
1998-09-04,18.639195782014692,18.76232837182156,18.423713749852674,18.746936798095703,6780800
1998-09-08,19.08556306163942,19.501135805723504,18.79312298246914,19.4395694732666,7072000
1998-09-09,19.085553466398604,19.377993398545033,18.74693880812379,18.870071411132812,5821000
1998-09-10,18.485285609221656,18.85468348983891,18.285195090553977,18.623809814453125,4961800
1998-09-11,18.516071698864625,18.9624275419794,18.43911379487932,18.80851173400879,4563600
1998-09-14,19.085550670382343,19.639647302748283,19.085550670382343,19.45494842529297,5672400
1998-09-15,19.331822086086838,19.454954710838983,19.16251472705264,19.22408103942871,3914600
1998-09-16,19.162510429940575,19.177902004583096,18.593022168167238,18.931636810302734,4852200
1998-09-17,18.50068809008989,18.91626095068259,18.469904915231172,18.77773666381836,4254400
1998-09-18,18.9162456857265,18.93163726073523,18.577631035534488,18.900854110717773,5869600
1998-09-21,18.485299020982147,19.562710287817076,18.408341073351078,19.53192710876465,5379200
1998-09-22,19.470348487646817,19.50113164731108,19.039384252347123,19.2702579498291,4522600
1998-09-23,19.377993734496304,19.562692642211914,19.254861129352562,19.562692642211914,6593800
1998-09-24,19.454956975058902,19.562698034256226,19.208691696893602,19.393390655517578,4337200
1998-09-25,19.085559645809802,19.454957574438378,19.054776485090756,19.162517547607422,4117400
1998-09-28,19.37800580561161,19.793578606843948,19.347222635149958,19.701229095458984,5767400
1998-09-29,19.67045141450057,19.778192541184062,19.285661676345235,19.53192710876465,5917800
1998-09-30,19.40878216831829,19.90131272294651,19.2702579498291,19.2702579498291,4955400
1998-10-01,18.993210703573524,19.116343349950014,18.485288537270502,18.80851173400879,6113600
1998-10-02,18.469888696407768,19.31642526165979,18.023533052911247,18.993202209472656,7087200
1998-10-05,18.962421192136176,19.79356627685643,18.608414952347918,19.562692642211914,7817400
1998-10-06,19.70121828665063,19.747393017009966,19.131729945552134,19.593477249145508,6776000
1998-10-07,19.59347977017624,19.639654506476734,18.77772609553418,19.039382934570312,7452800
1998-10-08,18.700766064171347,18.823898680231736,17.88501248277128,18.66998291015625,8938200
1998-10-09,18.70077205331702,18.716163635253906,18.146675103589107,18.716163635253906,5371400
1998-10-12,19.023996523142056,19.116346020827212,18.82390594482422,18.82390594482422,4333200
1998-10-13,18.793124525493365,19.25487205683227,18.716166603603547,19.147130966186523,5038800
1998-10-14,18.99321110446315,19.885922809535163,18.947036361097357,19.670440673828125,6885200
1998-10-15,19.53191582770643,20.378452762713408,19.501132666433453,20.34766960144043,7133200
1998-10-16,20.347665869920775,20.47079849243164,19.870526957691165,20.47079849243164,7349600
1998-10-19,20.316888600475384,20.74785290412183,20.301497018202294,20.39384651184082,5315200
1998-10-20,20.6401070022583,20.6401070022583,19.824353332519532,20.009052276611328,6088800
1998-10-21,19.947486611917235,20.13218556202758,19.62426344922413,19.90131187438965,5128400
1998-10-22,19.885918535505024,20.516973225873215,19.732002757366438,20.47079849243164,3903400
1998-10-23,20.378452426284106,20.855591418138193,20.332277685136937,20.624717712402344,4647800
1998-10-26,20.593927520077404,20.609319095204516,20.19374656677246,20.19374656677246,3772800
1998-10-27,20.409229252256196,20.409229252256196,19.885915681685525,20.08600616455078,4346400
1998-10-28,20.178360299555166,20.409233987193097,19.885920295213786,19.90131187438965,3260000
1998-10-29,19.901312797673736,20.3014938748118,19.824354898224108,20.286102294921875,2936400
1998-10-30,20.42462591013294,20.42462591013294,20.024444844825137,20.070619583129883,4187800
1998-11-02,20.055223013340743,20.37844610104616,19.885915681685525,20.08600616455078,3391600
1998-11-03,20.23992347717285,20.47079712900372,19.962875094975807,20.23992347717285,3406800
1998-11-04,20.45540573615154,20.65549623620419,19.855134235993596,20.162965774536133,4135600
1998-11-05,20.009055425852605,20.25532072340156,19.88592277707813,20.116796493530273,3996200
1998-11-06,19.96288165420544,20.25532170927861,19.901315326821614,20.178363800048828,3620400
1998-11-09,20.316881361116476,20.47079712900372,20.13218243965178,20.23992347717285,3835600
1998-11-10,20.37844360992592,20.747841379290136,20.332268888755394,20.5169677734375,3944800
1998-11-11,20.51698159347523,20.563156345748617,20.27071624801716,20.48619842529297,2549200
1998-11-12,20.440019066822607,20.90176648550083,20.440019066822607,20.794025421142578,3360000
1998-11-13,20.948400029755767,20.994711894228328,20.716840707392954,20.902088165283203,2829200
1998-11-16,20.96383380610223,21.102769376245764,20.716837236958167,21.05645751953125,3355200
1998-11-17,21.102770339055688,21.288017774365613,20.840336472366626,20.963834762573242,3758600
1998-11-18,20.84033473621715,21.226266860961914,20.685961886319248,21.226266860961914,3421000
1998-11-19,21.303450596797003,21.550447125455516,21.25713874767353,21.396074295043945,3427200
1998-11-20,21.612192271800524,21.98268699645996,21.581317711412236,21.98268699645996,3849400
1998-11-23,22.013573711568657,22.16794659874656,21.581329627470534,21.735702514648438,5707400
1998-11-24,21.272579517532304,21.473264229961856,21.041020233959745,21.05645751953125,6009200
1998-11-25,20.747711342865564,20.763148628090914,20.191969074753096,20.454402923583984,10837400
1998-11-27,20.392650433224386,20.423524998603984,20.06846749673861,20.31546401977539,3657800
1998-11-30,20.48527668586144,20.60877496279203,20.068470001220703,20.068470001220703,6394800
1998-12-01,20.02215305522636,20.13021402005796,19.82146840625339,20.006715774536133,5721200
1998-12-02,19.80603045706423,19.944965978586897,19.713406776049123,19.883216857910156,5659600
1998-12-03,19.883216300538834,20.03758909790327,19.636219824755745,19.651657104492188,5081200
1998-12-04,20.19196128845215,20.423520477539903,19.898652982274324,20.19196128845215,9945400
1998-12-07,20.25372412595413,20.31547328487472,20.145663097843094,20.161100387573242,5757200
1998-12-08,19.944965419484607,19.96040269922105,19.420097908445538,19.651657104492188,10314200
1998-12-09,19.74429814841639,19.806047321671798,19.543613335336318,19.72886085510254,6129400
1998-12-10,19.697972595503654,19.697972595503654,19.481850639126655,19.574474334716797,4675000
1998-12-11,19.528165815767125,19.71341323852539,19.420104819158137,19.71341323852539,4713200
1998-12-14,19.69796583051727,19.79058949429713,19.450969393770972,19.481843948364258,3943800
1998-12-15,19.57448188143987,20.053037826490844,19.296610687539303,19.944976806640625,4299800
1998-12-16,20.191969242185216,20.20740652753857,19.72885068158464,19.790599822998047,4882400
1998-12-17,19.88322193622589,20.099343913793565,19.7442863792181,19.759723663330078,3341200
1998-12-18,19.836907506738818,19.85234478884523,19.497287300397765,19.63622283935547,7643400
1998-12-21,18.833486882651723,19.06504614760236,18.818049598321682,18.98785972595215,18981800
1998-12-22,19.08048694164722,19.250297100513013,18.972425931459895,19.01873779296875,7411200
1998-12-23,19.26572315963273,19.466407775878906,19.234848603287166,19.466407775878906,4709400
1998-12-24,19.512721096249077,19.697968448428657,19.48184653755248,19.605344772338867,1591600
1998-12-28,19.728850522274374,19.960409800704824,19.697975951816982,19.89866065979004,3748800
1998-12-29,19.94496745209196,20.763143361504397,19.92953017078229,20.685956954956055,5367600
1998-12-30,20.655085572174617,20.840332976409368,20.562461870057245,20.747709274291992,4288400
1998-12-31,20.794017612667623,20.80945489374607,20.562458396490925,20.71683120727539,3019400
1999-01-04,20.48527590001251,20.716835160374373,20.25371663965065,20.423526763916016,6097600
1999-01-05,20.408095339694654,20.6859665319144,20.13022414747491,20.50071907043457,5740800
1999-01-06,20.500712735312327,20.871207543781825,20.361777182136265,20.747709274291992,6238600
1999-01-07,20.59333944571457,20.608776731655887,20.30003101282958,20.547027587890625,4961800
1999-01-08,20.500718423196144,20.562467575073242,20.00672520817937,20.562467575073242,4780400
1999-01-11,20.269166241747648,20.31547812196489,19.697986385734957,19.806047439575195,4954800
1999-01-12,19.77516237944481,19.960409802203078,19.559040386226837,19.71341323852539,5460000
1999-01-13,19.01873779296875,19.574480131074978,19.01873779296875,19.01873779296875,8938000
1999-01-14,19.713404141587198,19.713404141587198,19.034163904915438,19.281160354614258,5577000
1999-01-15,19.51272711753845,19.790598231554032,19.4818525493145,19.759723663330078,5222800
1999-01-19,19.775160796158797,19.86778450012207,19.667099808201648,19.86778450012207,4471600
1999-01-20,19.867780248324074,20.222837704199332,19.71340744142179,20.006715774536133,4530200
1999-01-21,19.991282925009727,20.06846934556961,19.682537242770195,19.759723663330078,3266000
1999-01-22,19.63622343464262,19.728847130089047,19.26572865285691,19.38922691345215,6520000
1999-01-25,19.389230092366535,19.450979232788086,19.203982671101887,19.450979232788086,4546600
1999-01-26,19.52815834681193,20.54701878229777,19.51272106748639,20.377208709716797,8066800
1999-01-27,20.73227868272585,20.91752614675616,20.500719352687955,20.655092239379883,7807800
1999-01-28,20.716825285492394,20.97925898881085,20.469828858839726,20.932947158813477,5858200
1999-01-29,20.902081188476384,21.31888782960553,20.763145641433336,21.02557945251465,6562400
1999-02-01,20.96383688074159,20.979274168577188,20.593341972687245,20.670528411865234,3622000
1999-02-02,20.562467429902018,20.577904717762305,20.16109794553456,20.485280990600586,4474000
1999-02-03,20.4543962125425,20.994701018156828,20.42352165222168,20.840328216552734,6336200
1999-02-04,20.82489217482452,20.82489217482452,20.40808558570646,20.71683120727539,4926000
1999-02-05,20.871207543781825,20.99470581327166,20.577899153743473,20.747709274291992,3850800
1999-02-08,20.62421100480216,20.948393962212972,20.500712735312327,20.747709274291992,3837800
1999-02-09,20.577899604157256,20.624211456229627,20.330903059771273,20.423526763916016,3263800
1999-02-10,20.42353713272402,20.73228296995341,20.39266254900108,20.70140838623047,3547000
1999-02-11,20.685916218835107,21.165903795769154,20.608498867716712,20.964618682861328,4859200
1999-02-12,20.964618682861328,21.10396991487444,20.732366629506142,20.964618682861328,4523800
1999-02-16,21.243323932994496,21.460092544555664,21.119456154959543,21.460092544555664,6543000
1999-02-17,21.398147477352932,21.444597869850803,21.150412050697614,21.24331283569336,6250800
1999-02-18,21.21235697619903,21.491059476616243,21.18139003170823,21.382675170898438,4897000
1999-02-19,21.413642127792556,21.522026433573142,21.243323932994496,21.460092544555664,3712600
1999-02-22,21.522021208914275,21.83169057882671,21.46008733493179,21.785240173339844,4998800
1999-02-23,21.723308540038627,21.769758950316685,21.460089548462964,21.645891189575195,3257600
1999-02-24,21.552982119012505,21.723300224838034,21.24331283569336,21.24331283569336,3602600
1999-02-25,20.99558828990606,21.057522178666844,20.654951901721745,20.918170928955078,5067200
1999-02-26,20.964615711530517,21.274285072114424,20.685913287004997,21.15041732788086,3607200
1999-03-01,20.9955981686417,21.181399922346493,20.887213812313902,21.165916442871094,3176200
1999-03-02,21.134926174424486,21.212343486418714,20.949124625638333,21.0729923248291,3266600
1999-03-03,21.01106565975175,21.11944993360456,20.7323632412731,20.980098724365234,3516200
1999-03-04,20.99557723285996,21.552981938157128,20.933643376715832,21.537498474121094,3983200
1999-03-05,21.552987130840172,22.07942503489805,21.552987130840172,22.048458099365234,6123400
1999-03-08,22.04846420555784,22.094914621721234,21.66137740419622,22.063947677612305,4713600
1999-03-09,21.878137108262695,22.265223752074846,21.70781898498535,21.70781898498535,4384800
1999-03-10,21.7852374458313,21.7852374458313,21.398150781903947,21.67685317993164,3377600
1999-03-11,21.738793246264528,22.07942960767323,21.70782630431828,22.002012252807617,3693400
1999-03-12,22.01748652111584,22.09490384362328,21.800718018095008,21.9400691986084,3403200
1999-03-15,22.2652253534376,22.574894690759404,22.187808019107152,22.528444290161133,6704200
1999-03-16,22.46650420265515,22.59037190329005,22.342636502020245,22.35811996459961,3318400
1999-03-17,22.311677156014937,22.35812755953197,22.141359009785816,22.280710220336914,3925200
1999-03-18,22.14136772713233,22.35813636222314,22.094917305327158,22.249752044677734,3187400
1999-03-19,22.404583011331344,22.71425243788741,22.311682183364525,22.559417724609375,7219800
1999-03-22,22.451025532179933,22.853595645170746,22.42005860041141,22.698760986328125,3780200
1999-03-23,22.807140379401126,22.931008080036026,22.296186114282158,22.35811996459961,6090800
1999-03-24,22.373613768984416,22.497481526874985,22.20329560188488,22.466514587402344,4751600
1999-03-25,22.466522587382276,22.961993795374163,22.451039112132527,22.791675567626953,4470200
1999-03-26,22.62134552001953,22.66779592149801,22.481994315584092,22.62134552001953,3227200
1999-03-29,22.667796974410553,23.271652221679688,22.667796974410553,23.271652221679688,4317200
1999-03-30,23.03941001917709,23.101343917078104,22.977476121276077,23.054893493652344,3610600
1999-03-31,23.10133326627354,23.287134874313274,23.07036633160025,23.163267135620117,4262400
1999-04-01,23.101337118769386,23.364556107388076,22.97746935941942,23.318105697631836,4014200
1999-04-05,23.364549339053188,23.519383993387535,23.30261547731945,23.5039005279541,3340200
1999-04-06,23.47294884335141,23.53488274531276,23.22521323550601,23.34908103942871,3424000
1999-04-07,23.349065873619754,23.59680132055471,23.256165081019144,23.5039005279541,3280800
1999-04-08,23.364565589434076,24.092288970947266,23.364565589434076,24.092288970947266,4372200
1999-04-09,23.99937942319987,24.2780818939209,23.840673849594836,24.2780818939209,3512200
1999-04-12,24.09227141472447,24.696126546584527,24.076787949804977,24.68064308166504,3935600
1999-04-13,24.479361320176505,24.525811721163556,24.293559716228298,24.432910919189453,4189000
1999-04-14,24.401936335296128,24.417419797437812,23.36454437180321,23.45744514465332,3945800
1999-04-15,23.457456381846285,23.503906790523207,22.791667190810383,22.838117599487305,6050200
1999-04-16,23.039404686025325,23.25617327850137,22.79166915176699,23.070371627807617,5473000
1999-04-19,23.101326168409013,23.225193869043913,22.01748378785363,22.35811996459961,6346200
1999-04-20,22.404584352072185,23.875514216237253,22.389100879817814,23.844547271728516,8386400
1999-04-21,23.844549993131654,24.959360122680664,23.82906651911014,24.959360122680664,7812200
1999-04-22,24.95934439403255,25.392881393432617,24.618708180218206,25.392881393432617,5347800
1999-04-23,25.269022348764782,25.392890105376374,25.083220713847393,25.207088470458984,3874600
1999-04-26,25.16063986461161,25.2535406887271,24.634201861290506,24.820003509521484,4711200
1999-04-27,25.067734608980576,25.516755179493504,24.83548258974975,25.253536224365234,4921600
1999-04-28,25.191598573521755,25.330949764155864,24.52580955160323,24.649677276611328,6215400
1999-04-29,24.572262513328006,24.758064120234078,24.324527037453244,24.448394775390625,5975200
1999-04-30,24.448393086898022,24.46387655307085,23.952922169367472,24.154207229614258,5343000
1999-05-03,24.13873672607305,24.278087996460897,23.860034185297348,24.216154098510742,9691000
1999-05-04,24.107752572862726,24.12323603630066,23.472930571907447,23.53486442565918,6362800
1999-05-05,23.565830783641086,23.643248098961852,22.99294265026742,23.287128448486328,6542200
1999-05-06,23.287139384603073,24.1851806640625,23.19423856259003,24.1851806640625,6098600
1999-05-07,24.169697473821156,24.185180944336096,23.658742946828138,23.81357765197754,2926600
1999-05-10,23.720673118090854,23.75164005427635,23.039400522009917,23.132301330566406,4675400
1999-05-11,23.147788962932548,23.17875590468898,22.931020370637526,22.99295425415039,4507400
1999-05-12,23.02390820468613,23.565829379645116,22.79165627256085,23.45744514465332,5168600
1999-05-13,23.457442981990305,23.68969489270308,22.992939160564752,23.59679412841797,3789200
1999-05-14,23.262620486930754,23.417911678432294,22.920979865627366,23.076271057128906,2972600
1999-05-17,22.88992958432647,22.96757520706842,22.672521840649015,22.796754837036133,3408600
1999-05-18,22.796757045128533,22.796757045128533,22.392999767762497,22.455116271972656,4089000
1999-05-19,22.703570617410236,23.200502395629883,22.703570617410236,23.200502395629883,4822400
1999-05-20,23.40237528273934,23.69742845485085,23.29367148248773,23.6042537689209,4602200
1999-05-21,23.604271656758076,23.604271656758076,22.858873604439403,22.98310661315918,3631200
1999-05-24,22.998634769113025,23.09180952172253,22.361940626281402,22.486173629760742,3387600
1999-05-25,22.11346798282501,22.54828336450977,21.81841468811035,21.81841468811035,5133400
1999-05-26,22.144519408543907,22.641451120376587,21.95817001660665,22.361927032470703,4695000
1999-05-27,22.470627181087504,22.672505656107642,22.268748706067367,22.424039840698242,5604000
1999-05-28,22.61040108663994,23.309211559784718,22.57934284338906,23.014158248901367,4989600
1999-06-01,22.96757088402505,23.24709507328296,22.812279667770653,23.014158248901367,3854400
1999-06-02,22.905458198084503,23.091807688509597,22.71910870765941,22.781225204467773,4449000
1999-06-03,22.967570044661937,23.278152465820312,22.92098268148818,23.278152465820312,4189800
1999-06-04,23.480030802040616,24.054608275370978,23.138390142222566,24.023550033569336,6623000
1999-06-07,23.852729285423454,23.99249137108023,23.666379837881085,23.837200164794922,2575400
1999-06-08,23.6042620101065,23.712965848310937,22.983097220366854,23.04521369934082,4147000
1999-06-09,23.15391553771017,23.15391553771017,22.781216696056887,22.812274932861328,3644200
1999-06-10,22.486167353624737,22.656987685731004,22.175584931613347,22.237701416015625,5439600
1999-06-11,22.361939861817078,22.858871858746344,22.346410736913036,22.579347610473633,4198600
1999-06-14,22.71909613905282,22.812270832719474,22.50168852049729,22.5172176361084,3327600
1999-06-15,22.517225776845876,22.76569171645245,22.39299280704259,22.53275489807129,2301000
1999-06-16,22.750167984418066,22.889930108554424,22.486172861049393,22.579347610473633,3443000
1999-06-17,22.39299535329937,22.952043780982294,22.3308788613346,22.843339920043945,2632000
1999-06-18,22.81227766777858,22.967568870418326,22.486166142235117,22.548282623291016,4965600
1999-06-21,22.54828078874195,22.54828078874195,22.315344003734285,22.377460479736328,2355800
1999-06-22,22.45509702258494,22.703562826430968,22.392980571623433,22.563800811767578,4191400
1999-06-23,22.392998877151236,22.50170275519566,22.25323674823698,22.486173629760742,2242400
1999-06-24,22.48616141361588,22.84333110457801,22.470632296617527,22.75015640258789,3469800
1999-06-25,22.765683485886147,22.92097464199724,22.47063028927507,22.5172176361084,3521600
1999-06-28,22.470643736145355,22.750167984418066,22.470643736145355,22.579347610473633,2660400
1999-06-29,22.59486069704624,23.35578727722168,22.579331583165107,23.35578727722168,4103200
1999-06-30,23.35579350529885,24.34965705871582,23.060740262878184,24.34965705871582,5586400
1999-07-01,24.19436887504964,24.22542711494059,23.82166999635825,24.209897994995117,3785800
1999-07-02,24.209897994995117,24.303072714667966,24.08566503543132,24.209897994995117,1926400
1999-07-06,23.9769622999622,24.42730679911952,23.821671093356226,24.07013702392578,3468200
1999-07-07,24.13225784886386,24.442840317961206,24.039083108134655,24.318607330322266,2968600
1999-07-08,24.07013683206968,24.147782434753776,23.775083541870117,23.775083541870117,3900200
1999-07-09,23.790606218882793,23.96142649852229,23.68190240456675,23.86825180053711,1967600
1999-07-12,24.05460679554037,24.22542711494059,23.976961195812994,24.209897994995117,2433200
1999-07-13,24.116721445275832,24.34965822678204,23.852726426235467,24.03907585144043,3125400
1999-07-14,24.039078359021012,24.054607479407977,23.68190859012083,23.883787155151367,2537000
1999-07-15,23.89931378253671,24.240954395412476,23.728493476098823,24.03907585144043,3953400
1999-07-16,24.05459972895109,24.225419998168945,23.806133882816024,24.225419998168945,3736000
1999-07-19,24.225428180508196,24.28754466302232,23.58873423473843,23.837200164794922,3358600
1999-07-20,23.852714375405057,24.03906370646291,23.697423266190178,23.96141815185547,6824200
1999-07-21,23.82166999635825,24.209897994995117,23.604262317121602,24.209897994995117,9392600
1999-07-22,24.303068981388776,24.722355155508584,24.240952511148805,24.44283103942871,10694200
1999-07-23,24.50494283609116,24.520471950689444,24.101185856535793,24.303064346313477,3332000
1999-07-26,24.24096043250861,24.287547800412213,24.054610960894195,24.163314819335938,3700800
1999-07-27,24.33412910801496,24.33412910801496,23.961430257605027,24.03907585144043,3130800
1999-07-28,23.85273348257996,23.91484997602418,23.697442248969416,23.790616989135742,2989000
1999-07-29,23.324740064687447,23.464502155620995,23.01415764039068,23.169448852539062,5102400
1999-07-30,23.184981133402744,23.200510256733892,22.625932693481445,22.625932693481445,3481800
1999-08-02,22.843339920043945,23.091805887903025,22.7346360591056,22.843339920043945,3559800
1999-08-03,23.324738204439665,23.60426236401351,23.122859644747447,23.40238380432129,4045200
1999-08-04,23.340272376070853,23.355801499408226,22.796753059262816,22.858869552612305,4615400
1999-08-05,22.812266615613606,22.827795728353983,22.50168436080607,22.563800811767578,3464600
1999-08-06,22.48617009124652,23.091805887903025,22.439582722272945,22.843339920043945,3549000
1999-08-09,22.87440157929389,23.216042336079,22.87440157929389,23.122867584228516,3652800
1999-08-10,23.35579968791021,23.35579968791021,22.656989191928854,22.920984268188477,4966600
1999-08-11,22.92099010879929,23.184985252328822,22.889931856619345,22.98310661315918,4165000
1999-08-12,22.967565502529094,23.619788457976167,22.95203638454226,23.542142868041992,5449800
1999-08-13,23.829978325463443,24.250507354736328,23.783252877766458,24.250507354736328,5807000
1999-08-16,24.15705180611082,24.312803268432617,23.954574905092482,24.312803268432617,4790800
1999-08-17,24.42182863190609,24.530854652584242,24.234926882172118,24.499704360961914,4234400
1999-08-18,24.437410213329173,24.499710812980744,23.970155715942383,23.970155715942383,4398600
1999-08-19,23.923422975782778,23.923422975782778,23.580769782119223,23.876697540283203,4544000
1999-08-20,23.876695535338083,24.702178159847488,23.84554524762075,24.655452728271484,5636600
1999-08-23,24.795631422811198,25.27846092915991,24.780056277445112,25.247310638427734,7515600
1999-08-24,25.21616810152272,25.76129835696021,25.091566900279865,25.71457290649414,6113000
1999-08-25,25.652260354224673,26.38429207046545,25.652260354224673,26.35314178466797,5979000
1999-08-26,26.259692988233034,26.27526813235417,25.80801380872013,26.026065826416016,4460600
1999-08-27,25.79243094068055,25.885881777422146,25.44977787262803,25.46535301208496,4623000
1999-08-30,25.480953724247488,25.652280430217367,25.278476708101266,25.512104034423828,3741400
1999-08-31,25.589973553468663,26.010502638035707,25.434222040666054,25.480947494506836,4575400
1999-09-01,25.48092900825839,25.527654428200183,25.15385106866583,25.29402732849121,3700000
1999-09-02,24.889086291790008,24.998112326860426,24.811210552453993,24.920236587524414,4965400
1999-09-03,25.044824555534618,25.512078745003546,25.044824555534618,25.262876510620117,4560800
1999-09-07,25.309605712609617,25.574383126218454,25.262880286678644,25.371906280517578,4597200
1999-09-08,25.15386590317114,25.34076769316374,24.935813814846437,25.04483985900879,3796400
1999-09-09,24.889070758003665,25.247298935371678,24.826770205417922,25.122697830200195,4480200
1999-09-10,25.18500616802043,25.247306739864637,24.79562759399414,24.79562759399414,3167600
1999-09-13,24.67103896432136,24.98254198154764,24.67103896432136,24.74891471862793,3101600
1999-09-14,24.62430585898939,24.702181589093723,24.343953230613803,24.406253814697266,3596400
1999-09-15,24.65544711416557,24.733322815726424,24.203768045112636,24.219343185424805,4480200
1999-09-16,24.17263469247843,24.25051044857533,23.73653045833578,23.86113166809082,5082600
1999-09-17,24.09473911600603,24.09473911600603,23.92341259352635,23.938987731933594,6188600
1999-09-20,24.07918306212351,24.188209117385387,24.03245760986842,24.048032760620117,3330200
1999-09-21,23.92341905959109,23.93899420220801,23.393864210615767,23.42501449584961,5352600
1999-09-22,23.5184659778912,23.5184659778912,23.191387974225165,23.238113403320312,6095800
1999-09-23,23.362718982461057,23.362718982461057,22.70856285095215,22.70856285095215,6441000
1999-09-24,22.69298870563507,22.802014732360842,22.428211212158203,22.428211212158203,6549600
1999-09-27,22.73971868597943,23.09794713103253,22.692993236624677,22.926620483398438,5911400
1999-09-28,22.89545661113301,22.973332313891966,22.44377753513107,22.802005767822266,5437200
1999-09-29,22.926624924777396,23.23812798082057,22.817598855162284,22.8487491607666,4705400
1999-09-30,22.895465850830078,23.238119081250666,22.87989070399278,22.895465850830078,6299800
1999-10-01,22.95776021734197,23.471739923700373,22.95776021734197,23.42501449584961,6642200
1999-10-04,23.534054059830922,23.67423042418465,23.440603150261772,23.54962921142578,4204400
1999-10-05,23.565193496481346,23.65864436295781,23.144664597337265,23.471742630004883,6028200
1999-10-06,23.456177429662215,23.907856809117863,23.440602278646505,23.611928939819336,6927400
1999-10-07,23.689798766169055,23.76767450175804,23.471746706519898,23.487321853637695,4727800
1999-10-08,23.75209361692018,24.671027074886275,23.62749247007732,24.608726501464844,8068400
1999-10-11,24.546435791170733,24.764487885762353,24.437409743874927,24.51528549194336,4112000
1999-10-12,24.468549329181048,24.468549329181048,24.032445330952488,24.110321044921875,4614200
1999-10-13,24.125907406416097,24.312809206853146,23.674228055359887,23.752103805541992,5107800
1999-10-14,23.689798428171375,24.016876512978477,23.42502093094658,23.580772399902344,4593600
1999-10-15,23.54961846486403,23.596343898326058,23.175814997167773,23.253690719604492,4642800
1999-10-18,23.37830254388234,23.64308012099493,23.175825573149183,23.54962921142578,4902600
1999-10-19,24.28165077864377,24.920231716375902,24.188199909707357,24.85793113708496,8093600
1999-10-20,24.920235610589746,25.621117237137582,24.795634432536797,25.543241500854492,9148200
1999-10-21,25.543226720892964,26.32198363311531,25.34074992371515,26.1195068359375,9800800
1999-10-22,26.166243450738364,26.290844610027595,25.93261627707106,26.10394287109375,5168800
1999-10-25,25.917048873357704,26.259702163750656,25.66784648034465,26.228551864624023,4697600
1999-10-26,26.135082231289555,26.43100986084528,26.041631400903537,26.244108200073242,7080400
1999-10-27,26.21298817862573,26.21298817862573,25.730158331009925,25.994935989379883,4731600
1999-10-28,26.24412562411565,26.415452260237476,25.91704750061035,25.91704750061035,7126800
1999-10-29,26.15066830582721,26.524471783694903,26.041642291449136,26.10394287109375,6165600
1999-11-01,26.22854153135573,26.586769830180664,26.166240957647048,26.18181610107422,5704200
1999-11-02,26.19739768563247,26.43102489448175,25.480940911828018,25.543241500854492,7382600
1999-11-03,25.917050441677908,26.197403150782595,25.792449237631377,25.979351043701172,4997600
1999-11-04,26.166232508084896,26.415434722447607,26.150657369687224,26.244108200073242,6366200
1999-11-05,26.41543937068415,26.586765923206276,26.22853767702365,26.29083824157715,6885200
1999-11-08,26.30641842059644,26.384294141202112,25.901464673446938,26.026065826416016,4483600
1999-11-09,26.259706943544174,26.275282095942483,25.745726914400073,25.8236026763916,4212800
1999-11-10,25.54324358412363,25.792445960554105,25.48094299001601,25.667844772338867,5378200
1999-11-11,25.698988958699815,25.917040986228177,25.636688379405996,25.870315551757812,2776800
1999-11-12,25.98713070053652,26.065217030766497,25.565464517294643,25.92466163635254,2993400
1999-11-15,25.924663129060164,25.971514929895815,25.643552324046258,25.862194061279297,3223000
1999-11-16,26.04960179413165,26.51811981201172,26.002749992343645,26.51811981201172,5880000
1999-11-17,26.455651826124924,26.705528112558216,26.33071368290828,26.3931827545166,4914400
1999-11-18,26.205777308755295,26.237011846667993,25.877814660671945,26.080839157104492,3466400
1999-11-19,26.080840468335847,26.283864974975586,25.924667770920664,26.283864974975586,3063000
1999-11-22,26.252626831099967,26.42441677467052,26.080836887529415,26.315095901489258,3289000
1999-11-23,26.20577871878226,26.22139598857891,25.862198783255913,26.00275421142578,4211200
1999-11-24,25.87781149220068,26.20577410012839,25.87781149220068,26.17453956604004,3602400
1999-11-26,26.237013763113502,26.252631033210594,25.78411293029785,25.78411293029785,1342400
1999-11-29,25.737250986728974,26.299472488866257,25.440522971712074,26.252620697021484,4076800
1999-11-30,26.049599764720504,26.158920627042473,25.877809838214553,25.92466163635254,3461000
1999-12-01,25.799729086713093,25.84658089498194,25.268741926332797,25.612321853637695,4585200
1999-12-02,25.28435523147047,25.315589765419166,24.737750887368268,25.00714874267578,6534000
1999-12-03,24.737755822032156,24.84707671265982,24.019361397907485,24.300472259521484,12721000
1999-12-06,23.98811292063428,24.472248012131455,23.878792093522012,24.191137313842773,6746000
1999-12-07,24.22237745920817,24.284846517774792,23.25410705142551,23.33219337463379,10920000
1999-12-08,23.191638154581664,23.316576272586143,22.551330299808704,22.793397903442383,9942000
1999-12-09,22.988618988773457,23.64454425883357,22.9261499154344,23.30096435546875,8671800
1999-12-10,23.738259321806446,23.769493873545667,23.30097559745738,23.58208656311035,5850000
1999-12-13,23.64453834467171,23.691390137957054,23.0042305031053,23.285341262817383,5427400
1999-12-14,23.051091432729617,23.910041316740546,22.988622350256097,23.535226821899414,5774400
1999-12-15,23.519606529043184,23.785100095440086,23.36343384292736,23.65625762939453,6043400
1999-12-16,23.910043953274485,23.925661225614963,23.34782214901721,23.644550323486328,6477000
1999-12-17,23.75387353482454,23.84757717795994,23.08233075902082,23.707021713256836,14592000
1999-12-20,23.472754140043573,23.488371408267156,22.59818711952299,22.98471450805664,6371000
1999-12-21,22.894911671732807,22.910528937538903,22.52009729238657,22.738739013671875,5811600
1999-12-22,22.70750541817206,23.176023411669423,22.69188815172215,22.879295349121094,5782400
1999-12-23,23.144795339820117,23.95689342191907,22.988622631724166,23.878807067871094,5807200
1999-12-27,23.847577798701916,24.425416946411133,23.675787781815394,24.425416946411133,4162400
1999-12-28,24.42542306316703,24.42542306316703,23.582090041804484,23.847583770751953,3413400
1999-12-29,24.034976568473525,24.034976568473525,23.05108863876993,23.09794044494629,3116000
1999-12-30,23.238497586173807,23.61331206337016,23.238497586173807,23.363435745239258,2447800
1999-12-31,23.36343342880781,23.58207518549451,23.26972981879922,23.30096435546875,1371200
2000-01-03,23.269722282280355,23.42589491504734,22.8792907003629,23.035463333129883,4642400
2000-01-04,22.76997956686,22.87930045641282,22.176523309287514,22.192140579223633,7822200
2000-01-05,22.192145848340644,22.691898604953522,22.098442206475728,22.42640495300293,8229600
2000-01-06,22.5669553680729,23.472757036826,22.520103557620157,23.12917709350586,5356400
2000-01-07,23.51960385772231,24.222380865423172,23.39466572301993,24.113059997558594,9863800
2000-01-10,24.159911559348885,24.222380626082817,23.503986358642578,23.503986358642578,4928600
2000-01-11,23.238506493978942,23.722642045936837,23.222889218109334,23.58208656311035,6153000
2000-01-12,23.457139364538346,23.753867492318793,23.285349395823353,23.363435745239258,5163200
2000-01-13,23.47274875640869,23.988118489583332,23.25410705142551,23.33219337463379,4659200
2000-01-14,23.472755024956417,23.58207590664284,23.191644186334184,23.41028594970703,5404800
2000-01-18,22.988615794511464,23.25410931931221,22.75435680204022,22.81682586669922,4870000
2000-01-19,22.73875520922152,23.004248917021496,22.645051547645057,22.894927978515625,5507400
2000-01-20,23.051083993295844,23.066701258873955,22.504479698061864,22.972997665405273,4823400
2000-01-21,22.92614427760181,22.92614427760181,22.39515728479632,22.457626342773438,8538000
2000-01-24,22.520082033597504,22.535699288821913,20.88027023503458,20.9115047454834,11304200
2000-01-25,20.958370608668176,21.72361662940196,20.88028428002187,21.301950454711914,12956800
2000-01-26,21.55182958363059,21.70800226177284,20.75534892510511,20.864669799804688,9491400
2000-01-27,20.92714365965091,20.973995473814306,20.11504554748535,20.11504554748535,12406600
2000-01-28,20.208747951236703,21.286339611696775,20.208747951236703,21.11454963684082,12340000
2000-01-31,21.28633453851172,21.67676620649616,20.69287840317537,21.504976272583008,9055200
2000-02-01,21.34881111937757,21.36442839159365,21.083317491704257,21.192638397216797,6079200
2000-02-02,21.364429278394663,21.56745382563087,21.22387382261575,21.333194732666016,5791600
2000-02-03,21.239478074779925,21.239478074779925,20.458614910265958,20.817811965942383,10237200
2000-02-04,20.77096776512297,20.895905917093632,20.443005116199974,20.52109146118164,6906000
2000-02-07,20.380531100246053,20.489851956722468,20.239975713347803,20.34929656982422,5822000
2000-02-08,20.599177704089847,20.739733124360363,20.302449594629874,20.505474090576172,6125400
2000-02-09,20.505478474497796,20.521095746755602,19.91202212870121,19.990108489990234,12422600
2000-02-10,19.943251501291225,20.083806915160938,19.365412577604637,19.4903507232666,11344800
2000-02-11,19.497873732695375,19.670282584029497,19.04334130645087,19.419506072998047,10233200
2000-02-14,19.29412096671628,19.62326519116879,19.231426828725326,19.466529846191406,7373000
2000-02-15,19.482205761180204,20.124820754107304,19.435185151941635,19.9837589263916,9863400
2000-02-16,20.124817121561,20.218858323063625,19.795672916301825,20.01510238647461,9247200
2000-02-17,20.297221030978207,20.344241620239163,19.74864748960042,19.858362197875977,5774400
2000-02-18,19.685956115968963,19.795670839545224,19.278444285542854,19.419506072998047,8246200
2000-02-22,19.56056133324846,19.827011287307133,19.247090799061787,19.717296600341797,7307400
2000-02-23,19.591917545337395,19.638938147446208,19.090364456176758,19.090364456176758,8293200
2000-02-24,18.808246547892946,18.870940703052586,18.055916685977227,18.494775772094727,18512800
2000-02-25,18.1969738304615,18.212647365199192,17.632726579904556,18.055912017822266,13221400
2000-02-28,18.05590568621134,18.291008624833882,17.57002627972475,18.243988037109375,13537800
2000-02-29,18.369382712576122,18.4164033167892,17.867829600969948,18.055912017822266,10183200
2000-03-01,18.1186046242917,18.400728225708008,17.820807489463377,18.400728225708008,9397200
2000-03-02,18.306686595499365,18.792566119866212,18.212645397234812,18.479095458984375,6793000
2000-03-03,18.62015790355449,18.62015790355449,18.11860482871127,18.43207550048828,5794600
2000-03-06,18.291022356520305,18.291022356520305,17.617060093169517,17.67975425720215,7631400
2000-03-07,17.679747156853225,17.679747156853225,16.582599726906658,17.178194046020508,16526400
2000-03-08,16.9744329183874,17.99321236408932,16.86471820885027,17.805130004882812,12836800
2000-03-09,17.805139359583244,18.306692580979956,17.538689210716242,18.22832489013672,9665400
2000-03-10,18.22830726818643,18.494757159466886,17.522998732444048,17.773775100708008,8722200
2000-03-13,17.460316327639987,17.946195866380418,17.38194866010121,17.554357528686523,5762600
2000-03-14,18.008885098486832,18.71419391435446,17.99321156924533,18.243988037109375,10342200
2000-03-15,18.11859854753186,19.607583722285774,18.00888385044473,19.294113159179688,12020200
2000-03-16,20.03077592005838,20.187511255896084,19.795672916301825,20.01510238647461,15359000
2000-03-17,19.88970990117291,20.04644520378263,19.607586356475423,19.952404022216797,11004200
2000-03-20,19.983758317663316,20.046452461405003,19.701634670825715,19.88971710205078,6755200
2000-03-21,19.59191861553727,20.312901220589044,19.59191861553727,20.124818801879883,8027600
2000-03-22,20.2815573758992,20.626375198364258,19.98376016558847,20.626375198364258,9983000
2000-03-23,20.37559300661087,20.548001870512962,20.046448811888695,20.062122344970703,10390000
2000-03-24,18.306687061349415,18.557463596436392,17.60137805641729,18.11860466003418,38763600
2000-03-27,17.805127817242806,17.86782192927535,17.209533752933627,17.491657257080078,22607600
2000-03-28,17.413297093576855,18.055912017822266,17.39762355883916,18.055912017822266,18375600
2000-03-29,17.570026221564703,18.087252684822182,17.570026221564703,17.820802688598633,14696000
2000-03-30,17.695420573541217,17.96187066189392,17.632726435105287,17.742441177368164,10338200
2000-03-31,17.805142195623542,17.836489276953863,17.57003908564612,17.6170597076416,8013400
2000-04-03,17.711092790517842,18.24399292757767,17.55435745608848,18.11860466003418,11106800
2000-04-04,18.35370388559099,19.247095108032227,18.322356825154454,19.247095108032227,22024200
2000-04-05,19.05901587701613,19.4351806640625,18.745545221144155,19.4351806640625,14044800
2000-04-06,19.372472161243675,19.38814568240973,18.6358166664391,18.776878356933594,8297000
2000-04-07,19.12170899467629,19.15305605860199,18.510441248125165,18.573135375976562,6315000
2000-04-10,18.761221915483475,19.184407372223703,18.72987484461383,19.059019088745117,8393600
2000-04-11,19.059015243579026,19.65460946994087,18.964974049942942,19.623262405395508,8903800
2000-04-12,19.48219849382128,19.90538381910943,19.074686699099352,19.309789657592773,7528200
2000-04-13,19.074691128339925,19.29412060721976,18.745546910020174,19.12171173095703,7071400
2000-04-14,18.839584122939897,18.964972370014372,18.196969356683212,18.385051727294922,8469200
2000-04-17,18.96497468025454,19.560568926411293,18.93362761466734,19.4351806640625,11978200
2000-04-18,20.062121057802912,20.563674084247985,19.874038672886012,20.43828582763672,14995000
2000-04-19,20.438292749746953,20.72041642267291,20.234536763744877,20.626375198364258,7797600
2000-04-20,20.59501368418952,20.798769527335992,20.375584314647163,20.46962547302246,5635400
2000-04-24,20.43828415621944,21.174940103567838,20.43828415621944,21.033878326416016,7205600
2000-04-25,20.986859421274062,21.174941805930736,20.72040937634377,21.14359474182129,5635600
2000-04-26,21.080893094446,21.080893094446,20.563666721125024,20.75174903869629,5480000
2000-04-27,20.62637260735753,20.908496244844184,20.516657859446052,20.814455032348633,4756600
2000-04-28,20.751754333033706,20.81444845488577,20.547998437014492,20.68906021118164,5149400
2000-05-01,20.626369254298943,21.174942904679234,20.532328057090893,20.736083984375,5819600
2000-05-02,20.595024635637788,21.206292490120187,20.57935110090747,21.11225128173828,5156800
2000-05-03,21.096573299831817,21.300329208374027,20.81444973415799,20.87714385986328,5079000
2000-05-04,20.814448463549017,21.080898481531197,20.64203962838408,20.830121994018555,3048800
2000-05-05,20.861471587703342,21.12792163803464,20.736083328723907,21.065227508544922,4241200
2000-05-08,21.300323669727035,22.0056324005127,21.096567814166733,22.005632400512695,9178800
2000-05-09,21.942946554600507,22.1780495533998,21.754864155561073,21.81755828857422,8159000
2000-05-10,21.81756156787538,21.81756156787538,21.3473554996022,21.441396713256836,8313000
2000-05-11,21.660828088276958,21.801889920979196,21.535439792541634,21.582460403442383,4636200
2000-05-12,21.598132069347898,21.613805604957,21.23764075033846,21.441396713256836,4074200
2000-05-15,21.378698122328604,21.817557028065554,21.34735105763311,21.629474639892578,4477200
2000-05-16,21.692163924788613,21.927266857499472,21.629469809399048,21.895919799804688,5165400
2000-05-17,21.833236694335938,21.989972061847322,21.47274534905975,21.833236694335938,3507200
2000-05-18,21.78620805848116,22.319108111710197,21.770534527503838,22.1937198638916,6088800
2000-05-19,22.352901957068646,22.55739718961044,21.86525947946898,22.33717155456543,7074000
2000-05-22,22.557408677245213,22.573139087759333,21.440549530742835,21.865270614624023,6134800
2000-05-23,22.116960013049773,22.195612075685084,21.676508462292027,21.8967342376709,5611000
2000-05-24,22.069767796222827,22.65179303389941,21.95965491341915,22.636062622070312,8214400
2000-05-25,22.463029352912876,22.52595100376137,22.06976903510978,22.478759765625,4528000
2000-05-26,22.525953068293575,22.60460513906276,22.11696230029383,22.17988395690918,3095200
2000-05-30,22.195604014715006,22.384368896484375,21.928187098875068,22.384368896484375,4214400
2000-05-31,22.447293618537863,22.636058526332153,22.211337483795,22.52594566345215,4391200
2000-06-01,22.463029221135724,22.525950871615095,21.95965601730075,22.06976890563965,5231800
2000-06-02,22.0225731531779,22.0225731531779,20.764140401567733,21.14167022705078,9351400
2000-06-05,21.015826951889768,21.456278414953324,20.779870810962862,21.14167022705078,5316600
2000-06-06,21.015829735312387,21.33043796488293,20.88998644348417,21.173133850097656,3196600
2000-06-07,21.409097509120627,21.503480010997723,21.06302833557129,21.06302833557129,4098200
2000-06-08,21.06301684793913,21.377625015944197,20.85852153873584,21.361894607543945,3685400
2000-06-09,21.393366178338173,22.022582830642236,21.34617492941537,21.676513671875,4105200
2000-06-12,21.833804705992776,21.991108774479756,21.31470127998574,21.33829689025879,3798200
2000-06-13,21.582123637199402,22.274261713027954,21.534932404756546,22.148418426513672,5396600
2000-06-14,22.494480935311916,22.620324185299676,22.30571606033028,22.588863372802734,5490200
2000-06-15,22.651798853380924,22.90348550730738,22.510225110547296,22.80910301208496,7969600
2000-06-16,22.667518836671622,22.761901288455128,22.4944843417352,22.541675567626953,7343400
2000-06-19,22.588873162008536,22.73044687959773,22.415838618288415,22.698986053466797,3564800
2000-06-20,22.74617911630225,22.76190953062888,22.164153786217064,22.289997100830078,4356400
2000-06-21,22.337190949038106,22.761912185393054,22.337190949038106,22.620338439941406,5109200
2000-06-22,22.588874973035985,22.588874973035985,22.211345029196945,22.289997100830078,3988600
2000-06-23,22.352907279075687,22.636054591548145,22.32144646657875,22.588863372802734,3838000
2000-06-26,23.24953449958282,24.03605461120605,23.170882488420496,24.036054611206055,15784200
2000-06-27,23.988874200505666,24.712473028848787,23.97314379119386,24.649551391601562,14784000
2000-06-28,24.41359648583743,24.743935098081366,24.36640525551687,24.684946060180664,8783200
2000-06-29,24.665295743004915,25.01136494348075,24.492261142767,24.806869506835938,8607400
2000-06-30,24.66528421413679,25.66809790587864,24.272023942865477,25.64056968688965,16086600
2000-07-03,25.483266444728194,25.483266444728194,25.152927805629865,25.43607521057129,4770200
2000-07-05,25.37316168652903,25.530465850735656,25.137205440219088,25.420352935791016,7304400
2000-07-06,25.168654104011562,25.263036556901604,24.96415878941647,25.090002059936523,5789800
2000-07-07,25.042817940389302,25.38888703253036,24.995626700551885,25.10573959350586,6498200
2000-07-10,25.357414950003715,25.388875762596772,25.12145885555579,25.21584129333496,4346000
2000-07-11,25.011346011480093,25.278762918521075,24.916963573700922,25.21584129333496,6781800
2000-07-12,24.97988317330374,25.058535198408602,24.6652750728843,24.681005477905273,5671800
2000-07-13,24.539449045977257,24.55517946203237,23.91023240377271,23.973154067993164,7650600
2000-07-14,23.34393118383772,23.35966159568667,22.919210063916147,23.107975006103516,12577600
2000-07-17,23.406846664646043,24.098984603654394,23.28100340300816,23.74505043029785,8803200
2000-07-18,23.768656902564203,24.020343540844166,23.752926487671704,23.91023063659668,8284800
2000-07-19,23.878767408835333,24.083262781901777,23.343933356200026,23.45404624938965,5364600
2000-07-20,23.469768155675357,23.469768155675357,23.060777557788253,23.123699188232422,5939200
2000-07-21,23.123703778274656,23.516964046612664,22.903478028005374,23.21808624267578,7617800
2000-07-24,23.23381644502171,24.004606564050867,23.23381644502171,23.7725830078125,5676000
2000-07-25,23.80011469667608,23.847305935334393,23.343932722979048,23.532697677612305,5873200
2000-07-26,23.532689514582838,23.532689514582838,22.71470832824707,22.71470832824707,7351000
2000-07-27,22.840560926063308,23.391125411195688,22.809100098341457,23.119775772094727,6578800
2000-07-28,23.3753913418627,23.579886690075494,23.202356816451868,23.572021484375,4837200
2000-07-31,23.579880980215588,23.642802610583075,23.28100323597003,23.422576904296875,6331600
2000-08-01,23.281004370712655,23.91022070505624,23.249543553995476,23.86302947998047,5039800
2000-08-02,23.894499421737358,24.33495102398136,23.721464863712924,24.28775978088379,4974200
2000-08-03,24.224828395646874,24.50797574053106,24.19336757954863,24.413593292236328,5710600
2000-08-04,24.319214373344746,24.334944783676793,23.988875756371755,24.303483963012695,4062600
2000-08-07,24.5394314579626,24.5394314579626,24.14617133844397,24.37819480895996,3811200
2000-08-08,24.287756000405967,24.53944259108375,24.08326064548027,24.33101463317871,4595000
2000-08-09,24.30348091402098,24.460784997606876,23.564151721167267,23.86302947998047,7086200
2000-08-10,24.098995973637827,24.63383008793527,23.973152652626663,24.515851974487305,5738400
2000-08-11,24.539447834376745,24.88551697050257,24.445065342706066,24.625965118408203,4487600
2000-08-14,24.665279204675457,24.759661650611715,24.303479828586468,24.492244720458984,2855600
2000-08-15,24.350679976300498,24.49225369709294,24.114723774979755,24.185510635375977,3292000
2000-08-16,24.38214368159228,24.712482402439658,24.350682851035387,24.625965118408203,3220000
2000-08-17,24.665279821022274,24.696740637120516,24.30348043589248,24.413593292236328,4721000
2000-08-18,24.494395605769423,24.557525491351303,24.068268878091732,24.348407745361328,5476800
2000-08-21,24.49440574645996,24.683795481613004,24.368145923024603,24.49440574645996,3666200
2000-08-22,24.541747935897554,24.715355156022873,24.44705308855647,24.68379020690918,3218400
2000-08-23,24.66800447681656,24.731134366712443,24.17874783012346,24.478614807128906,3434200
2000-08-24,24.178750050532354,24.383922211535566,24.11562015483906,24.305009841918945,3302600
2000-08-25,24.14719141302502,24.28923371545458,23.942019198404545,24.099843978881836,3700000
2000-08-28,23.8631243139584,24.38394647160432,23.784211865830233,23.926254272460938,5160800
2000-08-29,23.736845036988615,23.784192467248566,23.436977978675593,23.484325408935547,3901400
2000-08-30,23.231801490261127,23.43697365016153,23.042411804199215,23.04241180419922,4197600
2000-08-31,23.515884438306472,23.705274111635113,23.137105091649186,23.21996307373047,4702400
2000-09-01,23.35806822165465,23.468545571351665,23.2002434363732,23.389633178710938,3040400
2000-09-05,23.389635753375916,23.59480799682658,23.058203667801763,23.547460556030273,5298200
2000-09-06,23.736850319215506,23.736850319215506,23.50011311523397,23.547460556030273,5614400
2000-09-07,23.56324933157318,23.70529169191086,23.389642002271568,23.59481430053711,2638400
2000-09-08,23.484321213147123,23.863100587552722,23.484321213147123,23.855209350585938,3808400
2000-09-11,23.910471930783785,24.09986180746326,23.910471930783785,23.993330001831055,4095000
2000-09-12,24.273453679152635,24.40365913614419,24.084063923528557,24.39971351623535,3917400
2000-09-13,24.39971156248515,24.699578651545448,24.383929084113557,24.652231216430664,4894200
2000-09-14,24.63644142275136,24.63644142275136,24.194532159562993,24.226097106933594,4159200
2000-09-15,24.09984770950518,24.226107553431863,23.9735878655785,23.989370346069336,6264800
2000-09-18,23.421191439376273,23.67371102362831,23.200236803155743,23.26336669921875,7642800
2000-09-19,23.184459686279293,23.358066940567294,23.02663490965384,23.184459686279297,3938400
2000-09-20,23.200234704206608,23.421189320437147,22.805672889509214,22.999008178710938,5457400
2000-09-21,22.99506814410263,23.86310434720877,22.99506814410263,23.79997444152832,5849600
2000-09-22,24.11562465782116,24.38392676461629,23.89072436241936,24.21031951904297,5515400
2000-09-25,24.19452682532425,24.352351527381156,23.942007302033193,24.206363677978516,3978200
2000-09-26,24.194547467761574,24.32080733713019,23.62637805560279,23.863115310668945,4552200
2000-09-27,23.847322627583733,24.162972166003108,23.594802996848234,24.013038635253906,4307800
2000-09-28,24.068274363935235,24.352358913804633,23.468540314210944,23.579017639160156,6301200
2000-09-29,23.547465828840366,24.036722826624583,23.42120595844444,23.721073150634766,5261600
2000-10-02,23.78419692143748,23.799979401146462,23.294940050459005,23.53167724609375,4207200
2000-10-03,23.500099260742598,23.689488912273095,23.21601478344685,23.358057022094727,4397600
2000-10-04,23.231813973291523,23.673723478218264,22.805686950683594,22.805686950683594,6850000
2000-10-05,23.105550536699468,23.673719812192076,23.010855657450698,23.500112533569336,6472200
2000-10-06,23.4685586685253,23.768425927907938,23.042431510455238,23.310733795166016,4672800
2000-10-09,23.310722417655175,23.484329693616047,23.042420263897466,23.058202743530273,2914000
2000-10-10,23.326501307115844,23.989365349672585,23.12132910346733,23.894670486450195,6103600
2000-10-11,24.036713925500713,24.30501605073611,23.831541712085407,24.241886138916016,7882200
2000-10-12,24.19453866580098,24.620665569895323,23.894671585142,24.49440574645996,9278600
2000-10-13,24.52596434501752,24.620659188048478,24.1471849728937,24.19453239440918,9105600
2000-10-16,24.194530302597432,24.573309641972735,24.084052995279635,24.478614807128906,5601600
2000-10-17,24.241888808958464,24.60488584190511,24.08406401202514,24.510190963745117,9024200
2000-10-18,24.115623969930553,24.431273498332786,23.752627012267986,23.79997444152832,7048800
2000-10-19,23.35806802443003,23.62637015714308,22.947723586163015,23.168678283691406,10959000
2000-10-20,23.105542428152898,23.4211919148763,22.99506510779971,23.200237274169922,6252000
2000-10-23,23.231798024877346,23.579012397531763,23.121320724487305,23.121320724487305,7210800
2000-10-24,23.137104871732976,23.342277015888865,22.884585309694966,23.15288734436035,6149600
2000-10-25,23.152903733853094,23.97359289142662,23.121338766254112,23.721073150634766,7639600
2000-10-26,23.67370912692691,23.95779363645003,23.50010192666278,23.515884399414062,4969400
2000-10-27,23.468551059938825,23.689505811007518,23.29494375552771,23.42120361328125,3907000
2000-10-30,23.64215700768477,23.87889422738789,23.436984750608733,23.831546783447266,4388000
2000-10-31,23.705275971659812,23.705275971659812,23.10554195906123,23.26336669921875,6975600
2000-11-01,23.231811607277,23.279159049411398,22.537382455972526,22.979291915893555,9446400
2000-11-02,23.105557925843726,23.12134041076575,22.521605983728826,22.695213317871094,9387600
2000-11-03,22.789890473930708,23.27914712537936,22.553153384520073,23.15288734436035,5832600
2000-11-06,23.247579574584964,23.4685341666041,23.105537336858376,23.24757957458496,5822600
2000-11-07,23.23180175118725,23.452756387407778,22.916152270872203,23.26336669921875,4922600
2000-11-08,23.46855442468139,23.926246474658363,23.46855442468139,23.59481430053711,6136200
2000-11-09,23.59479880603696,23.815753443685466,22.97928231544469,23.62636375427246,5666200
2000-11-10,23.579033559399043,24.099855585811472,23.45277367420815,23.847335815429688,6069600
2000-11-13,23.78419717131564,24.068281809061943,23.294940295197005,23.500112533569336,6359800
2000-11-14,23.46854360194943,23.894670486450195,23.20024148948599,23.894670486450195,5344400
2000-11-15,23.799980580179316,23.989370346069336,23.673720736252633,23.989370346069336,4185600
2000-11-16,23.989359470258584,24.005141943594282,23.579015163530478,23.78418731689453,3592400
2000-11-17,23.99197686830739,24.13450346356466,23.881122849773956,24.10283088684082,5291800
2000-11-20,24.102826753632446,24.56207903737446,24.102826753632446,24.37204360961914,5508000
2000-11-21,24.45121493912719,24.799613079451543,24.261179589859363,24.767940521240234,7234000
2000-11-22,24.3245349943329,24.641260710404943,24.197844707904082,24.45122528076172,5494600
2000-11-24,24.451215243668717,24.451215243668717,23.817764071552947,24.08698081970215,2997800
2000-11-27,24.16617429485982,24.704608060276097,23.896957412151686,24.672935485839844,5477400
2000-11-28,24.81544133280398,25.36971092224121,24.704587414916535,25.36971092224121,11185200
2000-11-29,25.243031085577986,25.543920414703443,25.243031085577986,25.40139389038086,7549200
2000-11-30,25.401397881507872,26.0981943321228,25.274707617759702,25.33805274963379,14928000
2000-12-01,25.148011219775892,25.33804656904372,24.498723776444148,24.767940521240234,10424600
2000-12-04,24.292856993498628,25.338051622945112,24.292856993498628,25.227197647094727,6062400
2000-12-05,25.274707971505784,25.274707971505784,24.767946909420456,25.211362838745117,6261600
2000-12-06,24.767948373861525,25.021328919885683,24.213678429433678,24.356204986572266,8371800
2000-12-07,24.70460016038137,24.831290417614095,24.372038235145467,24.593746185302734,4996400
2000-12-08,24.229508856391167,24.625415863848538,24.229508856391167,24.419544219970703,6373800
2000-12-11,24.324536611519612,24.577917201222938,24.134501169242114,24.22951889038086,5833600
2000-12-12,24.21367874465038,24.831293833624457,24.197842460317712,24.577913284301758,6525000
2000-12-13,24.83128267062322,25.24302587817182,24.736265007342773,25.005481719970703,7535600
2000-12-14,25.02132761688617,25.19552673320626,24.752110800755112,25.14801788330078,7001200
2000-12-15,25.148015014416217,25.33805039235891,24.973815917968746,24.97381591796875,11591600
2000-12-18,24.973815917968746,25.13217873292099,24.65709028806426,24.97381591796875,5875200
2000-12-19,24.989660309933985,25.32222232926771,24.97382402329905,25.132186889648438,4503400
2000-12-20,25.19551163075133,25.76561748788964,25.179675356941935,25.496400833129883,9601800
2000-12-21,25.401391501473906,25.82897103422939,25.338046385510133,25.591426849365234,10899600
2000-12-22,25.70227285676402,25.84479932362223,25.496401293524382,25.718109130859375,6980400
2000-12-26,25.718119042551415,26.066517206920953,25.686446482154185,25.93982696533203,3508000
2000-12-27,25.718112056695144,26.541598403338092,25.718112056695144,26.098182678222656,5949200
2000-12-28,26.161543679977086,26.731649958717508,26.161543679977086,26.541614532470703,6642200
2000-12-29,26.557426324421137,26.84247920089077,26.478244969846237,26.620771408081055,4962200
2001-01-02,26.351571475758274,26.525770566042734,25.733956519295187,25.844810485839844,8855200
2001-01-03,26.098189283926274,26.27238836288452,24.79961433169208,25.02132225036621,11326000
2001-01-04,24.847112005463238,24.862948278251935,24.10280718439455,24.482877731323242,12941200
2001-01-05,24.688763792639644,25.306378794508117,24.26118417596147,24.799617767333984,9277200
2001-01-08,24.625414009289365,25.211356336198502,24.577905171972407,24.767940521240234,5520200
2001-01-09,24.831290418836804,25.084670933314733,24.688763879442973,24.9421443939209,6376600
2001-01-10,25.068824181189903,25.08466045673077,24.166156475360577,24.2928466796875,7524200
2001-01-11,24.324523801977687,24.435377751596075,23.35851081244602,23.421855926513672,8410400
2001-01-12,23.564382045062583,24.023634114489205,23.564382045062583,23.960289001464844,6772800
2001-01-16,23.865278244018555,24.05531363813151,23.70691541559109,23.865278244018555,6100600
2001-01-17,23.833593785884677,23.849430060825465,23.120961413549256,23.231815338134766,7827200
2001-01-18,23.469366134481223,24.055308473871108,23.453529855038255,23.817764282226562,9340000
2001-01-19,23.53270834913925,23.99196039632972,23.501035794160597,23.84943389892578,7885600
2001-01-22,24.13449592666171,24.3086950442426,23.77026140808348,23.89695167541504,7377000
2001-01-23,23.89694217982842,24.039468673942704,23.437690143237948,23.485198974609375,8487200
2001-01-24,23.231824685327755,23.24766096664018,22.899262777766825,22.9467716217041,11063000
2001-01-25,22.96260851930208,23.39018812621322,22.93093595582718,23.247661590576172,7904400
2001-01-26,23.501043411763163,23.691078803232948,23.247662889803454,23.2951717376709,6638000
2001-01-29,23.43769284315306,23.56438307473767,23.186846725894593,23.20965003967285,5201200
2001-01-30,23.311002611568448,23.56438307473767,23.186846725894593,23.20965003967285,5023400
2001-01-31,23.561839830450353,23.65812560730061,22.984132901903944,23.597312927246094,8595200
2001-02-01,23.597338470715428,23.903928815262113,23.597338470715428,23.784841537475586,6213200
2001-02-02,23.944455329412953,24.225707816504848,23.941920983337088,24.09648323059082,6524600
2001-02-05,24.159827654105726,24.261180229682708,23.74428383406572,23.80002784729004,5671400
2001-02-06,23.800027651192774,23.91911678152904,23.615059057303334,23.67080307006836,5153800
2001-02-07,23.868450756332873,24.159838820869965,23.72655824482562,24.045818328857422,5433600
2001-02-08,23.9951306602617,24.147160494630974,23.881110217624393,23.977394104003906,4703000
2001-02-09,24.22317668174876,24.32199492727191,24.05847896149688,24.066082000732422,5800400
2001-02-12,24.451221852219483,24.894637792544707,24.451221852219483,24.856630325317383,8946600
2001-02-13,24.704588657539162,24.81860906270297,24.45120826105158,24.552560806274414,8246000
2001-02-14,24.552586653622555,24.56525452689943,24.0711630068572,24.23586082458496,5760200
2001-02-15,24.266353347164046,24.329911110713063,23.808738613388513,23.948564529418945,8077200
2001-02-16,23.770592172336343,24.093464602952043,23.704491586836124,24.03244972229004,7885800
2001-02-20,24.05025644373114,24.418892622370056,24.05025644373114,24.413806915283203,5354000
2001-02-21,24.617192331589447,24.87650714172186,24.49770343117284,24.637531280517578,5606800
2001-02-22,24.64006672960129,24.82311335009951,24.17736641206567,24.538373947143555,5585800
2001-02-23,24.202796349283147,24.355336538329695,24.052800953584207,24.27652359008789,5547200
2001-02-26,24.281600238485886,24.40108910349958,23.973981000699755,24.342615127563477,5122800
2001-02-27,24.342627228606247,24.52058821839446,24.25364673371214,24.39347267150879,4426600
2001-02-28,24.444319524638676,24.894307697431454,24.4316071943737,24.744312286376953,6912800
2001-03-01,24.863797366710454,25.283277045834648,24.86125451312448,25.189212799072266,10275800
2001-03-02,25.24513767558099,25.38496355404812,24.76209841444798,25.207002639770508,6963400
2001-03-05,24.978187184686114,25.10530264109673,24.74937897522142,25.03666114807129,4280400
2001-03-06,24.978207714988528,24.978207714988528,24.520590919930818,24.609573364257812,6046000
2001-03-07,24.609561002434777,24.609561002434777,23.948558866133617,24.101099014282227,6952600
2001-03-08,24.101108148877493,24.914646862410613,24.012125715522597,24.8815975189209,7897400
2001-03-09,24.914641905243705,24.978199665206063,24.25872535692125,24.58414077758789,8291600
2001-03-12,24.5841407697907,24.660410857572902,24.03754558599092,24.139236450195312,6746200
2001-03-13,24.12652916986688,24.129072023688224,23.51383135407694,23.935855865478516,9966800
2001-03-14,23.872299007500427,23.915517825965214,23.40959851546232,23.707048416137695,6944400
2001-03-15,23.643473872204247,23.732454299926758,23.391785822466904,23.732454299926758,7471800
2001-03-16,23.643475353920067,23.923128975556967,23.262128977243936,23.386701583862305,11282600
2001-03-19,23.185875442922292,23.503664316534877,23.109607277032886,23.376548767089844,5758600
2001-03-20,23.35112420831704,23.470613125737014,23.053674311524244,23.084182739257812,6389000
2001-03-21,23.00791925742895,23.020631590881642,21.95285958863747,22.176584243774414,11865800
2001-03-22,21.88928972822006,22.372329038569458,21.274051145170287,22.321483612060547,13565000
2001-03-23,22.283349555287305,22.57571561968158,22.092676288025228,22.425718307495117,11490200
2001-03-26,22.2452139688696,22.2452139688696,21.614720193801,21.70624351501465,17008200
2001-03-27,21.101170422436596,21.17744048897145,20.465593000074048,21.16472816467285,66045400
2001-03-28,21.228292767319733,21.950308021437795,21.228292767319733,21.935054779052734,34455000
2001-03-29,21.935050302380628,22.524866142986408,21.889288644935842,22.468935012817383,19979200
2001-03-30,22.626565936040432,22.68503993740188,22.174034927660294,22.237592697143555,15620600
2001-04-02,22.245209282802836,22.270631991200375,21.866405690683038,22.199447631835938,11472600
2001-04-03,22.041827716051767,22.2960587251856,21.813021359534254,21.89183235168457,11116400
2001-04-04,21.894377811909706,22.240132180672155,21.657942867676983,22.0952205657959,12378800
2001-04-05,22.095222424034763,22.62656441005799,21.88675109214538,22.59605598449707,13455200
2001-04-06,22.550285651405908,23.262133123946303,22.50198308736355,22.979936599731445,14415200
2001-04-09,23.09687975490227,23.196029663085938,22.926545496189625,23.196029663085938,10147000
2001-04-10,23.490953026819305,23.51637574781,23.109606393071033,23.396886825561523,16289800
2001-04-11,23.26469672285584,23.404522713474794,22.959618131302584,23.0943603515625,15299000
2001-04-12,22.918932656641942,23.236721512281377,22.913846948759335,23.122316360473633,10868200
2001-04-16,23.262140068270725,23.618063910792998,23.137567402258046,23.541793823242188,6262600
2001-04-17,23.605355670354815,24.06297239564006,23.597729048204933,24.01212501525879,10087600
2001-04-18,24.012119556189166,24.012119556189166,23.307900469766093,23.8850040435791,12834000
2001-04-19,23.70958231504651,23.71212322837588,23.318066363560618,23.6053466796875,7371600
2001-04-20,23.36892606849746,23.567226048588896,23.1121540120353,23.4172306060791,8518200
2001-04-23,23.478235663503156,23.66890893950285,23.10197481838926,23.363832473754883,6461200
2001-04-24,23.516366601346867,23.61551653238767,23.401963431570103,23.518909454345703,7869400
2001-04-25,23.521455626386597,23.943480095632736,23.516371858880877,23.89771842956543,6494000
2001-04-26,23.83416188049598,24.329911671758673,23.536712005738362,24.291778564453125,10850000
2001-04-27,24.29178070992758,24.32991382060108,23.99941457711228,24.248559951782227,8747000
2001-04-30,24.380753333146306,24.584136969746375,24.355330621024873,24.528207778930664,8663000
2001-05-01,24.558725976123885,24.81041424359086,24.46974547142642,24.609573364257812,9147400
2001-05-02,24.609569914598698,24.914646442119892,24.360422596740626,24.78753089904785,10672800
2001-05-03,24.843461167944206,24.843461167944206,24.421436648878583,24.59939956665039,6363200
2001-05-04,24.601938020840482,24.879050875814848,24.558719207560213,24.853628158569336,5647600
2001-05-07,24.96549191933345,25.016339300412806,24.751938737687922,24.9400691986084,6251200
2001-05-08,24.940076361292913,24.940076361292913,24.660422473743434,24.901941299438477,5246800
2001-05-09,24.901928919336093,25.00870742736907,24.660410213713128,24.978199005126953,9088600
2001-05-10,24.978205687429725,25.036679694129845,24.685839533187877,24.721431732177734,12467800
2001-05-11,24.792613499033813,24.868883597134673,24.655330425858935,24.72651481628418,7120800
2001-05-14,24.774800870815433,24.91208579201819,24.757004785083293,24.86124038696289,4081200
2001-05-15,24.861249856708337,24.901925808320627,24.497699447164376,24.68074607849121,9033600
2001-05-16,24.787522416174347,25.453608332188097,24.634984204615915,25.364625930786133,11319000
2001-05-17,25.321424812976474,25.72565339256231,25.143463765127333,25.59599494934082,9944800
2001-05-18,26.02461733676419,26.02461733676419,25.374001124709505,25.769474029541016,11779600
2001-05-21,25.641901880433895,25.756715587830122,25.34338468393257,25.67506980895996,8086400
2001-05-22,25.677634204846317,25.677634204846317,25.19541328603571,25.259199142456055,6592600
2001-05-23,25.399508830835284,25.450536697206882,24.85095050769311,24.935148239135742,10226200
2001-05-24,25.10610730293528,25.10610730293528,24.69532633286947,24.863719940185547,10597200
2001-05-25,24.914758039933627,24.93772001584748,24.736156458713552,24.812700271606445,4388800
2001-05-29,24.81269004974766,25.02956150148159,24.748904214144194,24.861167907714844,8487400
2001-05-30,24.965769615587536,25.029555435732927,24.621326576120186,24.774412155151367,9714400
2001-05-31,24.97853235054051,24.98108432888079,24.595817356241902,24.73614501953125,8384000
2001-06-01,24.738692424502858,25.05251951831065,24.64684068712442,25.00404167175293,7994600
2001-06-04,25.004042344892216,25.66486252964459,24.978528405286617,25.550048828125,9182400
2001-06-05,25.63680049765854,26.14453513658962,25.63680049765854,26.073095321655273,10625200
2001-06-06,26.073095562695823,26.40733267705246,25.98634582476716,26.305274963378906,10585400
2001-06-07,26.30528615530504,26.394585962792295,26.190472395191396,26.295080184936523,9031200
2001-06-08,26.215979532229348,26.277213391931156,25.782236610575143,26.02717399597168,5463800
2001-06-11,25.820506215954172,25.93532189129475,25.53474691005253,25.863882064819336,6293000
2001-06-12,25.846026782279672,26.02462638076673,25.70569713590439,25.97359848022461,9439400
2001-06-13,25.794994518651688,26.024623942758627,25.769480570770796,25.87664031982422,5863700
2001-06-14,26.090958608776273,26.131780531130335,25.897049124474147,25.978694915771484,5440200
2001-06-15,26.01952382363013,26.66248431128809,25.97359793546959,26.55532455444336,10441500
2001-06-18,26.279767231610414,26.907419691124165,26.274665220686156,26.55021858215332,6622300
2001-06-19,26.810455529502327,27.23399234943697,26.687985902258024,27.188066482543945,8909900
2001-06-20,27.35136233699221,27.657535480120544,27.30033445309865,27.35646629333496,9369500
2001-06-21,27.198293922271922,27.417717465503525,26.897224545274394,27.0554141998291,7974000
2001-06-22,26.534911434072797,26.938038440348844,26.31038596117209,26.733922958374023,10476800
2001-06-25,26.407329514077045,26.68798673312147,26.289963838716243,26.330785751342773,10655100
2001-06-26,26.050133518795068,26.458362456146986,25.764374235943286,26.080751419067383,9282500
2001-06-27,26.279769103224876,26.279769103224876,25.82561418163319,25.871540069580078,9671000
2001-06-28,25.667419337796847,26.835976289572535,25.641905393389916,26.636964797973633,8411200
2001-06-29,26.540010537961948,26.69309810596859,25.0703862364482,25.49392318725586,15867200
2001-07-02,25.56535624357849,26.504283605291814,25.56535624357849,26.12156867980957,9186000
2001-07-03,26.1266782918024,26.177706180945012,25.856225028896812,26.045032501220703,3207200
2001-07-05,25.77457946423354,26.045032729509696,25.769477453910234,25.978694915771484,4802400
2001-07-06,25.810304369656368,25.846024285903717,25.514337124647525,25.723554611206055,5774700
2001-07-09,26.024628731214243,26.662487278547925,25.60619367989053,26.596149444580078,8930300
2001-07-10,26.509393223935813,26.968650064666733,26.279763830275762,26.790050506591797,8461800
2001-07-11,27.04519915866438,27.4024002915873,26.841083669397126,27.223798751831055,12541900
2001-07-12,27.295235785972483,27.422807457918047,26.830874977954192,26.96354866027832,11805700
2001-07-13,26.841083604985666,27.366680307281214,26.841083604985666,27.07071304321289,5603800
2001-07-16,27.07071417313459,27.555487019273063,26.95334844349511,27.417709350585938,6763900
2001-07-17,27.07580517499293,28.055554421378638,26.534900728599542,28.019834518432617,12244400
2001-07-18,27.953501485062297,28.02494130312824,27.453420812011668,27.759593963623047,12274300
2001-07-19,27.912682716184616,28.024944465847803,27.433011975170874,27.65753936767578,9300600
2001-07-20,27.489164507778245,28.009657563976894,27.356490723221288,27.805543899536133,7102300
2001-07-23,27.677941512049028,27.734071393730815,27.25440276898248,27.351356506347656,5013800
2001-07-24,27.198270657556535,27.524853713269334,26.856379629416118,26.897201538085938,7183500
2001-07-25,26.968648839905498,27.172764279797835,26.61144973997756,26.892107009887695,9277100
2001-07-26,26.58592891560995,27.274816937444793,26.58592891560995,27.142141342163086,6024700
2001-07-27,27.147256329462344,27.31564994994721,26.92272890669648,27.05030059814453,4689600
2001-07-30,27.055393837989516,27.121731636308077,26.61144507266419,27.004364013671875,5332100
2001-07-31,27.004373556099967,27.75449569263256,26.86659784822897,27.60651206970215,8646900
2001-08-01,27.60651391252223,27.67795569658099,27.147256980253385,27.453428268432617,6722900
2001-08-02,27.453416454260083,27.555474155263994,26.94823385150327,27.142141342163086,5775200
2001-08-03,27.198285823463856,27.427915270863434,26.983966303617347,27.341167449951172,4769600
2001-08-06,27.402381204335995,27.58098067309841,27.055386282236267,27.228883743286133,6292800
2001-08-07,26.86660190419067,27.550386322191837,26.815572054137007,27.5452823638916,5419100
2001-08-08,27.147248274472602,27.652430932621574,27.147248274472602,27.407493591308594,4329000
2001-08-09,27.351354196718546,27.58098349907558,27.300326328011835,27.48402976989746,4991400
2001-08-10,27.606508750515445,28.09128148831191,27.535068926404445,28.075973510742188,8399200
2001-08-13,28.075967167219922,28.56584180466028,28.075967167219922,28.422962188720703,8773700
2001-08-14,28.576058762534736,29.111859475014356,28.550544813671802,29.08124351501465,11513500
2001-08-15,29.16287416722697,29.39250153427578,28.984272724803052,29.08633041381836,10725100
2001-08-16,28.86691968051816,28.882227659255086,27.851450194788363,28.0096378326416,11491500
2001-08-17,28.1222737775547,28.219546549591552,27.159777792739455,27.51815414428711,13234400
2001-08-20,27.64614408164134,28.158109712782846,27.64614408164134,28.081314086914062,8908400
2001-08-21,27.646133431930025,28.127380236741647,27.646133431930025,27.79972267150879,7946000
2001-08-22,27.840703191388947,28.106925665085683,27.610318170594205,28.045488357543945,6658000
2001-08-23,27.671746530973945,28.209310141626744,27.66662773313662,27.973806381225586,5555100
2001-08-24,27.80484342855444,28.158098874999634,27.78948313749638,27.953311920166016,5730100
2001-08-27,27.902118708188357,28.02499128291762,27.799725221412853,27.8253231048584,3922400
2001-08-28,27.75364673175619,27.89187763839223,27.49254521010582,27.579578399658203,4415700
2001-08-29,27.584709319611214,27.625665555387364,27.205853885463668,27.277528762817383,4759800
2001-08-30,27.28265515203374,27.64615036402731,27.036911827601706,27.180261611938477,5855600
2001-08-31,27.236574183027457,27.236574183027457,26.775804296318825,26.98571014404297,6947500
2001-09-04,28.337292226472865,29.084763408872618,28.158105066339047,28.74686622619629,18472000
2001-09-05,28.388498215563512,28.92606180541938,28.286104685830455,28.792951583862305,11788600
2001-09-06,28.92604021015271,29.263937238912664,28.746853131640872,29.151304244995117,14478600
2001-09-07,28.567682531597608,28.79806746189153,28.10691462400371,28.531845092773438,9129200
2001-09-10,28.516477355745618,28.798057976472467,28.18881976413668,28.47551918029785,6714100
2001-09-17,29.182044400288174,29.182044400288174,28.06084023956551,28.577924728393555,12235300
2001-09-18,27.92772802087444,28.158112972154527,27.323608349959596,27.902130126953125,13398000
2001-09-19,27.902123377025887,27.907242173374193,26.673405236106188,27.41063690185547,11933800
2001-09-20,26.878187203340783,27.257042510857296,26.801391601562496,26.8013916015625,9463300
2001-09-21,25.854261883486267,28.158107001816727,25.700672599529643,26.74508285522461,16859600
2001-09-24,27.46693771320944,27.543731332463352,26.494202912052994,26.83209991455078,12970200
2001-09-25,26.832100264777925,27.210955431550175,26.622194577956048,27.10344123840332,9199300
2001-09-26,27.354319795869348,27.712696075439453,26.929387447223494,27.712696075439453,9099400
2001-09-27,27.763900052758288,28.173472227707933,27.528396296286516,27.891891479492188,10007400
2001-09-28,28.26049675017948,28.362890243530273,27.85092472976975,28.362890243530273,10683400
2001-10-01,28.362881765667154,28.388479643105107,27.927710037250506,28.373119354248047,8417200
2001-10-02,27.92771475773093,28.234895197886104,27.523261585672866,28.15298080444336,9826400
2001-10-03,27.697337165339825,27.87652629057945,27.159773695608358,27.784372329711914,10885800
2001-10-04,28.15809884738696,28.286090205784173,27.789483110245182,27.87651824951172,8284000
2001-10-05,27.95331125817546,28.516474394134505,27.932834125571553,28.00450897216797,6698900
2001-10-08,28.286092477098304,28.711024758534936,28.183698991559925,28.55231475830078,5459000
2001-10-09,28.54208330572425,28.567681196117164,28.219544418390793,28.383373260498047,4072300
2001-10-10,28.188820098539303,28.787818774119042,28.158101466589066,28.6905460357666,6301500
2001-10-11,28.23489651164555,28.37824621859206,27.594939672786797,28.127382278442383,10660100
2001-10-12,27.902133060228113,28.403859255208676,27.799739520784374,28.337303161621094,5597700
2001-10-15,28.234903625885384,28.526723861694332,28.086433133142226,28.526723861694336,4815600
2001-10-16,28.670080967402377,29.2332424909215,28.516491638533008,29.064294815063477,14154300
2001-10-17,29.412411772514098,29.770787932779196,29.182026958558467,29.57624053955078,12369400
2001-10-18,29.694004278660998,29.898791296263052,29.514817103004503,29.734962463378906,8906800
2001-10-19,29.734973957692997,30.00119444929429,29.59162220876019,29.909040451049805,7054800
2001-10-22,29.801514068272912,30.246925501007613,29.796395272112164,30.190608978271484,9164400
2001-10-23,30.195736996581374,30.36980541411314,29.909035499177822,30.129180908203125,7230900
2001-10-24,30.13428247957974,30.543854391626084,30.077965975487192,30.339067459106445,8644000
2001-10-25,30.103573819590128,30.246925501007613,29.591608271797803,30.190608978271484,6093800
2001-10-26,30.103579625198364,30.200854347954653,29.821998910207213,30.037023544311523,5503500
2001-10-29,29.77080513218026,30.446599674879636,29.729846940261954,29.980710983276367,6316900
2001-10-30,30.10869499052718,30.25716351719168,29.540412912037848,29.617206573486328,8137200
2001-10-31,29.68888260396511,29.944865374655294,29.46361651584187,29.647924423217773,7082500
2001-11-01,29.478979704664454,30.374919490052573,29.45337986268694,30.139413833618164,6926800
2001-11-02,30.139392740368542,30.29810266578373,29.980684767945732,30.195709228515625,4489600
2001-11-05,30.267391017553848,30.349305395630054,29.7298277893667,29.939733505249023,7607300
2001-11-06,30.06774361337455,30.20597457885742,29.668411015086733,30.205974578857422,6896700
2001-11-07,30.205981023260886,30.64115115511008,29.94999813323325,30.07798957824707,7599000
2001-11-08,30.395401330225482,30.615546724921085,30.026787375265204,30.205974578857422,7511200
2001-11-09,30.205972415691576,30.60530498538165,30.16501422752136,30.492673873901367,5831400
2001-11-12,30.257171373141308,30.610428947702104,30.12406115360714,30.216215133666992,4374800
2001-11-13,30.257165154612004,30.610422656570424,30.246927561593065,30.538747787475586,5801700
2001-11-14,30.53875380796656,30.845932436929214,30.364685397422633,30.7537784576416,6623500
2001-11-15,30.84593653678894,31.07120076443607,30.492680871229823,30.717945098876953,6663800
2001-11-16,30.810376180601725,30.88226674493711,30.492002841886045,30.76929473876953,5750200
2001-11-19,30.712800409837673,30.861715689435094,30.425236289921056,30.759016036987305,5998200
2001-11-20,30.502266091166703,31.246848441512164,30.425239385124513,31.21090316772461,7344100
2001-11-21,31.06712648031886,31.29820467235985,31.020910841910663,31.24685287475586,6139100
2001-11-23,31.01578276831721,31.308481216430664,31.000376246557277,31.308481216430664,2482700
2001-11-26,31.174942013379216,31.221157621688132,30.815487499739795,31.067106246948242,6273100
2001-11-27,30.81037178138485,31.18523106966055,30.764156145357944,30.815505981445312,6893500
2001-11-28,30.81035766267356,30.928463798649435,30.75900785011702,30.80522346496582,7277100
2001-11-29,30.219833364202636,30.404695874617474,29.783353960400078,30.029836654663086,12480300
2001-11-30,29.90146517581476,29.937410452365654,29.531740092581973,29.91173553466797,13867800
2001-12-03,29.690922273834072,30.163348900127364,29.680651916863535,29.942541122436523,8216700
2001-12-04,29.52659968161309,29.60362637737409,29.24417172860649,29.38795280456543,12444800
2001-12-05,29.516317868909756,29.516317868909756,29.013082339501327,29.06443214416504,13067300
2001-12-06,28.807674025114473,29.218480224062358,28.50470553076843,28.58686637878418,12811100
2001-12-07,28.458506111174636,29.18255156697913,28.458506111174636,29.090120315551758,10532600
2001-12-10,29.013094831160828,29.03363554541796,28.509859085083008,28.509859085083008,8982900
2001-12-11,28.705000941871223,29.233911766965843,28.627974218720908,28.8282413482666,11586400
2001-12-12,28.75634946329829,28.977157303386853,28.633107103695263,28.782024383544922,11153800
2001-12-13,28.78714987329006,29.1466025412576,28.67931211402967,28.87444496154785,9149800
2001-12-14,29.03876545336405,29.12092633938099,28.874443681330167,28.910388946533203,6716500
2001-12-17,29.03876704306476,29.577948009497284,28.961742310071624,28.987417221069336,8157500
2001-12-18,29.372545682151127,29.393086393741747,29.08498159649267,29.16200828552246,7417100
2001-12-19,29.24416963038624,29.778216386874266,29.17741329610771,29.62929916381836,6978500
2001-12-20,29.72173334474569,30.20956452705964,29.6447066469018,29.942541122436523,8230200
2001-12-21,30.22496062037867,30.697385155527286,30.06577307021177,30.661439895629883,13791800
2001-12-24,30.66143846308534,30.681979170315522,30.50738707659827,30.533061981201172,2423800
2001-12-26,30.32767021980933,30.90279648907659,30.322534061969208,30.640907287597656,3998300
2001-12-27,30.471446782896837,30.856576291296,30.471446782896837,30.82063102722168,4542900
2001-12-28,30.82062713588097,30.88738345739192,30.687114492859067,30.738466262817383,4049800
2001-12-31,30.65632384648288,30.717944048661757,30.23524887366389,30.34821891784668,4943700
2002-01-02,30.245512441347365,30.450913722105213,29.567684492992573,30.142810821533203,7054600
2002-01-03,30.142804382774237,30.158208936851153,29.721729594464758,30.13253402709961,6413100
2002-01-04,30.132543216073273,30.245515204075136,29.757683934550574,29.855249404907227,4778400
2002-01-07,29.73199357629456,30.04009634500315,29.660101101984235,29.71658706665039,4509300
2002-01-08,29.82443589296953,29.83470429139251,29.269848352351413,29.521467208862305,4505900
2002-01-09,29.24417925321672,29.680658751182488,29.141477618733376,29.2236385345459,6491400
2002-01-10,29.10037547965056,29.983606165466014,29.064430226983124,29.927120208740234,5305900
2002-01-11,29.824449223202215,29.999039498612152,29.654991190427292,29.901473999023438,5158500
2002-01-14,30.132542695247025,30.46118633589494,30.019570709197826,30.255783081054688,5401200
2002-01-15,30.36361461193258,30.5176660418909,30.111995774533494,30.384153366088867,6218100
2002-01-16,30.47144611364363,30.805225797139997,30.38928523201113,30.594688415527344,6373800
2002-01-17,30.59468602530809,30.800087233907337,30.409823566359915,30.72306251525879,5591900
2002-01-18,30.723069280462493,30.86171419633338,30.615231516417055,30.656312942504883,8949200
2002-01-22,30.6614375762378,30.733328090594437,30.050366245336804,30.358469009399414,9612600
2002-01-23,30.36360619580611,30.43549671260217,29.978476748224644,30.18387794494629,7261200
2002-01-24,29.783353329164598,29.89118913833098,29.649842607178165,29.80389404296875,6873700
2002-01-25,29.809027507591,29.886054203023757,29.57794938016296,29.603626251220703,5527000
2002-01-28,29.531731912324286,29.77308038134472,29.459841379136098,29.6857852935791,5286700
2002-01-29,29.73200299124242,30.163348179346166,29.177415481307502,29.36227798461914,5898700
2002-01-30,29.372554779052734,29.62417171792023,29.218503312152333,29.372554779052734,7920200
2002-01-31,29.377684928242978,29.55227708902126,29.172283653655263,29.531736373901367,6754000
2002-02-01,29.4033573777838,29.95281068739229,29.4033573777838,29.57794952392578,5901100
2002-02-04,29.552262073888933,29.6344229337532,28.756328376665813,28.915515899658203,7657400
2002-02-05,28.50472030400334,28.936065469357985,28.088781652358957,28.49958610534668,12762300
2002-02-06,28.499597828653602,29.01310409583655,28.499597828653602,28.694730758666992,7157900
2002-02-07,28.694720343142347,29.32119642967686,28.65363891642127,29.007959365844727,6952400
2002-02-08,28.787154197327983,29.30066032455122,28.37121352908381,29.208229064941406,6542900
2002-02-11,29.208231396179045,29.706331047309227,29.141475045828187,29.2955265045166,4444000
2002-02-12,29.295533567986126,29.464991584610942,29.064455344802763,29.42391014099121,4910200
2002-02-13,29.886052935305017,30.240371409751564,29.757676420942772,29.829566955566406,7287500
2002-02-14,29.87592993233206,29.90168465135087,29.38658241113825,29.515357971191406,7137300
2002-02-15,29.721382456970673,29.922271900028903,29.36081070445074,29.48443603515625,6148300
2002-02-19,29.61323215922821,29.669891761791796,29.232055591775374,29.319622039794922,5012900
2002-02-20,29.61323489042223,30.13348739801083,29.44325017217596,29.937747955322266,5536600
2002-02-21,30.00470060315625,30.365272505542162,29.8398680703442,29.875925064086914,7052500
2002-02-22,29.875924983787538,30.653728373093934,29.85017026903465,30.597068786621094,7805400
2002-02-25,30.885527882185247,30.92158487950428,30.597071903633008,30.751602172851562,8391700
2002-02-26,30.751610651699075,31.03491655087281,30.519814201480735,30.911291122436523,7768000
2002-02-27,31.019447011895682,31.184279515652094,30.88551937449457,31.02459716796875,6807400
2002-02-28,31.029770112360346,31.40579463670591,30.967956408251116,31.36973762512207,6439200
2002-03-01,31.36972903701805,32.14238244221594,31.215196784011095,31.987850189208984,9202100
2002-03-04,32.19388462795242,32.19388462795242,31.884824121507588,31.895124435424805,8455600
2002-03-05,31.89512227850739,32.01874765170039,31.47789081951815,31.58091163635254,7700000
2002-03-06,31.828168706084004,32.34327095943396,31.730298020373652,32.204193115234375,7264800
2002-03-07,32.70901267514434,33.018073426248186,32.59568948275811,32.77082443237305,11207800
2002-03-08,33.172577343140674,33.21893464762111,32.50294301458517,32.79140090942383,10364300
2002-03-11,32.79142052575222,33.172597187494766,32.662644918603505,32.86868667602539,7239000
2002-03-12,32.868678802441266,32.868678802441266,32.43599278747168,32.78626251220703,7505800
2002-03-13,32.786271081934004,32.97170827467074,32.58022932001321,32.91504669189453,6200600
2002-03-14,32.91502280137371,33.32195390507889,32.81200199518831,33.162269592285156,7572700
2002-03-15,33.37863853454283,33.723756214277635,33.19834954281546,33.27561569213867,13573000
2002-03-18,33.32711918956538,33.55891759608998,33.12108140143538,33.3065185546875,8274600
2002-03-19,33.35285349441775,33.84219880769753,33.327096823227755,33.73402786254883,6706300
2002-03-20,33.73404682355555,33.73404682355555,33.141678422477604,33.21894454956055,7227800
2002-03-21,33.12106529318496,33.471334864540715,32.806850745249236,33.37861633300781,6192500
2002-03-22,33.24985247818297,33.677384367543524,33.157133914121495,33.404380798339844,5583600
2002-03-25,33.40436727961118,33.94007388517526,33.14681625366211,33.14681625366211,6519100
2002-03-26,33.24985344074464,33.55376189679397,33.15198275086913,33.33226776123047,6034100
2002-03-27,33.45588223553897,33.723737547607634,33.38892037248052,33.55375289916992,6347900
2002-03-28,33.55375369206674,33.73919078021399,33.39407328335231,33.45588302612305,5604700
2002-04-01,33.06955271599847,33.631016039522365,33.04379996936307,33.28074645996094,8185800
2002-04-02,33.17257336585526,33.502238369025854,33.048949972145486,33.198326110839844,5218200
2002-04-03,33.32712604545264,33.37863943300111,32.8635350319142,32.97685623168945,6996500
2002-04-04,32.71929306735511,33.095317450058744,32.46174195879434,32.69868850708008,8472200
2002-04-05,32.69869370017932,32.827469274911415,32.348423979711264,32.47719955444336,7208300
2002-04-08,32.34839952570687,32.729575803343046,32.21962404832352,32.647159576416016,6099300
2002-04-09,32.83260768094924,32.863512548399044,32.40507200828084,32.45143127441406,7770700
2002-04-10,32.40506663801698,32.70897689564572,32.348405103804446,32.678070068359375,7254400
2002-04-11,32.575053457818306,32.80684780088892,32.296897888183594,32.296897888183594,7491900
2002-04-12,32.29691039681199,32.374174552773916,31.88482900347117,32.281455993652344,6372500
2002-04-15,32.50294454571014,32.554455939157165,31.823009871879332,32.01874923706055,6677300
2002-04-16,32.45142058883707,32.94076780023174,31.94662094880566,32.58534622192383,9999000
2002-04-17,32.34842111738543,32.693540648908666,31.96724655028359,32.204193115234375,9971400
2002-04-18,32.204208436023556,33.2189590217069,32.142396686403885,33.11594009399414,8094900
2002-04-19,33.32711555550928,33.35287224117642,33.01805497709597,33.21894454956055,6608500
2002-04-22,33.074717728942275,33.141679612194764,32.487501429901606,32.62657928466797,7123600
2002-04-23,32.75533496619809,32.940771993274765,32.3020446738949,32.34840393066406,6699100
2002-04-24,32.54931154366386,33.39408091209193,32.5184066652184,32.765655517578125,6929700
2002-04-25,32.68324831882558,33.172596001487214,32.60598217131488,32.657493591308594,6789100
2002-04-26,32.57506822898069,33.193191342359604,32.52870894635329,32.765655517578125,5438400
2002-04-29,32.60596842884645,32.91503092366862,32.40507888793945,32.40507888793945,6343300
2002-04-30,32.4102196306661,33.121062965773184,32.36386233311566,32.89441680908203,8313800
2002-05-01,32.95109054952174,33.29105598052557,32.89957914712791,32.94078826904297,7117100
2002-05-02,32.837751425401514,33.06954574584961,32.734730635781176,33.06954574584961,5380500
2002-05-03,33.007748876550146,33.05410618672524,32.47719229113698,32.67293167114258,6039500
2002-05-06,32.78626027988085,32.930488286730835,31.962095468694233,31.987850189208984,5620600
2002-05-07,31.987838701248535,32.09085951126836,31.024598352223975,31.122467041015625,12821700
2002-05-08,31.204905010750313,31.539720399023057,30.473458565135832,31.36973762512207,12847100
2002-05-09,31.29247063624763,31.874536895390417,31.184299604404014,31.611833572387695,6005600
2002-05-10,31.472743179794307,32.27630330758236,31.472743179794307,31.85906982421875,5920600
2002-05-13,31.817859175890295,32.24539292698337,31.627271935762476,31.85391616821289,6086000
2002-05-14,31.550012124037654,31.653032964781435,31.01430532413728,31.44184112548828,11451100
2002-05-15,31.050355322859534,31.292453949278585,30.906127357312183,31.029752731323242,9889700
2002-05-16,31.15339039506885,31.343977717456557,31.03491708845165,31.1894474029541,7215100
2002-05-17,30.856053705014645,31.838070969108546,30.856053705014645,31.77088165283203,6402100
2002-05-20,31.77089118003412,31.77089118003412,31.114488942504742,31.243701934814453,6951500
2002-05-21,31.34708475640705,31.615846148544765,31.279893422555343,31.341915130615234,5296300
2002-05-22,31.993142092177518,32.34976929029607,31.672692407525307,32.04482650756836,9556600
2002-05-23,32.044826183241874,32.251567785980924,31.579658562896032,31.915613174438477,9079300
2002-05-24,31.915613842865042,32.106848547841665,31.646850542329034,31.734716415405273,5640200
2002-05-28,31.708860255901904,31.838073218593653,31.553805094998474,31.63650131225586,5106500
2002-05-29,31.76573472266156,31.863937899366352,31.65719623732589,31.71405029296875,4892400
2002-05-30,31.34707753673387,31.962130764789215,31.331570634564443,31.719209671020508,7590400
2002-05-31,31.853605165609338,32.14304116781605,31.698549882765047,31.708885192871094,5661300
2002-06-03,31.579660601533835,31.91044758159721,31.011124114750412,31.03696632385254,6301700
2002-06-04,30.75269034086567,30.9749368321522,30.38572593772137,30.701005935668945,10291000
2002-06-05,30.587308485353663,30.881914034732496,30.396073753848924,30.809555053710938,6962200
2002-06-06,30.93875334773985,31.005944643101525,30.158305917551957,30.365047454833984,6153800
2002-06-07,29.92573644590587,30.318543162143484,29.837870566394706,30.137645721435547,8501800
2002-06-10,30.266871282153552,30.737206794491225,30.054961918828557,30.494285583496094,5136700
2002-06-11,30.365073534607877,30.365073534607877,29.4554143268778,29.71384048461914,8911200
2002-06-12,29.899909260400438,29.967100621557336,29.047104020202045,29.584630966186523,8400400
2002-06-13,29.27966159987163,30.122128796752396,29.227975225697808,29.672468185424805,6887100
2002-06-14,29.460564341563245,29.786181657395918,29.103937167216746,29.367530822753906,8495000
2002-06-17,29.36236835456905,29.79135457003684,29.310681961863466,29.693153381347656,5789700
2002-06-18,29.460567643988608,29.589780659971012,29.016074553547664,29.181467056274414,9990800
2002-06-19,28.995396545876574,29.43472193089526,28.979891616727485,29.134946823120117,9376000
2002-06-20,28.892025659592132,29.072923058860418,28.390678622143195,28.447532653808594,10125100
2002-06-21,28.039223005186837,28.3493334387104,27.13473194050339,27.393157958984375,19734200
2002-06-24,27.444844391230117,28.333830591068317,26.95383649733428,27.977203369140625,10291000
2002-06-25,28.189114449323277,28.58192118396515,27.403499008405205,27.568891525268555,9529700
2002-06-26,26.927986188389827,28.27180246043558,26.87630178131004,27.982364654541016,10219700
2002-06-27,27.982369343497883,28.158099117303145,27.49652913198172,28.121919631958008,9805300
2002-06-28,27.83246794320076,28.08055853601486,27.00550587259743,27.01067352294922,14696800
2002-07-01,26.721251294746452,27.005519527019842,25.976983083256446,26.101028442382812,11162500
2002-07-02,26.540349583266472,26.876304174096248,26.126868374914856,26.674732208251953,13270100
2002-07-03,26.876307344282726,27.444843826373507,26.643723521014987,27.36731719970703,9639300
2002-07-05,27.36732100310477,28.34933887879603,27.28462474018725,28.21495819091797,4462400
2002-07-08,28.220133058944388,28.297661687839017,27.62575413341366,27.69294548034668,9284600
2002-07-09,27.74462223264917,27.91001475494774,26.9279949286199,27.196758270263672,9961700
2002-07-10,26.927997000338518,26.927997000338518,25.734069761367497,25.997663497924805,16242700
2002-07-11,25.377434872749998,26.43698315282464,25.377434872749998,26.349117279052734,15809200
2002-07-12,26.555858797000695,26.555858797000695,25.553164561328682,26.101028442382812,9013200
2002-07-15,25.584186008998326,25.682387225304932,23.54778888291912,25.325759887695312,20573100
2002-07-16,25.532490368286116,26.798776229644925,25.222377975836512,25.894285202026367,13834600
2002-07-17,26.721252917822703,27.0313633770239,25.89945803214189,26.483501434326172,9856000
2002-07-18,26.266419391776004,26.540350330338345,25.610017092451205,25.70305061340332,10158700
2002-07-19,21.449364905294324,22.793179749261355,21.423522691301603,21.63026237487793,50702400
2002-07-22,21.501041745805207,22.534745713808032,21.397672926312005,21.981714248657227,26346200
2002-07-23,22.27632022330043,23.620136594936923,22.172951401480148,22.7828369140625,20166800
2002-07-24,22.824179151443925,25.222371581196224,22.741482928750173,24.65383529663086,21613600
2002-07-25,24.627994513280704,25.816753522241346,24.214511404395623,25.17068862915039,14378200
2002-07-26,25.558336914904693,25.687549940792348,25.015642600503412,25.641033172607422,10629900
2002-07-29,25.842602727992354,26.566196393029788,25.27406625663017,26.49383544921875,14282100
2002-07-30,26.12687910796513,26.876315215018554,25.94598162113332,26.32845115661621,15269400
2002-07-31,26.28192186451347,27.393154387765,25.558330290081088,27.186412811279297,16838000
2002-08-01,27.393153679038985,27.39832133108222,26.462820552190824,26.576526641845703,11427200
2002-08-02,26.92800838691567,27.64643485602685,26.571380952152712,27.005537033081055,10881400
2002-08-05,27.134730828556837,27.134730828556837,25.71338778515624,25.894285202026367,9156700
2002-08-06,26.23024239121765,27.083049090127655,26.204400182203383,26.40080451965332,7914300
2002-08-07,26.617863669936487,27.155389933744562,26.343932888333438,27.139883041381836,9141000
2002-08-08,27.356986890105958,28.313162663985516,26.979685023648386,28.20462417602539,9260200
2002-08-09,27.961703271168084,28.416533759873545,27.599908307960572,28.173612594604492,6758600
2002-08-12,27.858325914354122,28.40102016533316,27.599899892779906,28.20978546142578,5477200
2002-08-13,27.96169622988553,28.401021672861567,27.54821496774598,27.584394454956055,6109900
2002-08-14,27.646419446208245,28.685291290283203,27.145072282824472,28.685291290283203,8291800
2002-08-15,28.943712326713104,29.196970677090775,28.623264635153426,28.928207397460938,8894600
2002-08-16,29.044939380780896,29.190189377701294,28.60918741113691,28.69737434387207,7837000
2002-08-19,28.536563560140706,29.247255646093777,28.531376907775087,28.998254776000977,6412600
2002-08-20,28.738875946451373,28.91006316293982,28.183811187510354,28.47949981689453,6432000
2002-08-21,28.681805843501433,28.98786968043311,27.779176263418794,28.47430419921875,8392800
2002-08-22,28.583250457912882,29.25244138859454,28.401687947518454,29.153879165649414,5719100
2002-08-23,29.153872557073203,29.231684195796987,28.27199346602616,28.4379940032959,4753800
2002-08-26,28.526167719241958,28.956730765224215,28.168227643419982,28.899667739868164,4402400
2002-08-27,29.018982641169533,29.309484438264754,28.20454225845217,28.401668548583984,5939300
2002-08-28,28.271998245211208,28.463936027834624,28.012622114521196,28.199373245239258,5038700
2002-08-29,27.934784445780387,28.360160775763546,27.83103566588684,28.095598220825195,5092100
2002-08-30,27.789546390020657,28.4898608465591,27.7117327931244,28.173423767089844,5920800
2002-09-03,27.950358872045854,28.090422152307685,27.244855821341158,27.327856063842773,8362000
2002-09-04,27.62355723853546,28.35499782992165,27.441994743074726,28.188997268676758,8110000
2002-09-05,28.188986780707992,28.51580112982585,27.67542137495136,28.230485916137695,6751900
2002-09-06,28.583236058368467,28.629923820218718,28.271985631954774,28.48986053466797,5497900
2002-09-09,28.14230917996518,28.899686979738373,28.1163719635943,28.63512420654297,7212600
2002-09-10,28.712937788445565,28.790751421678937,28.34981277704422,28.733688354492188,5240400
2002-09-11,29.17980626075161,29.17980626075161,28.764804967486263,28.780366897583008,3514300
2002-09-12,28.271983438262833,28.47948502569271,27.86735751954455,27.997045516967773,6020300
2002-09-13,27.77916614817274,28.261605613408996,27.675415363810238,28.085229873657227,5852500
2002-09-16,28.085246991793746,28.526187599370076,27.83105949300242,28.47949981689453,4178000
2002-09-17,28.479484945397132,28.681797904185867,27.696168334995548,27.79991912841797,6619100
2002-09-18,27.535361827318933,28.334238540235123,27.52498654807558,27.934799194335938,6092900
2002-09-19,27.49386561282349,27.856992535561815,26.87136259939815,26.954362869262695,7171100
2002-09-20,26.954352018126254,27.36416655136264,26.94916536910884,27.130727767944336,14184300
2002-09-23,26.71573163874635,27.54573416024194,26.68979443099001,27.416046142578125,6307600
2002-09-24,26.923238890281155,28.06449210134088,26.9024883281827,27.810304641723633,9870800
2002-09-25,28.142310983711205,28.1682482017445,27.46793342043111,27.8310604095459,8673100
2002-09-26,28.11116893393192,28.868548324644202,27.950357087473595,28.811485290527344,8433500
2002-09-27,28.68180084870279,29.127927921002026,28.42761147766648,28.583236694335938,9142200
2002-09-30,28.142296464957973,28.422423024517773,27.856983256020484,28.054109573364258,9658600
2002-10-01,28.50543294654129,29.20574760437012,28.168243234915533,29.205747604370117,10937400
2002-10-02,29.833459680053494,30.554527420660015,29.833459680053494,30.243274688720703,14252400
2002-10-03,30.321063671590878,30.663440012658636,29.69856069359066,30.07724952697754,9910400
2002-10-04,30.07723488941829,30.129111266686593,29.30429566749433,29.54292106628418,8789500
2002-10-07,29.542930355715367,30.206932362485777,29.31467818172648,29.41324234008789,7987000
2002-10-08,29.776374120030475,30.5804395545526,29.506622765303117,30.341814041137695,9291600
2002-10-09,29.828256748535363,29.957944821355085,28.873752453426913,29.153879165649414,13585700
2002-10-10,28.790735493790738,29.5999893119596,28.323857910446815,29.465112686157227,10439800
2002-10-11,29.58442949169748,29.698555578691924,28.692177289820258,29.41324234008789,11088200
2002-10-14,29.418416674437605,30.035732636879093,29.418416674437605,29.999420166015625,8537200
2002-10-15,30.528556122147126,31.01099566753909,29.797115840243492,30.89687156677246,16208800
2002-10-16,30.76200408056661,31.021380172272707,30.269189110548517,30.55450439453125,8431200
2002-10-17,30.86574737110648,31.228874206542965,30.632308549834306,31.22887420654297,7710900
2002-10-18,30.813872535192807,31.125122973373735,30.710121729505154,30.787933349609375,8034900
2002-10-21,30.865764746604473,31.79951857845621,30.81907695606773,31.700956344604492,9120500
2002-10-22,31.472684339396203,31.700936496391172,30.19136818603359,31.03174591064453,13097000
2002-10-23,30.512989669712123,30.65823958308418,29.439173286982076,30.061676025390625,12622700
2002-10-24,30.061688586079065,30.487065206302514,29.413248374899112,29.93718719482422,7484100
2002-10-25,29.942384269617378,30.1654479234866,29.615569756921047,29.963132858276367,6248800
2002-10-28,30.07724446007502,30.17061998998885,29.516993259474106,29.70893096923828,4633100
2002-10-29,29.579237378036552,29.76598840266544,28.977485175833316,29.179798126220703,7658100
2002-10-30,29.423627297271025,29.900878401901434,29.340627019123012,29.724502563476562,6951100
2002-10-31,29.745240496635745,30.60636875883062,29.74005384721516,30.476680755615234,10225200
2002-11-01,30.258802121839235,30.606364977654497,29.807486501611244,30.3936767578125,6595400
2002-11-04,30.86573948274758,30.917613883602936,30.27954925445058,30.45592498779297,5810000
2002-11-05,30.461122843430392,31.125124874170407,30.461122843430392,31.06806182861328,5490000
2002-11-06,31.07323154453133,31.76835898944603,30.658228549032867,31.265169143676758,9856400
2002-11-07,31.27037482367425,31.332626498217735,30.81906106708578,31.06806182861328,5367900
2002-11-08,31.176980314525004,31.612731876693633,31.099168737029746,31.265169143676758,7055300
2002-11-11,31.26517769336788,31.63867969990097,30.87092513560929,31.12511444091797,7682300
2002-11-12,31.22887739962858,31.441565685449692,30.964312715508264,31.135501861572266,6361700
2002-11-13,31.125120542014187,31.40005847355978,30.606368532980618,31.088808059692383,7231900
2002-11-14,31.317056977618435,31.524558564478127,31.125119296046385,31.363744735717773,4675100
2002-11-15,31.36113482040355,31.428802555241035,31.126901881053698,31.309083938598633,6941400
2002-11-18,31.17896568702236,31.335120372834886,30.75214195251465,30.75214195251465,6652200
2002-11-19,30.710514817406725,30.840644117480483,30.40861388814015,30.60641098022461,7504500
2002-11-20,30.50228234021488,31.231006622314453,30.37735942566942,31.231006622314453,5325100
2002-11-21,31.23102487922744,31.387179606500563,30.746943834750212,30.960355758666992,7669300
2002-11-22,30.960351655988934,31.16855925517274,30.445040925711982,30.47627067565918,8759000
2002-11-25,30.273267247849116,30.75734819442808,30.059855367091753,30.523115158081055,6340100
2002-11-26,30.06505511027508,30.320109263587604,29.305100916868234,29.36235809326172,9157600
2002-11-27,29.591385724955384,30.268059300693402,29.51330937933407,30.05464744567871,6314400
2002-11-29,30.054641436131302,30.054641436131302,29.44563573686313,29.679868698120117,3977700
2002-12-02,29.456067361848703,29.4612716599896,28.238057078485713,28.992807388305664,16267800
2002-12-03,28.992797093511868,29.383184840770248,28.888693297120014,29.06046485900879,7983900
2002-12-04,29.060470285934763,29.70591036999102,28.977185644776398,29.528934478759766,6885900
2002-12-05,29.63824241938906,29.63824241938906,28.97718547615481,29.081289291381836,5608300
2002-12-06,28.62843637651662,28.987592408964293,28.529538856582736,28.76897621154785,6843800
2002-12-09,28.670073982300277,29.117716882378186,28.576380774336062,28.919921875,6364200
2002-12-10,29.07087404025249,29.091695197075424,28.6284353786466,29.076080322265625,7587300
2002-12-11,28.836636225714702,29.346742534784656,28.836636225714702,29.2374324798584,5503400
2002-12-12,29.242639842774626,29.242639842774626,28.581583136031952,28.654455184936523,6618600
2002-12-13,28.65966326521348,28.852253975925848,28.336941334640336,28.581584930419922,6102000
2002-12-16,28.508722149666326,28.945956598372835,28.34215683450339,28.930341720581055,7184900
2002-12-17,28.60240924036882,28.62843469296675,28.238046947153567,28.456663131713867,6540000
2002-12-18,28.23284858776132,28.404618199519636,27.675893459850876,27.95176887512207,8207700
2002-12-19,27.681096898957893,28.201613949354822,27.681096898957893,27.80081558227539,5661200
2002-12-20,28.081904509334557,28.571189982937007,27.977800667865885,28.378599166870117,10787800
2002-12-23,28.57117873278218,28.57117873278218,28.133944359271165,28.36817741394043,5118700
2002-12-24,28.23806183054323,28.831451199237687,28.23806183054323,28.576398849487305,3333300
2002-12-26,28.60761741572807,28.706516928871253,27.946560504907136,28.035049438476562,4564500
2002-12-27,27.97778382395995,28.185991381546817,27.58739614269539,27.6446533203125,4307400
2002-12-30,27.691503665931286,28.17558461500587,27.63945077668877,27.9934024810791,5465800
2002-12-31,28.003814918116205,28.196405657062982,27.717530957927245,27.956968307495117,6322300
2003-01-02,28.2380478137435,28.831436887891538,28.02984021534094,28.800207138061523,6483400
2003-01-03,29.148948648374432,29.638233857293766,29.148948648374432,29.570568084716797,8743800
2003-01-06,29.44044518327075,29.955755952934652,29.336341375721837,29.851652145385742,5920900
2003-01-07,29.721529289227387,29.731939870787915,29.096910280518863,29.180192947387695,6527800
2003-01-08,29.18018680332607,29.341545819500666,28.862671082238663,29.00841522216797,5548400
2003-01-09,29.341546470892254,29.72152369101141,29.107313393937975,29.591394424438477,5949800
2003-01-10,29.59139646665461,29.799604101786525,29.32072932084436,29.773578643798828,5190500
2003-01-13,29.77357274124894,29.77357274124894,29.024026991862105,29.16977310180664,7579200
2003-01-14,28.940751543101996,29.393602874426513,28.93554724548902,29.336345672607422,4987800
2003-01-15,29.461257618895612,29.46646390017069,28.560763562916094,28.62843132019043,7758700
2003-01-16,28.992797780609006,29.018823233920056,28.191201110693974,28.461870193481445,7760500
2003-01-17,28.467074000747367,28.706513329693216,28.38379136021418,28.519126892089844,5628700
2003-01-21,28.784600326178523,29.1489627577738,28.003824538023867,28.102724075317383,9805400
2003-01-22,28.10272302433212,28.493110903809725,27.81123269283395,28.107927322387695,9650200
2003-01-23,28.34215757086671,28.60241613077253,28.238053749781336,28.524337768554688,6783600
2003-01-24,28.529537562121007,28.57638417167253,27.675888011891665,27.904916763305664,7866700
2003-01-27,27.613419260732872,27.8216268007494,26.910722288002038,27.16057014465332,10544800
2003-01-28,27.483296105395233,27.644657083772977,26.93154937822142,27.60822105407715,7595000
2003-01-29,27.197020435784015,27.535357369422666,26.96278732677382,27.27509880065918,9095300
2003-01-30,27.207432817904728,27.353176990663457,26.82745552062988,26.827455520629883,7733300
2003-01-31,27.118934979231803,28.003814278752305,26.936754822984106,27.904916763305664,9962800
2003-02-03,27.84767554133264,28.029855802029573,27.566595722872307,27.764392852783203,5852600
2003-02-04,27.332347477105504,27.58740168712873,26.863883356806177,27.46247673034668,7022900
2003-02-05,27.46247190542526,27.691500621684828,27.10331594440159,27.11893081665039,5935200
2003-02-06,27.124138736977635,27.202215088554414,26.744161599583112,27.129343032836914,6356600
2003-02-07,26.910722849566998,27.108519818148842,26.71813216168205,26.98359489440918,6270800
2003-02-10,26.759777456436428,27.57698894379036,26.666084242608555,27.087703704833984,8070200
2003-02-11,27.321946908835837,27.910129876596752,26.9523782120187,27.066892623901367,8016600
2003-02-12,26.96277853354113,26.96277853354113,26.025848388671875,26.025848388671875,15589100
2003-02-13,26.12777687908278,27.099922901106176,25.66260775797771,26.81768798828125,13309200
2003-02-14,26.817683531325716,27.439648172129758,26.760190616149213,27.047653198242188,8432700
2003-02-18,27.700985257338566,28.19751275033189,27.49192042014452,27.732345581054688,8027900
2003-02-19,27.706200258216512,27.77414660307651,27.282847017740202,27.47623062133789,4490800
2003-02-20,27.753246011789496,27.873459569829926,26.969255988927763,27.136507034301758,5525400
2003-02-21,27.429185382075573,28.119096141401656,27.209669228557665,27.951845169067383,6473200
2003-02-24,27.95707533152828,27.95707533152828,27.392601755130183,27.40305519104004,5483600
2003-02-25,27.105147741949057,27.62258002204685,26.83859002716806,27.57554054260254,6165200
2003-02-26,27.575541564294845,27.899592209712928,27.084241867065433,27.08424186706543,6069100
2003-02-27,27.17309482738008,27.75324576434177,27.073788149344253,27.585994720458984,5478300
2003-02-28,27.455334491682887,27.72189225994994,27.2358182060889,27.413522720336914,6438700
2003-03-03,27.784596629699184,27.930940744859118,27.308976261640357,27.40305519104004,5654400
2003-03-04,27.40828947642662,27.674847190947254,27.01106875667681,27.016294479370117,5474600
2003-03-05,26.927437579729617,27.648708781039037,26.916984142749566,27.601669311523438,6676900
2003-03-06,27.491904844192742,28.08773869448014,27.335107302028234,27.85776710510254,9287200
2003-03-07,27.465785800012032,28.95014045263721,27.450106636198672,28.903100967407227,13278900
2003-03-10,28.511102161839062,28.850831954119133,28.197506964187948,28.29158592224121,7114000
2003-03-11,28.490193168149784,28.735843984136118,28.202730592683146,28.47451400756836,7362500
2003-03-12,28.4849749030873,28.641772531318765,28.27068434595329,28.57905387878418,8918100
2003-03-13,28.579038235586523,29.059884298136176,28.343840925083356,28.99716567993164,9637200
2003-03-14,29.091260545362488,29.206246403237405,28.641772548713288,28.845609664916992,7588000
2003-03-17,28.458837700801595,29.530290313415367,28.432705099282177,29.472797393798828,8218600
2003-03-18,29.47279486184446,29.74457828063533,29.31077155006937,29.676631927490234,7218700
2003-03-19,29.708009998629905,30.026833084183142,29.274201014997608,29.95366096496582,6828100
2003-03-20,29.880465158910727,30.05294388081075,29.530283987231435,29.995450973510742,5865900
2003-03-21,30.408360744699998,30.669690760042013,29.99023311891073,30.66446304321289,8689200
2003-03-24,29.843877957759698,30.30381920436817,29.608682609886078,29.660947799682617,7233800
2003-03-25,29.530287512413803,30.00068227030434,29.284636695094356,29.833431243896484,7645200
2003-03-26,29.838654597781133,29.849108035325585,29.525059446605024,29.613910675048828,6640500
2003-03-27,29.26895129711094,29.9693155686148,29.112153742491376,29.77070426940918,5517600
2003-03-28,29.26895922123269,30.10521440146635,29.26895922123269,29.990230560302734,5706900
2003-03-31,29.66095168491694,30.54947398436838,29.66095168491694,30.24633026123047,9597600
2003-04-01,30.24632615098073,30.627867617234006,30.147021493338652,30.533788681030273,7793200
2003-04-02,30.455396192227315,30.669686696665178,30.19929193385547,30.528568267822266,8450400
2003-04-03,30.27246273597189,30.51811354552639,29.917055811431624,30.032039642333984,7423500
2003-04-04,30.05816932048957,30.314273543208078,29.974543818052975,30.230648040771484,6748300
2003-04-07,30.230647919527105,30.878747056153323,29.896145911122314,29.964092254638672,7225600
2003-04-08,30.094754112270945,30.314270284901493,29.89614281766066,30.052940368652344,5420100
2003-04-09,29.802062533542653,30.366534090210337,29.802062533542653,29.927499771118164,6111200
2003-04-10,30.16792673090228,30.16792673090228,29.64003917373905,29.901369094848633,6612800
2003-04-11,30.167935035326085,30.387451272466315,29.964097959755982,29.990230560302734,5898700
2003-04-14,29.99544848462596,30.309045591026262,29.92227642460262,30.19928550720215,4927300
2003-04-15,29.53028829108035,29.896150668665804,29.007628321326713,29.25850486755371,13151900
2003-04-16,29.2584926151489,29.373478398355445,28.19749395886977,28.42746353149414,14857600
2003-04-17,28.48496259606349,28.976262150598473,28.48496259606349,28.75151824951172,7654900
2003-04-21,29.018083298774233,29.216694656073834,28.76720673924352,28.934457778930664,5406400
2003-04-22,28.6156280457984,29.478017633735398,28.599948887621462,29.31599235534668,7359300
2003-04-23,29.373490918664217,29.791618498837355,29.295091125098818,29.68708610534668,6474800
2003-04-24,30.005900903975935,30.246323948415785,29.467561914515173,30.052940368652344,12304400
2003-04-25,30.052937578223013,30.13656306390651,29.164415546717777,29.378705978393555,8366100
2003-04-28,29.425746958405007,29.964087919472398,29.373481774824384,29.79683494567871,4361100
2003-04-29,29.713208730148605,29.901366576506792,29.530278598294203,29.734115600585938,5867500
2003-04-30,29.446667455074753,29.707997481479822,29.357814209326296,29.457120895385742,6948000
2003-05-01,29.45710987573058,29.66617262237211,29.012847800762714,29.436203002929688,6119400
2003-05-02,29.242814346527652,29.660941761142837,29.03374964232567,29.60344886779785,6287800
2003-05-05,29.404846051077044,29.875240773859584,29.404846051077044,29.50937843322754,5830100
2003-05-06,29.640039899439905,29.791611735903892,29.478016620410028,29.540735244750977,6477600
2003-05-07,29.540732754829122,30.063392565791162,29.504146727564894,29.79683494567871,7731600
2003-05-08,29.796832534615415,29.796832534615415,29.29507963520143,29.498916625976562,4605500
2003-05-09,29.059897410869592,29.556424847360763,29.059897410869592,29.446666717529297,5803500
2003-05-12,29.316002609162158,29.38917469796675,29.033765700524548,29.352588653564453,7878200
2003-05-13,29.268961313608532,29.268961313608532,28.824701091185737,29.007631301879883,7999900
2003-05-14,29.201015096471192,29.216696253029372,28.751527155072313,28.929231643676758,7506700
2003-05-15,29.002409089724775,29.23760453371973,28.871744068043135,28.976274490356445,5033400
2003-05-16,28.98150729345542,29.527437281109282,28.98150729345542,29.41720199584961,6511800
2003-05-19,29.23873087862334,29.322719970455026,28.346345526375494,28.677053451538086,13579600
2003-05-20,28.776795473003144,28.95002413500319,27.99464727855586,28.341102600097656,10068600
2003-05-21,28.398833386154955,28.519569563530965,27.91589668648123,28.057628631591797,9953700
2003-05-22,28.057649665169272,28.314865534244795,27.936915399741707,28.020904541015625,8354700
2003-05-23,27.963144133563894,28.026135449489036,27.611438447861378,27.868656158447266,7360400
2003-05-27,27.663935442950287,28.13637335984764,27.585194788905056,28.041885375976562,9297900
2003-05-28,28.188874977354264,28.267613648998875,27.942156067459056,28.167877197265625,7836300
2003-05-29,28.29911492798832,28.41984917947326,27.936912173533496,28.02614974975586,9358300
2003-05-30,28.1101314339756,28.556325204251657,28.00514454670721,28.53007698059082,8080800
2003-06-02,28.53007517076818,28.687556492909994,27.889659003727022,27.93690299987793,9658500
2003-06-03,27.936912100987815,28.39885132221964,27.936912100987815,28.26761817932129,7575600
2003-06-04,28.335827357409197,28.577295581801916,28.031367857621976,28.377822875976562,9262100
2003-06-05,27.558953186801148,27.952652518041162,27.102262523251067,27.30698585510254,21248300
2003-06-06,27.952651760589458,28.04188931207239,27.453965554040334,27.690185546875,15792900
2003-06-09,27.558956499427794,27.884414091685013,27.343734252578226,27.674442291259766,8017600
2003-06-10,27.705934605741014,27.74267971775459,27.243995482582232,27.632444381713867,8865100
2003-06-11,27.779432729016747,27.821428298950195,27.348988149493863,27.821428298950195,10413800
2003-06-12,27.952647322540138,28.435584117918747,27.87390666994416,27.963146209716797,10491800
2003-06-13,28.057647605453155,28.241373212734064,27.506468781151504,27.590457916259766,7977500
2003-06-16,27.821422053766202,28.393598549687283,27.753180269172347,28.188875198364258,9545300
2003-06-17,28.63505165800657,28.99725616451727,28.535315258980816,28.74528694152832,10924900
2003-06-18,28.740050573721433,28.971020122287356,28.671808797058976,28.84503746032715,8722200
2003-06-19,29.133747503637846,29.1704926105629,28.37259514133946,28.56157112121582,7412300
2003-06-20,28.792535113392812,28.871275757350507,28.55631718643524,28.582563400268555,9671000
2003-06-23,28.39884730699103,28.53008043133472,27.742681685272583,28.00514793395996,9568500
2003-06-24,28.005137984379505,28.236109482739025,27.611438751220703,27.611438751220703,9972900
2003-06-25,27.558946868036923,27.915901006714794,27.49595555016962,27.54319953918457,6201700
2003-06-26,27.411966873640182,28.272855573198658,27.401467986760455,27.453960418701172,8849400
2003-06-27,26.902788485180334,27.532707835568925,26.640322256056624,27.05501937866211,16472200
2003-06-30,27.33848245639374,27.490711342236843,27.091763568626455,27.139007568359375,10305900
2003-07-01,27.13901951895181,27.632455509311214,27.028784138519267,27.516969680786133,9099000
2003-07-02,27.38047009538785,27.852909990656627,27.375221653199493,27.7689208984375,8393800
2003-07-03,27.768923836894746,27.95264936979749,27.474960981792233,27.8161678314209,5787000
2003-07-07,27.942163408418956,28.17838349032954,27.61145529374414,27.810930252075195,8643500
2003-07-08,27.54320584133559,27.821419394493855,27.29648695308831,27.54845428466797,10533000
2003-07-09,27.37522419993446,27.553701287811183,27.165250448623695,27.254487991333008,10657100
2003-07-10,26.981546047387262,27.2965049185404,26.881807536303022,26.90280532836914,7541400
2003-07-11,27.007770818441397,27.259738115573366,26.950027937387766,27.233491897583008,7078000
2003-07-14,27.978896110042413,28.47233384039429,27.774172797431813,28.136375427246094,11927300
2003-07-15,28.320107532146373,28.44609020523852,27.569453929905833,27.585201263427734,14243000
2003-07-16,27.453959458448754,27.847658691607556,27.401467028344054,27.611438751220703,8439300
2003-07-17,27.742667275401725,27.76891548860368,27.306974570163096,27.438207626342773,7052000
2003-07-18,27.53270184836228,27.690181151099686,27.21774124042949,27.684932708740234,7109900
2003-07-21,27.653433229522914,27.6849298878443,26.90277989375422,26.97102165222168,7386400
2003-07-22,26.929027600463275,27.285981738060478,26.80304496511008,27.170495986938477,5973400
2003-07-23,27.280741676047313,27.5117112467827,26.892290759058454,27.40147590637207,6448400
2003-07-24,27.558953120175136,27.67443889784635,27.076016236201596,27.139007568359375,5811500
2003-07-25,26.902795005266295,27.427727590734907,26.902795005266295,27.41722869873047,5566800
2003-07-28,27.170485444644804,27.26497338572682,26.923768711781417,27.01300621032715,7658800
2003-07-29,27.034006710642295,27.10749689392854,26.535320749469083,26.577316284179688,9468700
2003-07-30,26.745297267898245,26.834534784980836,26.57731911607188,26.80828857421875,7023400
2003-07-31,27.086506543579546,27.63768707406891,26.923778808160048,27.18624496459961,9118200
2003-08-01,26.74529892229824,26.74529892229824,26.325353516755513,26.472333908081055,9969800
2003-08-04,26.472333599652917,26.771544822769613,26.230865244586393,26.56157112121582,7644700
2003-08-05,26.635080375911155,26.640328820705236,26.131143569946286,26.13114356994629,6961000
2003-08-06,26.24136213086761,26.656057056035962,26.094379749993884,26.35684585571289,9183800
2003-08-07,26.28336683857696,27.254491041542728,26.26236906060428,27.191499710083008,8894900
2003-08-08,27.296489623433725,27.42772274662331,26.902790253864968,27.16525650024414,5812500
2003-08-11,27.034029121906595,27.259750301956124,26.955288430276674,27.128517150878906,4549400
2003-08-12,27.08651430327597,27.123259415507555,26.393603611968334,26.908037185668945,9200300
2003-08-13,26.929026022065422,26.992017336049894,26.572071905390462,26.766298294067383,5934200
2003-08-14,26.824051213086932,26.9290381185261,26.614079404667255,26.77155876159668,5158600
2003-08-15,26.92449951171875,26.998337191533913,26.73990531218085,26.92449951171875,3628500
2003-08-18,26.829564772243668,26.945596561604045,26.55530909589015,26.592227935791016,5409600
2003-08-19,26.84540840775348,26.84540840775348,26.23360745052017,26.402379989624023,9500600
2003-08-20,26.370711953826532,26.634419073364796,26.249406920270008,26.386533737182617,7051600
2003-08-21,26.265240092648096,26.49202847474407,25.948792216755653,26.054275512695312,9703700
2003-08-22,26.101727229003878,26.365434304612652,25.843293409660134,26.128097534179688,11107900
2003-08-25,26.217766213114306,26.281057382149996,26.0068016854401,26.14392852783203,5767800
2003-08-26,26.196659088134762,26.328512621725757,25.85384110795333,26.196659088134766,7533700
2003-08-27,26.006795293545633,26.143922102234832,25.948779408818286,25.980422973632812,6424000
2003-08-28,25.980433943668572,26.02790132285863,25.84330707707862,25.917144775390625,6193000
2003-08-29,25.91713687331235,26.24940842633388,25.848572454959324,26.149200439453125,9042400
2003-09-02,26.25469379511778,26.4392900816958,26.059550988782572,26.370725631713867,8743800
2003-09-03,26.370720756804328,26.51312289032223,26.096465019502403,26.49730110168457,10443900
2003-09-04,26.62915424667723,27.045810098392202,26.465655056508478,26.961423873901367,10095200
2003-09-05,26.829565031022305,26.95614534899325,26.523665781475206,26.634422302246094,6484500
2003-09-08,26.88758968113492,27.15129691850807,26.845397569357026,27.05636215209961,9227800
2003-09-09,27.029981613159176,27.130189601187848,26.88757951737583,27.02998161315918,6998800
2003-09-10,27.029972852535856,27.59430578333235,26.993054026179088,27.446630477905273,12737700
2003-09-11,27.583785338225077,27.689268668872888,27.393915745444456,27.557415008544922,8816200
2003-09-12,27.44137804707658,27.44665331918917,27.09328452893767,27.23041343688965,9696900
2003-09-15,26.919236429916136,27.636520468281944,26.449837849142625,26.813753128051758,21815700
2003-09-16,26.819019317626953,26.929777861945535,26.60805478144026,26.819019317626953,11059100
2003-09-17,26.703004838276755,26.80848817281681,26.423473699956524,26.486764907836914,9030800
2003-09-18,26.476197391420804,26.845387791661047,26.465648864336703,26.761001586914062,7944300
2003-09-19,26.761002328554092,26.761002328554092,26.44455254303861,26.53421401977539,9730000
2003-09-22,26.423452638818816,26.47092000093103,26.270504038168927,26.465646743774414,6628000
2003-09-23,26.555307487132282,26.63442043179902,26.339067718559065,26.381261825561523,7070800
2003-09-24,26.381270679086096,26.381270679086096,26.054274287780434,26.080644607543945,9569000
2003-09-25,26.085920120754746,26.317983783349188,26.080646861116964,26.122838973999023,6957700
2003-09-26,26.12283044250677,26.18084633920789,25.890768867628257,25.938236236572266,7817700
2003-09-29,25.938236909356974,26.32852238686341,25.91186659524319,26.296878814697266,8355600
2003-09-30,26.21776552274688,26.27578142020557,25.990977202822535,26.117557525634766,8676900
2003-10-01,26.217764107216436,26.513116836547848,26.05426696348861,26.51311683654785,9406600
2003-10-02,26.57639992758679,26.57639992758679,26.344338415131027,26.528932571411133,6463400
2003-10-03,26.75573016460612,26.87176196728958,26.370717924341864,26.428733825683594,6881200
2003-10-06,26.43401539344188,26.602787880256496,26.24414584279375,26.45511245727539,5738500
2003-10-07,26.391810715905933,26.486745446043606,26.26523040508044,26.42345428466797,7125000
2003-10-08,26.402357991161445,26.4234530320275,26.159745907907762,26.254680633544922,6486900
2003-10-09,26.47621009936292,26.49203189162024,25.93824703141941,26.04900360107422,10796700
2003-10-10,26.048999648342704,26.048999648342704,25.880227183451908,25.96988868713379,6755200
2003-10-13,26.212508035227536,26.296894297230423,26.101751443585094,26.25997543334961,5346900
2003-10-14,26.70298788136219,26.887582090640937,26.58168282784673,26.8612117767334,14548500
2003-10-15,26.950870079284595,26.977242403976057,26.528939039257956,26.634422302246094,12480200
2003-10-16,26.634430191151033,26.76628380595871,26.539495427535385,26.734638214111328,6534700
2003-10-17,26.8242986457646,26.84012043509238,26.513124046784295,26.58696174621582,7347500
2003-10-20,26.68716768557458,26.782102437996308,26.560589356963106,26.702991485595703,5039700
2003-10-21,26.70826278523448,26.908680804749032,26.666070682767586,26.819019317626953,7156800
2003-10-22,26.476206214742703,26.73463817268648,26.238869306071333,26.32325553894043,7735900
2003-10-23,26.344338415131027,26.6080455023457,26.328514621788866,26.528932571411133,6739200
2003-10-24,26.53422187597605,26.555316925048828,26.186128417194304,26.555316925048828,7064400
2003-10-27,26.555311969468246,26.724084402114087,26.254685948072463,26.328523635864258,5234800
2003-10-28,26.36545145276507,26.660802281911575,26.29161173355181,26.655529022216797,6850800
2003-10-29,26.63442124419421,26.6660668254113,25.34225585075408,26.096458435058594,27913000
2003-10-30,26.096458435058594,26.339068521945496,25.996250445759873,26.096458435058594,10683700
2003-10-31,26.15976062090278,26.54477500915527,26.154487360701857,26.544775009155273,10290300
2003-11-03,26.412906517557317,26.476195664006863,26.233585592678867,26.254680633544922,6867700
2003-11-04,26.02791135559885,26.19141061625969,25.843317038664964,25.92243003845215,7687600
2003-11-05,25.81694670937829,26.18613735517322,25.7167366413909,25.92243003845215,7414600
2003-11-06,25.896049288249987,25.975162262347535,25.711455031257714,25.932968139648438,6903000
2003-11-07,25.82748735509503,26.259967061472913,25.711455527360194,25.743101119995117,6379700
2003-11-10,25.737819875036354,25.83275461898093,25.453015643202626,25.70090103149414,6036000
2003-11-11,25.70618465851485,25.96989191921722,25.600701351848553,25.88550567626953,6447100
2003-11-12,26.07536239789536,26.10700798034668,25.90658998200679,26.10700798034668,5537300
2003-11-13,26.059545641670375,26.724086905985768,25.985707946960474,26.55004119873047,11116400
2003-11-14,26.857407310769513,27.795403027978548,26.809712544756707,27.620521545410156,21457900
2003-11-17,27.29196056398754,27.58872824157273,27.20187156742821,27.382049560546875,6821900
2003-11-18,27.519828891801787,28.02857162982832,27.387343677426298,27.525127410888672,10571900
2003-11-19,27.503940334066098,27.816605623406712,27.503940334066098,27.694717407226562,6516900
2003-11-20,27.58341136961043,27.689399907540455,27.228352092342554,27.286645889282227,6020100
2003-11-21,27.28665844476666,27.291956964397734,26.81500933503503,26.963394165039062,7780800
2003-11-24,26.56592813102709,27.291946331477188,26.56592813102709,27.281347274780273,7948700
2003-11-25,27.148869965062357,27.148869965062357,26.72491768215828,26.862701416015625,11494200
2003-11-26,26.878610015536058,26.878610015536058,26.07309939754756,26.338069915771484,16251300
2003-11-28,26.09959816845007,26.258580088005843,26.073101518784906,26.126094818115234,5466300
2003-12-01,26.656028994441538,26.656028994441538,26.126088052120377,26.23207664489746,10666100
2003-12-02,26.226787208153038,26.226787208153038,25.930019449909715,25.94061851501465,11245300
2003-12-03,26.073085627645153,26.205570816788104,25.972395590095836,26.05188751220703,10067000
2003-12-04,26.110189663604373,26.258572475966762,26.025399196316695,26.141986846923828,7913700
2003-12-05,26.274463681180233,26.332755466289743,25.96179855394033,26.05188751220703,7078800
2003-12-08,26.157884928739676,26.645429619589535,26.126087744811286,26.41755485534668,11066100
2003-12-09,26.576531819231963,26.640124148932365,26.417547962635393,26.502338409423828,10652200
2003-12-10,26.50234514705267,26.656028502665933,26.444053342586745,26.629531860351562,8141400
2003-12-11,26.44405794516147,26.62423797444935,26.44405794516147,26.497051239013672,7535700
2003-12-12,25.855820481743073,26.41755661766849,25.855820481743073,26.173784255981445,10924400
2003-12-15,26.550028657713455,26.550028657713455,26.09957986461449,26.210866928100586,12387200
2003-12-16,26.141975932674292,26.353951001612003,26.030686848301386,26.189668655395508,10641600
2003-12-17,26.126077906670712,26.24796403348525,26.035988951810896,26.15257453918457,7847100
2003-12-18,26.073100537021958,26.481155395507812,26.073100537021958,26.481155395507812,9461900
2003-12-19,26.60303650749213,26.60303650749213,26.43875408267747,26.55004119873047,12128400
2003-12-22,26.539432545691216,26.751407623291016,26.438742513885128,26.751407623291016,7724500
2003-12-23,26.618934145674814,26.905102748900457,26.60303656379483,26.788515090942383,8099500
2003-12-24,26.788513972990263,26.889204044866307,26.656028738681147,26.88390350341797,2983100
2003-12-26,26.793810235101105,26.8733001500524,26.762013056182234,26.825605392456055,1279600
2003-12-29,26.947496232657873,27.159473419189453,26.88920442684775,27.159473419189453,6589200
2003-12-30,27.159466369733657,27.355543902365103,27.026981167930078,27.223058700561523,5881800
2003-12-31,27.180684711609178,27.419158656610374,27.13828844513552,27.37676239013672,5580900
2004-01-02,27.376762390136715,27.6046372685195,27.238978567227832,27.37676239013672,6463600
2004-01-05,27.556936119677538,27.5993323763666,27.291965580065252,27.535737991333008,8433800
2004-01-06,27.403238374238327,27.60461644494794,27.318447926818028,27.413837432861328,7298000
2004-01-07,27.371441393849388,27.44033223795727,27.270751354430246,27.424434661865234,7279200
2004-01-08,27.4244167270104,27.551603317260746,27.291931622048995,27.551603317260742,6464900
2004-01-09,27.503949947877565,27.503949947877565,27.23367879535748,27.23897933959961,6427300
2004-01-12,27.286663240865185,27.82190276650383,27.2813626987383,27.763608932495117,10459500
2004-01-13,27.768903104482,27.954381605084432,27.578124062968616,27.689411163330078,7402800
2004-01-14,27.652321992621395,27.77420818202112,27.49863861493997,27.55693244934082,6410600
2004-01-15,27.594019788906056,27.95437972720941,27.376744122125846,27.47213363647461,7112400
2004-01-16,27.286654549385727,27.286654549385727,26.72491653516922,26.735515594482422,15364000
2004-01-20,26.920996919028926,27.530429753675087,26.920996919028926,27.291955947875977,14023400
2004-01-21,27.297253474605963,27.90138776784819,27.291954955364925,27.85369300842285,11084500
2004-01-22,27.901388127032895,28.198153725887344,27.885488525977106,28.11336326599121,8893500
2004-01-23,28.245850155137717,28.378335382902495,27.954383058368034,28.086868286132812,9367400
2004-01-26,28.08686104890342,28.410125244803243,28.02326872200032,28.351831436157227,7999100
2004-01-27,28.27233662498258,28.457817090062385,28.2352409362793,28.235240936279297,8900400
2004-01-28,28.29883660119227,28.415422190468497,28.145153299915073,28.171649932861328,8381300
2004-01-29,28.19284763095909,28.63799793118973,28.102756654397773,28.55850601196289,7692000
2004-01-30,28.5214196933535,28.574412975874402,28.27234681806414,28.3094425201416,6592900
2004-02-02,28.304142568936108,28.558513950986192,28.113363527007532,28.367734909057617,7009400
2004-02-03,28.43131921270451,28.56910290448525,28.30413255589178,28.532007217407227,5047600
2004-02-04,28.606203464908823,29.05135380724408,28.537310596500216,28.871173858642578,9436700
2004-02-05,28.90826772102886,29.067249542886685,28.807579705550403,28.881771087646484,7138300
2004-02-06,28.876478573897227,28.961269031289493,28.65390235976505,28.696298599243164,6603100
2004-02-09,28.73869839858766,28.775794104553498,28.415434085258752,28.675106048583984,6071800
2004-02-10,28.6750941865183,28.961262675501654,28.653896071431344,28.844675064086914,5686200
2004-02-11,28.765189801069916,29.06195741628438,28.616807004244677,28.96126937866211,7302400
2004-02-12,29.00384047644392,29.222074460723764,28.908030236469333,29.062389373779297,5764400
2004-02-13,29.073043865900793,29.200791567519325,28.790936980864274,28.865455627441406,4994700
2004-02-17,28.998524886826196,29.078367453232406,28.844163674697285,28.961265563964844,4818400
2004-02-18,28.79625097694269,28.860125825481763,28.647213724645404,28.684473037719727,4725700
2004-02-19,28.74304008230688,28.822882672505855,28.508838264461396,28.51416015625,8285800
2004-02-20,28.60995945542154,28.63125107535488,28.343820297696688,28.370433807373047,7212400
2004-02-23,28.471571416522718,28.471571416522718,28.098976144728695,28.237367630004883,7412800
2004-02-24,28.482214826450235,28.91336103926016,28.482214826450235,28.838842391967773,12268600
2004-02-25,28.716420059478104,28.913362498760883,28.60996397348059,28.77497100830078,7286100
2004-02-26,28.5727105072583,28.897400722417363,28.5727105072583,28.72707176208496,4962700
2004-02-27,28.74303835437172,28.955950561781805,28.689811317759844,28.695133209228516,4967100
2004-03-01,29.003847025506325,29.003847025506325,28.482212476535167,28.61528205871582,6921500
2004-03-02,28.48755104129176,28.583361352152835,28.109633720940707,28.141569137573242,10710000
2004-03-03,28.05107861713663,28.423673989982976,28.05107861713663,28.327863693237305,6706500
2004-03-04,28.23737997728109,28.327868397225373,28.1256019560103,28.226734161376953,3958000
2004-03-05,28.114949754313788,28.492866995905775,28.0883362358391,28.279956817626953,7141300
2004-03-08,28.439641380451985,28.615292235549518,28.205439563494803,28.263988494873047,5588400
2004-03-09,28.232047317632887,28.237369208314448,27.971230003654593,28.03510284423828,6423800
2004-03-10,28.003169039570118,28.07236580527096,27.53476344406468,27.556055068969727,9345100
2004-03-11,27.492190529378156,27.838170401431245,27.146208626843347,27.20475959777832,9841900
2004-03-12,27.226028794512764,27.273933910304965,26.880047177071315,26.991825103759766,10039500
2004-03-15,26.99184655788189,27.19943488115365,26.768290526814347,26.917327880859375,7877500
2004-03-16,27.023787973163245,27.26331377768937,26.938623468274177,27.18879508972168,6583200
2004-03-17,27.305884776466787,27.486859535309257,26.943935258781842,27.08232879638672,7599200
2004-03-18,27.103612113896492,27.343137773131627,27.08764441344106,27.135549545288086,6196900
2004-03-19,27.14088227103506,27.220722829695504,26.61924754147618,26.640539169311523,10158900
2004-03-22,26.640538720829728,26.645862642939633,26.21471632369841,26.34778594970703,9306200
2004-03-23,26.629890003661785,26.629890003661785,26.267940497942806,26.42762565612793,6573300
2004-03-24,26.374396593239176,26.608600408987417,26.347783077035366,26.42762565612793,6845700
2004-03-25,26.587311159689698,26.75231619318694,26.32117191290698,26.720380783081055,9804900
2004-03-26,26.880068960563126,26.880068960563126,26.64054318749147,26.68312644958496,5767800
2004-03-29,26.83216338847912,27.07701105026214,26.826841496041084,26.917327880859375,6578300
2004-03-30,26.885379958199564,27.066354687796306,26.762956175013663,26.837474822998047,5754900
2004-03-31,26.906671577856226,27.1036140090063,26.773601983474663,26.997159957885742,7201900
2004-04-01,27.172815866622887,27.268626154998497,26.810866339533085,26.890708923339844,6380700
2004-04-02,26.560703676495176,27.279278993897826,26.560703676495176,27.242019653320312,7411400
2004-04-05,27.24201032869546,27.422985076904297,27.0450678772709,27.422985076904297,7122000
2004-04-06,27.199419399019614,27.412331524019738,27.17812981090401,27.40168571472168,5042500
2004-04-07,27.401697727209914,27.540091278273778,27.30056554026432,27.34847068786621,6221500
2004-04-08,27.545405190672998,27.572018702635457,26.896024940288783,27.07699966430664,8022200
2004-04-12,27.071678393787803,27.279266634519896,27.04506488121615,27.252653121948242,5346000
2004-04-13,27.646550747026907,27.73171524486963,27.32718438773714,27.353797912597656,10773300
2004-04-14,27.321852874589535,27.997844696044922,27.284591516326856,27.997844696044922,9254300
2004-04-15,28.200110018024773,29.152888862614876,28.141559067840433,29.019819259643555,19346800
2004-04-16,29.099671421950653,29.1103172380967,28.636589587247474,28.81224250793457,11372700
2004-04-19,28.620608451949803,28.774969667931842,28.418342101024407,28.700448989868164,7614800
2004-04-20,28.5886772867997,28.62593661876053,28.23205167217999,28.279956817626953,7574100
2004-04-21,28.237370243830696,28.716421641978528,28.221402540719456,28.57270622253418,7676200
2004-04-22,28.43963460754794,28.73238731664566,28.322532711716484,28.55141258239746,7143200
2004-04-23,28.49818756737364,28.668516502163744,28.397053366386285,28.57270622253418,5926700
2004-04-26,28.578018379952088,28.73237955905669,28.51414555878067,28.68979835510254,5911500
2004-04-27,28.689806658419386,29.089015459619205,28.684482737334047,28.934654235839844,8520100
2004-04-28,28.87609750863446,28.993199383308045,28.695122807084623,28.844160079956055,6545900
2004-04-29,28.8228744692038,28.881423384140454,28.57270298623118,28.7962589263916,6278100
2004-04-30,28.75900268554687,29.035787710517877,28.679162139995135,28.759002685546875,7359100
2004-05-03,28.860133312743102,29.269987893370583,28.817550069336235,29.23805046081543,7374300
2004-05-04,29.158206042241606,29.280629813537537,28.966585520045996,29.168851852416992,6534900
2004-05-05,29.00916225639336,29.136909919374094,28.75366896091211,28.785606384277344,6399200
2004-05-06,28.76432696752616,29.29660539980245,28.753681155222903,29.190149307250977,8673000
2004-05-07,29.285964039351956,29.796950924698482,29.254026597587277,29.435001373291016,11046000
2004-05-10,29.15288967969826,29.78097838576515,29.15288967969826,29.51483917236328,11477400
2004-05-11,29.749049093578773,30.01518837984157,29.22741633616148,29.34984016418457,8244600
2004-05-12,29.275322693753502,29.419038157907913,29.014505289069934,29.4030704498291,5798200
2004-05-13,29.403057483295836,29.408379373481292,29.046429926446137,29.23805046081543,6619200
2004-05-14,29.181868707040852,29.41729191826864,28.930392475202307,29.171167373657227,5393000
2004-05-17,28.989248493588494,29.481497577807385,28.962496180936707,29.26747703552246,6229800
2004-05-18,29.358434343362948,29.369135676286625,29.17651576580153,29.230022430419922,5361600
2004-05-19,29.315635966921885,29.3423882831803,29.042757034301758,29.042757034301758,5748700
2004-05-20,29.02136275473439,29.315642380096165,29.01066141767579,29.20328140258789,4560300
2004-05-21,29.256785521846773,29.449405503302636,29.192579541718587,29.395898818969727,6605800
2004-05-24,29.42266000539592,29.47081501192803,29.01601727444216,29.058822631835938,6242700
2004-05-25,28.973199603704636,29.80253360214382,28.95714658209935,29.620615005493164,8148300
2004-05-26,29.5350112778325,29.92024916211656,29.518958253561962,29.684825897216797,9073300
2004-05-27,29.775791149005354,29.898853469692103,29.732985798642254,29.850698471069336,5652800
2004-05-28,29.74902980125951,29.877443781133707,29.38519257286542,29.807886123657227,5505500
2004-06-01,29.551060687216037,29.8988469392029,29.508257387273453,29.839990615844727,5164300
2004-06-02,29.86673757146162,30.257327053268465,29.83463357146507,30.070058822631836,7907800
2004-06-03,29.963048195892224,30.460648981002517,29.946997216072756,30.278730392456055,8850000
2004-06-04,30.27338743215333,30.385748397846143,30.11286943422517,30.1663761138916,5193600
2004-06-07,30.246624034592994,30.348285675048828,30.05400412748775,30.348285675048828,4924100
2004-06-08,30.348286341486173,30.647915500389168,30.310832696623297,30.4820499420166,7499600
2004-06-09,30.47670506866647,30.48205675688368,30.273385819974983,30.369693756103516,3891400
2004-06-10,30.36434522529173,30.621171160242316,30.337592906435205,30.53556251525879,4404200
2004-06-14,30.385749313747947,30.59976991565139,30.385749313747947,30.503459930419922,4257000
2004-06-15,30.36434074246049,30.417845372274396,29.925596246559945,30.075410842895508,8312400
2004-06-16,29.973754887264143,30.064713177260806,29.888146244473322,29.898847579956055,4471900
2004-06-17,29.658082139311308,29.829299479765933,29.551070791259242,29.722288131713867,4750500
2004-06-18,29.690181584228082,29.738336581382814,29.438705261189877,29.561767578125,8467400
2004-06-21,29.411954192226954,29.80254383420999,29.406602502830882,29.57781982421875,4514400
2004-06-22,29.604562585078003,29.695520858444002,29.43334328973079,29.62596321105957,5235700
2004-06-23,29.69551470372472,29.856030591206476,29.502894822318506,29.770421981811523,6199300
2004-06-24,29.74368506935999,29.98980969363042,29.7222823956657,29.797189712524414,4445500
2004-06-25,29.64202471841164,29.7008790080493,29.16047477722168,29.16047477722168,7932400
2004-06-28,29.294232704577972,29.502903624669383,29.25677905436007,29.411945343017578,6590200
2004-06-29,29.41195368877332,29.9630593049901,29.406601999468855,29.823945999145508,6198300
2004-06-30,29.823940589283513,29.86674389059784,29.57781395270966,29.80253791809082,6122400
2004-07-01,29.615265867146654,29.83998981932742,29.460101612791707,29.679473876953125,6363200
2004-07-02,29.57780743208608,30.037954555931194,29.492198807259356,29.61526107788086,4800000
2004-07-06,29.51895380401004,29.658069107672517,29.38519018798809,29.401243209838867,5752600
2004-07-07,29.31030217142589,29.422665234016392,29.12303380222862,29.176538467407227,5457900
2004-07-08,29.224670424435118,29.716921528198608,29.213969091628247,29.299577713012695,5780100
2004-07-09,29.374503915531935,29.52431857874143,29.31029588180926,29.422658920288086,3899600
2004-07-12,29.347751297256895,29.535021678505096,29.165832606340494,29.36915397644043,4227200
2004-07-13,29.722296464154027,29.775803173716145,29.45476903956025,29.631338119506836,6372900
2004-07-14,29.636683011659805,30.123582764604226,29.620632021904342,29.92026138305664,7503400
2004-07-15,29.98979957689925,30.011202243373585,29.56710609884891,29.61526107788086,5474900
2004-07-16,29.818571103242736,31.108051677424317,29.695508878943066,30.39107894897461,23213100
2004-07-19,30.861953288232886,30.861953288232886,29.9149062847891,30.17708396911621,8860200
2004-07-20,30.284074269223048,30.332229240578023,30.016547104155457,30.128910064697266,6541100
2004-07-21,30.257352957901762,30.278755642889898,29.802557127802,29.829309463500977,6014500
2004-07-22,29.856049179864197,30.177083195776767,29.829296855472695,30.091474533081055,6924700
2004-07-23,30.070070639293636,30.070070639293636,29.631326005613428,29.823945999145508,5245600
2004-07-26,29.74367059324168,29.781124233442508,29.353081173239964,29.658061981201172,5885000
2004-07-27,29.599222159458368,29.81859447753216,29.49221082455303,29.77579116821289,5083300
2004-07-28,29.722274320142823,29.888141934600494,29.32098348222621,29.791831970214844,8636000
2004-07-29,29.770432162572547,29.83998981932742,29.51895589350789,29.679473876953125,4832100
2004-07-30,29.535008430673617,29.743679356434868,29.422647476966933,29.57246208190918,5033400
2004-08-02,29.428009098382702,29.813249143359034,29.428009098382702,29.70623779296875,4140500
2004-08-03,29.625957986284615,29.952341457523527,29.572453369160662,29.658061981201172,5934200
2004-08-04,29.561773248032733,29.775795952230006,29.524319580958977,29.73834228515625,3438700
2004-08-05,29.802548987920122,29.963064999345107,29.48151492399833,29.54572296142578,6130000
2004-08-06,29.545691887484743,29.545691887484743,29.106947631861214,29.213956832885742,6053600
2004-08-09,29.2460753090661,29.374489271421325,29.139064013948527,29.15511703491211,3450200
2004-08-10,29.14977987964599,29.428008569229124,29.09092353593606,29.422658920288086,3931800
2004-08-11,29.26748601658762,30.03796387917048,29.26748601658762,29.963056564331055,6071100
2004-08-12,30.04331633858097,30.36434827929032,30.01656197596244,30.123573303222656,7663000
2004-08-13,30.249941180926953,30.303718033555317,29.712164448821582,29.868120193481445,6049000
2004-08-16,29.868127327054555,30.249948405692543,29.862748409633785,30.163904190063477,4739500
2004-08-17,30.196170224308858,30.41127972827936,30.14239130972436,30.405902862548828,6458700
2004-08-18,30.405891763642092,30.68553586303694,30.39513598465132,30.669401168823242,4851600
2004-08-19,30.491952057289165,30.658661591104472,30.459684703265474,30.53497314453125,4444400
2004-08-20,30.475801059067056,30.717800956206393,30.470424195332882,30.674779891967773,3809300
2004-08-23,30.723191283530106,30.981323919210453,30.67479128612405,30.68016815185547,4667300
2004-08-24,30.90604566769332,30.922178321655927,30.690934041394847,30.74471092224121,4028100
2004-08-25,30.776970727061997,31.024347600564187,30.75545915942111,31.008214950561523,4701100
2004-08-26,31.008220348417595,31.105020368196357,30.900664542946036,30.932931900024414,3930800
2004-08-27,30.975935637705117,31.11037980636088,30.965181909493243,31.035091400146484,3488200
2004-08-30,30.986706619936168,31.110395069608334,30.916797094984215,30.94368553161621,3327400
2004-08-31,30.92754646887533,31.244834899902344,30.92754646887533,31.244834899902344,5775400
2004-09-01,31.191046161730753,31.223313499732257,30.87375785147563,31.078113555908203,5949500
2004-09-02,31.018975718331472,31.142664174956113,30.927552566896363,31.04048728942871,4948800
2004-09-03,31.083501277473378,31.260968621289187,31.07274549438249,31.110389709472656,5102200
2004-09-07,31.21794529415933,31.352389504772813,31.029724219882795,31.115768432617188,5706000
2004-09-08,31.32548689762464,31.39539842991513,31.191042747849426,31.33624267578125,7263800
2004-09-09,31.336266762517653,31.363155202849608,30.927555084228516,30.927555084228516,5118500
2004-09-10,30.87376795293865,30.99745637856415,30.690923747349693,30.95981216430664,5117200
2004-09-13,31.083490197025817,31.271713256835938,30.84149029238717,31.271713256835938,5855000
2004-09-14,31.207197343717276,31.55675319962843,31.207197343717276,31.37928581237793,5435500
2004-09-15,31.32550699968751,31.46532810253893,31.244839637474918,31.28786277770996,4387000
2004-09-16,31.26634431418153,31.39541165497446,31.244832748806743,31.25558853149414,3299700
2004-09-17,31.384651298102703,31.621272328371443,31.368518652150776,31.47069549560547,5227100
2004-09-20,31.056606360046313,31.27709473872609,31.056606360046313,31.148027420043945,4731500
2004-09-21,31.137283325195316,31.16417175989945,30.868394875241837,31.137283325195312,5331500
2004-09-22,30.96517692313219,31.002821120177494,30.75544233058065,30.814598083496094,4714500
2004-09-23,30.653291002514692,30.771602606709806,30.3951582718262,30.416669845581055,6333600
2004-09-24,30.35751043120768,30.637154702375824,30.249954626688186,30.411287307739258,4555900
2004-09-27,30.303729847816182,30.63177411052519,30.303729847816182,30.400529861450195,4313000
2004-09-28,30.481179402649364,30.884511873166296,30.260691067491642,30.70704460144043,4975300
2004-09-29,30.615624325324458,30.674780084046166,30.47580124989949,30.669401168823242,4102400
2004-09-30,30.771599471004716,30.916799501868844,30.16391090882292,30.292978286743164,7942900
2004-10-01,30.325228505752055,30.65327262878418,30.18002854712528,30.65327262878418,5786400
2004-10-04,30.65328692973441,30.895286973681472,30.631775358837714,30.787731170654297,6920300
2004-10-05,30.852251941626328,30.949051921899056,30.733942450202846,30.900651931762695,3826700
2004-10-06,30.92217540328121,31.061996511159613,30.79848694784284,31.05661964416504,3743100
2004-10-07,31.00284283153382,31.018975484006713,29.87350997493587,30.072486877441406,10501300
2004-10-08,29.803589940459123,30.061724615535834,29.690657302272896,29.749813079833984,8960900
2004-10-11,29.679908640366424,29.825108660636126,29.475554879799787,29.771331787109375,7255600
2004-10-12,29.846615130880636,30.58874775719126,29.77132670022487,30.556480407714844,11660700
2004-10-13,30.61025126123736,30.760830144436184,30.282209170861556,30.38976287841797,7024600
2004-10-14,30.37901467483147,30.64252417831525,30.37901467483147,30.3951473236084,5820600
2004-10-15,30.508083058639397,30.65865993302747,30.384394618755472,30.427417755126953,7227200
2004-10-18,30.223061253648098,30.906038141656683,30.223061253648098,30.82537078857422,6466400
2004-10-19,30.567234718349997,30.879144209106176,30.36825786813714,30.443546295166016,5435400
2004-10-20,30.303718928868488,30.922163009643555,30.292965199189442,30.922163009643555,6049000
2004-10-21,30.81461552204512,31.169548188945726,30.750082869369383,31.0727481842041,6910700
2004-10-22,31.07273257108518,31.18566722084148,30.78233475423257,30.809223175048828,5131100
2004-10-25,30.707050421199323,30.819985093453848,30.626385142680853,30.69629669189453,6234900
2004-10-26,30.658648842158883,30.83611613830777,30.491939377667236,30.776960372924805,6610400
2004-10-27,30.64790416655419,31.08350211040026,30.599504167076194,31.06736946105957,5945100
2004-10-28,30.95980916085572,31.23407646836004,30.91678808507316,31.196430206298828,5581200
2004-10-29,31.153401101272117,31.449177844708625,31.142645322234685,31.395401000976562,6801500
2004-11-01,31.37927334904061,31.669673293859457,31.2448291580825,31.42767333984375,6724200
2004-11-02,31.08887985606712,31.728833557084208,31.08887985606712,31.212568283081055,7443800
2004-11-03,31.85253456815083,32.25586735745936,31.825646125821592,31.97084617614746,9375800
2004-11-04,31.863262462761288,31.997706608173782,31.63201836853541,31.847129821777344,9121900
2004-11-05,31.809497540961072,32.132162790238965,31.728830202913787,31.82563018798828,6466200
2004-11-08,31.89016868649189,32.40643400076828,31.863280252687996,32.18056869506836,6775000
2004-11-09,32.180563022457136,32.390295641195415,32.013851479930366,32.17518615722656,5096600
2004-11-10,32.25047332677993,32.610782775449785,32.20207333576176,32.331138610839844,6436700
2004-11-11,32.26660630296276,32.723715738339166,32.19669474823211,32.589271545410156,5627500
2004-11-12,32.74326076921835,32.959388732910156,32.65680999597143,32.959388732910156,6120300
2004-11-15,32.95939424403596,33.224150940770826,32.700041880929014,33.04584503173828,5326500
2004-11-16,33.01340800858708,33.17010062374685,32.96477933702537,32.9755859375,3953700
2004-11-17,32.905357360839844,33.197127428679345,32.82430886018226,32.905357360839844,6264900
2004-11-18,32.90537381816295,33.15391965480227,32.878356263665175,33.02424240112305,4666700
2004-11-19,32.970202135178276,33.01342650013945,32.629801243580204,32.71084976196289,5213900
2004-11-22,32.716250950441804,32.99721652740135,32.716250950441804,32.88915252685547,4752300
2004-11-23,32.87294833771794,32.89996382642101,32.57036950525449,32.7270622253418,5376000
2004-11-24,32.78109191041269,32.89996252939952,32.63520786493743,32.69464111328125,4001300
2004-11-26,32.58117529070456,32.84593202007204,32.575773017560145,32.66222381591797,1672900
2004-11-29,32.683834273960926,32.910766827577675,32.365046595440184,32.52714157104492,5021800
2004-11-30,32.47311316757401,32.82432071574143,32.4190821883866,32.591983795166016,8543200
2004-12-01,32.59738574905299,33.116090531508085,32.53795043959779,33.06205749511719,5431500
2004-12-02,32.9486054415833,33.49973028391479,32.90538105495069,33.36465072631836,6167000
2004-12-03,33.35923107499334,33.66180780726895,33.234956132923685,33.45108413696289,6053700
2004-12-06,33.3160046790463,33.49431059170798,33.3160046790463,33.407859802246094,3369400
2004-12-07,32.98639750508828,33.47268429393078,32.60817467611617,32.640594482421875,11385900
2004-12-08,32.92157661298283,33.20254222636391,32.85133469435016,33.04044723510742,5990700
2004-12-09,33.04044130594405,33.22955175161549,32.82431331562018,33.12689208984375,7539100
2004-12-10,33.22414854461717,33.818497409561985,32.55415344238281,32.55415344238281,8732900
2004-12-13,32.67843414653658,32.86214235884231,32.202953703895325,32.76488494873047,8681000
2004-12-14,32.68923090412734,33.26737085605221,32.59737785622763,33.19172668457031,7057700
2004-12-15,32.98640380034843,33.1647096773355,32.75406696368896,32.905357360839844,7329000
2004-12-16,33.39163977951634,34.71001447549402,33.256560328902474,34.283164978027344,28705900
2004-12-17,34.01841782796616,34.715428482048125,34.013015555341624,34.353416442871094,18006800
2004-12-20,34.353417475061725,34.52631906033377,33.99680563664497,34.07785415649414,8646100
2004-12-21,34.083253835906554,34.09405838000475,33.83470603751472,34.01301193237305,9117100
2004-12-22,33.661800094769404,34.26155321047248,33.661800094769404,34.202117919921875,6678000
2004-12-23,34.06704521502934,34.45067045223857,34.06704521502934,34.364219665527344,5552700
2004-12-27,34.46148791183175,34.56955194454278,34.32640838623047,34.32640838623047,4677700
2004-12-28,34.45067596435547,34.52632221833688,34.364225163812094,34.45067596435547,4089000
2004-12-29,34.364230488506834,34.41826353543734,34.22915096290555,34.32640838623047,4583100
2004-12-30,34.41826014071355,34.493904337805375,34.31019611866104,34.33721160888672,3206800
2004-12-31,34.41825055725089,34.44526603995435,34.21833351186627,34.26696014404297,2949600
2005-01-03,34.22913380693818,34.33719778548651,33.87252412053295,33.985992431640625,7859500
2005-01-04,34.094067108422614,34.16971336452061,33.8347146995358,33.8779411315918,6989600
2005-01-05,33.969778036501936,34.08864860691727,33.818489718626964,33.8563117980957,6888100
2005-01-06,33.904954061854305,34.088662261926274,33.872534240259405,33.953582763671875,5277500
2005-01-07,34.02923613447924,34.04004274459332,33.807705780015986,33.82931900024414,5037800
2005-01-10,33.894134358036844,34.158890979219905,33.82389246896399,34.094051361083984,5419300
2005-01-11,33.958982083719064,34.09406157022733,33.84011353717337,33.97519302368164,4880000
2005-01-12,34.01300793655752,34.26155364460124,33.80768658327625,34.21292495727539,6093800
2005-01-13,34.121072843628006,34.19671701238231,33.43486893097985,33.483497619628906,9014700
2005-01-14,33.742861623141394,33.90495662105194,33.618588722704985,33.8779411315918,6820200
2005-01-18,33.623978596978894,34.0724433890105,33.623978596978894,34.05623245239258,6122900
2005-01-19,34.0562343538396,34.19131382002002,33.8509150492727,33.94276809692383,4697100
2005-01-20,33.9427576566566,34.007595203358434,33.715825212625965,33.76445388793945,5274600
2005-01-21,33.69423016859955,33.81850305889675,33.41866683959961,33.41866683959961,6426300
2005-01-24,33.4186605046915,33.46188692502665,33.06745511463972,33.22414779663086,5938600
2005-01-25,33.445679638211004,34.499297919611706,33.445679638211004,34.42905807495117,11172300
2005-01-26,34.16968980817216,35.109843445757434,33.89953097751698,34.93153762817383,12781800
2005-01-27,34.780263441814085,34.93155178874287,34.683006058460116,34.699214935302734,6360100
2005-01-28,34.78566117348837,35.01799801037053,34.72082567073855,34.915340423583984,6968700
2005-01-31,35.08285116776238,35.09906004970201,34.769465709264246,34.95857620239258,6168900
2005-02-01,34.90995411491777,35.34761047363281,34.86132334044937,35.34761047363281,7340300
2005-02-02,35.22871673302055,35.68799013246352,35.21791219149953,35.660972595214844,7068000
2005-02-03,35.54211026427231,35.66098086004018,35.37461303694396,35.47187042236328,5022300
2005-02-04,35.374621609144214,35.79066467285156,35.36921727467287,35.79066467285156,4851300
2005-02-07,35.79606707851239,35.936550911102,35.590747724957666,35.90412902832031,4892100
2005-02-08,35.90953429055428,36.00679169681461,35.736632693013604,35.83929443359375,6379900
2005-02-09,35.85550588002708,35.92034552960689,35.64478217176712,35.76365280151367,4529800
2005-02-10,35.69339815830926,35.77985099859875,35.59074056333837,35.73122024536133,4002900
2005-02-11,35.80990174583023,36.29829343026936,35.761064647456614,36.14092254638672,6584400
2005-02-14,36.14634361558693,36.14634361558693,35.70679325059014,35.81532287597656,5217600
2005-02-15,35.71766112818955,35.820767218240334,35.56571792609897,35.766502380371094,4186400
2005-02-16,35.64168966687838,35.74479575733339,35.50059777575179,35.67424774169922,4607500
2005-02-17,35.65254499153337,35.65254499153337,35.45718824033519,35.462615966796875,5354200
2005-02-18,35.51143587139131,35.59283101866188,35.38662307867687,35.50600814819336,6185200
2005-02-22,35.29981000664972,35.744788209183774,35.29981000664972,35.31066131591797,8299800
2005-02-23,35.48973523973311,35.57113454118254,35.38662918188779,35.49516296386719,4928200
2005-02-24,35.46259931863139,35.78819237106234,35.31608389408657,35.75563430786133,4817000
2005-02-25,35.73936618129545,35.97270869909571,35.73393845572571,35.934722900390625,6456100
2005-02-28,35.853327352446385,35.9455779961374,35.59827804565429,35.5982780456543,6833700
2005-03-01,36.070397174581956,36.3525768812225,36.0378390923157,36.16807556152344,8467400
2005-03-02,36.1138051719134,36.43939836506476,35.88046262446221,36.3362922668457,6991900
2005-03-03,36.41224949932151,36.41224949932151,36.09208415882237,36.222320556640625,5791900
2005-03-04,36.46111231463186,36.76499880276843,36.363433923424694,36.75957107543945,8306000
2005-03-07,36.846399629085575,37.26967129456879,36.81926513149591,37.139434814453125,9389500
2005-03-08,36.92778207181873,37.11771104754534,36.900647586654436,37.003753662109375,8537100
2005-03-09,36.95491753598902,36.96034526180198,36.737854045029586,36.770416259765625,6375500
2005-03-10,36.83011376933342,37.04717314930082,36.792127963824896,36.900657653808594,5041700
2005-03-11,36.906077318656465,37.036313746216756,36.62389356211087,36.68358612060547,5807000
2005-03-14,36.67816184683683,36.80840242679476,36.62389700859191,36.802974700927734,5589000
2005-03-15,36.81382985275992,36.81925757919314,36.49909210205078,36.49909210205078,5014000
2005-03-16,36.41225836815103,36.602187357092376,36.385128021240234,36.385128021240234,5408700
2005-03-17,36.26574666475828,36.558781766728785,36.25489121275462,36.352569580078125,4405800
2005-03-18,36.357999610191825,36.49366378784179,36.173498315856094,36.4936637878418,10640700
2005-03-21,36.49365188139048,36.49365188139048,36.173486513862215,36.276588439941406,5178600
2005-03-22,36.16806602947963,36.48280787557937,36.16806602947963,36.24403762817383,5072300
2005-03-23,36.26574875152052,37.009185791015625,36.26032102520637,37.009185791015625,9565500
2005-03-24,37.00918215667321,37.18283212039413,36.87894571891795,36.94948959350586,8876600
2005-03-28,37.025463840392305,37.17197930943876,36.992901627160784,37.090579986572266,5145100
2005-03-29,36.927782961905145,36.96576875796605,36.73784984145934,36.857234954833984,9428000
2005-03-30,36.86267510632514,37.036325109732104,36.846396065403034,36.92779541015625,6516300
2005-03-31,36.564197554943455,36.607611073415995,36.357989552410395,36.44481658935547,12551500
2005-04-01,36.5316376731335,36.60218153204461,36.168058789287265,36.276588439941406,11052700
2005-04-04,36.33087622369383,36.949504731659594,36.27661136407538,36.88981628417969,8684900
2005-04-05,36.88981366162943,37.470456312569226,36.781279809964964,37.44874954223633,9114300
2005-04-06,37.5030009807244,37.551838091393854,37.253379421416724,37.34020233154297,5689800
2005-04-07,37.226243639861636,37.578971274072565,37.155699769076044,37.573543548583984,4975300
2005-04-08,37.69293750812734,37.703792961650294,37.24795913696289,37.24795913696289,4822800
2005-04-11,37.334780288435965,37.58440185805637,37.280511309705695,37.38361740112305,4449500
2005-04-12,37.052602374974356,37.28594494400831,36.81925980594041,37.24795913696289,9775400
2005-04-13,37.14484215936175,37.43787721659252,37.14484215936175,37.2208137512207,7138400
2005-04-14,37.22626689640429,37.58442247985604,37.02548646944868,37.57899475097656,8069600
2005-04-15,37.92626661327234,37.980531441195616,37.60610123042633,37.66036605834961,12990700
2005-04-18,37.60611112792128,37.61153471404234,37.15570507134855,37.46501922607422,9164900
2005-04-19,37.91541815757792,37.958827539099296,37.123140017869815,37.47043991088867,9343700
2005-04-20,37.47044422144684,37.52470905969711,36.81925374201828,36.954917907714844,7882400
2005-04-21,37.07973594116518,37.161135279981444,36.80840757187255,37.05802917480469,7696200
2005-04-22,37.07971536141366,37.323909102189205,36.89521001982365,37.16653823852539,7021900
2005-04-25,37.443305161863044,37.714633460137414,37.13941879264095,37.19368362426758,5981500
2005-04-26,37.11772268308188,37.27509363805636,36.900659154146645,36.9115104675293,5866900
2005-04-27,36.813814878238375,37.11770533275391,36.72699199133431,37.07971954345703,5966400
2005-04-28,36.95491063108272,37.085147045267426,36.694437802713296,36.71614456176758,6406300
2005-04-29,36.80299149430845,37.24254226684571,36.786712449420946,37.2425422668457,6540900
2005-05-02,37.269663988609054,37.35106332527831,37.090586275965144,37.32392883300781,4361200
2005-05-03,37.34563200457344,37.35105973053361,37.074303668550634,37.29679489135742,5716300
2005-05-04,36.98204518196321,37.036310009626774,36.7107169035044,37.0200309753418,8439700
2005-05-05,37.036325830817205,37.22625487884413,36.84639678279028,37.17741775512695,6279600
2005-05-06,37.37276567348,37.37276567348,36.982052215765016,37.014610290527344,4731000
2005-05-09,36.95492267209655,37.05802877616417,36.775844956655625,36.9929084777832,6766100
2005-05-10,36.90063527970183,36.9820345679056,36.60760032625213,36.754119873046875,6870600
2005-05-11,36.802968404431304,36.960339306516744,36.48822660026042,36.873512268066406,4969700
2005-05-12,36.94406640635832,36.976624481112886,36.49366038492522,36.710723876953125,4845300
2005-05-13,36.61802678362705,36.743447327480645,36.40535354801676,36.59075927734375,5954700
2005-05-16,36.59620618662441,36.885223388671875,36.590751854386774,36.885223388671875,3943500
2005-05-17,36.710724022727696,37.05427208289029,36.57439483307698,37.03246307373047,5294400
2005-05-18,37.08154231599757,37.125168658403624,36.79797941123222,36.8634147644043,8495100
2005-05-19,36.83614013818681,36.934297298317375,36.6834479865337,36.759796142578125,8134400
2005-05-20,36.890677771151374,36.890677771151374,36.58529757197509,36.64528274536133,6191100
2005-05-23,36.69982220439626,36.85251024231121,36.55803867185938,36.678009033203125,5877000
2005-05-24,36.699822221037095,36.91249543972036,36.678009049834074,36.8634147644043,8353300
2005-05-25,36.874324599613345,36.91794678296578,36.645288374936676,36.79252624511719,4725900
2005-05-26,37.081543541302054,37.081543541302054,36.73799544448559,36.7652587890625,5032300
2005-05-27,36.80888963627714,36.907046841724714,36.77071762084961,36.77071762084961,4409900
2005-05-31,36.90704404430579,36.91249837764992,36.59075927734375,36.59075927734375,6398300
2005-06-01,36.590745236807955,36.86885788451888,36.56348190142342,36.70526123046875,4966200
2005-06-02,36.67255738955825,36.67255738955825,36.46533848868324,36.53622817993164,6761600
2005-06-03,36.44351193171133,36.50894726562056,36.18721244607142,36.230838775634766,6526000
2005-06-06,36.31263994875507,36.38353378808187,36.15450175434125,36.198123931884766,7041700
2005-06-07,36.38898519199948,36.503501199654,36.26901485242724,36.28537368774414,5520700
2005-06-08,36.45441405337196,36.45441405337196,36.12722492388426,36.18721008300781,5296300
2005-06-09,36.165391465716155,36.45986288597787,36.07268865575456,36.388973236083984,5228900
2005-06-10,36.26356334824362,36.3780793648278,35.843671287435,36.25265884399414,5248400
2005-06-13,36.12722207402911,36.508942001580635,36.11631757342843,36.2471923828125,5413400
2005-06-14,36.21449089806302,36.42716411847923,36.1872233937278,36.307193756103516,3981700
2005-06-15,36.290824706832154,36.290824706832154,36.00725771910404,36.181758880615234,4655300
2005-06-16,36.08360902714054,36.30719089585206,36.05089135286538,36.154502868652344,4434800
2005-06-17,36.39987228844706,36.39987228844706,35.66915025749267,36.296260833740234,14288000
2005-06-20,36.19812931213232,36.427165540351936,36.099972117305974,36.290836334228516,8199500
2005-06-21,36.181776717676065,36.372636807101934,36.099978347797006,36.27993392944336,8668900
2005-06-22,36.34536633614996,36.35627084179291,35.97455073773303,35.990909576416016,8873100
2005-06-23,35.92545357433148,36.04542388353267,35.54918797598751,35.636436462402344,8927500
2005-06-24,35.82729139461298,36.149030284137666,35.445571519347695,35.76185607910156,18319900
2005-06-27,35.72914736700849,35.941824701738305,35.71278853212991,35.80004119873047,6900200
2005-06-28,35.13477513218804,36.045453540680086,35.13477513218804,36.02909469604492,6071700
2005-06-29,35.96362252483996,35.98543568470716,35.66370093764434,35.827293395996094,7808300
2005-06-30,35.78368117469318,35.816398843363054,35.2329101762797,35.44558334350586,9344300
2005-07-01,35.34742241137598,35.68006587553532,35.34742241137598,35.418312072753906,6718200
2005-07-05,35.11837880277137,35.58189693458332,35.107470144365905,35.36376953125,6384100
2005-07-06,35.39107392929713,35.40743277353323,34.982086181640625,34.982086181640625,6661400
2005-07-07,34.95480850346531,34.95480850346531,34.638525818960275,34.856651306152344,8278900
2005-07-08,34.845729201898564,35.06385665914875,34.64396057586599,35.052947998046875,8144900
2005-07-11,35.05294969145405,35.34742114890243,34.9602468697857,35.33106231689453,6528500
2005-07-12,35.33108070694446,35.44559675104147,35.23292350337023,35.325626373291016,5141600
2005-07-13,35.2383688214929,35.385602508966585,35.09113097358271,35.129302978515625,6809800
2005-07-14,35.281989793265424,35.38014696837436,35.07477093934048,35.22745895385742,6521400
2005-07-15,35.21109182017231,35.52737643881343,35.21109182017231,35.461936950683594,6444500
2005-07-18,35.3637881325956,35.483758475555014,35.145660614527245,35.22745895385742,5938000
2005-07-19,35.200190424815354,35.47829891292558,35.172922928913216,35.456485748291016,11069400
2005-07-20,35.37469440052907,35.423770904541016,35.09112739811756,35.423770904541016,7312600
2005-07-21,35.37469594724132,35.37469594724132,34.88936233520508,34.88936233520508,9850100
2005-07-22,35.11841349574392,35.11841349574392,34.90028587692548,35.07478713989258,5398400
2005-07-25,35.036601475132706,35.058414644564174,34.5185501423361,34.54036331176758,6741900
2005-07-26,34.26770033990797,34.5567175153593,34.17499542236328,34.17499542236328,12640400
2005-07-27,34.40950156448075,35.32017994794491,34.365877286579455,35.194759368896484,10789500
2005-07-28,35.16201831493909,35.358328475154046,34.9657039942884,35.29834747314453,6391600
2005-07-29,35.27107323791076,35.32560405868632,34.86753809143225,34.87844467163086,6143200
2005-08-01,35.036610078442,35.636457823572925,35.036610078442,35.17293930053711,7348200
2005-08-02,35.24927833816057,35.2874503485217,34.99297877126279,35.24382400512695,5554800
2005-08-03,35.10749043915984,35.451042650150185,35.069318433542755,35.374698638916016,5090400
2005-08-04,35.30382121278659,35.418337282877786,34.96572733740453,34.982086181640625,4049200
2005-08-05,34.911167519991274,34.943889345667195,34.649417877197266,34.649417877197266,5019400
2005-08-08,34.64944261600076,34.72578666302632,34.48039359743042,34.59490966796875,4002000
2005-08-09,34.69304175138547,34.91116714477539,34.600338927243754,34.91116714477539,4601200
2005-08-10,34.987528671512585,35.26018707764182,34.76394678147681,34.818477630615234,5351200
2005-08-11,34.81846788513999,35.17292454598516,34.763937051264406,35.069313049316406,4688300
2005-08-12,34.91661380018313,34.992957775098155,34.61123790052302,34.660316467285156,4850200
2005-08-15,34.58399033830839,34.67669527570252,34.36586486719121,34.54581832885742,5402600
2005-08-16,34.52945773063873,34.562177485736925,34.267705930508356,34.360408782958984,5432300
2005-08-17,34.47491365212463,34.78028959494568,34.44764615990052,34.627601623535156,5578500
2005-08-18,34.60035656033657,35.140221188522524,34.529464783253424,35.0366096496582,9326100
2005-08-19,35.03659864106996,35.16267084904596,34.83927286505736,34.84475326538086,6121400
2005-08-22,35.08043953001968,35.113326103866505,34.70770969273665,34.806373596191406,5380900
2005-08-23,34.817334386493535,34.85022304931575,34.2198706031106,34.400753021240234,8909000
2005-08-24,34.36237777258741,34.499410706569435,34.06090573601829,34.12120056152344,8021300
2005-08-25,34.28565542607366,34.641942054603334,34.230843063664906,34.27469253540039,6143000
2005-08-26,34.17603181247461,34.20892048757597,33.951297760009766,33.951297760009766,5206200
2005-08-29,33.86361261998871,34.59810998118271,33.792356926910195,34.53781509399414,6364800
2005-08-30,34.351444924641065,34.56521824498486,34.17604278304498,34.53232955932617,7581500
2005-08-31,34.53230360778051,34.806369509429565,34.01706046542478,34.74607467651367,8006900
2005-09-01,34.63097520883613,34.93244734956928,34.472016448664284,34.60356903076172,6161300
2005-09-02,34.724158623295786,34.85023081338929,34.450092644924204,34.477500915527344,4130400
2005-09-06,34.66934788830586,35.091407674729524,34.64742210717909,34.96533966064453,7373700
2005-09-07,35.08045549367007,35.56829274332563,35.04756681389985,35.51896286010742,7817400
2005-09-08,35.628585056741386,35.628585056741386,35.053046793247155,35.1352653503418,6475900
2005-09-09,35.2722903721576,35.617616179296135,35.13525738377943,35.48058319091797,5124300
2005-09-12,35.48058286125139,35.60116837709523,35.37095396241852,35.45317459106445,5923500
2005-09-13,35.359996972089384,35.46413920980409,35.080448477349215,35.10785675048828,6670100
2005-09-14,35.3380620898822,35.46961256685975,35.1516950807426,35.24488067626953,7406200
2005-09-15,35.28873865479051,35.34903351276144,35.16815312076417,35.283260345458984,4896200
2005-09-16,35.39837451343773,35.74917874757841,35.27230228152014,35.72725296020508,12995300
2005-09-19,35.732721169504536,35.73819947772083,35.35450880684651,35.436729431152344,7212500
2005-09-20,35.48060159159064,35.51897068095861,35.244904562068236,35.29971694946289,5301000
2005-09-21,35.05302981860113,35.79848732700665,35.03110404427707,35.46412658691406,7173600
2005-09-22,35.33258489330573,35.80946119392025,35.30518080503368,35.45317459106445,7239000
2005-09-23,35.57376645039636,35.579248941149864,35.020151977916925,35.07496643066406,7814400
2005-09-26,35.20652338376555,35.32710892186125,34.94889856040447,35.009193420410156,5981900
2005-09-27,35.02564394653806,35.0530501348489,34.60358195548507,34.77898406982422,6244000
2005-09-28,34.680311462866165,34.86667642420422,34.587127936718325,34.647422790527344,5573200
2005-09-29,34.504907626802485,34.99822514089756,34.477501446734564,34.94341278076172,6285300
2005-09-30,35.02564590483807,35.04756960213763,34.532326123828646,34.6858024597168,5646500
2005-10-03,34.630987197306325,34.66935627808447,34.26373759291221,34.30210876464844,6826600
2005-10-04,34.477508158877676,34.685796840709884,34.230848308331204,34.55972671508789,6950300
2005-10-05,34.477487026259354,34.636443640551455,34.10475727855172,34.12120056152344,6667700
2005-10-06,34.2966175407006,34.30758043112581,33.53471442928788,33.74848556518555,12716200
2005-10-07,33.874565358376934,33.874565358376934,33.50183534113157,33.6224250793457,11685000
2005-10-10,33.58953717849812,34.07737445302392,33.17843806972358,33.69368362426758,7672600
2005-10-11,33.74848130004182,33.808776144281595,33.47989783691933,33.59500503540039,7801000
2005-10-12,33.67175303056806,34.03900051166173,33.51827672097165,33.87456130981445,8046500
2005-10-13,33.874548828408805,35.40931763174619,33.85810554157013,35.091400146484375,19778100
2005-10-14,35.09690963634266,35.10239213014468,34.76803110081814,34.9160270690918,13318800
2005-10-17,34.88861633560737,34.88861633560737,34.351444924641065,34.53232955932617,9214800
2005-10-18,34.86667710327147,35.080448250243165,34.345951281365394,34.515872955322266,19695000
2005-10-19,34.587122520085714,35.27228740432638,34.36238852169307,35.25584411621094,13733400
2005-10-20,35.29971344705831,35.40385571820013,35.025647355360526,35.173641204833984,8621500
2005-10-21,35.244880916489926,35.349023128096256,35.014664443774414,35.11880874633789,13887900
2005-10-24,35.19007772173822,35.35451901784338,34.77898075434914,35.1352653503418,8744600
2005-10-25,34.95437931685531,35.05304324815685,34.67483081451503,34.85023498535156,7066600
2005-10-26,34.64195189604517,34.85024269609549,34.30211055245857,34.42818069458008,8961100
2005-10-27,34.258251533717576,34.269214425123295,33.46345967994378,33.67723083496094,14097200
2005-10-28,34.011586123168904,34.526831479897005,33.83618407137643,34.504905700683594,8903800
2005-10-31,34.48297531266046,34.53230726381848,34.285647508028354,34.32401657104492,9769300
2005-11-01,34.24730174750561,34.38981729935771,33.874571660911926,33.929386138916016,9859100
2005-11-02,33.90745293631688,34.36788399611882,33.46346517084277,33.60049819946289,15350500
2005-11-03,33.60050100879806,33.73753404887551,33.41413599065441,33.54568862915039,16977300
2005-11-04,33.545683315722286,33.61694107074408,32.887924409343825,33.37028121948242,15227200
2005-11-07,33.16198242792595,33.75396592781956,32.997543263830195,33.67174530029297,9768400
2005-11-08,33.408657706281545,33.54569075504319,33.23873597307208,33.309993743896484,7394800
2005-11-09,33.39220321054919,33.655308432450575,33.21132072281953,33.447017669677734,7059600
2005-11-10,33.44701074142557,33.7649261746865,33.211313843389895,33.66078186035156,6115400
2005-11-11,33.573085033812546,33.64982317933661,33.3922004699707,33.3922004699707,5902300
2005-11-14,33.474439121698005,33.501845318283536,33.12363478710217,33.167484283447266,8901900
2005-11-15,34.033514112470925,34.80638010679452,33.90196151960504,34.43913269042969,37611100
2005-11-16,34.95986281358361,34.95986281358361,34.34047507894412,34.66935348510742,15168600
2005-11-17,34.87215762798639,34.89408341005103,34.570685442949376,34.71868133544922,10596300
2005-11-18,35.126432897583705,35.137453207192436,34.34951893639587,34.46522903442383,11696000
2005-11-21,34.46520679078067,34.46520679078067,33.996855495181066,34.156646728515625,11069200
2005-11-22,34.00788006006964,34.0519591736717,33.69380875623829,33.947269439697266,10625600
2005-11-23,33.859119872925966,34.07401061207204,33.7764686185273,33.98033905029297,7681900
2005-11-25,34.21727544704194,34.34951705318744,34.1346262823714,34.24482727050781,5094100
2005-11-28,34.57542996650036,34.685630960480594,34.27237880948656,34.3825798034668,12698500
2005-11-29,34.60297218861524,34.60848339316961,34.14012979575613,34.16217041015625,8675700
2005-11-30,34.162172387003416,34.50930472721227,34.00789228109228,34.02442169189453,7696000
2005-12-01,34.07952006874346,34.19523224648507,33.95830089011753,33.99135971069336,6963600
2005-12-02,33.947281069111185,34.05197083894949,33.721370017001036,33.72687911987305,6818000
2005-12-05,33.94176489608149,34.16216681305815,33.462393143851976,33.63871383666992,21946800
2005-12-06,33.74890746176723,33.74890746176723,33.28055611734673,33.31912612915039,14823200
2005-12-07,33.275053017356086,33.30811393634187,32.927920724685144,33.08220291137695,14538400
2005-12-08,33.08220361904907,33.473415043494406,32.98853206420651,33.104244232177734,10415400
2005-12-09,33.06016164922887,33.253011751419315,33.04914134311677,33.11526107788086,8127100
2005-12-12,33.142818450927734,33.20342699184333,33.06567629520923,33.142818450927734,7960900
2005-12-13,33.13179057808492,33.33566097401979,33.054650541888385,33.19791030883789,12785500
2005-12-14,33.280556939976066,33.3246360537378,33.09321597719556,33.120765686035156,10199000
2005-12-15,33.142817770866856,33.253016644385895,33.0601665138188,33.1483268737793,6942500
2005-12-16,33.24198119405199,33.80400188355504,33.164839079934374,33.53401184082031,13197200
2005-12-19,33.91422746561064,34.162179186539944,33.66627574468132,33.71586608886719,10639100
2005-12-20,33.567103619482346,33.71587468999233,33.42935286181491,33.48996353149414,6946700
2005-12-21,33.60015483576427,33.7213761400472,33.445874704429016,33.5450553894043,6282100
2005-12-22,33.58912191982816,33.78748321533203,33.368722115197016,33.78748321533203,5179100
2005-12-23,33.776469402248246,33.89217947956425,33.616678094387815,33.67177963256836,3591100
2005-12-27,33.677282066555726,33.721363288371066,33.208930645263656,33.225460052490234,6324400
2005-12-28,33.22547950415753,33.42384091463942,33.22547950415753,33.29159927368164,5603100
2005-12-29,33.35219038123095,33.44586192654698,33.082200254543096,33.19791030883789,5325100
2005-12-30,33.11526107788086,33.197912322767316,33.076691057442765,33.11526107788086,5261300
2006-01-03,33.64974301415149,34.07952455346458,33.638722705206405,33.95830535888672,10703100
2006-01-04,34.12360166226071,34.51481312390654,34.029930098510874,34.481754302978516,9068100
2006-01-05,34.476240213233794,34.6856218365281,34.21726826078844,34.3384895324707,9852600
2006-01-06,34.360539266510756,34.56992094538332,34.23931796265151,34.49277877807617,5919200
2006-01-09,34.448703880781906,34.718694142899956,34.399113532365,34.70767593383789,7103700
2006-01-10,34.44868812087477,34.76826858520508,34.43766781494498,34.76826858520508,6656700
2006-01-11,34.69113242034661,34.70766393204197,34.1291093666039,34.43767166137695,8824100
2006-01-12,34.43765759924376,34.465207304941586,34.05195541375066,34.27786636352539,7262400
2006-01-13,34.107073327786956,34.32196407823339,33.842590140566465,34.062992095947266,7043600
2006-01-17,33.781961953719836,34.20072290312198,33.66624983838755,33.76543045043945,9674000
2006-01-18,34.02441671596821,34.294408963736274,33.80401479526332,34.2668571472168,7547400
2006-01-19,34.32746742559117,34.503788119568696,33.99686664986044,34.255836486816406,7494700
2006-01-20,33.74341150391156,34.32747311123426,33.46239890627883,33.50096893310547,11023500
2006-01-23,33.47342557390809,33.74341791489984,33.3962855055988,33.71586608886719,7213100
2006-01-24,33.16487000437804,33.49547306742845,32.70753860473633,32.70753860473633,19956800
2006-01-25,33.61116458208133,33.61116458208133,31.98019710026132,32.23365783691406,25368800
2006-01-26,32.37141692325667,32.78466905419186,32.266727140107,32.31080627441406,15946100
2006-01-27,32.481610626149255,32.62487040789981,32.15100773441107,32.349369049072266,11596300
2006-01-30,32.34937167542578,32.37141229037945,31.980200833541044,32.17856216430664,11877300
2006-01-31,32.04081635725996,32.14550614138327,31.655113944418183,31.70470428466797,20563700
2006-02-01,31.77633913061198,32.189591343281414,31.765320921287774,31.881031036376953,13406000
2006-02-02,32.15101440300448,32.16754591726084,31.73225317556914,31.76531410217285,10014200
2006-02-03,31.550413350078944,31.68265492154774,31.41817388051862,31.616535186767578,11020100
2006-02-06,31.682663260659712,31.71572418770591,31.302472058219042,31.32451057434082,10618900
2006-02-07,31.407142678208995,31.588974513156447,31.2418423476526,31.29694175720215,10338700
2006-02-08,31.434710988648934,32.36590711531261,31.368591237672778,32.28876495361328,14627400
2006-02-09,32.591818168428375,32.900378407373864,32.123464502743424,32.26121520996094,12131200
2006-02-10,32.34386153430209,32.37692035376258,32.09040077619794,32.17304992675781,8158200
2006-02-13,32.16753810168041,32.31079787833807,31.98019710026132,32.23365783691406,5015500
2006-02-14,32.343858728634174,32.65793009771666,32.343858728634174,32.53670883178711,9817100
2006-02-15,32.55323655776441,32.72955723212413,32.34385496874665,32.56425476074219,8314500
2006-02-16,32.757118055026275,32.757118055026275,32.27774619037086,32.498146057128906,11893700
2006-02-17,32.60834394761296,32.6579342807625,32.36590348660895,32.547733306884766,6773400
2006-02-21,32.58079079398622,32.68548055208075,32.37140917588864,32.586299896240234,6489200
2006-02-22,32.51468311895874,32.61937502456584,32.34387354986834,32.52570343017578,8647200
2006-02-23,32.509171452834515,32.54223238388067,32.20612027492724,32.283260345458984,9753300
2006-02-24,32.52152270473222,32.52152270473222,31.81778527606264,32.006187438964844,10373100
2006-02-27,32.11702691404052,32.44396016247513,32.04499231513221,32.08932113647461,7007800
2006-02-28,32.03389975004214,32.09485159645472,31.817789678196036,31.945240020751953,8942200
2006-03-01,31.928611595328924,32.03943677403488,31.834411567408264,31.950777053833008,7141200
2006-03-02,31.862114940554136,32.28324805142925,31.834409176412166,31.967397689819336,7794500
2006-03-03,31.889820208476266,32.20567056517141,31.845491409301754,31.845491409301758,6462400
2006-03-06,31.90091060060645,32.17797253190497,31.867662407877308,32.05606460571289,7349500
2006-03-07,31.878727460162317,32.310945270691924,31.878727460162317,32.26107406616211,9560000
2006-03-08,32.222295584588146,32.61018050260541,32.04497616097618,32.54922866821289,7423700
2006-03-09,32.66559389210072,32.67667662021792,32.27770686325583,32.31095504760742,8570900
2006-03-10,32.499368997533935,32.715476989746094,32.41624956338387,32.715476989746094,9240900
2006-03-13,32.88724813862055,32.89833086876833,32.69330564557099,32.73763656616211,6219700
2006-03-14,32.77641168191637,32.91494258147846,32.70991532818065,32.85398864746094,7888100
2006-03-15,32.776406224988555,33.21970460701996,32.74869835863819,33.1365852355957,8900800
2006-03-16,33.21971828261983,33.37487225174988,33.08118734909249,33.258506774902344,10785400
2006-03-17,33.46908116905318,33.46908116905318,33.33055020744918,33.43583297729492,11512300
2006-03-20,33.46907223479767,33.55218952128386,33.41365859665939,33.51340103149414,5889200
2006-03-21,33.67964368823796,33.71289187701441,33.474618475319524,33.56327819824219,7880000
2006-03-22,33.413668506790465,33.856967174303506,33.413668506790465,33.80155563354492,7066500
2006-03-23,33.67409690469734,33.746133576286134,33.59097750564765,33.69626235961914,6944600
2006-03-24,33.61315281740937,33.6907298185705,33.4081275837957,33.463539123535156,5179200
2006-03-27,33.286216678937826,33.46907854856888,33.10889723107322,33.21417999267578,7469400
2006-03-28,33.1365819489064,33.17537042137353,32.97588564079216,33.0257568359375,7750000
2006-03-29,33.036860328214374,33.136602781211096,32.88724664871929,32.97590637207031,6631700
2006-03-30,32.81521441581009,33.05348783564031,32.804131685374415,32.88724899291992,7838600
2006-03-31,32.94265664111866,33.097810611311026,32.72654872154663,32.815208435058594,9704000
2006-04-03,32.96482767434996,33.11443924873589,32.75980033469655,32.787506103515625,9271700
2006-04-04,32.84291922279451,32.86508468301647,32.55477458135286,32.593563079833984,9506700
2006-04-05,32.471647632743306,32.682215228395265,32.310953367933216,32.36082458496094,8809200
2006-04-06,32.36082535223641,32.54922749727326,32.200128969802066,32.416236877441406,6432000
2006-04-07,32.388535245941156,32.53814891965464,31.972942412452987,32.044979095458984,8974300
2006-04-10,32.05605636799358,32.08930455217865,31.87319663951127,31.978479385375977,9309100
2006-04-11,31.978483039878704,32.15026217374449,31.762375102514497,32.000648498535156,9114500
2006-04-12,32.05606357071764,32.13364268458085,32.00619234014151,32.06714630126953,6708200
2006-04-13,32.05053262511926,32.13919238161939,31.87875342210605,32.08932113647461,7339900
2006-04-17,31.961863059426772,32.03944005832886,31.839955138972254,31.945240020751953,8810800
2006-04-18,31.97293500506986,32.21674864992378,31.956309858188156,32.21120834350586,12658300
2006-04-19,32.29433983691966,32.349753494558875,32.05606639360828,32.1502685546875,9145600
2006-04-20,32.172414381866176,32.4162279852266,32.15024893233878,32.26107406616211,7619600
2006-04-21,32.41623680794074,32.471648333026934,32.172423138221646,32.344200134277344,10014200
2006-04-24,32.42177706540403,32.477190704219765,32.24445764882203,32.32203674316406,8139300
2006-04-25,32.31649670541196,32.38853338427735,32.20567153342235,32.25554275512695,8543400
2006-04-26,32.349748174122894,32.49381943266022,32.29987694735718,32.43840789794922,10586700
2006-04-27,32.250010588784576,32.64897834932063,32.250010588784576,32.499366760253906,11577800
2006-04-28,32.4993611987091,32.57693819126512,32.41624178450508,32.477195739746094,8572000
2006-05-01,32.53261213189176,32.5714006339626,32.44395239661343,32.46611785888672,7541800
2006-05-02,32.56584300854146,32.67112572763366,32.471640900879,32.51042938232422,5591900
2006-05-03,32.432872357506405,32.52707452307954,32.27217802722401,32.3331298828125,9377700
2006-05-04,32.38299899892203,32.399624152825325,32.24446802801214,32.28325653076172,7798600
2006-05-05,32.41624390355172,32.59356335921811,32.33312448391418,32.527069091796875,7049700
2006-05-08,32.52706391021621,32.62680635236635,32.499358146022125,32.5326042175293,5945200
2006-05-09,32.527059509520626,32.576930723848456,32.31649192526824,32.33865737915039,7158300
2006-05-10,32.36081725877073,32.41068846450807,32.27769787793727,32.31648635864258,7834700
2006-05-11,32.50489471531619,32.732085337683955,32.4716465338182,32.604637145996094,9805800
2006-05-12,32.36081348560185,32.83181761857075,32.36081348560185,32.59908676147461,10235800
2006-05-15,32.67668815418907,33.2529754229971,32.63789964899473,33.230812072753906,10776200
2006-05-16,33.225251823670476,33.513396360385386,33.16429788712122,33.385948181152344,8264500
2006-05-17,33.24742514283228,33.685183414528346,33.21971937797612,33.319461822509766,13707900
2006-05-18,33.41366812482308,33.513410588100164,33.269596852208835,33.325008392333984,8518000
2006-05-19,33.33609169132968,33.38042261523722,33.042406718794005,33.192020416259766,13160600
2006-05-22,33.070103144263086,33.35824772679281,33.05348010940255,33.16984558105469,9614000
2006-05-23,33.33054066333571,33.552188870144896,33.23079823043663,33.24742126464844,10327900
2006-05-24,33.313924226405085,33.76276529181618,33.24188965010854,33.68518829345703,12877100
2006-05-25,33.96117522281978,33.96117522281978,33.53742811674038,33.70469665527344,8717200
2006-05-26,33.92214775780088,33.95002549453808,33.721424650197065,33.8385124206543,6199600
2006-05-30,33.72142844166843,33.76045770287577,33.35343674533125,33.37016296386719,7840900
2006-05-31,33.531855708145514,33.60991422794204,33.38689018951413,33.57646179199219,8260300
2006-06-01,33.5931817618605,33.84408561949371,33.57087872408538,33.81620788574219,5661800
2006-06-02,33.84409481383189,34.01693808620807,33.70470398027157,33.866397857666016,6666600
2006-06-05,33.64893809180318,33.73257342213612,33.50397259641887,33.526275634765625,6921900
2006-06-06,33.69912741883848,34.15075448879519,33.65452345775745,33.977909088134766,10568900
2006-06-07,34.07825477877268,34.39606556351582,34.016922499798675,34.10613250732422,9507200
2006-06-08,34.11171851710696,34.429529387451716,34.03366000536402,34.32359313964844,12528800
2006-06-09,34.25111764151151,34.39050848259631,34.18978533112453,34.22323989868164,8621700
2006-06-12,34.26226916403055,34.379356960077274,34.20093685364357,34.22323989868164,6507600
2006-06-13,34.31802730924316,34.3960858459903,34.016942558702254,34.03924560546875,12088300
2006-06-14,34.16747924005993,34.22323684768433,33.98905914953235,34.150753021240234,8972700
2006-06-15,34.094986947328934,34.29570789160755,33.9667455531047,34.273406982421875,8863300
2006-06-16,34.178632081102805,34.42953600776101,34.178632081102805,34.390506744384766,11648700
2006-06-19,34.34589180519684,34.390497881522904,34.1897747919252,34.20650100708008,9989800
2006-06-20,34.21764424392245,34.4016410738296,34.128434239798025,34.306854248046875,6927900
2006-06-21,34.29014556721565,34.51317175501234,34.29014556721565,34.451839447021484,6998600
2006-06-22,34.17863568005516,34.56893048185026,33.96676099446315,34.11172866821289,7812800
2006-06-23,34.04481946617396,34.423962720448095,34.01136489893727,34.18978500366211,5004600
2006-06-26,33.23076321010164,33.59875480757757,33.17500774533711,33.57087707519531,15467400
2006-06-27,33.57647237322725,33.59877329524331,33.18060069860672,33.202903747558594,10361800
2006-06-28,33.18616897047657,33.21962353528138,32.87950957070596,33.02447509765625,9490700
2006-06-29,33.03563485569629,33.537442818202706,32.951999486299954,33.39247512817383,8491000
2006-06-30,33.53184042052149,33.64892814683438,33.40360117833106,33.409175872802734,10294200
2006-07-03,33.52628210294275,33.665672929100246,33.46494979912382,33.53743362426758,3302400
2006-07-05,33.342273395916784,33.68796192695052,33.342273395916784,33.47608947753906,6556400
2006-07-06,33.52069869418205,33.83850954523723,33.481669440679475,33.74372482299805,5631800
2006-07-07,33.78834035936584,33.9388827289007,33.69355560462288,33.79949188232422,5353100
2006-07-10,33.92772475664685,34.005785402517034,33.844091540760054,33.983482360839844,4732500
2006-07-11,33.98349453112441,34.005797580788844,33.788346036964384,33.88313293457031,7102700
2006-07-12,33.905430286961085,33.98348882073423,33.771614138396025,33.79949188232422,6169400
2006-07-13,33.86081435763427,33.87754057374465,33.548578186319304,33.60433578491211,8022400
2006-07-14,33.62664053094445,34.04481297040616,33.53743049560335,33.71027374267578,7532000
2006-07-17,33.76045471352879,34.178627155381584,33.76045471352879,33.961177825927734,7284200
2006-07-18,33.89983549226753,34.02250005285173,33.27536542616816,33.78832244873047,8302900
2006-07-19,33.910989600969,34.284558006328034,33.726994872965264,34.18419647216797,8465000
2006-07-20,34.122870452737565,34.418378287061124,34.122870452737565,34.217655181884766,5563200
2006-07-21,34.384929986071405,34.56335221076565,34.3291745031225,34.41838455200195,8654400
2006-07-24,34.384913016363626,34.56890984777216,34.36261211035125,34.55775833129883,7828200
2006-07-25,34.29014608936925,34.56892776489258,34.28457139171035,34.56892776489258,6303500
2006-07-26,34.42952939975845,34.652555542190775,34.37377392761783,34.596797943115234,5660300
2006-07-27,34.65254849957946,34.886723987299305,34.59679091183581,34.88114929199219,7658600
2006-07-28,34.87557706292705,35.12648092348173,34.819821594774794,35.08187484741211,7786400
2006-07-31,34.9424830044546,35.05957288716609,34.86442450060341,34.87557601928711,7059400
2006-08-01,34.78079055921201,35.04284379841944,34.73060978967277,34.94805908203125,4551700
2006-08-02,35.182245101569414,35.23800271046014,35.059582615880416,35.21012496948242,7410800
2006-08-03,35.1822385651347,35.316054674675726,35.148786132950626,35.17108917236328,6561400
2006-08-04,35.2658800211937,35.51678394080269,35.226850758914,35.4219970703125,6653300
2006-08-07,35.26587560987977,35.3718118618255,35.21569483223495,35.27702713012695,6313600
2006-08-08,35.36066006201188,35.52235391391514,35.34951066878786,35.438720703125,5236200
2006-08-09,35.50563188510946,35.52793492805819,35.14321488146601,35.304908752441406,6124000
2006-08-10,35.327214971987885,35.54466434295275,35.293760404556586,35.43315124511719,5437400
2006-08-11,35.4387267758372,35.56696608923826,35.34951672621319,35.388545989990234,7514200
2006-08-14,35.656176029911535,35.68405377153348,35.53908823893818,35.633872985839844,7374800
2006-08-15,35.68405187751085,35.95168413829519,35.60041653014884,35.912654876708984,7192900
2006-08-16,35.95169202169583,36.10223227686117,35.91823532309244,36.024173736572266,5706400
2006-08-17,36.052050244947495,36.063199640860425,35.75653807986725,35.81229782104492,8482200
2006-08-18,35.90149430454696,36.018582066724626,35.76768032689672,35.91822052001953,7185900
2006-08-21,35.83457946777344,36.00742692575734,35.789977651590505,35.83457946777344,7325900
2006-08-22,35.81786767275959,35.87362315583328,35.700779882143635,35.77326583862305,8278700
2006-08-23,35.68405377153348,35.717506210705665,35.572540678110364,35.633872985839844,6592900
2006-08-24,35.85132645200848,36.3141008169341,35.81786975712076,36.24161911010742,10664000
2006-08-25,36.30049271148128,36.39021825633264,36.233195343927655,36.266841888427734,5534200
2006-08-28,36.33413297816489,36.37899788211554,36.19954254486567,36.216365814208984,5976100
2006-08-29,36.17150584056148,36.2556264772967,36.05934784395006,36.22758483886719,5313000
2006-08-30,36.29488220396603,36.33974711403193,36.22758483886719,36.22758483886719,4434500
2006-08-31,36.26124572753906,36.30610637150585,36.12665095997518,36.26124572753906,4613000
2006-09-01,36.379000544756295,36.39021463228837,36.21636846494642,36.29487991333008,4693200
2006-09-05,36.227592604672296,36.3061040748408,36.00888146940943,36.06496047973633,7092400
2006-09-06,35.8911020870787,36.03130170460635,35.84623718261719,35.84623718261719,8509800
2006-09-07,35.61631159171223,35.72286467524485,35.47050492382087,35.58827209472656,7407100
2006-09-08,35.61631367963883,35.7509062680473,35.54341141105766,35.66117858886719,5914300
2006-09-11,35.6948250013858,35.92475015909485,35.66117632160384,35.913536071777344,5211600
2006-09-12,35.86869775867024,35.941600076666646,35.73971426612497,35.79579544067383,6994400
2006-09-13,35.86306879965161,35.907931572602884,35.767731930805404,35.7845573425293,6285700
2006-09-14,35.75092417970391,35.80700320505903,35.56585954533215,35.739707946777344,5393700
2006-09-15,35.66678903263268,35.96962078096015,35.66678903263268,35.77334213256836,9656600
2006-09-18,35.86307705296634,36.07618115653851,35.8294283610516,35.9808464050293,6976100
2006-09-19,35.98083226924585,36.003260443156485,35.8630629634509,35.99204635620117,5246800
2006-09-20,36.115428776892735,36.171507778202496,35.96961995064452,35.99766159057617,6282100
2006-09-21,35.98645262217218,36.1210473947335,35.91915951444618,36.020103454589844,7406900
2006-09-22,35.91352486552108,35.95278057671266,35.80697181576467,35.86865997314453,5604800
2006-09-25,36.03130813565132,36.081777953264044,35.90232258194068,35.99766159057617,5748400
2006-09-26,36.115428159623924,36.29488352788011,36.08738652017155,36.266841888427734,5894200
2006-09-27,36.1939444737461,36.37900905044266,36.18272610503804,36.35096740722656,5516500
2006-09-28,36.384609879619184,36.47433970501392,36.34535415064738,36.39582824707031,5016400
2006-09-29,36.418270111083984,36.45752585019643,36.255637969459634,36.418270111083984,7671300
2006-10-02,36.451910548655356,36.6369751213707,36.41826400036309,36.50238037109375,6237000
2006-10-03,36.48556226490506,36.8332590012054,36.43509243531792,36.73231506347656,6944900
2006-10-04,36.75474914209423,36.94541865588485,36.659414385198914,36.917381286621094,6168300
2006-10-05,36.620152505330935,36.81082198715225,36.51359939575195,36.51359939575195,7998400
2006-10-06,36.457520191740564,36.541640842083915,36.37339954139722,36.485557556152344,7134500
2006-10-09,36.39583252142503,36.451911529605916,36.261242046080085,36.37900924682617,5545700
2006-10-10,36.36217650959805,36.44069224412237,36.2836650536272,36.429473876953125,6047100
2006-10-11,36.390213178808004,36.564059339206274,36.33974336909994,36.50798034667969,4855700
2006-10-12,36.580886515262705,36.614533054725555,36.32852463363285,36.3621711730957,7902000
2006-10-13,36.86688980728248,36.86688980728248,36.17150091025833,36.216365814208984,6413600
2006-10-16,36.47996371720204,36.49678699666352,36.283680714003864,36.41266632080078,6357100
2006-10-17,36.80521327023607,37.29310962820788,36.7323109871822,37.05757522583008,15308200
2006-10-18,37.39406231482626,38.21843719482422,37.29311836465192,38.21843719482422,17880100
2006-10-19,38.134302010767044,38.2576783783116,38.04457218762428,38.156734466552734,8608800
2006-10-20,38.35863728661325,38.773627184507696,38.28573070716812,38.48201370239258,12064700
2006-10-23,38.330587377797215,38.92503686406146,38.319373287213004,38.75118637084961,8941400
2006-10-24,38.47080332131294,38.61661223193292,38.28013375081884,38.55492401123047,10853500
2006-10-25,38.554893245564074,38.66705122358467,38.39787036491419,38.59975814819336,7007400
2006-10-26,38.566124155987644,38.6334215392893,38.17917596802791,38.59416580200195,8171600
2006-10-27,38.47078453882752,38.49321699709046,38.134306221991324,38.22964096069336,7945500
2006-10-30,38.3193626177968,38.33618588826605,37.88194047138421,37.96605682373047,9175200
2006-10-31,38.02213747094711,38.02213747094711,37.702482518447184,37.79781723022461,11950600
2006-11-01,37.78661175469562,37.8931648680604,37.4893891527351,37.67445373535156,11145700
2006-11-02,37.657632795074846,38.13431082467236,37.62398196434194,38.07823181152344,10374400
2006-11-03,38.13430502637716,38.31376040830032,37.99971455957325,38.02775192260742,7102500
2006-11-06,38.263297499531376,38.409102082176126,37.904382392297386,38.36984634399414,8041300
2006-11-07,38.229627596179924,38.711914583847836,38.21280432800237,38.5324592590332,10671300
2006-11-08,38.15113653344578,38.30255458501284,37.803444062619384,38.12870407104492,14318400
2006-11-09,37.865123702572625,37.988500092543106,36.9117676904349,37.096832275390625,16574400
2006-11-10,37.0126990458826,37.186545202567274,36.7210857238419,37.175331115722656,10113100
2006-11-13,37.15289965865577,37.45012217135655,36.87250041594893,36.97905349731445,8794200
2006-11-14,36.68743792767257,37.42208689380573,36.62574974856475,37.32674789428711,11365200
2006-11-15,37.326731508382466,37.57348411649285,37.2482200928112,37.31551742553711,7773700
2006-11-16,37.29311706012004,37.37162854322537,36.906164551561666,37.309940338134766,10445700
2006-11-17,37.37162481751708,37.909991053091275,37.321154988504425,37.70810317993164,11117500
2006-11-20,37.8987757115186,37.909989802522205,37.478176702736434,37.57912063598633,7973900
2006-11-21,37.517446394605926,37.60717199167346,37.18657282643922,37.349205017089844,8304100
2006-11-22,37.298725893273776,37.54547443275018,37.28750752233332,37.44453048706055,6992300
2006-11-24,37.503736173097934,37.53193619205996,37.13715744018555,37.13715744018555,2874100
2006-11-27,36.93976491471058,37.125874686627895,36.781855157708556,37.02436065673828,9429200
2006-11-28,36.96798448238077,37.266885866614984,36.95106188285015,37.20484924316406,8083100
2006-11-29,37.16536931998019,37.4022340650658,37.069496109262715,37.334556579589844,6778700
2006-11-30,37.334555452255614,37.46426955315438,37.04129496282194,37.1710090637207,7799300
2006-12-01,37.17101264954372,37.255604133594574,36.84391123547891,37.20484924316406,8947400
2006-12-04,37.4416943362251,37.6278041088164,37.11459309398308,37.37965774536133,7785800
2006-12-05,37.419137174081804,37.43041890177582,37.18791338897547,37.317623138427734,6564300
2006-12-06,37.36275502664222,37.36275502664222,37.108971996605845,37.23868179321289,7099900
2006-12-07,37.36273195970349,37.582678264003604,37.19354050898771,37.255577087402344,10418400
2006-12-08,37.1653620195548,37.36274926835318,37.04128880524744,37.19355773925781,6126200
2006-12-11,37.199202730985625,37.221761890882235,36.917219686357726,37.05257034301758,7725100
2006-12-12,37.09768911165329,37.16536659216193,36.821346929336045,36.98489761352539,8935000
2006-12-13,37.10896519322075,37.22175667417603,36.89465535559884,36.922855377197266,8856700
2006-12-14,37.09769384903341,37.57142766765011,36.95106144056629,37.36275863647461,9256500
2006-12-15,37.44734009628997,37.54321327553622,36.9397698786352,37.38530349731445,12798000
2006-12-18,37.345848320487804,37.69550466568715,37.345848320487804,37.56015396118164,7896700
2006-12-19,37.588345916124695,37.92672475600595,37.57706418325377,37.718055725097656,10245500
2006-12-20,37.58834095961009,37.723691617170765,37.41350854492775,37.46426773071289,9780100
2006-12-21,37.351470054577064,37.4360615123596,37.15407851250017,37.22175598144531,8729100
2006-12-22,37.097674671712596,37.19354783807552,36.91156489979528,37.02436065673828,6067500
2006-12-26,36.99617481823853,37.097688887026905,36.92850164085949,37.018733978271484,3804300
2006-12-27,37.1879280909963,37.30636046229449,37.097691444643324,37.2274055480957,5168900
2006-12-28,37.14280994981167,37.56014368443873,37.14280994981167,37.4586296081543,5450100
2006-12-29,37.3176279843793,37.54321523765111,37.14279990688516,37.2330322265625,5877100
2007-01-03,37.29507249406344,37.84212023862664,37.28379506651507,37.44734573364258,12845300
2007-01-04,37.165374940871935,38.13539753246605,37.165374940871935,37.91545104980469,11262000
2007-01-05,37.67293664551604,37.92671966568549,37.5037450969232,37.5714225769043,8141100
2007-01-08,37.5093879699707,37.64473863445658,37.24996407023943,37.5093879699707,6180400
2007-01-09,37.56015084534392,37.70114240580146,37.295086023248395,37.368404388427734,7147100
2007-01-10,37.53757836241094,37.53757836241094,37.26123620671193,37.30635452270508,6528700
2007-01-11,37.447332167527506,37.69547420817143,37.3796547185967,37.63344192504883,6371500
2007-01-12,37.47554389110579,37.67293545915464,37.39095242219306,37.582698822021484,6189400
2007-01-16,37.58833512777283,37.644730867779984,37.39094788638823,37.52629852294922,7963700
2007-01-17,37.560136735529504,38.000029550471844,37.45862267802594,37.71240997314453,9189900
2007-01-18,37.48117314958609,38.34404028704411,37.3909408431154,38.18613052368164,10695600
2007-01-19,38.34968702706848,38.4737602323558,38.08462232535811,38.21433639526367,13473300
2007-01-22,38.349701098766815,38.41173772417365,37.88160812623187,37.88724899291992,10245500
2007-01-23,37.78008821977327,37.921079746212044,37.29507702460628,37.503746032714844,9698300
2007-01-24,37.45298780445205,37.83648059151363,37.39095119414043,37.79136657714844,7665500
2007-01-25,37.67856533988502,37.80827940708005,37.50373726484377,37.60525131225586,7727900
2007-01-26,37.60526544513018,37.7124203973138,37.216127400017484,37.26124572753906,10773000
2007-01-29,37.36275026633679,37.447346033144086,37.22175875589779,37.30635452270508,8152700
2007-01-30,37.306356956992175,37.56013997125428,37.27815693197651,37.441707611083984,7171900
2007-01-31,37.44169216492813,37.7969890988652,37.306341566673716,37.67292022705078,8171600
2007-02-01,37.67293422184068,37.82520316360221,37.50374268413272,37.79136657714844,9232500
2007-02-02,37.78573101583701,37.87032679656574,37.498107082447355,37.548866271972656,11317500
2007-02-05,37.43606708058607,37.56014030741389,37.2781572656124,37.390953063964844,7526200
2007-02-06,37.44170237711815,37.464261533433195,37.10332363783065,37.22175598144531,8180100
2007-02-07,37.221758313314865,37.27815405627601,37.02437106159116,37.10896682739258,7795300
2007-02-08,37.08640670776367,37.20483905572614,36.996170079190776,37.08640670776367,7340100
2007-02-09,37.14281007351018,37.278160741433474,36.956700215915546,36.996177673339844,7107600
2007-02-12,37.06384580309917,37.148441562717835,36.860817701101986,36.917213439941406,6067300
2007-02-13,36.88901579389813,36.95104809147607,36.81569746479166,36.872093200683594,8583600
2007-02-14,36.97360679618714,37.16535745914758,36.88337448040248,37.13715744018555,7254900
2007-02-15,37.080758108304465,37.18227214291502,36.99052149855358,37.10331726074219,7350800
2007-02-16,37.024366573246944,37.07512144494331,36.793138461602084,36.945411682128906,12927000
2007-02-20,36.88337685718157,37.125882406638254,36.80442196226256,36.917213439941406,9384300
2007-02-21,36.80441967705131,36.88337456706795,36.63522816831918,36.65778732299805,12036200
2007-02-22,36.64086537809359,36.697261107806426,36.46039646138147,36.53371047973633,12930900
2007-02-23,36.65000678452673,36.65000678452673,36.298312544543464,36.38907241821289,11586300
2007-02-26,36.44580264667599,36.5819413980934,36.309663895258595,36.47416687011719,10483200
2007-02-27,36.303982429038314,36.44012115137106,35.57790347290106,35.76509475708008,18581000
2007-02-28,35.88989796237361,36.14516082546887,35.63463509927835,35.6970329284668,16690600
2007-03-01,35.36801738488563,35.697023244485166,35.027668435680326,35.42474365234375,14589700
2007-03-02,35.33966128516903,35.42474961874425,35.016329079801125,35.1411247253418,13773000
2007-03-05,34.85750732551493,35.36803094505866,34.85750732551493,35.073062896728516,16009400
2007-03-06,35.25457235665897,35.29427966551715,34.81211608613261,34.99930953979492,19244300
2007-03-07,34.97093928908896,35.47011738742083,34.93690353352225,35.09006118774414,14139300
2007-03-08,35.16947218732215,35.311284575174255,34.97093570988333,35.010643005371094,14670100
2007-03-09,35.2715918779675,35.34533495605943,35.13545097717366,35.2489013671875,10011500
2007-03-12,35.31129983507716,35.368023949177406,34.83480991942187,35.05036544799805,13310200
2007-03-13,34.829131518212805,35.0163227890081,34.3810037478118,34.471763610839844,17202700
2007-03-14,34.59656410209605,34.687323977895055,34.09738370325847,34.4377326965332,16217000
2007-03-15,34.432046795750196,34.494444590076064,34.23350816254195,34.33561325073242,10109800
2007-03-16,34.35831936601364,34.53416757867833,34.1767996075987,34.324283599853516,15553900
2007-03-19,34.40369494102731,34.488781097128125,34.24486355464457,34.449073791503906,10425200
2007-03-20,34.40936497716382,34.795094926788515,34.40369343256012,34.641937255859375,9871300
2007-03-21,34.64194337647419,34.783755819365894,34.30726592469432,34.72703170776367,16305000
2007-03-22,34.72701825985739,34.87450219124226,34.48310077942889,34.52280807495117,12725500
2007-03-23,34.74404939361694,34.74404939361694,34.23352372064604,34.324283599853516,17676100
2007-03-26,34.488782875703095,34.488782875703095,33.96124045790658,34.176795959472656,17385900
2007-03-27,34.091705443547106,34.15410325555921,34.023636086754735,34.051998138427734,12691000
2007-03-28,34.03497314453125,34.26187383104892,33.961230096830214,34.03497314453125,16111500
2007-03-29,34.250542378245534,34.30726649078373,34.04633211089011,34.22785186767578,16849900
2007-03-30,34.27890582088241,34.290251076626134,34.0066261746919,34.182472229003906,13275100
2007-04-02,34.1824690104807,34.2618857932091,34.05200182754172,34.09170913696289,9734200
2007-04-03,34.346965329056424,34.528485041061785,34.1767908695371,34.39801788330078,12055300
2007-04-04,34.43772920803199,34.800768674452534,34.346969341426856,34.7667350769043,12983300
2007-04-05,34.795089380531486,35.11274992484857,34.732691580408,34.91421127319336,9694800
2007-04-09,34.9425719536606,35.027660253027754,34.81210481481354,34.959590911865234,5829600
2007-04-10,34.90855126340588,35.09574256173959,34.863170243272776,34.98229217529297,9137600
2007-04-11,34.89721575869095,35.333998462022,34.88587050048779,35.10709762573242,14688400
2007-04-12,34.914217952240634,35.141118693570874,34.88585590054581,35.12409973144531,9342600
2007-04-13,35.2545822987282,35.38504951661015,35.1070961123318,35.3680305480957,14546100
2007-04-16,35.447428170053094,35.748069763183594,35.402047163754276,35.748069763183594,13395100
2007-04-17,37.04141947229328,37.09814359562254,36.547910511005036,36.61598205566406,29072800
2007-04-18,36.55923661245442,36.74075631940471,36.38906432155982,36.54789352416992,11757000
2007-04-19,36.83720016479492,36.88825056498496,36.47416067086977,36.83720016479492,12530900
2007-04-20,37.12649347550636,37.12649347550636,36.79749191786235,36.93930435180664,15794600
2007-04-23,36.871239798409604,36.939311337574125,36.68972002174373,36.729427337646484,10862400
2007-04-24,36.95632280223532,36.95632280223532,36.508194971621336,36.58193588256836,10367000
2007-04-25,36.729416013377154,36.9392999485942,36.58760359633708,36.6897087097168,12907800
2007-04-26,36.58192929707399,36.70105120613122,36.389066490344604,36.44011688232422,10533100
2007-04-27,36.30965961356252,36.60462759481259,36.218897571471814,36.40041732788086,9817600
2007-04-30,36.30399536961576,36.513879400844814,36.1621828877032,36.42879104614258,13917900
2007-05-01,36.60463007899975,36.83720458181167,36.451474532293176,36.621646881103516,10049100
2007-05-02,36.309655369967494,36.75778316292879,36.30398166105683,36.576263427734375,7976300
2007-05-03,36.63865968036466,36.75778593762159,36.38339902115054,36.485504150390625,8992000
2007-05-04,36.62164011570408,36.752109454018125,36.39474369253997,36.576263427734375,6489200
2007-05-07,36.298304134930056,36.49116909228027,36.071403421381945,36.45146179199219,10864100
2007-05-08,36.2699583462506,36.35504453413673,36.02036916567661,36.133819580078125,10957500
2007-05-09,36.09977830494504,36.468491554585974,35.91258698901438,36.36638641357422,13768500
2007-05-10,36.30965027061384,36.30965027061384,35.43608531524613,35.453102111816406,23573300
2007-05-11,35.339671530214865,35.75376373496232,34.97096036023324,35.322654724121094,23867100
2007-05-14,35.73672995940494,35.997664293744194,35.48714087836989,35.5155029296875,16788200
2007-05-15,35.16381257949477,35.39638488795833,34.976619125326366,35.067378997802734,21866900
2007-05-16,35.611937071541256,35.94661449611439,35.402055279011456,35.76509475708008,17213000
2007-05-17,35.79346057691056,35.79346057691056,35.47012837249048,35.58925247192383,12360000
2007-05-18,35.72537512772826,36.09408818765845,35.62327003925176,35.9749641418457,13378700
2007-05-21,36.218876066439755,36.32098113928052,35.95227029969766,36.03168487548828,10813300
2007-05-22,36.04872352762478,36.23591699598226,35.90691108088835,36.06574249267578,8892500
2007-05-23,36.17351844350461,36.36070974419986,36.09977536680107,36.19620895385742,9822100
2007-05-24,36.4045970186542,36.5873071678913,36.233308567923416,36.244728088378906,11036400
2007-05-25,36.301836229410206,36.301836229410206,36.022063342157004,36.079158782958984,8493000
2007-05-29,36.084851839990435,36.176205807056725,35.85075716325492,35.99920654296875,10059400
2007-05-30,35.9992295259458,36.17622890303544,35.83364967428631,36.09629440307617,10866600
2007-05-31,35.97066807123735,36.284697277518916,35.95353987865592,36.12482833862305,12154500
2007-06-01,36.17050675423368,36.41031235726525,35.98209008861346,36.20476531982422,10836900
2007-06-04,35.99922223283291,36.353218737243964,35.9763831865996,36.31325149536133,10090400
2007-06-05,36.199057506428574,36.28470065535942,35.98209094197837,36.14767074584961,11391400
2007-06-06,36.08486268622817,36.216183917229806,35.71373585831628,35.91357421875,11532300
2007-06-07,35.76513149237144,35.91358313159858,35.394006750406746,35.399715423583984,14245500
2007-06-08,35.42825227527771,35.59954073270969,35.09138403183941,35.47393035888672,13943800
2007-06-11,35.90787150623201,35.90787150623201,35.48536000257478,35.55387496948242,9082200
2007-06-12,35.5424615957539,35.633815626789584,35.26268865055292,35.30265808105469,11908200
2007-06-13,35.34833447421903,35.54817073910663,35.01146607194284,35.50249481201172,14814400
2007-06-14,35.51389835186925,35.74799309024024,35.50247883072299,35.656639099121094,9093400
2007-06-15,35.7365781286746,36.03918785448176,35.72515860607134,35.839351654052734,16817100
2007-06-18,35.88502215221815,35.913572043444425,35.53102571713156,35.5881233215332,8489300
2007-06-19,35.59382757919745,35.78224420523135,35.51389312099818,35.639503479003906,11399300
2007-06-20,35.696619908384974,35.879327960101264,35.394010106114585,35.42255783081055,11311700
2007-06-21,35.348335141788006,35.593849516459095,35.27982016082574,35.462528228759766,10370700
2007-06-22,35.31406528328132,35.388291092813695,34.67458724975586,34.67458724975586,22060300
2007-06-25,34.828749495930616,35.11993972189824,34.81162129971234,34.89155578613281,12967700
2007-06-26,35.034298858163716,35.37687587328282,35.011459809675365,35.19987869262695,13908200
2007-06-27,34.914382037628634,35.13134637038453,34.868703960384906,35.085670471191406,14158300
2007-06-28,35.11423110961914,35.308358653282184,34.94294261298738,35.11423110961914,9515800
2007-06-29,35.1599023932561,35.36544724256961,34.94864451621426,35.1827392578125,12025100
2007-07-02,35.365446967623264,35.399705531268,35.04570908580959,35.31406021118164,8090400
2007-07-03,35.39971395004908,35.559582928976056,35.331198984516305,35.37116622924805,4716100
2007-07-05,35.45680822265529,35.63951624341988,35.325486968858954,35.5595817565918,8299700
2007-07-06,35.45679998850789,35.62809062399078,35.399704562047525,35.47393035888672,7558900
2007-07-09,35.60525921023902,36.15909411337162,35.39400347341528,35.81080627441406,18794500
2007-07-10,35.81080948576905,35.885033127115015,35.4682302887392,35.51390838623047,14338300
2007-07-11,35.513903896461855,35.96496525093167,35.48535617816468,35.89073944091797,11145900
2007-07-12,35.99922819901464,36.2047752930773,35.75371385644554,36.17622756958008,11042400
2007-07-13,36.239052287945604,36.313275971154965,35.976407435337855,36.21621322631836,8999400
2007-07-16,36.181918789777036,36.473111091918916,36.1305320410491,36.427433013916016,13368200
2007-07-17,35.90216579037617,36.2675818813843,35.55958657151727,35.82223129272461,27568400
2007-07-18,35.69090556888024,35.913583027072846,35.41113484492667,35.51390838623047,16892500
2007-07-19,35.59954026147633,35.79937860754413,35.43396265571268,35.622379302978516,12653800
2007-07-20,35.622400416599525,35.68520672893079,35.23985604593042,35.279823303222656,13773900
2007-07-23,35.33690912837647,35.588134309206524,35.31407007956436,35.399715423583984,9439400
2007-07-24,35.15420620056353,35.473946396224534,35.06856084410287,35.097110748291016,10753800
2007-07-25,35.10280756914797,35.393999940345914,34.93722776419629,35.13135528564453,10622200
2007-07-26,34.84587162467875,35.12564445648689,34.68600267967469,34.805904388427734,23319000
2007-07-27,34.68600454470405,34.908679780947296,34.09791331277432,34.126461029052734,23503600
2007-07-30,34.21780647944904,34.50899659762362,34.126452503350095,34.2977409362793,13604100
2007-07-31,35.02858791084554,35.27410223629241,34.543270111083984,34.543270111083984,21874200
2007-08-01,34.54897059963476,35.05712950549243,34.51471421316304,34.805904388427734,17638800
2007-08-02,34.71456114484321,35.10281628413189,34.6860134212591,34.845882415771484,17094800
2007-08-03,35.114238623901656,35.114238623901656,34.491888616453515,34.57182312011719,12984400
2007-08-06,34.434769074301194,35.605242440629716,34.434769074301194,35.57098388671875,14768000
2007-08-07,35.256981316709584,35.62810830705364,35.14278822906126,35.44540023803711,18086400
2007-08-08,35.393996200745384,35.67947769165039,34.942934922383245,35.67947769165039,15477600
2007-08-09,35.39971529302869,35.742292311740606,34.731689453125,34.731689453125,20821000
2007-08-10,34.65746433510045,35.06855633026313,34.54327126720185,34.914398193359375,15651600
2007-08-13,35.01144468469565,35.32547384256917,34.9029625183177,35.085670471191406,11132700
2007-08-14,35.11994908928,35.365463464800015,34.89156509259877,34.902984619140625,18623200
2007-08-15,34.87442014205078,35.25696429623782,34.70312950424369,35.000030517578125,13757600
2007-08-16,34.71455705672921,35.35974598839848,34.6745898128078,35.18845748901367,24001900
2007-08-17,35.67947464391249,35.9592452613929,35.02857507068609,35.4111213684082,18327900
2007-08-20,35.30836675509671,35.45681623876023,35.13707821916129,35.30265808105469,12981800
2007-08-21,35.15420825532775,35.34833585367372,35.11424100079053,35.2113037109375,12477700
2007-08-22,35.22841365007618,35.45679751805587,35.18273556964978,35.40541076660156,12141600
2007-08-23,35.48536728176451,35.610977717186664,35.38259372129512,35.462528228759766,8809400
2007-08-24,35.4998848741708,35.62634242305994,35.26421538296094,35.56886291503906,9166300
2007-08-27,35.442394588559736,35.551606497670484,35.35617316004461,35.40790557861328,10458800
2007-08-28,35.40790265249516,35.45388799529019,35.195225923822726,35.206722259521484,14789300
2007-08-29,35.264214235089305,35.632090529637395,35.21248180247338,35.55736541748047,10176700
2007-08-30,35.264204659556086,35.58609550761694,35.264204659556086,35.40790557861328,8354000
2007-08-31,35.62634375181392,35.67807618804324,35.436659614108265,35.51713180541992,13355800
2007-09-04,35.425169886994865,35.66658650599947,35.4079242765637,35.62635040283203,9167600
2007-09-05,35.551612136524874,35.62059016735841,35.321691945186835,35.43665313720703,11283800
2007-09-06,35.46539456401805,35.58035576147419,35.41366213479791,35.44240188598633,7724400
2007-09-07,35.35618159506817,35.655079841140385,35.21248064172783,35.45389938354492,13553000
2007-09-10,35.551607362640574,35.62633245632494,35.39066303104538,35.545860290527344,10176500
2007-09-11,35.626340293747724,35.718308816705964,35.476892266204054,35.66657638549805,9942900
2007-09-12,35.63784309162945,36.022960666089965,35.6091033341284,35.930992126464844,11635100
2007-09-13,36.028709234968545,36.36784362939549,35.96548045406986,36.275875091552734,13499000
2007-09-14,36.2068789006947,36.396562944151505,36.13790089152707,36.32758712768555,9369200
2007-09-17,36.224131713691726,36.40232166126314,36.04019469354806,36.17814636230469,11085700
2007-09-18,36.19538863538848,36.758695981841015,36.17814303385385,36.689720153808594,12653400
2007-09-19,36.649485331698834,37.23578540696892,36.58625876245495,37.069091796875,17955900
2007-09-20,37.0748415743707,37.36224344704024,36.890904551278375,37.24153518676758,12079500
2007-09-21,37.30477488966803,37.68414319243584,37.241546108305755,37.43123245239258,17638200
2007-09-24,37.350746423951406,37.678384358135006,37.21853964313154,37.47719955444336,12256700
2007-09-25,37.24727421924602,37.55766429730012,37.21853228571348,37.34498977661133,10084900
2007-09-26,37.37373538519723,37.72436599997933,37.28176907178458,37.5864143371582,12518700
2007-09-27,37.58067104072658,37.79335002646541,37.563427628310855,37.67264175415039,9074100
2007-09-28,37.678374193465714,37.79333314850147,37.55766158965424,37.764591217041016,8857800
2007-10-01,37.741621338451424,38.05201154548535,37.741621338451424,38.01752471923828,12568700
2007-10-02,38.029033843043834,38.13249435059978,37.86808504311967,37.96580505371094,9839400
2007-10-03,37.86233491080977,38.39690271942502,37.83359296131418,37.994537353515625,9377800
2007-10-04,37.99453683539304,38.13823781009983,37.93705732259147,38.00028610229492,8741800
2007-10-05,38.10949527176783,38.166974777066294,38.05201138106421,38.080753326416016,9407400
2007-10-08,38.080746519305244,38.15546942429567,37.90830364882966,37.94853973388672,5678900
2007-10-09,37.994531875765745,38.09224747331365,37.90256554436923,38.080753326416016,7639500
2007-10-10,38.09225477352168,38.10950257528132,37.74737329023076,37.8393440246582,8523900
2007-10-11,37.92555391832241,38.06925485795845,37.83933247745985,37.90830612182617,10369200
2007-10-12,38.03475211218612,38.07498818766205,37.82782247105182,37.902549743652344,7025800
2007-10-15,37.90830887015025,38.0290215273522,37.59791867718943,37.735870361328125,9198100
2007-10-16,37.80482654036386,37.93703328289671,37.13805672064976,37.4024658203125,14314900
2007-10-17,37.67838913776658,37.695632549320855,37.20130095287596,37.276023864746094,10198300
2007-10-18,37.50017962282465,37.5461649559476,37.18404032476057,37.30474853515625,13529500
2007-10-19,37.1208429964667,37.36225962152361,36.879426371409785,36.91966247558594,15297000
2007-10-22,36.95987609325954,37.011606316267574,36.528771167208916,36.98286437988281,11153100
2007-10-23,37.017359043038304,37.13231802852246,36.764444012488134,37.103580474853516,7727900
2007-10-24,36.97712691796689,37.086336650246444,36.63224334648848,37.04035568237305,11114300
2007-10-25,37.0288460756148,37.04608948158522,36.6322323893836,36.758689880371094,10605500
2007-10-26,36.89090661151616,37.132323145543815,36.683976900805376,36.95988464355469,9531300
2007-10-29,37.04610786243197,37.62666100210285,36.95989078980233,37.35075759887695,12797700
2007-10-30,37.24727965986101,37.51743370167225,37.2185377221302,37.25877380371094,7698400
2007-10-31,37.2645221695424,37.505938653204026,37.13231539873501,37.45995330810547,10547400
2007-11-01,37.24729271749534,37.58067563086389,37.086343949345235,37.16682052612305,11156800
2007-11-02,37.20704888156537,37.362243965382,36.99436991409369,37.23578643798828,9896700
2007-11-05,36.79318845875054,37.28177075845783,36.79318845875054,37.069091796875,10137400
2007-11-06,37.06909493445754,37.299017325958545,36.87366375219484,37.1380729675293,7820100
2007-11-07,36.84491059669425,37.092076324898585,36.63223387453067,36.73569869995117,10751600
2007-11-08,36.770199919353566,37.29901836475028,36.75870358018809,37.1265754699707,16433400
2007-11-09,36.701208863697886,37.793336577230875,36.701208863697886,37.45420455932617,16168600
2007-11-12,38.149729399424274,38.48311226714925,37.350752476326534,38.115238189697266,17582900
2007-11-13,38.3566539508518,38.71302944860169,38.24169057625157,38.69003677368164,16501000
2007-11-14,38.62681525419822,38.68429914497526,38.36815528732216,38.44862747192383,12128500
2007-11-15,38.373901262079066,38.68429582695031,38.24744372986432,38.442874908447266,11491600
2007-11-16,38.62682254386574,38.96020987750688,38.27044691206162,38.94296646118164,15135600
2007-11-19,38.776263565951616,39.09240740802806,38.76476941960562,38.85098648071289,19230900
2007-11-20,38.988932878035996,39.05790650981281,38.62680376959234,38.87971878051758,15463500
2007-11-21,38.51183970907848,38.885462911694965,38.477352897742676,38.59231185913086,14971600
2007-11-23,38.98272810600316,38.98272810600316,38.27132031153296,38.681968688964844,5964700
2007-11-26,38.606781395602724,39.37602618882039,38.39856469348847,38.96537780761719,15977400
2007-11-27,39.08682631302461,39.260337243046926,38.884394688326005,39.173583984375,15183000
2007-11-28,39.237217790760326,39.607384302396454,38.78608300845043,39.53219223022461,15187400
2007-11-29,39.32398539572024,39.711502663800694,39.07528225919759,39.56112289428711,11035900
2007-11-30,39.64207559312513,39.763534587434336,38.867045860755056,39.17937088012695,16655400
2007-12-03,39.109965861904286,39.37601951111302,38.92488487059913,39.162017822265625,9768100
2007-12-04,39.00586978849924,39.45121954694749,38.98273410572942,39.29505920410156,8107400
2007-12-05,39.01165984180257,39.47436478382841,39.01165984180257,39.451229095458984,9752700
2007-12-06,39.4396586076266,39.54376698614589,39.18517047953926,39.50328063964844,7604500
2007-12-07,39.61895049494682,39.61895049494682,39.086843021795204,39.14468002319336,12058400
2007-12-10,39.17360784897513,39.32976822239611,39.0116580378778,39.208309173583984,8315100
2007-12-11,39.20830585414988,39.31241423184361,39.02900980860875,39.069496154785156,10231500
2007-12-12,39.329765436114016,39.56111788003909,38.76295216913162,39.15625,19269400
2007-12-13,39.04056826677857,39.3297576613473,38.99429690460438,39.25457000732422,7775900
2007-12-14,39.086832610491015,39.28926426780435,38.97693924822985,39.092613220214844,9492100
2007-12-17,39.00008909876241,39.19095519331439,38.87284503572776,39.069496154785156,12357700
2007-12-18,39.27191117771144,39.27191117771144,38.8554778441051,39.162017822265625,12275400
2007-12-19,39.09262657383136,39.1851693131743,38.87284418691292,38.936466217041016,8853900
2007-12-20,39.14468101445562,39.14468101445562,38.88441229523294,38.9422492980957,11029400
2007-12-21,38.95380541775387,39.43964583101446,38.95380541775387,39.347103118896484,19689500
2007-12-24,39.10419028659809,39.50327306316053,39.092620239714556,39.25457000732422,2772000
2007-12-26,39.31819022569252,39.32397083618947,38.95959380429241,39.07526779174805,6399800
2007-12-27,38.80922022009892,39.31819643572439,38.757168241326575,38.9422492980957,7623400
2007-12-28,39.18515879173394,39.28926713920071,38.76872540186687,38.97115707397461,5279200
2007-12-31,38.919107551172814,38.94224323124969,38.49110850145013,38.57786178588867,8515000
2008-01-02,38.49690303797041,38.751391198195705,38.01106681864726,38.1209602355957,11970500
2008-01-03,38.02841800460726,38.40436522483168,37.802850555008895,38.13252639770508,9277600
2008-01-04,38.01104553683543,38.404343194854285,38.01104553683543,38.080448150634766,12714800
2008-01-07,38.034198057495914,38.872845705316216,38.02841303289084,38.670413970947266,12352700
2008-01-08,38.78029681998435,39.18516017852828,38.52002373576641,38.7166748046875,13478500
2008-01-09,38.745591024868155,39.497485161018446,38.745591024868155,39.214080810546875,19489900
2008-01-10,39.000093745841376,39.46279868243203,38.95382236964605,39.27771759033203,13043400
2008-01-11,38.94801285566943,39.34709550223638,38.94801285566943,39.260337829589844,15541800
2008-01-14,39.49748956093316,39.49748956093316,38.930676384168905,39.300838470458984,11661600
2008-01-15,39.1562465692349,39.42808533607802,39.01165185603584,39.19095230102539,11545300
2008-01-16,38.94225859428554,39.82139272063331,38.94225859428554,39.50906753540039,18310300
2008-01-17,39.54375894041921,39.653647908450544,38.17299963759533,39.2314338684082,18336600
2008-01-18,39.42230255832178,39.42230255832178,38.17878721060813,38.34073257446289,22716600
2008-01-22,37.40376695732198,38.606796274816716,37.30544359139593,37.75079345703125,29488900
2008-01-23,37.594624699132076,37.92430046229418,35.934678041730265,37.131919860839844,22843600
2008-01-24,37.32856160537308,37.32856160537308,36.63450672823559,36.73283004760742,18084400
2008-01-25,36.75018412969434,37.010454993059824,36.056129229499625,36.12553405761719,23938400
2008-01-28,36.24122015762168,36.51305893443835,36.14867962603265,36.478355407714844,10182000
2008-01-29,36.63450885072875,36.66342734596417,36.33953666918382,36.420509338378906,10074000
2008-01-30,36.42052001896134,36.43787067992285,35.859491780241534,35.963600158691406,13653300
2008-01-31,35.77850160713984,36.663420185282156,35.6975289537594,36.51882553100586,21274200
2008-02-01,36.64029880780877,36.779110700866525,36.293272384674644,36.64608383178711,11780400
2008-02-04,36.65765116939476,36.84851503759227,36.43786659438356,36.7097053527832,7976200
2008-02-05,36.85430188557553,36.87165254545038,36.32219218389719,36.36267852783203,11320400
2008-02-06,36.541971475341754,36.65186264919451,36.3106190809423,36.46678161621094,9556900
2008-02-07,36.32797622680664,36.541975782730375,36.14867798969527,36.32797622680664,13693300
2008-02-08,36.35109756027069,36.54774639109474,35.824773072820946,35.876827239990234,13338800
2008-02-11,35.93467189512108,35.9404547117575,35.48931999856316,35.790077209472656,11133400
2008-02-12,35.9404539333798,36.52461768629824,35.865264080695894,36.420509338378906,11421300
2008-02-13,36.20072503714982,36.87164428011079,36.20072503714982,36.67499542236328,11190600
2008-02-14,36.611390011308394,36.80225613906209,36.21809211745908,36.3164176940918,10864100
2008-02-15,36.24698350107654,36.495686459789695,36.11974171746779,36.38001251220703,11916000
2008-02-19,36.58247148100319,36.91793235758007,36.46679524058561,36.81960678100586,10392600
2008-02-20,36.819583879882266,36.84850237041468,36.5014760713469,36.57088088989258,13772900
2008-02-21,36.657648634602026,36.76753981133883,36.29326937607894,36.42629623413086,11085000
2008-02-22,36.5398350016573,36.84258725525243,36.3884599853474,36.784366607666016,10142300
2008-02-25,36.87750592678968,37.22683411169909,36.801817339035345,37.174434661865234,9979000
2008-02-26,37.069642344755096,37.30252932336537,36.91244618831421,37.0987548828125,9219200
2008-02-27,36.80183734439183,37.17445486977537,36.65628348472791,36.70286178588867,9569700
2008-02-28,36.73777522397677,36.96484099900621,36.38844702096532,36.510711669921875,8545200
2008-02-29,36.50488724015818,36.53399755098402,36.02747103549658,36.07404708862305,12028300
2008-03-03,36.09736053965063,36.272024743227966,35.87611803059889,36.23126983642578,8841200
2008-03-04,36.15555117699129,36.56310212755915,36.10315173733294,36.469947814941406,14347700
2008-03-05,36.53983536845407,36.84258762508831,36.469970146453974,36.75525665283203,13654600
2008-03-06,36.65046205118337,36.85423656489711,36.39428583854253,36.46415328979492,12137700
2008-03-07,36.132258401455985,36.34185390510474,35.74799664663948,35.81203842163086,14935800
2008-03-10,35.91685958029406,35.94597212087684,35.61410737022835,35.7072639465332,14229400
2008-03-11,35.95760534539383,36.405911260686985,35.80040921521554,36.353511810302734,13635600
2008-03-12,36.359351371160436,36.75525801209446,36.17886380159552,36.417572021484375,13132300
2008-03-13,36.40009246302882,36.93572934994871,35.89938706466265,36.56893539428711,15810500
2008-03-14,36.8949893241317,36.8949893241317,36.2429086971564,36.47579574584961,20835000
2008-03-17,35.887747225581535,37.43061850802543,35.887747225581535,37.285064697265625,21927300
2008-03-18,37.692608814158646,38.024471282958984,37.51212353311174,38.024471282958984,15062200
2008-03-19,38.07106670335579,38.31559611847206,37.73920408514049,37.77413558959961,15845800
2008-03-20,37.82652917210069,38.13510257381801,37.779950881514985,38.06523513793945,16276300
2008-03-24,37.937138309715806,38.15837845013975,37.634383968137016,37.779937744140625,9887900
2008-03-25,37.803225606596456,37.92549024128284,37.46553979158728,37.58198547363281,9511900
2008-03-26,37.384031181782916,37.75664849186048,37.384031181782916,37.669315338134766,11354700
2008-03-27,37.73919442299665,37.98954717207684,37.56452806151741,37.62275314331055,10772200
2008-03-28,37.750825364734915,37.843981913889124,37.296698292480045,37.3665657043457,8755200
2008-03-31,37.430617023839574,37.84981269291798,37.098754526144106,37.76830291748047,13668500
2008-04-01,37.919697452742,38.37964827367673,37.55872665192267,38.35054016113281,11204700
2008-04-02,38.33886800739339,38.40873542680633,37.93131916569095,38.024471282958984,9791500
2008-04-03,37.72754894209206,38.181676113925526,37.72754894209206,38.00118637084961,7651200
2008-04-04,37.983723764706895,38.39709608201012,37.86145908848623,38.269012451171875,8079600
2008-04-07,38.222429111059334,38.565933950003156,38.13509594188648,38.507713317871094,8901900
2008-04-08,38.414555856325684,38.78134978553838,38.280644423277245,38.61250686645508,8861100
2008-04-09,38.55428448850617,38.71730400518463,38.39126497182771,38.59503936767578,8589900
2008-04-10,38.57758083708868,38.75806612972968,38.51353680900004,38.61833572387695,8272100
2008-04-11,38.54264594910571,38.86286609823053,38.391273189473644,38.426204681396484,9234800
2008-04-14,38.42037602077389,38.67072870979816,38.27482223510742,38.27482223510742,10326800
2008-04-15,38.21079201770368,38.437855650014164,37.83817454714543,38.22243881225586,17362000
2008-04-16,38.30395046121095,38.373817906055486,37.91968617749229,38.251548767089844,12617900
2008-04-17,38.216620129265905,38.426218037554115,38.16422287316944,38.2864875793457,8841500
2008-04-18,38.46695698506833,38.89197602335841,38.391270610336925,38.7231330871582,10741100
2008-04-21,38.57175198543145,38.758060647532176,38.45531073734932,38.61250686645508,8975600
2008-04-22,38.46114497970292,39.10158542459315,38.303948788107554,39.00260543823242,13185600
2008-04-23,39.07828789149871,39.293704684052976,38.862866656994754,39.15979766845703,10643000
2008-04-24,39.13068604959422,39.43925941846554,39.020063731715894,39.22384262084961,9613100
2008-04-25,39.34028483422799,39.415971218721516,38.973490820521,39.188907623291016,9182200
2008-04-28,39.183090314816006,39.39850712663471,39.107399485193135,39.194732666015625,9071600
2008-04-29,39.15398057030943,39.293711004435046,39.08411313227141,39.119049072265625,7706800
2008-04-30,39.270427062537195,39.398515161605914,38.96185361039038,39.060829162597656,13098400
2008-05-01,39.08410447570115,39.52076587233608,38.979305562830795,39.480010986328125,13165100
2008-05-02,39.30535815599859,39.77695115168191,39.30535815599859,39.74201965332031,12562300
2008-05-05,39.61391943380783,39.77693896548599,39.42178736778038,39.53240966796875,10550400
2008-05-06,39.41597046974592,39.578994470245625,39.18890687863004,39.346107482910156,9487600
2008-05-07,39.2878828346556,39.40432409545794,38.88615293357358,38.95602035522461,12628400
2008-05-08,39.02587786251619,39.10156866917839,38.833745811379636,38.950191497802734,9444500
2008-05-09,38.72895925336846,38.990958799830224,38.62998371983742,38.746429443359375,8758400
2008-05-12,38.76970929581901,38.94437563827518,38.60087079124756,38.839576721191406,7707900
2008-05-13,38.8628718798294,39.00842570709468,38.600876767532014,38.664920806884766,9532400
2008-05-14,38.76388581892609,39.07245913823849,38.66491030932571,38.89779281616211,9022000
2008-05-15,38.996794716282345,39.00261367286397,38.62417272333324,38.82212829589844,8407900
2008-05-16,38.95603981045298,38.95603981045298,38.60088801310353,38.82212829589844,9764900
2008-05-19,38.77552970836898,38.886152012876586,38.57757868130195,38.79299545288086,8748300
2008-05-20,38.68237364752173,38.973481204912595,38.44948671321927,38.51353073120117,12612400
2008-05-21,38.65327222758681,38.83375754363397,38.18167927045708,38.269012451171875,11216800
2008-05-22,38.51526557923805,38.55044325951604,38.233830717248,38.351097106933594,9882700
2008-05-23,38.30418589707914,38.397994524174436,38.02861550636917,38.06379318237305,9073500
2008-05-27,38.005152799502255,38.304176391090756,37.99928836387205,38.198638916015625,8358200
2008-05-28,38.222090690892415,38.2924460226893,37.89961384264487,38.04032897949219,14779300
2008-05-29,37.91135435227798,39.078126853063544,37.840994525626996,38.94327163696289,13264000
2008-05-30,38.98431028834869,39.30092277027481,38.90809050452101,39.130889892578125,10995000
2008-06-02,39.01948598443368,39.2833274391263,38.78495776178814,38.99603271484375,9630900
2008-06-03,39.054679038766054,39.3067961946185,38.95500595868046,39.14262771606445,11363000
2008-06-04,39.10745258164675,39.24817227988799,38.85533538053496,39.019508361816406,8962800
2008-06-05,39.08397203703072,39.341948994491936,38.990158981042846,39.259864807128906,8679800
2008-06-06,39.03708977399127,39.142627290952035,38.50940218918744,38.55630874633789,14267200
2008-06-09,38.62665543943684,38.814277152673306,38.29245412294517,38.48007583618164,8695900
2008-06-10,38.233823761004636,38.65010930382511,38.233823761004636,38.47421646118164,10170100
2008-06-11,38.409728094431145,38.609074247165566,38.17519978813654,38.22796630859375,10392400
2008-06-12,38.25141281372705,38.597343010743415,38.20451073937694,38.5152587890625,9743400
2008-06-13,38.568021415165774,38.91395157733611,38.544568143725904,38.855316162109375,8938300
2008-06-16,38.673570284249976,38.790836675968684,38.40386429318013,38.60321044921875,7984700
2008-06-17,38.72045752812645,38.84358382307714,38.403845138287586,38.45661163330078,7304000
2008-06-18,38.274873126964906,38.67943434626591,37.64164803760388,37.78236770629883,12845600
2008-06-19,37.7061357414536,38.09897247817941,37.6064626847378,37.88789749145508,9089600
2008-06-20,37.69441408155081,37.8879002456557,37.45402360400157,37.5595588684082,16435000
2008-06-23,37.64164124689096,37.79408529051456,37.49506387667951,37.69441223144531,8689900
2008-06-24,37.583010352575876,38.01688473692805,37.583010352575876,37.946529388427734,10692800
2008-06-25,38.011034072933896,38.50940396417585,37.94653867219316,38.27487564086914,10391100
2008-06-26,37.92308300273692,38.315915347398516,37.67683029174805,37.67683029174805,12412700
2008-06-27,37.6416338703231,37.9406574621863,37.172581904311166,37.272254943847656,19081600
2008-06-30,37.25467608829126,37.88203667171715,36.99669453027335,37.72372817993164,12516900
2008-07-01,37.377806594561086,38.09898036061795,37.371944393329116,37.92894744873047,16637300
2008-07-02,38.07553652299837,38.17520962504915,37.81755487227256,37.89963912963867,10708000
2008-07-03,37.729581750422284,38.321764486562266,37.67095081501074,38.18104934692383,7714900
2008-07-07,38.169345004908685,38.66185502002865,38.034494214127434,38.257293701171875,14506700
2008-07-08,38.198671039658386,38.861209678922805,38.198671039658386,38.820167541503906,15476900
2008-07-09,38.78495862056553,39.2833283089386,38.70873437439705,38.802547454833984,13940700
2008-07-10,38.73219441513177,39.40059707369728,38.73219441513177,39.2481575012207,17399900
2008-07-11,38.87880438009247,39.125061714934475,38.697046954626984,38.849491119384766,16631500
2008-07-14,38.954993467737054,39.248152649226334,38.74977846209127,38.93740463256836,11114700
2008-07-15,39.34196593855517,39.8579290222015,39.16020865586411,39.693756103515625,24203400
2008-07-16,39.73480664910066,40.34457848531625,39.5765026069055,39.98106384277344,18883600
2008-07-17,40.12765524027926,40.133515206823716,39.28335483915959,39.77000045776367,14217400
2008-07-18,39.72306083784072,39.99863112690123,39.605798978912205,39.764102935791016,12903500
2008-07-21,39.857941982843464,39.857941982843464,39.28334776373819,39.347843170166016,11279400
2008-07-22,39.295074055841496,40.016247965429265,39.295074055841496,39.86380386352539,15551300
2008-07-23,39.99277261862424,40.074856826689135,39.64684695224416,40.027950286865234,10256800
2008-07-24,40.0221092365515,40.602563403087586,39.70549665300747,40.25663757324219,16543100
2008-07-25,40.38561167447897,40.579097829128614,40.19798995661542,40.47356033325195,10504500
2008-07-28,40.432515219167364,40.45010405496464,40.11590275505352,40.151084899902344,9814300
2008-07-29,40.192127007847425,40.45596849131516,40.0455474118644,40.151084899902344,13012200
2008-07-30,40.28007570261763,40.28007570261763,39.69962168996157,39.916561126708984,13523100
2008-07-31,39.75240456383027,40.485302845071566,39.74654012506863,40.14523696899414,13798400
2008-08-01,40.162815792242064,40.33871312515972,39.82861443830251,39.928287506103516,9052300
2008-08-04,39.97520296674494,40.702236789869666,39.852076595564974,40.44425964355469,13694700
2008-08-05,40.6377380969024,41.33545861705766,40.53220057682224,41.3061408996582,20179200
2008-08-06,41.247516146423266,41.91591904978274,41.089212079103945,41.6696662902832,18729400
2008-08-07,41.37649051725826,41.68723856261137,41.04815363511227,41.423397064208984,14181000
2008-08-08,41.493759564628654,42.02731156335123,41.265095700391925,41.95109176635742,12071300
2008-08-11,41.88072402169183,42.15629438890489,41.68137343707314,42.01557922363281,10231600
2008-08-12,41.90418504349667,42.13871334448759,41.79864753171352,42.03903579711914,8696800
2008-08-13,42.021442889049375,42.12111595351268,41.628610595043504,41.745872497558594,10600600
2008-08-14,41.74586927125581,42.09766389812253,41.417532390985,41.74000930786133,9459500
2008-08-15,41.52309304150841,41.86902342464891,41.493775315167746,41.82211685180664,10790800
2008-08-18,41.98626935944318,41.98626935944318,41.51135279212377,41.68138122558594,9846300
2008-08-19,41.4234011264602,41.851411107909044,41.4234011264602,41.71656036376953,9133700
2008-08-20,41.734141348271166,41.95108075342568,41.38821118725473,41.67551040649414,10278400
2008-08-21,41.4409840604425,41.94521823463138,41.34131100753999,41.79277420043945,7840100
2008-08-22,41.928506574156096,42.300284798604494,41.79277544327574,42.1468505859375,7717700
2008-08-25,42.04653057609038,42.10554235012119,41.63344365556498,41.780975341796875,8205000
2008-08-26,41.7337582096329,41.910793506646456,41.4563979584383,41.72785568237305,6439600
2008-08-27,41.733757899912646,42.129141679515335,41.49180380945456,42.022918701171875,8399300
2008-08-28,42.18227702981052,42.306203150980366,41.99933461086432,42.140968322753906,8148200
2008-08-29,42.00522093369197,42.1350495350083,41.5567233570473,41.562625885009766,10368300
2008-09-02,41.952110556728584,42.54813986414731,41.763270167546715,42.329795837402344,15122400
2008-09-03,42.29439201878577,42.4301231809501,42.081945983761194,42.199974060058594,9844000
2008-09-04,42.18815705974721,42.18815705974721,41.54492110966218,41.574424743652344,13676200
2008-09-05,41.53902698860968,41.94031341102601,41.49181576189943,41.704261779785156,10746400
2008-09-08,42.01702943289951,42.713379287934515,41.78098229747925,42.618961334228516,15226500
2008-09-09,42.43601645996794,42.937623293535054,42.099639892578125,42.099639892578125,19050100
2008-09-10,42.28258498740733,42.49503098989919,41.91080223189155,42.034732818603516,12611100
2008-09-11,41.85180880343457,42.22359172195479,41.49773347814411,41.99344253540039,15725800
2008-09-12,41.934388378434306,42.412393913315434,41.4858954722974,41.65702819824219,15141200
2008-09-15,41.26165792968278,41.834081551081034,41.07872009277344,41.07872009277344,20929700
2008-09-16,41.0846263081958,41.60393623181816,41.013809476756904,41.19084930419922,23336300
2008-09-17,41.184949135984624,41.89900201024826,41.01971435546875,41.01971435546875,24167100
2008-09-18,41.42689441231283,41.86948945732605,40.83676768562855,41.857688903808594,29279900
2008-09-19,42.4006031096413,42.89631188603342,40.84266895922519,41.3029670715332,27446100
2008-09-22,41.208557787328374,41.72786777901217,40.305664454119864,40.37057876586914,16067900
2008-09-23,40.529914353604006,40.777766562986436,40.1640340666746,40.21714782714844,13635900
2008-09-24,40.27614025543198,40.718735203293875,39.86305343835101,40.2407341003418,12469600
2008-09-25,40.453185508404616,41.291164309172395,40.40007176627495,40.93118667602539,14577700
2008-09-26,40.583020677295245,41.16134695968085,40.56531759252097,40.954803466796875,13087200
2008-09-29,40.60661657875005,41.22625141150731,39.47947692871094,39.47947692871094,25740100
2008-09-30,39.83355863797686,41.002011672373975,39.78044938756842,40.88398361206055,19623000
2008-10-01,40.760061354760765,40.760061354760765,39.70373375284476,40.00469970703125,25547700
2008-10-02,40.10502019098989,40.28206004693737,39.92208230820524,40.00469970703125,30897500
2008-10-03,40.12860879797373,40.34695726079383,39.00736735756862,39.04277801513672,25416700
2008-10-06,38.38183649197129,38.97196312099488,36.75898826215642,38.063167572021484,33471600
2008-10-07,38.42315722689305,38.74182624678974,36.64687425577479,36.87702560424805,24172200
2008-10-08,36.37540489205878,37.685486723070326,36.06853877618426,36.800296783447266,37910400
2008-10-09,36.96553977257568,37.27240595697091,33.97949981689453,33.97949981689453,33493900
2008-10-10,32.693020981001546,34.81747625905845,30.72199765866289,32.95857620239258,50089400
2008-10-13,34.49882565644385,37.05997705839174,34.197861861452516,36.98916244506836,32537300
2008-10-14,39.24342906475067,39.82175526356332,37.177985429763794,37.76811218261719,38915400
2008-10-15,37.95104836216823,38.21660809063079,35.46661538246032,35.72627258300781,25064700
2008-10-16,35.84431489647983,37.756325111883704,34.410306109349,37.47306442260742,34602200
2008-10-17,37.14848842361431,38.35824810595567,36.611473040177145,36.97145080566406,25254100
2008-10-20,37.437641967233056,38.08088024497846,36.67638013487053,38.02777099609375,18035000
2008-10-21,37.59698789224939,38.29924041185745,37.39634463681218,37.567481994628906,14042400
2008-10-22,36.74718391545887,37.23698782636842,35.5551279047784,36.245574951171875,23324900
2008-10-23,36.49344631561253,37.26061080867441,35.52563859348936,36.853424072265625,23490600
2008-10-24,34.817489674463694,36.877033698258245,34.6050436145702,35.873817443847656,23132100
2008-10-27,35.649552398094,36.9950404986641,35.46661231816463,35.49612045288086,21067000
2008-10-28,36.25739041455655,38.06317926449739,35.743980719917005,37.88024139404297,27526400
2008-10-29,37.39635021023647,37.39635021023647,35.43122832104487,36.310516357421875,29020100
2008-10-30,36.79439362010379,37.030445167048725,35.218756635382675,35.74396896362305,23629000
2008-10-31,35.90331988785856,36.37542094713191,35.30729272261759,36.19838333129883,19784900
2008-11-03,36.286898383571824,36.48163905944557,35.7380802725061,36.09215545654297,11846900
2008-11-04,36.487539238622034,36.68818017914261,36.180673048344424,36.522945404052734,14645400
2008-11-05,36.4403494785433,36.4403494785433,35.248292431940456,35.31910705566406,19758000
2008-11-06,35.24827958125148,35.59645454342762,33.932296860119415,34.18014907836914,22899400
2008-11-07,34.49880928306852,35.696768116990896,34.392586287919634,35.53743362426758,16245700
2008-11-10,35.99773978703932,36.145271507478014,35.159760695502186,35.41351318359375,12841200
2008-11-11,34.98861591597362,35.64365697555161,34.23325213723935,35.14204788208008,14393000
2008-11-12,34.71716672022116,35.136156280303574,33.985408371337996,34.18014907836914,18385200
2008-11-13,34.46341662033812,37.183900114104034,33.826078399758245,37.118988037109375,27304500
2008-11-14,36.30460966832047,36.88293380016843,35.1833675803331,35.4371223449707,22065300
2008-11-17,34.69945396503809,36.05674509907782,34.610936299365605,34.97681427001953,16564900
2008-11-18,34.687662544790534,35.99774513737296,34.49882209465415,35.932830810546875,21199500
2008-11-19,35.66726611318494,36.31050447170774,34.233257683186,34.29817199707031,27534900
2008-11-20,34.227367297785676,34.551936709861074,32.45698623065883,32.93498992919922,31046400
2008-11-21,33.607365860504274,34.81527861236592,32.42325490421236,34.72007369995117,30802200
2008-11-24,35.237752233713714,35.636422091661686,34.46420977345286,35.172298431396484,20508500
2008-11-25,35.69592410575189,35.70187341924829,34.19049356639942,34.9283332824707,21416200
2008-11-26,34.285695112644824,34.80932317372597,33.63116173869121,34.67246627807617,18507700
2008-11-28,34.79146836694073,34.96402565699363,34.291642163300445,34.8569221496582,7688500
2008-12-01,34.30950208881569,34.40470699886639,32.857626643076564,32.92308044433594,18847200
2008-12-02,33.38719351331652,33.91677079946333,32.69695756678864,33.815616607666016,16081100
2008-12-03,33.36935547264996,34.51776376168252,33.02423623863927,34.10719299316406,18783300
2008-12-04,34.16670117463515,34.27975859095338,33.042092215638604,33.428863525390625,17053600
2008-12-05,33.23843575948117,34.73196273862744,32.87546644550201,34.648658752441406,16614100
2008-12-08,35.14851021516463,35.565032715484804,34.36306882364201,34.970001220703125,16361100
2008-12-09,35.07708931741275,35.10684042312059,34.214293632702265,34.39875411987305,13779200
2008-12-10,34.99971976550943,34.99971976550943,33.82155877479786,34.39278793334961,13131200
2008-12-11,34.154792613032086,35.0116367445801,33.9465303260827,34.66056823730469,15953500
2008-12-12,34.04173089401527,34.29759446519842,33.56570643711532,34.06553268432617,14749700
2008-12-15,34.35115053484941,34.74387103183892,33.88702693018833,34.39875411987305,12984300
2008-12-16,34.77957128067782,35.55311132413394,34.291645917734876,35.4638557434082,17915200
2008-12-17,35.13658410627669,35.33889476016157,34.74981527405142,34.97592544555664,15634400
2008-12-18,35.434099427202,35.850621626209474,34.80336795171901,35.10088348388672,18919300
2008-12-19,35.434114142411225,35.79113429119514,34.833133516594884,35.01164245605469,23131200
2008-12-22,35.21394716396486,35.42815876258843,34.547512844807926,35.065189361572266,14157000
2008-12-23,35.21988480043951,35.666158059658855,34.85691778962618,34.916419982910156,10555500
2008-12-24,34.98783797093245,35.08304288265464,34.66652054267103,34.84503173828125,3633700
2008-12-26,35.01163976632903,35.30915539919388,34.6308201194403,34.84503173828125,4249100
2008-12-29,34.856945568930385,35.03545456090854,34.119105526925026,34.60108184814453,9860100
2008-12-30,34.79742187155752,35.20799255371094,34.672465873058265,35.20799255371094,10880600
2008-12-31,35.213948245855065,35.731624778524164,35.14849444761314,35.6007194519043,11920500
2009-01-02,35.779225633130906,36.29690212625497,35.13064155352295,36.08864212036133,11638900
2009-01-05,35.95178552093489,36.16004781157993,35.321053875218546,35.731624603271484,15540000
2009-01-06,35.898220572993964,35.9636720749478,35.04732607910014,35.517398834228516,22097600
2009-01-07,35.24965026917043,35.594767194459834,34.95808397430418,35.18419647216797,14293300
2009-01-08,35.4995558130376,35.636412695496105,34.8866744981444,35.118736267089844,17345400
2009-01-09,35.190141944735,35.43410462611232,34.839073474473615,35.13658905029297,14698300
2009-01-12,35.154443027246515,35.35080213533042,34.601063851038724,34.71411895751953,15253100
2009-01-13,34.86883394256825,35.178250496901924,34.7379285975587,35.01164245605469,15513400
2009-01-14,34.83908500939762,34.862886808111035,34.1428994210138,34.4820671081543,16707900
2009-01-15,34.56535179668652,34.63080557159898,33.3276861943573,34.28568649291992,20383600
2009-01-16,34.55345913194735,34.55345913194735,33.696615082360005,34.1785888671875,20746500
2009-01-20,33.625215941580834,34.529663740938304,33.6192666276436,33.76802444458008,23153700
2009-01-21,34.26784540820633,34.26784540820633,32.78026747291323,33.53595733642578,22306100
2009-01-22,33.541912310723916,33.898932437371386,33.08968954080747,33.83942794799805,19146100
2009-01-23,33.41101513894056,33.553821408607746,32.78623033208628,33.30390930175781,21334000
2009-01-26,33.44076867397585,33.88704227121788,33.20275518083414,33.64902877807617,16347800
2009-01-27,33.82753267352183,34.35711250259163,33.62522191574926,34.23810577392578,14771500
2009-01-28,34.64867033105567,34.958086861618796,34.45231119369423,34.84503173828125,18096400
2009-01-29,34.6129519889029,34.96997194884487,34.30353786809488,34.67840576171875,16159300
2009-01-30,34.61891691598336,34.743872928696625,34.065537694122895,34.32735061645508,13858500
2009-02-02,34.065537694122895,34.595115122172075,33.86917629997577,34.32735061645508,10933900
2009-02-03,34.55345502430689,34.99377902722045,34.0536288206666,34.8569221496582,13181700
2009-02-04,34.93428770418777,35.184202034995174,34.315454596332046,34.488014221191406,11429500
2009-02-05,34.47015327954862,34.83312262925805,33.91082483876612,34.5772590637207,14781300
2009-02-06,34.66651549016056,34.94023155759991,34.39280169258503,34.81527328491211,11458700
2009-02-09,34.785512942176524,34.928321385953396,34.48799743168265,34.8093147277832,9357000
2009-02-10,34.49989215893561,34.809308506936354,33.678748861159114,33.756103515625,16612000
2009-02-11,33.84537182495685,34.136935811969686,33.63710956436973,34.113136291503906,14692600
2009-02-12,33.869170393589165,34.42254951894679,33.369346429899544,34.380897521972656,14424600
2009-02-13,34.339245747861305,34.39279864001327,33.8037190962053,33.97627639770508,12563900
2009-02-17,33.36339786735473,33.79182104056756,33.161087176655755,33.309844970703125,15246500
2009-02-18,33.14323400253615,33.47644997867794,32.976623744601646,33.22058868408203,15517100
2009-02-19,33.47644558178955,33.61925403128175,33.101577657866216,33.280086517333984,12199800
2009-02-20,33.00410979858716,33.28009574032695,32.72812614553472,32.788124084472656,24427000
2009-02-23,32.50014008504274,33.052109705821536,32.14616252773685,32.18815994262695,20500400
2009-02-24,32.758130117904955,32.86012548889576,32.302157139847566,32.72213363647461,18848100
2009-02-25,32.590141185516,32.854125306400405,32.15216643808406,32.37415313720703,21016500
2009-02-26,32.69212572252947,32.69212572252947,31.378199627067584,31.462194442749023,21284600
2009-02-27,30.95222888946009,31.198214721679687,29.96228462223953,29.99828338623047,29873300
2009-03-02,29.416303388241847,29.6562904682738,28.702345372610733,28.750341415405273,27902900
2009-03-03,28.786359224546306,29.116339961568077,28.402381473198215,28.58237075805664,25987400
2009-03-04,28.66635664416491,29.62030207327427,28.432370418122705,29.458311080932617,24253500
2009-03-05,28.984350466032737,29.164339759746824,28.444380296202425,28.600370407104492,22344000
2009-03-06,28.558372173836275,29.15233934385097,28.204392247778383,28.78036117553711,19202100
2009-03-09,28.474363824715937,28.648354379657352,27.748406074537225,27.958393096923828,23304900
2009-03-10,28.3363801727581,28.72035786048163,28.15639091772364,28.66636085510254,21883400
2009-03-11,28.93034062189539,29.23632205667428,28.540362084517113,28.738351821899414,16569300
2009-03-12,28.630358309645388,29.590302325512237,28.396372098820784,29.398313522338867,16337000
2009-03-13,29.80628355303348,30.47224556456616,29.548298228048992,30.38224983215332,16509600
2009-03-16,30.67623588877068,30.90422112521543,30.38825273061413,30.436248779296875,16547600
2009-03-17,30.418256303279495,30.472253298694806,29.67429795407822,30.430255889892578,17325700
2009-03-18,30.412249101619942,30.94622029682806,30.14826511656626,30.394250869750977,16730400
2009-03-19,30.69424791360439,30.69424791360439,29.692306201998505,30.034286499023438,18963600
2009-03-20,30.65223485306058,31.19820331960623,30.53224130563248,31.000213623046875,27591800
2009-03-23,31.42619882521421,31.936168670654297,31.00022150904774,31.936168670654297,18822300
2009-03-24,31.79218519189596,32.1581623664501,31.38420831044817,31.618194580078125,17093700
2009-03-25,31.78617330764838,31.960163859554296,31.20420601477742,31.71417808532715,15822000
2009-03-26,31.846172234393276,32.21815023154531,31.348199733360598,31.738178253173828,14574000
2009-03-27,31.612185148442794,31.972165864669282,31.528190334596054,31.696182250976562,11293600
2009-03-30,31.52219404705731,32.07416131578762,31.414200052968823,31.804176330566406,15743200
2009-03-31,32.01416452610727,32.098159343245456,31.44419675292904,31.558189392089844,18517700
2009-04-01,31.378192905552606,31.91816273167659,31.126208512485807,31.822168350219727,13730300
2009-04-02,31.972164957115968,32.47613611457784,31.594186016847825,31.780176162719727,17418900
2009-04-03,31.798173992616388,31.97816319898815,31.048217058828264,31.288204193115234,15213700
2009-04-06,31.216209537311165,31.522193275972747,31.000221554417614,31.318204879760742,12768700
2009-04-07,31.13222637975435,31.19822298687821,30.766246859295123,30.814245223999023,13130100
2009-04-08,30.922220172932466,31.12020758343251,30.71823182620378,30.868223190307617,10935000
2009-04-09,31.192213718801707,31.234211129279043,30.658242392313603,30.8442325592041,15056300
2009-04-13,30.760244838493996,30.934235458454246,30.598253808395256,30.688249588012695,12067200
2009-04-14,31.192224295360145,31.474206677223467,30.724249394853363,30.82024383544922,20768400
2009-04-15,31.07221648936973,31.246207048745823,30.80823018171305,31.060216903686523,11502500
2009-04-16,31.14421430590903,31.390200111162876,30.92822632301548,31.318204879760742,12216300
2009-04-17,31.498190193977177,32.02015956207362,31.348198812101096,31.828170776367188,17691800
2009-04-20,31.90016622573903,32.09215730149794,31.40219602448558,31.480192184448242,15308900
2009-04-21,31.52819247701553,31.726182227697052,31.198211847900176,31.47419548034668,12236500
2009-04-22,31.25821472224942,31.288214840759785,30.664249910222654,30.706247329711914,13348300
2009-04-23,30.82624580028626,30.904239712390538,30.184282528328456,30.838245391845703,14595000
2009-04-24,31.05423389742843,31.10223226787585,30.382272731982447,30.550262451171875,14767300
2009-04-27,30.79024304247974,31.024229325899483,30.37626748632849,30.514259338378906,13055900
2009-04-28,30.466253771259826,30.766236584411065,30.244267130360335,30.388259887695312,12084100
2009-04-29,30.628233408402803,30.65223257384122,30.070265399734723,30.616233825683594,18496500
2009-04-30,30.880243924792197,31.564204647379043,30.80824637285494,31.414213180541992,20004600
2009-05-01,31.51619392612996,31.55219268798828,31.000223116263655,31.55219268798828,12504500
2009-05-04,31.564198774164115,32.33815514831681,31.558197834941872,32.25415802001953,15114500
2009-05-05,32.24812612472516,32.638104379382035,32.06813704130098,32.614105224609375,13320600
2009-05-06,32.8481060143865,32.8481060143865,32.14614758716908,32.52412414550781,16616500
2009-05-07,32.32615684646736,32.99811787880313,32.122168389850884,32.93212127685547,15243000
2009-05-08,33.040115328409186,33.298100796958124,32.81812863059539,32.98611831665039,13030600
2009-05-11,32.73412684725469,32.92011473490007,32.39814525769193,32.464141845703125,13073000
2009-05-12,32.68613686025624,33.1001124427728,32.33815788263826,32.99811935424805,11826000
2009-05-13,32.81811926629027,33.262092535234764,32.7041243358335,33.088104248046875,10972400
2009-05-14,33.19010968392927,33.2381080491185,32.854127993668726,33.0101203918457,11986300
2009-05-15,32.99811660939572,33.262100718343305,32.82412599071567,33.244102478027344,16430700
2009-05-18,33.47808323161726,33.670072058927175,33.1301043403758,33.628074645996094,12879100
2009-05-19,33.72407043916731,33.72407043916731,33.41808894834046,33.532081604003906,13350400
2009-05-20,33.730081435043765,33.886071551868234,33.47809458332653,33.52009201049805,13729800
2009-05-21,33.55033536333317,33.641127379760036,32.95716716710511,33.28401565551758,12492700
2009-05-22,33.35059906763534,33.55639233598215,33.06612183560979,33.15085983276367,7425900
2009-05-26,33.10243132139382,33.54428102551368,32.757425356410685,33.44743728637695,11389200
2009-05-27,33.55641498569007,33.59273228424236,32.78166442141841,32.8179817199707,12480300
2009-05-28,32.83611256036498,33.24164500812031,32.60005608373881,33.00558853149414,10890800
2009-05-29,33.04191485946145,33.45955317807543,32.684803030291505,33.38692092895508,12505200
2009-06-01,33.74403047394708,33.92561223892523,33.453499188194556,33.76218795776367,12454200
2009-06-02,33.925609553852745,34.18587757633267,33.66534153137282,34.02245330810547,10277000
2009-06-03,33.82272670280736,34.07694078677992,33.68956562514282,33.99220275878906,11191300
2009-06-04,34.113238966104966,34.137450477380156,33.57454553938438,33.79849624633789,12219700
2009-06-05,33.780345513292104,34.016402023023744,33.374810699726076,33.85297775268555,10215400
2009-06-08,33.72587674398956,33.98009078146679,33.38692238508226,33.67140197753906,9891200
2009-06-09,33.91351109604969,34.0466721526624,33.68350857327576,33.71377182006836,11173700
2009-06-10,33.907455166015524,34.0466679311504,33.42323635055999,33.68955612182617,13263900
2009-06-11,33.68350135721172,34.185877611369726,33.659289841389416,33.92560958862305,12778400
2009-06-12,33.82271019882117,34.22219092794777,33.72586645566735,33.93165969848633,11882300
2009-06-15,33.79850852691444,33.88324653823008,33.01165259606364,33.13875961303711,14810500
2009-06-16,33.29613040465107,33.48376622478667,33.04191636666511,33.06007385253906,12606700
2009-06-17,33.09640132058263,33.61088358949973,33.01771500934574,33.4111442565918,13061800
2009-06-18,33.51403313698641,33.99825205440762,33.296134046912385,33.76824951171875,12103400
2009-06-19,34.07691698126786,34.28876421219048,33.84086055135859,33.94981002807617,19334700
2009-06-22,33.81666863891575,33.87114340884061,33.520085576276486,33.586666107177734,13237400
2009-06-23,33.61692416332165,33.64718740661984,33.23560083273956,33.29612731933594,12447400
2009-06-24,33.44745664168345,33.79246511525226,33.31429786639995,33.568511962890625,12467600
2009-06-25,33.477714222919985,34.16167235315571,33.36271065616674,34.05877685546875,14239900
2009-06-26,34.02245028916609,34.258506774902344,33.68349833382664,34.258506774902344,32295700
2009-06-29,34.26456870588846,34.50062524603659,33.91350860386683,34.47641372680664,13811100
2009-06-30,34.63983422349332,34.63983422349332,34.03456016267616,34.37956619262695,15974700
2009-07-01,34.39166931985832,34.609568334512595,34.13140130890318,34.54298782348633,15318000
2009-07-02,34.337195266232634,34.337195266232634,33.86508226414809,33.88323974609375,15118600
2009-07-06,33.96192966776755,34.35535644216128,33.719819107419546,34.2706184387207,12879500
2009-07-07,34.26456595356068,34.32509243783616,33.97403467295108,34.03456115722656,9678600
2009-07-08,34.167722246194266,34.6337835644358,34.03456120985743,34.54904556274414,15414200
2009-07-09,34.56115057266586,34.65194261225549,34.07088002390677,34.31298828125,11324800
2009-07-10,34.101136395048115,34.73062189336762,34.04666164406014,34.458248138427734,13661800
2009-07-13,34.44613632391032,35.021146970119624,34.36139835037274,34.93640899658203,13564900
2009-07-14,35.1058967961587,35.53564084072533,34.7669424786335,35.24510955810547,20433700
2009-07-15,35.38432884522773,35.71117746430029,35.239064331598456,35.68696594238281,12986200
2009-07-16,35.67485200452229,36.134861579766095,35.60221976435543,35.86248779296875,11596000
2009-07-17,36.050121478828416,36.050121478828416,35.553796966917446,35.850379943847656,11311000
2009-07-20,35.989602029462915,35.989602029462915,35.55380619186824,35.747493743896484,9226300
2009-07-21,35.91091913000577,36.25592523675169,35.60222799727238,36.00776290893555,11222600
2009-07-22,35.983544428414056,36.219600949597776,35.680907389165725,35.826171875,9358600
2009-07-23,35.86854294544366,36.528291821430926,35.771699179653666,36.449607849121094,12494700
2009-07-24,36.4738151134217,37.29698823319887,36.44960590496861,37.23040771484375,11413300
2009-07-27,37.2183012542093,37.33935421349401,36.691711183784584,37.085140228271484,7937700
2009-07-28,36.93987916830483,37.2667277504667,36.67961110942825,36.87329864501953,9025500
2009-07-29,36.76435967930923,37.18804981543773,36.73409411906742,37.01857376098633,10522700
2009-07-30,37.321200805686054,37.81147365648536,37.236462801361164,37.39988708496094,12636500
2009-07-31,37.42409983483642,37.62989081843472,36.78856016360628,36.855140686035156,13230900
2009-08-03,37.01857131284588,37.0367288006397,36.57672140800544,36.98225402832031,11178800
2009-08-04,37.0125130928401,37.0125130928401,36.72197948548454,36.958038330078125,8906600
2009-08-05,37.03671138758291,37.060922899216756,36.49196622944248,36.588809967041016,8575200
2009-08-06,36.72196834166956,36.72196834166956,36.13485419777823,36.27406692504883,10835400
2009-08-07,36.29224301637067,36.57672264912914,36.22566248028354,36.25592803955078,9974900
2009-08-10,36.36486422398774,36.75223922729492,36.04406742336254,36.75223922729492,9519100
2009-08-11,36.72803338715012,36.873297881366355,36.40723884589657,36.449607849121094,8302200
2009-08-12,36.47380813524882,36.951975122009564,36.33459540029384,36.67354965209961,8219600
2009-08-13,36.73407491986766,36.73407491986766,36.34669996419137,36.51012420654297,8338200
2009-08-14,36.57066297283142,36.74014130462226,36.0985498754903,36.364871978759766,8961000
2009-08-17,36.07432039892522,36.43748609290288,36.06826867638034,36.207481384277344,12926100
2009-08-18,36.28618847622549,36.28618847622549,36.01381462650637,36.195396423339844,8803000
2009-08-19,36.17722654536768,36.61302455565421,36.12275179408187,36.54039001464844,10498900
2009-08-20,36.64934983175013,37.03672492372166,36.4253990396299,36.89146041870117,9955000
2009-08-21,37.275869424064474,37.477227468543354,36.98298351449955,37.2392578125,12594000
2009-08-24,37.33079052327492,37.391807556152344,37.031801475814106,37.391807556152344,10500700
2009-08-25,37.23315270923152,37.519937813995284,37.129420985692484,37.306373596191406,10808100
2009-08-26,37.37958957445216,37.43450581437297,36.92195501766203,36.99517822265625,10865500
2009-08-27,36.95858413105016,37.05621278964897,36.58027336993615,36.90977096557617,11027900
2009-08-28,37.06841709110894,37.06841709110894,36.64739393247287,36.78773498535156,10897800
2009-08-31,36.635186738777854,36.97078508069406,36.58637124951335,36.87925720214844,10181300
2009-09-01,36.82432737131512,37.06840007239906,36.378896670339245,36.574153900146484,11890800
2009-09-02,36.409412513440785,36.62297675184005,36.28737846595578,36.46432876586914,8587000
2009-09-03,36.51314728616556,36.51314728616556,36.17144587287528,36.4216194152832,8722700
2009-09-04,36.439927251214066,36.82433873168565,36.38501099291091,36.806034088134766,7425300
2009-09-08,37.08060109949361,37.08060109949361,36.60466192925613,36.95856475830078,8792600
2009-09-09,37.08671344690318,37.30027769257388,37.0134925503891,37.17213821411133,9303100
2009-09-10,37.24536147232714,37.25146224385458,36.86704846341614,37.013492584228516,8825300
2009-09-11,37.037905873409805,37.15383917099917,36.75112068800634,36.8670539855957,8480200
2009-09-14,36.818233489990234,37.05620313786426,36.73890949814882,36.818233489990234,6654400
2009-09-15,36.934167579504795,36.934167579504795,36.49483988436986,36.702301025390625,8321100
2009-09-16,36.79992303815527,36.82432844685666,36.45212094192463,36.72669982910156,10831200
2009-09-17,36.73279868248381,37.15992470867598,36.71449171851085,37.08060073852539,12261500
2009-09-18,37.24536369924543,37.373500857836184,37.04400331204527,37.08671569824219,14463600
2009-09-21,36.8853505657169,37.1538287028511,36.86704359824977,37.019588470458984,7237900
2009-09-22,37.14163208922644,37.32468550610624,36.82433841373122,37.269771575927734,9997200
2009-09-23,37.31857032132757,37.391791194270645,37.03788836867113,37.08060073852539,11175400
2009-09-24,37.15383928866592,37.22095942398575,36.97078585538958,37.05010986328125,9290700
2009-09-25,36.95857763710606,37.196547305149124,36.90976448020897,36.98908615112305,7883600
2009-09-28,37.03788296177259,37.55043365284963,36.885338140947866,37.385684967041016,8721100
2009-09-29,37.391799813538995,37.477224572938965,37.14772940491766,37.17823791503906,7556800
2009-09-30,37.23315547315777,37.275867854359205,36.812132432322116,37.153831481933594,11039300
2009-10-01,37.1782352538347,37.1782352538347,36.47042716249227,36.494834899902344,12207800
2009-10-02,36.50093446252451,36.73280330494718,36.25686175180066,36.44601821899414,9125400
2009-10-05,36.48874217274819,36.568066178051836,36.26907712892309,36.500946044921875,7113800
2009-10-06,36.65959780589505,36.940279911652425,36.208063799878126,36.78773498535156,11766000
2009-10-07,36.71449365179852,37.080602691091386,36.586356535488385,37.04399108886719,7271500
2009-10-08,37.26365777928485,37.391794901552025,37.14772452499309,37.18433380126953,9221000
2009-10-09,37.10500317132008,37.67247009277344,37.10500317132008,37.67247009277344,9247900
2009-10-12,37.7640150006903,38.28266905630702,37.75181112939515,38.1545295715332,12697200
2009-10-13,37.17213072332111,37.46501890565635,36.995180453041314,37.227046966552734,23501200
2009-10-14,37.349095270529425,37.367402242563585,36.69620324080932,36.94637680053711,18951100
2009-10-15,36.8731433146707,37.18433380126953,36.78771856649258,37.18433380126953,14076600
2009-10-16,36.95858055142145,37.04400532846522,36.76332325313551,36.89146041870117,13911200
2009-10-19,36.98297478469955,37.50772945500434,36.86703920593701,37.318572998046875,11443300
2009-10-20,37.41010944444375,37.58095897540412,36.92196393715647,36.97077941894531,15725600
2009-10-21,36.976877045120084,37.269765255639726,36.781619789873716,36.7999267578125,12529900
2009-10-22,36.70229381831446,37.367389493251004,36.635173708274564,37.18433380126953,9926600
2009-10-23,37.13552673447698,37.25146000774194,36.68399285608942,36.940269470214844,10743900
2009-10-26,37.03179049029771,37.17823458447159,36.58635976500829,36.66568374633789,11809200
2009-10-27,36.79382008086662,36.85483942197792,36.57415510816565,36.62297058105469,10269600
2009-10-28,36.62297756954202,36.67179072409586,36.30568391816607,36.34839630126953,13837000
2009-10-29,36.50093711025994,36.62297347447424,36.31178062934527,36.52534484863281,13954500
2009-10-30,36.43381191381572,36.537543623612706,35.86634487784021,36.03109359741211,20966900
2009-11-02,36.09211091065771,36.53143847722726,35.94566683670147,36.2995719909668,12297500
2009-11-03,36.63519327626075,36.63519327626075,35.87856935119731,35.95789337158203,17177000
2009-11-04,36.079912915628285,36.647380012129716,35.98228429298556,36.3178825378418,13928700
2009-11-05,36.49483475584081,36.73280437552476,36.41551077339618,36.59856414794922,9190300
2009-11-06,36.574154458690025,36.818227163501334,36.34838871971195,36.793819427490234,8518500
2009-11-09,36.86704479623586,37.06840515136719,36.787723136017554,37.06840515136719,11773800
2009-11-10,37.06230711490383,37.45892242820796,36.97688002216191,37.36129379272461,11776500
2009-11-11,37.1599314179619,37.2636608127223,37.007386547326014,37.141624450683594,11179500
2009-11-12,37.0012842653694,37.48332662585002,36.98908039613128,37.312477111816406,13683100
2009-11-13,37.27588001453432,37.5748691081311,37.24537149338795,37.483341217041016,9950500
2009-11-16,37.495543213418784,38.04470354950688,37.47113546666354,37.94707489013672,13767500
2009-11-17,37.806723086940835,38.099608981765435,37.702993684204074,37.93486022949219,11421400
2009-11-18,37.873841385957455,38.130117986384,37.800620497685614,38.02638626098633,11522100
2009-11-19,37.97758020006208,38.13012510356423,37.611471035066614,38.09351348876953,13298200
2009-11-20,38.01970971411412,38.5117145493568,37.958209989482825,38.32106399536133,16300200
2009-11-23,38.43176815050206,38.8069202515335,38.388715524875735,38.55476760864258,13868100
2009-11-24,38.702369397849594,38.99142327950986,38.53016828336139,38.85612106323242,9681200
2009-11-25,38.97911421525412,39.016013105277,38.702360809764,38.92991256713867,7186700
2009-11-27,38.45020552182626,38.80075902875043,38.13655090232766,38.677757263183594,6081200
2009-11-30,38.6101057554371,38.73310751966788,38.27800404189654,38.64700698852539,10815400
2009-12-01,38.71465702782229,39.15131105025734,38.71465702782229,39.059059143066406,12302300
2009-12-02,39.059059384163476,39.50801382006611,39.01600911949223,39.28661346435547,10896100
2009-12-03,39.39116544268877,39.80937002108063,39.28046174669432,39.45881652832031,12520100
2009-12-04,39.81552223858122,40.147626334510846,39.458822010029444,39.58182144165039,14992400
2009-12-07,39.655618003889415,39.82781905933738,39.47726557013921,39.58796691894531,9106500
2009-12-08,39.66791558172916,39.75401610839688,39.31736209683151,39.514163970947266,11073800
2009-12-09,39.60643423188197,39.60643423188197,39.37888005329661,39.59413146972656,8911600
2009-12-10,39.76018276173685,39.97543416110168,39.60027971129644,39.833980560302734,8841900
2009-12-11,39.815523798559866,40.073830122488424,39.80322573176695,39.883174896240234,7194100
2009-12-14,40.0984288238516,40.227584340150464,39.88317745023356,39.950828552246094,8172500
2009-12-15,39.80938218151345,39.852432458963314,39.63717637958566,39.815528869628906,10717800
2009-12-16,39.94468714056477,40.02464102223822,39.82168766555373,39.852439880371094,13333300
2009-12-17,39.63102183801197,39.84012180358133,39.48956827320586,39.649471282958984,10088900
2009-12-18,39.82166768103514,39.82166768103514,39.30506216862782,39.58796691894531,22171000
2009-12-21,39.75403176604758,39.97543454814607,39.50188146495848,39.56338119506836,11125400
2009-12-22,39.5510572564452,39.85856043447292,39.5510572564452,39.68635940551758,7124600
2009-12-23,39.692518574015246,39.87701770177106,39.692518574015246,39.710968017578125,6360400
2009-12-24,39.784788827087176,39.87703608743298,39.68023411181325,39.79093551635742,2433900
2009-12-28,39.913929141290886,39.969277482879285,39.833975280603674,39.93852996826172,5693500
2009-12-29,40.03077720424239,40.22143244023437,39.92622720871231,39.93852996826172,6661900
2009-12-30,39.840132035508034,39.99388370572357,39.68638036529251,39.92008590698242,5602100
2009-12-31,40.049233490556006,40.049233490556006,39.56337768912381,39.612579345703125,6962300
2010-01-04,39.797078751271066,39.969279858172506,39.61257957621734,39.778629302978516,9506200
2010-01-05,39.71713044261706,39.74173127158545,39.24972407647451,39.31737518310547,10673100
2010-01-06,39.298937019604125,39.69254101186996,39.2558867295791,39.63718795776367,13171500
2010-01-07,39.51416011832178,39.57565981821297,39.20050789517566,39.3542594909668,10901600
2010-01-08,39.31122194985537,39.520326640166076,39.13287181340176,39.48957443237305,7898000
2010-01-11,39.82167646437564,39.82167646437564,39.36657290429287,39.495723724365234,7975700
2010-01-12,39.44036573899071,39.80322201926198,39.372714647620256,39.70481872558594,10820700
2010-01-13,39.69253998766041,40.116896187049804,39.69253998766041,39.956993103027344,13023800
2010-01-14,40.0984221667822,40.14147243435868,39.82167111695159,40.036922454833984,7899000
2010-01-15,40.06152362697063,40.0984225160355,39.348116170264895,39.70481872558594,20995000
2010-01-19,39.44652401446789,40.4366850425921,39.42807456670987,40.19068145751953,15181800
2010-01-20,40.26446311323389,40.5596635089213,39.64945681473849,40.06766128540039,13033000
2010-01-21,40.01848254259568,40.264486141112215,39.23742381527949,39.341976165771484,14473900
2010-01-22,39.3050699357292,39.477273371269824,38.80076473420685,38.86841583251953,14017200
2010-01-25,39.157461642275955,39.17591343208718,38.776158279754874,38.88071060180664,10001700
2010-01-26,38.52402002751859,38.75157185384323,38.265718334836194,38.61627197265625,15630300
2010-01-27,38.610113651094956,39.188221357381984,38.56091434297963,39.01601791381836,14982400
2010-01-28,39.0959754991801,39.40347884735428,38.77002270085606,39.2374267578125,17096000
2010-01-29,39.32967821589804,39.52647782255418,38.63472000069269,38.65932083129883,17844400
2010-02-01,38.90531981073813,38.90531981073813,38.60396786476372,38.8007698059082,10153400
2010-02-02,38.86840388521165,39.48340792231302,38.517850434492914,39.3542594909668,13609300
2010-02-03,39.28048147454583,39.28048147454583,38.92377877033727,39.13288116455078,9255900
2010-02-04,39.04676667685082,39.126715838744836,38.51170929212989,38.524009704589844,18397000
2010-02-05,38.55475956270784,39.11441542628488,38.06275479462864,38.524009704589844,16775200
2010-02-08,38.43790743698395,38.73311028457234,38.29030484015791,38.35795593261719,10081200
2010-02-09,38.468665633353524,39.03447297344058,38.41946632112137,38.597816467285156,11356400
2010-02-10,38.6162583814972,38.78845944934522,38.259553488310765,38.5793571472168,10115800
2010-02-11,38.51170341282212,38.87455731377317,38.290300714470504,38.69005584716797,8353600
2010-02-12,38.50556818988453,38.74542041709627,38.19806485324091,38.573219299316406,12335800
2010-02-16,38.899175966028146,39.18207850090741,38.634722882447456,39.12057876586914,10212400
2010-02-17,39.132877861029,39.58183248063306,39.12057744522369,39.34812927246094,9485500
2010-02-18,39.34810637889969,39.79090935993673,39.32965693895821,39.68635940551758,8260600
2010-02-19,39.754552260158164,39.94666159531796,39.42610307356758,39.54384994506836,14222300
2010-02-22,39.54384302676739,39.72355779853736,39.283562629421326,39.34553527832031,9839700
2010-02-23,39.388917803021016,39.568632587805624,39.184411592866624,39.23398971557617,12481400
2010-02-24,39.38272148290476,39.568634725077544,39.19680824073199,39.32075119018555,8519300
2010-02-25,38.911739152448476,39.25877655662567,38.74441653371375,39.215396881103516,10528900
2010-02-26,39.32693717290189,39.40750042395666,39.0418701171875,39.0418701171875,9357800
2010-03-01,39.20921212352983,39.32695665338463,39.147239452014915,39.28357696533203,9219400
2010-03-02,39.23398378652824,39.438487601762965,39.05426666488752,39.314544677734375,9014000
2010-03-03,39.40752037954378,39.506674291046956,39.178227402445636,39.28977584838867,9360400
2010-03-04,39.37032964898677,39.475681990645725,39.27117575543349,39.395118713378906,8067200
2010-03-05,39.450887129908836,39.70496909255893,39.382718394853825,39.686378479003906,10633600
2010-03-08,39.71116763593184,39.91567384159219,39.673981680701836,39.78553009033203,33380500
2010-03-09,40.002438089254525,40.002438089254525,39.71736621904317,39.828914642333984,8827100
2010-03-10,39.965233869531524,40.00861352943406,39.75453401515586,39.84129333496094,8436600
2010-03-11,39.754555802163594,39.797935485839844,39.41371205325666,39.797935485839844,9957800
2010-03-12,39.82271425831101,39.82271425831101,39.568629942433944,39.773136138916016,8223000
2010-03-15,39.74833227234083,40.014808654785156,39.70495261603724,40.014808654785156,7444700
2010-03-16,40.09537832291749,40.10777521488392,39.80411755411189,39.990028381347656,8882000
2010-03-17,40.10777557075049,40.1201677347979,39.95904596203644,40.064395904541016,8060700
2010-03-18,40.02103732990873,40.37427329178241,39.89089826269542,40.31849670410156,11742100
2010-03-19,40.34946823120117,40.584957203110264,40.16355264998951,40.34946823120117,23117600
2010-03-22,40.32466729701207,40.55396248257956,40.268895475890055,40.343257904052734,8803800
2010-03-23,40.392846133017116,40.52298514295058,40.20073684140525,40.50439453125,9453900
2010-03-24,40.47339913911729,40.47339913911729,40.12636184692383,40.12636184692383,9312500
2010-03-25,40.30607408769267,40.43621305660344,39.99001960432197,40.014808654785156,10496600
2010-03-26,40.08299889681692,40.10778796059845,39.866100498766656,39.8970832824707,9450400
2010-03-29,39.94665720579715,40.23792276453739,39.90947597805329,40.16975402832031,7812900
2010-03-30,40.25032024791476,40.268915592273,40.00863277959432,40.219337463378906,8311600
2010-03-31,40.18215747884047,40.47342311937389,40.095398104387705,40.40525436401367,11939100
2010-04-01,40.510598909015414,40.758480072021484,40.43003327581133,40.758480072021484,10600600
2010-04-05,40.75846910627961,40.83283627199161,40.51678172775168,40.529178619384766,8617600
2010-04-06,40.361859345146904,40.56016708685815,40.281298450336855,40.47340774536133,8260100
2010-04-07,40.430036668710635,40.58496477260609,40.330885140793406,40.41764450073242,9409400
2010-04-08,40.39904920167902,40.39904920167902,40.13876642400352,40.23792266845703,8962600
2010-04-09,40.20694213389918,40.38665931212042,40.144971834382055,40.36806869506836,6972700
2010-04-12,40.34946823120117,40.41143851559519,40.2379198280801,40.34946823120117,8692200
2010-04-13,40.31848204265356,40.80805534301655,40.22552897703952,40.70270538330078,12481600
2010-04-14,40.547791142655804,40.65314113832871,40.39286300971398,40.5849723815918,10501900
2010-04-15,40.46102882943057,40.615956951126336,40.36187256209037,40.59736633300781,8656900
2010-04-16,40.49200129859613,40.68411533560463,40.21313264181874,40.29369354248047,15742500
2010-04-19,40.318483525883366,40.962984930019275,40.318483525883366,40.91960525512695,14626300
2010-04-20,40.91959878006341,41.024948726984334,40.73368794338458,40.89480972290039,11916400
2010-04-21,40.88861623621427,40.88861623621427,40.324675820627284,40.52298355102539,13355700
2010-04-22,40.39285585458864,40.430037086938405,39.86610124150118,40.14496994018555,19583000
2010-04-23,40.101588896259656,40.306095123291016,39.86609988600048,40.306095123291016,11674900
2010-04-26,40.27509953530684,40.405238546038746,40.107779300945666,40.132568359375,9281500
2010-04-27,40.014826862305284,40.20693618077351,39.79173003465118,39.83510971069336,11862200
2010-04-28,39.92807145595131,40.19454798598107,39.816523031100935,40.04581832885742,12476600
2010-04-29,40.188334624752194,40.491992274373295,40.188334624752194,40.28749084472656,7930100
2010-04-30,40.36186901705352,40.492008060483954,39.847511291503906,39.847511291503906,14255900
2010-05-03,40.380463165217705,40.66553030829068,39.99623976645126,40.48581314086914,15310500
2010-05-04,40.32468944603332,40.45482849482733,39.915681682399395,40.095394134521484,14895700
2010-05-05,40.02103123534779,40.46102650835945,39.934271870417646,40.36806869506836,13143700
2010-05-06,40.30610403230015,40.34328527160402,37.20134289357848,39.28977584838867,24410000
2010-05-07,39.203002206875205,39.41370450036078,38.47793989236057,39.23398971557617,20467100
2010-05-10,40.225518060709675,40.5043866379325,39.661577732866796,40.12636184692383,18445400
2010-05-11,39.80412725997854,40.3370755437654,39.773139750535414,40.07679748535156,10879000
2010-05-12,40.188349950812444,40.312295273047674,39.96525309881964,40.219337463378906,11036800
2010-05-13,40.18214745261,40.38045994819783,39.97764596558777,40.07679748535156,12337000
2010-05-14,40.10159125085327,40.15116938056529,39.29596555515561,39.64300537109375,12505100
2010-05-17,39.698769093964465,39.81031749896527,39.165818492756564,39.587223052978516,10260800
2010-05-18,39.31455193341091,39.38891911996165,38.948921540255895,39.02328872680664,18480900
2010-05-19,38.84976538686126,39.01708800080681,38.45314987114512,38.558502197265625,18863200
2010-05-20,38.310609640172544,38.32300416838011,37.52357482910156,37.52357482910156,24098700
2010-05-21,37.04639963245398,37.77766031771012,36.87907703185998,37.728084564208984,21813000
2010-05-24,37.566957736399296,38.08132006331721,37.312875796263214,37.535972595214844,13993300
2010-05-25,37.00302360650316,37.43682272143825,36.65598620576709,37.39963912963867,21179000
2010-05-26,37.69710682876084,37.69710682876084,36.965845999840845,36.972042083740234,18914100
2010-05-27,37.35978045508416,37.45358496464331,36.715644705190826,36.91576385498047,29926600
2010-05-28,36.72189013651803,36.97203781532448,36.39044094332795,36.459232330322266,26815900
2010-06-01,36.40296303961655,37.1534111431701,35.99021694050341,36.746917724609375,19508400
2010-06-02,36.94078100589333,37.3535270690918,36.70313861023101,37.3535270690918,15581800
2010-06-03,37.453572655075575,37.61617090184507,37.24094583010539,37.3785285949707,14254200
2010-06-04,36.87197473509759,36.91575063433608,36.12152699934018,36.277870178222656,21785400
2010-06-07,36.37793393297009,36.615576260380955,36.27162170410156,36.27162170410156,13843300
2010-06-08,36.36542841241353,36.71563564532485,36.190322410350014,36.67185974121094,14941500
2010-06-09,36.771915165931404,36.8594669643367,36.23409424931879,36.3779296875,13173000
2010-06-10,36.721895232044446,36.97829801012398,36.490505555390904,36.584312438964844,16995200
2010-06-11,36.37792557082734,36.57179194936292,36.23409014892312,36.55928421020508,14713000
2010-06-14,36.709388713801616,36.959536435667886,36.5092695820653,36.53428268432617,10524000
2010-06-15,36.853215146010115,36.99705058754455,36.61557284079305,36.98454284667969,11103200
2010-06-16,37.05334893255127,37.259723160305704,36.75942286960717,37.047096252441406,8636300
2010-06-17,37.072084488836666,37.17214400273015,36.67810149478501,37.00954818725586,11723100
2010-06-18,37.00954818725586,37.07833955035894,36.80317409794662,37.00954818725586,16838200
2010-06-21,37.20968547940963,37.39729686184805,36.846968072501625,36.97829818725586,12143600
2010-06-22,37.0533348810928,37.57864807862881,36.97203575684346,36.99705123901367,13823800
2010-06-23,36.997065269128115,37.15966119367913,36.71564695201234,37.047096252441406,12659500
2010-06-24,36.9157469460911,37.48483596494144,36.9157469460911,37.27220916748047,18216100
2010-06-25,37.43480951198977,37.441062189206924,36.66560139147584,36.70937728881836,45006900
2010-06-28,36.903244046200875,37.391036401760594,36.77817140767508,37.178409576416016,15834300
2010-06-29,36.884497942281804,37.15966119367913,36.69688652607415,37.047096252441406,20236500
2010-06-30,36.921997724763806,37.2784599047954,36.85945903535041,36.934505462646484,15802100
2010-07-01,36.940765380859375,37.053332658264736,36.678109990651905,36.940765380859375,17973500
2010-07-02,37.159649755881844,37.26596436989448,36.80318745912436,36.947025299072266,10534400
2010-07-06,37.20968072379552,37.27221704807977,36.690620166926436,36.947025299072266,15461100
2010-07-07,37.10337030003286,37.960130389559154,36.92201161093658,37.903846740722656,17280000
2010-07-08,38.10396157863024,38.604259297967346,37.92260290986813,38.385379791259766,15895900
2010-07-09,38.12897592362874,38.19151224207756,37.76000591932239,37.86006546020508,12174000
2010-07-12,37.82254125629414,37.86006447775429,37.55988586289572,37.653690338134766,10797200
2010-07-13,37.89131321258553,38.12270032895887,37.79750639982551,37.83502960205078,10924500
2010-07-14,37.62242810982603,37.94762225691564,37.55363671910985,37.910099029541016,9668500
2010-07-15,37.91007862468674,37.99137771410242,37.459812066583986,37.68494415283203,12839300
2010-07-16,37.52235920291565,37.64117914823957,37.053329712879204,37.172149658203125,17569900
2010-07-19,37.34726681077008,37.391042718771345,37.128384885155725,37.25345993041992,10277500
2010-07-20,36.55303925002114,36.75315834757847,36.27162102357871,36.63433837890625,22304800
2010-07-21,36.77190913886102,36.77190913886102,35.5649398058552,35.721282958984375,25707600
2010-07-22,35.915155158742465,36.03397511559324,35.55869290258254,35.65875244140625,17972900
2010-07-23,35.82134412686742,36.04647865941121,35.64624055071439,36.040225982666016,15076600
2010-07-26,36.05273278678073,36.27786492787869,35.946418200011166,36.10901641845703,11775200
2010-07-27,36.24035916438251,36.54679054210468,36.03398496723196,36.334163665771484,16964000
2010-07-28,36.359170110660585,36.42796149260135,36.05273880915237,36.165306091308594,13502100
2010-07-29,36.33415462893528,36.440469233464,36.09025964613269,36.165306091308594,13031000
2010-07-30,36.04024041929592,36.49676234399755,35.815105796570016,36.327911376953125,12978000
2010-08-02,36.58429912345119,36.821941392565016,36.528015490913894,36.72188186645508,11455600
2010-08-03,36.74063740861277,37.27220312326055,36.71562193400166,37.11585998535156,10855100
2010-08-04,37.12837828624219,37.47858787361676,37.04082648580046,37.35976791381836,10508800
2010-08-05,37.22844085293669,37.45357543557262,37.215933111056046,37.372276306152344,9796700
2010-08-06,37.222181852886884,37.52236045021572,37.053330944588026,37.497344970703125,8524100
2010-08-09,37.52235885889921,37.678702020811286,37.39103117543882,37.553627014160156,6674700
2010-08-10,37.1533820030867,37.403531969943565,36.83444306167074,37.165889739990234,13550800
2010-08-11,36.84696789599884,36.86573070407851,36.45923738940231,36.584312438964844,11470100
2010-08-12,36.36542216441591,36.71562933715762,36.33415162204331,36.59680938720703,8240500
2010-08-13,36.57805193293868,36.57805193293868,36.30914146888427,36.36542510986328,8546700
2010-08-16,36.265364823246735,36.3404088811402,35.94017072489827,36.277870178222656,8751200
2010-08-17,36.85322153514227,37.197176118929555,36.58431102394666,37.03458023071289,13479100
2010-08-18,37.18465134772863,37.40978584801469,36.91574095967661,37.11585998535156,10534900
2010-08-19,37.00329764353427,37.009552705820234,36.52176281423521,36.72188186645508,11949700
2010-08-20,36.709378592514355,36.84070628920588,36.57805089582282,36.73439407348633,11286200
2010-08-23,36.88447281991656,37.11585999611904,36.77816063119895,36.81568145751953,8842900
2010-08-24,36.58430385849965,36.703123815631606,36.184065702257726,36.277870178222656,14930400
2010-08-25,36.27160578952358,36.39668076936744,36.17154628276986,36.259098052978516,11675000
2010-08-26,36.39668394759575,36.40919168523301,36.13402622842718,36.14653396606445,12834100
2010-08-27,36.26649022293302,36.5379367269612,35.976106374751296,36.36117935180664,11674800
2010-08-30,36.36116786800462,36.48742240806746,36.14653587232931,36.17178726196289,9240100
2010-08-31,36.14022131599562,36.26016179493008,35.98240375566376,35.99502944946289,14563100
2010-09-01,36.40537108827015,36.84094930447918,36.260179152235814,36.79676055908203,11603700
2010-09-02,36.94193436194453,37.112377614001566,36.803054139948834,36.998748779296875,8079700
2010-09-03,37.1502609160798,37.24495243636356,36.92931724622489,37.20076370239258,7533400
2010-09-07,37.118698585753684,37.2260158046599,37.011383774952904,37.055572509765625,5625100
2010-09-08,36.878814469057964,37.263889786419504,36.878814469057964,37.15026092529297,8412500
2010-09-09,37.49114208401758,37.89515468374117,37.409076272165905,37.76258850097656,14077700
2010-09-10,37.83834647621661,37.87622356670126,37.731031665334896,37.86359786987305,8358800
2010-09-13,37.9141101572365,38.11611654089341,37.82573025729381,38.07823944091797,10706600
2010-09-14,38.147675255636926,38.488561892394394,38.034046376717775,38.242366790771484,9912900
2010-09-15,38.2991638784129,38.60217570937086,38.191849094698284,38.53904724121094,9111500
2010-09-16,38.393857773894545,38.75368163650642,38.35598069063357,38.690555572509766,10496300
2010-09-17,38.87994289631078,38.962008720182475,38.58955909874067,38.86731719970703,12240600
2010-09-20,38.917836568283725,39.283972293374525,38.82945665440043,39.195594787597656,10991500
2010-09-21,39.05039834864029,39.283967788279995,39.012521247034066,39.10089874267578,9449200
2010-09-22,39.12614654553653,39.454407504950424,39.075646156145275,39.119834899902344,9353300
2010-09-23,38.905189055569544,39.13875839105318,38.86731197085392,39.01881790161133,8393800
2010-09-24,39.126139166145656,39.39127398678822,39.031450050856186,39.227142333984375,12636900
2010-09-27,39.277646320699816,39.340772399486056,39.09457732087196,39.1577033996582,7687600
2010-09-28,39.113515595258896,39.51752828857482,38.943072288746436,39.410213470458984,12132800
2010-09-29,39.334468841552734,39.485972425029274,39.22083994989231,39.334468841552734,9590000
2010-09-30,39.44808890066815,39.58065510855466,38.854693175280985,39.1135139465332,12845600
2010-10-01,39.195573774900716,39.296576928513254,38.8673129236337,38.98094177246094,9773200
2010-10-04,38.8483755886155,39.12613365905051,38.6968696541295,38.93043899536133,8703600
2010-10-05,39.18928179813057,39.73217251617701,39.14509063864959,39.643795013427734,12439400
2010-10-06,39.70060060062219,39.93417000688667,39.4544054956264,39.90260696411133,11339800
2010-10-07,39.95310520986386,40.085671419289405,39.7700362112635,39.90891647338867,9826600
2010-10-08,40.00991367950342,40.016225323156654,39.78896762195758,39.91522216796875,7354800
2010-10-11,39.934167854386764,39.965733303566495,39.79528999203979,39.95941925048828,6172100
2010-10-12,39.85211036456498,40.04780269323284,39.751107173221754,39.9531135559082,8707400
2010-10-13,40.04148172490633,40.268739454545205,39.953104254070205,40.136173248291016,10104700
2010-10-14,40.268741842788565,40.27505348760599,40.016232704190664,40.237178802490234,8632700
2010-10-15,40.38868069708068,40.401306394301564,39.858413454331256,40.129859924316406,13265100
2010-10-18,40.20562144185652,40.38869048376092,39.92786326000943,40.31293869018555,10814100
2010-10-19,39.70060437349712,40.192994630282094,39.454409245104635,39.9531135559082,17235400
2010-10-20,39.97204493977973,40.42024638400783,39.807915681367206,40.148799896240234,10206800
2010-10-21,40.31293461828438,40.54019238416189,40.09830255141183,40.39500045776367,11111700
2010-10-22,40.45181922765567,40.47707062836753,40.17405863603741,40.281375885009766,6774800
2010-10-25,40.42656423148814,40.546507170148956,40.30662129282734,40.38868713378906,7794700
2010-10-26,40.30661224229086,40.36974072428099,40.155108701725275,40.30030059814453,7122900
2010-10-27,40.136173976979606,40.20561169953618,39.946790926771904,40.129859924316406,11916100
2010-10-28,40.36342377567784,40.47074098330763,40.091977342861824,40.12354278564453,10116000
2010-10-29,40.17405031378795,40.3003048830869,39.97204396615187,40.237178802490234,9309900
2010-11-01,40.325551277526536,40.45811506709717,39.96572736491734,40.20560836791992,9356000
2010-11-02,40.36342857691913,40.52755782162856,40.224550726197435,40.32555389404297,8632100
2010-11-03,40.39500471261906,40.52756854586958,40.11724412146486,40.52125930786133,9322100
2010-11-04,40.603312477153004,40.98207375896492,40.55280968858848,40.881072998046875,11337400
2010-11-05,40.874760143170626,40.93157216981222,40.46443340242939,40.8116340637207,9276500
2010-11-08,40.754820096073466,40.7863855461309,40.46443625714864,40.6096305847168,8484400
2010-11-09,40.69801335179936,40.716950697809054,40.46444151318487,40.597007751464844,9218500
2010-11-10,40.55280610457412,40.61593217659525,40.11723042817558,40.3697395324707,10795400
2010-11-11,40.21192552281768,40.36974312502018,40.136173748030025,40.35080337524414,9109500
2010-11-12,40.20560359995083,40.458110269183386,40.09197475595941,40.19297790527344,12944800
2010-11-15,40.47074009043155,40.83687802730747,40.3886742755964,40.48967742919922,12729400
2010-11-16,40.1803552660925,40.369735873094506,39.549084970682436,39.85840606689453,15651000
2010-11-17,39.85211110981363,39.95311430304565,39.71954246211041,39.80792236328125,7416900
2010-11-18,40.066733357872806,40.40130590177815,39.959416136856355,40.29399108886719,9400100
2010-11-19,40.33186577196259,40.54018616140927,40.18036222337,40.29399108886719,12889800
2010-11-22,40.085682377219605,40.287688772928746,39.82686153221062,40.161434173583984,11179200
2010-11-23,39.763731033239914,39.92786030853845,39.54909896055357,39.6879768371582,14766500
2010-11-24,39.78898186490919,40.07936814711375,39.725855773359434,39.9531135559082,9591400
2010-11-26,39.793925060853,39.83849406261488,39.56471166388994,39.66658401489258,4638800
2010-11-29,39.354604611376786,39.481943240185714,39.087188147454974,39.41827392578125,12019300
2010-11-30,39.14449882638788,39.360977936229204,38.998057432793615,39.18906784057617,12633500
2010-12-01,39.59019647093682,39.78120690319906,39.36098298069035,39.743003845214844,15364700
2010-12-02,39.723882731985434,40.035868136766844,39.647479084849884,39.85758972167969,10160400
2010-12-03,39.80028953550783,39.96583361772961,39.62201353511054,39.83212661743164,9882800
2010-12-06,39.67296588213642,39.78120422923881,39.602928161621094,39.602928161621094,8989000
2010-12-07,39.83214175822875,39.946748495998854,39.634762947884845,39.67296600341797,9528800
2010-12-08,39.61566263146875,39.83214175514784,39.56472522409519,39.76210403442383,7871900
2010-12-09,39.749373404399854,40.08682525894359,39.31641511650285,39.5137939453125,12965600
2010-12-10,39.59654994917668,39.68569038970306,39.27819851949703,39.41827392578125,11457300
2010-12-13,39.36734759374961,39.456485624996354,39.19543749256123,39.38644790649414,13672100
2010-12-14,39.49467442442907,40.07407388287009,39.40553641987329,39.96583557128906,13491200
2010-12-15,40.067699066723904,40.21414038881383,39.75571369091289,39.83848571777344,11534100
2010-12-16,39.95310780444248,39.97857650389014,39.501049318976484,39.730262756347656,11141100
2010-12-17,39.634756359546735,39.819400787353516,39.462846281467556,39.819400787353516,15961000
2010-12-20,39.81939798163605,39.889435685788435,39.6220192180092,39.78756332397461,8907000
2010-12-21,39.978571509455215,39.984937469107415,39.653851704136294,39.692054748535156,7908200
2010-12-22,39.68567519399214,39.73024418277546,39.42462478993595,39.48829650878906,8850100
2010-12-23,39.48832421214226,39.76847268515323,39.48832421214226,39.634765625,7229500
2010-12-27,39.59654139484501,39.628378473997905,39.36096206784802,39.430999755859375,5163700
2010-12-28,39.51378416084004,39.66659150177144,39.411911790609466,39.507415771484375,6354200
2010-12-29,39.551981220592715,39.75572594270968,39.54561526063911,39.558349609375,4968700
2010-12-30,39.53924265047512,39.59654599925435,39.411904034368746,39.43737030029297,5770100
2010-12-31,39.41190681776947,39.53287948314538,39.316400420116295,39.380069732666016,4981400
2011-01-03,39.87670036696565,40.22688645038069,39.81302862436288,39.99767303466797,14894800
2011-01-04,40.19505579416917,40.33512878417969,39.95310800585446,40.33512878417969,12346300
2011-01-05,40.37331972215399,40.456091756531336,40.08043705137646,40.30965042114258,11837900
2011-01-06,40.386054688051075,40.44972399003982,40.048603015620024,40.24597930908203,7606000
2011-01-07,40.23961281501374,40.271447465584544,39.83212345851994,39.85758972167969,11084800
2011-01-10,39.66022185070308,39.73025955412473,39.475577437833046,39.577449798583984,9775000
2011-01-11,39.615649171306174,39.69841878692177,39.47557377745141,39.647483825683594,7372800
2011-01-12,39.7620801488515,40.03586247694679,39.679308126006276,39.793914794921875,8312700
2011-01-13,39.83212859075832,40.09954260460224,39.698419155007905,40.05497360229492,9489700
2011-01-14,40.080453497995364,40.093187849188695,39.63476092154549,39.82577133178711,11274700
2011-01-18,39.61565551750576,39.85123491223124,39.48194606157562,39.539249420166016,13944900
2011-01-19,39.50740684090418,39.863961270527106,39.48193814689647,39.83212661743164,9596700
2011-01-20,39.94037932674549,40.17595875919899,39.81940662982704,40.02315139770508,11518600
2011-01-21,40.271452482210606,40.271452482210606,39.76845668251792,39.89579772949219,12932200
2011-01-24,39.832133068166435,39.934005431866964,39.57745094450075,39.61565399169922,11373000
2011-01-25,38.768844975381135,39.24000626034706,38.6542382419794,38.88982009887695,28056700
2011-01-26,38.95347917437959,38.99804817799101,38.584190368652344,38.584190368652344,20262100
2011-01-27,38.60966313723637,38.86434526659011,38.584194438535235,38.6351318359375,11219500
2011-01-28,38.78156386456615,38.838867208420226,38.20216446729858,38.20853042602539,15298800
2011-01-31,38.304034951343056,38.342237988336024,38.00478390030169,38.055721282958984,19056200
2011-02-01,38.01116052933242,38.67333207448427,38.01116052933242,38.603294372558594,14780500
2011-02-02,38.495055279868794,38.68606565680296,38.38044856794255,38.596927642822266,9994200
2011-02-03,38.622398388763365,38.81977716506451,38.5778293794097,38.7115364074707,10078900
2011-02-04,38.8006802848355,38.83251737817719,38.61603825913146,38.73701095581055,9725500
2011-02-07,38.762471904551035,38.83250960976502,38.616030534025754,38.756103515625,8217000
2011-02-08,38.800662994384766,38.83250007353914,38.679690351613814,38.800662994384766,7867600
2011-02-09,38.794304902142656,38.800670861967475,38.60966049245089,38.76247024536133,8541500
2011-02-10,38.609651896067476,38.883434255321156,38.46957652282287,38.79429626464844,8627500
2011-02-11,38.67331490746923,38.94709477618592,38.52687117999694,38.64784622192383,9630800
2011-02-14,38.64147783612371,38.826122163086566,38.61601157940584,38.64784622192383,8130800
2011-02-15,38.58419329384949,38.647865038713356,38.50778962884157,38.596927642822266,8572800
2011-02-16,38.59055606368379,38.67332810554024,38.52051836894589,38.53325271606445,9426400
2011-02-17,38.43774183307501,38.79429622422241,38.412275570643686,38.70515823364258,7133700
2011-02-18,38.76884105144649,38.97895418435976,38.55236195791265,38.90891647338867,12393000
2011-02-22,38.63512050664723,38.83249922045886,38.488679175301094,38.61602020263672,11050500
2011-02-23,38.68606460702405,38.889811756230856,38.43775088086497,38.45048522949219,12100300
2011-02-24,38.50143026173911,38.52053057405464,38.22127939402261,38.36135482788086,11766700
2011-02-25,38.4962640379543,38.51553953554303,38.13648742688946,38.316375732421875,11863700
2011-02-28,38.502686219835724,39.47922719065609,38.39989256242274,39.472801208496094,20031000
2011-03-01,39.35073232759815,39.511347561588344,38.93313173890605,38.997379302978516,14035300
2011-03-02,38.86889040740728,39.145148832812716,38.778946259748615,39.06805419921875,10264600
2011-03-03,39.26722397558003,39.318622042880094,39.06806259177913,39.222251892089844,7802700
2011-03-04,39.37643394378778,39.37643394378778,38.766095524312306,39.228668212890625,11432700
2011-03-07,39.24794274784926,39.25436627952596,38.740397967591925,38.80464553833008,9584000
2011-03-08,38.85604513090065,39.1837016482984,38.76610097343286,39.00381088256836,8881800
2011-03-09,39.02308237725132,39.22866970202493,38.75324748173956,38.80464553833008,10082600
2011-03-10,38.6376151539703,38.740408845219775,38.16219525098958,38.29711151123047,14852300
2011-03-11,38.05938999949436,38.464138657277736,37.97586938484949,38.34849548339844,10426600
2011-03-14,38.22001013220726,38.22001013220726,37.853805067580566,37.98872375488281,11775000
2011-03-15,37.77028118500807,37.80240374349427,37.27558594177943,37.57111740112305,16016800
2011-03-16,37.628939474227806,37.628939474227806,36.94150642038163,37.0443000793457,16995600
2011-03-17,37.397648038495525,37.50686766485018,37.19848672993309,37.34625244140625,12456000
2011-03-18,37.62252086466949,37.70603903858296,37.32698691204014,37.628944396972656,14371900
2011-03-21,37.69317483360282,38.0079817112513,37.69317483360282,37.79597091674805,10692700
2011-03-22,37.776702461660264,38.0015652592308,37.71245734852238,37.77027893066406,10151800
2011-03-23,37.725303649902344,37.834520823098316,37.58396147207813,37.725303649902344,9899800
2011-03-24,37.89235405981655,37.95660163804828,37.73173879042899,37.924476623535156,8655800
2011-03-25,37.91163373869901,37.96303181027401,37.68034976899636,37.89236068725586,8077400
2011-03-28,37.892364979771045,38.097952387770455,37.892364979771045,38.05940628051758,8382500
2011-03-29,37.89233999750687,38.10435325079911,37.86021744570933,38.046531677246094,9280300
2011-03-30,38.1236501747915,38.3742096668897,38.05940503094919,38.149349212646484,10736400
2011-03-31,38.04011213112394,38.35491907389594,38.04011213112394,38.06581115722656,9680200
2011-04-01,38.30994918107778,38.31637271257153,37.94374661608031,38.22000503540039,9908000
2011-04-04,38.22641955884978,38.663293121300114,38.20072053734244,38.644020080566406,9415100
2011-04-05,38.38704781723083,38.5219640498204,38.213583039275214,38.41917037963867,10557700
2011-04-06,38.3549302958287,38.48342301314232,38.29068271177452,38.32923126220703,10011200
2011-04-07,38.367768977900646,38.39346555347108,38.06581154510312,38.21357727050781,9232900
2011-04-08,38.374190297190516,38.406312852897535,38.104357888298864,38.20072555541992,7853200
2011-04-11,38.25212676634319,38.656875413129114,38.226427739336245,38.45771408081055,9845800
2011-04-12,38.32921361672805,38.59904844394326,38.32921361672805,38.50910186767578,9208000
2011-04-13,38.329236116349584,38.51555045751007,38.232865953461044,38.290687561035156,10509000
2011-04-14,38.25856263440474,38.62476530955863,38.220016532259,38.56052017211914,10436200
2011-04-15,38.701856650109775,39.158003430045746,38.53481539637902,38.90744400024414,18608500
2011-04-18,38.83677715041984,39.312197030722366,38.61191427661639,38.84320068359375,20034800
2011-04-19,39.83257792914326,40.39151825579764,39.704085252116265,40.275875091552734,26083100
2011-04-20,40.60996067713954,41.464435014142374,40.59068763070301,41.368064880371094,26732100
2011-04-21,40.99543300705019,41.310239942493006,40.96973398154588,41.162471771240234,11688100
2011-04-25,40.89264751622044,41.24599815884521,40.80270090900595,41.18817901611328,7226900
2011-04-26,41.16247650227265,41.95270569719468,41.16247650227265,41.727840423583984,14500000
2011-04-27,40.76414698116671,42.14543652654008,40.732024424445285,42.126163482666016,23777500
2011-04-28,42.010530597650906,42.23539100051739,41.71499908222793,42.00410461425781,13091400
2011-04-29,42.13902254109658,42.383160903905306,42.01695826128158,42.2225456237793,12100000
2011-05-02,42.35103159198963,42.60159101144724,42.28036048377452,42.53734588623047,15456200
2011-05-03,42.47311073474641,42.697971176602316,42.408865594443306,42.569480895996094,13105500
2011-05-04,42.402427743811266,42.60801507620256,41.997679061737706,42.19041442871094,13408900
2011-05-05,42.04907894732435,42.15187508076372,41.631483134597815,41.76639938354492,14925200
2011-05-06,41.92059790809402,42.08121322574955,41.83707970748572,41.93344497680664,11904600
2011-05-09,41.830629671891444,42.24823023801527,41.80493064765131,42.16470718383789,9003100
2011-05-10,42.151867477544165,42.27393663858762,41.939854166759815,42.24823760986328,9693100
2011-05-11,42.60800812166129,42.87784053233456,42.28035167922213,42.76862335205078,19986100
2011-05-12,42.42813044527268,43.28260486075035,42.286788222972426,43.166961669921875,15622200
2011-05-13,43.102718631403526,43.20551477396345,42.37031327122858,42.80076599121094,11700900
2011-05-16,42.66583192897039,42.909965313306465,42.52448974271716,42.640132904052734,11513200
2011-05-17,42.55019138291387,42.71080662233036,42.31247906400576,42.65940856933594,10784100
2011-05-18,42.51164619403601,42.730085498279166,42.36388289849659,42.72365951538086,9028400
2011-05-19,42.7429287653714,42.7429287653714,42.30605509728404,42.652984619140625,9685100
2011-05-20,42.5630465951694,42.61444465800532,41.939858562653804,42.203269958496094,12367000
2011-05-23,41.88203211110762,42.20326259540428,41.81136101243529,42.1197395324707,12020200
2011-05-24,42.235386481020704,42.55019591293602,42.081197207210096,42.261085510253906,11017700
2011-05-25,42.5887451171875,42.78148049813332,42.44740289687383,42.5887451171875,14767100
2011-05-26,42.504498509435,42.627626409091185,42.30360978397604,42.452659606933594,12044100
2011-05-27,42.634110446752274,43.39878992141379,42.51098254039356,43.26918029785156,16385700
2011-05-31,43.619110068502586,43.638550272090946,43.41173965672573,43.60615158081055,16473800
2011-06-01,43.431194350695904,43.60616612956994,43.06829724503458,43.081260681152344,11003400
2011-06-02,43.05533875301907,43.26270923398301,42.95165104048598,43.081260681152344,9582900
2011-06-03,42.6664981899456,43.003478180586185,42.640581215988945,42.82850646972656,10364900
2011-06-06,42.68594706181502,42.91275768448232,42.66650191350003,42.80259323120117,8397400
2011-06-07,42.77017584647841,42.95162428628639,42.44615936279297,42.44615936279297,10426800
2011-06-08,42.439693562140974,42.91924169756027,42.23880484904165,42.86091613769531,10020300
2011-06-09,42.98405604933545,43.599685793684735,42.8803683335153,43.27566909790039,14054500
2011-06-10,43.087720706196166,43.21084858094181,42.82850646972656,42.82850646972656,9312900
2011-06-13,42.977563872425925,43.39230474657397,42.93868346050618,43.152530670166016,8146200
2011-06-14,43.385822439287885,43.6515184347259,43.25621777191885,43.483028411865234,11389100
2011-06-15,43.41822398867861,43.41822398867861,42.58226057530597,42.873878479003906,12623500
2011-06-16,42.57577202570414,42.99699452292864,42.42672718373401,42.97755432128906,11683900
2011-06-17,43.17844733825487,43.38581775009315,42.893316112040104,42.9581184387207,14336400
2011-06-20,42.82204204439401,43.24974145539442,42.815560326985924,43.1006965637207,9309200
2011-06-21,43.10716298177287,43.25621278174343,42.87387559624162,43.08772277832031,9811500
2011-06-22,43.07476217934489,43.17196813594355,42.802589456148894,42.815547943115234,7988100
2011-06-23,42.472092920237706,42.60169757160862,41.921265735760535,42.55633544921875,16234800
2011-06-24,42.49154728765493,42.51746921539003,42.012003984811074,42.161048889160156,13186200
2011-06-27,42.31009398292754,42.51746443740246,42.12216373604377,42.28417205810547,7199500
2011-06-28,42.504492926958214,42.84795465751563,42.3684065555754,42.71186828613281,7724600
2011-06-29,42.91923807040097,43.15252545784228,42.7248261460825,42.97107696533203,9227000
2011-06-30,43.04234872325009,43.35988843861456,42.93218430482529,43.10715103149414,9747200
2011-07-01,43.081253305359844,43.651520794351576,42.94516196993432,43.612640380859375,9216500
2011-07-05,43.60615517889992,43.85240601817247,43.58023325727633,43.82000732421875,9773600
2011-07-06,43.82648947924339,43.90425525366521,43.65800438414855,43.77465057373047,7100400
2011-07-07,43.949605788704815,44.09865558099023,43.67743306620135,44.014408111572266,8415200
2011-07-08,43.943135705212605,44.05978189489111,43.54135823062122,43.7876091003418,7866100
2011-07-11,43.34046049091142,43.683922254654924,43.30806179598546,43.59319305419922,8918900
2011-07-12,43.35342530426904,43.85889044693555,43.30806317464772,43.43766784667969,10528700
2011-07-13,43.67096949594443,44.05331176469587,43.55432328867648,43.82649612426758,9031700
2011-07-14,43.80704664990142,44.0208988086866,43.722804107395746,43.84593200683594,9636500
2011-07-15,43.89128466141274,44.03384779239218,43.41173660085373,43.70983123779297,10245100
2011-07-18,43.52839108645002,43.645037266187366,43.12661364610012,43.47654724121094,10361000
2011-07-19,43.48302527244269,43.5607910337102,42.867395730735765,43.23677444458008,13677400
2011-07-20,43.13958387064522,43.35343608235489,42.80908544746687,42.92573165893555,8912600
2011-07-21,43.06180844711709,43.282142327973354,42.85443800024725,43.074771881103516,11394100
2011-07-22,43.217334240288395,43.282136569294266,43.08772463817588,43.23677444458008,7721000
2011-07-25,42.9062832754615,43.0488513894467,42.776678595894,42.93220520019531,10247700
2011-07-26,42.8803501064201,42.977556062656674,42.685943138047264,42.71834182739258,10008300
2011-07-27,42.614658845838235,42.68594288371364,42.212876536367794,42.271202087402344,12810400
2011-07-28,42.271198103478476,42.52393059790831,41.97958026399032,42.17399215698242,9920400
2011-07-29,41.95366127842719,42.07678914886064,41.55836069407785,41.98606491088867,16829000
2011-08-01,42.30361972778504,42.33602337555383,41.253806307819026,41.73983383178711,15842200
2011-08-02,41.5453951418184,41.70092167416237,41.104732513427734,41.104732513427734,17118300
2011-08-03,41.06585588483393,41.16954107950284,40.08732701464922,41.09177780151367,17660300
2011-08-04,40.573357175513976,40.92977492465912,40.05493113384373,40.074371337890625,23485600
2011-08-05,40.25583236143888,41.1047569683804,39.5624368514218,40.6381721496582,24037800
2011-08-08,40.048443140909185,40.55391061535865,39.562418339509684,39.60778045654297,32423200
2011-08-09,39.990125628415306,40.41782741425743,38.28580020098169,40.30766296386719,36288000
2011-08-10,39.931798674522874,40.15213002599619,38.88846499466539,39.011592864990234,32688900
2011-08-11,38.99863075629186,41.59724477838823,38.96622959686459,41.1112174987793,33514400
2011-08-12,41.22138403064547,41.4676372897326,40.76128114365239,41.05937576293945,42324600
2011-08-15,41.37693248814719,41.875920985541036,41.22140585316197,41.856475830078125,39362000
2011-08-16,41.325069293707806,41.93421949138527,41.2732254613693,41.7074089050293,13142100
2011-08-17,41.83701943980157,42.024949650447354,41.344515323404366,41.64261245727539,11847600
2011-08-18,40.94921162572374,41.201946616965095,40.191014068150125,40.929771423339844,23376400
2011-08-19,40.767761767339934,41.33154986587667,40.6575973281529,40.91680908203125,19394800
2011-08-22,41.46764657268351,41.538928149909275,40.83257184570408,41.01402282714844,13689300
2011-08-23,41.1630659768423,42.11567302616751,41.09826117862441,42.10271453857422,14879000
2011-08-24,42.36840835114016,42.5757787750024,42.018469833853736,42.465614318847656,14523000
2011-08-25,42.43968360145344,42.43968360145344,41.603720362999084,41.830535888671875,13134400
2011-08-26,41.54941287277936,42.21629596733228,40.86291637646956,42.02669143676758,14150600
2011-08-29,42.262047730773496,43.0989191728645,42.20974201860599,43.0596923828125,12867900
2011-08-30,43.033542997268285,43.17738122325545,42.62164670406221,43.000850677490234,11183000
2011-08-31,43.170846195091755,43.30161049948511,42.71971807419397,43.02047348022461,14555300
2011-09-01,42.928941721649196,43.24276608145587,42.56934611338295,42.71318435668945,11141100
2011-09-02,42.38627959527561,42.49742551099498,41.78477627573995,41.88938522338867,13713600
2011-09-06,41.300950573362314,42.33396591959817,40.8629014667936,42.262046813964844,15848300
2011-09-07,42.52357649566126,42.79163457399233,42.29474521217185,42.778560638427734,10759700
2011-09-08,42.47126877062932,43.10546186073003,42.39281019650478,42.46472930908203,15551500
2011-09-09,42.098600731546775,42.11167965509454,41.37941456900148,41.608245849609375,17008200
2011-09-12,41.255198979430446,41.58864177053846,40.73215415365503,41.575565338134766,13448200
2011-09-13,41.8370778375145,41.87630712426069,41.30749368977297,41.58863067626953,11595300
2011-09-14,41.81092960955219,42.15090931677827,41.17673645433488,41.667091369628906,13429500
2011-09-15,42.02667068550693,42.25550190659672,41.79130000434413,42.10512924194336,10625800
2011-09-16,42.18359241845349,42.32743064394262,41.81746238131583,42.2293586730957,15688800
2011-09-19,41.876317572189976,42.09860943699105,41.60171748460289,41.935157775878906,8571800
2011-09-20,42.118208936467184,42.399345900312504,41.706312682150774,41.987449645996094,10874800
2011-09-21,41.967842796641136,42.23590088035798,41.25519108442948,41.27480697631836,10041300
2011-09-22,40.64060680676145,40.928280732557624,39.97372396170919,40.48369216918945,19456900
2011-09-23,40.07835882708541,40.470644427862325,39.88221727373453,40.26796340942383,10983700
2011-09-26,40.568704771363805,41.09174962655602,40.542551905085546,40.98714065551758,10561700
2011-09-27,41.431723421699644,42.07245358852467,41.000211166732825,41.72593688964844,13118200
2011-09-28,41.77823910566522,42.137829711515344,41.281344736180834,41.35326385498047,8964200
2011-09-29,41.79130650849712,42.00052437007588,41.2028822080845,41.77823257446289,8923300
2011-09-30,41.33365042608834,42.327434176170904,41.287884167626935,41.64093780517578,14556100
2011-10-03,41.614790196899676,41.980920288855444,40.568698162845855,40.588314056396484,16891100
2011-10-04,40.241803915017556,40.75177486269902,39.7710647632555,40.64716339111328,18192000
2011-10-05,40.67329903816034,40.8694404761889,40.27447670086051,40.76483154296875,15405200
2011-10-06,40.87597022021018,41.078651071299234,40.60137027699039,41.065574645996094,9595400
2011-10-07,41.19634839691081,41.660552929146526,41.189811428997174,41.27480697631836,12361600
2011-10-10,41.7717035095119,42.124759674072266,41.60825185859406,42.124759674072266,7104000
2011-10-11,42.01360303277843,42.07898267884038,41.74553999933298,41.81745910644531,7628700
2011-10-12,41.92860765968728,42.29474267949345,41.758619072713465,42.05937194824219,9375100
2011-10-13,42.137832740993204,42.137832740993204,41.56248473737982,41.99399948120117,7781100
2011-10-14,42.29474436054247,42.32743169286971,41.954762184934324,42.31435775756836,6678800
2011-10-17,42.105144123227134,42.39281562220654,41.59517330244359,41.706321716308594,10797900
2011-10-18,41.68669768647592,42.32742770099183,41.45132946214093,42.11820983886719,11705300
2011-10-19,42.17705716166088,42.17705716166088,40.64061044668148,40.954437255859375,19964600
2011-10-20,41.163663438654304,41.27481185892632,40.738690639924144,40.88252639770508,11562600
2011-10-21,41.26173788363881,41.739016436572165,41.117899623221426,41.69978713989258,13175400
2011-10-24,41.77824309823658,42.36013057820723,41.58209912128417,42.32090377807617,12552700
2011-10-25,42.20974879896328,42.386279358848746,41.555944750361185,41.64093780517578,10324800
2011-10-26,41.96785101604123,42.235909152257236,41.70632735494465,42.16399002075195,9932100
2011-10-27,42.49088663630452,42.94855421794692,42.30782159890683,42.8243293762207,16450700
2011-10-28,42.91585469966921,43.05315345469804,42.5170323687128,42.88970184326172,10390800
2011-10-31,42.60857059297132,43.059698697314126,42.09206283290514,42.098602294921875,13720400
2011-11-01,41.6344082530752,41.90900585275505,41.30750492350902,41.43826675415039,14749900
2011-11-02,42.098600731546775,42.098600731546775,41.457870651770776,41.608245849609375,10136200
2011-11-03,41.889384768550144,42.18359571594169,41.627861155230974,42.06591033935547,10466000
2011-11-04,41.84361859834988,42.19667472885122,41.45787263963338,41.92207717895508,9725200
2011-11-07,41.817459814401445,42.06590446890186,41.353257834911346,41.84361267089844,8783900
2011-11-08,41.90244629489475,42.49087300355986,41.81091629963641,42.405879974365234,7989500
2011-11-09,41.88939117521099,41.928617977356495,41.25519793706512,41.53633499145508,11072500
2011-11-10,41.92861165289448,42.11821614824602,41.621324274783184,41.92207717895508,7597500
2011-11-11,42.24899223215621,42.817800888698905,42.24899223215621,42.660888671875,9086800
2011-11-14,42.477836896363144,42.7132077894182,42.26861887899765,42.4386100769043,8276100
2011-11-15,42.47781275189439,42.687030650340034,42.17706233463803,42.49088668823242,10726300
2011-11-16,42.19012227030628,42.60202345641442,42.03974960565292,42.10512924194336,8398100
2011-11-17,41.954746018888535,42.177042738537914,41.38593527764725,41.80437088012695,13924700
2011-11-18,41.96783356957235,41.974368041975325,41.555934847501916,41.74553680419922,12659600
2011-11-21,41.36634254273459,41.412108803727726,41.11135837603739,41.15058517456055,32806700
2011-11-22,41.15713289088235,41.320584568372695,40.993681213392016,41.12444305419922,8680000
2011-11-23,40.92176301784201,40.96099231920923,40.52947998046875,40.52947998046875,10362800
2011-11-25,40.45688033879234,40.674637474019335,40.2853116700973,40.430484771728516,5838800
2011-11-28,40.83300091075514,41.38069498271453,40.76701200513274,41.15633773803711,11678000
2011-11-29,41.45330597821327,41.65786793050755,41.215750812251116,41.426910400390625,8923600
2011-11-30,42.17915659241282,42.72025322139434,42.09997239523071,42.70705795288086,15032600
2011-12-01,42.68064666504352,42.858810413792646,42.46288705645342,42.528873443603516,9852700
2011-12-02,42.80603452130815,42.819229788105886,41.77002987229197,41.88220977783203,15792800
2011-12-05,42.29792528733364,42.39690740099428,41.47308273089406,41.80961990356445,15294500
2011-12-06,41.974588997369416,42.18574849337081,41.743631568029315,41.89540481567383,10417800
2011-12-07,41.948186188468554,42.76642846489478,41.81621089694904,42.528873443603516,11504700
2011-12-08,42.32431650923722,42.52887583121829,41.94159091128527,42.086761474609375,9566800
2011-12-09,42.44310352102924,42.68065860879791,42.218746217827714,42.5816764831543,8835700
2011-12-12,42.146147241888166,42.363904330028454,41.80301249591565,41.908592224121094,10808700
2011-12-13,42.28473002158396,42.28473002158396,41.66444680812078,41.80961990356445,14215500
2011-12-14,41.82281315829246,42.0867612374431,41.52586936668098,41.69083786010742,9802400
2011-12-15,42.000997682975594,42.29793908639067,41.94820653387569,42.23195266723633,9656700
2011-12-16,42.46949577113151,42.47609592150929,41.9349968654236,42.42990493774414,19214300
2011-12-19,42.35072171057827,42.416708116449996,41.80962512732601,41.92180252075195,9024700
2011-12-20,42.24513241848029,42.71364740158093,42.23853730309633,42.575069427490234,12247700
2011-12-21,42.766442978327746,42.89182068056878,42.61467473982155,42.86542510986328,8517800
2011-12-22,42.931410518733145,43.06338836918441,42.64106931662081,43.010597229003906,7428000
2011-12-23,43.04358854900989,43.55168937658322,43.010592831160835,43.53849411010742,6503300
2011-12-27,43.545088769065245,43.762848421928034,43.48570251888793,43.564884185791016,4995100
2011-12-28,43.53189620947899,43.57148704539223,43.08978176031455,43.188758850097656,5943900
2011-12-29,43.09638697358364,43.571497253614446,43.056796128394794,43.47251510620117,5702400
2011-12-30,43.28113124771225,43.50549101527501,43.24154042055835,43.2745361328125,4959700
2012-01-03,43.28115096371981,43.55170183102002,43.056796128394794,43.47251510620117,16116200
2012-01-04,43.38673623769967,43.472518086303026,42.964417078597535,43.20857238769531,9243100
2012-01-05,43.10296677909365,43.28773068201168,42.77962994898711,43.155757904052734,11886900
2012-01-06,43.1821715129134,43.195366782448254,42.63447469006063,42.77964782714844,15359900
2012-01-09,42.86541843269291,42.95120024829325,42.50249071951653,42.84562301635742,7934600
2012-01-10,42.96439839142666,43.155762463793366,42.89181184554828,43.02378463745117,8476600
2012-01-11,42.96440483026418,43.24815090637422,42.78623599661087,42.97760009765625,6784600
2012-01-12,43.076585048215,43.16237191242879,42.84563009540939,43.04359436035156,7402900
2012-01-13,42.87201711962437,43.07657646069512,42.469493553076546,43.06338119506836,8978800
2012-01-17,43.24815040808478,43.347132532925066,42.5618807194828,42.971004486083984,8359900
2012-01-18,43.06338859441066,43.135975153928435,42.891819905146804,43.07658386230469,8095600
2012-01-19,42.997397423707525,43.05678367431346,42.753242201968305,43.01719284057617,11699800
2012-01-20,43.076569326186025,43.25473810649425,42.58826402784084,43.069969177246094,14715500
2012-01-23,43.04360758002731,43.10959401046052,42.812647521848206,42.8918342590332,10125000
2012-01-24,42.456314756178585,43.18877571320358,42.456314756178585,42.8918342590332,12367900
2012-01-25,42.779640614099314,43.08978225750486,42.73344962685424,43.036991119384766,10531400
2012-01-26,43.24154804700311,43.472502970198775,43.036988691378326,43.35372543334961,12546100
2012-01-27,43.3009407795673,43.46590930656809,43.19535850575563,43.26134490966797,10466300
2012-01-30,43.10956693826926,43.36031723022461,42.9775891258411,43.36031723022461,7482100
2012-01-31,43.45931003577105,43.51869629016257,43.26134578558592,43.492305755615234,13562900
2012-02-01,43.531889927264686,43.762844827495435,43.320730442133815,43.34712600708008,12275900
2012-02-02,43.51210700415063,43.53190242493363,43.12277860246916,43.28114700317383,8282400
2012-02-03,43.485705184667296,43.56488685642441,43.24154994972296,43.31413650512695,9036200
2012-02-06,43.19535662683366,43.274543328747924,42.92481087222937,43.01719284057617,9535700
2012-02-07,42.9973947980558,43.14916300774075,42.90500780091095,43.06338119506836,9248100
2012-02-08,43.023798213023895,43.12278035540317,42.95121164424181,43.050193786621094,6889400
2012-02-09,42.99739028770969,43.122762918550386,42.77303052007465,42.81922149658203,10936200
2012-02-10,42.70046667444421,42.74005752265201,42.396925091154145,42.62788009643555,13954200
2012-02-13,42.82582953872375,42.858820222629866,42.62786529752795,42.68065643310547,9662500
2012-02-14,42.726842408427785,42.799428952726196,42.449696530800686,42.63446044921875,8978500
2012-02-15,42.56849522263559,42.85883650976734,42.542099644816034,42.6608772277832,9023400
2012-02-16,42.62787167999622,42.997404649927475,42.52229442747339,42.83903121948242,8194500
2012-02-17,43.03698901534255,43.07657984977705,42.76643822153407,42.885215759277344,9057500
2012-02-21,43.04359823473092,43.050193352233,42.7268563892014,42.91822052001953,8081700
2012-02-22,42.944625417156544,43.116189129394485,42.80605240291423,42.8918342590332,8150600
2012-02-23,43.0171969242286,43.584689089054045,42.82583281893256,42.95780563354492,8991500
2012-02-24,43.130888452160185,43.130888452160185,42.73146775617157,42.91120529174805,10478200
2012-02-27,42.77806094439615,43.03102616576286,42.618288624566524,42.904541015625,8523000
2012-02-28,43.00439791891218,43.550273987063086,42.93782865770531,43.390506744384766,11581400
2012-02-29,43.417138264581304,43.44376698656313,43.07762840794976,43.32394027709961,11489100
2012-03-01,43.34391629385861,43.443772744798544,43.0310351177382,43.15752029418945,8813800
2012-03-02,43.097610136750454,43.18415477592571,42.98444184742515,43.11758041381836,6063900
2012-03-05,43.064318031657166,43.244055562429764,42.96446159060147,43.21077346801758,7601000
2012-03-06,42.91120608452736,43.09094870233427,42.73146854563025,42.83797836303711,9511100
2012-03-07,42.784715964766654,42.91120111978113,42.68486460965965,42.804691314697266,8591800
2012-03-08,43.23739522307769,43.32393983836957,43.09759824327084,43.17082595825195,11311100
2012-03-09,43.15751110421323,43.27067935435569,42.997738785167286,43.09759521484375,8410600
2012-03-12,42.971123840886094,43.37054456151917,42.964465389851036,43.337257385253906,7284700
2012-03-13,43.55028252726353,43.56359942946179,43.29065880240821,43.49037170410156,9884100
2012-03-14,43.410479814358496,43.52364807359921,43.28399465467217,43.32394027709961,9612200
2012-03-15,43.22409325198889,43.523657551426915,43.170835796427745,43.317291259765625,11372900
2012-03-16,43.40383068459504,43.57691487519,43.14420693815785,43.35057830810547,17707000
2012-03-19,43.23740014259706,43.45042486162282,43.20411804585205,43.410484313964844,7321800
2012-03-20,43.270681608190884,43.35722114299993,43.110914359732156,43.24405288696289,7760400
2012-03-21,43.24405084393878,43.31727855412888,43.0310261630882,43.11091232299805,7839600
2012-03-22,43.05766073202281,43.06431918264703,42.871264745822096,42.91120529174805,10621300
2012-03-23,42.93117330426954,43.07762873683303,42.85129221662359,42.97111892700195,8062500
2012-03-26,43.19745792527427,43.443769810434546,43.15751737916007,43.383853912353516,8503800
2012-03-27,43.49036542335981,43.603533681151276,43.417137708574906,43.536964416503906,10723800
2012-03-28,43.53696665153473,43.68342208862304,43.39051121444642,43.68342208862305,10305500
2012-03-29,43.457069539494384,43.63015365600586,43.403812106889575,43.63015365600586,9553300
2012-03-30,43.69007636132084,44.0562149615934,43.65679426605678,43.909759521484375,11307700
2012-04-02,43.96301886297735,44.13610303410169,43.81656341655752,44.07618713378906,8785900
2012-04-03,44.016267218783106,44.03623748845822,43.603529689498224,43.85649490356445,9128400
2012-04-04,43.6767670329443,43.73667785518634,43.51034131039198,43.530311584472656,9432300
2012-04-05,43.443756924623194,43.52363799315815,43.33058361268497,43.49700927734375,7922700
2012-04-09,43.23739275576877,43.423793797117085,43.19079376515895,43.21742248535156,6363400
2012-04-10,43.14419632748054,43.177483498646716,42.71149357577573,42.73811721801758,12793200
2012-04-11,43.06431388164235,43.06431388164235,42.57834862408782,42.6915168762207,10434100
2012-04-12,42.63828376648525,42.70485305786133,42.391971801591275,42.70485305786133,13122300
2012-04-13,42.56502755914316,42.60497063331538,42.285433658300015,42.29874801635742,11226600
2012-04-16,42.418577956769376,42.71148877761687,42.38529078934264,42.59165954589844,10502400
2012-04-17,42.75808514563658,42.79136723211603,42.11900864622154,42.751426696777344,18322900
2012-04-18,42.53840616594885,42.551717986049034,42.019156301136576,42.11235427856445,20567700
2012-04-19,42.085736575325384,42.29876129219531,41.779511322801795,41.959251403808594,15189000
2012-04-20,42.08571059600943,42.58498744411981,42.07239624199208,42.411903381347656,14320700
2012-04-23,42.27213091810079,42.3986135452268,42.13898984038904,42.18558883666992,10120900
2012-04-24,42.30539552103158,42.465165246525586,42.178912953795155,42.45185089111328,9022400
2012-04-25,42.578354195622474,42.99109179606183,42.49847056369593,42.8912353515625,11162800
2012-04-26,42.87792296008779,43.25071493043424,42.77806651691365,43.1042594909668,9139200
2012-04-27,43.23739702956406,43.35722374282056,43.057659499134076,43.16416931152344,10746700
2012-04-30,43.17083166174762,43.530311833990396,43.16417321071257,43.337257385253906,11362300
2012-05-01,43.21076710802483,43.510331308190885,43.13753940062268,43.41713333129883,10107900
2012-05-02,43.383856802155755,43.49037170410156,43.16417362607508,43.49037170410156,8349700
2012-05-03,43.53695489051945,43.59686569192067,43.33724206136562,43.49700927734375,10431800
2012-05-04,43.39716450387315,43.46373376402113,43.09759521484375,43.09759521484375,10301300
2012-05-07,42.99109110026592,43.283996899437696,42.944492104108384,43.13754653930664,8387800
2012-05-08,43.05765712440113,43.25736999511719,42.9711175891758,43.25736999511719,12491900
2012-05-09,42.99774811082713,43.1908025623636,42.77141156145271,42.7913818359375,10649400
2012-05-10,43.14419948013087,43.17748665372942,42.86460550597767,42.984432220458984,7702000
2012-05-11,42.89122997767063,43.26402190625687,42.75809145429243,42.83131408691406,37824600
2012-05-14,42.62493792905332,42.6715369092785,42.31205942460622,42.55836868286133,39687800
2012-05-15,42.405265521702,42.698173816385,42.21221111546676,42.34535217285156,8500000
2012-05-16,42.46516079741705,42.55835873608511,42.23882185802887,42.411903381347656,10018400
2012-05-17,42.41192463855074,42.60497905938268,42.25881329979064,42.30541229248047,7993500
2012-05-18,42.51843364623074,42.54506236552118,41.99918631733939,42.17226791381836,13781300
2012-05-21,42.11235959540589,42.49181254198369,42.10570368451547,42.252159118652344,8784900
2012-05-22,42.205554919489614,42.47183449300123,42.158955930638726,42.285438537597656,8409300
2012-05-23,42.20555681150192,42.43855176620121,41.85939106490973,42.119014739990234,11269100
2012-05-24,42.273614133365236,42.57609717990432,42.21311752405742,42.414772033691406,9309400
2012-05-25,42.26690204924455,42.334119378108326,41.870313654924104,42.018192291259766,11208500
2012-05-29,42.24001396444187,42.30051058590723,41.8770342356497,42.07196807861328,10089700
2012-05-30,41.90390905682243,41.944240979881734,41.67536662117155,41.816524505615234,9414700
2012-05-31,41.91736386359886,42.266899594579904,41.76948267167472,41.96441650390625,13297100
2012-06-01,41.70226931680488,41.883759188487055,41.48044750780105,41.52750015258789,12061100
2012-06-04,41.702264684117836,41.97785981475795,41.601436134103125,41.9039192199707,9200000
2012-06-05,41.78291585182044,41.93079700552863,41.67536662117155,41.816524505615234,9523400
2012-06-06,41.73585479370014,42.213104248046875,41.6014176414992,42.213104248046875,11562500
2012-06-07,42.46853458081113,42.481978552448766,42.01817050556427,42.213104248046875,12959300
2012-06-08,42.03836185100337,42.37445364214185,41.89720391412766,42.33412170410156,11249500
2012-06-11,42.32738845046527,42.36771781237486,41.749310330784056,41.75603103637695,12226400
2012-06-12,41.78292651277092,42.52905061259878,41.56110728978718,42.401336669921875,26655400
2012-06-13,43.181061944267945,43.4902657054985,42.46854915223026,43.32221984863281,98440200
2012-06-14,43.25500683569518,44.19606475345456,43.214677467107215,43.994407653808594,34314900
2012-06-15,44.29689375518496,44.43132840408503,44.03474259998264,44.37083435058594,25992800
2012-06-18,44.24312642531801,44.6262708901832,44.24312642531801,44.56577682495117,25750000
2012-06-19,44.6329849833595,45.00940609855618,44.60609702822358,44.84808349609375,23615400
2012-06-20,44.88839283321963,45.03627395629883,44.673294416472835,45.03627395629883,21254600
2012-06-21,44.733803015960994,45.01611878598511,44.47165192545977,44.626251220703125,24545300
2012-06-22,44.80777510770529,45.01615044713393,44.71366465648815,44.78760528564453,18965700
2012-06-25,44.53888413807091,44.78758877321694,44.45822026463369,44.7002067565918,13734500
2012-06-26,44.74053243493744,44.82791957270067,44.639709011907804,44.646427154541016,11100000
2012-06-27,44.64640666993423,45.17070874254137,44.60607731922624,44.9287223815918,17594200
2012-06-28,44.84137479889155,45.03630869071662,44.65988745318116,44.99597930908203,12110900
2012-06-29,45.2379442931182,45.50681354699967,45.17744512114826,45.4127082824707,18286000
2012-07-02,45.31861314997556,45.70848083496094,45.26483723583549,45.70848083496094,12552700
2012-07-03,45.68157566861851,45.789127456381486,45.520253115325545,45.7353515625,8902400
2012-07-05,45.65472468054599,45.809329218524404,45.56061935424805,45.56061935424805,11857800
2012-07-06,45.379113497465944,45.62781813211369,45.27828493795981,45.466495513916016,9758000
2012-07-09,45.53373138554069,45.681612649253346,45.45979075368436,45.56061935424805,12485900
2012-07-10,45.68831442980113,45.77569644072511,45.53370996455521,45.62781524658203,12851800
2012-07-11,45.728644065875955,45.782419978305214,45.52026881565416,45.64126205444336,12026100
2012-07-12,45.4530443149262,45.789136022030014,45.33205109523473,45.5135383605957,16484200
2012-07-13,45.567305848448434,46.20587792266313,45.52697649211743,46.11849594116211,13238800
2012-07-16,46.024413799068014,46.19245970595618,45.95047318976889,46.01096725463867,12921500
2012-07-17,45.600925697357916,46.50165424459998,45.44632636586649,46.38066101074219,24201900
2012-07-18,46.20588897221788,46.68986187733204,46.15211819370177,46.62936782836914,15616200
2012-07-19,46.54869364035694,46.85117407476591,46.36720640538188,46.73690414428711,13499500
2012-07-20,46.61593101390782,46.62265428575742,45.94374742285405,46.1319580078125,13964600
2012-07-23,45.80258198125512,45.91685194221089,45.473213511531405,45.78241729736328,11771400
2012-07-24,45.77568675548295,45.876515287279275,45.03628606956354,45.271549224853516,12145700
2012-07-25,45.48665670286187,45.7219199047187,45.29844614137642,45.39255142211914,9882200
2012-07-26,45.91011446227014,46.36719924192002,45.84961530772415,46.20587158203125,16477200
2012-07-27,46.34704970661864,46.83774591209051,46.30672033818505,46.730194091796875,14015900
2012-07-30,46.629372831437244,46.81758339731941,46.48821490702562,46.683143615722656,8379500
2012-07-31,46.5487024325666,46.75707765436881,46.44787389260172,46.52853775024414,10313900
2012-08-01,46.70331559774472,46.8848029008855,46.548711123818215,46.63609313964844,11681700
2012-08-02,46.25295377082596,46.36722888505903,45.72192808965686,46.01096725463867,13536000
2012-08-03,46.3672251238629,46.59576507708224,46.30672593554658,46.46133041381836,10898800
2012-08-06,46.50166599219648,46.60921271148762,46.23279150143707,46.27312088012695,8723200
2012-08-07,46.25295271651306,46.34033986824958,45.84964357484551,45.903419494628906,11268400
2012-08-08,45.90340385341337,46.08489111039956,45.856351221724196,45.94373321533203,6573100
2012-08-09,45.930299625895934,46.14539814001294,45.822747804660885,45.92357635498047,7764200
2012-08-10,45.78915009276939,46.18573596741123,45.78915009276939,46.1386833190918,7645000
2012-08-13,45.970624671851425,46.07817648297288,45.822743495735736,46.017677307128906,7199200
2012-08-14,46.205900655497565,46.21262392764435,46.04457802245292,46.1386833190918,8217800
2012-08-15,46.05128501825142,46.273101637156266,45.91012712318389,45.94373321533203,9349100
2012-08-16,46.00423849239258,46.010956634702524,45.72191753643475,45.84291076660156,13518500
2012-08-17,45.789137955724556,45.829467321207346,45.37910564547387,45.574039459228516,11999500
2012-08-20,45.57404313106853,45.60092595798785,45.4866559943449,45.50682067871094,12645200
2012-08-21,45.50012527092323,45.876546576114976,45.45307260777426,45.56061935424805,9544900
2012-08-22,45.45976811037459,45.66142521105746,45.39255078626467,45.54043197631836,8230900
2012-08-23,45.57404116038011,45.67486457785055,45.412713435721656,45.53370666503906,9062700
2012-08-24,45.59475202790102,46.0152894142938,45.5472718334711,45.852500915527344,11297500
2012-08-27,45.81179444216795,46.09667554256761,45.77109862066853,45.77787780761719,8761000
2012-08-28,45.65580433906187,45.92033763978949,45.59476058118044,45.791465759277344,6750800
2012-08-29,45.635461375476424,46.00852385288852,45.48623638451158,45.696510314941406,9609500
2012-08-30,45.601543277341925,45.723635963591384,45.343789175840925,45.587974548339844,9672700
2012-08-31,45.75076524536647,46.05599956296913,45.55406524007551,45.73720169067383,10151800
2012-09-04,45.77789135223829,45.8118079968242,45.42518205333044,45.62188720703125,8402700
2012-09-05,45.743983233837525,46.03564880380241,45.54049370132108,45.62866973876953,9266000
2012-09-06,45.92712851101331,46.27305871287797,45.845731647352565,46.01530456542969,13075500
2012-09-07,46.10347217173598,46.130604451605606,45.79823790441763,46.042423248291016,8403300
2012-09-10,46.11704122291684,46.44262344521958,46.00851726545183,46.24591827392578,11441300
2012-09-11,46.36800100242169,46.496878025752984,46.24590834214803,46.25947189331055,8821700
2012-09-12,46.374795649353864,46.43583940555112,46.14417382882736,46.22557067871094,8230700
2012-09-13,46.130614783652035,46.9174303762842,46.1238304184268,46.79533767700195,13006300
2012-09-14,46.74108075407686,46.74108075407686,46.17809743453467,46.442630767822266,13024000
2012-09-17,46.456192167271986,46.59863278820203,46.12383071843521,46.29340362548828,11584100
2012-09-18,46.17809314330082,46.57828270135826,46.17130877834694,46.496891021728516,8063100
2012-09-19,46.63254081142283,46.74784912489496,46.53079605102539,46.53079605102539,9911300
2012-09-20,46.40192207503316,46.79532719575693,46.34765751529428,46.734283447265625,8704000
2012-09-21,46.83602858096826,47.046297282961575,46.69358281676596,46.84280776977539,19064400
2012-09-24,46.72071573796363,46.93776880669579,46.67323554089576,46.8021125793457,9082100
2012-09-25,46.80891152745943,47.23623343421101,46.80891152745943,47.01918029785156,11625400
2012-09-26,47.1412583226743,47.1412583226743,46.77498029888501,46.8021125793457,9971900
2012-09-27,46.86316213316656,47.0395193905262,46.727505889015454,46.808902740478516,8253200
2012-09-28,46.64610422265312,46.829245825802296,46.46296779445741,46.74106979370117,10293200
2012-10-01,46.747844910210475,47.1073385462439,46.747844910210475,46.89028549194336,9647200
2012-10-02,46.88351540278027,46.99203936351667,46.55793317066302,46.774986267089844,10062700
2012-10-03,46.93098961779564,47.019165648077866,46.61897615492774,46.8021125793457,8557900
2012-10-04,46.86992503466416,47.14124257367565,46.808881305236184,46.985233306884766,9395900
2012-10-05,47.11413821755201,47.30405905490324,47.01917779887639,47.24301528930664,9429900
2012-10-08,47.209083174009095,47.242999815979516,46.91741764790365,47.10055923461914,6444600
2012-10-09,46.544368554125995,46.781769564339236,46.1916540461344,46.40192794799805,15365900
2012-10-10,46.381576176930956,46.45618866440476,46.110263686066965,46.27305221557617,10710100
2012-10-11,46.266258344694585,46.32730726506336,46.0288573764893,46.10346984863281,9505500
2012-10-12,46.245910429555984,46.46974784598653,45.988161546212105,46.10346984863281,8685500
2012-10-15,46.24591486187535,46.79532932308664,46.1713023825808,46.53079605102539,14868000
2012-10-16,47.005605643368156,47.34475141229591,46.815679665807465,47.17517852783203,13688800
2012-10-17,47.297274808731,48.28079554343942,47.175182115633376,48.1587028503418,26522700
2012-10-18,48.0705204314386,49.338922223504106,48.036603786483,49.189697265625,33591100
2012-10-19,48.91160398456566,48.99978002290212,48.65385505907564,48.74203109741211,18391000
2012-10-22,48.694551393351105,49.03369717112208,48.38253789879627,48.687767028808594,14033400
2012-10-23,48.273996687775316,48.51818200067155,47.83989061483814,48.084075927734375,11086000
2012-10-24,48.15190699385415,48.294347572648455,47.93485394403146,47.98233413696289,8572000
2012-10-25,48.16548606783162,48.538543328165005,48.151917338391705,48.253662109375,9672700
2012-10-26,48.15868274040528,48.375735751392135,47.860232909691376,48.09085464477539,8965200
2012-10-31,48.233322490148346,48.32828291275245,47.80600058842988,48.036617279052734,9950600
2012-11-01,48.226538427438676,48.76917385283477,48.04340194696658,48.49785614013672,11226000
2012-11-02,48.63348458476652,48.63348458476652,48.04337446033927,48.09085464477539,7946700
2012-11-05,48.06372698464753,48.15868736263399,47.79919376383489,48.0162467956543,6874500
2012-11-06,48.15870483161666,48.57924749735519,48.08409233971217,48.165489196777344,7927500
2012-11-07,47.94842758729408,48.151911931457576,47.27691527918026,47.711021423339844,12719700
2012-11-08,47.58216112027804,47.76529759202253,47.24301528930664,47.24301528930664,12652100
2012-11-09,47.181960892391785,47.656768105815424,47.09378484952004,47.392234802246094,10511700
2012-11-12,47.33796009793849,47.51431732087583,47.01237793058902,47.26334762573242,9761000
2012-11-13,47.154823775354934,47.55501845958276,47.07343210564685,47.14804458618164,8244500
2012-11-14,47.22941857449993,47.31759975027585,46.82244485345853,46.985233306884766,10470700
2012-11-15,46.795325743458896,46.937766327137865,46.612189328715395,46.84959030151367,11803600
2012-11-16,46.71393145202121,46.985243877117995,46.46974612947186,46.93098449707031,14272300
2012-11-19,47.16838098481669,47.35151737189049,46.82923531064483,46.971675872802734,12337400
2012-11-20,46.97846449225126,47.28369355668351,46.897067660091366,47.256561279296875,9859500
2012-11-21,47.22943330524943,47.39900617315203,47.107340633361424,47.202301025390625,7639900
2012-11-23,47.270729838238914,47.599185943603516,47.18176884330276,47.599185943603516,5450100
2012-11-26,47.29809425907323,47.55812240137884,47.09280531150078,47.27756118774414,9884800
2012-11-27,47.22284437986861,47.318644541960964,47.0312440556839,47.08598327636719,8763200
2012-11-28,47.01755460679514,47.476027549810475,46.94228230621445,47.41444396972656,9983200
2012-11-29,47.53761144500049,47.599195018729326,47.2502109928326,47.366539001464844,9853400
2012-11-30,47.482857758765455,47.84553043308497,47.33915756067937,47.715518951416016,13480700
2012-12-03,47.763430189323365,47.845541624169506,47.46234100630921,47.66078567504883,9928900
2012-12-04,47.61287741564633,48.23557831265951,47.523916415561615,47.80447769165039,14278100
2012-12-05,47.852377084665235,48.098721784823596,47.612876743043465,47.8797492980957,11037100
2012-12-06,48.13294492235633,48.13294492235633,47.76343300235255,47.934505462646484,9459200
2012-12-07,47.92764253593763,48.25609860886109,47.80447020341254,48.20819854736328,10021300
2012-12-10,48.078188464748195,48.44770547298171,48.078188464748195,48.31084442138672,9700300
2012-12-11,48.5366680685495,49.008829626718565,48.413495715145224,48.65299606323242,14933700
2012-12-12,48.728269999624374,48.83775886001525,48.48192528446111,48.55719757080078,11783300
2012-12-13,48.51614242744576,48.58457035563438,48.3245421402311,48.41349792480469,8838900
2012-12-14,48.32455170094616,48.488779805233634,48.235590678055914,48.37245178222656,10263600
2012-12-17,48.47508110335551,48.707742322181616,48.4340253909164,48.543514251708984,14317200
2012-12-18,48.625614829639254,48.65298703873146,48.242414343778485,48.55034255981445,16352400
2012-12-19,48.52298060559443,48.79669228348338,48.33137512207031,48.33137512207031,11865600
2012-12-20,48.40665356577094,48.51614242744576,48.23558113494124,48.41349792480469,11775800
2012-12-21,48.28348571090303,48.41350244109151,47.94134081732641,48.08504104614258,22142300
2012-12-24,48.11925615071654,48.17400058498494,47.85922791901657,47.91396713256836,5006500
2012-12-26,47.86608362938132,48.14664503660199,47.81818353799223,48.01662826538086,7737300
2012-12-27,47.98924050388266,48.174001668515,47.76342884370063,47.96186828613281,10700400
2012-12-28,47.79077682876457,47.948165713035124,47.503376487798846,47.544437408447266,9691100
2012-12-31,47.380218465024754,47.97555239728932,47.33916275270175,47.96870803833008,12770000
2013-01-02,48.5982585831729,48.5982585831729,48.10557431983088,48.4750862121582,12874200
2013-01-03,48.570891480749644,48.584574979403115,48.20821350747314,48.40665817260742,9598300
2013-01-04,48.74880411095192,49.084109873386446,48.59142037984067,48.9609375,11631800
2013-01-07,48.92671574019924,48.947243596803595,48.7145875943325,48.8582878112793,7548800
2013-01-08,48.79670965771193,49.02937093161607,48.75565393555368,48.865142822265625,9825300
2013-01-09,49.022529082294454,49.16622933792711,48.92672891187268,49.0841178894043,7672800
2013-01-10,49.13884655187718,49.52889151066902,49.09094647696297,49.39888000488281,11888500
2013-01-11,49.39888959118355,49.66576223473982,49.37836172948193,49.50837326049805,7766700
2013-01-14,49.679433678267046,49.809450398445286,49.52204996294046,49.652061462402344,7386000
2013-01-15,49.43993992102412,49.56995665857392,49.26886746454999,49.522056579589844,7795100
2013-01-16,49.44678369273321,49.829984320046236,49.43993933275491,49.66575622558594,8779900
2013-01-17,49.871042572072575,49.960003594159,49.522058506204694,49.88473129272461,10570100
2013-01-18,49.88471402712578,50.110530853271484,49.809441751743876,50.110530853271484,13558600
2013-01-22,49.898415391093565,50.09686007718989,49.55627046073107,49.741031646728516,11469800
2013-01-23,49.624700357044404,49.89157821629761,49.59048899509119,49.85051727294922,10155100
2013-01-24,49.92577198018814,50.11053310833665,49.84365534315373,50.02157211303711,9369700
2013-01-25,50.042101726422125,50.589535551132705,49.99420165831364,50.58269119262695,10421500
2013-01-28,50.61007455133885,50.637446770673904,50.24740178140415,50.377418518066406,9420900
2013-01-29,50.41162112882635,51.061699478613264,50.39109327306649,50.917999267578125,12386500
2013-01-30,50.945372757096784,51.184878360075636,50.644288799703084,50.69902801513672,9245500
2013-01-31,50.69218004585542,50.88378031828936,50.48689105640999,50.58269119262695,10448700
2013-02-01,50.733236459408786,50.924836734501284,50.69218074923638,50.7606086730957,10016300
2013-02-04,50.336349901668456,50.808511476931756,50.336349901668456,50.712711334228516,9200700
2013-02-05,50.972720930543375,51.198537707604935,50.95903743831888,51.089054107666016,10230800
2013-02-06,51.027482812504715,51.588600158691406,50.99326623915636,51.588600158691406,12084000
2013-02-07,51.19856106885202,51.458589305479535,51.10276091742522,51.362789154052734,9798200
2013-02-08,51.43805888965972,51.73914804815326,51.13697495188262,51.65019226074219,8153300
2013-02-11,51.513322484670866,51.66386703850816,51.35593879345228,51.6022834777832,5697100
2013-02-12,51.60914146179174,51.91023067941809,51.60914146179174,51.86917495727539,7598900
2013-02-13,51.86232080884523,51.917065241848704,51.57492036665172,51.77336502075195,8014800
2013-02-14,51.66387891674469,52.067607385116936,51.58176226284945,51.876007080078125,9681800
2013-02-15,51.81441987738488,52.115509033203125,51.670719658667004,52.115509033203125,10528400
2013-02-19,52.02654750452376,52.690309380080954,51.9786474320978,52.66293716430664,9747400
2013-02-20,52.546601981123914,52.669774324915885,52.37552957145261,52.450801849365234,7857500
2013-02-21,52.32760540054434,52.703961396021164,52.26601664666178,52.601322174072266,9465700
2013-02-22,52.69101834581157,52.75999362368259,52.40131902126748,52.594451904296875,8571500
2013-02-25,52.74621158562158,52.87726832442395,52.125423431396484,52.125423431396484,10603300
2013-02-26,52.33924391442755,52.656534440970674,52.07713572184245,52.249576568603516,10742100
2013-02-27,52.20129778737659,52.732413325139625,52.14611544871934,52.64274597167969,8180300
2013-02-28,52.580671612665654,52.76000632581038,52.49789810180664,52.49789810180664,11806300
2013-03-01,52.277156748212725,52.95312177845779,52.23577263768063,52.90483856201172,9528300
2013-03-04,52.925537215622455,53.304903850852504,52.925537215622455,53.24972152709961,12628000
2013-03-05,53.498062734972386,53.60152832670025,53.41529447157298,53.56704330444336,9399400
2013-03-06,53.587721841663594,53.62220685521448,53.263532191917136,53.38079071044922,8535200
2013-03-07,53.53943345798861,53.77395047247372,53.51873613687807,53.62910079956055,7996500
2013-03-08,53.69118052873498,53.95329398871411,53.59461407373545,53.93260192871094,8554100
2013-03-11,53.74636917619546,54.160226212297374,53.691186834721144,54.10504913330078,8807600
2013-03-12,54.14642487202118,54.27748159710531,53.94639286201584,54.187808990478516,8790500
2013-03-13,54.16022232379162,54.26368789100808,53.93949823621927,54.1809196472168,7983400
2013-03-14,54.263677601701595,54.56027603149414,54.13951999707968,54.56027603149414,10130400
2013-03-15,54.229206700422694,54.65685669010265,54.229206700422694,54.622371673583984,18296500
2013-03-18,54.29816095841287,54.62235051045364,54.28436274716927,54.36023712158203,8005400
2013-03-19,54.477526020694285,54.553395167661776,54.14643721016089,54.394752502441406,7095800
2013-03-20,54.615466787603985,54.91206526317197,54.60856768003901,54.801700592041016,8000800
2013-03-21,54.574092946451486,54.83620119604106,54.332671498498975,54.49821853637695,8436300
2013-03-22,54.56719039551046,55.00173950195312,54.505108944602746,55.001739501953125,6873100
2013-03-25,55.06380413746059,55.13967851957846,54.81548893461598,54.9603385925293,9616600
2013-03-26,55.13276464121357,55.78803747941367,55.07758233037203,55.7673454284668,12682900
2013-03-27,55.56734028159358,56.11225402323005,55.36730825523508,56.057071685791016,10703400
2013-03-28,56.12604502073735,56.277788535463706,55.83634041767854,56.23640441894531,11332100
2013-04-01,56.13984098667681,56.533005902143756,56.063966594000995,56.51231384277344,7376800
2013-04-02,56.560610089511826,57.03654861450195,56.491634788239764,57.03654861450195,10342200
2013-04-03,57.07100774285631,57.21585738855808,56.26398603288544,56.60886764526367,12254000
2013-04-04,56.69853650635435,57.05721633993331,56.51230274611306,56.84339141845703,10303000
2013-04-05,56.41573972071447,56.6364637614509,56.298481225239925,56.58818054199219,8581400
2013-04-08,56.05703368451153,56.13980713455765,55.39486187156394,55.94667434692383,15828500
2013-04-09,56.050157549461005,56.388140034584964,56.036359338857736,56.2294921875,9111000
2013-04-10,56.44332372352513,56.698532738656944,56.381242299252825,56.57437515258789,7583200
2013-04-11,56.657164857619776,57.22277063115365,56.61578073790272,56.78132247924805,9882700
2013-04-12,56.73301289767897,57.07099533081055,56.677830588705554,57.07099533081055,6987000
2013-04-15,57.057223811450754,57.31243287696063,56.36056137084961,56.36056137084961,12385800
2013-04-16,56.788206860815365,57.62281972103896,56.608866951084664,57.5538444519043,12620000
2013-04-17,57.49867051843703,58.236717057029374,57.45038729675254,57.87114334106445,13693300
2013-04-18,57.91251855182567,58.147040780003465,57.271038555232195,57.37450408935547,9921500
2013-04-19,57.6021566036772,58.33330429626171,57.57456542966744,58.27812194824219,10787600
2013-04-22,58.34709106553524,58.58161338851286,58.0780837255606,58.512638092041016,6989900
2013-04-23,58.62298658500811,59.09892498814842,57.940122331028775,58.940277099609375,8982100
2013-04-24,59.09892856940808,59.1403126895883,58.13325875287819,58.20913314819336,9480600
2013-04-25,58.31261490320987,58.93340319067769,58.174659026840025,58.781654357910156,8689400
2013-04-26,58.836827009585576,58.96787849243569,58.49883911505353,58.712669372558594,6784700
2013-04-29,58.64368192065507,59.24377797282086,58.567812788175225,59.02995300292969,8038000
2013-04-30,58.89891458703078,59.11273962340869,58.5540327799806,58.78855514526367,12099600
2013-05-01,58.285023067980234,58.71957223304805,57.85736774979391,58.09878921508789,12312100
2013-05-02,58.24361917791754,58.77473464393324,58.05738012572734,58.74024963378906,8668900
2013-05-03,59.029950657198285,59.31275090331866,58.94027805082505,59.14720916748047,9213800
2013-05-06,59.16791083830202,59.16791083830202,58.31950469964294,58.40917205810547,8815600
2013-05-07,58.5402194201023,59.02305167669899,58.37467242143179,58.995460510253906,9061800
2013-05-08,58.96097610156489,59.043744339269026,58.581604137164405,58.94717788696289,8044600
2013-05-09,58.9402746888108,59.10582167768292,58.60229212919761,58.73334884643555,8342000
2013-05-10,58.829939287644045,59.15412902832031,58.75406486908242,59.15412902832031,7594800
2013-05-13,59.01614310156746,59.367923839210306,58.933374877987546,59.2161750793457,6631500
2013-05-14,59.154125718669036,60.064613427988355,59.154125718669036,59.988739013671875,10360700
2013-05-15,59.96803818651959,60.61641227438369,59.96803818651959,60.450870513916016,13444400
2013-05-16,60.23701024186244,60.540502414561466,60.05077126574241,60.31977844238281,9441900
2013-05-17,60.333622370401066,60.83714684670945,60.29223823878081,60.76127243041992,11437700
2013-05-20,60.76814229915208,60.83711757282219,60.56811032177553,60.7060661315918,7235800
2013-05-21,60.657801900981504,61.14063423028531,60.55433632685134,61.106143951416016,10099600
2013-05-22,61.18196771051748,62.07176249152955,60.837086257216995,61.01642608642578,13825900
2013-05-23,60.53694391686479,61.13459985019669,60.4604991833897,60.60643768310547,14446900
2013-05-24,60.32152969397538,60.48136487393456,60.10609206154383,60.335426330566406,10390100
2013-05-28,60.83579137887415,61.35700274575755,60.64815231765586,60.884437561035156,8380200
2013-05-29,60.51610765715591,60.571704801380456,59.16790607090585,59.52233123779297,11872100
2013-05-30,59.56399085297511,59.98095858143262,59.54314326185708,59.758575439453125,7801200
2013-05-31,59.54317788842597,59.758610191303895,58.500755310058594,58.500755310058594,13302700
2013-06-03,58.5702591500224,58.86908721923828,57.937858767564244,58.86908721923828,11768500
2013-06-04,58.876033675588,59.091465998960715,58.06989092664919,58.44516372680664,9972000
2013-06-05,58.31312262998718,59.07061383894484,58.014294606720505,58.153282165527344,9839100
2013-06-06,58.090705779185114,58.69531249999999,57.4374582082939,58.6953125,10671000
2013-06-07,59.04282377249782,59.19571329043195,58.653654310146415,59.008079528808594,8907700
2013-06-10,59.07757775611363,59.56403962059575,58.882993010320774,59.16791915893555,8477100
2013-06-11,58.90381355301198,59.08449627563458,58.46599277411405,58.855167388916016,8967000
2013-06-12,59.19569642623797,59.4180796702323,58.16717060899246,58.194969177246094,8413200
2013-06-13,58.097693390756184,59.04282377249782,57.73632250457792,59.008079528808594,8570000
2013-06-14,58.8690866479429,59.404199960712354,58.83434240425368,59.008079528808594,6357100
2013-06-17,59.327751514811865,60.04354757516904,59.05672204151227,59.5084342956543,8429100
2013-06-18,59.59182431446322,60.071340399184294,59.50842859910964,60.015743255615234,7233600
2013-06-19,60.06437321179276,60.1130193737711,58.93160955313487,58.973304748535156,8288400
2013-06-20,58.52162224728428,58.688408430354855,57.06918218655525,57.416656494140625,15172600
2013-06-21,57.68070698447253,58.598038497927334,57.333232846011846,57.81969451904297,20715800
2013-06-24,57.62511522613801,59.28604133877835,57.54867048438175,58.79957962036133,14777500
2013-06-25,59.18181379992109,59.480636549793026,58.750943843066175,59.31385040283203,11239400
2013-06-26,59.730797826353275,60.68287880346974,59.72385216156691,60.45354461669922,11966500
2013-06-27,60.82882191435295,61.03035755118178,60.10607506911548,60.25896453857422,8890300
2013-06-28,60.265933865689995,60.724597111761476,59.66132677101246,59.668277740478516,11896300
2013-07-01,59.570984045074766,60.905283842788606,59.41809453245496,60.20338439941406,9905200
2013-07-02,60.217294545687004,60.59951307729705,59.91151547876952,60.16169738769531,8572100
2013-07-03,60.14083487160097,60.48830906986395,59.83505588047819,60.307621002197266,3599900
2013-07-05,60.8635622026265,61.07204347309658,60.40489386393149,61.06509780883789,5403600
2013-07-08,61.21798230224813,61.843436721293806,61.134591914397916,61.56545639038086,12051400
2013-07-09,61.60715555367647,61.90598347508784,61.405619950674975,61.766990661621094,9348600
2013-07-10,61.7670223939326,62.183995746515826,61.71837620973608,62.01720428466797,7067100
2013-07-11,62.41331713683308,62.49671285761382,61.85041060216149,62.31602478027344,8941300
2013-07-12,62.329906018920454,62.538387298583984,62.11446847062391,62.538387298583984,7590600
2013-07-15,62.48281052333175,63.108259815020375,62.37856720737188,62.823333740234375,13343200
2013-07-16,63.268100273096884,63.698970171447876,62.63569471109955,62.823333740234375,11409200
2013-07-17,62.948430201243845,63.21945966538099,62.46196311794545,62.63570022583008,12832200
2013-07-18,62.774661645545635,63.20552606394926,62.58702269389048,62.66346740722656,8329300
2013-07-19,62.71214911535439,64.12289367613596,62.580112510034326,64.09510040283203,12506300
2013-07-22,63.99085709081979,64.32442939093238,63.6642304580173,64.12984466552734,9916200
2013-07-23,64.20628709934157,64.5329137203272,64.01170238097632,64.22713470458984,8467700
2013-07-24,64.38699105942445,64.39394203023329,63.76153623755865,64.18545532226562,6846300
2013-07-25,63.93524715175177,64.45645840570627,63.76151006710027,64.33136749267578,7368000
2013-07-26,64.15764448711265,64.5815634908521,63.69203027055823,64.51206970214844,8663700
2013-07-29,64.37308213386535,64.90124451525496,64.35918549579256,64.77615356445312,7925000
2013-07-30,64.95682341875607,65.3042975953391,64.64409347861024,64.74833679199219,8863000
2013-07-31,64.79005786836058,65.61704306579868,64.76225928916412,64.97769165039062,11365700
2013-08-01,65.43634083252155,65.60312695616122,65.11665991766222,65.1653060913086,11098600
2013-08-02,65.01936016620473,65.5961685180664,64.94291543031778,65.5961685180664,8503100
2013-08-05,65.35990196346008,65.53363907096312,64.92903202811965,65.18616485595703,7192400
2013-08-06,65.2417385106477,65.28343901020615,64.97766008960411,65.1930923461914,6415000
2013-08-07,65.04715905521186,65.34598703278168,64.95681768600599,65.08885955810547,9056900
2013-08-08,65.51277245364682,65.58227152373166,64.42865482636658,64.86647033691406,11090000
2013-08-09,64.90125155649754,64.90125155649754,63.782383847947976,64.18545532226562,12135800
2013-08-12,63.9908388340542,64.4703495414148,63.761504629383914,63.93524169921875,11012300
2013-08-13,63.858832103781566,64.87345651368788,63.76849068648795,64.63717651367188,10099800
2013-08-14,64.48426331748446,64.59545230553856,62.899781797955555,63.03181838989258,12716800
2013-08-15,62.76773577390129,62.830283883469995,61.91294695669713,62.232627868652344,12010700
2013-08-16,61.940725871201266,62.40634515501081,61.69054411638924,62.10751724243164,14100700
2013-08-19,62.177012702017805,63.414019578064526,62.09361701411452,62.85805892944336,8687000
2013-08-20,62.9275691722039,63.692011223409665,62.357711791992195,62.35771179199219,8559200
2013-08-21,62.177039980073204,62.2882289773576,61.62803005675969,61.71142578125,7940700
2013-08-22,61.68363685380629,61.871270635710594,61.238870191034685,61.33616256713867,7191900
2013-08-23,61.56718763504236,61.92428301894543,61.063054232351135,61.90327835083008,7714900
2013-08-26,61.868271123475154,61.95229514350474,61.189091652017204,61.28711700439453,6724500
2013-08-27,60.89505736553869,60.972078101235866,60.18786940231224,60.33490753173828,9941200
2013-08-28,60.467910727967094,60.85301419251958,60.13181994599568,60.58694076538086,8829200
2013-08-29,60.502948227828156,61.014079946819145,60.20886666324785,60.61497497558594,5768800
2013-08-30,60.761979143043924,60.761979143043924,60.11080767564357,60.50291442871094,7471300
2013-09-03,60.83904016566467,61.126118419115706,60.236880975387265,60.509952545166016,7590500
2013-09-04,60.53793313283373,61.09107936352414,60.39089507282472,60.84601593017578,8458800
2013-09-05,60.916030379785894,61.03506042144084,60.649962285148604,60.94403839111328,5647900
2013-09-06,61.07009697930733,61.560224024894005,60.215870978155564,61.0280876159668,10034900
2013-09-09,61.18908690019597,61.33612491734328,60.92301887040282,61.3081169128418,6819700
2013-09-10,61.71422189059868,62.022304582785985,61.51116787456435,61.9872932434082,8658700
2013-09-11,62.057306132383495,62.50542346600352,61.71421746738879,62.477420806884766,8098100
2013-09-12,62.52644117248001,62.715488525699854,62.23235979572154,62.323387145996094,7938500
2013-09-13,62.40742897883712,62.491453023663354,61.75625732188603,62.01532745361328,7738600
2013-09-16,62.61746561403607,62.71549096277119,62.1973562134597,62.3373908996582,7563700
2013-09-17,62.351404256523864,62.47043428674876,62.022316832505616,62.358402252197266,6291100
2013-09-18,62.25339081028528,62.953575134277344,61.82627794529154,62.953575134277344,10115500
2013-09-19,63.051600012980266,63.156623387161446,62.86955059442887,63.06560134887695,6721000
2013-09-20,63.15661588227516,63.52071467611218,62.79252243041992,62.79252243041992,14708600
2013-09-23,62.617463715644256,62.84152241195752,62.18334765442075,62.379398345947266,7376200
2013-09-24,62.33038869534176,62.45642205200287,61.72123192313051,61.77024459838867,7797500
2013-09-25,61.91029797802713,61.945309331773394,60.96505018868626,60.97205352783203,7493200
2013-09-26,61.1120648693584,61.406140897137696,60.719963498986,60.96502685546875,6400600
2013-09-27,60.782996614790754,60.87402399152308,60.5239318458934,60.726985931396484,5461100
2013-09-30,60.44691924747335,60.88103014736423,60.32088584447663,60.6989860534668,7962300
2013-10-01,60.62892519454708,61.25909181303916,60.397868552749614,61.24509048461914,6318700
2013-10-02,61.00704374574798,61.119075775146484,60.52392030941518,61.119075775146484,6383400
2013-10-03,61.04908023183468,61.196118316449926,60.411909856518854,60.62196731567383,7724600
2013-10-04,60.78999456694439,61.21010403607827,60.60794517159307,61.13308334350586,6050000
2013-10-07,60.70598799988555,60.902044127731315,60.41891516115355,60.62896728515625,5705200
2013-10-08,60.64997877292359,60.733997487764405,59.914782966166015,59.94279098510742,8669800
2013-10-09,60.16686152813105,60.37691904016439,59.865781943274975,60.1878662109375,8014200
2013-10-10,60.719953475637176,61.4621467590332,60.705946805018584,61.4621467590332,8647900
2013-10-11,62.050317165953,62.65247592223092,61.63020243033155,62.631465911865234,8449800
2013-10-14,62.19737672626715,62.93957042346158,62.05733665190232,62.876556396484375,9198600
2013-10-15,63.24763070669788,64.03883681247693,62.96755599975587,62.96755599975586,11024000
2013-10-16,63.31066005688263,63.83579825644267,63.12861599392887,63.79378890991211,8116000
2013-10-17,63.62574866305519,64.41695499146722,63.555725960130864,64.39595031738281,8569600
2013-10-18,64.2418914471096,64.45194881479163,63.814778716942016,64.15786743164062,9082600
2013-10-21,64.15789484473315,64.15789484473315,63.555735831536374,63.856815338134766,6940500
2013-10-22,64.08789004477626,64.8090792657332,64.06688536330901,64.6690444946289,9635500
2013-10-23,64.46596432115007,64.71803108100062,64.08086084305006,64.48696899414062,6449600
2013-10-24,64.8720752451137,65.1101353384915,64.51497976306484,64.66201782226562,5251000
2013-10-25,64.4449668277986,64.60600623332179,64.26291740496225,64.47997283935547,6076000
2013-10-28,64.38896865657371,64.97712643886379,64.36096063437094,64.69004821777344,6551000
2013-10-29,64.97710409070098,65.24317219714003,64.82306269255861,65.21516418457031,6096700
2013-10-30,65.3061628613153,65.43219620181043,64.87205217670558,64.97007751464844,6295400
2013-10-31,65.01208257929322,65.36217457524201,64.6409859183043,64.84403991699219,7773900
2013-11-01,64.68303428656179,65.52325878912785,64.68303428656179,65.376220703125,6835900
2013-11-04,65.43924790746608,65.46725593072054,64.71805867011251,65.13816833496094,6862500
2013-11-05,64.79507576110588,65.08214863487602,64.6130262911639,64.98412322998047,5350600
2013-11-06,65.13816877778335,65.25719887093581,64.92111327356598,65.14517211914062,5301300
2013-11-07,65.25018527501624,65.36221200003403,64.90009307861328,64.90009307861328,6116900
2013-11-08,64.85807485463245,65.88734671078859,64.80906216348133,65.85234069824219,7229500
2013-11-11,65.79631174756497,66.26543389103165,65.77530707576521,66.02037048339844,4723100
2013-11-12,65.80330532551147,65.88032066336042,65.1171225439318,65.50922393798828,7639600
2013-11-13,65.36919313701155,65.43220714680949,64.64100097478658,65.35518646240234,8954300
2013-11-14,65.39719811067353,65.91533286557502,65.39719811067353,65.76129150390625,7045700
2013-11-15,65.5582515234507,66.09739640488755,65.5022408415465,66.09039306640625,7063000
2013-11-18,66.06933780596957,66.23738040698201,65.82427456658098,66.02732849121094,8492000
2013-11-19,66.00636029670129,66.46148108208772,65.81731291857717,66.41947174072266,6624200
2013-11-20,66.47548242181968,66.8465791527101,66.27943172187612,66.62252044677734,7076500
2013-11-21,66.8395964211322,67.04265052066613,66.55252361971016,66.65754699707031,6896200
2013-11-22,66.55178699221858,67.39082491480356,66.55178699221858,67.15814971923828,6462100
2013-11-25,67.32736146207861,67.67989765942009,67.03828457748185,67.42607116699219,6374600
2013-11-26,67.39082586599204,67.59529752141036,66.96073124240108,67.02418518066406,7267600
2013-11-27,67.22160219010244,67.2427588813725,66.70690233398757,66.96778106689453,4603800
2013-11-29,67.14403269070039,67.33439983119582,66.57997273935759,66.74214172363281,4106800
2013-12-02,66.56587548417055,66.74214355138302,66.25564196450874,66.47421264648438,5827400
2013-12-03,66.41780937066481,66.6716358323025,65.93131313525492,66.25564575195312,9061100
2013-12-04,66.10757775512423,66.45306166234431,65.66337878085243,66.01591491699219,6218500
2013-12-05,65.86788631782584,66.01595093026435,65.33203497165141,65.55060577392578,8666200
2013-12-06,65.99476498513499,66.61523204040999,65.86785175830825,66.58702850341797,7280400
2013-12-09,66.48831881358325,66.61523204040999,66.0652711379777,66.58702850341797,6974500
2013-12-10,66.68572939736202,66.83379391258431,66.24858270055773,66.37549591064453,7576600
2013-12-11,66.55882830411588,66.5940786926676,65.59287728598032,65.64928436279297,9424300
2013-12-12,65.45892297226712,65.47302743350998,64.21094711606419,64.27440643310547,12285700
2013-12-13,64.48592937602538,64.76795944825736,64.21800376600693,64.40837097167969,7909000
2013-12-16,64.45769758612484,65.0922636257669,64.27438269188568,64.42244720458984,6623000
2013-12-17,64.3731209666079,64.39427228078073,63.80906081870991,63.921875,8794000
2013-12-18,64.12633511710811,65.33201370166435,63.294349437646744,65.31790924072266,9691100
2013-12-19,65.14870639717952,65.14870639717952,64.45773291325338,64.85257720947266,7341000
2013-12-20,64.83140504041732,65.39546511223304,64.83140504041732,64.93011474609375,11265000
2013-12-23,65.26148190449071,65.34609250605857,64.69742736519379,64.8877944946289,5312200
2013-12-24,64.99359197111531,65.14165657043553,64.76091672392197,64.90898132324219,3147300
2013-12-26,64.85962916977216,65.24742126464844,64.70451233182166,65.24742126464844,3459100
2013-12-27,65.40955528519541,65.54352074434381,64.99356520782372,65.1134262084961,3511300
2013-12-30,64.97947632743023,65.07818603515625,64.67629497390729,65.07818603515625,4370100
2013-12-31,64.9865266262781,65.0217824005974,64.2673550919373,64.57758331298828,6348200
2014-01-02,64.26028237437875,64.676277785764,64.1686249213562,64.18272399902344,5919600
2014-01-03,64.3660559776874,65.02177348345893,64.3449046677069,64.76089477539062,5637600
2014-01-06,64.81731228276914,65.39547149211056,64.77500965600241,65.0993423461914,7443500
2014-01-07,65.59992190634297,66.7139373374388,65.56466614260572,66.48126220703125,11063300
2014-01-08,66.39665714044321,66.69983844434236,66.19218552811357,66.38961029052734,9096700
2014-01-09,66.93957609572041,67.24980429714222,66.34026024586852,66.79151153564453,7944700
2014-01-10,66.72803206440493,66.96775940778349,66.37549596711654,66.79853820800781,6697400
2014-01-13,66.53766841315677,66.97480975388532,66.31909236351827,66.62932586669922,9589200
2014-01-14,66.69983610681076,66.91135994091805,66.5024167305904,66.7844467163086,7567300
2014-01-15,66.73508891770685,67.17223026590577,66.63637923396682,66.84085083007812,7390700
2014-01-16,66.69983906478903,67.04532298849605,66.4389657543321,66.72804260253906,8401100
2014-01-17,66.78446313041383,67.10174358028053,66.5447357008877,67.02418518066406,13714400
2014-01-21,66.93251692145999,67.05237792728504,65.3038015503227,66.2979507446289,16368400
2014-01-22,66.26974337014938,66.66458751247744,65.95246298973504,66.5024185180664,8875500
2014-01-23,66.09349258299619,66.13580058958489,65.15575027548513,65.38842010498047,9322300
2014-01-24,64.95128830414801,65.29677236373563,63.886627197265625,63.886627197265625,10604200
2014-01-27,63.668030099180555,63.99236270788505,63.350744340316055,63.41420364379883,8685200
2014-01-28,63.86544893538469,63.8795480142191,63.30844118411943,63.52701187133789,8254400
2014-01-29,63.08281058599045,63.252026407770416,62.420040996714114,62.6809196472168,11160100
2014-01-30,63.18859928386291,63.301408086455936,62.75850462921968,63.10398864746094,6874900
2014-01-31,62.7584977794618,62.991167590439076,62.15213506628627,62.37775802612305,12193800
2014-02-03,62.575173560375966,62.59632487103626,61.066319101487515,61.186180114746094,13944600
2014-02-04,61.29196557514912,61.538739926372806,60.69970175293486,61.073394775390625,11436400
2014-02-05,60.981696206313494,61.8136816602492,60.97464935702855,61.53870391845703,10667300
2014-02-06,61.78547813892135,62.58221320878537,61.729076448258034,62.57516098022461,10037900
2014-02-07,62.6950277788819,63.484710693359375,62.47645708671326,63.484710693359375,9435100
2014-02-10,63.6257337292656,64.21799735979778,63.31550552210652,64.21094512939453,8080200
2014-02-11,64.22506573619096,65.55060577392578,64.12635599456527,65.55060577392578,11556300
2014-02-12,65.53648356682552,65.56468711098029,64.83141110078425,65.16279602050781,7696100
2014-02-13,64.86666627101958,65.30381313242884,64.66219461226086,65.26150512695312,5926000
2014-02-14,65.28971267298617,65.53648697307145,64.88782156162547,65.40252685546875,5485100
2014-02-18,65.40953816757963,65.46594522817253,64.9300889110868,64.98649597167969,6926500
2014-02-19,64.9723965126042,65.39543870600671,64.56345339462999,64.61280822753906,7693400
2014-02-20,64.64808625023889,65.38136214834245,64.38015531136392,65.13458251953125,8160100
2014-02-21,65.23401380438662,65.51097031863644,64.94285133567139,64.99256134033203,7381500
2014-02-24,64.9428248161274,65.37601414469799,64.69427489432015,64.70137786865234,8406700
2014-02-25,65.0422447848503,65.24109014027803,64.38181445746902,64.70137786865234,6383400
2014-02-26,64.70137786865234,65.00674074915322,64.45992550319535,64.70137786865234,6334100
2014-02-27,64.73690973964437,64.92154379236148,64.44574728900123,64.87893676757812,7040300
2014-02-28,64.9215423434717,65.78792128129004,64.66588936450945,65.41864776611328,9643700
2014-03-03,64.71558739443819,65.31921568299066,64.50254689669853,65.02095031738281,7506700
2014-03-04,65.66718786715353,66.37023074430319,65.51095491267964,66.2850112915039,8796300
2014-03-05,66.23531035123555,66.25661928083493,65.60328088937798,65.75241088867188,6842500
2014-03-06,66.1785230069451,66.50518959346105,65.91576697479769,65.9654769897461,7718300
2014-03-07,66.30634534975248,66.38446185659728,65.82344577015947,66.27083587646484,6792000
2014-03-10,66.16430390062058,66.39155041207873,65.89445036138409,66.36314392089844,4878200
2014-03-11,66.54775820188631,66.57616468230863,66.10746588231373,66.39152526855469,5837200
2014-03-12,65.91573737416402,66.48385621958067,65.7950138803574,66.46965026855469,6154900
2014-03-13,66.64717903065743,66.89572896506832,66.02935568197637,66.0435562133789,7659400
2014-03-14,65.95836326612776,66.35604873891548,65.66010322502527,65.90865325927734,7337800
2014-03-17,66.22819836857168,66.88153119975293,66.17138540464745,66.70399475097656,5872600
2014-03-18,66.6827064876184,66.92415351251731,66.38444648580787,66.71111297607422,5891900
2014-03-19,66.67560087765314,67.00937033134713,65.98675845926061,66.46255493164062,5937600
2014-03-20,66.4128439662303,66.88864584966538,66.01516398531348,66.83893585205078,5727400
2014-03-21,67.30053376774983,68.12430572509766,66.66850426370856,68.12430572509766,23988800
2014-03-24,67.67693020421008,67.76924725315634,67.13721761363665,67.60591125488281,13944100
2014-03-25,67.96097660470868,69.38126874205251,67.96097660470868,69.15402221679688,14167300
2014-03-26,69.2463289428093,69.92806836370804,68.91966247558594,68.91966247558594,11215100
2014-03-27,68.94096554035205,69.38125253255457,68.35864611680738,69.08299255371094,8694600
2014-03-28,69.2463423917037,69.75054543369014,68.85575989960927,69.1966323852539,8816000
2014-03-31,69.59430107626265,70.02038755027573,69.31734459725497,69.75763702392578,7545700
2014-04-01,69.81443199754759,70.07718789452298,69.1468986285011,69.55168151855469,7068500
2014-04-02,69.60140405259152,69.87125755527032,69.14691109124644,69.75763702392578,7995600
2014-04-03,69.57301815103528,69.8357687551298,69.26055211591199,69.77896118164062,5471200
2014-04-04,70.03458001673143,70.57428691816044,69.82153411175833,69.89254760742188,10309700
2014-04-07,69.87127790205784,70.56012052099797,69.47359779957077,69.51620483398438,11409200
2014-04-08,69.61560597343596,70.11271138466903,69.2392294902637,69.63690948486328,9601800
2014-04-09,69.89255968896552,70.30444562018768,69.43806673657672,70.26893615722656,8921300
2014-04-10,70.2050336115051,70.2547436145153,68.54328916319373,68.5574951171875,9667800
2014-04-11,68.31605285234032,69.02619895441448,68.20953527141702,68.79185485839844,8710700
2014-04-14,69.08300918925201,69.13982217546972,68.35155960014872,68.98358917236328,8617200
2014-04-15,69.91387030670383,70.45358277427424,69.62981624607258,70.44647979736328,13999100
2014-04-16,70.70923446036605,70.80865446335189,69.64401549867449,70.12691497802734,11308000
2014-04-17,70.08430211032882,70.76604153881618,70.08430211032882,70.27603912353516,9153500
2014-04-21,70.31155205795949,71.10691205480543,70.07009961750009,71.01459503173828,7031400
2014-04-22,71.01458381074167,71.54719318932223,70.82994437579856,71.14241027832031,7937900
2014-04-23,71.18503030839499,71.41227680141364,70.95778381537633,71.17082977294922,5876000
2014-04-24,71.18502315065365,71.27734558471118,70.69502616627983,70.9861831665039,6149900
2014-04-25,70.99331267087888,71.1992557079848,70.5885295753218,70.86548614501953,5895900
2014-04-28,71.4122811311393,72.07982011522238,71.09982057053402,71.96619415283203,8792900
2014-04-29,72.17212680618917,72.4206822088119,71.69633034731041,71.74604034423828,7811200
2014-04-30,71.61113319995235,72.20055578859169,71.51171317511981,71.93070220947266,8513600
2014-05-01,71.56141712138206,71.74605661669875,70.96489702295295,71.39098358154297,6590500
2014-05-02,71.13533854923138,71.28446859058165,70.21924936552104,70.52461242675781,8744200
2014-05-05,70.51039205717098,71.13531854297617,70.33285556959163,71.01459503173828,5438200
2014-05-06,71.02881185210259,71.02881185210259,70.66664123535156,70.66664123535156,5795900
2014-05-07,70.90806172542376,71.76023999244606,70.55298880199352,71.66082000732422,8720800
2014-05-08,71.49038292054755,71.78864288349538,71.27023943617884,71.36965942382812,5667900
2014-05-09,71.62531054778806,71.90226699462502,71.30574708389398,71.66082000732422,5691700
2014-05-12,71.895178968776,71.895178968776,71.31285946998403,71.38387298583984,7437300
2014-05-13,71.6537309566499,72.072714487089,71.46198850666491,71.73894500732422,6183200
2014-05-14,71.68922332334917,71.79574628731805,71.56139685018312,71.63241577148438,4187200
2014-05-15,71.46907580746506,71.61110280609253,71.30574530084174,71.50458526611328,7007600
2014-05-16,71.41938780617822,71.646634324741,71.11402478892343,71.4264907836914,6516900
2014-05-19,71.17082570419552,71.67502866244398,71.10690975338416,71.46908569335938,6997200
2014-05-20,71.589795694215,71.71052459675175,70.98617285346099,71.1921157836914,5438400
2014-05-21,71.44067826895633,71.86676473617011,71.39096827141445,71.82415771484375,5302500
2014-05-22,71.92428017856255,72.2317713484104,71.56673256040197,72.19601440429688,5124900
2014-05-23,72.25320058569356,72.33901395110391,71.98861346748481,72.21029663085938,5275700
2014-05-27,72.29613103050255,72.48205732914577,71.70260064435871,72.08875274658203,4524400
2014-05-28,71.98861885266925,72.17454509709576,71.59531984053679,71.72403717041016,4352700
2014-05-29,71.90996384692633,72.08159060463817,71.61677768338522,72.05298614501953,3685200
2014-05-30,72.01009204215444,72.61077491040784,71.90283211545203,72.5535659790039,5973900
2014-06-02,72.61077126014075,73.12564070540488,72.23177165619457,73.061279296875,5845400
2014-06-03,72.87534719285043,73.36875912180432,72.82528529632259,73.26864624023438,6681300
2014-06-04,73.10420412980268,73.44744686183051,72.89682581198613,73.42599487304688,5608600
2014-06-05,73.4974977249339,73.91225432898813,73.24006296764124,73.81214141845703,4730900
2014-06-06,73.83357237118076,73.890781291113,73.54038074833522,73.78351593017578,4624000
2014-06-09,73.70487602696102,73.81929389942195,73.42598928251803,73.81214141845703,3748800
2014-06-10,73.99089825609518,74.45571120864388,73.49032836267996,74.44140625,5792100
2014-06-11,74.23402393240637,74.47715911435562,73.74775902425077,73.88362884521484,5960500
2014-06-12,73.78353097824039,73.80498296365437,73.30441845151499,73.31871795654297,5930700
2014-06-13,73.30441845151499,73.40453135394286,73.06128322008729,73.31871795654297,4301600
2014-06-16,73.31153867168162,73.57612579178382,72.82527384236043,73.26148223876953,5645500
2014-06-17,73.0326805731066,73.08273702556716,72.49635910142462,72.88966369628906,4834600
2014-06-18,72.87534727579076,73.53323348563994,72.83959033701385,73.51892852783203,5445000
2014-06-19,73.60477255344635,74.27696400097626,73.51895913809834,74.23405456542969,5481500
2014-06-20,74.63450236191699,75.42825862324588,74.41997157830318,75.27808380126953,12459700
2014-06-23,75.02062204693108,75.1707913482035,74.68452651067004,74.90620422363281,6063200
2014-06-24,74.82041354653053,75.24947505827605,74.76321007327572,74.79180908203125,5915000
2014-06-25,74.53439912687132,75.70715519651554,74.53439912687132,75.62849426269531,6411100
2014-06-26,75.6856767010058,75.7786425727986,75.10645130919252,75.54981231689453,5106900
2014-06-27,75.42108314096006,75.50689106364104,74.69168306371506,75.07783508300781,6463000
2014-06-30,75.52836585277787,75.8001000966035,74.74175667585939,74.81327056884766,6877800
2014-07-01,75.19226101763063,75.80009084362422,75.07784316741173,75.7071304321289,5129200
2014-07-02,75.58555621572306,75.77863496410349,75.29952251637044,75.6999740600586,3764900
2014-07-03,75.70714161846544,75.97887586927116,75.16366766110981,75.38534545898438,4199100
2014-07-07,75.3853250168838,76.32925034172624,75.27805965947707,76.13617706298828,7014900
2014-07-08,75.95026391036744,75.978868374327,75.4568464546162,75.59986877441406,6268400
2014-07-09,75.80007748828592,75.95024679843212,75.59985174142433,75.82868194580078,5720900
2014-07-10,75.14220456019267,75.80009083161697,74.74174754023333,75.65707397460938,4955100
2014-07-11,75.6856860379154,75.8072563886616,74.98489567964451,75.1565170288086,5461000
2014-07-14,75.35672760009766,75.43538850583077,75.1636543033166,75.35672760009766,7784800
2014-07-15,75.24947283499786,75.4210941611792,73.49033378260074,73.85503387451172,14219700
2014-07-16,74.03378813125944,74.13390099974148,72.90393666611389,73.09701538085938,11946800
2014-07-17,72.86819594999947,73.01121279588453,71.69544035536455,71.77410125732422,11218900
2014-07-18,71.98863838985247,72.91111192834036,71.77411308567119,72.79669952392578,8408400
2014-07-21,72.53922622053176,72.63933906706201,72.23888222520007,72.41765594482422,6379900
2014-07-22,72.87535106474876,73.32585905574918,72.78238520139246,73.27580261230469,6554100
2014-07-23,73.5117775951459,73.60473799298198,72.85388596454203,73.07556915283203,4815300
2014-07-24,73.18283841406918,73.46173055474056,72.95400817372452,73.08272552490234,5177200
2014-07-25,73.13278397747334,73.22574984549743,72.7966938150386,73.01837158203125,3951500
2014-07-28,72.86104976452287,73.22574984549743,72.696580923123,73.01837158203125,4634800
2014-07-29,73.26148973174942,73.3043991470213,72.71802139190285,72.91109466552734,6053900
2014-07-30,73.13277840257459,73.54753489789013,72.80383528910666,73.15423583984375,5994800
2014-07-31,72.77521230035475,72.8252687297527,71.54525354147079,71.5738525390625,9141500
2014-08-01,71.33789827845602,71.80271124699094,70.65140754500555,71.4380111694336,8610700
2014-08-04,71.50234633163728,71.78123294053354,71.02323399899417,71.62391662597656,6790800
2014-08-05,71.38795844917945,71.68114465784353,71.18773265677595,71.38080596923828,6230900
2014-08-06,71.27352006038875,72.1030329107987,71.2234636267083,72.01721954345703,7412100
2014-08-07,72.28897263896326,72.36048652503173,71.20918279284638,71.45946502685547,7417800
2014-08-08,71.65967230559899,72.33186337967388,71.345028746544,72.28180694580078,5618400
2014-08-11,72.66797818050958,72.78239057866001,72.23176966008995,72.33903503417969,5703000
2014-08-12,72.22460913851829,72.38193094223394,71.73119174609067,71.96002197265625,4577700
2014-08-13,72.33187304494926,72.9039458719785,72.33187304494926,72.75377655029297,4563700
2014-08-14,72.86108007638943,72.9754979751754,72.58219326778077,72.95404052734375,5239400
2014-08-15,73.08987576977997,73.25435005737893,72.08159442949898,72.34617614746094,6986000
2014-08-18,72.88249612805136,73.45457442838176,72.76093126234763,73.44026947021484,5979500
2014-08-19,73.46171375687591,73.62618255615234,72.9539914919564,73.62618255615234,5670000
2014-08-20,73.56184765958041,73.86933882414115,73.44027732513094,73.80497741699219,5183000
2014-08-21,73.89079310343362,74.67024430307902,73.89079310343362,74.50577545166016,8357600
2014-08-22,74.60658461446303,74.89455864203558,74.13143213771889,74.22502136230469,5076300
2014-08-25,74.62096606133234,74.73615234547515,74.21780033521694,74.31859588623047,3678200
2014-08-26,74.4913770529565,74.67136008227449,74.27539522071643,74.46977996826172,3512400
2014-08-27,74.58498127891463,74.67137512774731,74.0882317529067,74.31140899658203,4786100
2014-08-28,74.08099583524701,74.28977675163985,73.94420701248917,74.11698913574219,3482200
2014-08-29,74.22499761617566,74.7001554335546,74.16020636433997,74.67855834960938,5287800
2014-09-02,74.3689914986338,74.6641608168396,74.1674058876721,74.41218566894531,4644800
2014-09-03,74.74332843300097,74.94490848292722,74.54174838307473,74.70013427734375,4725800
2014-09-04,74.86573474494513,74.94492771239909,74.70015344401111,74.75774383544922,6147700
2014-09-05,74.81536495773588,75.17533111572266,74.39780289623579,75.17533111572266,5744400
2014-09-08,75.17533752879248,75.29052934564594,74.7505800626037,74.90896606445312,4900300
2014-09-09,75.16093166119217,75.16093166119217,74.54899031740113,74.72897338867188,5999400
2014-09-10,75.00971293793243,75.83763030077324,74.84412616977728,75.58565521240234,7402200
2014-09-11,75.43447165966272,75.51366461653218,74.94491769567203,75.26889038085938,4834100
2014-09-12,75.26170651087328,75.456085771744,74.84414455179237,75.2905044555664,5929200
2014-09-15,75.29768645113566,75.52806996776995,75.12490430630531,75.39128112792969,4525500
2014-09-16,75.22569718830051,76.26960194003725,75.088913835942,76.22640228271484,6081400
2014-09-17,76.22640990102312,76.76635898403012,76.16881950658008,76.44959259033203,6627800
2014-09-18,76.44239446375225,77.3279134083013,76.33440354476144,77.28471374511719,6628700
2014-09-19,77.67348364847149,78.01905351692001,77.4791043736638,77.74547576904297,13033400
2014-09-22,77.75266885605119,77.93265188581056,77.59428291103954,77.66627502441406,5788300
2014-09-23,77.5870611111874,77.8246399645824,77.16950476925504,77.36388397216797,8108100
2014-09-24,77.53667160882304,78.30699860334465,77.27749565808259,78.21340942382812,5890900
2014-09-25,78.13420865284816,78.14861036680736,77.08310873225261,77.10470581054688,5688200
2014-09-26,77.32788843575817,77.38547881366136,76.45676599849632,77.10470581054688,4467500
2014-09-29,76.58638444596285,76.78076921327475,76.3416101376699,76.70157623291016,6581600
2014-09-30,76.67276520789832,77.18391631683349,76.63676640745602,76.73755645751953,6822500
2014-10-01,76.29837573772963,76.51435198541839,74.83690954774764,75.0888900756836,12263700
2014-10-02,74.91613870755299,75.26170856063587,74.33299541641252,74.76495361328125,7566100
2014-10-03,75.03852031920813,75.72965443113878,74.96652271977409,75.68645477294922,6856100
2014-10-06,76.08241710361548,76.3127951333689,75.13930790253832,75.49207305908203,5015100
2014-10-07,75.20408789908578,75.20408789908578,73.67783024737614,73.71382904052734,8407800
2014-10-08,73.7426645669378,75.6144874194266,73.46189141369686,75.5280990600586,8337000
2014-10-09,75.3264927890234,75.49207958690458,73.28188828474504,73.49066925048828,10675900
2014-10-10,73.68505894517291,73.81464695977733,72.87873840332031,72.87873840332031,9984100
2014-10-13,73.04432666221906,73.04432666221906,71.28769018483942,71.35968780517578,10334600
2014-10-14,72.37476497914543,72.64114180348324,68.63831604351364,69.84060668945312,20807400
2014-10-15,69.14945598957989,71.07167269972672,68.4655174404495,70.70450592041016,21905900
2014-10-16,69.81183008176228,70.55335940897182,69.47346105067123,69.67504119873047,14575300
2014-10-17,70.22217836511389,71.38126949661759,70.05659156376505,71.05729675292969,12272900
2014-10-20,71.15089546638167,71.41726684570312,70.78372853316036,71.41726684570312,7988900
2014-10-21,71.87082485572287,72.26678422612353,71.518054162228,72.25238800048828,7287300
2014-10-22,72.78511955474376,73.28187436135904,72.36755770259306,72.87151336669922,9360100
2014-10-23,73.62024063988575,74.13859250788748,73.38986264217884,73.88661193847656,7570400
2014-10-24,74.11700928920135,74.36178906529311,73.58426106026677,74.24659729003906,5973100
2014-10-27,74.2033925699262,75.04571170928196,74.1817954882984,74.92332458496094,7043900
2014-10-28,75.2689139763152,75.44889702695906,74.55617714105988,75.44169616699219,10347800
2014-10-29,75.59288007481953,75.99604034423828,75.49209000746484,75.99604034423828,8188300
2014-10-30,75.71524859397077,77.0687242955807,75.52807022503586,77.0615234375,9068300
2014-10-31,77.70947583483549,77.88225800801669,77.21992176695021,77.59428405761719,10800100
2014-11-03,77.63026076166946,77.83904167895798,76.85273296472836,77.36388397216797,7082600
2014-11-04,77.67348273451465,78.27822862402206,77.27751783706059,78.19903564453125,9349000
2014-11-05,78.50858910095914,78.65977416627835,77.71665948360308,78.34300231933594,6966800
2014-11-06,78.42222435019045,78.7029975030938,78.14865205810827,78.47982025146484,6200300
2014-11-07,78.47260010760127,78.49419719211025,77.69507210940097,77.89665222167969,6652600
2014-11-10,77.80305330349067,78.41499442291955,77.17671046775781,78.34300231933594,7573300
2014-11-11,78.38621144729889,78.76057924563517,78.14863800938348,78.4078140258789,6221100
2014-11-12,78.23503715776592,78.47261612113864,78.03345700435169,78.29263305664062,4895900
2014-11-13,78.50859876968566,78.82536516299403,78.11263391224259,78.52299499511719,4860000
2014-11-14,78.41499564721865,78.51578569233844,77.75986035394001,77.86785125732422,5650700
2014-11-17,77.75266898474389,78.24942390534876,77.47189589726624,77.9686508178711,5233000
2014-11-18,77.84624874909804,78.51578575947804,77.55107947175068,78.35020446777344,5407200
2014-11-19,78.07663725113342,78.33581325717812,77.82466210432503,78.29981994628906,5217800
2014-11-20,78.14865537760612,78.16305160721248,77.52951314422589,77.88227844238281,8090700
2014-11-21,78.78802249287418,78.78802249287418,77.98369295773757,78.15760040283203,8417400
2014-11-24,78.20107023480367,78.42570642726425,77.27355655672189,77.44746398925781,9098000
2014-11-25,77.51993031434493,77.67210000852677,77.31703186035156,77.31703186035156,7367900
2014-11-26,77.36776479218322,77.71558522850717,77.24458057598407,77.68659973144531,5503700
2014-11-28,77.97643635634604,78.85322676677694,77.77354343868168,78.44019317626953,5881200
2014-12-01,78.17935337561595,78.84600331872268,77.78805740159615,78.28079986572266,5638800
2014-12-02,78.23734315326942,78.64312921107575,77.89677034257323,78.6286392211914,6184400
2014-12-03,78.6503334826399,78.97641059473577,78.00542148517572,78.05614471435547,8957400
2014-12-04,78.3242642265014,78.47643946846232,77.80978409164254,77.94021606445312,6697600
2014-12-05,77.91850809160995,78.79529898275311,77.69387731367007,78.6286392211914,6449700
2014-12-08,78.56339564502971,78.89672059135063,78.36050268017513,78.63585662841797,6499300
2014-12-09,78.41848759118369,78.59964284600404,77.45474030871867,78.29530334472656,7214300
2014-12-10,77.97645917154986,78.23007539283611,76.91851327102795,76.98372650146484,9416400
2014-12-11,76.70109809689045,77.75904362937797,76.34603551060763,77.3315200805664,7114600
2014-12-12,77.28082428688634,77.4402417780894,75.64317941600808,75.67216491699219,8325500
2014-12-15,75.91851453236806,76.1286552160112,75.0924473088979,75.33157348632812,12110600
2014-12-16,74.98378705015777,76.23737834338591,74.27365600414998,74.4620590209961,10209200
2014-12-17,74.8315865569756,75.71562480539546,74.41855292777821,75.41128540039062,10207600
2014-12-18,76.53444126079123,77.40398390006503,75.89677149880097,77.39673614501953,11756800
2014-12-19,77.26631275210131,77.81702609977859,76.44749325064241,76.48372650146484,19154400
2014-12-22,76.58517502761511,77.41124230711964,76.57067951552946,77.34602355957031,8124500
2014-12-23,77.28806246376341,77.46921767614415,75.3025973556092,75.56346130371094,10171700
2014-12-24,75.63593146283077,76.32432467047815,75.63593146283077,75.78810119628906,3415100
2014-12-26,76.13592512582423,76.58519211762665,75.86057114735006,76.12867736816406,2951000
2014-12-29,75.82432018090749,76.58517423339032,75.8025824414225,76.32431030273438,4273400
2014-12-30,76.38953719329415,76.66489668516891,76.12867321594909,76.34606170654297,4371700
2014-12-31,76.52721943201679,76.88952990919576,75.75187523199054,75.77361297607422,6202100
2015-01-02,76.12141173329259,76.48372210702856,75.45475644402107,75.73735809326172,5753600
2015-01-05,75.70838705542603,75.88954226365469,75.12868817772703,75.2083969116211,8079300
2015-01-06,75.60694067018076,76.07794535225403,74.59247585146129,74.8388442993164,7428000
2015-01-07,75.29535445792469,76.68662514981496,75.22288795088221,76.49097442626953,7931700
2015-01-08,76.85328103339462,77.16486820159027,76.62865035228312,77.0924072265625,9916000
2015-01-09,77.17214757054609,77.17214757054609,75.9040606386357,76.04174041748047,7364800
2015-01-12,76.20839228368912,76.67939705816484,75.57797552672567,75.78086853027344,6839000
2015-01-13,76.40402014401967,77.04893222406872,75.53447185305086,75.9112777709961,10151100
2015-01-14,75.25909585577476,75.67212937607557,75.00547975180346,75.36054229736328,8887700
2015-01-15,74.61421603839034,75.3098514490569,73.8750996137692,74.26639556884766,10834800
2015-01-16,73.95479762821047,75.80983064931307,73.9113221489813,75.3895492553711,14092300
2015-01-20,73.58526121420758,73.94757169674249,72.6504995058572,73.39685821533203,20460000
2015-01-21,72.86787988350014,73.98379679338014,72.75194340799546,73.83887481689453,11702900
2015-01-22,74.19390562823489,75.23736110122051,73.5997169346551,75.18663787841797,9036600
2015-01-23,74.59249032537542,74.61422807164902,73.86786929801696,74.05626678466797,10126000
2015-01-26,73.76639891465706,74.23739800721879,73.33886977214948,74.09972381591797,8962800
2015-01-27,73.78811934217593,74.4692589682443,73.13595967601121,73.97651672363281,10160500
2015-01-28,74.25915153250558,74.58522872292384,73.5055451405239,73.53453063964844,9053200
2015-01-29,73.55627459235487,74.24466228732332,72.947590116185,74.18669128417969,7569300
2015-01-30,73.60699347876843,73.91133293461988,72.52730434073253,72.56353759765625,10676300
2015-02-02,72.81714076903931,73.07800469259564,72.01281125947693,73.06351470947266,8990700
2015-02-03,73.47655546080139,74.31711277391277,73.27366250689238,74.2446517944336,10005200
2015-02-04,73.99829957545543,74.23742030729882,73.20121204124557,73.44758605957031,9514100
2015-02-05,73.59973967875781,74.31711277391277,73.52003094280522,74.2446517944336,6642200
2015-02-06,73.99101605883673,74.23738442967641,73.06350249828304,73.25914764404297,9215700
2015-02-09,73.23017949058054,73.23017949058054,71.80992332370217,72.30266571044922,9851700
2015-02-10,72.59978463735901,72.96933739172867,72.04907109239694,72.7157211303711,12275500
2015-02-11,72.79542064935484,73.03454689189525,72.42586241346685,72.7374496459961,8177000
2015-02-12,72.82438973370593,72.85337522885088,70.39691118159931,71.33167266845703,25835200
2015-02-13,71.33168416541922,72.22296478900368,71.25197542302793,72.18673706054688,11153600
2015-02-17,72.02005271206036,72.80989216937309,71.82440755072487,72.7809066772461,8627100
2015-02-18,72.96930802221102,73.1432209843605,72.01280884405952,72.43309020996094,7878200
2015-02-19,72.42585653118401,73.07076868801877,72.17948807954768,72.96932220458984,10028200
2015-02-20,73.10065794253066,73.23930141862543,72.31988651658052,73.1590347290039,10085700
2015-02-23,73.50927328241477,73.53116318227812,72.82336562919382,73.10064697265625,6878200
2015-02-24,73.15174282802799,73.73549961110854,72.96931952920498,73.4801025390625,6587200
2015-02-25,73.6552039920941,73.91059539673842,73.08604441399676,73.85221862792969,9684000
2015-02-26,73.97627523882456,75.2897248817034,73.85952725229969,75.01244354248047,11437900
2015-02-27,75.18760174934279,75.3992134841048,74.77897526407452,74.80086517333984,8500000
2015-03-02,74.80086523920946,75.45759035333916,74.80086523920946,75.3189468383789,7277600
2015-03-03,75.23137969670269,75.23137969670269,74.29007465187777,74.67681121826172,6419700
2015-03-04,74.5162583304985,74.5162583304985,73.82304657356185,74.17330169677734,8665500
2015-03-05,74.47979150198195,75.31164138056785,74.42871319600273,74.80815124511719,8042300
2015-03-06,74.49438056924049,74.74247916697344,72.88175916888811,73.04959106445312,9287600
2015-03-09,73.11524873975043,73.64062867935087,72.79418755108537,73.45091247558594,5701100
2015-03-10,72.96203920576824,73.29040456568192,72.6117895024027,72.62638092041016,8735700
2015-03-11,72.84524607927865,72.84524607927865,71.67044002400755,71.743408203125,9138100
2015-03-12,72.21044833284901,73.14445486653571,72.1155902079683,72.84528350830078,8318000
2015-03-13,72.85987128550927,73.00581327855697,71.97694310426236,72.39286804199219,7821800
2015-03-16,72.77959545727288,73.75008871268484,72.77959545727288,73.74279022216797,7726500
2015-03-17,73.04958673955805,73.34875805682982,72.53880372610998,72.88905334472656,7301500
2015-03-18,72.88907996593798,74.2390117663285,72.33451137228028,74.03469848632812,7972500
2015-03-19,73.72821288240768,74.399529393065,73.63335475604897,74.2025146484375,6863100
2015-03-20,74.33385215868364,75.08543530307938,74.25358545713482,74.72058868408203,12433800
2015-03-23,74.77166896689498,75.41379702916196,74.59654414393448,75.14381408691406,9016000
2015-03-24,75.03434829218091,75.32622666693298,74.37762334076797,74.3995132446289,8390700
2015-03-25,74.31922994181781,74.79353149889246,73.21739196777344,73.21739196777344,8444100
2015-03-26,72.93285914658044,73.56039596794947,72.64827914236882,73.07150268554688,9972400
2015-03-27,73.17361216983647,73.66250513718488,73.07875408526783,73.21739196777344,5847400
2015-03-30,73.87414834637104,74.32656019783899,73.52389867894652,74.10035705566406,6061200
2015-03-31,73.67712349867517,74.05656151419383,73.39983651895258,73.40713500976562,8028000
2015-04-01,73.30501019200192,73.30501019200192,71.95507829635655,72.34911346435547,11368100
2015-04-02,72.56070571334192,72.96203370012775,72.15937215943785,72.7066421508789,6097100
2015-04-06,72.1228694915742,72.64824945918393,71.53911830198776,72.35637664794922,9697600
2015-04-07,72.64096180576536,73.60415662722102,72.55339661577214,73.04228973388672,7900300
2015-04-08,72.85255244665376,73.2976656586748,72.67742767102594,73.0860595703125,7354100
2015-04-09,73.38525847198633,74.17332860982731,73.21013363039445,73.93982696533203,8073900
2015-04-10,73.93980789439735,74.53085756177235,73.64792952228142,74.47248077392578,6786500
2015-04-13,74.09304593225266,74.41411271192048,73.37065124511719,73.37065124511719,10753500
2015-04-14,73.73551994754382,74.03469134522477,73.1079831811471,73.3487777709961,9322200
2015-04-15,73.36335519912198,73.8741382136889,73.21012029475192,73.40713500976562,8237100
2015-04-16,73.1663431033966,73.20282999442695,72.80149646156491,72.81609344482422,7324800
2015-04-17,72.50962213724395,72.85987178874198,72.31990032853044,72.66285705566406,11084200
2015-04-20,73.15903784923661,73.61144404590745,73.00580295354645,73.12255096435547,6668500
2015-04-21,73.45093774082292,73.69173232336969,73.08609105361546,73.18824768066406,6532700
2015-04-22,73.42904803176586,73.55310014617204,72.94015476860909,73.28311157226562,4763900
2015-04-23,73.33420397489483,73.56770569521467,72.9036874396977,73.30501556396484,7351500
2015-04-24,73.04958956081705,74.08575260932513,72.96932286030132,73.75739288330078,6566900
2015-04-27,73.81576335044797,74.13682455787304,73.31227328439182,73.39253997802734,9113900
2015-04-28,73.297673295618,73.66251986367406,72.46582356581949,73.50928497314453,7484600
2015-04-29,73.34147144574966,73.4144396586488,72.8963581098117,73.25390625,8926200
2015-04-30,73.02037874135122,73.078755517822,72.07177560860656,72.38554382324219,10170600
2015-05-01,72.69203894131341,73.25390025851142,72.69203894131341,73.06417846679688,6255000
2015-05-04,73.21014765474517,73.37068110992263,73.08610110015147,73.22473907470703,5532400
2015-05-05,73.0641816628912,73.18093525278195,72.45124201731751,72.60447692871094,8828000
2015-05-06,72.69201262392193,72.87443585876373,71.99150807018326,72.3636474609375,8030800
2015-05-07,72.19584196564851,72.96931492234798,72.17395206191051,72.72122192382812,6401600
2015-05-08,73.31956704096062,74.18789806686388,73.29037864814889,74.04196166992188,7508600
2015-05-11,73.93252848326179,74.18062711207591,73.7063253308782,73.72091674804688,5698900
2015-05-12,73.61146539409154,73.73551749839375,73.17365048413151,73.31229400634766,6903100
2015-05-13,73.4655093540567,73.79386905717725,73.31227445479264,73.37065124511719,5826800
2015-05-14,73.67712797458694,74.33385300972448,73.66253099207407,74.3046646118164,5454000
2015-05-15,74.4141195391811,74.66221257014644,74.18791084769886,74.64762115478516,6023500
2015-05-18,74.6987148023801,76.1362061132279,74.66222790580599,75.46488952636719,10479600
2015-05-19,75.63998975743276,75.97564791688407,75.34811140270048,75.85889434814453,7724100
2015-05-20,76.19455480507968,76.23834017823555,75.38459499065539,75.59620666503906,7146500
2015-05-21,75.64032002073809,75.92697513288597,75.22135651006099,75.28015899658203,6875600
2015-05-22,75.16989453239108,75.27280167232173,74.47898504574542,74.49368286132812,6216600
2015-05-26,74.4055074493921,74.64071182445366,73.92774698537859,74.1041488647461,7918900
2015-05-27,74.2437873568531,74.53779416411679,74.0894350447752,74.33198547363281,9297900
2015-05-28,74.24380101536768,74.75095710329197,74.09679478083463,74.3467025756836,5700100
2015-05-29,74.64069709396784,74.69214786561757,73.37647172461632,73.60432434082031,9957800
2015-06-01,73.70723224307378,73.94243659200913,73.29562603436544,73.53083038330078,7298100
2015-06-02,73.44262018666804,73.6778245149056,72.8399087450772,73.48672485351562,8312400
2015-06-03,73.73662164523088,73.81747365291541,73.38381237463358,73.56756591796875,5375200
2015-06-04,73.45731468689887,73.8468712824904,72.81049865704472,72.93545532226562,8057900
2015-06-05,72.75905655516505,72.80316122190573,72.17839464454869,72.46504974365234,7557300
2015-06-08,72.4723999173198,72.75170890579763,72.00199127197266,72.00199127197266,7054600
2015-06-09,72.35479332850468,72.42829362054809,71.88438473017145,72.18573760986328,7844300
2015-06-10,72.38421378064167,73.17067889046363,72.17840505749197,72.67821502685547,10025100
2015-06-11,72.91342406933109,73.35443718239245,72.64147233835321,72.94282531738281,6175200
2015-06-12,72.67820716875188,72.93546664294504,72.11960037517183,72.28865051269531,8717200
2015-06-15,71.84762224893957,71.93582595231821,71.30371343071825,71.6565170288086,6833500
2015-06-16,71.66386982962311,72.39153216850296,71.36986308826684,72.29598236083984,6049500
2015-06-17,72.31068795650225,72.8546024492466,72.14163784723496,72.56794738769531,6155800
2015-06-18,72.66350048579096,73.90567621372892,72.55324723997589,73.76602172851562,8815800
2015-06-19,73.41322687146156,73.64843122509528,73.33972656239742,73.39852905273438,11653600
2015-06-22,73.94242471653219,74.11882654797428,73.4940656221773,73.56756591796875,5055900
2015-06-23,73.57492601766212,73.76603129467705,73.11922076717528,73.3397216796875,6046600
2015-06-24,73.14125968056763,73.36176056107224,72.81785165990534,73.00895690917969,7254700
2015-06-25,73.13392531183186,73.48673465510231,72.84727017379961,72.85462188720703,6581100
2015-06-26,73.08247931966024,73.59698713758964,72.95017650823345,73.23683166503906,9041100
2015-06-29,72.7517090718736,73.02366074100591,71.75208929630067,71.79618835449219,11150900
2015-06-30,72.34744800941607,72.36214582603827,71.51688398128469,71.63448333740234,8967900
2015-07-01,72.25189525026137,72.53119861645645,71.76678320571335,72.37684631347656,6726700
2015-07-02,72.65614259860722,72.78109364964467,72.26658602318892,72.35478973388672,6091900
2015-07-06,71.8182654888437,72.39892761164982,71.0318002050867,72.17842102050781,6817800
2015-07-07,72.49447909137487,72.75173865600786,71.67861253678306,72.70763397216797,7122600
2015-07-08,72.34009555222276,72.46504661922134,71.8035383314815,71.86233520507812,6845500
2015-07-09,72.80317703646615,73.16333251475385,72.3254165649414,72.3254165649414,7316400
2015-07-10,73.33971362711573,73.42056563514026,72.83255205090968,73.15596008300781,6969300
2015-07-13,73.53816884404944,73.85422515669794,73.40586607113349,73.69986724853516,6986300
2015-07-14,72.9575167333714,73.41322198385825,72.43565728373126,73.3397216796875,9890600
2015-07-15,73.32503594346255,74.19235313409528,73.22948048535385,73.81014251708984,7990300
2015-07-16,74.19969390539433,74.50105247050854,74.07474281592886,74.31729888916016,5775000
2015-07-17,74.15558618000018,74.1702896051109,73.4720227129063,73.56022644042969,8054200
2015-07-20,73.86892629102054,73.97917954135576,73.5749194926977,73.77337646484375,5016200
2015-07-21,73.94241749241681,74.09676978081268,73.5528609158397,73.75131225585938,5891600
2015-07-22,73.80279141969515,74.02329235362645,73.30298145198418,73.63373565673828,6721900
2015-07-23,73.86894405369388,73.94244436902031,73.50143686934715,73.6484375,5016100
2015-07-24,73.31767830718088,73.46467892786899,72.80317052705828,72.87667083740234,6524200
2015-07-27,72.74437485680943,72.75907267717075,71.97260750654405,72.23721313476562,8734000
2015-07-28,72.68555521241004,72.93546296131362,72.34009763441259,72.7811050415039,7757500
2015-07-29,72.95753608469693,73.53819817477452,72.80318372268368,73.30299377441406,7853500
2015-07-30,73.35442394504572,73.50142455106239,73.04571370006889,73.38381958007812,5517400
2015-07-31,73.75133445011018,74.22174877574865,73.47203102625338,73.6557846069336,6216800
2015-08-03,73.50139258194297,73.6557448334397,72.93543432645494,73.5160903930664,6172500
2015-08-04,73.80278265874784,73.8689312487606,73.24417026521431,73.35442352294922,6005300
2015-08-05,73.92038180025443,74.2364381473686,73.75867777042203,73.88362884521484,4571300
2015-08-06,73.86156690382985,73.94241890515995,72.77374915310004,72.8178482055664,6988000
2015-08-07,72.7811171680742,72.81787012800274,72.14900999747537,72.65616607666016,6027900
2015-08-10,73.1853723755458,73.54552780622879,73.09716864227661,73.34707641601562,6133500
2015-08-11,72.80316680814344,73.0163160149389,72.59735809889325,72.77376556396484,6682600
2015-08-12,72.32540816493251,72.56796422952696,71.59774557886323,72.55326080322266,7462400
2015-08-13,72.57530835422713,72.75171581877987,72.14165262122464,72.38420867919922,5048000
2015-08-14,72.27395866061948,72.64146581669986,71.93585274995124,72.62676239013672,5177300
2015-08-17,72.35478298317896,73.41319937423938,72.07547406255178,73.40585327148438,6901800
2015-08-18,72.94281278342041,73.26622084870273,72.78110875077924,73.03836822509766,7618800
2015-08-19,72.89869000425371,73.49404956007585,72.60468327762989,72.9942398071289,7642400
2015-08-20,72.72964463079005,73.58961540950295,72.61204528808594,72.61204528808594,10620400
2015-08-21,72.00472866340628,72.96755335457698,70.73824009576464,70.7752685546875,16141500
2015-08-24,67.45723408218933,70.51606352753113,60.576714168005395,68.74594116210938,25636300
2015-08-25,70.87155691890192,70.87895922052202,66.9535864787255,67.197998046875,15671100
2015-08-26,68.81258693123095,70.52345660668324,67.73865988229682,70.44198608398438,14738300
2015-08-27,71.17521301941504,71.3974063748196,69.87909829764928,71.26409149169922,11131200
2015-08-28,71.04930536188894,71.31593512540364,69.90131578838886,70.48641967773438,9200300
2015-08-31,70.27165624685016,70.48644171520108,69.30883126700964,69.60508728027344,9083500
2015-09-01,68.35336908861734,68.79775002639353,67.7386392052117,68.20523834228516,14593500
2015-09-02,69.00516621878657,69.22735963790795,68.50894065344396,69.13848114013672,11517400
2015-09-03,69.36809360618747,69.68656222691459,68.3312002354982,68.61264038085938,9027200
2015-09-04,67.8275156774503,68.0497033145618,67.0794709694385,67.6275405883789,10996800
2015-09-08,68.94591618303676,69.60508850821897,68.51635088937016,69.5754623413086,11394100
2015-09-09,70.35312188462781,70.4790344956466,68.16083658036928,68.30155944824219,7384500
2015-09-10,68.2200934817843,69.23476848800316,67.85718283309546,68.67188262939453,8359500
2015-09-11,68.46447446252613,68.87922930390252,67.99046731506427,68.82738494873047,7381300
2015-09-14,68.80516009532698,69.55320484816373,68.51631219434643,69.11622619628906,7948700
2015-09-15,69.46436380912212,70.1753748445127,69.01998261832968,69.91615295410156,7030700
2015-09-16,69.98279967327146,70.22721127827339,69.48657416053138,70.0716781616211,5630400
2015-09-17,70.0124087522512,71.2418687799952,69.8568756735507,70.24200439453125,8258000
2015-09-18,69.67910142906628,70.15310846050677,69.06437161776986,69.16806030273438,14211100
2015-09-21,69.5236157556623,70.06427774543249,68.41265995953827,68.97554016113281,7053700
2015-09-22,68.33117803827183,69.20513001172965,68.04973233372337,69.05699920654297,10618700
2015-09-23,69.03479778948378,69.3977084618887,68.55338244410608,68.87185668945312,5609300
2015-09-24,68.52374587934625,68.83481777339661,67.97567597653564,68.49412536621094,7407600
2015-09-25,68.82742522488435,68.9755504261664,67.2202436234559,67.39799499511719,10794400
2015-09-28,67.17576604197271,68.19044065143021,66.58325989935406,67.6719970703125,14332800
2015-09-29,68.31635502445049,69.5013730895861,68.0126967939838,68.90886688232422,11520000
2015-09-30,69.71617724911627,69.9679968341614,68.57559528881235,69.13848114013672,10970100
2015-10-01,69.19773235017347,69.5087986114098,67.96086960862903,69.00516510009766,9675900
2015-10-02,68.24229044726847,69.59765746811846,68.02009709444951,69.56803131103516,8368100
2015-10-05,69.76059929138125,70.227198556815,69.67912877113878,70.1827621459961,9419200
2015-10-06,70.00499947293868,70.10869384071698,68.56816768479084,69.19029998779297,8365200
2015-10-07,69.81245873631119,70.67159488454878,69.20513650459759,70.34571838378906,9397300
2015-10-08,70.14574675462877,70.50865739125153,69.47917216141424,70.41978454589844,7090700
2015-10-09,70.46420300742578,71.07152511519119,70.19757323810323,70.63455200195312,8259700
2015-10-12,70.41236525909937,71.44925827603339,70.34571063581257,71.09375,8957900
2015-10-13,70.20499195762333,71.27151119848689,69.8494836604646,70.69380950927734,12761900
2015-10-14,70.51606945166401,71.07154736992159,69.7087775894242,70.01243591308594,8881900
2015-10-15,70.36053266759046,72.1010289245082,70.25684391360308,71.9529037475586,9561900
2015-10-16,72.48613793685148,72.81201434167353,72.13803767774971,72.76016998291016,9495300
2015-10-19,72.6194649122018,72.7305559490582,72.0713894275198,72.53799438476562,8725400
2015-10-20,72.5453925920128,72.76758595440845,72.07138535947325,72.27876281738281,6041800
2015-10-21,72.31580333864193,72.74537419702776,71.89364043315584,72.30839538574219,7059800
2015-10-22,72.47133618555095,73.92298416500142,71.93807659093396,73.71560668945312,9887900
2015-10-23,73.97484546306987,74.71548270273037,73.71562355931144,74.29331970214844,9178900
2015-10-26,74.10075765731293,74.27110105710047,73.68599696309795,74.019287109375,7561600
2015-10-27,74.00446967149615,74.73029663341754,73.84152857898644,74.2044448852539,8883200
2015-10-28,74.39701899203635,74.41924285888672,73.6934157750331,74.41924285888672,7256300
2015-10-29,74.41180988339163,75.1968833963666,74.15258803010862,75.07838439941406,6340700
2015-10-30,75.19687950266815,75.63385830467209,74.81175071924864,74.8265609741211,10520300
2015-11-02,74.93764655366235,75.79678247421036,74.68582705326297,75.6708755493164,6297900
2015-11-03,75.4264642442193,75.7671622136152,74.88580243528745,75.51534271240234,6229200
2015-11-04,75.47091552732994,75.8338260948605,75.3153824269597,75.50054168701172,5592300
2015-11-05,75.73012299705097,75.90787427081426,75.11539301413119,75.78937530517578,6545600
2015-11-06,75.22652637976765,75.48574829101562,74.70067460248922,75.48574829101562,6221100
2015-11-09,75.09319709737484,75.24132226103626,74.47106462926148,74.68584442138672,6625900
2015-11-10,74.80435742597682,75.367243281849,74.5673537472854,75.13764190673828,5114200
2015-11-11,75.38203948780094,75.81161034117036,75.17466201392945,75.44129180908203,6284700
2015-11-12,74.90803581538657,75.25613615636115,74.22665103977525,74.26367950439453,6918700
2015-11-13,74.0933352743156,74.75990978645149,73.87114188673279,73.9748306274414,8517500
2015-11-16,74.3451546449893,75.01913715981472,74.09334072776639,74.96729278564453,5755800
2015-11-17,74.34512911770284,75.33017753932127,74.34512911770284,75.17464447021484,5124000
2015-11-18,75.1968880996904,76.13750043408005,75.03394702440318,76.04121398925781,7148400
2015-11-19,76.03381055591339,76.04862081225889,75.58942375696829,75.90789794921875,5164500
2015-11-20,76.46747121397793,76.69876512833811,76.25110242558561,76.46001434326172,7671500
2015-11-23,76.39286156838367,76.84798113534332,76.2436444644454,76.67637634277344,6730600
2015-11-24,75.9601014960577,76.69127875020027,75.9601014960577,76.13170623779297,7492400
2015-11-25,76.2286934686229,76.34807166507372,76.07201385498047,76.07201385498047,5400800
2015-11-27,76.31077801708422,76.5644538831586,75.94519218742803,76.3779296875,2353800
2015-11-30,76.45999219089737,76.45999219089737,75.53482818603516,75.53482818603516,8983700
2015-12-01,75.90040646225185,76.46743575621083,75.44528709982092,76.37044525146484,7545700
2015-12-02,76.47490901171645,76.79573080891964,76.09439811450663,76.13916778564453,6623500
2015-12-03,76.30332449046175,76.3779387313736,74.8409753064143,75.19910430908203,12008700
2015-12-04,75.65422223542332,76.84797606496939,75.56468856360713,76.8106689453125,7845400
2015-12-07,76.55700284469924,77.21356606302604,76.54954028191497,77.08673095703125,7262900
2015-12-08,76.83305553030583,77.02703661139068,76.0347321345987,76.41523742675781,8005400
2015-12-09,76.20635121750234,77.10166538868044,75.85568469790584,76.21381378173828,7947000
2015-12-10,76.32571364138974,77.10164939288899,75.95266519874808,76.57938385009766,6479300
2015-12-11,76.37794499623213,76.37794499623213,75.67661205845953,75.8631362915039,7796500
2015-12-14,75.84076526170263,76.31826691196677,75.19165878762387,76.21381378173828,10641500
2015-12-15,76.58684277711525,78.10888103391231,76.58684277711525,77.6910629272461,9283200
2015-12-16,78.07156053686187,78.70574161212619,77.23593015898287,78.52667999267578,8178800
2015-12-17,78.45954026612671,78.5341488058151,77.31800740905427,77.32546997070312,8740800
2015-12-18,76.90763746309645,76.90763746309645,76.06454467773438,76.06454467773438,14966000
2015-12-21,76.35554264473308,76.78828014844474,75.24386002309228,75.78851318359375,8321900
2015-12-22,76.03473298888062,76.75844215447547,75.46769778700919,76.63160705566406,5581600
2015-12-23,76.9300396543546,77.34785203078702,76.65398179577365,77.21355438232422,5531700
2015-12-24,76.93752057469848,77.52693785624942,76.85544945370607,77.38517761230469,2546300
2015-12-28,76.98228617520653,77.19865498121706,76.79576193129415,77.01213073730469,4063000
2015-12-29,77.10164642556677,77.73583330746436,77.10164642556677,77.616455078125,4230000
2015-12-30,77.67614497190654,77.84774406296896,77.24340742461183,77.429931640625,3847800
2015-12-31,77.12403268979119,77.31055690049202,76.61668660899427,76.63906860351562,4592600
2016-01-04,75.8855229383996,75.96013149773525,74.19934217452689,74.96782684326172,12722800
2016-01-05,75.04242294046854,75.68406669028141,75.03496037809381,75.28117370605469,6467200
2016-01-06,74.47539787562309,75.3334105129628,74.31125563463851,74.90067291259766,7733800
2016-01-07,74.09489410821287,74.67684887991085,73.77407215813982,74.02774810791016,9433100
2016-01-08,74.52015938055817,74.56492906713717,73.00558352217362,73.23687744140625,9766700
2016-01-11,73.29655252681627,73.58752984125425,71.68498630010338,72.79666900634766,8151400
2016-01-12,73.11003034881918,73.5875318879607,72.55045769898766,73.29655456542969,6745000
2016-01-13,73.48308542506666,73.848677021106,72.25202434569333,72.38632202148438,8290700
2016-01-14,72.44598800186856,74.21423921959682,72.37137947076428,73.78150177001953,10164300
2016-01-15,71.90132961105604,73.11746498973099,71.81179597205723,72.37136840820312,12662200
2016-01-19,73.06527534991753,73.42340439447942,72.29679639367446,72.74445343017578,12457800
2016-01-20,71.70736943298037,72.58030139015108,70.52853503193239,71.43877410888672,12685200
2016-01-21,71.45370270988714,72.10280910844686,70.34201984335273,71.5805435180664,11266400
2016-01-22,72.38631914783683,72.43854570344514,71.58799568795689,72.18487548828125,8380000
2016-01-25,72.16247967884654,72.88619444822211,71.65513365336538,71.9237289428711,9350200
2016-01-26,72.56539074686894,75.60946196818902,72.47585706390413,75.4900894165039,17266600
2016-01-27,74.97527395380715,77.13149348382416,74.97527395380715,76.22126007080078,19330500
2016-01-28,76.47494191044312,76.87783497040937,75.98997772572811,76.30333709716797,12789500
2016-01-29,76.76590327501552,78.1536438503166,76.57191650312743,77.92235565185547,15614600
2016-02-01,77.30310480454555,78.18349942594358,77.01212745183729,77.8701400756836,9803700
2016-02-02,77.07181377147748,77.78806612843233,76.84798241956194,77.15388488769531,10616300
2016-02-03,77.33291583678138,77.87756318196153,76.10931783480363,77.69850158691406,10168600
2016-02-04,77.30309381941635,77.6612171138888,76.64653065137212,77.51946258544922,10389000
2016-02-05,76.59429272318854,76.67635812627043,74.44553050646002,75.01256561279297,15522200
2016-02-08,74.84095485742642,77.22846760757452,74.77380888967309,76.10186004638672,14323800
2016-02-09,75.5870564674374,76.28092664092546,75.33338631631538,76.07948303222656,10044500
2016-02-10,76.13917951651791,76.78082320978328,75.6318334728259,75.90042877197266,9833100
2016-02-11,74.95290074049636,76.11681018933456,74.59477738343914,75.87805938720703,12465800
2016-02-12,75.96757507324219,76.08695329215516,75.14686974114922,75.96757507324219,9035000
2016-02-16,76.37793669709899,76.88528278354283,75.84074605353878,76.34062957763672,10452800
2016-02-17,76.66146932462367,77.02705527306648,76.27350137619212,76.47494506835938,8904000
2016-02-18,76.72113874904362,78.10141675245895,76.47492542786347,77.77313232421875,10744600
2016-02-19,77.84076066045183,78.66741364787484,77.69045646868123,78.2766342163086,9343300
2016-02-22,78.27663961301172,78.72002410888672,78.19397373521825,78.72002410888672,6947000
2016-02-23,78.64487918268313,78.75008926318014,78.12633969057684,78.21652221679688,6629200
2016-02-24,77.66040742672674,78.96802829292099,77.38235466337335,78.87784576416016,9076100
2016-02-25,78.87030350059396,79.95247056012535,78.73503261815254,79.94495391845703,8092500
2016-02-26,80.27564431386058,80.35079355523305,79.22353773408717,79.49407958984375,9049400
2016-02-29,79.11833227927772,79.80971451399387,78.93797294272568,79.06572723388672,10111100
2016-03-01,79.58426326144513,80.59127572402757,79.23857215935625,80.57624816894531,8298500
2016-03-02,80.34328555992906,80.71903751394571,79.98256116132436,80.44097900390625,9767000
2016-03-03,80.27564246433549,80.41091338909717,79.38135103210435,80.14788818359375,6927200
2016-03-04,80.04265763330878,80.39586527617277,79.71199418322027,80.03514099121094,6715700
2016-03-07,79.65938119276302,80.35076312518433,79.27611275333749,80.21549224853516,6973500
2016-03-08,80.05017760623467,80.23805354532823,79.63685398034004,79.8247299194336,7632900
2016-03-09,80.29068756103516,80.4259585153513,79.7270595403047,80.29068756103516,7564200
2016-03-10,80.40340180672125,80.77164285112744,79.71201958486772,80.51612854003906,10474700
2016-03-11,80.78665815729332,81.1548934123459,80.56872136819555,80.94447326660156,7763800
2016-03-14,81.10229299810268,81.38786812661893,80.64387519723962,80.90690612792969,7242800
2016-03-15,80.8768379653233,81.42543250783208,80.2305442630525,80.98204803466797,8476600
2016-03-16,80.95951329325699,80.99708504611411,80.32073042597239,80.71903228759766,7065100
2016-03-17,80.76409239647828,80.86178579991255,79.9975555176272,80.21549224853516,8571100
2016-03-18,80.40341347342054,81.04219074354963,79.9299680050116,80.78668212890625,14758300
2016-03-21,80.71902942894171,80.9745379799912,80.07273567408576,80.62133026123047,7674700
2016-03-22,80.62133818280167,80.88436340340809,80.4484954950545,80.69648742675781,7821700
2016-03-23,80.62885841085416,81.78617516647991,80.56122007482355,81.53817749023438,8191300
2016-03-24,81.32776076619261,81.62084685658735,80.97455298199375,81.39539337158203,6284500
2016-03-28,81.47054468087353,81.83878000515404,81.20751371572456,81.33527374267578,4738100
2016-03-29,81.38785886134869,82.10178513432669,80.96701286026565,82.01911926269531,6612800
2016-03-30,82.25209727067778,82.33476315605692,81.8613177763106,81.89889526367188,5248200
2016-03-31,81.80870891214964,81.89889143749177,81.19247598944334,81.31271362304688,8167700
2016-04-01,81.16239521199081,82.13183562060063,80.92943091231176,82.05668640136719,9043200
2016-04-04,81.77863756923425,81.98905770116001,81.3577973053827,81.60578918457031,10668900
2016-04-05,81.33527239254278,82.54518843795175,81.1699406115433,81.87635040283203,7939000
2016-04-06,81.70351038033667,82.28968254410957,81.07224408075962,82.22956085205078,6828700
2016-04-07,81.91391016640766,82.37984456353102,81.63585171003294,82.11681365966797,7822900
2016-04-08,82.19197632342649,82.39487983569701,81.73355852636871,81.98906707763672,6301600
2016-04-11,82.02663595643025,82.3798436384343,81.65088407915253,81.89136505126953,6823900
2016-04-12,81.91391362815236,82.84577672826163,81.72603767946393,82.36481475830078,8412300
2016-04-13,82.665419567039,82.92844475532121,82.14688010048327,82.5677261352539,5758300
2016-04-14,82.66540936315113,82.88334613040347,82.25208002292803,82.545166015625,4457100
2016-04-15,82.71804668513414,82.96604438607939,82.2896896260108,82.80071258544922,10057900
2016-04-18,82.66542006684128,83.49207312080587,82.41742243059616,83.36431884765625,7772500
2016-04-19,83.90540296859079,85.6338583210484,83.77764869474984,84.67945098876953,10526400
2016-04-20,85.06273362141131,85.81423756863884,84.95752352748106,85.35581970214844,8213400
2016-04-21,85.15291211299851,85.46854813456393,84.74709928543173,85.34830474853516,7884500
2016-04-22,85.24309680480508,85.48357784941426,84.7921955628529,85.16043090820312,7508700
2016-04-25,85.15288794878839,85.33325297664857,84.52914419470734,85.30319213867188,6139900
2016-04-26,85.25812491699448,85.34079081413485,84.65692516831585,84.8523178100586,5853600
2016-04-27,84.88988077796071,85.07024011053406,84.5141288238797,84.7470932006836,5759300
2016-04-28,84.24359200363553,84.70200987375074,83.89790087319982,84.52916717529297,6640000
2016-04-29,84.21352048404334,84.33376385340023,83.80019680229775,84.22855377197266,7774500
2016-05-02,84.33377474408077,84.76213176907278,84.11583790911709,84.73207092285156,5178800
2016-05-03,84.5892743985018,84.99508717932748,84.25861659204794,84.68697357177734,7554500
2016-05-04,84.1984998171211,84.57425177681897,83.9429855030962,84.33377075195312,5214600
2016-05-05,84.22857316457367,84.9951047533904,84.19851231531331,84.82977294921875,5404300
2016-05-06,84.60431831547334,84.95752609872335,84.37886483107368,84.72455596923828,6099900
2016-05-09,84.90488742301433,85.66390200393845,84.7170115049309,85.46099853515625,6512700
2016-05-10,85.6714434159994,86.42294730561343,85.61132172878557,86.1749496459961,8356400
2016-05-11,86.09980716330683,86.24259474826984,85.9044145312817,85.94950866699219,6680700
2016-05-12,86.04720286154048,86.24259549525802,85.32575975264518,85.84429931640625,7156300
2016-05-13,85.59629647629973,85.73907832037389,85.19048367696935,85.34078216552734,6779900
2016-05-16,85.21302434685022,86.14488755104988,85.1529026605097,86.00210571289062,6222900
2016-05-17,86.07725296661943,86.09228052109779,85.10029565346154,85.54368591308594,9233900
2016-05-18,85.37835268471314,85.6939829250309,84.82975235257281,85.36331939697266,8267900
2016-05-19,84.91243055435501,84.9500080456389,84.31874173989489,84.80722045898438,8232200
2016-05-20,84.92073693682893,85.4656837810408,84.5877183566087,85.2537612915039,7435200
2016-05-23,85.35214207952411,85.3899878514944,84.79963076526408,84.89045715332031,6462300
2016-05-24,85.1629385369444,85.90467305651859,85.1629385369444,85.29161071777344,6125300
2016-05-25,85.66247129463964,86.07875173735151,85.41270302901252,85.7911376953125,5453800
2016-05-26,85.60951105759055,85.76845296234906,85.41272336740833,85.45056915283203,3973600
2016-05-27,85.55650516961987,85.78356249177494,85.29160207321175,85.57164001464844,4647000
2016-05-31,85.72302602549317,86.00306399531256,85.01156697349904,85.29161071777344,10104700
2016-06-01,85.29161810442994,85.57165609850193,84.82235697798114,85.35973358154297,4748900
2016-06-02,85.42785170169564,86.7750783167989,85.42028139080874,86.65397644042969,7310800
2016-06-03,86.63883696459749,87.33515539315503,86.37393384226091,86.85832977294922,6881700
2016-06-06,87.01728770829475,87.79686237269102,86.9870122352315,87.6227798461914,6349400
2016-06-07,87.80440599307254,87.9709181570746,87.38055527348881,87.59248352050781,6417400
2016-06-08,87.43354140514425,87.75899544409282,87.35029109234779,87.64546966552734,5863800
2016-06-09,87.63033698783973,88.6975255987177,87.50167057750066,88.55371856689453,7375500
2016-06-10,88.35692135013363,88.72779146845551,88.06931309205657,88.561279296875,6067400
2016-06-13,88.65209290431602,89.03809783749026,88.39476013183594,88.39476013183594,7940900
2016-06-14,88.13741686322783,88.68993392520946,88.02389110171785,88.64452362060547,6378400
2016-06-15,89.03811623834922,89.11380202386985,88.0541837032152,88.10717010498047,6371400
2016-06-16,87.56222635008692,88.47046735781456,87.20649679348267,88.28125,6664300
2016-06-17,88.26610512781969,88.30394513041183,87.0475450199285,87.40327453613281,10702200
2016-06-20,88.25096145878486,88.65967158406406,88.12229506039732,88.20555114746094,5588200
2016-06-21,88.54612954989929,88.6672313983675,87.93306732177734,87.93306732177734,5493500
2016-06-22,88.20556284128465,88.71266396647931,88.03148033403961,88.14501190185547,5833800
2016-06-23,88.70507190067387,88.84130859375,88.31150243981727,88.84130859375,6775900
2016-06-24,87.09297012800185,88.6445548592312,87.03998949580871,87.51681518554688,13939500
2016-06-27,87.03995472244125,88.28121970174413,87.03995472244125,88.21310424804688,10877400
2016-06-28,88.68238704819352,89.59063380142926,88.21313171142093,89.48467254638672,10089600
2016-06-29,89.9463448511681,90.37776589569674,89.38626318594746,90.31721496582031,8341500
2016-06-30,90.20368539700776,91.89150651404105,90.18855055143351,91.8082504272461,11559900
2016-07-01,91.80825237804639,91.98989940107032,91.42224740147263,91.8006820678711,7051400
2016-07-05,91.85365613383759,93.26900376394651,91.8385155145677,92.54240417480469,9334100
2016-07-06,92.28508740104142,92.83760461115423,91.98990879306982,92.82246398925781,9332400
2016-07-07,92.78462811746267,92.95114032937322,92.34564820132829,92.72408294677734,6058700
2016-07-08,93.09490817866757,93.17059394099529,92.30776354666149,92.98137664794922,6129900
2016-07-11,92.87544185135704,93.43552358128473,92.64838449976996,93.04195404052734,6711600
2016-07-12,92.83000303244671,93.24627760310004,92.79972757330682,93.03435516357422,6415900
2016-07-13,92.85272697906476,93.39767380498778,92.56511872069629,93.09492492675781,5230800
2016-07-14,93.07979147075511,93.6550079960783,93.02681084935811,93.23116302490234,5322700
2016-07-15,93.67771175342547,94.07885733739154,92.87543213440244,93.09492492675781,7192800
2016-07-18,93.09492834230245,93.26144052016079,92.67108336190286,93.20088958740234,6599200
2016-07-19,94.44216017746841,95.17632439893163,93.35226642400093,94.79788970947266,11325700
2016-07-20,95.24442101875553,95.41850348220929,94.63892910014442,94.71461486816406,7334600
2016-07-21,94.76760116557743,95.16874095714283,94.52540322871978,94.7221908569336,5492600
2016-07-22,94.69951469088971,94.87359144361359,94.34378509907648,94.63139343261719,5839200
2016-07-25,94.6616502283921,94.70706054197665,93.95776149555724,94.5254135131836,4880600
2016-07-26,94.63136446519161,95.02493972161923,94.41944199224795,94.7221908569336,5589900
2016-07-27,94.68433089211989,94.78272757870623,94.10910871287702,94.43456268310547,4812600
2016-07-28,94.59354175904227,94.60867660653896,94.16212642469466,94.19996643066406,4320400
2016-07-29,94.10915666980853,94.85089136637372,94.10915666980853,94.78277587890625,7020900
2016-08-01,94.8433091055449,95.14605804099104,94.68436721368819,94.91143035888672,4615100
2016-08-02,95.10062252737646,95.28983984009528,94.2150868897213,94.49512481689453,7158700
2016-08-03,94.6086705635487,94.6086705635487,93.6171735438683,93.77611541748047,5310600
2016-08-04,94.03344261311666,94.14697416590275,93.57932217642696,93.74583435058594,4728200
2016-08-05,94.13940087562175,94.13940087562175,93.67014560816162,94.03343963623047,5146900
2016-08-08,93.85181723043665,93.96534880939691,93.26903026097602,93.5869140625,5232500
2016-08-09,93.78367945007675,93.85179491658444,93.34469386217846,93.42037963867188,3941500
2016-08-10,93.54151605355649,93.68532313300996,93.2766128343978,93.36743927001953,4333500
2016-08-11,93.73827005150696,93.95776286111379,93.45066177053336,93.67771911621094,4052000
2016-08-12,93.45066143307241,93.67771877793004,93.0570861295245,93.26144409179688,4234800
2016-08-15,93.1857610011598,93.29928678963948,92.54998771339781,92.57269287109375,6469500
2016-08-16,92.42133103582412,92.58027293088806,90.86974631938857,91.07410430908203,11289100
2016-08-17,91.20274130547114,91.83094414597527,90.71077515598652,91.81580352783203,10442800
2016-08-18,91.70985922790017,91.87637141148969,90.74863767870832,91.36927032470703,8728000
2016-08-19,91.36166295337566,91.42261202407116,90.91212795250821,91.36927795410156,7798300
2016-08-22,91.35403742492343,91.35403742492343,90.63021129786085,90.7673568725586,6544900
2016-08-23,91.1787856685141,91.39974273147996,90.6835374800028,91.00354766845703,5603200
2016-08-24,91.03403008175836,91.13307739968356,90.37877966969405,90.44734954833984,6303900
2016-08-25,90.56163241421686,90.82830272379223,90.15781654357747,90.3406753540039,5566000
2016-08-26,90.54640429500685,91.23213220261006,90.33306801552533,90.69879150390625,6482700
2016-08-29,90.89689213807875,91.52928016401034,90.7140274870593,91.36927795410156,5074900
2016-08-30,91.94072063348298,91.94072063348298,90.86641837687189,91.02642059326172,3820500
2016-08-31,91.07974009625302,91.14069497264484,90.67592421286682,90.92735290527344,5693100
2016-09-01,90.81305953921989,90.96544090004174,90.36352464273575,90.729248046875,4551800
2016-09-02,90.94258681060863,91.28544778849702,90.59210502057397,90.912109375,5806400
2016-09-06,91.26260272010632,91.40736910433262,90.94259832516343,91.23974609375,5280700
2016-09-07,91.30832518660272,91.39213670035132,91.00356238712904,91.13308715820312,4753800
2016-09-08,90.95022989207293,91.29309095391143,90.7749860476586,91.02642059326172,4833000
2016-09-09,90.69116588585918,90.79021901964087,90.04353626803336,90.08163452148438,7957300
2016-09-12,89.72351235782959,91.01115050023373,89.43397964569853,90.79019927978516,7239800
2016-09-13,90.22639749435797,90.53878690462334,89.51781297736657,89.60924530029297,7957900
2016-09-14,89.79209232227979,90.15781575290207,89.49494457807651,89.79971313476562,6124900
2016-09-15,89.76160258747032,90.62257407813239,89.38826420848841,90.3863754272461,5812100
2016-09-16,90.2950014618199,90.77500822827768,89.99785358549182,90.0969009399414,12408800
2016-09-19,90.180694873495,90.40927280127613,89.6321124972028,89.64735412597656,5457600
2016-09-20,90.03590913546839,90.08924319877008,89.6701915051073,89.8682861328125,5187700
2016-09-21,89.86827700354596,90.66829368477865,89.63208414905736,90.59972381591797,6337300
2016-09-22,90.85879661340715,91.30832581480807,90.77498509908193,91.018798828125,5340500
2016-09-23,90.98066943660292,91.1254299646674,90.4473231244942,90.52351379394531,4773000
2016-09-26,90.3864145313498,90.39403534608854,89.57116174365731,89.73878479003906,5998900
2016-09-27,90.20353608310175,90.83592987060547,89.69305205303465,90.83592987060547,5349500
2016-09-28,90.70642741097821,91.06452433227878,90.52356272987058,90.9654769897461,5076100
2016-09-29,90.57686311803658,90.87401084808744,89.17493596220453,89.35017395019531,6190200
2016-09-30,89.73876181111942,90.37877638678476,89.44161405516023,90.00543212890625,7941100
2016-10-03,89.9063618145232,90.675900945823,89.47206860437883,90.52351379394531,6098600
2016-10-04,90.54641715201373,91.03405047675496,90.11974453246593,90.53118133544922,5733900
2016-10-05,90.8359431420542,91.00356617653125,90.36355148243507,90.80546569824219,5778700
2016-10-06,90.28733411287006,90.55400440124109,89.84542002758305,90.47781372070312,4448500
2016-10-07,90.79781645596726,91.10258498568874,90.43209887068247,90.85115051269531,4799300
2016-10-10,91.05689781743276,91.58261772345611,90.93498804544146,91.2778549194336,3657000
2016-10-11,90.98070213345535,91.14831934129627,89.19018878651036,89.6321029663086,6394200
2016-10-12,89.87588596393064,90.2339885109184,89.52540422791459,89.88350677490234,4685200
2016-10-13,89.55590988415197,90.82069169422444,89.35780942728132,90.1044921875,7387400
2016-10-14,90.28735710135959,90.51593501414908,89.57115173339844,89.57115173339844,5640500
2016-10-17,89.52539614870423,90.32541265224438,89.52539614870423,90.27969360351562,6956400
2016-10-18,89.43396514872877,90.27207990275124,87.7425114588224,87.93299102783203,12598300
2016-10-19,88.05491783088368,88.29873151010891,87.2091878594825,87.30823516845703,7400900
2016-10-20,87.49110611839835,88.15397151861256,87.308241486015,87.5215835571289,6973000
2016-10-21,86.94250600953094,87.0415533053513,86.08915533908527,86.43202209472656,8422000
2016-10-24,86.80540587643105,87.00350638467094,86.4320673060004,86.56159210205078,6141900
2016-10-25,86.5844181233431,86.9806189997467,86.16536062195023,86.82823181152344,5595000
2016-10-26,86.58442147778293,87.78825415298944,86.55394403895752,87.28538513183594,6429200
2016-10-27,87.60539236966535,88.80160419145808,87.46062599338585,88.15396881103516,7548700
2016-10-28,88.24540878518297,88.31398447941795,87.29301057008949,87.8720703125,8813300
2016-10-31,87.83395469498592,88.55778068315169,87.23965925632905,88.37491607666016,8552500
2016-11-01,87.43775332556052,88.33681723012168,87.33870021765813,87.8796615600586,7591900
2016-11-02,88.01682499313226,88.19968962352593,87.49110516643722,87.51396179199219,6591300
2016-11-03,87.52921232177007,87.95589071811953,87.43016499005255,87.64350128173828,6227100
2016-11-04,87.65111081919412,88.33683867780375,87.65111081919412,87.7044448852539,7160600
2016-11-07,88.29874120809204,88.93113500624997,88.26064295500694,88.88542175292969,6398200
2016-11-08,88.74827805647561,89.57876651189939,88.74065724310199,89.18257141113281,6675300
2016-11-09,91.4302270897477,93.33502348745078,89.98258066489791,91.66641998291016,16220000
2016-11-10,92.01688355924975,92.26831802895701,90.68352634549899,91.07972717285156,11904500
2016-11-11,91.0416502499302,91.0416502499302,90.00544050751743,90.26449584960938,8134800
2016-11-14,90.34830778663014,90.66069138574488,88.76351572450295,88.83970642089844,10054900
2016-11-15,88.6873205408444,88.90827761829593,88.24540638594134,88.6263656616211,7446700
2016-11-16,88.87781747200656,88.97686481028354,88.44352404574846,88.6568603515625,6594800
2016-11-17,88.90063735404932,88.90063735404932,88.4739649187949,88.81682586669922,5730300
2016-11-18,88.83220093020132,88.9319327036247,88.08035833216121,88.50231170654297,7717800
2016-11-21,88.56366735789115,88.74778976367746,88.07267037369716,88.22610473632812,5843300
2016-11-22,87.91156756881334,88.22611566024277,86.1317018174456,86.49227905273438,11649700
2016-11-23,86.11635496380609,87.02163180245124,85.5869964322245,86.74544525146484,7892600
2016-11-25,87.1520408539461,87.63537018513063,86.98325955436708,87.55864715576172,3433300
2016-11-28,87.29782501791203,87.55099701783485,86.73011077672017,86.7914810180664,9065700
2016-11-29,86.65338754690443,87.00629716291068,86.0549852597446,86.29281616210938,7799600
2016-11-30,86.07031263475727,86.3234787234146,85.38751983642578,85.38751983642578,11178500
2016-12-01,85.43354959239532,85.57164284773474,85.15736308171653,85.44889068603516,8143300
2016-12-02,85.70976031005907,86.33117720802038,85.49494981956117,85.89388275146484,6167700
2016-12-05,86.23143615652094,86.24677725284226,85.71742455913594,85.87853240966797,5451600
2016-12-06,86.10869724362966,86.84519289662629,85.80949606751062,85.9706039428711,6530400
2016-12-07,85.84016842978973,85.84016842978973,83.86850690622528,85.23409271240234,11761100
2016-12-08,84.80448130791193,85.31081947288475,84.33649881352144,85.14971160888672,7774900
2016-12-09,85.471941332196,86.25446615375166,85.31082759970333,86.1240463256836,7672100
2016-12-12,86.45393264141065,88.53299975678411,86.36954196653429,88.50231170654297,9544600
2016-12-13,88.63271086527277,88.97027348607463,88.23377801144437,88.90889739990234,7051600
2016-12-14,89.08531985426879,89.99059631076469,87.90385696337458,88.21839904785156,9378700
2016-12-15,88.47927650298779,88.93191196893052,88.14171388218594,88.90889739990234,6738100
2016-12-16,89.30786505943306,89.34622073586588,88.57903696943755,88.90125274658203,11291100
2016-12-19,89.04699799491026,89.49963935124666,88.94726623653264,89.00863647460938,6310800
2016-12-20,88.97794324447517,89.18508021022458,88.15705714892408,88.7324447631836,5715200
2016-12-21,89.14671338660908,89.14671338660908,88.02662626658817,88.46392059326172,5907600
2016-12-22,88.22609707571605,88.63270336921394,87.36684950141158,88.56365966796875,4602300
2016-12-23,88.53298740028258,89.23879489787826,88.45627021196067,88.96260833740234,2992500
2016-12-27,88.90891604915322,88.9933067220552,88.51765073416648,88.92426300048828,3232600
2016-12-28,88.90122048247771,89.11603677576035,88.26446263582707,88.30281829833984,3278300
2016-12-29,88.40254915687133,88.89354608350085,88.23376786587774,88.60201263427734,2993600
2016-12-30,88.83988666530679,88.98564760763227,88.21079618142132,88.38724517822266,5506700
2017-01-03,88.82451529110863,88.99329661774914,88.40256782765363,88.87054443359375,5953000
2017-01-04,88.60967566200746,89.16972207490844,88.46390895457891,88.7247543334961,5828900
2017-01-05,88.99329780609534,89.73746683632214,88.56367686210724,89.653076171875,6217200
2017-01-06,89.5073268371107,89.76049887973201,88.80919266723838,89.22347259521484,5221400
2017-01-09,89.26180197786742,89.46127133328119,88.90889825868662,89.20809936523438,5457500
2017-01-10,89.01634358857828,89.76051287972591,88.89359721289276,89.11608123779297,5312800
2017-01-11,89.05464780430636,89.18506757363781,87.47424606759428,88.01895141601562,8887200
2017-01-12,87.66606663111668,88.01897623480387,86.97560607966285,87.93458557128906,6627300
2017-01-13,88.18009598884645,88.24146623620258,87.79650414042187,87.91925048828125,4935200
2017-01-17,87.41289994896083,88.26447420046958,87.20575710229855,88.12638092041016,6255400
2017-01-18,88.12637444035306,88.30282337497619,87.77347071796099,87.9959487915039,5014600
2017-01-19,87.98060110708356,88.14938240801001,87.39754002746821,87.61235046386719,5540800
2017-01-20,87.8348523816962,88.24913224532028,87.52031013623787,87.57401275634766,7502400
2017-01-23,87.85020159853391,88.04966513371816,87.30550190818292,87.389892578125,7989800
2017-01-24,86.62272579880273,86.92192701300439,85.2724806698748,85.74046325683594,12450300
2017-01-25,85.87086296170737,86.53831481933594,84.97325952958887,86.53831481933594,9385500
2017-01-26,85.92454812344448,86.56897942486056,85.61767356666026,85.80179595947266,10164300
2017-01-27,85.92455001004984,87.10601327506548,85.84783283245567,86.98326110839844,8886100
2017-01-30,86.9986238736929,87.15205825677832,86.57667054048822,86.7914810180664,6969400
2017-01-31,86.53064875763319,86.99863127494697,86.25446216206613,86.88355255126953,8713400
2017-02-01,86.29281450545811,86.93724592444413,86.28514103052359,86.86820220947266,7082300
2017-02-02,86.55365586350835,87.16740510139972,86.51529434121021,87.12904357910156,7826300
2017-02-03,87.0753187877131,87.1980709452935,86.4308875198511,87.18272399902344,7267600
2017-02-06,87.0446482213497,87.1443799795448,86.40021682412684,86.99861907958984,6178400
2017-02-07,87.15204820717652,87.1673951556033,86.7301007757736,87.05998992919922,5507900
2017-02-08,86.92190189227468,87.22110302000617,86.80682318472881,86.99861907958984,5272000
2017-02-09,86.99861676458171,87.95759621336866,86.99861676458171,87.52030181884766,5854600
2017-02-10,87.7044326361717,88.98562789773385,87.6353889187548,88.41024017333984,6438500
2017-02-13,88.44094365735455,89.08538106479112,88.39491450437609,88.90125274658203,5710800
2017-02-14,88.56367038696247,89.30016588844322,88.47160625434765,89.26947784423828,5539100
2017-02-15,88.91657480685211,90.11337927441923,88.67874392570137,89.91390991210938,5979700
2017-02-16,89.76048295462255,90.74247704531498,89.76048295462255,90.58904266357422,7119300
2017-02-17,90.67344255404767,91.21814227373228,90.56603730527307,91.18745422363281,8691400
2017-02-21,90.83454780251257,91.97764983323876,90.77317170408712,91.80120086669922,8595100
2017-02-22,91.50964134305931,91.88555959617214,91.4866267759711,91.69376373291016,5103900
2017-02-23,91.69380345693979,93.51970461223259,91.6631212562934,93.36626434326172,9980900
2017-02-24,93.82959751199564,94.7871983389358,93.3662426532747,94.77947998046875,10835000
2017-02-27,94.31612179313029,94.8953168552416,94.29295493334614,94.5246353149414,5946200
2017-02-28,94.22344951803663,94.71769547432129,94.16939155068914,94.37789916992188,8885500
2017-03-01,94.5941241938907,96.10775306196139,94.54006623045518,95.6521224975586,9393900
2017-03-02,95.56718352221068,96.0382626355693,95.00343107951248,95.4745101928711,6950200
2017-03-03,95.47451142598385,95.70619180638676,95.16561210794909,95.59807586669922,5585200
2017-03-06,94.99573609350998,96.09234424705676,94.67910655927113,95.53631591796875,6670700
2017-03-07,94.66364973587336,96.11549668352836,94.51691842331365,95.62897491455078,6644000
2017-03-08,95.56718116922778,96.28538325126553,95.3741161567647,95.83747100830078,7909900
2017-03-09,96.2081589252213,97.4669406919544,95.89152947503366,97.26615142822266,8571100
2017-03-10,97.33566665596906,97.68318135473253,96.94953659428649,97.46694946289062,7395400
2017-03-13,97.17348278963719,98.03841026846392,97.14259168083959,97.82990264892578,7162500
2017-03-14,97.96890744246073,98.65621839476101,97.89940097629338,98.11563873291016,7679700
2017-03-15,98.11561803927262,99.62152241672891,97.76809756548451,99.59063720703125,8360600
2017-03-16,99.18908030851648,99.38986367450939,98.67166160970402,99.20452880859375,7610700
2017-03-17,99.19681086070177,99.57522256471829,98.81068079757428,98.8956298828125,13300800
2017-03-20,98.8801721873915,99.17363477888493,98.82612011113144,98.90335083007812,5827500
2017-03-21,99.14275349212595,99.19680557052892,98.18514674448744,98.27009582519531,7578600
2017-03-22,98.11564033721257,98.57899518235774,97.4669388405081,97.50555419921875,10272700
2017-03-23,97.38200399494782,98.077039310167,97.04221353452307,97.22755432128906,8508100
2017-03-24,97.19665495396893,97.58278499720195,96.63290249842288,96.9031982421875,6490300
2017-03-27,96.65606838218577,97.41287991369535,96.64834413214443,97.15031433105469,5004300
2017-03-28,97.01132232686429,97.1348808872954,96.36262073599951,97.0422134399414,5287600
2017-03-29,96.57113122988099,96.78736312272223,96.03826985689564,96.47073364257812,3971800
2017-03-30,96.33170429655101,96.86456554625246,95.97646542737532,96.26992797851562,4711700
2017-03-31,95.84518602520369,96.40121415023222,95.78340381311695,96.18498229980469,5657600
2017-04-03,96.32401245134868,96.77191886679668,95.97649184385376,96.29312133789062,4956400
2017-04-04,96.15408709686324,96.35487043977618,95.9301310064981,96.28536987304688,5358500
2017-04-05,96.3162619183603,96.99584855336727,96.07686321923158,96.37804412841797,5646300
2017-04-06,96.4166809057078,96.88776008007196,96.14639102497695,96.57113647460938,4324200
2017-04-07,96.6251892030913,96.89547906914285,96.40123305925509,96.47073364257812,3615100
2017-04-10,96.43212232766949,96.49389865881646,95.93787632723124,96.02281951904297,4594200
2017-04-11,95.96105163669274,96.37034858947834,95.72164697436567,95.93016052246094,4161500
2017-04-12,96.17726368671498,96.8877414917213,96.03825664731146,96.8414077758789,5556600
2017-04-13,96.63289620715372,97.03447472542243,96.50161341505209,96.5247802734375,5396500
2017-04-17,96.54793076652554,97.15801679872713,96.47843020314997,97.08851623535156,5367500
2017-04-18,95.12699535460362,95.27372665283578,93.40485281157541,94.07672119140625,13485700
2017-04-19,94.29297182065906,94.4319788961362,93.52843585147379,93.7292251586914,6993100
2017-04-20,94.10762456451057,94.33158072030508,93.71377022901832,94.11534881591797,6330100
2017-04-21,94.04584574870454,94.24663504943838,93.8605049513459,94.03040313720703,6021700
2017-04-24,94.6172996824612,95.1501610077056,94.3315672318967,94.90303802490234,5679000
2017-04-25,95.25055425986503,95.56718371684593,94.99571291444644,95.32006072998047,5090000
2017-04-26,95.59808309200695,95.96104629919509,95.35868433487319,95.38185119628906,5021800
2017-04-27,95.4358897092061,95.99963619495912,95.29688267717948,95.5594482421875,4225200
2017-04-28,95.6443935493283,95.68300890354642,95.08836544309206,95.35093688964844,4381800
2017-05-01,95.29691182402254,95.59036858499955,94.98800655927533,95.25057220458984,4556400
2017-05-02,95.3895497921582,95.55944792984387,94.9030281275933,95.52855682373047,4881600
2017-05-03,95.44361172942482,95.52856080180516,95.01887225939937,95.24282836914062,3736500
2017-05-04,95.5208657606262,95.72164916992188,95.16562677662878,95.72164916992188,3753700
2017-05-05,95.60580734310466,95.60580734310466,94.8798809287284,95.38185119628906,4139800
2017-05-08,95.39726974400853,95.60578322791142,95.0034155236509,95.18103790283203,3608600
2017-05-09,95.16559498262284,95.35093571846646,94.89529929016767,95.150146484375,3762500
2017-05-10,94.9184706355461,95.03430491131509,94.5091679242849,94.84123992919922,4237400
2017-05-11,94.60185350323599,95.15015741651528,94.47828907055964,95.1424331665039,4095900
2017-05-12,95.07291906711691,95.83745473694181,94.99569425361828,95.48221588134766,4097100
2017-05-15,96.07687142690244,98.35503611754733,96.01508921156682,98.06929779052734,9854600
2017-05-16,98.33960453602927,99.13503154672182,98.1233726370306,98.67167663574219,7233800
2017-05-17,98.67166660070868,98.76433993023055,97.6522835434751,97.82218170166016,6480800
2017-05-18,97.66002443145987,98.74891414430945,97.2738943304853,98.05387878417969,6571300
2017-05-19,98.10020848838465,98.37822262103684,97.64457781601872,98.07704162597656,6957200
2017-05-22,97.7912891644186,98.57899772416492,97.7912891644186,98.27781677246094,4858200
2017-05-23,98.31641802710449,98.96511359446778,98.31641802710449,98.47859191894531,3972500
2017-05-24,98.68711811407702,98.84929202678323,98.3009880670974,98.47088623046875,3965200
2017-05-25,98.52533321310341,99.20943275365615,98.20660987066891,99.13946533203125,5294300
2017-05-26,98.90622967319385,99.2482734268968,98.59527595359661,98.66523742675781,4005200
2017-05-30,98.49422091372548,99.03061597711795,98.09776067038699,98.81295013427734,3665400
2017-05-31,98.99948301320065,100.12668917945733,98.99948301320065,99.69912719726562,8813500
2017-06-01,99.75356393007941,100.11115264892578,99.59807819642856,100.11115264892578,5790900
2017-06-02,100.32106331334055,101.16840611875666,100.1500384712697,101.12176513671875,6562600
2017-06-05,101.03623830201298,101.4638003461948,100.90408491779243,101.33941650390625,4634700
2017-06-06,101.19948328906636,102.09347882477988,101.08288084879324,101.70478820800781,5619100
2017-06-07,101.83693868662613,102.21007834674245,101.51044000128736,101.64259338378906,5765200
2017-06-08,101.64259545509,102.14788850800502,101.02846950484424,101.48712158203125,8101700
2017-06-09,101.34718211478453,102.38110052264928,101.30054114120946,102.24894714355469,5992500
2017-06-12,102.24894094807856,102.48215766371847,102.16342854774042,102.4743881225586,8020700
2017-06-13,102.41995608446216,103.18178621256472,102.14786796490722,102.62985229492188,5733800
2017-06-14,103.01078679337898,103.8270394911439,103.01078679337898,103.2129135131836,7329400
2017-06-15,102.61431929155356,103.66378866543006,102.46661496436693,103.42279052734375,5265000
2017-06-16,103.95141578333333,104.63551504020981,103.42279039522991,104.44116973876953,12639600
2017-06-19,104.285713706071,104.69772491350325,103.772650979202,104.2235336303711,7488700
2017-06-20,104.09135831119126,104.75990674853587,104.09135831119126,104.34012603759766,5201200
2017-06-21,104.39453375802916,105.03199214338768,104.1846493391506,104.87651824951172,5841100
2017-06-22,105.29628472018841,106.50122799322087,105.15636179317754,105.7627182006836,7311000
2017-06-23,105.29629798062048,106.12032028629146,105.19524647457438,106.0581283569336,9007100
2017-06-26,106.09698444544894,106.42348313091685,105.879318655137,105.98815155029297,5561800
2017-06-27,106.11254123099927,106.29133559818932,104.93869980707831,104.95423889160156,6120500
2017-06-28,105.68498896402212,105.87933429564478,103.83482947306483,104.0291748046875,6557900
2017-06-29,103.70266006747714,103.95919731840134,102.85531730229845,103.11185455322266,5750000
2017-06-30,103.15850429049453,103.54719497121373,102.8320055421182,102.83977508544922,5264400
2017-07-03,103.2284524305628,103.64047541184416,103.11961952849697,103.31396484375,2931000
2017-07-05,103.3761467619452,104.21571986600087,102.94081519581904,103.88922119140625,4302700
2017-07-06,103.86591268969342,104.14577042333761,102.93305753151175,103.01856994628906,4282200
2017-07-07,103.32175016652235,103.39171163581157,102.3733440431669,103.03411102294922,4994100
2017-07-10,103.18957364650204,103.29062512553138,102.01572056929298,102.26448822021484,4019600
2017-07-11,102.17122860260136,102.4510863725705,101.43271866742951,102.01575469970703,3733100
2017-07-12,102.64540938122222,103.30618815211194,102.43552499583961,102.7931137084961,5053200
2017-07-13,102.69206129300174,102.78534324122076,101.8291676862886,102.50548553466797,4424400
2017-07-14,102.61435403196796,103.39173550190712,102.41223912006774,103.0807876586914,4383100
2017-07-17,103.1662546502765,103.3372675853843,102.41996354863912,102.73091125488281,4939400
2017-07-18,102.31889346225348,104.90757386964472,101.89911290030344,104.52666473388672,10256000
2017-07-19,104.82208681830348,105.26519983260972,104.57333098194475,105.10972595214844,5503300
2017-07-20,105.51393724816408,106.56340651637893,105.42842484955476,106.16694641113281,6088600
2017-07-21,105.20300516984321,105.93374543707813,105.02421080506119,105.18745422363281,6773500
2017-07-24,104.93866753101403,105.07082088019466,103.27507263266237,103.39944458007812,8306700
2017-07-25,103.96698692700642,104.05249935072894,102.18677697730071,102.52105712890625,6262900
2017-07-26,102.35001105362501,102.80089357047439,101.64259131881501,101.79806518554688,5382200
2017-07-27,101.72033915400965,101.95354403455588,100.72529212402485,101.70478820800781,5838100
2017-07-28,101.94578051278451,102.606559345077,101.46380791533164,102.49772644042969,4970900
2017-07-31,102.72317438604848,103.84260546360377,102.69208435029347,103.17405700683594,5440800
2017-08-01,103.52386244965186,103.66379724663715,102.8319935928441,103.01078796386719,3837600
2017-08-02,102.6765165728785,103.00301527333622,102.22563402599029,102.73870849609375,4032100
2017-08-03,102.54436456206886,103.70265504456364,102.23340494181448,103.6637954711914,4327300
2017-08-04,103.96695195891552,104.1768363140892,103.23621183140787,103.53160858154297,3192800
2017-08-07,103.46166178756516,103.764839983218,103.01077926497196,103.28286743164062,3010800
2017-08-08,103.00301311180652,103.23622985349553,102.14788901291229,102.82421875,5535800
2017-08-09,103.2440045250356,103.7104380315876,102.90195486848373,103.57050323486328,6332300
2017-08-10,103.422813739223,104.05250262201173,102.90196963722863,103.46168518066406,5607900
2017-08-11,103.88924789205414,104.55002681454143,103.19737893337974,103.46946716308594,4270600
2017-08-14,104.32455458487097,104.45670796533865,103.29063616626358,103.76483917236328,3041100
2017-08-15,104.0524810231653,104.12244248609775,103.54717611311796,103.6871109008789,3931800
2017-08-16,104.231285173562,104.92315404975452,104.06026034017533,104.3012466430664,4469900
2017-08-17,104.30900462856769,104.74434806834256,103.41502098555871,103.42279052734375,5741400
2017-08-18,103.13514733624248,103.99804081684799,102.90971204036087,103.10405731201172,4792800
2017-08-21,102.83201180600108,103.89702054023792,102.76205032606558,103.74154663085938,4660000
2017-08-22,103.60161483923659,104.7832259393035,103.31397567641287,104.71326446533203,4150300
2017-08-23,104.50335999522547,104.55001283611648,103.11962226288357,103.23623657226562,5129900
2017-08-24,103.25175709704327,103.45387190043174,102.82419514574697,103.30616760253906,5398400
2017-08-25,103.19668256595386,103.70518997208757,102.9698012156328,103.01673889160156,4133300
2017-08-28,103.01673294553947,103.36095846591398,102.86810095933531,103.06368255615234,5349200
2017-08-29,102.93066242450367,103.61910135347794,102.71943101099949,103.43135070800781,3277900
2017-08-30,103.26707035457386,103.26707035457386,102.40650666001167,102.53951263427734,5430800
2017-08-31,102.78986491558943,103.65824769452449,102.68033969740634,103.5565414428711,7407100
2017-09-01,103.73647491147698,103.77558167763455,102.43781035400376,102.50821685791016,3820800
2017-09-05,102.26568160860458,102.625544974948,101.483355410214,101.6241683959961,5146600
2017-09-06,102.12487914007812,102.48475452289922,101.86672194271556,102.2265853881836,5601900
2017-09-07,102.37522264125705,103.67388719651541,101.89800310889596,103.41571807861328,3800200
2017-09-08,103.26706178598202,103.53304983773928,102.3830293310437,102.46908569335938,4854400
2017-09-11,102.77424739060562,104.31543183409845,102.5004402276512,104.21373748779297,5724200
2017-09-12,104.69872257619522,104.73784127583153,103.21229555147374,103.75993347167969,5465200
2017-09-13,103.79123812267754,104.63615203514463,103.14973670640903,103.61912536621094,4679500
2017-09-14,103.37658631270158,105.19940783918365,103.25924215455177,104.97252655029297,6274500
2017-09-15,105.44974200719737,105.96608015809777,104.97252255330766,105.18375396728516,15522000
2017-09-18,105.17595017075845,106.21644558707618,104.91778105807644,105.91133880615234,5260800
2017-09-19,105.62970045741676,106.23208311403063,105.10554326845757,105.78616333007812,4903800
2017-09-20,104.24498067510234,105.05859478403406,103.533060868942,104.22151184082031,8705500
2017-09-21,104.29192223374784,104.69091630612891,102.78203813097593,103.07149505615234,6051800
2017-09-22,103.25925652967916,103.57218228654281,102.69598061744264,102.78985595703125,4334900
2017-09-25,102.85246767548409,103.07933711194217,102.35177918438382,102.61776733398438,6017400
2017-09-26,102.8759059833004,103.22013145702307,102.34392984198477,102.43780517578125,4516200
2017-09-27,102.48477460975133,102.5551811319225,101.2565162375512,101.50686645507812,5796100
2017-09-28,101.6320368437318,101.91367485669174,101.14698630413947,101.28781127929688,3992700
2017-09-29,101.37387144111493,102.07014156330958,100.95923934235606,101.71026611328125,5736900
2017-10-02,101.82758879710981,102.74290908820332,101.71806359827858,102.65685272216797,4492900
2017-10-03,102.9932652272972,103.58001002411967,102.76639582496135,103.34532165527344,3900800
2017-10-04,103.57997377388273,104.19018719403135,103.34528548717115,103.96331787109375,3589000
2017-10-05,103.96332070460103,104.29189625230178,103.54868880364415,104.1980209350586,3741100
2017-10-06,104.04939909785074,104.24498067510234,103.64258607470882,104.22151184082031,2469500
2017-10-09,104.56576782426743,104.69094293518135,104.18242352360186,104.40147399902344,3750500
2017-10-10,104.48749094665388,104.93342263441617,103.98680262938718,104.75347900390625,4184600
2017-10-11,105.52017537944451,107.24129085548894,105.12118132572441,106.9048843383789,8269400
2017-10-12,106.6623635230562,107.58551475276069,106.41202531765705,107.04570770263672,5172800
2017-10-13,106.86578644372469,107.50728785686044,106.66237394851947,106.73278045654297,4106600
2017-10-16,106.74842638709578,107.38210881062906,106.03650655485482,106.4902572631836,5120100
2017-10-17,107.70287558095654,110.4018993117132,107.22565599270335,110.14373016357422,11717300
2017-10-18,110.14371170276202,110.76175614884528,109.58044776355628,110.05765533447266,6827700
2017-10-19,110.08115939876275,111.85703183515307,109.94815339815602,111.12164306640625,9181300
2017-10-20,111.38765948800493,112.35773678297831,110.9573774923203,111.4032974243164,5634500
2017-10-23,111.192075766921,112.92884165346695,111.15295705216252,112.35773468017578,6686000
2017-10-24,112.16992949960856,112.16992949960856,110.25322084305292,110.80867767333984,6585800
2017-10-25,110.433189534854,112.05259885878985,110.27672665359417,111.37197875976562,6563600
2017-10-26,111.48930688243328,112.45939570632022,110.60528635880137,110.94168090820312,5841100
2017-10-27,110.30800696837412,111.63795927484868,109.68214354845907,110.91822052001953,5140100
2017-10-30,110.3706174319768,110.47232369082963,108.99372717201642,109.52570343017578,6034300
2017-10-31,109.541352299934,109.72910300704768,108.72772611126065,109.06413269042969,4832100
2017-11-01,109.39267324075108,109.98723685129524,109.00932910789014,109.51001739501953,5006800
2017-11-02,109.61171877611221,109.75253175501128,108.82939261596219,109.47089385986328,3494100
2017-11-03,109.31446832905691,109.83862560279296,108.9780736952943,109.58828735351562,2737000
2017-11-06,109.53354093592135,109.9090662918494,109.30667147856829,109.33795928955078,4220700
2017-11-07,109.58829872656676,109.64305537472877,108.67297814424299,109.34577941894531,4201900
2017-11-08,109.29097298727277,110.9886194901034,109.10322233018431,110.558349609375,4440700
2017-11-09,110.19846630770147,110.62874809462213,109.36920246600904,109.79948425292969,3517100
2017-11-10,109.62737392343988,109.62737392343988,108.43823476026313,109.18144226074219,4240800
2017-11-13,108.7512143504391,109.54137184168424,108.28964452997009,109.33795928955078,4322300
2017-11-14,109.18929652607633,109.74474156047702,108.6807772262604,109.126708984375,4078200
2017-11-15,108.92330381398949,109.39270443963753,108.54779047588333,108.82160949707031,4811500
2017-11-16,109.07191386371014,109.27531437172252,108.46170040232295,108.64163208007812,4193800
2017-11-17,108.19573697543018,108.6338378230044,107.8749803058302,107.9610366821289,4247400
2017-11-20,108.07838564840628,108.39914233221707,107.75764090194883,107.9062728881836,4266300
2017-11-21,108.31308427184275,108.94676672585358,108.10968371171371,108.2270278930664,5660600
2017-11-22,108.19575123239193,108.25833878134296,106.86579864490716,107.40559387207031,3917000
2017-11-24,107.56988986716196,108.25834098226527,107.4212459275506,107.9688720703125,2606800
2017-11-27,108.23649650734778,108.86619275472235,108.21288394898622,108.7009048461914,3933100
2017-11-28,108.85829299603154,110.6135606961884,108.81893474050851,110.2121353149414,5052800
2017-11-29,110.36957304134468,110.69229397087294,109.3699308498461,110.0468521118164,5851400
2017-11-30,110.24362903707703,110.41679577551533,108.99998246577228,109.66903686523438,8941900
2017-12-01,109.85794752621482,110.61357327217182,109.09444292198545,110.18065643310547,5990500
2017-12-04,110.68440379871676,111.37707069657073,109.35417396554446,109.41714477539062,5916700
2017-12-05,110.03108044593668,110.83394315105623,109.56668429717679,109.93663024902344,6745300
2017-12-06,110.85757210363415,111.73915144359496,110.34595078071416,111.0307388305664,5591700
2017-12-07,110.2042465209961,111.37705517129764,109.61390877273833,110.2042465209961,4713100
2017-12-08,110.1964008836401,110.79460559324478,110.03897985589722,110.66079711914062,5101300
2017-12-11,110.90477656777188,111.11730151317126,110.06256765303657,111.09368896484375,4358600
2017-12-12,112.24291229248047,113.00641690172954,111.80211659224372,112.24291229248047,8016700
2017-12-13,112.16420092009784,112.89621415055781,111.93594221686078,112.47117614746094,6118400
2017-12-14,112.96705732098087,113.04576183011922,111.46366067411917,111.4951400756836,5337900
2017-12-15,112.1484164913215,112.66791654609118,111.59743704404359,112.13268280029297,12517000
2017-12-18,112.2113942757902,113.18742365065316,111.29833570031698,111.61318969726562,5833200
2017-12-19,111.68402597374626,112.06971761136145,111.26685494204798,111.59744262695312,6580100
2017-12-20,111.97525750887877,112.22714070807571,111.046465235357,111.10943603515625,6289800
2017-12-21,111.44790994259756,111.90443931265042,110.99925943042149,111.0307388305664,6284700
2017-12-22,110.98353004670419,111.25902588291736,110.22789221710478,110.29086303710938,4665600
2017-12-26,110.55847630466334,110.62143510526012,109.94451389953045,110.2672348022461,3271100
2017-12-27,110.52701339071717,111.10160567532753,110.35384661829369,110.64508819580078,3753600
2017-12-28,110.74738770010461,110.98352526232829,110.45615817928676,110.63719177246094,2485000
2017-12-29,110.96776880692897,111.14881439302219,109.86580963722925,109.97600555419922,4452900
2018-01-02,109.92879869627706,110.15705741558578,109.18890655503554,109.59033203125,6842100
2018-01-03,109.69265353402155,110.73164199316827,109.33057433721787,110.63719177246094,5350500
2018-01-04,110.5506245897342,111.09373745924898,110.36959097004829,110.62934112548828,4837600
2018-01-05,110.73953354599914,111.62897992780209,110.41681257431493,111.54239654541016,6158800
2018-01-08,111.53448209570449,111.77061960964643,110.92053176572718,111.68403625488281,5129800
2018-01-09,112.06186218037868,114.6672179642516,111.97527881548619,113.45506286621094,8897000
2018-01-10,112.99067077880466,113.47081272707234,112.8096371948379,113.32125854492188,6558600
2018-01-11,113.4471942632197,114.05326579763478,113.10086080900875,113.96668243408203,4962200
2018-01-12,114.12410734173946,115.24967897734061,114.05325767809173,114.73017883300781,5450600
2018-01-16,115.24967488352826,116.5405463411831,114.94269972013633,115.59600830078125,8804000
2018-01-17,116.36741971609187,116.74524467075919,114.50982239224355,115.69049835205078,10619700
2018-01-18,115.65110872949225,116.05254613368211,114.89548304593552,115.64324188232422,5554800
2018-01-19,116.06828712797626,116.21782928082206,115.24967865848275,115.98957061767578,8738800
2018-01-22,115.71409982802946,116.60354614257812,115.48584111559565,116.60354614257812,7010400
2018-01-23,115.67474033864154,116.05255320343572,111.47152567729538,111.63682556152344,17473600
2018-01-24,112.95132414856026,112.9985492613745,111.6132272401807,111.82575225830078,13034400
2018-01-25,112.01462671594794,113.86435660830578,111.93592221633999,113.65969848632812,7938800
2018-01-26,113.73839986090385,114.60423331454464,113.44717043124811,114.39170837402344,8065600
2018-01-29,114.01392470105758,114.08476236249544,112.97492429148377,113.09298706054688,8013400
2018-01-30,112.87261269053474,113.20321251599712,112.1091079711914,112.1091079711914,8376100
2018-01-31,112.21933720282897,112.21933720282897,108.70092134736504,108.77175903320312,13137400
2018-02-01,108.25220949024609,110.72375660538091,107.8350384046992,110.2121353149414,9393600
2018-02-02,109.42505426952269,110.47978860622484,108.13418233239808,108.37030792236328,9262500
2018-02-05,107.50445910709628,107.83504686059688,96.1463586756579,102.6322021484375,19954100
2018-02-06,102.33311158504225,104.6787296888299,100.75101020173246,103.76567077636719,19193500
2018-02-07,103.81285517203915,105.02501000348246,103.38781729906468,103.44290924072266,10550400
2018-02-08,103.04150650296947,103.30912344500369,99.26334187203277,99.46012115478516,11680200
2018-02-09,100.37319197776598,103.0493919061346,98.73599261443596,101.9552993774414,15030900
2018-02-12,102.32524048668355,103.36424100125946,100.49912874282263,102.53776550292969,9963900
2018-02-13,101.70341668928818,102.79750909527594,101.3019792385199,102.29375457763672,6339000
2018-02-14,101.88444950513691,102.33310005143838,101.0579740656337,102.06548309326172,6259700
2018-02-15,102.40396164795838,103.33275426169146,101.85296995050301,103.29339599609375,5606400
2018-02-16,103.08085027890243,105.82788099348126,102.98638806934419,104.80462646484375,7970100
2018-02-20,104.5842516922361,105.04078107968343,102.84472951966634,103.01001739501953,6563500
2018-02-21,102.95492833277608,104.2379211539467,102.21503627062283,102.25439453125,6578000
2018-02-22,102.40394871536033,103.12809507117173,101.9159279024022,102.25439453125,5732200
2018-02-23,102.39605708434533,103.96242438246507,102.34096513470323,103.91519927978516,5126800
2018-02-26,104.33503926915583,105.68170420963844,103.77260228945369,104.6202163696289,6684400
2018-02-27,104.73113173623959,105.42822200596163,104.24791525459928,104.30335998535156,7158600
2018-02-28,104.52516601896924,104.82618969750389,102.87747718426596,102.88540649414062,7985900
2018-03-01,102.27543212272815,103.07550666490071,100.22374152013023,100.8257827758789,9424000
2018-03-02,100.53269189696654,102.27543564442364,100.53269189696654,102.04571533203125,6910400
2018-03-05,101.89521634945592,103.21811783642163,101.53873582815672,102.8141098022461,5799800
2018-03-06,102.98046620348431,103.13889527247858,101.332777293745,101.57042694091797,5546500
2018-03-07,100.98423592808817,102.44972602424204,100.81787754260658,102.2199935913086,6391700
2018-03-08,102.44972583383489,104.80243445889677,102.44972583383489,104.61231231689453,6423400
2018-03-09,104.96877181500575,106.0065081534183,104.2162247089847,105.99066162109375,7557800
2018-03-12,105.99065781022259,106.33127967509655,104.81826829497344,105.06383514404297,4942000
2018-03-13,105.9906492628952,107.2501764701813,105.71338937267497,106.42633819580078,9152300
2018-03-14,107.1313658661849,107.49575148336667,104.48555109372633,104.81826782226562,6770600
2018-03-15,105.00046118743465,106.33920906876254,104.93708714772752,105.40445709228516,6147200
2018-03-16,105.48367860511078,106.46594601093173,104.64399372438167,105.89559173583984,14233500
2018-03-19,105.63416441944634,105.72921941275976,102.4734529308229,103.1705551147461,6017000
2018-03-20,103.59833852308306,104.39049588269516,102.48932305457092,103.93897247314453,6214300
2018-03-21,104.08945721453254,105.18263808118098,103.5032685888251,103.92311096191406,5158700
2018-03-22,103.35279152141759,103.51913782995526,100.68321853118734,100.90502166748047,7560100
2018-03-23,101.10304952113802,101.23772087597872,98.94046314510105,99.09889221191406,8452500
2018-03-26,100.13662246170706,101.0317581714626,99.18602993056274,100.91293334960938,8358200
2018-03-27,100.69112543625684,102.26752297987156,100.12077115350993,100.77033996582031,7789900
2018-03-28,101.10303013962547,102.20413430451512,100.77032553688892,100.96044158935547,6868500
2018-03-29,101.37235586322063,101.99815472051138,100.46137389234774,101.51493835449219,6119400
2018-04-02,101.25355439834084,101.30108190637827,97.8631218348997,98.6711196899414,8916900
2018-04-03,99.16225748197394,101.78430242459879,98.766178806306,101.67340087890625,8035000
2018-04-04,100.52477783790246,103.86767707464642,100.12077586134639,103.30525207519531,7717100
2018-04-05,103.30525044565165,103.93104947933456,102.58438430363204,103.54290008544922,5621700
2018-04-06,103.15471894265148,103.48742354000863,100.13660172836258,101.47534942626953,6399300
2018-04-09,101.9110200294116,103.88349582984864,101.14263261392684,102.56851196289062,6395800
2018-04-10,103.17849731445312,103.70132407897121,102.41802092175752,103.17849731445312,6019300
2018-04-11,102.29920121219327,103.25771693834346,102.2120634189069,102.68736267089844,4575400
2018-04-12,103.05175245592933,104.01818544333047,102.86955963982135,103.32108306884766,4559800
2018-04-13,103.84390305246104,104.10531642578091,102.6873601021678,103.47158813476562,4742300
2018-04-16,104.09740883433867,105.2618812016934,103.99442450240461,104.3746566772461,6379600
2018-04-17,104.65189582180204,104.72318707404456,102.03777445333141,103.408203125,11008700
2018-04-18,102.73489801245022,102.90124430217817,100.55646510154114,101.17434692382812,9383600
2018-04-19,101.10305611500068,101.61004245796688,100.51686127714358,101.03968811035156,5959500
2018-04-20,101.39614374053554,101.63379336989986,99.94649429751159,100.33465576171875,7743900
2018-04-23,100.5089188150772,100.84162948343325,99.63754696982625,100.46931457519531,7501900
2018-04-24,100.5564593411713,100.96837851787204,99.26523894908014,99.96234130859375,6577500
2018-04-25,99.74052404048605,100.48514775916205,99.24146109606416,100.41385650634766,5859600
2018-04-26,100.30296814901747,102.36257609784373,100.30296814901747,101.40406036376953,8211100
2018-04-27,101.18226541491626,102.02194426510515,101.00006655720118,101.61003112792969,4266800
2018-04-30,102.07739678805432,102.17245180226944,100.19998168945312,100.19998168945312,8219400
2018-05-01,100.0653224139456,100.31881253991384,98.9959111338821,99.81975555419922,5122600
2018-05-02,99.4315914011453,99.95441817145452,97.59378652641671,97.83143615722656,7390800
2018-05-03,97.67300758162321,97.98194847699342,96.07284628611889,97.45912170410156,7282900
2018-05-04,97.11849546821678,98.63151899441203,96.4847731780996,98.3780288696289,6127600
2018-05-07,98.3383988584973,99.20977060993681,97.68883016629546,97.9027099609375,6707900
2018-05-08,97.32446606186437,97.82352308615823,96.3976432837407,97.12642669677734,5951800
2018-05-09,97.42743786175943,98.26712882346074,97.06304617953037,97.83936309814453,6808600
2018-05-10,98.40178516315598,99.851434537315,98.22750958239183,99.29692077636719,4948000
2018-05-11,99.62961810638114,101.07926737431733,99.62170088505806,100.7940902709961,5716700
2018-05-14,100.8812512181931,101.08721384981152,99.4949756646232,99.85936737060547,6101600
2018-05-15,99.4474375711635,99.6771639351285,98.54437864726314,99.12265014648438,5875700
2018-05-16,99.368218079262,99.73260972827755,99.0196669177337,99.29692077636719,3818100
2018-05-17,99.40784140922237,99.48705594923204,97.87105999325222,98.10870361328125,6473400
2018-05-18,98.05324138020433,98.57606816183986,97.6571626827282,98.41763305664062,5433900
2018-05-21,98.71865728466923,99.01175165447846,97.6888502480214,98.0057144165039,5558700
2018-05-22,98.06907898205368,98.41762409438968,97.24523464108368,97.36405944824219,7172700
2018-05-23,97.33239284918756,98.20376487835145,97.22940850766103,97.79183959960938,4940800
2018-05-24,97.60963355656713,97.74429886099541,96.28673217938794,96.84123992919922,6923600
2018-05-25,97.00882408842075,97.99838872457539,96.66566988637614,96.93700408935547,4594800
2018-05-29,96.16290677244218,96.40231893424829,94.66260801216933,95.28507232666016,9821900
2018-05-30,95.85966038843092,97.02478703848797,95.39680010472891,96.5379867553711,6423700
2018-05-31,96.49810157997352,96.76145380207825,95.39681877186138,95.46066284179688,10337500
2018-06-01,96.06713678083553,96.8172891746987,95.73994666741908,96.7694091796875,5741000
2018-06-04,97.24025107471486,97.65523135085138,96.57788269182667,97.32005310058594,4853000
2018-06-05,97.39987035292586,97.80686254960331,96.48213174804624,96.94499206542969,5125400
2018-06-06,97.33601587655085,97.99040222167969,96.92901763491454,97.99040222167969,6799300
2018-06-07,98.15798117055807,98.54901532572477,97.575414863531,98.42133331298828,7414100
2018-06-08,98.44530112926319,99.63436798768569,98.42136112564143,99.00392150878906,6208100
2018-06-11,99.17148428540519,99.22734631021221,97.79887366321785,97.88665771484375,5571400
2018-06-12,98.28568351533612,98.30164148605189,97.32005885315392,97.79090118408203,5227300
2018-06-13,98.27770461809165,99.02785103573511,97.72706023902491,97.86272430419922,5836900
2018-06-14,97.92657805912717,98.27771434586869,97.43179566312827,97.68717193603516,5239200
2018-06-15,97.4397653381349,97.9425297010365,96.75345691298722,97.84676361083984,13173500
2018-06-18,97.04873668340714,97.20834075437192,95.96341195303256,96.81730651855469,6787400
2018-06-19,96.29061835263286,98.29367583472742,96.21879225118215,97.81485748291016,8572400
2018-06-20,97.69514165148296,97.88667384395562,97.0886413075014,97.39189147949219,6277200
2018-06-21,97.22427667879317,97.55146675613679,96.64969244799113,96.9210205078125,4417200
2018-06-22,97.10460458700359,98.46125753772805,97.08066458376221,98.03031921386719,9501400
2018-06-25,98.01435307454638,98.50115339491151,96.96893243007611,97.83080291748047,8170500
2018-06-26,97.75100629757115,98.07022053838381,97.04075780822824,97.6392822265625,5496400
2018-06-27,97.46368782334982,98.13403815724836,96.92102558676666,97.04871368408203,5666000
2018-06-28,97.18439434379239,97.68715870233642,96.61779201417525,97.3599624633789,5296800
2018-06-29,97.55148235648636,98.30163478760869,96.71355195965164,96.833251953125,7308700
2018-07-02,96.83325572879805,97.14449398947716,95.85167921301793,97.02478790283203,5481400
2018-07-03,97.0806470147724,98.52508377498123,96.76941485194844,97.92655944824219,4248100
2018-07-05,98.63681216120534,99.84982492623665,98.3415440436881,99.75405883789062,7319100
2018-07-06,99.88174859590266,100.48824889987344,99.44282829440634,100.35258483886719,7297900
2018-07-09,100.72764401849533,101.15060018910971,100.23286177048216,100.59197998046875,6706100
2018-07-10,100.84735773932326,101.76509013907138,100.63986760815656,101.65336608886719,5075600
2018-07-11,101.67733218531464,101.70127218814058,100.59998335010555,100.7436294555664,4827400
2018-07-12,101.91673046084108,102.31575280175943,101.4857921776139,101.95663452148438,6199000
2018-07-13,100.00943836861155,101.74914956151731,100.00943836861155,100.4962387084961,8250200
2018-07-16,100.55209636104382,100.63189839442303,99.0837194636506,99.50667572021484,7314400
2018-07-17,102.57110580037055,104.17514657821921,101.79701338007827,103.03396606445312,12858700
2018-07-18,102.79454128019742,102.9860734208863,101.4857687613405,101.98853302001953,7152000
2018-07-19,101.77309558462726,101.90875966416061,100.44836464661509,100.50422668457031,5984600
2018-07-20,99.99348168244843,100.6638261068735,99.8498355788566,100.4323959350586,5835500
2018-07-23,100.35258134782599,101.09475177548924,100.1131691756103,101.05484771728516,4631100
2018-07-24,101.54165130710146,103.440966422441,101.46983130620214,103.23348236083984,7158800
2018-07-25,103.05793233841744,103.12975235192893,101.86886543618347,102.64295196533203,6523000
2018-07-26,103.66442561257423,104.71783444628497,103.62453372582114,103.96768188476562,7640600
2018-07-27,103.72824633139795,105.55574731813891,103.6963303937772,104.98116302490234,6620400
2018-07-30,105.16469714552301,105.73130544516476,104.74174099414527,105.4759292602539,11013100
2018-07-31,105.56373210941916,105.85102428012583,105.15673994133842,105.75526428222656,7598900
2018-08-01,105.65153555093768,106.10641997843697,105.40414739296907,105.85104370117188,5770400
2018-08-02,106.0505021008104,106.1382861328125,104.61404165759681,104.74172973632812,6563300
2018-08-03,104.68588851032459,105.89890121566407,104.46244040368423,105.30037689208984,6498700
2018-08-06,105.05297550719993,105.76322379431373,104.55021124230794,105.35623168945312,5840000
2018-08-07,105.24452734388483,105.47595140516741,104.78166704431038,104.90935516357422,4664600
2018-08-08,104.93330901148659,105.18069716457642,104.45448458956308,104.67793273925781,3721500
2018-08-09,104.97318664013694,105.1168388180054,104.27890228196556,104.70185852050781,4057800
2018-08-10,104.69387914652066,105.04501537311944,103.95170263538981,104.34274291992188,4324000
2018-08-13,104.31880842164965,104.46244842537351,103.62452404963207,103.91979217529297,3778000
2018-08-14,103.4808636366886,104.1192920154723,103.22549959138021,103.34519958496094,4542800
2018-08-15,103.5447079883152,104.33476447923235,102.89031554951357,104.08736419677734,5377300
2018-08-16,104.55822225686298,106.04256320384245,104.19911006486996,105.72334289550781,7861500
2018-08-17,105.69938778608291,107.73437281918011,105.49190374807993,107.31141662597656,6700900
2018-08-20,107.67854483822376,109.42623837474842,106.93638028272012,109.2347183227539,7935000
2018-08-21,109.33046657508012,109.67361474929203,107.97381358582807,108.01371765136719,5832100
2018-08-22,108.18126982146812,108.2770298124943,107.27151337569539,107.42314147949219,4688400
2018-08-23,107.42313500949466,108.12540737341077,107.01614289513815,107.82215118408203,5057600
2018-08-24,107.8221636065134,108.65211198739215,107.5987154971611,108.49250793457031,4809400
2018-08-27,108.85401400479094,109.29585931769664,107.81769705102867,108.38806915283203,4325900
2018-08-28,108.27561664583769,108.3720148163796,107.56063494527838,107.90608215332031,6037500
2018-08-29,107.90608548736499,108.40415906143426,107.60080826033652,108.33988952636719,4648700
2018-08-30,108.21131751223604,108.93434036800221,108.13098981147758,108.41215515136719,4821900
2018-08-31,108.13100948418555,108.45234486199458,107.6248946188854,108.20330810546875,6139500
2018-09-04,108.203331223765,108.2515303149185,107.19914263086224,107.42407989501953,4406800
2018-09-05,107.23124053863533,109.20748851664545,107.21518235162763,109.14321899414062,6174800
2018-09-06,108.85402613202895,110.30808902163834,108.59694800927656,109.9546127319336,6562000
2018-09-07,109.88231531940443,110.61336744862005,109.05486502217258,110.31613159179688,6375200
2018-09-10,110.48484147160708,111.23999323226664,110.10726559127731,110.22777557373047,4892200
2018-09-11,110.57319874280128,111.59345764606884,110.23579289266804,111.27210998535156,7856800
2018-09-12,111.58540172824407,112.46106326351088,111.31226544590605,111.95494842529297,6767700
2018-09-13,112.3807601928711,112.85473429575514,111.68184881207047,112.3807601928711,6456100
2018-09-14,112.46914522890206,112.75032299523993,111.7461341985533,112.05944061279297,4534800
2018-09-17,111.93086628428529,112.7904452495255,111.81035631170458,112.43698120117188,5295500
2018-09-18,112.68601244988854,113.14391600036242,112.3325361607314,112.90290832519531,4581200
2018-09-19,113.07963369544694,113.26441317182473,112.50926159541655,112.83863830566406,5049900
2018-09-20,113.12786058817102,114.18827722351186,112.87881155421746,114.05973815917969,5019300
2018-09-21,114.2204128730726,114.98360595305124,113.82677881935795,114.78276824951172,13283400
2018-09-24,114.15616847309362,114.47750393174248,112.65389394559708,112.8467025756836,6708000
2018-09-25,112.89488894507942,113.24033616944793,111.18374778812796,111.37655639648438,7982800
2018-09-26,111.62556259624442,112.46908317166336,110.83025335332259,110.99092102050781,7133300
2018-09-27,111.2238983873257,112.1316885717495,110.5169581296031,111.03913116455078,6450500
2018-09-28,110.94274185430434,111.31227632932577,110.38842788361275,110.99897003173828,6638500
2018-10-01,111.07127192155382,112.34860894910955,110.86240513640826,112.2200698852539,4871800
2018-10-02,112.30034630043866,113.05549763288852,112.18787773548789,112.85466003417969,6439100
2018-10-03,112.90290503030423,113.48935988299999,111.5693521485284,111.68984985351562,5411800
2018-10-04,111.30423172021054,112.09151190166298,110.31611388219264,111.94691467285156,4738700
2018-10-05,112.30844448874944,112.66994989775185,111.3122850820633,111.74610137939453,4309300
2018-10-08,111.58541864553906,112.21203127444757,111.36048140737499,111.97906494140625,5174100
2018-10-09,111.45686634643353,112.1638065369171,110.70974391627308,111.82640075683594,4475300
2018-10-10,111.94696766685567,112.83868777445947,110.6455307006836,110.6455307006836,7265600
2018-10-11,110.79010549073709,111.39261855658862,106.7492521764123,107.52046203613281,11603200
2018-10-12,107.97034587906353,107.97838723252916,106.22707606136983,107.54457092285156,6998000
2018-10-15,107.55261275867511,108.69336946327999,107.25536461681156,107.60884094238281,6398700
2018-10-16,108.25150364329293,110.85436424772736,108.25150364329293,109.70556640625,9592800
2018-10-17,109.44046945502795,112.46910522075734,109.42441126587137,112.0353012084961,8261100
2018-10-18,111.82641330147646,112.31645771141054,110.62942862175456,112.06742095947266,7583900
2018-10-19,111.1355253770042,112.46909039073802,110.79009048329137,111.7059097290039,5924800
2018-10-22,111.35247084582505,111.87464403743843,110.97489493502934,111.40869903564453,4864300
2018-10-23,110.69369297660897,112.05939903997186,110.42055666720017,111.60951232910156,8282700
2018-10-24,111.28014331321113,112.5574679947779,110.19561495601127,110.4366226196289,8279200
2018-10-25,110.42861031029939,111.73806382557379,108.49253187111056,111.239990234375,9720700
2018-10-26,110.81420144359619,111.90675892461356,108.71745555201726,110.03495025634766,11371400
2018-10-29,110.05101820275557,111.74608869159654,109.43243472361974,110.50089263916016,6783000
2018-10-30,110.80618457590786,113.35281773500118,110.05907411727769,113.07164001464844,9646200
2018-10-31,113.272439297021,113.61787418542949,112.15578240704335,112.4610595703125,9968900
2018-11-01,112.5253327694848,113.7383878524942,112.34859464372737,113.12784576416016,6913500
2018-11-02,114.05168712302921,114.07578666068521,112.19594917457256,113.0153579711914,7673200
2018-11-05,113.27243194950134,114.6702663737296,111.66573078709708,114.2364501953125,5601400
2018-11-06,113.69825300330673,114.74261163510694,113.32067709597773,114.53374481201172,5798900
2018-11-07,114.95949511107425,116.381417086512,114.8550555928866,116.28501892089844,7173600
2018-11-08,115.93153843442121,117.12049404714867,115.68250167683901,116.72686004638672,5497100
2018-11-09,116.51798737953465,117.08034271102918,115.98778520076725,116.75899505615234,5343100
2018-11-12,116.47781466451308,117.48200297277207,116.26893565117405,116.98391723632812,7013600
2018-11-13,117.44188098878078,117.8917555734449,115.21659535589244,116.22881317138672,7432300
2018-11-14,116.5019070616862,116.73487334133189,115.32900979594882,115.8833236694336,6433100
2018-11-15,115.20854094035595,116.0922194636986,114.4614183236015,116.08419036865234,6657900
2018-11-16,116.25288578544574,117.8836867341377,116.12434673082988,117.28117370605469,8494300
2018-11-19,117.63464244555433,119.24938527091867,117.58644336267649,118.67900085449219,8714600
2018-11-20,118.49423177126883,119.49842017611009,117.57038334207856,117.65071105957031,8937700
2018-11-21,117.4739475106951,117.4739475106951,113.09568946421224,114.0677490234375,10275400
2018-11-23,113.95529417174143,114.66223440550138,113.75445651000636,114.26055908203125,3404900
2018-11-26,114.80229154919726,114.84271735853704,113.76745497846869,114.29295349121094,7590900
2018-11-27,113.64615788430669,115.89369408498042,112.91045030466029,115.78858947753906,5962100
2018-11-28,116.28176995615175,118.4888806502325,115.90178961040228,118.3918685913086,8411400
2018-11-29,117.72893023048317,119.0063092413984,117.09832712001194,117.91488647460938,6900000
2018-11-30,117.50254214518228,118.8445997699444,117.30851804074015,118.76374816894531,12517600
2018-12-03,117.68848399056954,118.54545657714608,117.17914610615408,118.20590209960938,8827200
2018-12-04,118.29481067722016,120.45341450508937,117.8905774734345,118.06034851074219,9803500
2018-12-06,116.82342278965085,118.39993018012161,115.4409394864865,117.96336364746094,11572500
2018-12-07,117.62382048674404,119.11947642740219,116.51621275807146,117.57530212402344,9444500
2018-12-10,117.5429555551234,117.93910862030356,115.10947559072791,117.43785095214844,6848100
2018-12-11,118.27055474772807,119.82282122966765,117.86632151177324,118.44033813476562,9857400
2018-12-12,118.84460920800976,120.04922907571635,118.84460920800976,118.92546081542969,8869200
2018-12-13,118.81225469363899,120.13004683782775,118.68289707941769,119.52369689941406,6008300
2018-12-14,116.69404581442818,117.53485784066939,105.26233056948006,107.52603912353516,58140200
2018-12-17,103.74242886444138,106.43461149672534,102.53780931909145,104.40536499023438,36933100
2018-12-18,106.75800516520196,107.36435504799991,104.4538706760818,105.44020080566406,24640100
2018-12-19,104.99553335166526,106.19207257333557,102.7479976195982,103.16840362548828,21232100
2018-12-20,103.25733683120387,104.89852275132124,102.48120977298574,103.70199584960938,16609600
2018-12-21,103.32203814152942,105.58574718066735,102.77228058448797,103.55648803710938,19732900
2018-12-24,102.91780108625177,103.48372524142152,97.82445901728128,99.3120346069336,7531900
2018-12-26,99.78095506907401,102.48123695802697,98.64102027021504,102.44081115722656,9253000
2018-12-27,101.76168232500416,103.00672149658203,99.49797361884258,103.00672149658203,9918700
2018-12-28,103.41096371711754,104.09007268696467,102.47313951901182,102.89353942871094,6537200
2018-12-31,103.62924437252717,104.73685201925312,103.0148141886381,104.3326187133789,7409900
2019-01-02,103.58882983841745,103.79094648926196,102.09316168767955,103.28160858154297,7631700
2019-01-03,103.59688331279135,103.7019878916814,101.34934772265316,101.64039611816406,8654500
2019-01-04,102.77228002239009,104.00922680882941,102.456978530764,103.3462905883789,8831700
2019-01-07,103.1845949782711,103.76669811371646,102.51357235525428,102.683349609375,8404700
2019-01-08,103.62923937913378,105.504887749398,103.26543805673187,105.06832122802734,9351600
2019-01-09,104.96321538235507,105.29468963396559,103.75051553753482,104.23558807373047,7403500
2019-01-10,103.23311241796623,105.0117366480134,103.23311241796623,104.86621856689453,6224400
2019-01-11,104.2921943444048,104.97130334688448,103.73435040086021,104.89854431152344,5300400
2019-01-14,104.08199068743208,104.25985431977178,103.15224672997988,103.71009063720703,7374400
2019-01-15,103.90415047120625,104.6883642079217,103.20078217610737,104.58325958251953,5194400
2019-01-16,104.62367523682839,104.62367523682839,103.40288883208964,103.51606750488281,6264200
2019-01-17,103.24926283440476,104.71259149093875,103.04714619597672,104.36494445800781,7632000
2019-01-18,105.0198203232488,106.05465672149265,104.65601277227952,105.65851593017578,10593000
2019-01-22,103.64539311626099,104.69640193497553,102.68332226576744,104.13047790527344,10568100
2019-01-23,103.88793551076722,104.53471111737758,103.42710989569285,104.13047790527344,9267800
2019-01-24,103.87986758460687,104.04963864550525,101.05831498907273,102.69950103759766,9917000
2019-01-25,103.5888384690348,103.84754138883478,102.6995201967359,103.669677734375,7585100
2019-01-28,103.33012158110587,104.41346394208978,102.90972163293134,104.28411865234375,6927700
2019-01-29,104.25178175910385,105.48065463568955,103.88797419996729,105.36746978759766,6669300
2019-01-30,105.3997805834468,106.87119563152201,105.34319433956269,106.4265365600586,7299300
2019-01-31,106.4184698350597,109.29660915549334,105.80402728155892,107.59074401855469,17298100
2019-02-01,108.35069013377573,108.89236124017269,107.90603106547358,108.49620819091797,9575200
2019-02-04,108.3021920463198,108.45579033914532,106.88737548479271,107.42904663085938,7759000
2019-02-05,107.94646476562613,108.23751323744628,107.32394202441222,107.42904663085938,6449800
2019-02-06,107.59071792064749,107.98687092687837,106.96011506907617,107.52603912353516,5066100
2019-02-07,107.0814002036966,107.23501083364515,106.33761240161762,106.75801849365234,6085300
2019-02-08,106.67716995973069,107.08949583852583,106.34569567887785,107.04097747802734,4436700
2019-02-11,106.96821300219744,107.2592614692791,106.11932061185749,106.71759033203125,4962200
2019-02-12,106.78228545350058,108.5770825520005,106.78228545350058,108.46389770507812,6262300
2019-02-13,108.39114003133557,109.12683537751883,107.69585815253156,108.69834899902344,7902200
2019-02-14,108.57704093175344,108.99744691755167,107.80900031231593,108.58512115478516,3910400
2019-02-15,109.29661255637745,110.28294289389845,109.15108213899076,110.2586898803711,6665000
2019-02-19,110.06464368855455,110.25868011581201,109.65233015888163,109.70083618164062,5935500
2019-02-20,109.92718431863801,110.5416143802992,109.7331479293781,110.23440551757812,6089800
2019-02-21,109.12680906793608,109.78166498525717,108.55280473832734,109.48253631591797,6665500
2019-02-22,109.3774522367436,110.46888719449613,108.9974842446359,110.43655395507812,5223900
2019-02-25,110.96554946960998,111.89331370140123,110.56676893159668,110.84346771240234,6846600
2019-02-26,111.03874460034145,111.46193882906972,110.72135203330409,110.77017974853516,5106900
2019-02-27,110.29004996205991,110.8841413339913,110.1842482754552,110.57488250732422,4378100
2019-02-28,110.6400019625915,112.26765925492249,110.42841098508273,111.20154571533203,10133200
2019-03-01,111.67354761783724,112.8047687346408,111.50263816912363,112.59317779541016,5641600
2019-03-04,113.00010726820979,113.45584930212698,111.90956749500617,112.69898223876953,8377700
2019-03-05,112.9675376068499,113.23610251511066,112.60131724759906,112.93498992919922,6568900
2019-03-06,113.50465520891254,113.65113836963432,112.79662842935052,113.19539642333984,6236900
2019-03-07,112.73965927720404,113.21981510406259,112.06418014303007,112.50365447998047,6100400
2019-03-08,112.38156870647143,113.36630660390045,111.02247667272421,112.3571548461914,7046700
2019-03-11,112.39786349204303,113.14658428090019,111.91770761952132,112.76408386230469,6150400
2019-03-12,112.83733332337883,113.93600692883689,112.7152639974565,113.26866149902344,5552900
2019-03-13,113.6023318819475,113.80578903300109,113.13845603492562,113.45584869384766,6446900
2019-03-14,112.58504944093914,112.95941607383544,112.25952295688623,112.32463073730469,8493600
2019-03-15,112.30833741971671,112.51992836755007,111.35615952740974,111.9828109741211,11922500
2019-03-18,112.02350780697266,112.12930950439694,111.2666531292009,111.63287353515625,7369600
2019-03-19,111.99093325135829,112.97567113759736,111.87699776533395,112.66641235351562,5882500
2019-03-20,112.57689547286198,112.72337863905216,111.2096571649012,111.73050689697266,5475700
2019-03-21,111.49450838305238,112.94312217006069,111.45381447302763,112.38972473144531,5765100
2019-03-22,112.10486226633412,112.6257119463855,111.38055548598088,111.42124938964844,6528800
2019-03-25,111.42128272985795,111.50265814350685,110.4691047056925,111.17713165283203,4500300
2019-03-26,111.43755634413233,113.3419249127362,111.43755634413233,112.77224731445312,4758600
2019-03-27,112.78848435328075,113.51279119278058,112.36530249108183,112.87800598144531,6764900
2019-03-28,113.17096586616069,113.49650464979634,112.8861334007687,113.02448272705078,4602100
2019-03-29,113.35007324620686,113.83837548901084,113.02454669636546,113.76512145996094,7168400
2019-04-01,113.92786314948748,114.17200177998086,112.91057746230453,113.10588836669922,5885200
2019-04-02,113.13029376120018,113.13029376120018,111.42126138548805,112.07232666015625,5517800
2019-04-03,112.47111604449125,112.50367614433239,111.38872245850615,111.63287353515625,5947000
2019-04-04,111.38872446222904,111.50265997764335,109.97267054465695,110.33075714111328,5844600
2019-04-05,110.71322819835665,111.15270256040877,110.43652947738335,110.82716369628906,4759700
2019-04-08,110.72136748675524,111.09572163446589,110.4365225507708,110.79460906982422,4329600
2019-04-09,110.680697503443,110.89228848405818,109.5087822488731,110.33075714111328,5210300
2019-04-10,110.59115203028048,110.78647533664464,110.13541006680127,110.3388671875,4194100
2019-04-11,110.64813692537805,110.82716778470093,109.39483398384924,110.03776550292969,4485200
2019-04-12,110.04590057808488,110.96553083887574,109.6634001555279,110.6644058227539,5756800
2019-04-15,110.68067989460125,111.32359896828765,110.51791667248146,111.10387420654297,5380900
2019-04-16,112.56878180936407,114.50568550014586,111.9502641044084,112.32463073730469,10745700
2019-04-17,113.1221328221808,114.05803039270457,112.03973970141597,112.73149871826172,9543700
2019-04-18,113.40700167434777,114.1313085121749,110.47721423030718,111.91769409179688,10485300
2019-04-22,111.47821614013054,112.70710503103747,111.05503429267372,112.16997528076172,4666500
2019-04-23,111.83630035836332,114.62773830563046,111.6979510166673,113.8545913696289,5790500
2019-04-24,113.6511400640707,114.04992048204217,113.00822104125636,113.28491973876953,5676300
2019-04-25,112.7315433025468,113.74882907197987,112.27580126472705,113.65116119384766,5218100
2019-04-26,113.83836217414664,114.35921204379791,113.37447385593639,114.25341033935547,4613600
2019-04-29,114.22080837183121,114.28590370881561,113.59415709555421,113.80574798583984,4275200
2019-04-30,114.09059735361689,115.1160165949588,113.08959196911394,114.91255950927734,6003700
2019-05-01,114.70912832167922,115.84849570955335,113.73253657352839,115.52295684814453,6656300
2019-05-02,115.49039226197966,115.68570313219152,114.03363245879096,114.97767639160156,8835600
2019-05-03,114.98583502932988,115.63690037934438,114.81493798099976,115.57179260253906,5281600
2019-05-06,114.13946775454494,115.75899123275076,113.8790366268167,115.63690948486328,5818900
2019-05-07,114.60335753179001,115.05909959319105,113.1710111467698,113.9115982055664,6606700
2019-05-08,114.0987942452756,114.68475196942363,113.6918798489529,113.76512145996094,4667300
2019-05-09,113.08147858358143,113.38260360211801,112.01536513183488,112.90243530273438,5604200
2019-05-10,112.65828252943037,113.32562791479351,111.01435776565765,113.1628646850586,4771600
2019-05-13,112.18624533996902,112.35714234291149,111.11198593504626,111.6572494506836,5560000
2019-05-14,111.52704566649895,112.17811091210532,111.2747608331102,111.34801483154297,7179400
2019-05-15,111.41310315809338,111.8932713525131,110.13539902557626,111.42124938964844,6429400
2019-05-16,111.8119102671331,113.27680422300915,111.47010374710183,112.47925567626953,6857200
2019-05-17,111.49452963442644,113.14660086841306,111.38059411546324,112.80479431152344,6915300
2019-05-20,112.80476825600874,113.08961319664371,112.04790129782754,112.65013885498047,4771100
2019-05-21,113.2198114315517,113.58604417314328,112.3734352967132,112.4059829711914,4859000
2019-05-22,112.59318908492234,113.08147878242315,111.89329600893642,112.92684936523438,5456800
2019-05-23,112.7152877813868,113.81396161867484,112.0398083933261,113.76512145996094,6951800
2019-05-24,114.30591098648149,114.30591098648149,113.53567560730976,113.77330780029297,5473300
2019-05-28,113.89618085009273,115.11708685812903,112.29835923085444,112.31475067138672,11919600
2019-05-29,111.34786835028166,111.34786835028166,105.3089158906695,107.61141967773438,23247400
2019-05-30,107.70154717953646,108.8323190772354,107.48030648150703,108.25054168701172,7360600
2019-05-31,107.76712131266105,108.16042846076682,106.20206968799904,107.46393585205078,7811000
2019-06-03,107.75069227002577,108.48814447827664,107.37376419498356,107.70153045654297,8434600
2019-06-04,108.65206217653677,110.04503476792668,108.63567073343589,109.57797241210938,6648900
2019-06-05,110.37278864839273,110.72513590863578,109.68449807402062,110.11058807373047,6860600
2019-06-06,110.53664500337503,112.79818861695624,110.28263394602476,111.99517059326172,9115800
2019-06-07,112.74083156030835,114.37962557965612,112.37210540655633,113.52745819091797,6533900
2019-06-10,113.56845234647383,114.01911078591333,112.74905517948055,113.91259765625,4994700
2019-06-11,114.45339463445137,115.25641289079294,114.30590914023087,114.53533935546875,8230500
2019-06-12,114.96141881742608,117.10004580783087,114.96141881742608,116.09217834472656,9216500
2019-06-13,116.12497284505979,116.31343070128969,114.88768756710216,115.2973861694336,7500800
2019-06-14,115.72342628106104,115.93647748728432,114.74834192243773,114.78931427001953,6548100
2019-06-17,114.7155971434637,114.91225695393531,114.06827891804903,114.2567367553711,5562800
2019-06-18,115.1744782219052,115.47765121071347,114.54353882342978,114.9040756225586,7122700
2019-06-19,114.7237757387799,115.51040240309311,114.64184353610575,115.08431243896484,6393400
2019-06-20,115.73982450140157,116.68212603596288,115.53497525449644,116.52645111083984,7335800
2019-06-21,115.9119118362603,116.70671546953888,115.54317316249397,116.4281234741211,11272200
2019-06-24,116.6985705037173,117.74739812421238,116.42816787457242,117.22298431396484,5894700
2019-06-25,117.39502603675247,118.79618807629396,117.32947276838101,118.1898422241211,7517000
2019-06-26,117.87030086787412,117.87030086787412,115.33835383184996,116.23150634765625,7674100
2019-06-27,116.54284132349055,116.76408203239389,115.2072326064981,115.28097534179688,5233500
2019-06-28,115.32195857155777,115.61694204357927,113.49469393789296,114.1256332397461,12792400
2019-07-01,114.87946023805135,114.92862205899915,113.66675614364915,114.19116973876953,5872300
2019-07-02,114.07645611316079,114.74016571044922,113.64217668523116,114.74016571044922,4501200
2019-07-03,115.53499634525484,116.50187896570743,115.36291744511921,116.46910858154297,3436300
2019-07-05,116.14134843267223,116.23967208284427,115.0187659135094,115.18265533447266,4652400
2019-07-08,114.81390639681429,115.60053303703133,114.42059932820891,115.5103988647461,4078100
2019-07-09,115.9119135156778,116.73950004452956,115.46124263243895,115.87094116210938,4217400
2019-07-10,116.17411157981516,116.34619045990667,115.2645803633466,115.70706176757812,4874400
2019-07-11,115.4858722202941,115.70711302040918,113.91263070361256,114.80577087402344,5817400
2019-07-12,114.81389719866543,114.81389719866543,108.42261095958312,110.04501342773438,17780100
2019-07-15,110.93816543453008,111.7329815685073,110.167930211665,110.3809814453125,10038200
2019-07-16,108.922425919599,109.65989064497012,107.95554356125166,108.5700912475586,10214500
2019-07-17,108.56191657164536,109.45505633005216,107.67696628242348,108.04569244384766,8862100
2019-07-18,108.26694289244442,108.57830528859627,107.48031617462355,108.21778106689453,6203100
2019-07-19,108.3652516640523,108.47996674225318,106.67729586923684,106.77561950683594,8340200
2019-07-22,106.52161466077365,106.64451921494886,104.75171406261154,105.40723419189453,12624800
2019-07-23,105.38267099613049,106.07096162122794,105.0139447686146,105.57112884521484,5803600
2019-07-24,105.60389440668976,106.3495362100318,105.34988332503413,106.34134674072266,6838600
2019-07-25,106.57079493495968,107.77530978646209,106.2512305357657,107.4393539428711,8897800
2019-07-26,107.58684385179288,107.58684385179288,106.92313418818831,107.11978149414062,4894600
2019-07-29,107.34100748382669,109.23381256187731,106.6936893522316,108.9961929321289,7832000
2019-07-30,108.54554707091197,108.56193851560147,107.56227294069315,108.22598266601562,5509600
2019-07-31,107.86543910697114,108.16042257775807,106.6691137801663,106.70189666748047,8559200
2019-08-01,106.73465065717691,107.12797022648374,105.71860636064977,106.75923156738281,7870700
2019-08-02,107.22628235009023,107.72611497560001,106.33314270052509,107.39836120605469,6574900
2019-08-05,107.26729603991993,107.71796702399568,105.71043377702271,106.65274810791016,9480000
2019-08-06,106.80020253027145,107.52127589495345,106.18565477710094,107.15254974365234,7880600
2019-08-07,105.99720257670296,107.26727050107287,105.03850953138038,106.69369506835938,6771700
2019-08-08,107.32464071372613,108.1194569902543,106.71009281968944,107.8982162475586,5260500
2019-08-09,107.99652137249066,108.78313544908549,107.52945910582066,108.19316864013672,4677300
2019-08-12,107.75068507259404,108.73395878558352,107.57860623389416,108.10301971435547,6852100
2019-08-13,108.40623860148791,109.88115587897222,108.16041697140595,109.32395935058594,5013200
2019-08-14,108.59468436541346,108.60287383440337,106.62813654930986,106.73464965820312,7736200
2019-08-15,106.6608927004928,107.39835741041382,105.90704905477678,106.96406555175781,7251200
2019-08-16,107.7261204948186,107.88999738798731,107.01324913288174,107.635986328125,5858900
2019-08-19,108.5700912331363,108.62745501862624,108.01290733240093,108.36524200439453,4958000
2019-08-20,108.1276480862883,108.70122356241818,106.89855242186388,107.01326751708984,7302000
2019-08-21,107.9145874390155,108.49636483750717,107.21810745829345,107.7752914428711,6912800
2019-08-22,107.83266603884492,108.2669455123881,107.1771458419659,107.56226348876953,7213500
2019-08-23,107.39837221380436,107.55404714334107,104.16993973906374,104.66158294677734,15714000
2019-08-26,105.18992349944966,105.73478094509639,104.53774851072745,105.50363159179688,8889500
2019-08-27,107.22077750936944,109.3011222214347,106.57685948943998,107.02264404296875,20183800
2019-08-28,105.55318386358118,106.3869718768172,104.85147852340928,106.23011779785156,9878800
2019-08-29,106.36218169642078,106.6593755136933,104.70285689805443,105.86686706542969,6749900
2019-08-30,105.89163944316853,106.57683669664739,105.3550391085363,105.96593475341797,7371100
2019-09-03,105.66048872105411,106.47776866374171,105.26423445117142,106.27964782714844,5710200
2019-09-04,106.89879260673806,106.98133875022063,105.73478239238581,106.37870025634766,4807200
2019-09-05,107.23726252379228,107.23726252379228,105.92466157914467,106.1475601196289,4754100
2019-09-06,106.39521798662247,106.6841483932582,105.72653499818237,105.84210968017578,6758300
2019-09-09,105.66874207838053,105.80083102918547,104.50473181821641,104.80192565917969,7684700
2019-09-10,105.12390620661051,106.94834899902344,104.29836898947671,106.94834899902344,8239500
2019-09-11,107.20425392424119,108.37651515602988,106.5603359602544,108.28570556640625,6203600
2019-09-12,108.44253773774855,108.78101092132287,107.3693371489513,107.6747817993164,5250000
2019-09-13,108.41777773617434,108.61591115466615,107.28679605610134,107.96372985839844,5369800
2019-09-16,107.41063330251534,107.93897654617751,106.76671536794882,106.94007110595703,5101700
2019-09-17,106.98961275235133,107.73259110057327,106.58509504022813,107.04739379882812,4976400
2019-09-18,107.237247501821,107.78210492592629,106.31265012517773,107.65827941894531,4373600
2019-09-19,107.01438260500444,108.30221851729299,106.79148405197083,107.41063690185547,4730100
2019-09-20,108.14535176581228,108.97088880219253,107.55921492743629,108.68194580078125,12053100
2019-09-23,108.16187600418891,109.01217822230745,107.72434234231031,108.75626373291016,5183700
2019-09-24,109.05342830239708,109.6147873416719,108.42601220356845,108.59938049316406,7102600
2019-09-25,108.55811957070372,108.61591320928444,107.509684014315,108.13710021972656,4522900
2019-09-26,108.21966331677002,108.40128249976553,105.69352162181114,106.37046813964844,7545800
2019-09-27,106.17231333513242,106.82448201804893,104.59553465289667,106.1640625,6006500
2019-09-30,106.55207654949419,107.5509693582771,106.49428290770379,106.80799102783203,6552100
2019-10-01,107.33634194960591,107.980259907949,107.12995766560627,107.31157684326172,7673000
2019-10-02,109.59830517514263,111.19984922765323,108.32698353364795,108.97090148925781,12051800
2019-10-03,108.67369710111063,109.27633562243778,107.32806767442115,108.30220794677734,6997600
2019-10-04,108.42603369309622,110.39081591335515,108.35173838141309,110.3412857055664,7233300
2019-10-07,109.87071893544591,110.47337002948467,109.08646128602156,109.92851257324219,5427200
2019-10-08,109.34238427754872,110.0110673002463,108.54987573090577,108.83880615234375,7870400
2019-10-09,108.26094075747024,108.35175034734351,106.09803746719398,106.67591094970703,7787700
2019-10-10,106.4529984054575,107.41887522717714,106.18883310389013,106.54380798339844,5119700
2019-10-11,108.26093920306067,109.48273063378828,107.99677387057493,108.41779327392578,7161400
2019-10-14,108.44255834940907,108.44255834940907,107.6665514285264,107.91421508789062,5700000
2019-10-15,109.79643374613849,110.82835511593302,109.05345539856499,109.66434478759766,10008800
2019-10-16,111.36496153975214,112.76012140190689,110.45687819164574,111.58786010742188,12434200
2019-10-17,112.2400201323555,113.5030907804187,111.98409307185186,112.41337585449219,8434000
2019-10-18,110.05233705478457,110.94391853935234,105.42107391357422,105.42107391357422,25868700
2019-10-21,106.22185867143273,107.04739578329281,104.89274341747014,105.68526458740234,13823600
2019-10-22,106.29614735911586,107.76560231884827,105.7430390402679,106.65938568115234,7613700
2019-10-23,107.03911523298687,107.71604892651347,106.55205149540524,107.23723602294922,6693400
2019-10-24,107.66653268483888,107.79862162639735,104.10021314127646,105.25596618652344,12111600
2019-10-25,105.52841217535081,106.57684785092752,105.0991293433774,105.95769500732422,6947300
2019-10-28,106.18059210722906,107.3198374899893,106.08978251010038,106.64289093017578,7876300
2019-10-29,107.07215100497805,107.29504953167935,106.13103928820037,106.59333801269531,4506300
2019-10-30,110.04409739422846,110.23396739919566,108.74799810735225,109.66434478759766,9627600
2019-10-31,109.28459077070266,109.66433073196595,108.05453612075246,109.00389862060547,7686700
2019-11-01,109.01216683324074,109.79642448882183,108.26092511616298,108.31045532226562,5541800
2019-11-04,108.80577313742235,108.92959864193669,107.39409940248748,107.50967407226562,6140300
2019-11-05,107.75734399802944,108.5333507963507,107.05563250677426,107.66653442382812,6257300
2019-11-06,107.6665457517824,108.54161305159384,107.07215803932627,108.11234283447266,5450000
2019-11-07,108.74798405064742,109.28459065159694,108.15359641074028,108.50032043457031,5873700
2019-11-08,108.39301443565024,109.82944080433931,108.12058570445515,109.79642486572266,5003000
2019-11-11,109.19379666526744,109.40018094200856,108.41778976924938,108.95438385009766,4371400
2019-11-12,108.97090502795373,109.0452003490836,108.16188213891238,108.43431091308594,5228700
2019-11-13,108.17837301792005,108.54987477989393,107.9142077035855,108.36825561523438,5885400
2019-11-14,108.17012388048283,108.44255263174992,107.43539637434905,108.11234283447266,4217500
2019-11-15,108.35173836152677,111.42273721082341,107.96373493832508,111.3979721069336,10495100
2019-11-18,110.80359652070348,112.01713713061525,109.51576059100866,111.30717468261719,9291800
2019-11-19,111.44748739299494,111.60434142775985,110.79531875005542,111.29889678955078,5192200
2019-11-20,111.53830588314648,112.55371287799112,110.67975293561423,112.22350311279297,7594400
2019-11-21,112.22350772331403,112.97474945620272,111.4475008868528,112.63627624511719,6424900
2019-11-22,112.80963696663154,114.44420945499054,112.68581144328444,113.9819107055664,9235800
2019-11-25,113.93203731595179,114.42247570776698,113.25041344128785,114.03178405761719,6111900
2019-11-26,113.44158333514582,114.16477248078073,112.3443185917302,114.0234603881836,10636500
2019-11-27,114.01515401477761,114.9212206305696,113.79901918916103,114.5055923461914,5523000
2019-11-29,114.3809132206531,114.93785362051383,113.83228082056256,114.28947448730469,3278900
2019-12-02,114.48065698934543,114.58872440340498,113.75746782502401,114.18140411376953,4717100
2019-12-03,113.80735307004025,114.2562260882752,113.18391057117665,114.01516723632812,5741400
2019-12-04,115.12905521627675,116.15981811079641,114.74667154580257,115.86056518554688,7257300
2019-12-05,115.83559796272442,116.16809548802979,114.67183125622051,116.0101547241211,5472900
2019-12-06,115.92705602494935,117.68931603420818,115.92705602494935,116.69181060791016,6640400
2019-12-09,116.70011857472893,117.04924483963511,116.42580236288059,116.79155731201172,4241000
2019-12-10,117.04094590248023,117.20719470569418,116.3011279468031,116.36763000488281,5310300
2019-12-11,117.14899401776348,118.02181604019837,116.89962716904202,117.19055938720703,6631500
2019-12-12,117.47318350071909,118.08830523922876,116.98273248902835,117.48979949951172,5012400
2019-12-13,117.29032043771382,117.87219756608555,116.63362056971778,117.5230712890625,4257200
2019-12-16,117.81399534639914,118.74501137124182,117.6145018784801,117.8638687133789,5353100
2019-12-17,118.86971097370122,119.74253306659601,118.4707112995671,119.33521270751953,10722400
2019-12-18,119.46822927741745,119.601233410647,118.65360115833793,119.02766418457031,7849200
2019-12-19,119.6095330886405,121.26373858513665,119.37678221367248,120.82317352294922,9414700
2019-12-20,122.0949588675299,122.89295800508751,120.36594382419824,121.41332244873047,14532800
2019-12-23,121.14737082259181,121.9952436277021,120.81486049159271,121.729248046875,6558700
2019-12-24,121.36346901628121,121.3717770164231,120.74833453859974,121.3052749633789,4238900
2019-12-26,121.33855103792033,121.51310785559822,120.66523508750518,121.22217559814453,3019300
2019-12-27,121.5297178572817,121.8206627539744,120.981085432417,121.15565490722656,3432700
2019-12-30,121.1805929617259,121.52971923132264,120.55715047659535,120.7815933227539,2923300
2019-12-31,120.61533554401059,121.37176939646223,120.34932734853436,121.2553939819336,4435000
2020-01-02,121.25536263657929,121.38005870246229,120.59867568520494,121.33849334716797,5777000
2020-01-03,119.28535937261714,120.83980564145861,118.8697309427474,119.9337387084961,5752400
2020-01-06,119.70094214811974,119.86719091986514,118.74500219760746,119.78407287597656,7731300
2020-01-07,119.70925172249656,120.90626318916338,117.5230556115396,120.51557159423828,7382900
2020-01-08,120.4241396684742,121.34683500248687,119.45157096786123,120.49896240234375,6605800
2020-01-09,121.1639145339586,121.38835728797316,120.52385631112264,120.85635375976562,6112700
2020-01-10,121.15563076254395,121.5130649571069,120.44905768794054,120.58206176757812,5042600
2020-01-13,120.93120487234583,121.18889238519424,120.29945443168619,121.11408233642578,4593200
2020-01-14,120.57378982655236,121.87054828089516,120.3077815877277,121.79573822021484,7037500
2020-01-15,121.69595119665848,122.52720772855906,121.56295979137012,122.20301818847656,4960300
2020-01-16,122.54382829917886,123.72421097426857,121.52969438267114,123.19220733642578,6476000
2020-01-17,123.3668227117987,124.19807949818536,122.96781032187329,123.99857330322266,9083600
2020-01-21,123.50809600737392,124.82979083798016,123.44159396329734,124.0816650390625,9543900
2020-01-22,121.9453599543953,124.00687309666763,121.36348277923429,123.23381042480469,10305300
2020-01-23,123.05920198111849,123.66602833540883,121.99519471645569,123.46652221679688,8671900
2020-01-24,123.5080914215648,123.81565226552742,122.96776708999256,123.2919692993164,9051900
2020-01-27,122.62697203890616,124.23961180468567,122.19471507352941,123.6494140625,7587100
2020-01-28,123.40834883470353,125.16230060344867,123.15064865835541,124.2728500366211,7336600
2020-01-29,124.23128541949656,125.6776763426601,123.96528992652819,125.1373519897461,6288600
2020-01-30,124.71342337019937,125.11242297608835,123.89879547535176,124.98773956298828,6470600
2020-01-31,124.48066292814194,124.68847705656955,123.55796769056461,123.74915313720703,8651700
2020-02-03,124.20638378384247,125.09583460697237,124.05676365507571,124.82982635498047,5765200
2020-02-04,125.92705492767855,126.97443357786985,125.68598343357579,126.01849365234375,6541400
2020-02-05,126.11824728952293,128.03013992934888,125.7774290530908,128.0052032470703,5979900
2020-02-06,128.221308397691,128.4291225117877,126.96611571477473,127.622802734375,6201200
2020-02-07,127.46490992730435,127.56466936469528,125.97696589159017,126.25959014892578,5700300
2020-02-10,126.08500160790776,126.27619976838636,125.42831444043668,126.23463439941406,4835600
2020-02-11,126.59204869130915,126.66687141723999,125.96860630701477,126.34268188476562,3715300
2020-02-12,126.24293019098721,126.47568101395959,125.45323899276173,125.59455108642578,5166800
2020-02-13,124.82152261584581,125.55301996585865,124.588771729391,124.7633285522461,5480200
2020-02-14,125.15399645820375,125.22049851082615,123.98192156317718,124.79656219482422,5716300
2020-02-18,125.07916733940672,125.30361014729878,123.907092623042,123.97359466552734,7230700
2020-02-19,124.03179297430144,124.48897392066188,123.50809729920074,123.8073501586914,6115200
2020-02-20,123.53305566885494,124.17312686369046,122.52722950554201,123.33354949951172,7464700
2020-02-21,123.10077064254159,124.88797970762117,122.64357703594135,124.63027954101562,7776800
2020-02-24,122.55565379376091,124.64704720321076,121.50995708903599,122.06208801269531,10588900
2020-02-25,122.12893037021911,122.76470893528986,120.32196464021558,121.0079345703125,10529000
2020-02-26,121.59361812410579,122.3214189469953,120.12126899201363,120.1965560913086,10093800
2020-02-27,119.25958698814256,121.10838393294115,116.23961512232853,116.38182830810547,12566700
2020-02-28,113.23637271749396,114.85092183829299,109.4384089943456,112.50019836425781,19820300
2020-03-02,112.75115638113913,117.22674163326036,112.10700388874628,117.13471984863281,11508200
2020-03-03,117.11801540981313,117.94621168555733,111.34577547055545,113.42879486083984,13662500
2020-03-04,115.1772156692879,120.16310334499401,114.72548029388483,120.02925109863281,10560500
2020-03-05,117.7872496173908,119.3599683838922,116.98414913450885,118.79947662353516,11339200
2020-03-06,115.84643496664506,119.6360379791792,114.95132541980114,118.81621551513672,12239100
2020-03-09,114.04783263821624,116.85029130518225,112.85154933004682,114.13985443115234,13848600
2020-03-10,117.09290320377434,118.74928275686908,112.29106065366669,118.48995208740234,12698100
2020-03-11,115.52020281373187,116.0723337350632,110.00729287323107,110.25826263427734,17763400
2020-03-12,106.5020970357211,111.89788852134762,104.15137330314265,104.91264343261719,21539200
2020-03-13,108.18359989539776,112.86831327810673,104.27687231897448,112.34127807617188,20084200
2020-03-16,103.37340473581416,111.89792088503654,102.41972974515504,106.35154724121094,18877900
2020-03-17,107.53943574909832,114.4159372827109,106.92037879618596,114.26535034179688,18911800
2020-03-18,109.60572654687651,113.4957123722688,107.67328148142937,112.90176391601562,17521100
2020-03-19,112.92686579525501,112.92686579525501,105.5316965158991,106.28459930419922,18482300
2020-03-20,106.1005628583308,106.61086331695918,98.8225105896972,100.29485321044922,19785100
2020-03-23,97.87720175719085,99.18222907157723,91.31859574574334,92.9749755859375,20815200
2020-03-24,99.34954468981219,100.0940801608907,95.25041272771414,99.70089721679688,17604800
2020-03-25,99.47501462235196,103.69962443659311,97.62621768847812,99.88492584228516,13986100
2020-03-26,100.8637128674123,106.32643098607069,100.70476493888435,105.883056640625,15066800
2020-03-27,101.76719979027717,106.76144803815943,100.87208370846153,103.03040313720703,12133200
2020-03-30,107.46414458015919,112.09030492024199,106.66104404376625,111.27046966552734,21754000
2020-03-31,112.92687318602691,113.52919545608745,108.79427813055374,109.69776153564453,15746100
2020-04-01,106.82834851693411,108.94483714497761,104.9879252879636,107.75692749023438,12606100
2020-04-02,108.01626393271002,112.0986672424095,106.42681032401889,111.38758850097656,11594500
2020-04-03,110.74345103694631,112.75954427533961,110.07420269487096,112.24088287353516,10071200
2020-04-06,114.61671885579487,117.92949160514148,113.38697852015389,116.91725158691406,14994400
2020-04-07,117.00088252146003,118.81620998984674,114.82582884388987,115.00987243652344,11567100
2020-04-08,115.23575857838269,120.57299779729146,114.85931037737618,119.84518432617188,10758200
2020-04-09,120.47260070764243,121.65214945190374,117.352245849885,118.14697265625,11125400
2020-04-13,117.1180332854911,118.3645083779479,115.31106627980746,116.92562866210938,8153200
2020-04-14,121.65214467339489,123.32525904838013,120.5060654112819,122.16244506835938,13838000
2020-04-15,121.76088036113534,123.73515549644425,120.0793925324477,123.52601623535156,11962300
2020-04-16,124.0698087438455,126.05244542211211,122.505450707566,125.20752716064453,12181700
2020-04-17,127.14833570122278,127.40766639549274,125.1489644679978,127.17343139648438,10920000
2020-04-20,126.26157356249492,127.99325311410792,125.55886856974617,126.88063049316406,12226200
2020-04-21,125.58399153048585,126.85556233975761,124.28733778550942,125.21590423583984,9951100
2020-04-22,127.83430686136994,129.66636921720192,126.93082353117128,127.98489379882812,11515600
2020-04-23,129.03892973391658,131.33946170648235,128.57882078643382,130.09298706054688,10665000
2020-04-24,130.14318597362256,130.75386904398505,128.52862423463725,129.54922485351562,8653400
2020-04-27,129.50746219678194,130.54479807341977,128.82985267638026,129.07244873046875,8924000
2020-04-28,126.52929819296386,128.0769343842401,126.06918910110994,126.64641571044922,8558700
2020-04-29,126.63803906174665,126.84717837172319,124.78088096796694,125.68436431884766,9285200
2020-04-30,124.19530239562214,125.84330853323868,123.1077753524672,125.51705169677734,14829600
2020-05-01,125.16570045017136,125.20753086857907,122.79824173463143,124.0530776977539,7309000
2020-05-04,124.45464802390438,124.71397877563574,123.04922495359652,124.03636932373047,7198400
2020-05-05,124.6470746196632,126.13614603352849,124.34591339186713,125.06535339355469,6562300
2020-05-06,125.48356851632082,125.75127292294967,123.84391093784079,123.87738037109375,6191600
2020-05-07,124.95652354348967,125.09037573619898,123.08264390495,123.46745300292969,5570500
2020-05-08,124.58011602143857,124.79761633183887,123.71846299293684,124.39607238769531,4712100
2020-05-11,124.1869057800932,125.56723273000668,123.9108403901105,124.7390365600586,5887500
2020-05-12,125.5672334600344,125.76799900675337,122.99899687956191,123.09101867675781,7039200
2020-05-13,122.20431475458628,124.60523056954177,122.14574960551235,123.08270263671875,6970500
2020-05-14,121.62706162318702,123.60969827890558,120.68174781829457,123.50931549072266,6871400
2020-05-15,123.70171864356055,125.88513361497081,121.85293423693301,125.85167694091797,10340400
2020-05-18,127.56664399617101,128.51194518899985,125.86843347572588,125.91862487792969,7388400
2020-05-19,125.56727136934522,126.40382877283226,124.14511357153489,124.66378784179688,6107300
2020-05-20,125.2744577823961,125.8098539528086,123.19979921765409,123.54277801513672,5713400
2020-05-21,124.22873970062987,124.22873970062987,121.98677261295833,122.73130798339844,6487300
2020-05-22,121.77945871864523,123.22829975643963,121.34984877154363,121.61097717285156,6140900
2020-05-26,123.14405608442766,123.3546451363941,121.55200336569482,121.77101135253906,7072300
2020-05-27,121.56889759208708,122.35228297613472,120.46539976809544,122.04903411865234,7950000
2020-05-28,123.00087338105055,124.76139500412948,122.82397289847455,123.80110931396484,6189600
2020-05-29,124.63505832214112,125.80593320140224,122.4196568820023,125.3005142211914,8504000
2020-06-01,124.07065522611413,124.955131922151,122.99244017774029,123.9864273071289,6141800
2020-06-02,123.87694248237331,124.96358954462005,123.08512533086699,124.87934875488281,6078300
2020-06-03,125.10674236701728,125.62899908101852,123.36305891994581,125.21623992919922,6339500
2020-06-04,123.65787093451532,124.98036325167602,122.63019552338832,123.5988998413086,8170500
2020-06-05,124.4076123981393,126.05020472330847,123.48944705398551,124.07909393310547,9725400
2020-06-08,122.88294801859232,124.34022090002897,122.76501864414087,123.63264465332031,7555600
2020-06-09,124.87933068478988,125.78907709828368,122.68919900193389,122.9503402709961,8247200
2020-06-10,123.48944957998685,126.37872577344436,123.48944957998685,124.50027465820312,10137100
2020-06-11,125.15731615032763,125.65430334428981,118.56166395925241,118.6627426147461,11913300
2020-06-12,120.32221014924355,121.05506911013745,118.1657793726841,119.74098205566406,8687400
2020-06-15,118.77226000760508,119.95155390180581,117.41606560260452,118.98284912109375,8649600
2020-06-16,121.37510991114289,122.49544527465926,120.2632063363266,121.6867904663086,7579100
2020-06-17,122.05743461468508,122.49546353227497,120.85287115798583,121.31616973876953,5100100
2020-06-18,120.05263336247825,121.4003958414778,119.5050940103806,120.80233001708984,4797400
2020-06-19,122.8071316157063,122.88295345883299,120.66755205498214,121.15612030029297,12206900
2020-06-22,120.85288200236936,121.01293178585063,119.63988664686865,120.78549194335938,5285600
2020-06-23,121.08030509802803,121.36670316920362,120.18739657965014,120.33902740478516,5921600
2020-06-24,119.1849849785917,119.77463175590655,116.85165467407177,117.77825164794922,8211200
2020-06-25,118.41000658092251,118.41000658092251,115.8576556988277,117.6518783569336,7421200
2020-06-26,117.5339750378774,117.59294614924544,115.41966532460707,116.08512115478516,12849700
2020-06-29,116.86854204849537,117.67719706717722,116.22834290092082,117.1212387084961,5309800
2020-06-30,117.42443352881796,118.78905913167928,116.11036008803835,118.46054077148438,7738300
2020-07-01,118.5110902060919,119.10073694742071,117.98040171222848,118.24996185302734,6174800
2020-07-02,118.98282222650377,119.47980933719778,118.20785600643774,118.74696350097656,5152200
2020-07-06,119.75779506886335,121.10557030640716,119.51351739439387,120.44010162353516,6156400
2020-07-07,119.10075867975385,121.27403951149748,118.96597858476107,120.33060455322266,5622600
2020-07-08,120.34742937668787,120.78545821125343,119.36187413891729,120.68437957763672,6257400
2020-07-09,120.25480125293032,121.66153497124563,118.41847037561044,120.02737426757812,5738600
2020-07-10,120.24637670732962,120.34745536277178,119.13446008411111,119.92627716064453,4282400
2020-07-13,120.9707976773292,123.52313642626767,120.69281853543102,122.31857299804688,6951900
2020-07-14,122.41124508487957,124.99727269421977,122.36069290123915,124.60136413574219,7447100
2020-07-15,126.12601358989738,126.53035389519658,124.86247905584777,124.88774871826172,8512800
2020-07-16,125.24153041959407,125.7974886708523,123.55681779396593,125.7216796875,9304700
2020-07-17,126.35343461177494,126.84200276800746,125.24995000603255,125.805908203125,7441100
2020-07-20,126.54717042550818,126.62299225330052,125.03092666969827,126.01649475097656,6191500
2020-07-21,126.0165310594183,127.76020224099213,125.93229027241533,126.13446044921875,5575900
2020-07-22,126.29446451182602,126.6988047602058,124.54237484885822,126.36185455322266,5910200
2020-07-23,126.53032116797785,127.06942858226472,125.74692327575816,126.02490234375,6566300
2020-07-24,126.77463343673432,126.85887421490462,123.8516558102914,124.76982116699219,5405900
2020-07-27,124.13806950100229,125.44372460679821,123.70847232632379,123.97801971435547,5675200
2020-07-28,124.16333350619504,124.66033357189728,123.61580696421392,123.68319702148438,4842200
2020-07-29,123.31256310884498,124.22230963869582,123.04301572222604,123.43891143798828,4489100
2020-07-30,124.19702357076214,124.24756289574498,123.10195773389476,123.69160461425781,5922500
2020-07-31,123.53999647607887,124.20545239690256,121.26563669739137,122.78186798095703,8259600
2020-08-03,123.31256321188961,124.49185712934485,123.1103930317517,124.12123107910156,4078700
2020-08-04,123.81798036363416,124.01171875000001,122.83242485037381,124.01171875,4162200
2020-08-05,125.59532066205303,125.77220827477731,124.50025497819374,125.00566101074219,5467500
2020-08-06,125.00569100431804,125.72169912222925,123.40521890389672,124.2896957397461,4837900
2020-08-07,124.25598559115492,125.21627135489359,123.95273677874597,125.17416381835938,3635100
2020-08-10,125.39318052187274,125.51952884688905,124.43289469173101,124.69402313232422,4096600
2020-08-11,125.62902098500903,125.70482996896844,123.29569038089404,123.80110931396484,6388400
2020-08-12,124.28126558433424,126.55563829311038,124.23915804430015,126.06707000732422,5257300
2020-08-13,125.12361374785463,125.6711531187521,124.2728384127746,124.66874694824219,5155500
2020-08-14,124.3402068340758,125.79747955065886,124.31493717479039,124.87089538574219,4240200
2020-08-17,124.93827791695921,126.54716849252782,124.86245609032504,125.50265502929688,4306900
2020-08-18,125.73010294782308,126.43769204346026,125.14888786879423,126.42926025390625,4322600
2020-08-19,125.99966970254616,127.6843824737742,125.78066166948834,126.68197631835938,7816300
2020-08-20,126.14289529378912,127.68440934629112,125.974426551878,127.54962921142578,4874700
2020-08-21,127.85279366260157,129.4279952819895,126.85038795814285,128.6782989501953,6722800
2020-08-24,129.5178095885874,129.65347376832025,127.4911795327231,129.0175018310547,5387900
2020-08-25,129.55174207334727,129.79765850554375,128.5002636527198,128.9412078857422,3863500
2020-08-26,128.7716391481598,129.4415241077443,127.73712343420434,129.14474487304688,8008300
2020-08-27,129.24648690195193,129.95877254023497,128.79706765835294,129.72134399414062,5575400
2020-08-28,129.5178445044734,130.33188155785035,128.8055459091615,130.281005859375,5395700
2020-08-31,129.73830018625648,130.9254428555442,129.1108030959846,130.08596801757812,6362700
2020-09-01,130.4760423791235,130.65412027454144,127.25379383132875,128.48333740234375,6307700
2020-09-02,127.86430916961316,130.86610482718078,126.55845210731086,130.44212341308594,6881900
2020-09-03,131.29012550647556,131.83282136126664,125.75292761748693,126.81288146972656,8672800
2020-09-04,127.33856967719898,127.99997961338266,124.76076850782736,125.99878692626953,7200100
2020-09-08,127.40637680579009,127.94907233586014,124.56569700594844,124.87096405029297,8756800
2020-09-09,125.62568798578648,128.1271886833411,125.60025013601825,126.94003295898438,6960700
2020-09-10,126.5584563586803,127.00787563760693,124.24352138284691,124.57422637939453,6191800
2020-09-11,124.69290345882229,125.9478844893806,124.33676071794287,125.3119125366211,3934700
2020-09-14,125.60027017626348,126.7450253540301,125.50699373260184,125.7953109741211,4375800
2020-09-15,126.72800792550771,127.69468477151977,125.93940891852421,126.2531509399414,3658800
2020-09-16,126.67714948909722,127.24528295553853,125.79527395851714,125.83766174316406,4323000
2020-09-17,125.53241654351929,126.03272446623546,123.84497872706204,124.79469299316406,5461400
2020-09-18,124.23504033180289,126.89764333119491,123.97217390194402,126.49909973144531,12174000
2020-09-21,125.14236543554539,125.43914468508089,121.22478100613624,123.03942108154297,7574500
2020-09-22,122.69174755138894,123.2514061409816,121.86922254698692,122.28472900390625,5295900
2020-09-23,125.05754507233999,125.11690867660842,122.42886826179515,122.47974395751953,8784400
2020-09-24,122.58149012271447,123.16658647636933,121.54697455747518,122.67476654052734,5614800
2020-09-25,122.10663804447823,124.0145542639232,122.01336162286108,123.5142593383789,5531200
2020-09-28,124.42157493518927,125.74439480015882,124.1587085439306,124.74380493164062,5843200
2020-09-29,125.1593002331834,125.43064157012931,123.85343042379893,124.7013931274414,6768600
2020-09-30,125.03213434211894,126.96548883227183,124.51487642526035,126.2447280883789,8487700
2020-10-01,126.60933574114254,126.89764001546189,124.19264929268444,124.9218978881836,6457800
2020-10-02,123.98066566284123,125.84618152067901,123.6584356090637,124.006103515625,5485600
2020-10-05,124.65054412516017,125.82073704718707,124.15872409907475,125.69353485107422,4992800
2020-10-06,125.73592160263793,126.01575087630806,123.69232817118612,124.02303314208984,5118200
2020-10-07,124.21806087736819,125.69350769800269,123.64143951177277,125.396728515625,5603100
2020-10-08,125.92244604364471,127.06720072868536,125.532377554711,126.2531509399414,4413500
2020-10-09,126.89763534185155,128.4494089102002,126.72804535960888,128.01695251464844,5054100
2020-10-12,128.551151162494,129.85700803416003,128.0593312412763,128.75465393066406,7273200
2020-10-13,126.3464676921678,127.2961819665914,125.30347698444285,125.80377197265625,11057600
2020-10-14,126.19383198971335,126.37189693459452,124.98123843939871,125.58329772949219,7706400
2020-10-15,125.0575337356948,125.41367651236564,124.08238181901636,124.81163024902344,5978600
2020-10-16,125.15931632316558,126.14294335229017,124.65900843014708,125.58329772949219,6097000
2020-10-19,125.94792237088916,126.26166448817271,122.21689096806628,122.37800598144531,7250800
2020-10-20,122.66628208687041,123.59055828535338,122.20837500250846,122.57300567626953,5325400
2020-10-21,122.20838672035492,123.2429023048008,122.03032178960545,122.04727172851562,5221300
2020-10-22,122.24231386737465,123.53969584742705,121.97095957510719,123.0224380493164,5279700
2020-10-23,123.70081486496363,125.04907258395245,122.4034328427087,123.15811920166016,4154400
2020-10-26,122.47128588507542,122.75960312922759,121.04671430220266,122.08123016357422,6929500
2020-10-27,121.88617212116375,122.3525412893597,121.19083644535502,121.3858642578125,4890100
2020-10-28,119.92735052727257,120.3937325692376,117.17147193434113,117.32411193847656,8426100
2020-10-29,117.01886377357333,117.61243513247383,115.36533893846291,116.33201599121094,7205400
2020-10-30,115.89955990821228,116.6288085005573,113.33023342400656,116.26419067382812,7364100
2020-11-02,117.84984634830921,117.87528419288726,116.5863902713223,117.60394287109375,7088000
2020-11-03,118.73173986265473,119.52882686406727,116.83229877288194,117.44283294677734,6363000
2020-11-04,118.2823506651769,120.86862718281687,117.61245272224855,118.20602416992188,10263500
2020-11-05,119.18118944779343,120.26658093620306,118.08731004940601,118.51129150390625,8016200
2020-11-06,119.05397478860978,121.41979830290448,118.4180026734166,120.62271118164062,5942500
2020-11-09,125.86312742103982,126.33799751515639,122.88678229094184,123.87042236328125,12351600
2020-11-10,124.86252311251721,126.13446732079412,124.02303527705563,125.73592376708984,7386500
2020-11-11,126.49062348262855,126.5160613343652,124.53183126558405,125.32891845703125,6382400
2020-11-12,125.1677875178288,126.0496631232782,124.43853900338812,125.75288391113281,4710300
2020-11-13,126.42274857511985,127.54206548548329,125.8461401829083,127.1095962524414,5893500
2020-11-16,127.97458048195845,128.29681057769824,127.02486601732228,127.91522979736328,6266400
2020-11-17,127.19439716904776,127.72861777760038,126.44818589854673,126.64322662353516,7297700
2020-11-18,126.23621572352498,126.99090208498436,124.96427154541016,124.96427154541016,6661000
2020-11-19,124.90494139447462,125.04061856775785,123.45491910014589,124.7692642211914,7987700
2020-11-20,124.69295325088744,125.4476397519662,123.91282889665112,124.10785675048828,6354900
2020-11-23,124.67137315542429,124.67137315542429,122.1354225740344,122.84412384033203,7318300
2020-11-24,122.95512916782272,123.6040543258425,122.62212621414497,122.84412384033203,11034800
2020-11-25,123.0063844453474,123.10030904339985,121.98176075764613,122.68191528320312,7594600
2020-11-27,123.38205907079909,123.51867901052175,122.289125610607,122.95513153076172,3059000
2020-11-30,123.1514963311613,123.68942912123683,122.15248759873005,123.53572845458984,15663200
2020-12-01,124.91045726577498,127.335415659802,124.54330582536363,125.90093231201172,9738200
2020-12-02,126.2424619502131,127.830632708321,126.11437588802158,126.49007415771484,7745500
2020-12-03,126.40467405396252,127.71961790014953,126.10583265531409,127.22438049316406,7310500
2020-12-04,127.89893234114126,128.34294058095432,127.4549371301213,128.3087921142578,6747100
2020-12-07,127.52325295260829,128.00140968109145,126.8060048310899,127.19878387451172,6634700
2020-12-08,128.07828569144465,129.90553537949071,127.6940534401297,129.40176391601562,8339800
2020-12-09,130.4946447400258,131.06672595435202,129.58101375154027,130.72518920898438,8440100
2020-12-10,130.4860931245858,130.622699986868,129.51268617228922,129.9993896484375,7392900
2020-12-11,129.38467986643175,130.98993184207723,129.1285206958165,130.59715270996094,5977400
2020-12-14,130.85328757436957,131.04967058955094,127.21586971943817,127.2841796875,8547300
2020-12-15,128.07828345167837,128.71867486893677,127.67697045455938,128.5649871826172,7612600
2020-12-16,128.24908163749862,128.863858582966,127.69408082532931,127.79653930664062,8486100
2020-12-17,128.1551124254927,131.39976450223003,128.04412011896102,131.16921997070312,9920300
2020-12-18,131.19482232445995,132.43292256153464,129.50419298507524,131.92913818359375,17137200
2020-12-21,129.79451932906287,130.98992438091182,128.12097049678857,130.65692138671875,7893400
2020-12-22,130.12748648617122,131.4082688847705,129.6664105553441,130.40072631835938,4699500
2020-12-23,130.46908778141534,131.15217460275417,129.7006102216101,129.73477172851562,4607300
2020-12-24,129.6579155880754,130.67399231822378,129.63230097472353,130.1873016357422,2114900
2020-12-28,130.9130988623895,131.38270884722186,130.04216282154803,130.80209350585938,3855500
2020-12-29,131.58760560499937,132.28775998873598,131.32291261741136,131.61322021484375,5212000
2020-12-30,132.125561850298,133.52588389436707,132.00602264027248,133.24411010742188,5412800
2020-12-31,133.65393294545063,134.61879334290327,132.44146031058864,134.3797149658203,5099900
2021-01-04,134.26015323394546,134.37969240241537,131.6046638933424,133.6282958984375,11765900
2021-01-05,133.41486303323612,135.55803470263572,132.40732024143082,135.1994171142578,9602300
2021-01-06,134.26019782197372,136.81321655975552,133.81618946500433,136.4716796875,8230100
2021-01-07,135.7629619311422,137.4962867550035,135.2079613234448,136.9327392578125,7747200
2021-01-08,137.0522681122717,137.55605248897635,136.51434829534756,136.6509552001953,8228900
2021-01-11,137.0949776290633,137.74391586648576,135.5665826785776,136.07888793945312,7066200
2021-01-12,135.89101854772784,136.3264929377875,134.3370092168768,135.0200958251953,6903200
2021-01-13,135.10546257999235,135.3018585955737,133.8417609255356,134.81515502929688,6643100
2021-01-14,137.00104555388762,138.28182817925048,136.28381041059512,137.17181396484375,10030800
2021-01-15,136.87298583984375,137.8207655961162,135.85689610677377,136.87298583984375,7630800
2021-01-19,138.32450320820777,139.21250663193734,137.55603895745702,138.99050903320312,9057600
2021-01-20,139.34912584471232,140.15175158583534,138.1537341209925,138.6489715576172,6839900
2021-01-21,137.7439081998006,138.73437019388334,136.66804245713243,138.09397888183594,6818000
2021-01-22,138.63195085185853,141.02274836354317,138.2135570529543,139.64804077148438,8137000
2021-01-25,140.89459902100108,141.81676392006176,139.7419026687696,141.72283935546875,9924400
2021-01-26,144.8991797404451,148.27190412506675,144.6344867954271,145.565185546875,14205700
2021-01-27,144.40391009362827,145.94085123813448,142.9779742350221,143.3451385498047,14207300
2021-01-28,143.61843418924576,145.889692024092,143.27689733942037,144.43814086914062,8944400
2021-01-29,140.25419958340535,141.73991178281918,137.08640523667168,139.2893524169922,22505900
2021-02-01,141.1507863458345,141.1507863458345,138.83684629064098,138.93077087402344,9971400
2021-02-02,139.50285870682362,139.74193710674382,137.6243669520284,137.68414306640625,11443300
2021-02-03,137.41946058678573,137.91469817566235,136.24968310974748,137.04376220703125,8601900
2021-02-04,137.47065784604007,138.4013566883978,136.41187293375455,138.31597900390625,7758100
2021-02-05,140.7665265248845,141.26176395563408,139.91267158127337,140.41644287109375,9495300
2021-02-08,140.91168885287516,141.67161927765272,139.9297608196524,140.81776428222656,6035300
2021-02-09,141.05684314098363,142.24370106770098,140.86046013939836,141.97047424316406,5544200
2021-02-10,143.3537140267011,143.39640938204218,141.48376951038415,142.43154907226562,5921300
2021-02-11,142.5938093935922,142.91827851831317,141.39841740061325,141.7911834716797,4871300
2021-02-12,140.37372765085686,142.46568238966074,140.03219093326757,142.23513793945312,4413100
2021-02-16,142.23517827403512,142.63649119684035,140.5786973635274,140.94586181640625,5656100
2021-02-17,140.8604838633171,141.8167974534499,140.33963170537788,141.44964599609375,6676700
2021-02-18,140.8519232350444,141.87654660529728,140.2883758213278,141.51792907714844,5189100
2021-02-19,141.3983788743481,141.70576716433206,139.1015070726338,139.16127014160156,8190900
2021-02-22,139.0753936767578,139.6510424190792,137.71788837440178,139.0753936767578,6447100
2021-02-23,138.74032757539138,140.20953055975576,137.81241197106246,137.84678649902344,7042800
2021-02-24,139.53075403161822,141.24052606009027,138.2591719651883,139.69400024414062,10286100
2021-02-25,140.1579474245649,140.64767289227578,139.1784833791052,139.8400421142578,9719700
2021-02-26,139.18704245180592,139.53930910071588,135.72455102480149,136.1455535888672,14417500
2021-03-01,138.71454993978648,138.7832858840347,136.68688546960698,136.88450622558594,10551400
2021-03-02,137.27972659016734,138.13890625995688,136.26590087263554,136.6267547607422,7610900
2021-03-03,135.96512599489316,136.52358730314853,134.0835212057941,134.2209930419922,8499600
2021-03-04,134.02343614269034,134.11794642705442,130.13994051705936,131.51463317871094,11033200
2021-03-05,132.29645053865013,134.62483266053908,131.56615585838108,134.117919921875,8331600
2021-03-08,134.89118146656165,136.89307127427003,134.01481470596804,135.23484802246094,6546700
2021-03-09,134.7966813962165,138.1131150407251,134.7966813962165,135.49261474609375,7461300
2021-03-10,136.4548856405186,137.38278790355628,135.20047788338738,136.7384033203125,6635600
2021-03-11,137.0734638495362,138.00997927814777,136.5407768628302,136.72979736328125,6305600
2021-03-12,136.85007160253406,137.7350251922978,136.7727486154755,137.12501525878906,5474800
2021-03-15,137.253956280078,138.03581294895983,136.17998166129806,137.82960510253906,5524100
2021-03-16,137.86393914148948,138.9121260003291,137.67491861529598,138.64578247070312,6369100
2021-03-17,138.18182820880247,138.95508444568054,137.06489233661603,138.13027954101562,6001400
2021-03-18,137.64916137174097,138.74891014612146,137.4343664844004,137.87254333496094,4801800
2021-03-19,138.06155681992226,138.757490121688,137.01335677453426,137.50308227539062,14891500
2021-03-22,136.01669509899787,138.02717184293087,135.75035157010564,137.89830017089844,7544100
2021-03-23,137.64913984477874,138.4997190751999,136.5064296496308,137.76942443847656,7178300
2021-03-24,137.55461349056458,139.5994513441773,137.314044331316,139.10972595214844,6370100
2021-03-25,139.56510075829556,139.57368783249294,138.01857525036573,139.16128540039062,6269800
2021-03-26,139.26443114688965,141.85057037341238,138.6544209158789,141.70449829101562,7619200
2021-03-29,140.75937800940238,143.50874976690898,140.58754473269047,142.6581573486328,8535100
2021-03-30,141.78179354411944,142.33166785621603,141.10303445119595,141.773193359375,7236300
2021-03-31,141.73026153857896,142.09970244496702,140.64768693652434,141.20616149902344,8281500
2021-04-01,139.70258465686064,140.76795879086387,139.41045367846928,139.9001922607422,7229700
2021-04-05,140.59614392684404,141.5498337713439,139.75415162135218,140.41571044921875,7387100
2021-04-06,140.97413768003426,141.35217866042277,140.046222485454,140.3813018798828,5074200
2021-04-07,140.5188401104495,141.14603760971772,140.32123245370175,140.5703887939453,4608000
2021-04-08,140.9054464429335,140.99995671799803,139.91739520274584,140.02049255371094,5039400
2021-04-09,139.2901760600565,139.9861093560277,137.27969918057553,138.54269409179688,8418300
2021-04-12,138.40521053469456,139.25580288572093,137.76082596544242,138.8777618408203,5022800
2021-04-13,134.7709260740812,137.40860089295234,134.48739520448837,137.02197265625,18424100
2021-04-14,135.60428164068583,137.56320955693297,135.35511228158077,137.39996337890625,7718300
2021-04-15,138.08730272426342,139.52213062964307,137.66630013368862,137.80377197265625,7524600
2021-04-16,138.61999547668867,139.62523375962053,137.94983662140078,139.3932647705078,9049400
2021-04-19,139.61669151491665,140.14079161977426,138.19045016595445,139.77993774414062,8353500
2021-04-20,138.32789404416854,144.16171685065797,138.32789404416854,143.03619384765625,14050700
2021-04-21,142.94170149086852,143.40566580232007,142.01378597800536,143.13072204589844,6333200
2021-04-22,142.4862967328734,142.86433773512755,141.43809690300006,141.9192352294922,7233000
2021-04-23,141.36081800207836,142.67536173628037,140.90545386461181,142.21141052246094,6015300
2021-04-26,141.94502988384895,142.11686313632308,140.69920930582873,141.00851440429688,6027800
2021-04-27,140.69922287405328,140.82810765836538,139.59088714518234,140.20089721679688,6217700
2021-04-28,139.9259581688732,140.21807601963434,138.88634532229267,139.1698760986328,7448000
2021-04-29,139.10112495648448,141.12878865119583,139.02380196504228,141.07723999023438,6394300
2021-04-30,141.03431867290126,141.18897780998202,139.63386491343897,139.8142852783203,9079100
2021-05-03,140.5617735603573,142.03956337141045,140.14935795491994,141.94505310058594,6594100
2021-05-04,141.6185567140758,144.21328244109864,141.48108484945664,144.14454650878906,10179500
2021-05-05,143.91256221972583,144.68581850405525,143.30253902339248,143.54312133789062,7792300
2021-05-06,143.3025433989674,144.2476460953729,142.83000516080344,144.1187744140625,5529900
2021-05-07,144.59989525808868,145.35596421325596,144.19607989235786,144.771728515625,5316200
2021-05-10,145.97457517514252,147.37504179580014,145.39892654893066,146.29248046875,8357500
2021-05-11,146.61895891933585,146.807979435563,144.58270794275086,145.0982208251953,8217900
2021-05-12,144.80611019928898,145.88868478242375,144.2991974300644,144.5139923095703,6758300
2021-05-13,143.45723212096124,146.66196865437283,143.45723212096124,146.02618408203125,8018600
2021-05-14,147.33208836455333,147.4437858882271,146.20656538304624,146.24952697753906,5797700
2021-05-17,146.40421696027514,147.68439944447002,146.32689393298574,146.3956298828125,5722600
2021-05-18,146.0433129230625,147.23757178250312,145.65668480929375,146.44712829589844,5846000
2021-05-19,145.98321349762477,146.1980084042683,144.37653868110343,146.1292724609375,5533800
2021-05-20,146.00898126887412,147.42662234492747,145.79418637189391,146.9798583984375,4853200
2021-05-21,147.20322241373216,148.41466863132067,146.80799408308653,146.8853302001953,6501800
2021-05-24,147.74984664010003,148.13890010381937,146.77292563590447,147.447265625,5195100
2021-05-25,147.55104530016504,147.86228023856054,146.7470294045465,147.0409698486328,7444700
2021-05-26,146.9717861780485,147.04095095456393,145.48477646254756,146.1677703857422,5726400
2021-05-27,146.3320029211017,147.11873731117413,145.57121686171223,145.94296264648438,8114700
2021-05-28,146.5568242687457,147.84498042399488,146.25422999247675,146.32339477539062,6400800
2021-06-01,147.10145454959388,147.14468418173814,142.97760884129727,143.10728454589844,10448400
2021-06-02,142.90842765679454,144.14471320479083,142.74416298860928,143.68650817871094,6806000
2021-06-03,143.4185268033793,144.5078423535368,143.26291594985636,143.54820251464844,5808800
2021-06-04,144.38680183565455,144.87095525370384,143.40122689175982,143.48768615722656,6510300
2021-06-07,143.5135808224306,143.79023984043084,142.32916573220876,142.51071166992188,5362800
2021-06-08,142.8911823604535,143.21971180992628,140.11601611063065,141.2572021484375,7746800
2021-06-09,141.77593867285393,143.3234596793714,141.4906388509481,143.15919494628906,5552600
2021-06-10,143.51362199428206,144.87959660592216,143.4703923613391,144.44732666015625,6463100
2021-06-11,144.4386661422186,144.4473067908859,141.9747225135449,142.61448669433594,7389900
2021-06-14,142.21680292881655,143.04676697523837,141.69807375082405,142.9689483642578,4931300
2021-06-15,142.84794208225335,143.39260650964906,142.1217316402815,142.20819091796875,5062900
2021-06-16,142.47618452410535,143.29749482743455,141.334985473038,142.1562957763672,6988500
2021-06-17,141.94880415907602,143.25425462101038,141.3522695347501,142.8392791748047,5874700
2021-06-18,141.1534106532012,141.94878565132163,139.8738823071628,140.03814697265625,12993000
2021-06-21,140.72115891184814,142.0093148806691,140.271594483888,141.64620971679688,6592300
2021-06-22,141.53382752500642,141.81911407249427,141.16206852219707,141.4560089111328,5627800
2021-06-23,141.51652299899214,141.51652299899214,140.47042402900027,140.60011291503906,4493400
2021-06-24,141.1534373453916,141.9574531441142,140.747102525016,141.23988342285156,4549200
2021-06-25,140.8681256644138,142.4588758268317,140.82489603342643,141.96609497070312,10963800
2021-06-28,142.16498516480513,142.709649683712,141.36960980541616,141.8018798828125,5604000
2021-06-29,141.78455069689215,142.33785573291402,141.27447529640048,141.81048583984375,3749500
2021-06-30,141.78450652212715,142.6231110611714,141.49920684671565,142.4242706298828,6151700
2021-07-01,142.4242947874037,143.5222508613913,142.32919487946936,143.47903442382812,6320200
2021-07-02,143.53088982772752,146.3665790899307,143.20236050857724,146.0899200439453,9059900
2021-07-06,145.1648808213838,145.98619099209745,144.36950578929466,145.2167510986328,6098500
2021-07-07,144.7931014846567,146.53947532680613,144.7931014846567,146.461669921875,6293500
2021-07-08,145.84786225475062,146.50492094837438,144.87958189593314,146.1763916015625,5755500
2021-07-09,146.42711637365537,147.2916562602648,146.31473515884176,146.75564575195312,6120900
2021-07-12,146.73835176927673,147.99193197084048,145.70954718995137,146.522216796875,7840500
2021-07-13,146.0813183565702,146.76429912177943,145.82195372974195,146.34068298339844,4691200
2021-07-14,146.9717794772777,147.68934916009832,146.14181538876477,147.3348846435547,6162900
2021-07-15,146.3665745610331,146.8852904684614,145.00060024536262,145.5625457763672,6656900
2021-07-16,145.53661316992375,146.18501795934975,145.19944320709538,145.32913208007812,5834900
2021-07-19,143.92862065261272,145.40698990988017,142.92576424254796,144.27444458007812,8219700
2021-07-20,144.2917351301798,147.67209003373384,144.23986483569414,145.63177490234375,9902800
2021-07-21,146.36658860123487,146.70375859054639,144.79311985656082,146.53085327148438,7585200
2021-07-22,146.4184725355865,147.89684151390313,145.80464342505394,146.95448303222656,5281900
2021-07-23,147.83632165731117,148.8564723986566,147.300311145203,148.51930236816406,5014900
2021-07-26,148.54525401684865,148.82189992894513,147.71528989689497,148.58847045898438,4484900
2021-07-27,148.52796424058704,149.32333940188636,147.55102988759114,149.27146911621094,7089300
2021-07-28,149.33194480534678,149.8939035484673,148.7699992540557,148.8564453125,5750700
2021-07-29,149.34059864547183,149.85931457162602,147.91410016693152,148.8564453125,4214100
2021-07-30,149.16771971886055,149.54811941405734,148.56254438188063,148.873779296875,5346400
2021-08-02,149.10717044685578,149.42704593020076,148.09566053113312,148.93426513671875,3721500
2021-08-03,149.33199600126818,150.86223555128993,149.0812851964495,150.7671356201172,6033000
2021-08-04,150.6028736820892,150.94004377304373,149.79020392649775,149.8766632080078,4793100
2021-08-05,150.30025580937124,150.30025580937124,149.06395698377688,150.16192626953125,4291000
2021-08-06,150.3780615922044,150.3780615922044,149.08989248401303,149.66049194335938,4581100
2021-08-09,150.18785512648097,150.6460601651807,149.5048612969871,150.17921447753906,3950200
2021-08-10,149.79017059134378,150.52503474513588,149.37519515448173,150.23109436035156,3678300
2021-08-11,150.64605931243966,150.83625912272865,150.04952474306342,150.25701904296875,4221300
2021-08-12,150.27435098231987,151.54521266148043,150.07549728175138,151.4674072265625,4300400
2021-08-13,151.54517332988243,152.40971311614683,151.3982031492371,152.37513732910156,5882100
2021-08-16,152.63452046268128,153.79300075109978,152.11579125111655,153.74977111816406,4782800
2021-08-17,153.2915266946396,155.19351132925192,153.2915266946396,155.158935546875,6041900
2021-08-18,155.18490540739305,155.18490540739305,153.13595015348372,153.1878204345703,7134100
2021-08-19,152.69502660381045,155.03793544035466,152.21954023193385,154.38088989257812,5615000
2021-08-20,154.65754179964918,155.54801683909352,153.9486259431605,155.13304138183594,5428700
2021-08-23,155.1417107826283,155.61133061842858,154.4024798754795,154.46336364746094,6461700
2021-08-24,153.9242039570695,154.11553404190653,152.43704980133148,152.53271484375,5734800
2021-08-25,152.79358399334473,152.97620876756923,151.22816243460375,151.5238494873047,5700300
2021-08-26,151.280342229802,151.94999737150894,150.49763807887635,150.71505737304688,5031600
2021-08-27,151.56733424351404,151.56733424351404,150.23672925155782,150.3932647705078,7046100
2021-08-30,150.2715394267038,151.56736342063863,150.2628474307179,151.02816772460938,3252700
2021-08-31,150.88029928256435,151.74997646571776,150.00191683463817,150.5672149658203,7106800
2021-09-01,150.3672087422215,151.09774780273438,149.63668295193187,151.09774780273438,5327400
2021-09-02,151.61952302069858,152.3587539641818,151.24556818661685,152.13262939453125,4544300
2021-09-03,152.28049378462535,152.38485080952606,151.15860268605536,152.22830200195312,4096900
2021-09-07,151.62823675854855,152.21961093020315,149.29749478325692,149.86279296875,6859900
2021-09-08,149.2540194848078,150.4367811872432,148.78439956438362,149.49752807617188,4661700
2021-09-09,148.88004516959663,149.1322457240835,145.84486689952067,146.16665649414062,7114600
2021-09-10,146.58408291287952,147.05370272417426,145.12301843399175,145.20999145507812,6699300
2021-09-13,146.03623204153277,146.2101648729976,143.60983785757094,144.19252014160156,6273500
2021-09-14,144.71427518678175,144.8360294592739,143.07058587302745,143.3227996826172,5259600
2021-09-15,143.49673668349635,144.33163262673386,142.89665729776638,143.86199951171875,7935300
2021-09-16,144.06204998945884,144.76649980104668,142.79232846977632,143.68809509277344,5665400
2021-09-17,142.88794484865684,143.41844839065678,142.24437904140837,143.279296875,13419800
2021-09-20,142.1747969802015,143.64455328239416,141.03552219548698,142.4617919921875,7270800
2021-09-21,143.1575884754288,144.34904219314018,142.83581210383625,143.0880126953125,6663600
2021-09-22,143.80109989098887,144.3228981384119,142.3052543619835,142.56614685058594,5657100
2021-09-23,142.97491217125943,144.16637884067,142.7574928928541,143.37496948242188,4697900
2021-09-24,143.27931333499885,144.0620174776026,142.53139044019548,142.9401397705078,4399300
2021-09-27,142.62704599584663,142.9401302861585,141.62692262774408,141.90521240234375,5775500
2021-09-28,141.84439222734943,142.5488288129094,140.68771966862812,141.59217834472656,7610400
2021-09-29,141.7574108434895,143.20107845779216,141.56608076110126,142.6444854736328,5124100
2021-09-30,143.18366699047596,143.84461694665185,140.37461308895067,140.452880859375,6972300
2021-10-01,140.4789694374864,140.80074578338002,137.94820537754862,139.55711364746094,8568300
2021-10-04,139.1396870279988,140.0180563933099,137.1220291624376,138.47003173828125,8620700
2021-10-05,139.0266201659577,140.11371684144834,138.40914341538084,138.78311157226562,5129000
2021-10-06,139.03528909899512,139.10486486711213,137.26984545246683,139.07008361816406,7312600
2021-10-07,139.16575366331452,141.4182144977366,139.16575366331452,140.313720703125,5309200
2021-10-08,140.29634018685582,140.5485407501835,139.3657791606632,139.9571533203125,4343200
2021-10-11,139.89630267825618,140.75728805435534,139.0962010879424,139.3657989501953,4101600
2021-10-12,139.14837205395742,139.30490760281114,136.8350271837069,137.13941955566406,6686400
2021-10-13,137.25247582744746,139.21794171912254,137.1915920476404,138.45262145996094,6901100
2021-10-14,138.89616819961776,140.13980037587442,138.8005031652732,139.24403381347656,4579200
2021-10-15,140.04412934492916,140.72247655206323,139.50493368546927,140.27894592285156,6918400
2021-10-18,139.36573253911138,139.92232526150102,138.45256907903942,139.25267028808594,7465500
2021-10-19,139.9310500764665,143.62717801546188,139.78320655133314,142.5139923095703,10081300
2021-10-20,142.60964748805745,143.2793025723423,141.98347891292192,142.4357147216797,6003200
2021-10-21,142.88798794472078,142.96625571955178,141.1312360228066,142.1052703857422,4524100
2021-10-22,141.80958520909888,142.6792625507666,141.722625437066,142.38357543945312,4304300
2021-10-25,142.38357090958883,142.896677339995,140.63552428573033,142.6966552734375,6715400
2021-10-26,143.1140991888637,144.39252592457478,142.67056852819323,144.14901733398438,6939100
2021-10-27,144.08817964698207,144.15775544801227,142.02704796359262,142.40101623535156,7018800
2021-10-28,142.42703930082448,143.6706713318437,141.1660100100773,141.62693786621094,6278800
2021-10-29,141.1921177378563,141.97482201514936,139.67887442883733,141.65304565429688,8526800
2021-11-01,141.89656509391145,142.60969364795153,138.62656963861193,141.77481079101562,5846400
2021-11-02,142.36618273891037,145.21872344936878,141.74001397122694,144.00987243652344,8450600
2021-11-03,143.53152241768845,144.16639634226294,142.13134156396936,143.54891967773438,6717800
2021-11-04,143.44456708368034,143.48805360002623,141.47039601952665,143.1488800048828,8224400
2021-11-05,141.30514174654994,143.1488663560943,141.0616332024966,142.13133239746094,6215900
2021-11-08,142.34876935203877,142.77491599212206,140.89640990184984,141.6443328857422,5578800
2021-11-09,141.41822608972743,142.27050612689547,140.905119668285,141.3312530517578,6112800
2021-11-10,141.34861923809822,143.35757123344024,141.19208372843397,142.8618621826172,6225100
2021-11-11,142.18349253356436,142.46178226331622,141.3138155639865,141.8095245361328,4118800
2021-11-12,145.61004939177923,145.775290185472,143.15756655182125,143.50543212890625,18995200
2021-11-15,143.4967746306215,143.89683208364195,141.94874988107276,142.20965576171875,7496200
2021-11-16,141.91391326683728,142.93144722661896,141.426896178181,141.4703826904297,7594700
2021-11-17,141.64431419085307,142.5052993528131,140.70506126968402,142.00088500976562,5414500
2021-11-18,142.14871349826828,143.0357878194686,141.00074667396683,141.2355499267578,6358700
2021-11-19,141.79215891293484,141.92261844960566,140.69637046408985,141.66171264648438,7620700
2021-11-22,140.961398052534,142.37074996597244,139.75337831040392,139.79714965820312,7634500
2021-11-23,139.63961746635783,140.93516681258535,138.99183611467268,140.66380310058594,7734000
2021-11-24,140.18233949197153,140.60251511510774,139.51706030891071,140.26988220214844,5230900
2021-11-26,140.58502832353338,141.07523548196443,138.88680112672353,139.3594970703125,8523100
2021-11-29,139.62211420241283,140.42745645577014,138.67670894226026,139.84095764160156,9188500
2021-11-30,138.75547493764344,139.18441284239557,136.42699113837477,136.49700927734375,14981700
2021-12-01,137.3286283433069,140.1298214713485,136.77713864600062,138.3790740966797,9835800
2021-12-02,137.66121727194468,139.4382242208189,137.21478164263408,137.5124053955078,11334700
2021-12-03,138.23028920316742,139.77094238557433,137.9501631570143,139.51708984375,8750500
2021-12-06,140.22609966584434,143.14109536802445,139.91096463433456,142.6333770751953,9692000
2021-12-07,143.56127618996558,143.7976308114975,142.16943531554514,143.00103759765625,8311300
2021-12-08,143.0973463567587,144.06026281368588,142.37078454964876,143.85891723632812,6216400
2021-12-09,143.71884351547854,145.29451880152772,143.1148468998734,145.2244873046875,8574200
2021-12-10,144.93563208584092,145.91604637020316,144.13027651552298,144.8656005859375,6572200
2021-12-13,144.2178304954582,148.11324115152433,143.38622807450042,147.4567108154297,11142300
2021-12-14,147.35165782534568,149.66264387947183,146.32747219015664,149.0673828125,10482400
2021-12-15,148.68220585925133,149.95149486135145,148.3057882793195,149.81143188476562,8552200
2021-12-16,149.9164908434102,151.88608161309932,149.54883550259197,151.44839477539062,8998600
2021-12-17,148.49836373400677,149.49628901477573,146.76512790049017,147.2640838623047,16726200
2021-12-20,146.8964686527593,147.50922761384908,145.79350252279764,146.8439483642578,7954500
2021-12-21,147.11530598936426,147.15032841834125,145.29452703970753,146.37124633789062,7954200
2021-12-22,146.2399397153557,147.21160513325373,145.41708623533378,147.0015106201172,4178200
2021-12-23,146.95776268607352,147.89440573738364,146.5025645549953,147.28164672851562,3501500
2021-12-27,148.0606959866798,148.68221714424004,147.67552945040492,148.52464294433594,3704800
2021-12-28,148.62972873638083,149.37380189490256,148.45465662765386,149.1199493408203,3187000
2021-12-29,148.81353244207062,150.55553095393455,148.73475201296267,150.1703643798828,3662000
2021-12-30,150.6693244346245,151.33461702815774,150.34544042386332,150.8356475830078,4231800
2021-12-31,151.0282365980068,151.15953732163038,149.71517593319564,149.7501983642578,4409500
2022-01-03,148.99735537182957,150.2141242153573,148.0256900825994,150.16159057617188,6012200
2022-01-04,149.7414304355194,150.81813640009295,149.33876599348395,149.75894165039062,6748400
2022-01-05,150.56428316385524,151.85108362923407,150.231636868626,150.75686645507812,7016100
2022-01-06,150.69557165325904,151.0019577800174,149.5138252153529,150.24038696289062,7301600
2022-01-07,150.09156844471366,152.57762634766584,149.8026935440187,152.271240234375,6986000
2022-01-10,152.04366218728907,152.04366218728907,150.70434147638716,151.5184326171875,7698400
2022-01-11,151.43091581396786,151.7810599849675,148.9098350399099,149.9077606201172,8341100
2022-01-12,148.47210836186767,148.88353499897238,147.3603802132779,148.62966918945312,8116200
2022-01-13,147.93813707322565,149.18116597122068,147.46544121060708,147.72804260253906,6159400
2022-01-14,147.61425158522346,147.63174943974317,146.31868906515734,146.92269897460938,5847700
2022-01-18,146.2749481201172,146.81767553058268,145.3207806519492,146.2749481201172,7815600
2022-01-19,146.36249064288958,147.69306250392907,145.5921708135666,145.81976318359375,5926500
2022-01-20,146.4412742175286,146.94024368505163,144.3753915562572,144.655517578125,6011300
2022-01-21,145.47831429493698,147.05398916014312,143.97267090786653,144.32281494140625,10550300
2022-01-24,143.56128655082458,143.7100984767092,138.5366367129744,142.65965270996094,14054600
2022-01-25,142.125653872231,147.42166666126548,141.44286355373893,146.73887634277344,14081200
2022-01-26,146.6600922583095,148.13072690408018,145.51335493886003,147.39541625976562,9963200
2022-01-27,148.27957117486858,150.48551694631757,147.93817591857305,149.33001708984375,9066700
2022-01-28,149.5663562292055,150.4242187456787,148.20077534583996,150.3804473876953,9783100
2022-01-31,150.1265607623355,151.10697484404957,149.53131317190622,150.81809997558594,8054800
2022-02-01,150.3366688862678,150.54675000451144,148.31454462318376,149.58384704589844,8154700
2022-02-02,148.50713685126635,151.43089504235468,148.50713685126635,151.23831176757812,7382800
2022-02-03,150.79189680880114,151.9824057965853,149.72393962753247,151.22958374023438,6240400
2022-02-04,149.68889727758247,151.42213340079675,148.9185641752018,150.24038696289062,6392200
2022-02-07,150.04782599163804,150.33670094797154,148.82229465957374,149.74143981933594,6065700
2022-02-08,149.7064360898087,150.6080700657951,149.23372674178702,150.13536071777344,6296100
2022-02-09,150.6255466765584,150.77435859055544,149.90773388971692,150.11782836914062,5387500
2022-02-10,149.87271227676374,149.88146120374597,148.20074558046375,148.3057861328125,10355300
2022-02-11,148.04321159885714,148.94484553708162,146.66011940305066,146.80894470214844,13125300
2022-02-14,146.8089070499493,147.03649936918816,143.39494211852255,144.9618682861328,8967600
2022-02-15,145.42583620343217,147.15032345090214,145.32078227719055,146.45877075195312,6631400
2022-02-16,145.74097618773473,146.9227227014198,145.05818575125633,146.37124633789062,8482400
2022-02-17,146.37124798607488,146.58132913373043,144.3666346545739,145.47836303710938,6227600
2022-02-18,145.34622601022681,145.68100766262467,143.54900614779407,143.9190216064453,6423200
2022-02-22,144.10401554460344,144.25378272491355,141.34650345747943,141.96319580078125,6868900
2022-02-23,142.2891581731132,143.28468444997213,141.70771307679448,142.03367614746094,8016900
2022-02-24,140.76507964398795,141.07343261315597,137.18824972750218,139.32025146484375,12883400
2022-02-25,140.95885495105424,147.11699976616663,140.6945544094442,146.24481201171875,11340400
2022-02-28,143.48731710360204,145.52240866211778,143.0556391626354,144.98501586914062,9373500
2022-03-01,143.6371051125447,145.1436091864981,143.08208861615134,144.4828643798828,8737800
2022-03-02,144.84403537433067,147.68083338131473,144.5180588838918,146.28004455566406,6793300
2022-03-03,146.8615211344887,149.18734196985602,146.526752956798,148.4296875,7333700
2022-03-04,147.68964527884367,149.64545054010574,146.99366682127737,149.3106689453125,6302500
2022-03-07,148.27110440748328,152.51748309921024,147.4429689493385,151.71578979492188,11663400
2022-03-08,151.5660180835373,152.51749206309995,148.45611410947745,148.64112854003906,11100300
2022-03-09,149.77759605475396,149.9714155655516,147.9098954338508,149.2049560546875,7248200
2022-03-10,148.5001711658104,149.9009467457204,148.077298309078,149.46926879882812,6171400
2022-03-11,149.0023169826364,151.05503182552596,148.90540723664992,149.19613647460938,5188000
2022-03-14,150.36784855754928,153.39846601913752,150.0771327557346,151.25765991210938,7729500
2022-03-15,152.70249748550248,155.5128669232319,152.01532411461443,155.17808532714844,10554400
2022-03-16,154.57900514747024,155.89167583763344,152.024117919683,153.75086975097656,9603300
2022-03-17,154.35877647593637,155.79478580412285,153.4689650172494,155.75955200195312,7472100
2022-03-18,155.9357544225093,155.9357544225093,152.9932411529195,154.03280639648438,13809500
2022-03-21,153.87420828140046,156.07669031871737,153.5746739506174,154.90496826171875,7574900
2022-03-22,154.9049928554733,155.38072313619512,153.21348799540527,154.17376708984375,8442100
2022-03-23,154.37641423912234,154.64951994411248,153.3720826617687,153.5923309326172,5254200
2022-03-24,154.1737345083982,154.64946468858426,153.3544176861659,154.3851776123047,5012300
2022-03-25,154.7816322185419,156.55242296471496,154.3675645136399,155.86524963378906,4809500
2022-03-28,155.62739826393278,156.97531639354506,155.3631111348994,156.66697692871094,5604200
2022-03-29,157.36292624932713,158.05009954311504,155.75952637811633,156.58766174316406,5933400
2022-03-30,157.20437756517015,158.45538588863187,156.53481434776455,158.21751403808594,6277600
2022-03-31,158.21749500292904,158.7637196844991,155.91810323865172,156.1383514404297,11490400
2022-04-01,155.97978430524284,157.19554527778416,154.70234738159616,156.98411560058594,6525600
2022-04-04,156.98410442184152,156.98410442184152,154.6318553303266,155.4687957763672,6860600
2022-04-05,155.4687828732013,158.27033320713647,155.31019719687342,156.47311401367188,7446100
2022-04-06,158.0413032903794,160.8692961905216,157.36293504703846,160.54331970214844,10330900
2022-04-07,160.04998632236956,161.1776562138428,158.78135433374084,160.1292724609375,7385200
2022-04-08,159.75041751402443,161.38906457231346,158.9575159705979,160.44639587402344,7144500
2022-04-11,161.22170018073996,162.278888968758,158.2263297075413,158.43775939941406,5932000
2022-04-12,157.87390830967726,159.29230726651753,156.99291550276737,158.4906005859375,5957500
2022-04-13,158.49059314473934,159.3187284952147,157.9091481360693,159.16015625,5643100
2022-04-14,158.57870524378185,159.81208979630236,158.34083342190883,158.4906005859375,6188200
2022-04-18,158.34082947098477,158.92228793532877,155.70666964749716,156.51718139648438,6318700
2022-04-19,159.21304665652042,163.81183092104646,158.5346783224735,161.2921905517578,14380800
2022-04-20,160.5521501800479,162.3846170165724,160.2526023788648,162.0057830810547,8044900
2022-04-21,162.04102311539643,162.8691586202183,160.8340671033692,161.5388641357422,6969200
2022-04-22,160.7547704247132,161.35383912507172,159.7944914205527,159.93544006347656,8003600
2022-04-25,160.64023199581098,164.47255624548924,160.42880231663466,163.87347412109375,11176500
2022-04-26,163.07178053259196,164.3668410865667,162.2612552877109,162.70175170898438,10190000
2022-04-27,162.31414207937942,162.82511959134874,160.11165975686612,160.42881774902344,11090100
2022-04-28,160.56096102671202,162.54319511346156,160.2702317475092,161.62696838378906,9403900
2022-04-29,160.7811978005225,160.82525013233237,158.75491152322672,158.98397827148438,8463100
2022-05-02,158.992788061146,159.8209235292712,155.96217036625575,157.3805694580078,7145400
2022-05-03,157.52153483572036,159.1337534725202,156.53481363636618,157.0722198486328,5898700
2022-05-04,156.94889033359325,159.01922916525362,156.06789737422898,158.7549285888672,5923000
2022-05-05,158.06773311181374,158.3232285624139,154.4116182174893,155.7242889404297,7089200
2022-05-06,154.29708933073218,155.8212032181601,153.90064523136337,155.38070678710938,6434000
2022-05-09,154.5702151077673,157.31010380362827,153.8125606099216,156.2264862060547,7855200
2022-05-10,157.01936127855296,157.85630184751082,155.49524732094466,156.01502990722656,8186700
2022-05-11,155.01951382868188,157.09865757324312,154.94903278479518,155.16928100585938,6138900
2022-05-12,155.46879446008012,156.77265998948985,153.9182520316708,156.70217895507812,6898600
2022-05-13,157.43341755269586,157.60080834287368,154.87854369817794,155.8035888671875,7732200
2022-05-16,155.80357444540812,157.81223685584473,155.2044923803768,156.88719177246094,5516700
2022-05-17,157.4510036363675,158.31437264826576,155.57448503599528,157.5391082763672,5751100
2022-05-18,157.55677094571612,158.02369611894983,154.32352853509096,154.6142578125,8608800
2022-05-19,153.92710268454277,153.9975837398179,152.1386879159576,153.23992919921875,6874500
2022-05-20,154.0416155820751,156.07670705187903,153.3368185659949,155.91812133789062,7522100
2022-05-23,157.4697712746739,159.5356633917827,157.3456402436553,159.10121154785156,7040800
2022-05-24,158.93276444432854,161.14053826028461,158.79977172679415,160.8390655517578,6419800
2022-05-25,160.06764635501116,160.97203722782382,158.7642638860144,159.2607879638672,6558900
2022-05-26,160.48436815938248,160.48436815938248,158.35640404853348,159.11892700195312,6897600
2022-05-27,159.38491181153665,160.62623547957958,158.02833232799247,160.5641632080078,5853600
2022-05-31,157.82442014816317,159.74845780398547,155.17331968075618,159.18099975585938,16391400
2022-06-01,158.8441078265165,159.44703976825124,155.96248143508905,157.5673370361328,5175400
2022-06-02,157.59392178072122,157.65598053926573,154.80095294375442,157.07078552246094,8666500
2022-06-03,156.99982563216045,158.4184638726569,156.1840920705242,156.42349243164062,4234200
2022-06-06,157.12394750150543,158.2677251082345,156.051090302797,156.40574645996094,5386500
2022-06-07,156.92003492261964,158.97707887744943,156.40577393391217,158.12588500976562,5447800
2022-06-08,157.91309800022879,159.11007289779735,156.76044498351013,157.18603515625,4333100
2022-06-09,157.12402699193018,158.40079792120903,153.95866439433348,154.02073669433594,5509600
2022-06-10,152.65523934375796,154.2512194773928,151.28092274175938,152.99217224121094,6647300
2022-06-13,150.80214807715922,152.72618606914793,150.80214807715922,151.44940185546875,7997000
2022-06-14,151.67105101744457,151.71538642912716,148.301762668588,149.12635803222656,7116800
2022-06-15,150.4119862403506,152.00796616977578,149.52533222725506,150.72232055664062,7796100
2022-06-16,149.312538168652,150.91739338050758,148.4347593087099,150.8021240234375,7056700
2022-06-17,151.28977920595833,152.68181897702374,150.05733066385838,150.2523956298828,12486600
2022-06-21,151.39617591414932,154.15367049393203,150.34105545173404,153.40000915527344,8219700
2022-06-22,152.50452601856148,157.75351738359493,152.2296653747228,155.82061767578125,10593100
2022-06-23,156.937776738594,159.4381478111897,156.5121865559725,159.29627990722656,10223500
2022-06-24,160.28931584302885,161.8409604089067,159.57998990705988,161.62815856933594,9374400
2022-06-27,161.05181165540472,162.56799575657527,160.9276806522705,161.47740173339844,5908600
2022-06-28,161.5217954994462,162.2311215719267,156.32600129773562,156.8845977783203,9245700
2022-06-29,157.1328206718015,158.09040860135462,156.4323564456231,156.92889404296875,7097900
2022-06-30,156.8136491024769,158.08155800728974,155.19107043007185,157.3899688720703,10777200
2022-07-01,157.33675407311767,159.34946249860886,156.66290188447073,159.17213439941406,5498400
2022-07-05,158.56034080479154,158.82633971796125,154.81865973953347,157.94854736328125,5676400
2022-07-06,157.88649693582497,159.10120868387406,157.30130200187108,158.09042358398438,5335600
2022-07-07,157.70028792785388,158.81746714652962,157.38995360247714,158.2677459716797,5725800
2022-07-08,158.1169977560918,159.58884653432213,157.62047371747562,158.07266235351562,3828300
2022-07-11,157.5584171338742,158.72880693793033,157.39882590383021,158.13475036621094,3645200
2022-07-12,157.80670072304372,158.22342925296516,155.3418032856569,155.9181365966797,4708800
2022-07-13,155.74963037385214,156.34368687498437,154.72110858266865,155.5545654296875,5291700
2022-07-14,152.97440988043206,156.05996193846983,152.77048325350202,155.76736450195312,5359600
2022-07-15,157.56728524128997,158.2765976041397,156.5387633741853,158.02833557128906,5691100
2022-07-18,157.59393081439404,157.99292251989783,154.198043423103,154.4817657470703,7605700
2022-07-19,156.34371926313065,156.716112362063,150.6248030171579,152.22964477539062,13256400
2022-07-20,152.68183903196956,152.99217339029852,150.51840078226752,151.36073303222656,7455800
2022-07-21,150.77549069139337,151.96360360961916,150.5272286944287,151.89266967773438,5729200
2022-07-22,152.14985048339835,152.93897209906797,151.67104968825117,152.61090087890625,4257000
2022-07-25,152.61088087590073,153.37340385070215,152.25622469056967,152.912353515625,4437300
2022-07-26,153.00104647472978,155.1467480136385,152.93898771599552,153.9940948486328,4525500
2022-07-27,153.06309566317492,154.36647822185705,151.73311456486806,153.5684814453125,4648500
2022-07-28,153.74578280768526,156.13088399376423,152.00794871792598,154.45510864257812,5513000
2022-07-29,154.0916091127891,155.03147381743736,153.31136270961974,154.73887634277344,6451400
2022-08-01,154.42856905764322,155.30636163544548,153.86997255092632,154.1980438232422,5461400
2022-08-02,155.17332471604598,155.59892841290144,153.12515596852373,153.32022094726562,5794200
2022-08-03,152.99218053337066,155.39500577015053,152.30059135952288,154.8009490966797,5010000
2022-08-04,154.9960129747294,155.24427505947807,152.14986067126463,152.3183135986328,5651600
2022-08-05,151.8838442448768,152.08777089190656,150.54498794619283,151.7153778076172,5235500
2022-08-08,151.88387918604408,152.04347046062492,150.2347017023563,150.90855407714844,4629800
2022-08-09,151.20998887358706,151.72424989078607,150.49180119536254,150.8907928466797,5532500
2022-08-10,151.63559069995006,151.83065568780307,150.31447119663073,151.32525634765625,5603400
2022-08-11,149.41896058694252,150.68686952264798,148.05350562466276,148.19537353515625,9328700
2022-08-12,148.55001550635185,148.90468524850152,146.43091284060145,146.5639190673828,14606900
2022-08-15,147.18457815864474,147.84956872261452,146.41319343380545,147.26437377929688,10072000
2022-08-16,147.060445219617,149.17954791479917,146.82992003096848,148.57662963867188,7453600
2022-08-17,147.54809617430487,149.45439687276988,147.54809617430487,148.58547973632812,7406600
2022-08-18,148.67415452739078,149.22388927496297,147.12250983638697,147.8673095703125,8312100
2022-08-19,148.15991714487026,150.83760299586217,148.07124631620687,150.11941528320312,8128500
2022-08-22,150.76210782187857,150.77996386918844,149.2178934238219,149.59278869628906,5462600
2022-08-23,149.06614909433722,149.75346389482786,147.99501781290357,148.28958129882812,5566300
2022-08-24,148.67336996243375,148.70014721794647,147.3433875380661,147.79861450195312,5684300
2022-08-25,148.12884050403343,149.2803166927264,147.01307639415043,149.18212890625,5678700
2022-08-26,149.47672044415611,149.51241890952838,146.56679838011266,146.62928771972656,5667100
2022-08-29,145.9151796726767,146.24544151643565,144.62089592857896,145.4956512451172,5259200
2022-08-30,145.76347403811087,145.9776921008419,144.62985351552902,144.9868927001953,6973300
2022-08-31,145.7009664075963,145.9866086156253,143.95145555401405,144.01393127441406,8741700
2022-09-01,144.14783502477982,147.72720221135242,144.13890019293345,147.58438110351562,7509600
2022-09-02,148.048554561284,148.35203922422625,144.61199459154986,145.26361083984375,5803700
2022-09-06,146.33475035589666,148.36990374867156,145.3350297054591,145.65635681152344,7394600
2022-09-07,145.41535768993734,146.7631962903023,144.74589899608293,146.45079040527344,4590600
2022-09-08,146.28118974097967,147.65580557803506,145.56709775464353,147.6290283203125,5838400
2022-09-09,147.2719610309522,148.35201320676376,146.73638873836902,147.91464233398438,5500600
2022-09-12,148.27170135904805,148.68230865452128,147.47727764448052,147.8521728515625,6365300
2022-09-13,146.00447487723213,146.78104255188495,143.54085833115371,144.00502014160156,6726400
2022-09-14,144.9422938995781,147.60227298303832,144.9422938995781,146.97744750976562,9555700
2022-09-15,146.789975769651,148.23601583197475,146.47756987989484,147.35232543945312,7174500
2022-09-16,147.56654660374656,149.62847708573747,147.05775148732218,149.60169982910156,20201500
2022-09-19,148.44130269982648,148.55733293899308,146.4597039797482,148.42344665527344,7380900
2022-09-20,147.4772727474838,148.08424202827035,146.6739278475791,147.25411987304688,7143400
2022-09-21,147.298769812341,148.88761736821064,145.70992225647134,145.74562072753906,8071200
2022-09-22,145.62955581719393,149.20893652719937,145.34392722941035,148.33416748046875,7401100
2022-09-23,147.94142198823556,149.49455714563544,146.97740001803768,148.81617736816406,9598600
2022-09-26,147.99499780429485,148.92330782398562,146.72749103694238,147.90573120117188,8735500
2022-09-27,148.49486276425293,149.66418175301942,146.7453380772795,147.22735595703125,8686700
2022-09-28,148.3966547242214,149.405310029072,147.37015699675342,148.49484252929688,8660900
2022-09-29,148.6019482207248,149.21785229149276,146.29008786769487,146.86135864257812,7008100
2022-09-30,147.28092975492814,147.94146731284908,145.78134864419764,145.81704711914062,8985200
2022-10-03,146.64716832523482,146.72751372853958,144.33530732063372,145.67422485351562,8657000
2022-10-04,146.25440743655727,148.17351681470328,145.424271615287,147.83432006835938,6236100
2022-10-05,147.29877283757648,148.20922688030947,146.5757596070999,147.3791046142578,4539400
2022-10-06,147.09344753157416,147.28090194510682,144.32635997016263,144.52273559570312,5890700
2022-10-07,144.39775967911385,144.79943211202772,142.07696443534692,142.99635314941406,6363500
2022-10-10,143.38019826331026,143.96039032528438,142.085900614001,143.18382263183594,5315600
2022-10-11,143.1481355273149,146.48650822488304,143.1481355273149,145.25469970703125,6212200
2022-10-12,145.4421317749188,147.17380040446935,145.04938050386548,145.21897888183594,4341700
2022-10-13,143.61227454765594,148.1645989898918,143.48730947301507,147.414794921875,6465100
2022-10-14,146.78106363087605,147.88789337297797,146.03127310490254,146.79891967773438,5684600
2022-10-17,147.63793965033292,149.25357793908847,147.28982170306978,148.7001495361328,6710800
2022-10-18,147.28091651270157,149.21788208332674,145.54032658704048,148.1824493408203,10883600
2022-10-19,148.17349972074814,148.39665258177337,146.29008902888847,147.00418090820312,10044600
2022-10-20,147.28091679158985,147.94145429137177,146.68286864267498,147.3791046142578,5659900
2022-10-21,147.02203772529396,151.18159672538906,146.77209398907274,150.5924835205078,8487600
2022-10-24,151.574359538328,153.60059149577683,151.07449926798327,152.61871337890625,6855500
2022-10-25,151.89569822428982,152.73475521850912,150.42289468859553,152.37771606445312,5661900
2022-10-26,152.92220535559304,154.03796970606226,152.20811344725865,153.7166290283203,6123800
2022-10-27,153.8416050333865,154.80561351501115,153.27925540229606,153.80589294433594,5390900
2022-10-28,154.42177861273896,156.55511940252435,154.05580465470044,156.09095764160156,6073900
2022-10-31,155.77858254389457,156.3498534315158,154.7967043213398,155.2876434326172,7810000
2022-11-01,155.36795521464308,155.87675030635518,152.11884990564263,154.5021209716797,6985000
2022-11-02,154.32360746464764,155.26085229875142,152.00281202974026,152.12777709960938,6877300
2022-11-03,151.57436268977065,153.05610110779338,150.79779501220852,152.3866424560547,4819900
2022-11-04,153.13642825531272,153.97548525272882,151.06557663759088,153.0650177001953,5300900
2022-11-07,153.23461179943612,155.18051191673456,153.02931497179654,154.4039306640625,6621000
2022-11-08,154.53782332762935,155.9302949980638,153.68983156150733,155.17156982421875,5148400
2022-11-09,155.5553757613471,156.2069781996186,153.83262886214416,153.93081665039062,6150000
2022-11-10,155.62679297491906,156.00168810425728,153.56484933330654,155.73390197753906,7877500
2022-11-11,154.18077755355424,154.5199742753477,148.90545404348055,151.07449340820312,11074700
2022-11-14,151.96712923078343,154.65388532008907,151.96712923078343,153.44886779785156,6581500
2022-11-15,153.69878449174254,154.42179766574782,152.20812484233767,153.87730407714844,9351000
2022-11-16,154.9930457193367,156.19807657892594,154.5378188004673,154.83238220214844,5500900
2022-11-17,154.42180368031242,156.19810563168886,154.40394763502496,156.08206176757812,4464100
2022-11-18,156.20700617444052,157.67088843035418,155.8678094597216,157.27813720703125,6555700
2022-11-21,158.0147831977758,158.6077125055241,157.06251027155724,158.08665466308594,5706600
2022-11-22,158.47298257794264,159.18270488354148,158.4101035997725,158.85031127929688,4707900
2022-11-23,158.50894583352652,159.37137629967978,158.12263828724642,159.02101135253906,5389200
2022-11-25,159.35338701224646,160.01817417516006,158.88622927294978,159.2276153564453,3058600
2022-11-28,158.78736811404448,159.70371206815568,158.6166751148584,159.3084259033203,6183100
2022-11-29,159.02098998945638,159.2455832256074,156.9098217944868,158.19448852539062,6700500
2022-11-30,158.446047955517,159.91937918607354,157.01763811837253,159.910400390625,13288000
2022-12-01,160.808736796141,161.6711807457097,159.7037420519499,160.57516479492188,6282600
2022-12-02,159.4611689078297,160.77279920195105,158.97605363679241,160.700927734375,5823900
2022-12-05,160.23381473181087,161.1321877649096,159.91039989157196,160.6111297607422,5120600
2022-12-06,161.63525336222622,161.70712484045856,158.0507404933529,158.20347595214844,7943500
2022-12-07,158.6257487558654,159.802615352573,158.320291476193,159.16476440429688,5702600
2022-12-08,158.85030851532642,159.43424543825788,158.41907963787727,159.19168090820312,4798500
2022-12-09,159.11981125765698,159.8115622619437,157.80819443756775,157.88006591796875,4561000
2022-12-12,158.0687229564188,159.79359743159782,157.75430063853358,159.7666473388672,4882400
2022-12-13,160.89859969252265,161.88680170569737,160.18887739050558,160.99742126464844,9177500
2022-12-14,160.43142745644823,162.6414170220336,160.43142745644823,161.4915008544922,9533600
2022-12-15,160.9884194408399,161.56337754316823,158.47297260262252,159.45220947265625,7602400
2022-12-16,159.01199144354297,159.01199144354297,157.08947412921546,157.81715393066406,18841800
2022-12-19,157.52968996332757,158.2663485965943,156.37977377377786,157.64646911621094,5736000
2022-12-20,158.1136186105286,158.50890485034796,157.36796751415687,157.81715393066406,6174700
2022-12-21,158.3562140222519,160.0720960500795,157.7992134355701,159.62290954589844,5472000
2022-12-22,158.80539890239046,159.470186148606,157.5207183853668,159.03897094726562,5709100
2022-12-23,158.71552698464768,159.47914937700568,157.94292579885644,159.44320678710938,3683400
2022-12-27,160.00921620026574,160.2248306560141,159.00304282294175,159.3983154296875,3067300
2022-12-28,159.6947601828739,160.31463967100999,158.69756572545555,158.70655822753906,2645400
2022-12-29,159.5061121482356,160.17989182750884,159.07489699176386,159.5150909423828,2828800
2022-12-30,159.4521991402145,159.70374243692808,157.57458950020597,158.6975555419922,4216600
2023-01-03,158.25735896298235,160.25174771627144,158.12259481538743,160.0810546875,6344900
2023-01-04,160.70992625218494,161.87781375449606,160.34159007617993,161.82391357421875,9788800
2023-01-05,160.8267019498681,161.69812465956483,160.27869399539983,160.62905883789062,6255300
2023-01-06,161.82396230229722,162.5426498665145,161.159161226501,161.9317626953125,5706000
2023-01-09,161.07827667867886,161.49152056941944,157.3769707112216,157.736328125,7925300
2023-01-10,157.84412414920214,158.23941043943321,156.60437880303044,157.3590087890625,5047500
2023-01-11,157.72731654915182,157.86206698376074,154.61894067939107,157.10743713378906,6494800
2023-01-12,156.55048184676883,156.9547606833833,155.2388648779316,156.31690979003906,4269400
2023-01-13,155.58922407948157,156.32588282082375,154.86154413334543,155.80482482910156,6088000
2023-01-17,156.31689802877798,156.83795600051064,154.60100235243004,154.84356689453125,6053300
2023-01-18,154.2057216817711,154.52015771850176,152.46288955717878,152.50779724121094,7047800
2023-01-19,151.8519762517965,153.87331535748183,151.56450404052444,152.30116271972656,6939500
2023-01-20,152.81323359778148,152.82221239174393,150.45948731179328,151.59144592285156,8620600
2023-01-23,151.91487675130773,152.39101333515825,150.8817395970767,151.2051544189453,8425400
2023-01-24,151.84300526777204,153.6128011390971,149.13889381856703,151.2051544189453,10541800
2023-01-25,150.1810286316332,152.28321838378906,150.1001783430316,152.28321838378906,7099800
2023-01-26,152.319156321072,152.64257117366319,151.51061233555143,151.72622680664062,6946100
2023-01-27,151.41174838456357,151.70821305882797,150.72001118602793,151.1332550048828,6058100
2023-01-30,150.86378373723065,151.4117918606951,144.70993640516988,145.53643798828125,23259100
2023-01-31,145.26690072791385,146.82108206591704,144.68296380387935,146.81210327148438,11612500
2023-02-01,146.4257996433147,149.11192576294613,145.89574922960222,148.15965270996094,9865300
2023-02-02,146.43482821970923,149.3275909535799,146.27312762732376,148.71669006347656,10099000
2023-02-03,149.15686782228184,149.43536125848226,147.2343501540991,147.8811798095703,6868500
2023-02-06,147.8272752583016,148.0967898914711,146.5246371907467,146.75820922851562,7021000
2023-02-07,145.17705305124855,147.22534198217056,145.0153388156066,146.7941131591797,7310800
2023-02-08,146.7043099150942,147.83625493143072,146.34495249937197,146.98280334472656,6054700
2023-02-09,147.00077232440952,148.05186704616474,144.70093973238954,144.9973907470703,7949500
2023-02-10,145.32978546206928,146.24611593505944,144.9524704952941,145.67115783691406,7028000
2023-02-13,144.93451706895723,146.27309776771637,144.7728028014966,146.210205078125,6414700
2023-02-14,146.2012139293844,146.40783586271226,145.32079859800282,145.5723419189453,6316000
2023-02-15,145.49146361015357,145.51841369591256,143.10178881360298,143.1736602783203,12621800
2023-02-16,142.90417466395917,143.4252188495979,141.87103767003558,142.1585235595703,11177000
2023-02-17,142.07708610835468,145.77785509364287,141.71514410318633,145.12637329101562,12401900
2023-02-21,144.45683875887454,145.0902340259356,142.86433482896302,142.9638671875,9423900
2023-02-22,143.41623705183713,143.7329345806156,142.3937698711231,142.76475524902344,9820200
2023-02-23,142.70148722134303,143.49773237219975,141.76045139758256,142.71957397460938,9385100
2023-02-24,141.74231021402497,141.92328814827468,140.43936021150137,141.1270294189453,8689700
2023-02-27,141.56132340122707,141.9684960746836,140.32170482899764,140.81936645507812,7267100
2023-02-28,140.23122773031872,140.49363743110473,138.47584683176402,138.67491149902344,9062300
2023-03-01,138.44872900621743,138.65685089274672,137.4534192889554,138.0506134033203,6767000
2023-03-02,137.30862002491654,138.22249779734742,136.83810227164685,137.94200134277344,8762500
2023-03-03,138.77444397546526,139.45306975818156,138.2948828602132,139.3625946044922,5747200
2023-03-06,139.94169701175014,140.90986267759658,139.86026522621384,140.75604248046875,8148200
2023-03-07,141.23557178204155,141.3803485725818,138.75633482574455,139.4259033203125,7457700
2023-03-08,139.32639402758767,139.52545869580908,137.9691424569929,138.40347290039062,6230500
2023-03-09,138.85590156373868,138.9825778351939,136.36760681204962,136.84716796875,7439400
2023-03-10,137.40815440385578,138.88303891403845,136.7204852209131,137.18194580078125,8504300
2023-03-13,137.61623668185211,141.07271011675303,137.14573281637465,138.49392700195312,10799600
2023-03-14,138.6930317136596,139.37165759188014,137.44435567959655,139.27212524414062,8421200
2023-03-15,138.29491529927157,140.14982896846152,138.01441878568932,139.66122436523438,7757700
2023-03-16,138.84682225047817,139.6792681597303,138.0777213701954,139.3716278076172,7605500
2023-03-17,139.77882142170196,140.20409471606763,137.80628895564672,137.87867736816406,20540700
2023-03-20,137.96010141453874,139.4078419703047,137.87866963252966,139.24496459960938,7129000
2023-03-21,139.34449693540174,139.4621298249774,137.68864833449797,139.24496459960938,8376800
2023-03-22,139.20875534449928,139.39876280588825,136.65711612387597,136.6752166748047,7943500
2023-03-23,136.79283503719435,137.25430934012093,135.824669570939,136.7476043701172,9051500
2023-03-24,137.06430081012752,138.2224876510996,136.47616401672065,138.12295532226562,5696200
2023-03-27,139.525466068184,139.83310646017173,138.539199855041,138.71112060546875,6772300
2023-03-28,137.88769660691685,138.84681874320432,137.29050266318768,137.3719482421875,6115300
2023-03-29,137.75197306857527,138.78348357537234,137.598152900779,138.7201385498047,6012000
2023-03-30,138.96445352184827,139.1635181724841,138.26772724462285,138.82872009277344,4555700
2023-03-31,139.15447294078166,140.4212493541981,138.6568250781406,140.24932861328125,9890000
2023-04-03,140.20408519310362,142.06804181711786,139.2902074346659,141.92327880859375,6841900
2023-04-04,142.0318591280007,143.84152795673825,141.68801763240378,143.40721130371094,8314500
2023-04-05,148.7276553032202,149.8948996416444,147.2708710790458,149.8496551513672,16704200
2023-04-06,150.19346677353724,151.31545259137482,149.11671163028169,149.4333953857422,9615400
2023-04-10,148.9629000350983,149.15290753800335,148.0671089585119,148.68240356445312,5354000
2023-04-11,148.77288090180033,149.55103909304324,148.42903938737166,148.6371612548828,5903800
2023-04-12,148.3385351219097,149.15288045700183,147.57847763493362,148.3204345703125,5764100
2023-04-13,148.55571010000446,150.50111240863956,148.2209257790192,150.3020477294922,5640600
2023-04-14,150.17534161089688,150.3110612257575,148.4471048794052,150.05770874023438,7225100
2023-04-17,149.9672604413296,150.41967764740818,149.2433901502684,149.90391540527344,8046400
2023-04-18,148.6190774104239,149.01720682838513,144.45683288569447,145.68740844726562,14571500
2023-04-19,146.57410918944473,147.19843324163767,145.83213845668087,147.06271362304688,6752000
2023-04-20,146.9722343551338,148.22996733475048,145.64214058529396,148.01280212402344,9498800
2023-04-21,148.79096440283735,149.2705255092172,146.55602242857194,147.20750427246094,7014200
2023-04-24,147.20747919782852,148.2208890905134,146.46550852163116,148.10325622558594,5278900
2023-04-25,148.67335443368725,149.61439004509668,148.53763478140647,149.46055603027344,6263100
2023-04-26,148.47424191209163,148.74569493589044,146.80030691090192,147.14413452148438,5518200
2023-04-27,147.3975328789264,147.85900730503997,146.70082026252672,147.48802185058594,5739700
2023-04-28,147.31608162963673,148.17567152014564,147.08987303704612,148.1213836669922,6024900
2023-05-01,148.03089904785156,148.66428030526717,146.800323830583,148.03089904785156,4893400
2023-05-02,148.70049111813657,149.7320018452426,147.99472134731025,149.3248291015625,7541700
2023-05-03,149.79537101559637,150.3654074259072,147.0446660957373,147.3704071044922,5937200
2023-05-04,147.19843822808133,147.39750287987482,145.90453179809947,146.70079040527344,5128000
2023-05-05,147.34323263035822,147.60564234210096,146.30267857715378,147.19845581054688,5194500
2023-05-08,146.57415336149592,147.0989590559963,145.98600262144643,146.8636932373047,4994900
2023-05-09,146.35698369796674,146.7008252339107,145.48833648330586,145.72360229492188,5520500
2023-05-10,145.8593067616784,146.55603313581562,144.82779606793906,146.2664794921875,6756600
2023-05-11,146.42935385350668,146.75509479254268,144.2215556896712,145.66929626464844,5867600
2023-05-12,146.00408419070348,146.18504831538482,144.7825521874183,145.47927856445312,3904200
2023-05-15,145.49739139967323,145.70549947028832,143.81439866539546,144.36634826660156,5104500
2023-05-16,143.92294753881797,144.99970260969923,143.44338644439333,144.17630004882812,5599200
2023-05-17,144.58350625076278,144.8278154444254,142.7557504058663,143.85964965820312,6840700
2023-05-18,143.56104022575835,143.80533559168313,142.56571678676679,143.39816284179688,5173000
2023-05-19,143.49770827906264,144.71018326506336,143.09053549202412,143.78726196289062,6527100
2023-05-22,144.04251100515998,145.08180451547207,142.93028290858126,143.0123291015625,5675900
2023-05-23,143.22198537303206,144.28862734711794,142.5564626566475,142.9575958251953,5793000
2023-05-24,143.20375789101288,143.2584553429785,142.14622745018653,142.82086181640625,5015100
2023-05-25,142.26474675845108,142.48353656460404,140.14057428835008,140.76962280273438,6886100
2023-05-26,141.02492740873785,141.56280438468505,140.57820824128862,140.7149658203125,6845400
2023-05-30,140.3685105504446,141.65395649674463,139.77593618925064,140.73316955566406,5593100
2023-05-31,141.0340144774044,141.93656426285997,140.25911064116883,141.36221313476562,11324600
2023-06-01,140.88815307617188,141.34398379701096,139.62094422867318,140.88815307617188,7901300
2023-06-02,141.0522470429016,143.4134466319013,140.47789593336444,143.10348510742188,7659700
2023-06-05,142.9028984421232,144.62593761810155,142.9028984421232,144.33421325683594,6430500
2023-06-06,145.48292300888042,145.51027173709656,143.49549398980065,144.2065887451172,5073600
2023-06-07,144.1336597025058,144.77181984188414,143.53195989501438,144.5165557861328,6504300
2023-06-08,144.49832525596273,146.24871339417794,143.8784022096743,146.10284423828125,5818400
2023-06-09,146.24872348605385,146.53133630082513,145.38264791828237,145.87493896484375,6264400
2023-06-12,145.8658299111593,146.0937452703955,144.7080159912016,145.774658203125,6510600
2023-06-13,145.61966417932214,146.63160883869566,145.09089892470058,146.5404510498047,6066800
2023-06-14,147.3244838886607,147.76207745399233,146.75924437630664,147.2880096435547,6699100
2023-06-15,147.73471212473675,149.430402649558,147.16947267589828,149.26629638671875,7138300
2023-06-16,149.95003750336042,150.41499364069662,149.39392358814118,149.7221221923828,13426600
2023-06-20,149.7494879611334,150.70673515836145,149.33924313684946,149.6309814453125,7995800
2023-06-21,149.1295749669805,150.35119791654694,148.31819686933125,149.403076171875,7177500
2023-06-22,149.42129071967278,151.08052106519543,149.32100741405495,150.98934936523438,5485900
2023-06-23,151.4360759880402,151.58194515091134,150.4514800049334,150.86172485351562,9450700
2023-06-26,150.40587476798592,150.40587476798592,147.07831664508979,149.17514038085938,6978800
2023-06-27,149.2207512946892,149.40309472783213,148.09029990996785,148.86520385742188,4927500
2023-06-28,148.78312086298803,148.78312086298803,147.60708391083043,148.5643310546875,6780400
2023-06-29,148.27260596264864,149.80420431134198,147.89882145906205,149.6036376953125,4547500
2023-06-30,150.296523914448,151.2811200592242,149.83158153115838,150.89822387695312,7580000
2023-07-03,149.82244256812672,149.86802842377452,148.56435919951835,148.91990661621094,4033700
2023-07-05,148.59170333898925,149.43954180226802,148.3546624612858,148.42759704589844,7224600
2023-07-06,147.91705245624004,148.02644736559915,146.77747578092232,147.32447814941406,6332500
2023-07-07,146.2942804390626,146.81392011273172,145.13646676809068,145.1820526123047,7022200
2023-07-10,145.34616332260245,146.13931816176876,144.9541556166953,145.41909790039062,5739200
2023-07-11,145.07268250498007,146.13932466979247,143.6778416809293,144.61685180664062,6606700
2023-07-12,144.89947742494343,144.89947742494343,143.9331184847605,144.11544799804688,6940400
2023-07-13,144.04253167728888,145.07271372873197,143.50465467608572,144.78097534179688,6401700
2023-07-14,145.1182506214706,146.07549784492446,144.93592112910997,145.74729919433594,5362200
2023-07-17,145.63788255845765,145.7472774553875,144.17921901544278,145.01795959472656,5486800
2023-07-18,145.01799087372208,146.6772074487033,144.21572436093805,145.0088653564453,6332500
2023-07-19,143.96043677413294,146.23958998538507,143.43167155982078,144.7171173095703,7522600
2023-07-20,147.6344377593021,154.19839654216696,147.05097506551073,153.5055389404297,21892900
2023-07-21,153.32319152333378,155.72999072178015,153.32319152333378,155.1556396484375,12080000
2023-07-24,156.34992185534315,158.4649828690191,155.88497957376617,155.96702575683594,15155400
2023-07-25,155.39267540218756,157.42567633173857,154.75451523493481,157.1613006591797,13790100
2023-07-26,156.80576088191418,158.49234003713482,156.25875847728884,157.462158203125,14288200
2023-07-27,156.96987874087466,158.89348516461126,156.84224668052087,158.34649658203125,12446400
2023-07-28,158.62908732097617,159.86894741049363,157.927104131472,159.06668090820312,14138800
2023-07-31,154.69982860270204,155.1830080424877,151.98308146583838,152.7306365966797,22632700
2023-08-01,151.6730839043173,154.1528037184398,151.39047113101282,153.97047424316406,15810300
2023-08-02,153.9340317741448,156.1129019470057,153.9340317741448,154.900390625,14595600
2023-08-03,154.93682371608077,156.1858090642625,154.68155968379105,155.5658721923828,17424800
2023-08-04,155.2923860096709,157.42567016123394,153.05881855640973,154.1072235107422,23415100
2023-08-07,154.5174955427848,158.02738358284265,154.39897510942902,157.80859375,17736400
2023-08-08,157.70829627897524,158.21882439089956,156.2496326070362,157.88150024414062,27378700
2023-08-09,157.71739651760714,158.85697308204072,156.851321110807,157.78121948242188,42974400
2023-08-10,158.6290811411841,160.42505518421368,156.47755971409958,156.9607391357422,48213800
2023-08-11,157.24332423237396,158.58346734632755,156.4592950222436,158.4923095703125,45905600
2023-08-14,158.19148010895753,160.08773737141834,156.57783563704916,158.11854553222656,64036900
2023-08-15,157.5350724446197,159.1395912943878,156.93337265938894,157.66270446777344,88958100
2023-08-16,157.28893269263023,159.29458489435956,156.92427371444248,157.1613006591797,85832700
2023-08-17,157.58977862483303,159.89628068512874,157.49860692716723,158.63818359375,70904200
2023-08-18,157.87241028614335,158.61997934600097,156.17671944711347,157.2524871826172,49631700
2023-08-21,154.6998279545972,154.8456971198061,151.2993347669038,152.56654357910156,151319500
2023-08-22,152.11981135002787,153.01323556584816,150.79790519266308,151.35401916503906,56834800
2023-08-23,151.2446229300974,151.79162534251822,149.02929237257635,149.9956512451172,119011400
2023-08-24,149.53983609528646,151.94662192079187,149.38485530817576,150.50619506835938,70755100
2023-08-25,150.87349455482223,154.06910689016874,150.65310218237283,152.6641387939453,18185500
2023-08-28,151.51627361204595,152.62739911708059,149.83581871419972,150.86428833007812,18458000
2023-08-29,151.39687941624092,152.14068427059723,149.46849905528867,150.8826446533203,12208600
2023-08-30,151.6173141402934,152.27847730943637,150.30416556396622,150.35008239746094,9939100
2023-08-31,150.01945584316712,150.20312312209003,148.1002532802996,148.46755981445312,15333000
2023-09-01,148.22884759686147,149.2022227569912,146.9340686332099,147.36566162109375,8610100
2023-09-05,147.43911197339338,148.73389081607974,147.181994559337,147.54930114746094,9019800
2023-09-06,146.77795873845986,146.92488698829195,144.491449152288,145.09750366210938,9753800
2023-09-07,146.13516920845402,147.89826621973248,145.98824095455177,146.9524383544922,9931800
2023-09-08,146.54839937662942,147.54932187998017,146.18109273689433,147.4391326904297,6957000
2023-09-11,147.8982535451589,149.39505522833505,147.33810188552874,149.3675079345703,6309300
2023-09-12,148.96344887591985,150.53370052664096,148.32983315263527,150.21231079101562,6045800
2023-09-13,150.37760681156865,151.4703628279419,149.67971868894077,150.5888214111328,7397500
2023-09-14,151.22242482293447,151.76422096267086,150.0837659794882,150.3592529296875,7758400
2023-09-15,150.57964212569536,151.35100844417988,148.0360150660639,148.2563934326172,13392100
2023-09-18,148.87163514995234,149.8174629756042,147.6135953067132,149.1930389404297,5789000
2023-09-19,148.9910004422415,149.54197430747567,148.19210094831465,148.94508361816406,5550800
2023-09-20,148.93594373192047,150.17561422616959,148.44925609900142,149.59710693359375,3837400
2023-09-21,149.28487265486805,150.13886682303638,148.38494764592963,148.44923400878906,4526700
2023-09-22,148.11866047005878,148.21048012101946,147.1544630579488,147.384033203125,4976700
2023-09-25,146.98917372012403,147.25546891324356,145.75866713951035,147.16363525390625,6722500
2023-09-26,146.75038344600947,146.99832306881797,145.87801989831613,146.0249481201172,4904800
2023-09-27,145.62089984923054,145.78618358684494,142.5722023560004,144.27102661132812,10211600
2023-09-28,144.62917437970808,145.05158956215718,143.45377649617322,144.05984497070312,7861900
2023-09-29,144.50979618890807,144.72101079008243,142.65487968813432,143.02218627929688,7680700
2023-10-02,142.71913102529987,142.71913102529987,140.79075068781802,142.47119140625,7259700
2023-10-03,142.03962241913092,142.79261916226554,141.31418698216945,142.64569091796875,5740800
2023-10-04,142.8569062079266,143.18747374140506,141.9386256944456,142.8109893798828,4955200
2023-10-05,143.49968450638667,145.1250307538907,143.31603122558843,144.298583984375,5993300
2023-10-06,144.24348616781924,145.3637893709761,143.79352372988023,144.75772094726562,5802200
2023-10-09,144.33535096800318,145.89643933793255,144.252709069412,145.58421325683594,4414100
2023-10-10,145.43725380860693,146.25452280173255,144.99646912937183,145.41888427734375,5273500
2023-10-11,145.51074582083297,146.05252799627516,143.28849450285895,143.41705322265625,6922900
2023-10-12,143.17826550072346,143.7659643437679,142.39773563753312,143.5547637939453,5792400
2023-10-13,143.92209966775584,144.5006208698679,143.29767564985906,144.0323028564453,5359800
2023-10-16,144.92298634789313,145.31784010400736,144.02306167293958,144.65667724609375,6408100
2023-10-17,143.23336970127548,145.9606635499129,141.9753300648863,143.33438110351562,12244400
2023-10-18,142.70997670167318,143.20584200935713,139.62455364317165,140.2489776611328,9097300
2023-10-19,139.2756068048366,140.59793301469057,137.8798164708964,139.87249755859375,7733800
2023-10-20,140.25816983679383,141.29581728278131,139.88167146566855,140.49691772460938,7207000
2023-10-23,140.36836719876788,140.95606619768492,138.85320987695275,139.01849365234375,5874000
2023-10-24,138.43076560116128,139.54189101265834,137.8614362562774,138.8715362548828,6155300
2023-10-25,138.88074262048872,139.73473672755688,137.95327038292467,139.18377685546875,5880800
2023-10-26,139.55107008719241,139.55107008719241,136.71358708361,136.8237762451172,7612500
2023-10-27,136.3554749520692,136.51158095388752,133.10475417208087,133.70164489746094,11385800
2023-10-30,134.15158466167946,135.20761556333372,134.06894278581925,135.0147705078125,8205300
2023-10-31,135.48310044984316,136.40138096099307,134.65665359454772,136.2177276611328,7576900
2023-11-01,136.99827907423332,137.52169170759998,136.32793818833065,136.5391387939453,5733000
2023-11-02,135.63922990380186,138.1093928806954,135.48310987561806,137.9624786376953,5349100
2023-11-03,138.85318251705314,139.8265574786029,137.87979354365675,138.97254943847656,4926800
2023-11-06,139.37661048231033,139.97348719106506,139.0001121217244,139.3031463623047,4851400
2023-11-07,139.51433968948862,139.80819615421873,138.36648914635052,138.56851196289062,4840400
2023-11-08,138.9817570477528,139.42252775735665,138.0542847900646,138.0634765625,5460000
2023-11-09,138.20123074317922,138.20123074317922,135.22599654537234,135.3729248046875,6973600
2023-11-10,136.13506196674547,136.36463205437911,133.7383496913765,135.21678161621094,6930700
2023-11-13,135.21681427957185,135.81369104686408,134.6658403314178,135.56576538085938,5889300
2023-11-14,135.57495321777608,136.40140018957624,134.95970686999584,135.59332275390625,6713600
2023-11-15,135.30863283981077,137.20946612627688,135.23516872079958,136.64013671875,6729100
2023-11-16,137.2829189808146,137.8981651637217,136.49319728105309,137.83389282226562,6875600
2023-11-17,138.2471423115521,138.46752068028331,136.8880909942616,137.5492401123047,7023300
2023-11-20,136.9105722267492,139.21539258633808,136.5680779325802,138.7618408203125,8851700
2023-11-21,138.93766891018822,140.03916150487748,138.48410316598398,139.88180541992188,5916300
2023-11-22,140.35393327526066,140.7334326035613,139.20614165985438,139.6041717529297,4633500
2023-11-24,139.6411556442879,141.32580229848259,139.6411556442879,141.15919494628906,3351400
2023-11-27,140.96480782144414,140.9925898379735,139.74297818041498,140.02992248535156,6449700
2023-11-28,140.1410063271629,140.5205197229502,139.62265345684682,140.35391235351562,5909000
2023-11-29,140.0762242322516,140.88152146109968,139.83556442654194,140.7982177734375,5190000
2023-11-30,140.93705410495645,143.60288504305794,140.62234187589075,143.15858459472656,12481900
2023-12-01,144.80621142491063,146.67599639801404,143.90834515250268,146.60194396972656,10342900
2023-12-04,146.25019572892217,148.11998066702768,146.25019572892217,147.06475830078125,8920300
2023-12-05,146.99070113262064,147.7589791473781,146.4538316479447,146.75929260253906,7268200
2023-12-06,146.73152210979183,146.86111031937986,144.55627631593302,144.97280883789062,6642900
2023-12-07,144.93579198138076,144.93579198138076,143.20486069934313,143.84353637695312,6532400
2023-12-08,143.8620507298547,144.2600807390312,142.39954715084056,142.93641662597656,6254700
2023-12-11,143.01045580343737,143.9175731864845,142.87161635033726,143.52880859375,6090400
2023-12-12,143.4732847712825,143.76949446132465,142.22367309300722,143.5380859375,5324400
2023-12-13,142.23295284947693,144.3433976701454,140.48350479750025,144.2045440673828,10764600
2023-12-14,144.83399084475926,145.47268073101122,143.5195919171942,145.20423889160156,9240700
2023-12-15,143.9268446006741,145.03760264420976,142.32548751282155,143.6213836669922,21727800
2023-12-18,143.66769280196846,144.80621893229448,143.25114610574875,143.88058471679688,7231400
2023-12-19,143.75098330875645,144.8617414406789,143.41775445677413,144.82472229003906,6651500
2023-12-20,144.8987461188598,145.009831807796,141.72382814751987,141.87193298339844,7008300
2023-12-21,142.26070649279313,143.59362185105726,141.8997097602679,143.32518005371094,4598600
2023-12-22,143.70468900035306,144.8894994770016,143.49179711953238,143.89907836914062,3798900
2023-12-26,143.47328114099076,144.72289278764723,143.33444167983117,144.52850341796875,4170000
2023-12-27,143.9361057385732,144.8802564962242,143.86205331404608,144.722900390625,5288100
2023-12-28,144.39892153554206,145.54671291958718,144.38967027907805,144.935791015625,4377500
2023-12-29,144.8710020479519,145.23199881722843,144.38041705698777,145.0839080810547,4313700
2024-01-02,145.25979409025103,149.61953816309733,145.13020584413988,148.07373046875,9622100
2024-01-03,148.69386765226102,149.434377788911,147.9163383646038,148.99932861328125,8232000
2024-01-04,149.5732323017515,149.9342290876135,148.49024194416558,148.68463134765625,6766600
2024-01-05,148.56429160318703,149.34182095451408,147.61088949104754,149.14744567871094,5602500
2024-01-08,149.1196842449039,149.63803716825365,147.7404841192315,149.5177001953125,6569800
2024-01-09,149.61026000976562,151.13755078753016,148.65685791532113,149.61026000976562,6357000
2024-01-10,149.78612705202778,150.52662308326083,149.2122242665488,149.8323974609375,4945100
2024-01-11,150.01753518797625,150.1378580244959,148.82345921133077,149.1659393310547,4946000
2024-01-12,149.80466474542197,150.3878189248169,149.66582523797544,150.3137664794922,4496900
2024-01-16,149.55472820731845,150.18415269948522,148.26808307810143,148.5828094482422,6923200
2024-01-17,148.3328890739342,149.30480786459682,147.98114353802296,148.49949645996094,5072100
2024-01-18,148.10147297804963,149.36958732072588,147.81452863400378,149.22149658203125,5368500
2024-01-19,149.1659244730863,149.87866666048993,148.36062735327565,149.65650939941406,7071300
2024-01-22,149.95273766923242,151.41524137348583,149.34181571858417,150.38778686523438,6824200
2024-01-23,147.78674342071673,148.57352392928672,145.24124965217675,147.9255828857422,9149800
2024-01-24,147.87006929521118,148.6568640459355,146.3983142488073,147.13882446289062,7247900
2024-01-25,147.1758456884644,147.74973440352596,146.68526066609414,147.69419860839844,5478900
2024-01-26,148.49947430491213,148.78643274479793,147.50905314627101,147.63864135742188,5591900
2024-01-29,147.18508610757323,148.166270204117,147.13881569774614,147.50906372070312,6483200
2024-01-30,147.49980589759576,147.8793051608134,146.3705311165729,146.9629364013672,7200500
2024-01-31,148.47168769191893,148.67532830148875,146.87034482944165,147.08323669433594,8256800
2024-02-01,146.39831104014473,146.70377202641137,145.3708564950869,146.58343505859375,8012000
2024-02-02,146.2224249964983,146.5371372116792,144.343388838019,144.96356201171875,8295900
2024-02-05,144.96356756833103,145.2227440053623,143.78800822061726,144.21380615234375,9121600
2024-02-06,144.24156498806667,146.92589825617668,144.0286730976028,146.30572509765625,9229900
2024-02-07,146.0650820738333,147.51832044808756,145.96326174513595,146.231689453125,8690300
2024-02-08,145.63927868807548,145.63927868807548,143.76024243006285,144.76918029785156,9755000
2024-02-09,144.64885004722112,145.50968301212941,144.09346391730506,145.10240173339844,6529200
2024-02-12,144.9357992979085,146.62971151529834,144.7229073946248,146.11135864257812,6701500
2024-02-13,145.91695932101084,146.66672068402187,144.16751143263323,144.83396911621094,8621000
2024-02-14,144.72290154312319,144.82472186215185,143.32518497063379,144.15826416015625,9098800
2024-02-15,144.3803998273031,146.69448502704086,144.2970961498858,146.17613220214844,7462500
2024-02-16,146.0549062199334,146.67045245617985,145.18752297361556,146.00827026367188,8541000
2024-02-20,146.01757791258814,147.92953808759427,145.90566301321226,147.23004150390625,9501700
2024-02-21,147.37928105007472,148.00416300029775,146.54921228260886,147.9948272705078,7472500
2024-02-22,148.27463058744098,149.91612514550837,147.14611731006522,149.64564514160156,8065000
2024-02-23,150.04669937615225,151.32444203687112,149.3751814532631,150.94204711914062,6726000
2024-02-26,150.90473589905224,151.1005869773707,149.75756546073112,149.96273803710938,5465400
2024-02-27,149.5430503878831,150.19591106702242,148.89018970874383,150.13995361328125,5078600
2024-02-28,150.1586028068804,150.72752727496572,149.49640643335368,150.67156982421875,6071100
2024-02-29,151.0912770182107,151.2684851139431,150.10265735917295,150.51303100585938,9849100
2024-03-01,150.9327354998566,151.62291069669539,150.24256030301777,151.2032012939453,5670100
2024-03-04,150.45708688067094,150.72755268196988,147.61246406074784,149.0767364501953,8532900
2024-03-05,149.80420756423158,150.3824678423931,148.47982886352054,149.19798278808594,8298200
2024-03-06,148.72231121423997,150.09331146824493,148.49846717721115,148.61038208007812,5773700
2024-03-07,149.22597108023817,149.56173008442062,147.58449052162268,148.17205810546875,5188700
2024-03-08,148.17203558199452,149.58968607652457,147.7616619468967,148.7782745361328,5284000
2024-03-11,148.75030004198456,150.4570735830917,148.18137552828216,150.3731231689453,4620800
2024-03-12,150.69957196948877,152.12654411047785,150.2798767923679,151.78146362304688,8018700
2024-03-13,151.58559225787909,151.725485900926,149.04874983445467,150.25189208984375,6260000
2024-03-14,150.10266800200793,150.662256825197,148.00417789463094,148.48916625976562,6988300
2024-03-15,147.41658850536396,148.47050137004607,146.52124074193347,147.52850341796875,13165500
2024-03-18,147.89223187032877,148.00414676516834,145.96161454658295,146.2041015625,6602300
2024-03-19,146.1201634292393,146.29737149788494,145.17817987063634,145.69114685058594,7840600
2024-03-20,145.21551165737887,145.90568685600016,144.75851625605245,145.27146911621094,5982300
2024-03-21,145.11288613378164,146.38130710143326,144.65589083356252,145.26211547851562,5915800
2024-03-22,145.20617624784992,145.8310581971082,144.66523047879903,144.7771453857422,7248600
2024-03-25,144.9357099006424,145.47665572065048,144.46937876939026,144.76783752441406,7498100
2024-03-26,145.13157811464694,145.70982417484785,144.33880948328368,145.2808074951172,6864100
2024-03-27,145.48597291984245,147.56580551554248,144.9730058945456,147.3233184814453,8461600
2024-03-28,147.5471480362409,148.42385272683563,147.4632118589614,147.53782653808594,6181500
2024-04-01,147.0994685760076,147.50050645078218,146.21344242108952,147.15542602539062,4364700
2024-04-02,146.02693304737934,147.20208234087585,145.44867278407153,147.1088104248047,6102300
2024-04-03,147.16476349579548,147.4072647778344,143.86314554220485,143.87246704101562,8098200
2024-04-04,144.85173501167142,145.02894307120903,142.14702086556153,142.23095703125,6947400
2024-04-05,141.79267416910244,142.70667940489662,141.40095763947636,142.12843322753906,6783000
2024-04-08,141.75533661213754,142.7346205627366,141.354284455365,141.38226318359375,5935400
2024-04-09,141.34497997009845,142.25898507528134,140.7760553754718,142.03514099121094,6135300
2024-04-10,141.326303654087,141.59678366472573,139.67548755632419,140.0858612060547,6809500
2024-04-11,140.64545779539762,140.71073674689092,138.3977385547712,138.7707977294922,8374400
2024-04-12,138.08995024925227,139.0319480919256,137.2412243104477,137.58631896972656,7100200
2024-04-15,138.37908670903346,139.4236780552141,137.44642450465895,137.651611328125,8502300
2024-04-16,135.2453415375199,136.4018477976692,133.7344333159296,134.72305297851562,12774900
2024-04-17,135.23600793747912,135.6184028237096,133.87431497509763,135.02149963378906,9378100
2024-04-18,135.21734568282452,135.9821354268504,133.49192935689524,135.92617797851562,9887700
2024-04-19,136.30857861664762,138.15526007037997,134.80699186376418,137.9500732421875,9750800
2024-04-22,138.50965825220044,140.15115283286337,137.38114495929045,139.07858276367188,10118700
2024-04-23,139.7687541355194,140.35633585987125,138.22053150927846,139.48895263671875,10110400
2024-04-24,138.16456739220152,138.95733589535283,136.97076100410416,138.52830505371094,9756300
2024-04-25,139.31173339204193,139.5075986949085,136.47644686840596,136.93345642089844,7642700
2024-04-26,136.8215439338742,137.26921781178663,136.12204727344408,136.29925537109375,6183000
2024-04-29,136.29923879231103,137.30651556856566,136.1593451697594,136.93345642089844,6149600
2024-04-30,136.9894423184373,136.9894423184373,134.7976802346712,134.8536376953125,8817700
2024-05-01,138.72419390027466,141.62477418645875,137.67960245998168,140.9998779296875,14470900
2024-05-02,141.80194622407853,142.0724262155775,139.09723169685856,139.82470703125,8459800
2024-05-03,139.79672128849526,139.79672128849526,137.8661181460667,139.21847534179688,6532700
2024-05-06,139.77807914626527,139.9459657422824,137.95006920658594,138.574951171875,5042800
2024-05-07,139.3210657580507,139.64748894655654,138.4536826252852,138.70550537109375,7333500
2024-05-08,139.07859482536867,139.64751938618053,138.68687837500104,138.9200439453125,7735100
2024-05-09,138.94800417769636,139.99259547091177,138.8640679990696,139.75942993164062,6546200
2024-05-10,139.89933535562412,139.9832715413264,139.14388122171115,139.81539916992188,5710600
2024-05-13,139.9366216810868,141.76464574322975,139.6288556974206,141.03717041015625,5628500
2024-05-14,141.62476902405106,141.96052800488903,140.55219889270634,141.18641662597656,8254200
2024-05-15,141.59678726547045,142.6506859131193,141.11179891879263,142.38954162597656,5548000
2024-05-16,142.6973220172222,143.98440045609826,142.07244002725528,143.89112854003906,7591000
2024-05-17,144.43206975834843,144.43206975834843,143.35951391420488,144.2268829345703,6521800
2024-05-20,143.94482856883653,144.21748064064818,142.21484722794978,142.22425842285156,7742300
2024-05-21,142.70376260742418,143.46532342073158,141.77295808764052,142.19606018066406,5492400
2024-05-22,141.81993856354154,144.86619546583395,141.33104429303606,144.3208770751953,6609800
2024-05-23,143.61573982856947,143.70035449729633,140.4472662313613,140.7481231689453,8000400
2024-05-24,140.58830969594845,140.8515649318184,137.98394788430534,138.181396484375,9520600
2024-05-28,138.01213571482793,138.01213571482793,135.53000497897455,135.7462615966797,10499800
2024-05-29,135.21975314496305,136.72406656479484,135.11633043171008,135.80267333984375,8263800
2024-05-30,135.97191665962072,136.90272117458417,135.4078044490679,136.5924530029297,8490300
2024-05-31,136.86509454651136,138.66086792186712,136.5078135023576,137.89930725097656,14621200
2024-06-03,138.44463070664386,139.99595699300716,137.99333813455615,138.90533447265625,7329200
2024-06-04,138.66087493261935,139.4412436837979,137.4480216447549,138.9617462158203,8876400
2024-06-05,139.1215674905625,139.14037553082954,137.12834561219302,137.2411651611328,5891300
2024-06-06,136.79927746371035,138.20957929323313,136.0095118822973,137.6642608642578,5016300
2024-06-07,137.90873139720793,139.43186738682493,137.58906637144105,138.28482055664062,5111600
2024-06-10,137.76770632224444,138.73611259072584,136.89332592979082,138.3318328857422,5749900
2024-06-11,138.03096069162453,138.36003690931818,136.74288940688282,137.98394775390625,5661200
2024-06-12,138.2660023259817,138.40704113025402,136.12234448731016,136.7146759033203,6180500
2024-06-13,136.39500682801622,137.269387133793,135.27616500733436,136.7522735595703,6840400
2024-06-14,136.4608240004936,137.241192846187,135.84028766348428,136.83689880371094,4075300
2024-06-17,136.3479860773623,137.6736589053948,136.08473088127553,137.2223663330078,6666600
2024-06-18,137.23178205835944,137.6360617134377,136.57362970007802,136.9403076171875,6156600
2024-06-20,136.58304728221793,139.22501064781744,136.33858576182317,138.9429473876953,8749700
2024-06-21,139.04636105072817,140.16520282368043,138.55745238810778,139.8549346923828,15172300
2024-06-24,140.09000025376744,140.76694636914337,139.3096314166998,140.20281982421875,6914700
2024-06-25,140.25922074474272,140.2780287874072,138.15317904897665,138.3882293701172,5912500
2024-06-26,137.4573945563825,138.38819878707628,137.06251182569332,138.0403289794922,5267800
2024-06-27,138.0215458509615,138.54805625357113,136.17874509549534,137.0813446044922,5739200
2024-06-28,137.30698116049908,138.27540162492227,136.9403032550698,137.41981506347656,10495700
2024-07-01,137.3352202956774,139.80794013055018,136.91211820428637,137.68309020996094,5144400
2024-07-02,137.67369753879703,138.35064376050533,137.0249705604681,137.29762268066406,5492000
2024-07-03,137.45744862288723,137.88053640458776,136.08476254480678,136.9779510498047,3246200
2024-07-05,137.05316813552622,137.78652411214176,135.85910828792487,137.720703125,4888500
2024-07-08,137.6454552173524,138.41642711714266,136.56422953444226,136.7804718017578,5260200
2024-07-09,136.9591246424828,138.33182488286783,136.4984208307348,138.25660705566406,5890400
2024-07-10,138.45402775092865,140.53187877840037,137.9087093168124,140.4942626953125,6093200
2024-07-11,140.63530361064286,141.57550485338308,139.75151214705386,140.7481231689453,6350400
2024-07-12,141.03019322097674,141.8575749453664,140.3156454066704,140.91737365722656,5336400
2024-07-15,141.1054089376664,141.2652414327025,139.9677590836255,140.31564331054688,6711400
2024-07-16,140.7387239451206,142.0456030766123,140.24041844258772,141.9797821044922,6469600
2024-07-17,142.48749444345825,148.07229185566908,142.36526369687724,147.21670532226562,13801400
2024-07-18,146.29531179055414,147.67740869595008,145.37390428940236,146.12606811523438,10166200
2024-07-19,147.15090196730685,147.15090196730685,144.90382140867376,145.4397430419922,7398000
2024-07-22,145.5149375471613,145.83460249843523,144.40549271829207,145.01663208007812,6840600
2024-07-23,144.14228569856886,144.32092627406126,142.50634431529315,143.2397003173828,6261900
2024-07-24,143.62513427046403,147.05687735678046,143.22085462909735,146.9346466064453,7168200
2024-07-25,147.12268023763707,150.97751090871006,146.67138767714184,150.09371948242188,10019600
2024-07-26,150.19715696766903,151.91772706012625,149.93390175261544,151.033935546875,8356900
2024-07-29,150.40401070735362,150.4322156000719,148.59882584171282,149.0783233642578,5625000
2024-07-30,149.0595385381704,151.8895542166099,148.89030915550111,151.68270874023438,6545700
2024-07-31,150.2911999240897,150.76130062532698,148.30737439101503,148.41079711914062,8293200
2024-08-01,149.00310117138523,151.19377196846818,148.27915648437087,151.14675903320312,7213400
2024-08-02,152.21858984861427,154.9921952539215,151.37241438870163,154.32464599609375,11280400
2024-08-05,153.99557276741103,155.86657861814538,150.9775344685774,151.6074676513672,12032200
2024-08-06,151.41942663473694,151.8237063192459,149.43560126023073,149.46380615234375,7607100
2024-08-07,149.3697901011499,151.01514253213725,148.7304600427783,149.3979949951172,5993000
2024-08-08,149.08772693917624,151.09034595148668,148.5800102035295,150.63905334472656,5094800
2024-08-09,150.54502083098947,151.30658155451,149.81166499750063,151.01512145996094,4579200
2024-08-12,151.3442130047437,152.0305559757532,149.21936311073662,150.31939697265625,7605400
2024-08-13,150.6860551937899,150.78006670901846,147.08508276026143,148.91847229003906,9711400
2024-08-14,148.39197242965236,150.00911980822715,147.987678411842,149.0030975341797,5141200
2024-08-15,148.89966832782923,149.96210033797803,148.40136280983597,149.5766143798828,7237800
2024-08-16,149.62363802365533,150.3758019516,148.721038440855,149.8586883544922,5012800
2024-08-19,149.92451807321106,150.70487259230651,149.6142498968593,150.0843505859375,4408400
2024-08-20,150.43222119603524,151.3066015954966,150.12195301825827,150.58265686035156,7275100
2024-08-21,150.80826627796415,151.8236852924031,150.72365161334383,151.77667236328125,5019400
2024-08-22,152.31260168217923,152.77330545688525,151.17495186340136,152.6416778564453,6552100
2024-08-23,152.782713846163,154.39986125734907,152.03054992411518,154.31524658203125,7093400
2024-08-26,154.35286486734637,155.80078308309896,153.76053338396258,154.7665557861328,6870600
2024-08-27,154.88969089223045,155.4012468137778,153.62026203245918,154.36865234375,4388700
2024-08-28,154.41601834033486,156.3106934119954,154.14129681524247,155.28756713867188,5187000
2024-08-29,155.96018147636997,156.04543838442643,154.75705877130923,155.58123779296875,7390100
2024-08-30,155.4770242914174,157.2390726016869,155.18335198224295,157.12539672851562,7971000
2024-09-03,156.53806248513249,158.97271247999205,156.09281267873766,158.35694885253906,6956500
2024-09-04,158.97273155413544,159.95797082254163,157.29593983642295,158.5464324951172,6939100
2024-09-05,158.39483159424285,158.55587723917643,156.14964628133703,156.3012237548828,4600400
2024-09-06,156.4812013314259,157.20118708286037,155.47702589413367,155.7233428955078,6016900
2024-09-09,156.15913059790427,158.5937952320723,155.8086203024112,157.83592224121094,7538200
2024-09-10,158.67902926646232,159.58847961539206,157.96852615034385,158.5653533935547,6559600
2024-09-11,158.00643961773903,158.00643961773903,155.4486308645566,156.14019775390625,5920200
2024-09-12,155.55283466077572,156.40544719381714,154.14131085516345,155.96966552734375,4540900
2024-09-13,156.06439208165418,157.0211977964731,155.19284327647554,156.80331420898438,3693400
2024-09-16,157.5990954932833,158.44222544209046,157.04963790958948,158.1959228515625,5187800
2024-09-17,157.4853908812419,158.88744633090707,157.1917041144562,158.2716827392578,5066500
2024-09-18,157.85486366623135,159.48428544048377,157.01173380846782,157.40013122558594,4722800
2024-09-19,157.47593284880938,157.60855954104179,155.76125402236698,156.14019775390625,4956100
2024-09-20,155.64756503556643,156.1875399316459,154.93706186083492,155.5149383544922,11839000
2024-09-23,155.7422867906515,155.8370263273473,154.15076665177324,154.6244354248047,4671600
2024-09-24,154.21707925596306,154.88022713030526,153.0423899007328,154.20761108398438,6041600
2024-09-25,154.416045499693,154.71920050298624,151.9150745434285,152.14244079589844,5420000
2024-09-26,151.80139084450875,153.03291823023363,151.59297540426059,152.8908233642578,6122000
2024-09-27,153.46867684360495,154.82336254637158,152.8434306168404,152.9002685546875,7553800
2024-09-30,153.06134178504044,153.63920383954925,152.218197450555,153.52552795410156,6010000
2024-10-01,153.87602963190776,154.1791845831131,152.69185770730627,153.45921325683594,4408000
2024-10-02,153.0044643063287,153.5823407213355,152.18975353197854,152.682373046875,4684400
2024-10-03,152.31293708551095,152.9381833663065,151.78243034612967,152.0476837158203,4791200
2024-10-04,151.22347739350542,152.04765632548657,150.41823480221626,151.8487091064453,5331100
2024-10-07,151.81083783406876,152.38871430044483,150.83508134325365,151.12875366210938,4266000
2024-10-08,151.09088509488237,151.8108564959117,150.57931467541465,151.2803497314453,4766300
2024-10-09,151.49822118674416,152.72976290844042,151.10980931705416,152.1897735595703,6047200
2024-10-10,152.86238686048964,152.89080583042565,151.57400722090298,152.05714416503906,4793900
2024-10-11,153.63919252039454,154.09392493913253,152.71080579544542,152.95712280273438,5253500
2024-10-14,152.90025788524383,153.6012927986271,152.4265891626065,153.08973693847656,5964000
2024-10-15,151.57400958746595,157.96853811693717,150.6266720275443,155.45809936523438,10548000
2024-10-16,155.3633629672865,156.30123237444536,154.07498328154392,155.6286163330078,5982100
2024-10-17,155.60967700101435,156.31071206506607,155.0128641117737,155.80862426757812,4798000
2024-10-18,156.20650908180977,156.58543837076078,155.2970585510112,156.4243927001953,5908000
2024-10-21,156.4054191708211,156.54751400658986,153.76233958374297,154.2549591064453,6082700
2024-10-22,153.7718340994137,155.10756902458775,153.37393961805077,154.84231567382812,5680300
2024-10-23,154.24549711813404,157.25802339895642,153.8665534488582,157.12539672851562,7441600
2024-10-24,156.31069615300817,156.79383310087323,154.73811234669992,155.0507354736328,5386300
2024-10-25,155.06021815707746,155.28758439482306,152.15189911561126,152.40768432617188,6400400
2024-10-28,152.64448718277967,153.44024716755706,152.52132868922286,153.08973693847656,4842500
2024-10-29,152.95714895682704,153.62975061814686,151.63086752489588,151.65928649902344,5216900
2024-10-30,151.05297094822177,152.78660041646958,150.65509090791923,152.15188598632812,5820500
2024-10-31,151.56453423504848,152.39818141873138,151.0624465084954,151.44137573242188,8613900
2024-11-01,152.12347309998026,152.57819109919424,151.46033967295475,151.69717407226562,5256400
2024-11-04,151.28981257153484,151.8392701168587,149.74566210550836,149.90670776367188,4644000
2024-11-05,149.36671296968024,150.23826179970078,148.11623489364177,150.0109100341797,6547100
2024-11-06,151.47925457838488,152.37923673257197,149.06355561148592,149.56564331054688,8926600
2024-11-07,150.12459953228623,150.3898529196004,148.26781136586158,148.47622680664062,7522800
2024-11-08,148.73203370104787,148.8078224592171,147.22577007740654,147.28260803222656,8926100
2024-11-11,147.42467115998508,149.2814591970599,146.75206956587456,146.87521362304688,7146800
2024-11-12,146.39206028460006,146.8751971976869,144.34580784936847,144.60159301757812,7181400
2024-11-13,144.46897842689697,145.42578416210594,143.44585212373863,145.17001342773438,7161900
2024-11-14,145.1131564626625,145.50156832070374,142.82060136590906,143.8721466064453,7716400
2024-11-15,142.95323191496675,146.2973323428471,142.95323191496675,145.88998413085938,11328500
2024-11-18,144.55424229632624,147.14995254901564,144.30793972185305,146.61944580078125,7510600
2024-11-19,145.84260997512632,145.8805115712834,144.04267444870177,144.94264221191406,8233700
2024-11-20,144.97108624980405,145.17950169903642,143.81533310596134,145.046875,9061300
2024-11-21,145.5299750816113,147.84148078258494,144.76263405658136,147.31097412109375,10141100
2024-11-22,147.689950341392,148.84570355984127,145.99422211887577,146.99839782714844,8266000
2024-11-25,146.99837166257822,148.76988832486654,146.96995269138182,147.5762481689453,12256200
2024-11-26,148.16830440056026,148.25424539355322,146.25842684315538,147.55714416503906,5683500
2024-11-27,147.66219903188156,149.57207673179872,147.63355203207965,148.39749145507812,4140400
2024-11-29,147.9104669409132,148.6553180230603,147.22290985412982,148.02505493164062,5687800
2024-12-02,147.77677407322818,148.0155087647843,146.99371729074375,147.82452392578125,6946500
2024-12-03,147.8245293244356,147.8245293244356,145.44672646406246,145.49447631835938,8674400
2024-12-04,144.4727091196942,144.73054671932016,143.00210952985245,143.68966674804688,10333100
2024-12-05,143.24082199478045,143.60370340662107,142.238133326575,142.78245544433594,7898100
2024-12-06,142.65833656577828,143.2885998025982,141.6938534218298,142.58193969726562,8389600
2024-12-09,142.56281292114443,144.09072089265194,141.75112365038945,142.85885620117188,8410300
2024-12-10,143.1739933076605,144.03344712656786,141.64609969273468,142.5055389404297,9398700
2024-12-11,141.8084133325439,141.8084133325439,139.7743890037748,140.0322265625,13446700
2024-12-12,140.56698637048675,141.11130847263126,139.4306068838702,139.65025329589844,6176300
2024-12-13,139.09637430919642,140.3091359649221,138.50430240775339,140.0131072998047,8324900
2024-12-16,140.11816423961312,140.61473648915697,137.05281889096622,137.36795043945312,8732400
2024-12-17,137.3584068625023,140.0513415347569,137.2342747148445,139.81260681152344,10343000
2024-12-18,139.11548789025048,140.12773533447105,138.15100487508684,138.22740173339844,9336100
2024-12-19,137.64485547197793,138.67619095535846,136.9095486366478,137.11009216308594,9516700
2024-12-20,136.60398028598672,138.91493012946992,136.31749576942764,137.95999145507812,17702800
2024-12-23,138.11280823490046,138.78126250451018,136.9859728336639,138.72396850585938,8720800
2024-12-24,138.46612820981196,139.27783203125,137.8263209521463,139.27783203125,3164100
2024-12-26,138.95315155650007,139.774399578355,138.5520789743678,139.02000427246094,4656300
2024-12-27,138.3419889250498,139.99404365534244,138.16054820902372,138.51388549804688,5588300
2024-12-30,138.31331315313003,138.35151885972002,136.50847965375715,136.8809051513672,6268700
2024-12-31,137.28199303751342,138.15099081978497,136.85227350303924,138.10324096679688,5811400
2025-01-02,138.685771859975,139.2014470239678,137.30111337428008,137.53030395507812,6051300
2025-01-03,137.57803896070294,138.05550835740775,137.1483048467009,137.692626953125,5878800
2025-01-06,137.0432586194585,138.29424065694192,136.489392380343,137.18650817871094,7910500
2025-01-07,137.2820012137064,140.5478902699118,137.11966336084586,139.6407012939453,8422000
2025-01-08,138.93405019637285,139.02953533291765,135.06654517167328,135.85914611816406,11175600
2025-01-10,134.64639737470628,137.19608272538395,134.34080990421285,135.65863037109375,8821500
2025-01-13,136.53712758459955,138.53296048819632,135.897320421302,137.95999145507812,10376400
2025-01-14,137.98866701537875,138.28469573432943,136.42256784801805,138.22740173339844,8681700
2025-01-15,138.76216044958142,139.4688204365145,137.75947175376876,138.43748474121094,7434600
2025-01-16,137.8167917690558,141.39781271491069,137.56849832456783,141.111328125,8964000
2025-01-17,140.7961915258505,141.69383640908086,140.00359050281116,140.4046630859375,10773100
2025-01-21,140.9107565171082,142.1521797790258,140.42374301096277,141.4741668701172,11111700
2025-01-22,137.5111921066466,138.91495335843211,135.7063582930953,138.72396850585938,16834700
2025-01-23,138.8863029043578,141.24500293154537,138.28468679106894,140.0322265625,10506400
2025-01-24,140.1945733657901,140.9776302344464,139.7839566453075,140.20413208007812,9887300
2025-01-27,141.76066441551183,146.53535849869652,141.3309448622672,146.00059509277344,15152300
2025-01-28,145.78095798819476,146.07698667928418,143.5273018793474,143.60369873046875,10320600
2025-01-29,143.71830007896412,145.03612038367163,143.24083064348582,144.33900451660156,7156400
2025-01-30,145.06475799198023,147.19426745640064,144.53953873271692,145.9814910888672,8911000
2025-01-31,145.74276775349273,146.27753119691954,145.20800431006592,145.2939453125,8457800
2025-02-03,145.15069699924203,145.5995193990812,143.98567050236713,145.02655029296875,6687500
2025-02-04,144.53953830189957,147.2324581585896,144.14800989423304,146.5735626220703,9645000
2025-02-05,146.88870551783992,147.75768882453178,146.4016773634581,147.71949768066406,8947000
2025-02-06,147.81498726339126,147.86273712306757,146.46853447627177,146.59266662597656,7418100
2025-02-07,146.61172792362314,147.5284754274167,145.9146267978346,146.22019958496094,6204900
2025-02-10,146.68814830303756,147.4138965387337,145.42762210443897,147.28976440429688,6936200
2025-02-11,147.16560891037645,149.34286805865526,147.00327107410754,149.09458923339844,7554500
2025-02-12,148.27336791873063,148.64579350898148,147.3184290133478,148.26380920410156,7746000
2025-02-13,148.2638051781984,151.00448967065122,147.81498273915872,150.1641387939453,10704700
2025-02-14,150.2023229262142,150.37421949352108,149.02775223925636,149.1136932373047,6411800
2025-02-18,148.37251831565297,149.63349948553457,147.5061996351102,149.1907196044922,9670700
2025-02-19,149.20032937491345,152.37685545401334,148.95968368237325,151.98219299316406,7974700
2025-02-20,151.07733850976848,153.9650863552098,151.07733850976848,153.70518493652344,7224000
2025-02-21,153.89773954560965,157.39190504879872,153.32018400254907,156.22718811035156,12546900
2025-02-24,156.5929616695029,158.70102033561508,155.9865444978259,157.61331176757812,10201900
2025-02-25,157.9598359292121,160.20264082246834,157.80581916336914,159.8753662109375,12303700
2025-02-26,158.90316232854656,158.95129440367535,156.47744968295726,156.97799682617188,11396400
2025-02-27,156.236787355532,157.81542231183656,155.67848765676206,157.60365295410156,8364600
2025-02-28,158.1619729769769,159.73098759604045,156.6122141259579,158.8454132080078,12037200
2025-03-03,158.78765913218382,161.0689755816046,158.67213921282575,161.02084350585938,9191500
2025-03-04,161.79092740061927,163.6294641715902,159.13420401879515,159.23045349121094,11999700
2025-03-05,158.35450476217974,160.23155313392357,157.41117764963127,158.94168090820312,8744800
2025-03-06,158.82616132836026,159.66360366070757,157.39190767480014,159.62510681152344,8037900
2025-03-07,158.95131495855085,162.15671769705472,158.53739668433371,160.45294189453125,9637600
2025-03-10,161.213355740882,163.54280424610616,160.79945220628036,161.4251251220703,17559000
2025-03-11,160.94383380792385,161.04009795862825,158.8742867584048,159.6539764404297,9890300
2025-03-12,157.60365454853888,158.06570479982366,156.15978056092695,156.756591796875,8010700
2025-03-13,157.3148967662903,158.38336424015475,156.5737186005587,156.89137268066406,5286700
2025-03-14,156.05392462416808,157.045383769915,155.07210070700123,156.71810913085938,6235800
2025-03-17,156.3330752082224,157.3822869293345,155.67851127016266,156.74697875976562,6669800
2025-03-18,157.32451266416064,158.6913782819791,156.8720976378871,158.1042022705078,7348800
2025-03-19,157.8346996929528,158.21010638983233,156.14055928690502,156.89137268066406,5936400
2025-03-20,156.90098654218272,157.09350015251783,155.871015960727,156.9202423095703,7485900
2025-03-21,156.9009991555119,157.98872243872594,156.4004519781238,157.50743103027344,17047100
2025-03-24,156.74698592384036,158.23899226134762,156.4197112837764,157.18014526367188,8046400
2025-03-25,157.4015281757977,158.0464568261863,154.55227690378203,154.9950714111328,7456200
2025-03-26,155.17797236003315,156.4100771111182,154.6292931396444,155.66888427734375,7223500
2025-03-27,156.27532488979918,157.93096849602637,155.2838657717251,157.02613830566406,6752500
2025-03-28,157.46890696330888,158.36411654948375,156.81435775006014,157.5844268798828,5760300
2025-03-31,158.2197069065615,160.39515311539188,158.0849459218606,159.63470458984375,12481400
2025-04-01,154.7159230442836,155.75551418857998,147.40030287427382,147.51580810546875,23303100
2025-04-02,148.24735200031822,149.96074798114105,147.70830805415093,149.54684448242188,10356900
2025-04-03,152.81002565026958,154.6389271687397,151.58754133246984,153.83999633789062,13249300
2025-04-04,153.20468354010333,153.83999171968495,147.2077820595149,147.50619506835938,16601700
2025-04-07,145.619515284852,146.99601623650406,141.8846895650138,144.9842071533203,18083000
2025-04-08,147.8430737728905,147.8430737728905,142.46223999023437,144.3874053955078,12018400
2025-04-09,136.87926625366518,147.45805612927666,136.20546125569413,145.3211212158203,18773700
2025-04-10,144.74355089733726,145.5424962732716,139.69962712384958,143.1264190673828,13830500
2025-04-11,143.74249568311143,146.6494999406237,142.64515184506152,146.0526885986328,9943900
2025-04-14,145.91791595445713,148.88267259526904,145.51363296087104,148.5842742919922,10685300
2025-04-15,149.87415293212752,150.45170854086913,146.40886334322556,147.87197875976562,10847700
2025-04-16,149.55648571702037,149.80676664655024,146.54361152502074,148.151123046875,7986900
2025-04-17,148.39176472867018,153.4742006265208,148.39176472867018,151.57791137695312,10981100
2025-04-21,152.0495867769091,152.30947355975457,149.67200606670647,151.04849243164062,6285400
2025-04-22,151.65491375756463,152.78113380181065,150.41317379668138,151.84742736816406,7136300
2025-04-23,150.63456843335868,151.2217444539283,148.5553863256519,149.56610107421875,9099400
2025-04-24,149.97039152900174,150.06664098881706,147.698695709936,149.1329345703125,8310400
2025-04-25,148.54578478495054,149.10406988379015,146.745744960744,148.79605102539062,8643600
2025-04-28,149.68161297819137,149.98001127137218,148.06448105856123,149.5372314453125,5815200
2025-04-29,149.63348416297495,151.14474611663368,148.51688465824142,150.07627868652344,5246700
2025-04-30,152.28058447749746,152.28058447749746,149.2195784557302,150.4613037109375,9598200
2025-05-01,149.2003302283948,149.28695915312142,147.6216950638147,148.6805419921875,7325800
2025-05-02,150.2303097326726,150.8559826987175,149.23883590228314,150.27842712402344,5974500
2025-05-05,150.80784414042418,150.92334937526124,148.94043117537043,149.20033264160156,5464100
2025-05-06,149.02704956555542,150.0666258788294,147.93932649545144,148.6901397705078,8644200
2025-05-07,148.95008153597752,152.03034384330056,148.71905635498482,151.41429138183594,7853100
2025-05-08,149.98964908717855,151.15436597342557,148.98855481578678,149.83563232421875,7606100
2025-05-09,149.60460499664083,150.2206573516432,148.05484622560948,148.4495086669922,6520400
2025-05-12,146.33184197306454,149.54686501326165,145.52326125496006,148.3725128173828,9023800
2025-05-13,146.02380248964167,146.02380248964167,142.53925758100854,142.8857879638672,10549600
2025-05-14,143.10718516565112,143.25158140043052,140.6525960528821,140.8836212158203,10216000
2025-05-15,142.46226491587166,144.0505207779698,141.8173361548079,144.01202392578125,7945800
2025-05-16,144.0697574363664,145.8312856192595,143.63659813942314,145.6676483154297,8051200
2025-05-19,146.20670042818765,146.9478932943705,145.39813440390523,146.7842559814453,12639900
2025-05-20,146.63022467034673,148.27623286458655,146.42807584039545,147.91046142578125,7351500
2025-05-21,147.45806052112863,148.65165378512776,147.2751674402648,147.44842529296875,7032200
2025-05-22,146.93824660207738,147.58318995096408,145.7061418932477,146.89974975585938,7535300
2025-05-23,147.27515984115055,147.7371954457021,146.514725935996,147.2174072265625,6727300
2025-05-27,148.07175117515354,149.54740963775973,147.49894729443804,148.78045654296875,6990700
2025-05-28,148.80959069257366,149.1590918923527,147.49895748996062,147.984375,8459300
2025-05-29,147.32418530456823,149.54739054497975,147.13972431685121,149.10081481933594,6810600
2025-05-30,149.41146730505875,151.16869070734185,148.75130676266454,150.6832733154297,15529700
2025-06-02,149.97458565876332,151.0036683817444,147.85817248338967,150.8677520751953,6669300
2025-06-03,150.285242796592,151.1201613882195,149.5862404959846,149.91632080078125,8209800
2025-06-04,150.41143150179767,150.41143150179767,148.66394067739182,148.75131225585938,6983900
2025-06-05,149.19788808616187,149.595933917823,148.1882263910175,149.17848205566406,5295400
2025-06-06,149.50858608317324,151.47937989644106,149.50858608317324,150.508544921875,5391500
2025-06-09,150.33379056434904,151.44054176055067,149.94544771512437,150.70269775390625,5319000
2025-06-10,150.89687490281506,152.84826270728874,150.49884381664958,151.8871307373047,6791600
2025-06-11,151.74150341105252,152.03275685451254,150.21728545141227,150.73182678222656,6016000
2025-06-12,151.6832545257475,152.11040945062305,150.64445404189198,152.09100341796875,7075500
2025-06-13,151.42112500798427,153.07154142395083,151.42112500798427,152.51817321777344,6587500
2025-06-16,151.8579920720398,151.9356606410736,149.94544614915642,150.6929931640625,7024000
2025-06-17,150.45029579748117,150.7512522666013,147.6640041867375,147.9358367919922,6407100
2025-06-18,148.12030149702744,148.1979552600932,146.3145478235386,146.33395385742188,8325200
2025-06-20,146.8484847191876,146.98440101548601,144.69323001090936,145.42135620117188,22605500
2025-06-23,145.37284762210527,147.01354643450873,145.37284762210527,146.90676879882812,7397900
2025-06-24,147.08149480585575,148.26591462899756,146.57665648441028,147.75137329101562,9544200
2025-06-25,146.9649995870065,148.60571302399958,146.3339479807507,147.8387451171875,7153700
2025-06-26,148.24646220477646,148.75130041868837,147.11058733379662,147.5765838623047,7156900
2025-06-27,147.57660771353423,148.85811689125123,146.6057728142086,147.96495056152344,10010800
2025-06-30,147.72223965966626,148.5086135463286,147.10090592580522,148.29502868652344,9039300
2025-07-01,148.53773775923037,153.1492034739777,148.35327676043812,151.37257385253906,10896700
2025-07-02,151.45024100569117,151.74149443191655,150.54737167953348,151.0230712890625,5544000
2025-07-03,150.8968900696403,151.7221058169528,150.36294262419221,151.45997619628906,3482500
2025-07-07,151.46964217738937,151.79001942324848,150.3725941670624,150.74151611328125,6270900
2025-07-08,149.97456187968828,152.18806412896572,149.71244713889567,151.24635314941406,6438200
2025-07-09,151.24636198385022,152.1201222788215,150.54737448714403,151.72207641601562,6147400
2025-07-10,151.54734881194418,154.59577010705152,151.27551619814605,153.09097290039062,6732900
2025-07-11,152.50846614661378,152.59583774105315,150.65416774675793,152.32400512695312,7872000
2025-07-14,152.2948677851747,152.8773746574223,150.98424954326526,152.246337890625,10185600
2025-07-15,151.79975089790832,152.60554567091353,150.2852507708202,150.6444549560547,6873200
2025-07-16,155.62483084994489,161.2750820257859,155.13941342047767,159.9741668701172,22134800
2025-07-17,158.42083333055885,159.896506540005,157.5665086840501,158.22666931152344,11295700
2025-07-18,159.14897760385077,160.2848676125509,158.59560934600637,158.92568969726562,9792600
2025-07-21,158.993632484751,160.1100866715211,158.03250062035818,159.56642150878906,8254000
2025-07-22,160.18776361914905,163.1585161378835,159.90622800720854,163.0323028564453,9288000
2025-07-23,163.68276493825223,164.1875884045282,161.7313773695686,164.16818237304688,10617600
2025-07-24,164.55649837603144,165.0322127603388,163.95458554125497,164.61474609375,6636900
2025-07-25,164.79923298520387,164.92544626927946,162.5566066178758,163.3915252685547,6254900
2025-07-28,162.9643457562342,163.04201432533776,160.23630207669302,161.37217712402344,8014600
2025-07-29,161.80902683264594,163.85748875817615,161.5177734434034,163.20703125,7663400
2025-07-30,162.809020951837,163.6924843268324,161.9158545601304,162.38185119628906,6189200
2025-07-31,161.09062961083353,162.1973956301704,159.44021322550935,159.9353485107422,11036200
2025-08-01,160.65376326107594,162.73134946001136,159.98388477586158,162.44981384277344,8927800
2025-08-04,162.15854746259484,166.19722408485885,161.77992245511788,166.0515899658203,12679100
2025-08-05,165.56618188142107,166.55643765450975,164.70213938920838,165.76036071777344,7934400
2025-08-06,164.95457017849316,167.15835485267152,164.73126747371813,165.61473083496094,8957200
2025-08-07,166.17779684066866,166.61466955343286,164.9642532975659,166.5272979736328,9315900
2025-08-08,166.03218459824058,168.88644150314138,165.4205538861148,168.27481079101562,7686800
2025-08-11,168.3427855742368,169.50779944254944,168.00300220745123,168.75054931640625,7256800
2025-08-12,168.92527979892805,169.66310902141603,166.79914890711837,167.74085998535156,7916700
2025-08-13,167.9544392779886,169.4495185199788,167.6631858424992,169.33302307128906,5878700
2025-08-14,169.22622173103392,170.5951024361437,167.68259786208765,169.624267578125,8241700
2025-08-15,170.449495579225,172.09991199561782,169.85728568003967,171.48828125,9477600
2025-08-18,171.3523736615553,172.39117419889314,170.96404559576078,171.1096649169922,9284000
2025-08-19,170.90576208507196,172.98334809108246,170.84751436372582,172.61444091796875,9274200
2025-08-20,173.29401944019594,175.34248155105917,172.80860201879483,173.6240997314453,9030000
2025-08-21,173.34257961657462,174.82795587353638,172.96395458663858,173.71148681640625,8859600
2025-08-22,174.78910026019443,175.87644536794448,172.2940623933668,174.06097412109375,9524000
2025-08-25,174.28429241400747,175.00270078812704,173.09015477301065,173.2066650390625,6229100
2025-08-26,172.85460628408944,173.2555738744088,171.89620868497286,172.600341796875,9145000
2025-08-27,173.06973272921007,173.77386573464747,172.27758682871757,172.89369201660156,5951100
2025-08-28,172.48297426925092,172.60033973483283,170.78133170456726,171.583251953125,6424700
2025-08-29,172.0917849589202,173.50005107682512,171.5832411002324,173.2653350830078,6942300
2025-09-02,173.55871833290118,175.2505864747156,172.99149923256772,174.13571166992188,9049000
2025-09-03,173.754312735633,174.36064372340013,172.63943789740028,174.07704162597656,7111700
2025-09-04,174.0770522777431,174.9572111798103,173.6369728267095,174.82029724121094,7854800
2025-09-05,174.07704256383926,175.5537581707923,172.66877646111618,174.49755859375,9733800
2025-09-08,173.45114379394553,175.49507846966029,172.8056860260886,174.2041778564453,8382500
2025-09-09,174.07703980883056,174.16505270823302,172.561197432737,173.05996704101562,6005700
2025-09-10,172.4145258819289,172.7176914018626,170.48794153380138,171.91575622558594,6891600
2025-09-11,171.87663224164177,174.9083170723718,171.75928170606494,174.56602478027344,5792500
2025-09-12,173.79343431588362,174.85940809224365,172.8252476738922,174.13571166992188,7220200
2025-09-15,173.8423161383384,175.0452187336727,173.0306068383358,173.49024963378906,4768100
2025-09-16,173.65653641793406,173.7054225283811,171.7788382257642,172.5709991455078,7959300
2025-09-17,172.8154712016315,174.57578882248228,172.69810575040918,173.29466247558594,6714900
2025-09-18,172.7079129408542,173.118654756769,170.0380687536577,170.32168579101562,8200900
2025-09-19,170.8400043448543,173.25556913608068,169.50997682791382,172.30694580078125,25621000
2025-09-22,172.20913129583226,172.74701277532031,170.2825471290745,170.37057495117188,7193900
2025-09-23,171.0355829083302,173.06974339129886,170.97690764134543,172.68833923339844,8350400
2025-09-24,172.25803221713883,173.05017815802412,171.86685382639274,172.79591369628906,6676800
2025-09-25,173.2946854062595,174.46823561627923,172.03312228805095,173.81300354003906,8475000
2025-09-26,174.66382193974036,175.94494832549813,173.41203318705345,175.74935913085938,8634400
2025-09-29,175.86672025116357,177.861754032588,175.83738261632647,177.6172637939453,8597100
2025-09-30,177.69549554924257,181.8909562377616,177.07939031912738,181.33351135253906,11569000
2025-10-01,181.9007449618727,182.44840073114707,179.8568100649378,181.94964599609375,13063800
2025-10-02,180.13063621234386,182.47773660731235,180.032834144845,181.8811798095703,7728100
2025-10-03,182.9373639295453,185.59741877662566,182.79067576325374,184.4825439453125,8675100
2025-10-06,183.85664523656718,185.7343283333897,183.2405251076493,184.01312255859375,5806100
2025-10-07,179.71988044308327,185.05953865015417,178.90817109783274,184.72703552246094,8776800
2025-10-08,184.70746433960892,186.0277174802343,184.12069677238543,185.5093994140625,5751200
2025-10-09,185.81257482959435,187.86629873092122,185.54852120285247,186.8687744140625,7484800
2025-10-10,187.77827139842617,187.83696158868858,185.6658871464611,186.51670837402344,9598000
2025-10-13,185.64632333935597,187.08392708636944,185.1084418485517,186.69273376464844,7979500
2025-10-14,188.6682313415227,190.11560942030164,181.78339257645226,186.64385986328125,13613300
2025-10-15,187.25995260668918,189.303902268661,185.1280049658996,186.956787109375,9473000
2025-10-16,187.1230558646578,188.7953757558051,186.23310776514373,187.8858642578125,10611800
2025-10-17,188.2574758352493,189.33323880902185,187.45554072343714,188.96160888671875,7764400
2025-10-20,189.23542420173737,190.19382165505388,188.09121179958947,189.45057678222656,8034700
2025-10-21,188.75622395203504,189.28433118348556,187.54356201203515,187.65113830566406,6716000
2025-10-22,187.7685042274453,189.18654463424633,187.55335162255136,188.6877899169922,6343100
2025-10-23,188.31616232011413,189.72442850694094,187.31863795069512,188.2281494140625,8882500
2025-10-24,187.96408322637888,188.0716595229833,185.24535310037527,186.20375061035156,6903400
2025-10-27,185.80277631442593,186.5949221686458,185.35290778403697,186.10594177246094,7126000
2025-10-28,185.08889260909982,185.33338285793897,182.50707617825827,182.81024169921875,8329500
2025-10-29,182.58529018458387,182.97648348338365,180.59025658944984,182.4875030517578,10551100
2025-10-30,182.95693020337183,185.2062432977132,182.79067863812693,184.88351440429688,7072500
2025-10-31,183.32856020199483,185.32359390824723,182.64397562159022,184.7074737548828,8791700
2025-11-03,184.8346326024117,184.86397023918343,181.43133243438183,182.15501403808594,7542600
2025-11-04,182.71243787931192,183.68062454846097,181.52909861701866,182.7417755126953,7209400
2025-11-05,182.52662069373764,183.69039654541731,181.31394381284895,181.90072631835938,5049400
2025-11-06,182.64397162146273,183.38723145305244,181.28460657250142,182.84934997558594,6767400
2025-11-07,183.60240349717566,184.1989603040272,181.6073547007375,182.45819091796875,6959200
2025-11-10,181.9007248187872,184.26738837250383,181.04011446379977,184.2576141357422,5323800
2025-11-11,185.2160176409071,189.64617940511584,184.88351451022683,189.55816650390625,7465600
2025-11-12,189.09852116392503,191.2402579332056,188.8149190674103,190.10581970214844,8803000
2025-11-13,189.92979610949115,191.68033958366678,189.18653626274676,190.94686889648438,8631600
2025-11-14,190.7023809412554,192.8343286012861,189.2843405802947,191.61187744140625,8824800
2025-11-17,192.61918942480105,195.8660119204403,191.5825383144018,195.1814422607422,13257000
2025-11-18,194.62399168982054,195.88556959674344,194.1545746400929,195.59217834472656,12468600
2025-11-19,195.59218321397532,198.99548302359867,194.9858522212118,198.04685974121094,14690800
2025-11-20,197.54808768840363,200.00276399995727,197.1275716942422,198.59451293945312,10612600
2025-11-21,199.46492493399532,202.37924443061647,198.51630160439882,199.40623474121094,13189100
2025-11-24,199.2204251313988,201.57729960220274,198.52606631385947,201.50885009765625,14803900
2025-11-25,201.93203375943375,204.4318344688182,201.93203375943375,203.39845275878906,10275300
2025-11-26,203.22131396059922,204.52041084092286,202.68001733661194,204.2743682861328,6729000
2025-11-28,203.723236152328,204.17596106247692,201.39075752943597,203.64450073242188,5638300
2025-12-01,203.23114910855648,204.41215036142825,202.08950805664062,202.08950805664062,8473700
2025-12-02,201.99109997809214,202.35523815148406,199.88497632238054,202.16824340820312,8393600
2025-12-03,202.6406353348706,203.74291615515872,201.7450518785209,202.0796661376953,8363300
2025-12-04,201.3513800209524,201.61711018295784,198.516980022795,199.2747802734375,9049900
2025-12-05,199.7668717489871,200.2294329646455,197.63122412342938,198.73348999023438,7785300
2025-12-08,199.45193591844364,200.04242902685974,197.80837348995507,198.4283905029297,7785700
2025-12-09,199.70781308614636,202.28633417756814,196.74546622144234,196.794677734375,7509400
2025-12-10,197.41469808815052,203.5264016771889,197.01118469940698,203.2705078125,11599800
2025-12-11,204.60897767896304,207.89611754570484,204.54009357423172,206.68557739257812,9009000
2025-12-12,206.95131907907103,208.90982328382495,205.65222215734576,208.23074340820312,6922700
2025-12-15,207.02021685633432,211.7835972337083,205.70141731611412,210.7797393798828,8467000
2025-12-16,210.61241313043203,211.33085313861852,205.50456762418247,205.98681640625,9949800
2025-12-17,206.0753964132944,208.1716837329721,205.16012534074213,207.00051879882812,8457600
2025-12-18,206.47891598813604,207.7189650641044,204.47120032162059,205.0124969482422,7499900
2025-12-19,204.27437545387346,205.9277892890467,202.76859616710203,203.10321044921875,24803900
2025-12-22,202.86701252411635,204.7861414522214,202.2469804791725,204.03817749023438,8187800
2025-12-23,201.77457330531342,203.2606648620441,200.062111796116,202.5225372314453,7047300
2025-12-24,202.739053555574,204.648346074342,202.31586759380838,204.49087524414062,2376500
2025-12-26,204.24483869267678,204.74676008426138,203.43782694440864,204.34326171875,2316700
2025-12-29,204.70740558532265,206.1541370088678,204.09722485496195,204.2743682861328,4348900
2025-12-30,204.22515192059876,204.4023103648072,203.25083303781125,203.63465881347656,3937400
2025-12-31,203.63465103172956,204.21530782091293,203.103190736659,203.67401123046875,4083800
2026-01-02,203.546094226423,204.10706344869166,200.4557852869147,204.0677032470703,6325500
2026-01-05,202.6111087313451,202.68000785174,197.72963308240787,201.0758056640625,9477000
2026-01-06,201.3612227968269,203.43782245629845,200.88881030279188,201.54820251464844,8107900
2026-01-07,202.01076455260576,204.96327507524262,201.78440961736555,204.20547485351562,7545900
2026-01-08,203.6543250611801,205.67187690313673,201.72535994719092,202.49301147460938,6557800
2026-01-09,202.65048388309268,203.42797171200806,200.7805515444468,201.154541015625,6154300
2026-01-12,202.2961890410606,206.5773204309254,200.62310269270267,206.40017700195312,11794300
2026-01-13,206.58717261624787,210.99625095714939,205.5537908911432,210.26795959472656,11379600
2026-01-14,211.33085581905067,215.3954834155094,210.76003531994849,215.09039306640625,11858800
2026-01-15,214.7754540862871,216.27139696408693,212.49218707861442,216.09425354003906,8492100
2026-01-16,215.57262862976077,216.62569792580305,214.68688147872595,215.1986541748047,10021500
2026-01-20,213.6535022600511,215.2675407658023,211.10450508023746,214.7557830810547,14057100
2026-01-21,207.6599020836601,215.21832164316703,207.16781700763246,214.55892944335938,14762900
2026-01-22,215.30690799344836,218.65308049768686,214.6475157947938,215.03134155273438,13160000
2026-01-23,216.3206133966017,217.70829698551927,214.39163319315116,216.6552276611328,6950600
2026-01-26,216.72413475647446,218.51531678098806,216.5174523988691,217.98387145996094,6856700
2026-01-27,218.48578357321077,221.9303792601758,217.20635931460325,220.8871612548828,8154100
2026-01-28,222.81613770071385,224.95180034983713,222.5012110309432,224.11524963378906,9026500
2026-01-29,225.18797472711546,226.3591396349424,223.4853645338204,223.69203186035156,9645300
2026-01-30,224.6466859457881,224.88289220157367,221.7630744488117,223.65267944335938,11045500
2026-02-02,224.70574839064855,227.53031207318796,223.65267906312954,227.09727478027344,8187500
2026-02-03,227.83540162689715,231.47682836867276,226.83154381662808,229.4100799560547,9346600
2026-02-04,231.28000134841176,232.0968644318395,229.2526131010531,230.75839233398438,8641400
2026-02-05,231.2799897072634,235.78749088320203,231.27015341178193,234.02581787109375,10267500
2026-02-06,235.17731542623193,237.125968199395,234.21281782672844,236.19100952148438,8274000
2026-02-09,236.4468956382332,236.92914445281934,233.28770262066075,234.8623809814453,9378500
2026-02-10,236.1811678557945,236.69294058079808,234.1144193808212,234.5769805908203,6723300
2026-02-11,235.55129826274083,237.4409032943991,233.6420056217357,237.0472412109375,6803900
2026-02-12,236.67325295914287,242.45034242715968,235.88591377085012,240.6788330078125,10254300
2026-02-13,240.7181753030812,241.0724771605951,238.7695225953774,239.59622192382812,13268500
2026-02-17,240.26547331078993,240.61977517991008,238.04123907016248,239.47813415527344,12703000
2026-02-18,239.38956433634297,241.1905976005163,238.97621465530662,241.1118621826172,8129700
2026-02-19,240.74770670245476,243.05067635662348,240.4032561468311,243.00146484375,7553900
2026-02-20,242.56842126641303,242.97193463736588,236.47640555492436,238.65142822265625,13565800
2026-02-23,239.77338707530683,242.90304105661139,238.75969298572113,241.94839477539062,9622700
2026-02-24,242.74981566951382,244.62967365472286,241.9483872724562,243.66995239257812,7246300
2026-02-25,242.26500406647128,244.62967453289602,241.1370862518812,242.57171630859375,7698200
2026-02-26,242.51235889431217,242.8685442682355,239.45510990809925,240.88973999023438,7172600
2026-02-27,241.44381655451372,246.3017849576054,239.93003240320007,245.79718017578125,16428600
2026-03-02,246.54912469567304,249.04242234613034,244.2537044562187,245.92579650878906,9042400
2026-03-03,243.84805926874753,245.25300850282142,241.7703087256774,244.13497924804688,6178700
2026-03-04,243.14557584386296,243.95689284505667,240.6028050981046,242.70034790039062,5768000
2026-03-05,240.0586452528019,240.42471921230697,233.42963885940884,237.09043884277344,9375400
2026-03-06,235.596428770922,238.23813062850368,232.93493464369223,237.85226440429688,7179800
2026-03-09,238.31730051291373,241.5031767703235,237.4960948841201,240.01907348632812,7844000
2026-03-10,239.732151823879,242.40353469704283,238.26784082105456,241.12721252441406,7214100
2026-03-11,240.29608691960013,241.10740390076984,238.80209516039704,240.41482543945312,6933200
2026-03-12,238.90105930754044,241.8098890629796,237.7533491444783,239.4748992919922,7710200
2026-03-13,241.62191298046335,242.9872777226232,238.94062643039297,238.96041870117188,6415300
2026-03-16,241.3349760333344,242.46289390576842,239.10882114586636,240.6127166748047,7571500
2026-03-17,240.99857884994995,241.55264164150105,234.70598053704475,235.5865478515625,7281800
2026-03-18,235.349094010365,236.57595816042422,232.9250616652477,234.76535034179688,6811500
2026-03-19,235.81410287893596,236.72435103784144,233.80561773863002,235.0819549560547,7511500
2026-03-20,234.32011361954207,235.76463230802105,232.01480479225953,232.87557983398438,17156600
2026-03-23,234.88406082839504,235.78442039461373,231.7674501417346,232.925048828125,7313700
2026-03-24,231.65861261497415,233.49890116874656,229.77875461897233,232.77664184570312,9046200
2026-03-25,234.29043431536925,238.90105200048887,233.2317667584392,237.3872528076172,6456400
2026-03-26,237.45653008741147,239.0890376929306,236.3978624775069,236.70458984375,5171400
2026-03-27,238.63391169766768,240.10811126821832,236.59574564385582,237.90174865722656,7617600
2026-03-30,240.90953765922094,241.62190842303258,237.96110834902544,239.92013549804688,7241300
2026-03-31,240.43461907362286,242.73003938495026,240.0784336838334,241.84947204589844,7554200
2026-04-01,242.99717824988343,244.58021265880902,241.1568896154117,241.53285217285156,6314600
2026-04-02,242.5123641523277,244.59011472810894,239.30669571751412,240.46429443359375,6878700
2026-04-06,240.07843292252966,240.9392230850874,237.95122427449988,238.41624450683594,4442400
2026-04-07,238.22825540792763,238.22825540792763,233.50880278778567,235.8833770751953,6241100
2026-04-08,234.13213423473948,238.77243293320464,231.42116679227811,238.7427520751953,8771100
2026-04-09,238.7427511835681,241.61201149233705,237.9907958579282,238.7526397705078,6216500
2026-04-10,239.43532307826192,239.69256220529843,235.38867186110593,235.93284606933594,7354500
2026-04-13,235.19079033309842,235.8635765445355,232.68758901903882,235.43814086914062,7663600
2026-04-14,232.5193972079424,239.62331259842583,230.77805483364233,237.5554656982422,10318700
2026-04-15,237.3971547010872,237.8720635067345,234.24095942154312,236.14060974121094,6463500
2026-04-16,234.90385000802988,235.61622074367995,229.6600157416919,232.0543670654297,8668900
2026-04-17,231.87629665489436,233.0437839864675,229.58087633934963,231.6981964111328,8946300
2026-04-20,232.32152567058696,232.7667536363879,227.09748331847635,228.2451934814453,7810500
2026-04-21,226.91939419688882,227.25578731208446,222.31866503864154,223.76319885253906,11681200
2026-04-22,223.7829810531976,225.06920692516337,221.40842182578342,223.70384216308594,9003400
2026-04-23,224.84163569592187,228.93775994036045,224.6239660179549,228.20559692382812,7097600
2026-04-24,226.60278870184794,227.5526214735122,224.61409567930932,225.08900451660156,6067500
2026-04-27,223.37732454840338,225.49464451628538,221.97237532645164,222.95187377929688,7897800
2026-04-28,225.31655381218496,228.58158401963007,223.97096624596244,225.37591552734375,7179800
2026-04-29,223.12998968586206,226.28618513799105,222.47698060671547,224.9405975341797,7071100
2026-04-30,225.53421985117495,228.71020743451083,225.3957041523519,227.41409301757812,8157200
2026-05-01,226.63244949097316,227.33493164601464,224.61407578841013,224.7822723388672,6863600
2026-05-04,223.12007375353997,224.66355379145187,221.2105348477109,221.82395935058594,8215200
2026-05-05,223.00135999434525,224.12927789209027,222.51654748413543,223.15966796875,5556700
2026-05-06,222.86284542864004,223.94129020275372,220.58721735046336,222.23951721191406,7982300
2026-05-07,222.39780245918467,222.39780245918467,218.29178978986636,220.15185546875,7269700
2026-05-08,220.5773139289545,221.00274959951292,218.578717393272,218.9744873046875,5550600
2026-05-11,218.97449324390374,220.91371302266228,218.034549114472,219.08331298828125,6223200
2026-05-12,220.63668996536256,225.2374041432973,219.30099096037276,221.88333129882812,8632500
2026-05-13,223.42680175059942,228.35402025227188,223.0508241008666,227.97804260253906,7464500
2026-05-14,228.55189657555886,229.3038367743656,226.7314002434507,228.35401916503906,6974400
2026-05-15,228.324343449484,229.6798195939985,224.0402302332647,224.307373046875,12167000
2026-05-18,224.30737192600984,227.26567474324526,223.46637404521803,226.4939422607422,10141600
2026-05-19,226.5137209227187,228.40348257147707,225.62324996765844,227.56248474121094,9677900
2026-05-20,229.2345877493695,229.54130000194294,226.74129009113187,226.88970947265625,7353800
2026-05-21,226.88970696918975,229.43246262946704,224.94058353722363,229.27415466308594,5239000
2026-05-22,230.53071103197314,233.0042165151488,230.25367962562382,231.85650634765625,5462300
2026-05-26,231.85650632452897,232.0953339431715,227.9557463234551,229.0503387451172,6619600
2026-05-27,228.85132348090337,231.74704572535882,227.89604337347495,230.15489196777344,5835500
2026-05-28,228.90107206919134,230.7320381891827,228.60254135347682,229.66729736328125,7193400
2026-05-29,230.09517449736785,230.36385365376995,223.48776262843438,224.22413635253906,13897700
2026-06-01,222.10459450044488,223.3385143974124,219.75617610550876,222.41307067871094,8041000
2026-06-02,221.48763589098954,224.39330345287865,220.08455216761314,221.79611206054688,5669000
2026-06-03,221.35827776443833,223.82610240207563,220.91048926891716,222.1444091796875,6507200
2026-06-04,225.97549994238426,227.5477475509985,224.79133771170055,227.05020141601562,7274800
2026-06-05,228.87122983792332,234.06561287765282,227.87613753428016,231.6276397705078,8034900
2026-06-08,231.62763678757383,233.7969306933057,229.42847614392605,231.0206298828125,7559800
2026-06-09,231.23954685180908,236.5433904796373,229.2792138627353,235.8368682861328,8354500
2026-06-10,237.67779864975017,239.7475772433621,235.886629497679,237.31956481933594,8350800
2026-06-11,238.822141602048,240.41429528628944,236.97126939727602,237.16033935546875,7399000
2026-06-12,238.82214080935248,239.72767840405794,236.35431627248195,239.6878662109375,6459400
2026-06-15,237.8270530309927,238.32459916704082,232.43365473829965,234.50344848632812,7732000
2026-06-16,235.20994955683125,235.20994955683125,229.88621514589735,234.02578735351562,7718100
2026-06-17,232.88144953454835,234.27457267967245,229.5677903566066,233.0506134033203,8548000
2026-06-18,230.64248139608736,231.60772209709037,226.48300306302522,227.2691192626953,18989800
2026-06-22,227.8263796240252,230.31411038031268,226.3834988221592,230.15489196777344,8518300
2026-06-23,234.48354214543076,238.62312963718077,233.19987979667957,237.9066619873047,11802000
2026-06-24,238.71267722908183,241.84721171654783,237.5782726810186,239.81723022460938,8139200
2026-06-25,240.0859235854152,246.97196048258556,239.70778365238823,243.67820739746094,10130400
2026-06-26,247.05156300573913,253.85799051268404,246.6535169859773,253.4102020263672,16316800
2026-06-29,251.94740453022743,257.3109358669097,250.7930938975173,257.2413024902344,8608400
2026-06-30,257.7288999793201,258.62447695588,251.92751017702224,252.7235870361328,8469500
2026-07-01,252.00712264580847,252.95245728529045,249.8477741968348,252.73353576660156,6516500
2026-07-02,254.52470472933535,261.8087875806335,252.753441667793,261.74908447265625,7998700
2026-07-06,258.9528582650781,260.0972082397536,254.67394351620698,258.0572509765625,6803700
2026-07-07,263.5899938466549,268.1076906797339,262.75408965465317,265.9284362792969,9089700
2026-07-08,267.28179179450893,267.28179179450893,261.8386358221884,262.1072998046875,6769400
2026-07-09,259.35088953644544,262.1570568783993,256.8631589924022,257.8283996582031,6426100
2026-07-10,258.91306402533775,260.01760188497747,254.26598487714244,255.7188262939453,6534700
2026-07-13,256.68405301110437,258.2562853735001,254.89286877547602,256.5049133300781,5272200
2026-07-14,254.27593479130442,255.13172996253974,250.9025724938729,252.60418701171875,8770600
2026-07-15,248.86261881363527,255.5695309055475,244.84245277781295,245.8076934814453,10547300
2026-07-16,247.67845384783817,252.30564190006208,245.09122311970796,248.7432098388672,11097600
2026-07-17,251.35035299448896,254.40529355359888,250.7134945486414,251.7981414794922,10167700
2026-07-20,250.7731932271148,252.93254159418385,247.40979173683036,247.59886169433594,8114700
2026-07-21,246.2355858738711,250.10649430212794,244.28521347459443,249.3800811767578,7793100
2026-07-22,251.51951735745217,255.03220704893891,249.97713648203677,254.3754425048828,9100200
2026-07-23,253.98735319581928,258.9230174724852,253.17137025663587,257.99755859375,8063300
2026-07-24,260.14696680341433,262.41577598127003,258.33589157019617,262.1072998046875,6351800
2026-07-27,261.26146783773044,267.48079463226605,260.0673753138636,264.6448059082031,9647900
2026-07-28,268.67490010822394,273.55084592551594,264.87364052953075,265.42095947265625,10491000
2026-07-29,267.1822622796963,268.0181361041443,263.49047862976664,264.2268371582031,6105600
2026-07-30,257.75875187348953,259.2414296518399,253.31068817063203,254.56451416015625,8216500
2026-07-31,254.75357596655473,257.2114550322676,252.04690865509698,255.09190368652344,6782100
2026-08-03,253.71867195954576,256.4850271972422,249.67859985775465,253.1614227294922,8136300
2026-08-04,253.16142648061836,254.2659795008061,249.21090897857138,253.67886352539062,7362400
2026-08-05,253.9972934738065,258.04732616634374,253.2211227437212,256.3258056640625,6472600
2026-08-06,260.42559336590404,260.8236242062839,254.02715726257253,255.7188262939453,6931800
2026-08-07,254.63416238175625,258.32596141364326,253.86793707628854,257.96771240234375,6532100
2026-08-10,257.78861210678537,260.71418593564044,257.28110530959395,260.5251159667969,8985100
2026-08-11,259.9479684253454,262.85362089025904,257.09202805973007,258.52496337890625,5945900
2026-08-12,254.7436088096904,260.1270613743755,254.00723509927005,259.5797424316406,4629300
2026-08-13,260.44550421552646,261.3311205223152,258.37569533996134,260.79376220703125,4852700
2026-08-14,259.37078114396394,260.42557646804266,257.8881034534354,259.072265625,4998100
2026-08-17,257.5995438259766,262.98299691726805,256.7437790079673,261.0823669433594,5515500
2026-08-18,266.3563600087168,270.3964321763198,265.02290964957547,269.7794494628906,7838200
2026-08-19,271.6601848020655,275.1131561312948,269.2321572777068,272.06817626953125,7728500
2026-08-20,272.05823633214175,272.05823633214175,266.0578308105469,266.0578308105469,6475900
2026-08-21,266.51555077860934,271.32186347512464,265.68963755179993,268.9137268066406,6186800
2026-08-24,268.4161893708204,272.635401405727,267.2519483767422,271.70001220703125,5436100
2026-08-25,271.0,273.79998779296875,270.17999267578125,273.1400146484375,4687000
2026-08-26,271.9700012207031,272.9100036621094,269.54998779296875,270.0,7214100
2026-08-27,268.45001220703125,268.45001220703125,263.8299865722656,265.7699890136719,7306200
2026-08-28,265.7799987792969,268.3800048828125,264.2699890136719,268.0400085449219,5765600
2026-08-31,267.1300048828125,267.7699890136719,265.1700134277344,265.8500061035156,7900100
2026-09-01,270.8299865722656,271.9100036621094,267.0199890136719,271.19000244140625,6033600
2026-09-02,274.739990234375,281.07000732421875,273.5299987792969,275.2099914550781,7910600
2026-09-03,277.32000732421875,278.8900146484375,273.1600036621094,278.42999267578125,5940300
2026-09-04,275.1300048828125,277.79998779296875,274.75,275.2300109863281,4320100
2026-09-08,271.2799987792969,271.989990234375,266.8800048828125,269.1199951171875,8084700
2026-09-09,268.510009765625,270.1000061035156,266.7300109863281,267.0799865722656,6124600
2026-09-10,270.2099914550781,271.2699890136719,265.7200012207031,266.3500061035156,4929500
2026-09-11,268.0299987792969,270.3999938964844,265.25,265.5799865722656,4701200
2026-09-14,271.0,271.54998779296875,266.19000244140625,266.32000732421875,4740800
2026-09-15,265.80999755859375,267.20001220703125,260.67999267578125,267.20001220703125,5283500
2026-09-16,266.80999755859375,268.6499938964844,266.29998779296875,267.2799987792969,4887300
2026-09-17,268.0,270.8699951171875,267.1099853515625,270.2200012207031,6568800
2026-09-18,269.45001220703125,272.1099853515625,267.20001220703125,269.989990234375,16428400
2026-09-21,271.739990234375,273.7300109863281,268.5,269.4700012207031,4485300
2026-09-22,267.510009765625,270.1000061035156,265.0400085449219,269.19000244140625,5680700
2026-09-23,269.4700012207031,272.1400146484375,266.5,269.1700134277344,6632700
2026-09-24,269.5199890136719,275.2300109863281,269.010009765625,270.67999267578125,6320600
2026-09-25,271.70001220703125,272.25,269.260009765625,271.2200012207031,4085700
2026-09-28,270.1700134277344,273.7799987792969,269.2699890136719,271.95001220703125,7185600
2026-09-29,269.1099853515625,271.8900146484375,265.5899963378906,267.57000732421875,5620500
2026-09-30,267.9100036621094,268.4800109863281,264.510009765625,264.739990234375,6341000
2026-10-01,263.67999267578125,263.9800109863281,258.3299865722656,258.6600036621094,8289000
2026-10-02,259.3800048828125,259.3800048828125,255.1199951171875,256.0299987792969,10940400
2026-10-05,256.0,256.239990234375,252.50999450683594,252.92999267578125,10026800
2026-10-06,254.14999389648438,255.47999572753906,251.1699981689453,254.77999877929688,5661000
2026-10-07,256.2099914550781,260.67999267578125,255.72999572753906,258.45001220703125,5402200
2026-10-08,256.2200012207031,257.79998779296875,251.9499969482422,256.4800109863281,6172800
2026-10-09,255.08999633789062,261.6099853515625,254.99000549316406,261.44000244140625,5726000
