date,open,high,low,close,volume
1995-01-03,8.037938102661156,8.037938102661156,7.971691608428955,7.971691608428955,388125
1995-01-04,7.993770690195553,7.993770690195553,7.817112871774686,7.883359909057617,615600
1995-01-05,7.88336389981237,8.037939071655273,7.8612817324062405,8.037939071655273,747225
1995-01-06,8.104190626351546,8.214601516723633,8.082108448277127,8.214601516723633,340538
1995-01-09,8.126271274385545,8.369175756070035,8.126271274385545,8.34709358215332,522788
1995-01-10,8.369171309190943,8.523747013076251,8.369171309190943,8.391253471374512,1283175
1995-01-11,8.413337857312783,8.435420025332956,8.28084484919174,8.302927017211914,482963
1995-01-12,8.302922074919776,8.325004229795606,8.236675041692148,8.280839920043945,170100
1995-01-13,8.302922074919776,8.325004229795606,8.258757765168115,8.280839920043945,713475
1995-01-16,8.302923817617485,8.302923817617485,8.17043029195335,8.258759498596191,800888
1995-01-17,8.347089730797029,8.567911936677199,8.325007567069049,8.545829772949219,1222763
1995-01-18,8.501665139203485,8.700405742796004,8.47958297627106,8.656241416931152,1498500
1995-01-19,8.612075929708874,8.722487881261985,8.479582952485961,8.501665115356445,488025
1995-01-20,8.501665445493257,8.567911936677199,8.479583281765276,8.545829772949219,448200
1995-01-23,8.501668134463488,8.545832475888073,8.435421053726069,8.523750305175781,562613
1995-01-24,8.545829273875224,8.545829273875224,8.479582786560059,8.479582786560059,372600
1995-01-25,8.501665445493257,8.545829772949219,8.435418385708951,8.545829772949219,657450
1995-01-26,8.545829772949219,8.545829772949219,8.501665445493257,8.545829772949219,198450
1995-01-27,8.54582740711083,8.54582740711083,8.369169577592814,8.413333892822266,672975
1995-01-30,8.391253471374512,8.457500526525545,8.302924822640234,8.391253471374512,238613
1995-01-31,8.369175756070035,8.413340103903465,8.30292923431989,8.34709358215332,719213
1995-02-01,8.347089122936227,8.347089122936227,7.971690661097141,8.060020446777344,1252125
1995-02-02,8.015856742858887,8.060022213982839,7.949610241974298,8.015856742858887,1033088
1995-02-03,8.082108448277127,8.214601516723633,8.06002627020271,8.214601516723633,1265288
1995-02-06,8.214597776530743,8.325009185232087,8.214597776530743,8.302927017211914,610200
1995-02-07,8.34709135325226,8.34709135325226,8.258762681171566,8.302927017211914,258525
1995-02-08,8.280839920043945,8.435415004174757,8.280839920043945,8.280839920043945,510300
1995-02-09,8.258764156183982,8.457504272460938,8.236681415619366,8.457504272460938,423225
1995-02-10,8.457500987584263,8.457500987584263,8.28084311188492,8.325007438659668,578138
1995-02-13,8.325007438659668,8.34708960204704,8.28084311188492,8.325007438659668,177863
1995-02-14,8.325004229795606,8.325004229795606,8.258757765168115,8.280839920043945,397913
1995-02-15,8.28084275601423,8.479582786560059,8.28084275601423,8.479582786560059,812700
1995-02-16,8.435421053726069,8.523750305175781,8.36917454158919,8.523750305175781,291263
1995-02-17,8.479353904724121,8.545946009510555,8.457156726982607,8.479353904724121,421875
1995-02-21,8.479351848992536,8.479351848992536,8.36836598719235,8.434957504272461,200475
1995-02-22,8.434961189985188,8.523750489784172,8.34617246174821,8.3905668258667,346950
1995-02-23,8.434956083008359,8.434956083008359,8.301773071289062,8.301773071289062,370238
1995-02-24,8.323973402940844,8.323973402940844,8.079802740654591,8.212986946105957,455288
1995-02-27,8.235181010570583,8.27957534790039,8.235181010570583,8.27957534790039,281475
1995-02-28,8.257378162487637,8.301773071289062,8.235180993867754,8.301773071289062,180225
1995-03-01,8.36836457714871,8.36836457714871,8.257378162487637,8.301773071289062,193050
1995-03-02,8.34616694667696,8.34616694667696,8.124194701199752,8.146391868591309,401625
1995-03-03,8.079805374145508,8.146398070137954,8.013213821277187,8.079805374145508,288900
1995-03-06,8.057603686724876,8.057603686724876,8.013209342956543,8.013209342956543,325688
1995-03-07,7.99100938256657,8.013206546704916,7.813431497898254,7.902220726013184,580838
1995-03-08,7.946620464324951,8.013212002075308,7.924423285074833,7.946620464324951,253125
1995-03-09,7.924416289186913,7.924416289186913,7.791232759702272,7.83562707901001,995625
1995-03-10,7.835635248994998,7.991016100144524,7.835635248994998,7.857832431793213,881888
1995-03-13,7.880021398317747,7.880021398317747,7.835627079010009,7.83562707901001,127238
1995-03-14,7.880022990313293,7.902220726013184,7.813431497898254,7.902220726013184,417825
1995-03-15,7.835627079010009,7.857824238663878,7.769035600048403,7.83562707901001,178538
1995-03-16,7.8356286620366005,7.946615054289877,7.8356286620366005,7.902220726013184,620325
1995-03-17,7.902220726013184,7.902220726013184,7.791234333759907,7.902220726013184,356738
1995-03-20,7.8800273502051255,7.8800273502051255,7.658055014446409,7.746844291687012,740475
1995-03-21,7.769038664803624,7.769038664803624,7.3694879187336415,7.413882255554199,1731038
1995-03-22,7.502676282304404,7.524873463170214,7.347294873119786,7.369492053985596,1216688
1995-03-23,7.413882215360649,7.613657873093406,7.369487878780771,7.591460704803467,1764450
1995-03-24,7.658052263425213,7.791235845661317,7.635855094979472,7.769038677215576,485663
1995-03-27,7.7246479310221,7.7246479310221,7.702450752258302,7.702450752258301,138713
1995-03-28,7.70244993884764,7.791238644526382,7.680252190866095,7.746844291687012,199463
1995-03-29,7.769041882971054,7.991014230583023,7.769041882971054,7.880027770996094,1082363
1995-03-30,7.880029614591427,7.880029614591427,7.802340046359701,7.857832431793213,642938
1995-03-31,7.835635248994998,7.902227368951666,7.835635248994998,7.857832431793213,435713
1995-04-03,7.857827350998542,7.880024519444283,7.769038677215575,7.769038677215576,535275
1995-04-04,7.769041882971054,7.880027770996093,7.769041882971054,7.880027770996094,362813
1995-04-05,7.8800257400898,8.013209342956543,7.8800257400898,8.013209342956543,988200
1995-04-06,8.013206877273284,8.013206877273284,7.946615382111149,7.991009712219238,494438
1995-04-07,7.991016102343865,8.057607650756836,7.968818919539542,8.057607650756836,454950
1995-04-10,8.035404042327329,8.035404042327329,7.968812547165194,7.991009712219238,217013
1995-04-11,8.057601207381373,8.057601207381373,7.946615382111149,7.991009712219238,201488
1995-04-12,7.9910190819109,8.257386518005786,7.9910190819109,8.190794944763184,824513
1995-04-13,8.612538203493477,8.612538203493477,8.501552306271016,8.568143844604492,1045238
1995-04-17,8.590334808167743,8.767913258353548,8.590334808167743,8.745716094970703,831938
1995-04-18,9.01208566483463,9.12307209072063,9.01208566483463,9.0786771774292,1345950
1995-04-19,9.078676911217654,9.167466163635254,8.967691060147782,9.167466163635254,805613
1995-04-20,9.145270735028733,9.32284927368164,9.145270735028733,9.32284927368164,1117800
1995-04-21,9.322850136582023,9.322850136582023,9.123074404997197,9.234060287475586,809663
1995-04-24,9.189665762330982,9.38944149017334,9.189665762330982,9.38944149017334,542363
1995-04-25,9.278455461890065,9.300653783474688,9.14527239112528,9.189666748046875,446175
1995-04-26,9.18966593448423,9.234060287475586,9.100877228501519,9.234060287475586,229163
1995-04-27,9.234059432793376,9.32284927368164,9.211862258352216,9.32284927368164,331425
1995-04-28,9.367244489573377,9.367244489573377,9.167468757988551,9.234060287475586,281813
1995-05-01,9.278450408864941,9.278450408864941,9.23405607612041,9.256253242492676,250425
1995-05-02,9.234059432793376,9.389440797005124,9.145270735028733,9.32284927368164,334463
1995-05-03,9.300652785853938,9.38944149017334,9.278454466650384,9.38944149017334,319275
1995-05-04,9.38943921703526,9.589214324951172,9.367242046329238,9.589214324951172,706725
1995-05-05,9.58921705674654,9.72240011892413,9.522625525657745,9.700202941894531,501863
1995-05-08,9.633606352691896,9.722395014191905,9.589212021941892,9.611409187316895,868050
1995-05-09,9.611411495657194,9.67800300777526,9.589214324951172,9.589214324951172,592650
1995-05-10,9.633608666363216,9.633608666363216,9.56701715424515,9.589214324951172,166050
1995-05-11,9.611411796951678,9.700200482559076,9.589214625549829,9.678003311157227,325013
1995-05-12,9.659264076222302,9.793110182192063,9.659264076222302,9.77080249786377,167400
1995-05-15,9.793111684236981,9.926958959550655,9.793111684236981,9.86003589630127,167400
1995-05-16,9.860037932469922,9.993884086608887,9.748498321872313,9.993884086608887,200475
1995-05-17,9.993880453820406,10.038496971130371,9.971572769572784,10.038496971130371,240300
1995-05-18,9.90464868891717,9.993879416647218,9.703878402709961,9.703878402709961,393863
1995-05-19,9.681572280147794,9.681572280147794,9.458494850485225,9.480802536010742,564638
1995-05-22,9.57003231111489,9.793109130440008,9.57003231111489,9.703878402709961,865013
1995-05-23,9.726186084642473,9.726186084642473,9.659263038844937,9.703878402709961,702000
1995-05-24,9.70388340741716,9.726191100854704,9.570037246791907,9.614652633666992,660150
1995-05-25,9.659268020542076,9.659268020542076,9.570037246791907,9.614652633666992,513000
1995-05-26,9.614652489396954,9.614652489396954,9.480805756372503,9.525421142578125,928463
1995-05-30,9.570038648788845,9.793115615844727,9.570038648788845,9.793115615844727,433688
1995-05-31,9.793109124191869,10.194649696350098,9.770801442273589,10.194649696350098,685463
1995-06-01,10.194649696350098,10.306188105941494,10.17234201443182,10.194649696350098,748238
1995-06-02,9.971573705972748,9.971573705972748,9.603495158099776,9.87118911743164,590850
1995-06-05,9.938112466273013,10.573883843203305,9.90465093578351,10.27272891998291,371250
1995-06-06,10.205805818885196,10.373113470675033,10.138881609354405,10.239267349243164,223875
1995-06-07,10.205804602987536,10.205804602987536,9.938111243201352,10.038496971130371,243225
1995-06-08,10.038499110855577,10.105422177863222,10.038499110855577,10.071959495544434,150525
1995-06-09,10.038499044007795,10.071959428473834,9.804267162225855,9.837727546691895,126900
1995-06-12,9.837732097943945,9.904656344282213,9.636962805375614,9.804271697998047,339750
1995-06-13,9.871192510201732,9.871192510201732,9.603498458862305,9.603498458862305,491625
1995-06-14,9.737344095663861,9.837727546691895,9.670419880286907,9.837727546691895,288900
1995-06-15,9.837732184969354,9.938117980957031,9.804271784727462,9.938117980957031,175275
1995-06-16,9.971572805633137,9.971572805633137,9.77080249786377,9.77080249786377,380025
1995-06-19,9.804265173170934,9.837725550848651,9.636956391894008,9.77080249786377,281475
1995-06-20,9.703879266660579,9.73734194135318,9.603494114619537,9.636956214904785,756450
1995-06-21,9.703886010497165,9.737348708445085,9.570039813967494,9.670424461364746,263700
1995-06-22,9.737342834472656,9.770803214604872,9.636957098816776,9.737342834472656,144900
1995-06-23,9.73734194135318,9.804264993108973,9.636956214904785,9.636956214904785,138825
1995-06-26,9.670416879811194,9.770801448507497,9.670416879811194,9.703878402709961,121050
1995-06-27,9.670417740782682,9.703879266660579,9.603494114619537,9.636956214904785,101700
1995-06-28,9.603498458862305,9.737346346143436,9.536575376833156,9.603498458862305,203400
1995-06-29,9.603493502512245,9.603493502512245,9.436185883786612,9.469647407531738,205875
1995-06-30,9.469647168011285,9.703878402709961,9.469647168011285,9.703878402709961,360000
1995-07-03,9.670424354137003,9.804271697998047,9.670424354137003,9.804271697998047,135000
1995-07-05,9.770804392518988,10.105422019958496,9.770804392518988,10.105422019958496,529650
1995-07-06,10.105425047386806,10.306194305419922,10.071962355565994,10.306194305419922,767700
1995-07-07,10.239271191405384,10.506964683532715,10.20580964849138,10.506964683532715,748575
1995-07-10,10.440044270246172,10.60735319487137,10.440044270246172,10.573891639709473,302625
1995-07-11,10.607348318231589,10.640811006825004,10.440039470525235,10.473502159118652,334575
1995-07-12,10.440036776521605,10.64080826101321,10.373113714234327,10.607345581054688,280350
1995-07-13,10.640806513754386,10.87503719329834,10.607343839290554,10.87503719329834,351225
1995-07-14,10.84157943725586,10.908502511823219,10.808117899972178,10.84157943725586,519975
1995-07-17,10.841578447069358,10.875039981296919,10.774655378614236,10.808116912841797,440325
1995-07-18,10.808120652738253,10.808120652738253,10.640812923707538,10.707736015319824,211725
1995-07-19,10.640812033105702,10.674272427295929,10.306194305419922,10.306194305419922,325575
1995-07-20,10.339653089131923,10.406576149847858,10.205805818885196,10.239267349243164,267300
1995-07-21,10.239267349243164,10.406576149847858,10.239267349243164,10.239267349243164,603225
1995-07-24,10.306193311412299,10.506963698896886,10.272731771634065,10.473502159118652,525150
1995-07-25,10.506960987623769,10.64080826101321,10.506960987623769,10.607345581054688,491175
1995-07-26,10.67427158355713,10.70773427273291,10.57388696247539,10.674271583557129,457875
1995-07-27,10.74119660752244,10.975428581237793,10.74119660752244,10.975428581237793,372825
1995-07-28,10.975424583979601,10.975424583979601,10.774655378614236,10.808116912841797,239175
1995-07-31,10.908504486083984,10.908504486083984,10.84158139940464,10.908504486083984,321750
1995-08-01,10.908495685431788,10.908495685431788,10.67426392221005,10.774649620056152,133875
1995-08-02,10.774649620056154,10.975418718119606,10.741186954897868,10.774649620056152,215775
1995-08-03,10.60734931227473,10.60734931227473,10.406580054790698,10.506964683532715,465525
1995-08-04,10.506961710629113,10.506961710629113,10.406577110290527,10.406577110290527,744975
1995-08-07,10.473501299461073,10.473501299461073,10.339655151334133,10.373115539550781,255375
1995-08-08,10.373117363061406,10.506964683532715,9.971577699278054,10.506964683532715,1320525
1995-08-09,10.506964712268331,10.60734934128489,10.272732762414403,10.306194305419922,294525
1995-08-10,10.373117363061406,10.54042622644672,10.33965696896269,10.506964683532715,439875
1995-08-11,10.47350136709318,10.50696290434099,10.37311560653465,10.440038681030273,196425
1995-08-14,10.440038681030273,10.50696290434099,10.37311560653465,10.440038681030273,537300
1995-08-15,10.440037494921759,10.506961710629113,10.339654043398136,10.406577110290527,341100
1995-08-16,10.406579079562183,10.54042523867512,10.373116390968768,10.473502159118652,299925
1995-08-17,10.473503140618709,10.54042622644672,10.440040448889416,10.506964683532715,634275
1995-08-18,10.607343581900931,10.607343581900931,10.440034808900341,10.540420532226562,174375
1995-08-21,10.54042622644672,10.640812004004024,10.440040448889416,10.506964683532715,179775
1995-08-22,10.488140380865582,10.656220078903045,10.488140380865582,10.622604370117188,242100
1995-08-23,10.656218759712646,10.656218759712646,10.521755941215087,10.588987350463867,283500
1995-08-24,10.622603055088257,10.622603055088257,10.555371645839477,10.588987350463867,339750
1995-08-25,10.555372952545472,10.656220078903045,10.555372952545472,10.622604370117188,314325
1995-08-28,10.656218759712646,10.656218759712646,10.488139082482666,10.588987350463867,237600
1995-08-29,10.521757243759614,10.622604370117188,10.488140380865582,10.622604370117188,228825
1995-08-30,10.656220078903045,10.656220078903045,10.58898866133133,10.622604370117188,134775
1995-08-31,10.656217575073242,10.689834430068515,10.622601874185872,10.656217575073242,209025
1995-09-01,10.689830208217323,10.824292958661967,10.656213366498715,10.79067611694336,144225
1995-09-05,10.89152504168919,11.05960464477539,10.89152504168919,11.05960464477539,335475
1995-09-06,10.992372912400644,10.992372912400644,10.824293314708697,10.925140380859375,208350
1995-09-07,10.958759307861328,10.992376160619399,10.757065115959863,10.958759307861328,487800
1995-09-08,11.025989961434487,11.025989961434487,10.824295783137739,10.89152717590332,216675
1995-09-11,10.958759307861328,10.958759307861328,10.857912211910596,10.958759307861328,496125
1995-09-12,10.958760038039246,11.025991439819336,10.85791293536911,11.025991439819336,485325
1995-09-13,10.958753222449188,11.16044845645681,10.958753222449188,11.093215942382812,398925
1995-09-14,11.059606811925025,11.09322135420007,10.757064390372156,10.89152717590332,697050
1995-09-15,10.958756069576266,10.992372912400644,10.85790900342559,10.925140380859375,366525
1995-09-18,10.891528718416566,10.925144419560183,10.824297316129334,10.85791301727295,85050
1995-09-19,10.824299044353284,10.824299044353284,10.521756531648428,10.55537223815918,461250
1995-09-20,10.55537223815918,10.622603651180683,10.454525118626927,10.55537223815918,446625
1995-09-21,10.555365186565684,10.555365186565684,10.185590353762173,10.252822875976562,929700
1995-09-22,10.118365217339562,10.219213485717773,10.05113380782611,10.219213485717773,394425
1995-09-25,10.185593241093402,10.185593241093402,9.983899079597544,10.084747314453125,306900
1995-09-26,10.151982866473395,10.219214281220395,10.017518882871268,10.18559741973877,431100
1995-09-27,10.151978400541065,10.151978400541065,9.748587781297402,9.782204627990723,537525
1995-09-28,9.815819457576675,10.084747314453125,9.479661944696417,10.084747314453125,1032525
1995-09-29,10.084750666690871,10.286444895231226,10.084750666690871,10.219213485717773,418275
1995-10-02,10.219211324852315,10.219211324852315,9.899860466028521,9.916668891906738,353925
1995-10-03,9.983895300565083,9.983895300565083,9.849432577130376,9.883047103881836,180450
1995-10-04,9.815819910706573,9.883051300975477,9.714972825303217,9.84943675994873,672300
1995-10-05,9.849433911332895,9.916665282157398,9.647738067698329,9.74858570098877,453825
1995-10-06,9.64773981990289,9.64773981990289,9.513277053833008,9.513277053833008,365625
1995-10-09,9.51327923519597,9.580510633646846,9.277968186510062,9.345199584960938,436500
1995-10-10,9.210739704429596,9.210739704429596,8.94181287136871,8.975428581237793,746775
1995-10-11,8.975421710307558,9.143500708038026,8.908190342036836,9.009037971496582,965475
1995-10-12,9.009042061055244,9.042657183396168,8.706499612393745,8.840962409973145,729000
1995-10-13,8.874576219692647,9.009039556951269,8.706497192382812,8.706497192382812,1027575
1995-10-16,8.773730486474502,8.908193853066306,8.740114212036133,8.740114212036133,891450
1995-10-17,8.874576534923573,9.076271259448955,8.874576534923573,9.042654991149902,3098025
1995-10-18,9.143503398859322,9.210735363969253,9.04265573972134,9.076272010803223,826425
1995-10-19,9.109886172547435,9.311580867068407,9.042653645950946,9.143501281738281,352125
1995-10-20,9.143501281738281,9.177117545036525,9.109886172547435,9.143501281738281,634950
1995-10-23,9.109887527748006,9.109887527748006,9.009039876958422,9.042654991149902,383625
1995-10-24,9.07626818231187,9.109884439213964,8.874573526167246,8.941804885864258,423000
1995-10-25,8.975428581237793,9.042660000975962,8.87458145163054,8.975428581237793,314325
1995-10-26,8.94180939301474,9.042656483392587,8.639266967773438,8.639266967773438,587250
1995-10-27,8.336722355258383,8.672880389095813,8.303106667285386,8.471185684204102,503550
1995-10-30,8.538414996521421,8.975420565712763,8.471183636824412,8.941804885864258,326700
1995-10-31,9.009040622747126,9.143503398859322,9.009040622747126,9.076272010803223,511200
1995-11-01,9.042656061569188,9.27796708224843,8.975424671120178,9.244351387023926,477900
1995-11-02,9.210733562353756,9.647738653348053,9.210733562353756,9.580507278442383,835425
1995-11-03,9.412432371008089,9.64774227142334,9.37881609389483,9.64774227142334,490725
1995-11-06,9.58050843686795,9.61412470543921,9.412429979280596,9.513277053833008,158625
1995-11-07,9.446045093744276,9.546892745350478,9.446045093744276,9.513277053833008,532575
1995-11-08,9.58050843686795,9.64773981990289,9.446045093744276,9.513277053833008,174600
1995-11-09,9.51327742697602,9.546893119812012,9.479661734140027,9.546893119812012,206325
1995-11-10,9.546892745350478,9.546892745350478,9.479661362315538,9.513277053833008,205200
1995-11-13,9.513275707091623,9.614123344421387,9.479660020332936,9.614123344421387,246600
1995-11-14,9.546892745350478,9.782204317134145,9.513277053833008,9.513277053833008,292725
1995-11-15,9.513275561589378,9.546891247833923,9.143501281738281,9.143501281738281,766800
1995-11-16,9.143500708038026,9.17711696922705,8.908190342036836,9.009037971496582,657450
1995-11-17,9.04265573972134,9.076272010803223,9.009040622747126,9.076272010803223,745425
1995-11-20,9.023553292741346,9.260126113891602,8.922165438089669,9.260126113891602,912825
1995-11-21,9.260123500919441,9.564288139343262,9.192531036743032,9.564288139343262,474750
1995-11-22,9.327713130684998,9.800857944981178,9.327713130684998,9.665674209594727,993825
1995-11-24,9.598085259167636,9.902250515064507,9.598085259167636,9.8346586227417,153675
1995-11-27,9.868449706280384,10.274003228658838,9.834654933093853,10.206411361694336,635850
1995-11-28,10.240207053788465,10.375391960144041,10.003635498183899,10.375391960144043,1009800
1995-11-29,10.37538968866034,10.37538968866034,10.003633308088807,10.0712251663208,556875
1995-11-30,10.13882073187252,10.13882073187252,9.90224800833435,9.936042785644531,402075
1995-12-01,10.00363672991708,10.138821652917779,9.936043688268745,10.037432670593262,703575
1995-12-04,10.0712251663208,10.105021095436797,9.96983737897281,10.0712251663208,350100
1995-12-05,10.172615087520024,10.172615087520024,9.936042373787972,10.00363540649414,744975
1995-12-06,9.936046753044042,10.138824780239993,9.936046753044042,9.969843864440918,1403550
1995-12-07,9.902247597878612,10.00363540649414,9.86845050137762,10.00363540649414,516150
1995-12-08,10.003631797360361,10.105019569396973,10.003631797360361,10.105019569396973,541350
1995-12-11,9.969837925702539,10.206410602783347,9.969837925702539,10.138818740844727,657225
1995-12-12,10.071231717742569,10.071231717742569,9.936046753044042,9.969843864440918,850050
1995-12-13,9.936043917726058,9.936043917726058,9.496695518493652,9.496695518493652,1371825
1995-12-14,9.53049247315887,9.564288416151186,9.327715654908921,9.395307540893555,519750
1995-12-15,9.462899681032548,9.462899681032548,9.124938543027552,9.226326942443848,1270350
1995-12-18,9.158735167542751,9.158735167542751,8.922162426251916,8.955958366394043,515475
1995-12-19,8.955958264099039,9.226326942443848,8.888365804438852,9.226326942443848,1015875
1995-12-20,9.260122670635162,9.46289946483494,9.226326731651186,9.29391860961914,755775
1995-12-21,9.293921611543507,9.462902521339917,9.260125661643482,9.3615140914917,596250
1995-12-22,9.395309461243581,9.395309461243581,9.327717561443531,9.3615140914917,132525
1995-12-26,9.395309461243581,9.395309461243581,9.226329711743457,9.3615140914917,258300
1995-12-27,9.293921194253562,9.327717142636175,9.124940872192383,9.124940872192383,265725
1995-12-28,9.19253042253977,9.260122882199957,9.124938543027552,9.226326942443848,367875
1995-12-29,9.260126113891602,9.29392206544216,9.192533630642313,9.260126113891602,581625
1996-01-02,9.192531302791629,9.395307540893555,9.192531302791629,9.395307540893555,286200
1996-01-03,9.42910316112847,9.462899681032548,9.226326942443848,9.226326942443848,440325
1996-01-04,9.260124061119022,9.293920005177739,9.02355129241192,9.158736228942871,1238175
1996-01-05,9.124934966148189,9.429099465019796,9.124934966148189,9.32771110534668,240525
1996-01-08,9.361507983350954,9.530488202744019,9.361507983350954,9.462896347045898,157050
1996-01-09,9.49669391555353,9.834655593667684,9.462898559949176,9.800858497619629,1253250
1996-01-10,9.699470110214962,9.868450369124139,9.699470110214962,9.800858497619629,830475
1996-01-11,9.800858703367794,9.834655800125347,9.598082504449508,9.733266830444336,750600
1996-01-12,9.699471473693848,9.767063934847899,9.564287711681708,9.699471473693848,570150
1996-01-15,9.665674995758199,9.69947035220571,9.462898796037733,9.598082542419434,441450
1996-01-16,9.699472188120454,9.733268711260795,9.327715654908921,9.395307540893555,678600
1996-01-17,9.327715478162798,9.327715478162798,8.617998368180114,8.922163009643555,3221550
1996-01-18,8.955956062156906,9.091139787944607,8.922160130709981,9.057344436645508,2792700
1996-01-19,8.98975199360383,9.091139787944607,8.98975199360383,9.057344436645508,1183950
1996-01-22,9.057343113131273,9.32771110534668,9.023546606475072,9.32771110534668,1381950
1996-01-23,9.3615140914917,9.3615140914917,9.091144751847073,9.3615140914917,1844100
1996-01-24,9.327715654908921,9.429104064033895,9.260123768924286,9.395307540893555,1421325
1996-01-25,9.361513671166904,9.361513671166904,9.057348975427157,9.124940872192383,1505925
1996-01-26,9.19252780205252,9.19252780205252,8.719383039901095,8.753179550170898,1136925
1996-01-29,8.820774025677562,9.12493864725265,8.78697750538746,8.955958366394043,2895075
1996-01-30,9.057346410419173,9.429102897644043,8.95595801383605,9.429102897644043,1507050
1996-01-31,9.32771801699272,9.32771801699272,9.158738259239923,9.260126113891602,891675
1996-02-01,9.226330162341043,9.260126113891602,9.057349824440076,9.260126113891602,690075
1996-02-02,9.19253042253977,9.293918821956066,9.15873506293163,9.226326942443848,1034550
1996-02-05,9.226323323971199,9.226323323971199,9.02354660466563,9.192526817321777,413325
1996-02-06,9.158737811943409,9.395309461243581,9.158737811943409,9.3615140914917,1022625
1996-02-07,9.395306378684365,9.49669477526749,9.293918562249194,9.429102897644043,705600
1996-02-08,9.39530333105225,9.564284130593078,9.39530333105225,9.462896347045898,489825
1996-02-09,9.462900157185002,9.598083923011592,9.395307113975713,9.496695518493652,1185525
1996-02-12,9.733266626115118,9.868450369124139,9.665674754610606,9.800858497619629,1094625
1996-02-13,9.767066997541294,10.138824780239993,9.767066997541294,9.969843864440918,1110150
1996-02-14,9.969841874646937,10.003637819002448,9.767065048217773,9.767065048217773,588600
1996-02-15,9.800860092933126,9.83465719448243,9.598083865265238,9.631879806518555,461925
1996-02-16,9.665676545533872,9.665676545533872,9.496695675166853,9.564288139343262,759150
1996-02-20,9.545267050968839,9.681142807006836,9.511298840853348,9.681142807006836,460575
1996-02-21,9.647173023404239,9.817017555236816,9.613204233660754,9.817017555236816,699975
1996-02-22,9.81701599979132,9.98685992159803,9.783047215429978,9.952892303466797,915075
1996-02-23,9.986862529198323,9.986862529198323,9.647174013776139,9.681142807006836,306225
1996-02-26,9.749076112986879,9.817014252734198,9.68113855635451,9.715107917785645,793125
1996-02-27,9.681138847608452,9.783045768737793,9.579232509594078,9.783045768737793,494550
1996-02-28,9.817014548075917,9.884953272982102,9.715108210061544,9.783045768737793,533925
1996-02-29,9.715104689185505,9.749072873098166,9.51129150390625,9.51129150390625,652725
1996-03-01,9.579229037961083,9.6131978049885,9.273508968484823,9.51129150390625,334125
1996-03-04,9.443355941911316,9.749076112986879,9.443355941911316,9.715107917785645,289125
1996-03-05,9.715107912182674,9.85098302536905,9.579232215881348,9.579232215881348,445275
1996-03-06,9.579236427314743,9.783049769814136,9.579236427314743,9.681142807006836,288450
1996-03-07,9.715107917785645,9.783045474418014,9.68113855635451,9.715107917785645,346050
1996-03-08,9.647170068270327,10.054797169672725,9.647170068270327,9.783045768737793,492525
1996-03-11,9.71511030661526,9.918923026627482,9.613203363494055,9.884955406188965,325125
1996-03-12,9.850989785786343,10.292585372924805,9.817020984178052,10.292585372924805,964800
1996-03-13,10.39448888320868,10.802116675723303,10.360520094870838,10.530364036560059,1027800
1996-03-14,10.564334264383126,10.598301887369324,10.360520362854004,10.360520362854004,426600
1996-03-15,10.292578403466164,10.39448590551666,10.224640846252441,10.224640846252441,402300
1996-03-18,10.394490269252232,10.700210571289062,10.394490269252232,10.700210571289062,1136925
1996-03-19,10.59830379486084,10.632273756421531,10.496398575100706,10.59830379486084,906525
1996-03-20,10.63227367401123,10.666242469078146,10.462428532446175,10.63227367401123,356850
1996-03-21,10.632270532093893,10.632270532093893,10.530363010777123,10.564332962036133,771075
1996-03-22,10.63227411164161,10.63227411164161,10.394491370155455,10.49639892578125,771300
1996-03-25,10.59830230145692,10.59830230145692,10.428458348738554,10.462427139282227,348975
1996-03-26,10.564334677143567,10.564334677143567,10.428458348738554,10.462427139282227,374175
1996-03-27,10.428456840597152,10.530363197490688,10.326550483703613,10.326550483703613,381375
1996-03-28,10.326550300603845,10.564332962036133,10.292580349344835,10.564332962036133,291375
1996-03-29,10.564330592177175,10.564330592177175,10.122734153403247,10.190672874450684,452700
1996-04-01,10.25860942364285,10.428453294037407,10.054795612939628,10.394484519958496,699750
1996-04-02,10.326555340763795,10.360524142372084,10.258617737547215,10.292585372924805,222750
1996-04-03,10.258617737547215,10.292585372924805,10.190680134330638,10.292585372924805,254925
1996-04-04,10.224647769708227,10.326555340763795,10.224647769708227,10.292585372924805,187200
1996-04-08,10.258607604674474,10.258607604674474,10.088762598165623,10.156700134277344,533250
1996-04-09,10.156700134277344,10.190670068562753,10.088762598165623,10.156700134277344,717750
1996-04-10,10.088765375994463,10.25861042926825,10.088765375994463,10.190672874450684,683550
1996-04-11,10.190670068562753,10.258607604674474,10.156700134277344,10.156700134277344,480600
1996-04-12,10.190670068562753,10.224637670389065,10.122731366221483,10.156700134277344,308025
1996-04-15,10.190672874450684,10.190672874450684,10.122734153403247,10.190672874450684,311850
1996-04-16,10.156702930812031,10.224640485629598,10.156702930812031,10.190672874450684,178425
1996-04-17,10.224646221599478,10.530366556015816,10.190678591364913,10.49639892578125,405900
1996-04-18,10.53036663269784,10.80211933885851,10.53036663269784,10.768149375915527,904500
1996-04-19,10.836077003904403,10.937984466552734,10.768139472958488,10.937984466552734,615150
1996-04-22,10.904016047707161,11.107831001281738,10.904016047707161,11.107831001281738,423000
1996-04-23,11.107833789216906,11.37958401891012,11.07386384427534,11.311646461486816,460350
1996-04-24,11.311651493167057,11.447526668454037,11.311651493167057,11.379589080810547,499050
1996-04-25,11.379586147641806,11.413556098937988,11.311648577509706,11.413556098937988,470700
1996-04-26,11.413553963851685,11.413553963851685,11.311646461486815,11.311646461486816,174375
1996-04-29,11.34561575529612,11.51545965656539,11.328631948284176,11.481492042541504,558450
1996-04-30,11.481492042541504,11.481492042541504,11.413554482033796,11.481492042541504,278775
1996-05-01,11.413555781880387,11.583399702492539,11.413555781880387,11.515460968017578,312300
1996-05-02,11.447518348693848,11.5494258223258,11.447518348693848,11.447518348693848,342225
1996-05-03,11.481492042541504,11.549429603049212,11.481492042541504,11.481492042541504,295875
1996-05-06,11.481492042541504,11.549429603049212,11.447522096057682,11.481492042541504,767700
1996-05-07,11.481492042541504,11.51545965656539,11.413554482033796,11.481492042541504,496350
1996-05-08,11.413555884179555,11.821181297302246,11.413555884179555,11.821181297302246,470475
1996-05-09,11.787212659799478,11.957056567246582,11.54943002314352,11.85515022277832,527175
1996-05-10,11.92308881681303,11.99102638566681,11.821181297302246,11.821181297302246,128475
1996-05-13,11.753242712080047,11.85515022277832,11.753242712080047,11.85515022277832,328725
1996-05-14,11.855155121101301,11.889123916625977,11.787217530051947,11.889123916625977,301725
1996-05-15,11.889120032386138,11.95705760123992,11.821181297302246,11.821181297302246,622575
1996-05-16,11.821180656071132,11.855150604885457,11.719275474548338,11.71927547454834,465300
1996-05-17,11.787217394024388,11.787217394024388,11.4814970715999,11.549434661865234,855675
1996-05-20,11.617371803793194,11.617371803793194,11.379589080810547,11.379589080810547,527850
1996-05-21,11.42870983064678,11.531057269020506,11.189900702794144,11.326363563537598,670500
1996-05-22,11.394592777062082,11.667517288213407,11.326361942090344,11.633401870727539,363825
1996-05-23,11.667523151293949,11.667523151293949,11.360483068365161,11.462830543518066,187200
1996-05-24,11.394594778336081,11.59928849046677,11.360479354858398,11.360479354858398,215325
1996-05-28,11.360475164957649,11.394590575853096,10.951087891683976,11.155782699584961,371700
1996-05-29,11.18989693921626,11.292244343166752,11.087550706529916,11.155782699584961,256725
1996-05-30,11.15578688111176,11.462826865522826,11.019324015115405,11.258131980895996,180900
1996-05-31,11.292249019340087,11.292249019340087,10.985209022870203,11.121670722961426,437850
1996-06-03,11.053437813992836,11.121668651329093,10.951090386724031,11.019322395324707,189675
1996-06-04,10.985209604824611,11.121671312145052,10.985209604824611,11.087555885314941,130725
1996-06-05,11.053442480666114,11.22402081728796,11.053442480666114,11.18990421295166,73800
1996-06-06,11.258131980895996,11.360479423209412,11.12167028616423,11.258131980895996,244800
1996-06-07,11.053435295634468,11.224013521375857,10.985204473843572,11.155782699584961,187875
1996-06-10,11.189899488665352,11.189899488665352,10.985206976656578,11.019322395324707,299925
1996-06-11,11.053442480666114,11.22402081728796,10.98521161452334,11.18990421295166,569700
1996-06-12,11.32636711650212,11.394597982644893,11.18990421295166,11.18990421295166,229500
1996-06-13,11.189901573007036,11.258132423052647,11.121670722961426,11.121670722961426,369000
1996-06-14,11.155782699584961,11.155782699584961,11.053435295634468,11.155782699584961,179550
1996-06-17,11.08755529793862,11.189901573007036,11.053439872915813,11.121670722961426,108450
1996-06-18,11.087553232660966,11.121668651329093,10.985206976656578,11.019322395324707,165600
1996-06-19,11.08755529793862,11.121670722961426,11.019324447893009,11.121670722961426,232425
1996-06-20,11.155782699584961,11.258127761007154,11.087550706529916,11.155782699584961,422325
1996-06-21,11.224017728477644,11.258131980895996,11.15578688111176,11.258131980895996,366975
1996-06-24,11.2581315475336,11.326363563537598,11.224017296428416,11.326363563537598,265725
1996-06-25,11.326371276416609,11.496948504422617,11.326371276416609,11.428717613220215,391725
1996-06-26,11.46282812598685,11.531058980855466,11.224018962681974,11.394596099853516,273375
1996-06-27,11.394598502994475,11.462830543518068,11.326367633735847,11.462830543518066,132525
1996-06-28,11.462828984083536,11.565174102783203,11.394596952842416,11.565174102783203,171900
1996-07-01,11.565169864491425,11.633401870727539,11.54811274138068,11.633401870727539,332325
1996-07-02,11.633407716664635,11.769870626446856,11.428713937623789,11.462830543518066,242325
1996-07-03,11.292252199106533,11.462830543518068,11.292252199106533,11.462830543518066,148725
1996-07-05,11.360479423209412,11.462826865522826,11.258131980895996,11.258131980895996,75825
1996-07-08,11.292249245194801,11.292249245194801,11.019324668288997,11.05344009399414,281475
1996-07-09,10.985210649885142,10.985210649885142,10.780516898166569,10.916979789733887,393075
1996-07-10,10.916982766190618,10.916982766190618,10.644056908644211,10.814635276794434,294525
1996-07-11,10.848749852331997,10.882864114044432,10.67817151618037,10.712286949157715,377100
1996-07-12,10.74640171099383,10.74640171099383,10.200552474916243,10.337014198303223,603900
1996-07-15,10.371129586437732,10.371129586437732,9.757049560546875,9.757049560546875,486000
1996-07-16,9.757046950953939,9.757046950953939,9.108851085942002,9.552353858947754,1746900
1996-07-17,9.6888175369133,10.02997237050609,9.484123816872387,9.637643814086914,659025
1996-07-18,9.927627862454244,9.995858716136164,9.79116439819336,9.79116439819336,440775
1996-07-19,9.791163956938645,9.927627415049582,9.586470819485369,9.893510818481445,626850
1996-07-22,9.688817024230957,9.722932447221792,9.654701601240122,9.688817024230957,225900
1996-07-23,9.722930947592747,9.859393204140934,9.552353858947754,9.552353858947754,615600
1996-07-24,9.552361030032262,9.65470736005201,9.450014114379883,9.450014114379883,318375
1996-07-25,9.518241621154997,9.55235763801303,9.245317585717707,9.347663879394531,629325
1996-07-26,9.415896060392582,9.450012082028023,9.279433730748341,9.381780624389648,610425
1996-07-29,9.347663419145604,9.620588026777387,9.347663419145604,9.484125137329102,452250
1996-07-30,9.552361030032262,9.552361030032262,9.450014114379883,9.450014114379883,290925
1996-07-31,9.450009124324893,9.620586836583946,9.450009124324893,9.518239974975586,245475
1996-08-01,9.415898085407335,9.450014114379883,9.313551755387586,9.450014114379883,734400
1996-08-02,9.825283890141447,9.96174564583114,9.722936987741623,9.927631378173828,1942425
1996-08-05,9.893512962254363,9.893512962254363,9.72293521314299,9.825282096862793,376425
1996-08-06,9.82527996787446,9.927627415049582,9.757049117267474,9.893510818481445,619200
1996-08-07,9.893510818481445,9.927627415049582,9.72293310633166,9.893510818481445,1198800
1996-08-08,9.893510818481445,9.927627415049582,9.791163956938645,9.893510818481445,367650
1996-08-09,9.791166078534559,9.893512962254363,9.688819780447204,9.825282096862793,253575
1996-08-12,9.825283890141447,10.029976523675986,9.825283890141447,9.927631378173828,415800
1996-08-13,9.893509651217496,10.029971336331334,9.859394229939035,9.961740493774414,299025
1996-08-14,9.961746097113831,10.09820903025062,9.961746097113831,10.064093589782715,549675
1996-08-15,10.064088236735564,10.234666519610371,10.029971643148968,10.098203659057617,499050
1996-08-16,10.098202077807775,10.234664916992188,10.098202077807775,10.234664916992188,185850
1996-08-19,10.234667262560937,10.302898112158028,10.166435241699219,10.166435241699219,441900
1996-08-20,10.147240022531832,10.284365539796287,10.147240022531832,10.215802192687988,386550
1996-08-21,10.250079589599594,10.318641735085833,10.215798516856474,10.284361839294434,374175
1996-08-22,10.284368203506512,10.558616955163133,10.284368203506512,10.524335861206055,435150
1996-08-23,10.4557736732919,10.558616955163133,10.4557736732919,10.524335861206055,750825
1996-08-26,10.455771191674819,10.73002105519226,10.455771191674819,10.695738792419434,460575
1996-08-27,10.62717732630543,10.661459591354223,10.42149079772616,10.592897415161133,312525
1996-08-28,10.661458883550942,10.76430214101292,10.592896711909624,10.695738792419434,321750
1996-08-29,10.627176620778114,10.73002105519226,10.558614449136796,10.695738792419434,409050
1996-08-30,10.627176620778114,10.76430214101292,10.592896711909624,10.695738792419434,425925
1996-09-03,10.627176620778114,10.73002105519226,10.524333363316137,10.695738792419434,360900
1996-09-04,10.695741123315516,10.969992223551984,10.558616750149707,10.935709953308105,585000
1996-09-05,10.832862025898025,10.832862025898025,10.59289447580921,10.627174377441406,418950
1996-09-06,10.76430175368131,10.93570717661693,10.695738407554938,10.901427268981934,797175
1996-09-09,10.96999011086208,11.072833370930045,10.93570784722056,11.038552284240723,316575
1996-09-10,11.107112233695013,11.17567439334578,10.969987914393476,11.072831153869629,374175
1996-09-11,11.004271507263184,11.038553775536197,10.901429410253574,11.004271507263184,317925
1996-09-12,11.004271507263184,11.107115958177511,10.901429410253574,11.004271507263184,325575
1996-09-13,11.072831540986538,11.244236946105957,11.072831540986538,11.244236946105957,305100
1996-09-16,11.244235113940324,11.31279726481639,11.175672963064255,11.209955215454102,377550
1996-09-17,11.209958746787139,11.415645264210191,11.209958746787139,11.34708309173584,712800
1996-09-18,11.278516832569114,11.415641127831778,11.278516832569114,11.381360054016113,133200
1996-09-19,11.347081227181832,11.484205549598245,11.312798969625739,11.44992446899414,153675
1996-09-20,11.518485069274904,11.552764964778877,11.41564067495614,11.518485069274902,543600
1996-09-23,11.44992673168608,11.655614432909928,11.44992673168608,11.621332168579102,238500
1996-09-24,11.587050476214326,11.724174804640796,11.587050476214326,11.68989372253418,614250
1996-09-25,11.689888892446083,12.066981816761734,11.655607824503893,11.895576477050781,633375
1996-09-26,11.89557914730195,11.89557914730195,11.689891516525677,11.724172592163086,330300
1996-09-27,11.621327109690247,11.621327109690247,11.484202819867509,11.518485069274902,237825
1996-09-30,11.518485069274904,11.587047214186272,11.41564067495614,11.518485069274902,400725
1996-10-01,11.44992446899414,11.484205549598245,11.415643388390038,11.44992446899414,247050
1996-10-02,11.484205549598245,11.518487807154338,11.415643388390038,11.44992446899414,412875
1996-10-03,11.415648698806763,11.51849316541302,11.107117652893066,11.107117652893066,245025
1996-10-04,10.832865564457153,10.832865564457153,10.387209043385948,10.455772399902344,1498050
1996-10-07,10.455769948816048,10.455769948816048,10.07867569570898,10.112957954406738,993150
1996-10-08,10.112958296227259,10.250082627845007,10.078676036370753,10.181520462036133,639900
1996-10-09,10.147238731384277,10.181519812100387,10.078675393000063,10.147238731384277,562050
1996-10-10,10.147241156056552,10.181522244964091,9.907272356751506,10.010115623474121,535950
1996-10-11,10.010113532217524,10.215801199643922,10.010113532217524,10.112957954406738,602775
1996-10-14,10.181520462036133,10.250082627845007,10.181520462036133,10.181520462036133,480600
1996-10-15,10.250081973532605,10.28436423120071,10.147238731384277,10.147238731384277,312075
1996-10-16,10.421490669250488,10.558615019946206,10.250084053928608,10.421490669250488,1755450
1996-10-17,10.4557736732919,10.592899226072658,10.4557736732919,10.524335861206055,483525
1996-10-18,10.627174377441406,10.69573653460964,10.558612220273174,10.627174377441406,379350
1996-10-21,10.592898069562558,10.730022430419922,10.592898069562558,10.730022430419922,184725
1996-10-22,10.69573653460964,10.730018790145676,10.59289447580921,10.627174377441406,136125
1996-10-23,10.558612220273174,10.627174377441406,10.455768984520825,10.627174377441406,200025
1996-10-24,10.627177195294065,10.627177195294065,10.421490669250488,10.421490669250488,361125
1996-10-25,10.421485093876807,10.421485093876807,10.215797500921475,10.31864070892334,464625
1996-10-28,10.250085830688477,10.352930288489656,10.215804737072228,10.250085830688477,711000
1996-10-29,10.28436504111515,10.387207114410506,10.28436504111515,10.352927207946777,330075
1996-10-30,10.421489374778405,10.45577045819422,10.318644947578877,10.352927207946777,177975
1996-10-31,10.352921421898742,10.42148355041232,10.21579598792016,10.387201309204102,495450
1996-11-01,10.455771756924417,10.490052844598347,10.28436631855477,10.421490669250488,245475
1996-11-04,10.455771137562325,10.490052223205566,10.352927880632599,10.490052223205566,375750
1996-11-05,10.592895968809563,10.592895968809563,10.250082780747249,10.352927207946777,287775
1996-11-06,10.215803594475718,10.49005348968439,10.215803594475718,10.455772399902344,369000
1996-11-07,10.42148355041232,10.490045678925897,10.352921421898742,10.387201309204102,285750
1996-11-08,10.42148355041232,10.42148355041232,10.352921421898742,10.387201309204102,128475
1996-11-11,10.387207114410506,10.421489374778405,10.318644947578877,10.352927207946777,431100
1996-11-12,10.28436510804923,10.627175944438497,10.28436510804923,10.558613777160645,825525
1996-11-13,10.62717290363726,10.7300173020788,10.59289300675909,10.661455154418945,83925
1996-11-14,10.764300214204633,11.038550028631397,10.730019134520283,10.969987869262695,495450
1996-11-15,11.038550028631397,11.038550028631397,10.901425709893994,10.969987869262695,570150
1996-11-18,10.969987869262695,11.038550028631397,10.832862373573334,10.969987869262695,176175
1996-11-19,10.881832017932757,11.088449478149414,10.881832017932757,11.088449478149414,159975
1996-11-20,11.22619094284148,11.432808352985575,11.191754904862806,11.295063018798828,284625
1996-11-21,11.363937377929688,11.363937377929688,11.157321108545554,11.363937377929688,397800
1996-11-22,11.363942250161738,11.604995850066011,11.363942250161738,11.432815551757812,376650
1996-11-25,11.398377157968516,11.536121368408203,11.398377157968516,11.536121368408203,273150
1996-11-26,11.570551123133502,11.673858031904622,11.295060515808842,11.398369789123535,1012500
1996-11-27,11.4328150485221,11.4328150485221,11.226197517374105,11.329506874084473,286650
1996-11-29,11.260628555428847,11.363935490692183,11.191755294799805,11.191755294799805,85275
1996-12-02,11.191752999903512,11.191752999903512,10.985135624927965,11.122880935668945,247725
1996-12-03,11.260635104520286,11.329507222932687,11.122889685422706,11.157325744628906,276750
1996-12-04,11.1917554387415,11.32950077949909,11.088447319877385,11.260628700256348,310500
1996-12-05,11.329502515304618,11.432810649996686,11.295065288134976,11.363937377929688,674775
1996-12-06,11.29506301879883,11.363935094756178,11.088446790926785,11.295063018798828,247500
1996-12-09,11.363932576504114,11.398369789123537,11.295060515808842,11.398369789123535,107100
1996-12-10,11.329507372772891,11.43281555175781,11.329507372772891,11.432815551757812,533925
1996-12-11,11.363941749957606,11.398378990376223,11.260634757792722,11.329506874084473,318825
1996-12-12,11.363942099866108,11.363942099866108,11.122889685422706,11.157325744628906,162450
1996-12-13,11.019577385501307,11.12288552447347,10.847395971608702,11.088449478149414,288450
1996-12-16,11.054013454249715,11.054013454249715,10.675215721130373,10.675215721130371,360225
1996-12-17,10.675216619123821,10.77852596031758,10.640781748422656,10.709653854370117,447525
1996-12-18,10.675215721130373,10.74408782128435,10.606343620976395,10.675215721130371,274050
1996-12-19,10.709653854370117,10.709653854370117,10.60634451317636,10.709653854370117,485325
1996-12-20,10.881830617128514,10.881830617128514,10.640778323890494,10.778522491455078,979650
1996-12-23,10.77851966600275,10.812955698866924,10.657992959842195,10.7440824508667,216675
1996-12-24,10.812963485717773,10.812963485717773,10.74409018811911,10.812963485717773,94275
1996-12-26,10.812959620042022,10.985139846801758,10.778523574690075,10.985139846801758,311175
1996-12-27,10.98514140282767,10.98514140282767,10.916269302368164,10.916269302368164,105975
1996-12-30,10.985141354095736,10.985141354095736,10.640780853325849,10.675215721130371,263025
1996-12-31,10.74408782128435,10.778525053633803,10.640780853325849,10.675215721130371,422100
1997-01-02,10.537466811665183,10.57190284635283,10.399722672914605,10.503030776977539,501975
1997-01-03,10.57190716910472,10.744087412945804,10.520252504816186,10.640780448913574,643500
1997-01-06,10.57190284635283,10.778520236750634,10.468594742289893,10.503030776977539,1267650
1997-01-07,10.468593631151087,10.468593631151087,10.29641229371629,10.43415641784668,1000125
1997-01-08,10.468597044850808,10.503033087112637,10.33085287580349,10.399724960327148,839475
1997-01-09,10.606340708221728,11.054010418554247,10.606340708221728,10.881830215454102,1175850
1997-01-10,10.778522093594013,10.881830215454102,10.709650012353956,10.881830215454102,663525
1997-01-13,10.950700617617894,11.088444744106347,10.950700617617894,11.054007530212402,262575
1997-01-14,11.157316807350574,11.2261888705948,11.01957268086212,11.054007530212402,262125
1997-01-15,10.985135863187805,10.985135863187805,10.7440824508667,10.7440824508667,546525
1997-01-16,11.157325744628906,11.501687518963688,11.157325744628906,11.157325744628906,1405800
1997-01-17,11.157325393313993,11.639432571566063,11.157325393313993,11.570560455322266,1336725
1997-01-20,11.57055546377616,11.708299636840819,11.57055546377616,11.70829963684082,438075
1997-01-21,11.708297155662876,11.880478517777911,11.673859937422286,11.777169227600098,601875
1997-01-22,11.74273860425355,11.949356097574125,11.536121110932973,11.67386531829834,753075
1997-01-23,11.536123608942942,11.880486566469102,11.536123608942942,11.604995727539062,700200
1997-01-24,11.60499091145356,11.673863001467678,11.501682776432384,11.63942813873291,235350
1997-01-27,11.570560455322266,11.639432571566063,11.501687156805726,11.570560455322266,558000
1997-01-28,11.570558603290676,11.67386557884789,11.432813210578438,11.536121368408203,416250
1997-01-29,11.570560972677164,11.639433092000445,11.43281555175781,11.432815551757812,516825
1997-01-30,11.501687549644883,11.604995727539062,11.501687549644883,11.604995727539062,107775
1997-01-31,11.63942728662197,11.949352851268447,11.63942728662197,11.880480766296387,371700
1997-02-03,11.914916081740532,12.087097483021381,11.639427731326775,11.742735862731934,336150
1997-02-04,11.74273860425355,11.74273860425355,11.604993214615655,11.67386531829834,155925
1997-02-05,11.742735680106984,11.84604380990548,11.63942755030849,11.70829963684082,260100
1997-02-06,11.67386531829834,11.949356097574125,11.639430448729524,11.67386531829834,467550
1997-02-07,11.742738046210045,11.983790397644043,11.742738046210045,11.983790397644043,268875
1997-02-10,12.05266284942627,12.121534945088003,12.018226801595404,12.05266284942627,443925
1997-02-11,12.121532581139673,12.22484070448506,12.052660498909415,12.19040584564209,372825
1997-02-12,12.121532581139673,12.22484070448506,11.966569804985513,12.19040584564209,329625
1997-02-13,12.224847294944967,12.259284536897496,12.087103056226026,12.121539115905762,395325
1997-02-14,12.12153357581009,12.224841707632752,12.12153357581009,12.155969619750977,225000
1997-02-18,12.142131392441257,12.21131706237793,12.107538557472921,12.21131706237793,638775
1997-02-19,12.142137304134122,12.211323007755524,12.107544452323422,12.176730155944824,584775
1997-02-20,12.176730155944824,12.211323007755524,12.142137304134122,12.176730155944824,326925
1997-02-21,12.176724227409593,12.21131706237793,12.142131392441257,12.21131706237793,379800
1997-02-24,12.142135698759512,12.28050708770752,12.142135698759512,12.28050708770752,196200
1997-02-25,12.280501488159826,12.280501488159826,11.899979154404116,11.93457317352295,263700
1997-02-26,12.003759721226208,12.315096415002621,11.830794363503653,12.107538223266602,400275
1997-02-27,12.107538969275014,12.17672464156483,12.038352109329889,12.142131805419922,240975
1997-02-28,12.107538223266602,12.280502393333922,12.107538223266602,12.107538223266602,397125
1997-03-03,11.969166029944311,12.315096754938203,11.969166029944311,12.21131706237793,230175
1997-03-04,12.211321393233517,12.384286817074214,12.211321393233517,12.28050708770752,265950
1997-03-05,12.315094029288273,12.453465338536454,12.280500014321223,12.349685668945312,674550
1997-03-06,12.349688502758163,12.349688502758163,12.245911184663841,12.315096855163574,936225
1997-03-07,12.349685668945314,12.418872511224409,12.315094029288273,12.349685668945312,518625
1997-03-10,12.280509763244384,12.453475224768816,12.245918096126633,12.418882369995117,103500
1997-03-11,12.349692556468273,12.799401937641413,12.349692556468273,12.695623397827148,592875
1997-03-12,12.764805157726629,12.764805157726629,12.522654118453401,12.591839790344238,354150
1997-03-13,12.522657305819905,12.626437027726302,12.384285926818846,12.384285926818848,272475
1997-03-14,12.384282651550894,12.557248017213714,12.384282651550894,12.453468322753906,376875
1997-03-17,12.48806178912143,12.695620000869424,12.418876114423881,12.626434326171875,152775
1997-03-18,12.626440686293247,12.626440686293247,12.245918096126633,12.418882369995117,326250
1997-03-19,12.34969189441298,12.48806446106964,12.28050620491245,12.384285926818848,361125
1997-03-20,12.384279683912363,12.453465338536454,12.280500014321223,12.349685668945312,178650
1997-03-21,12.418872511224409,12.453465338536454,12.349685668945314,12.349685668945312,235575
1997-03-24,12.38427846933709,12.52264976501465,12.280498809924033,12.522649765014648,259200
1997-03-25,12.488058165848498,12.591836647784634,12.349685668945314,12.349685668945312,229050
1997-03-26,12.41887525984321,12.41887525984321,12.21131706237793,12.21131706237793,146925
1997-03-27,12.072948905401155,12.142134593577852,12.038354873657228,12.038354873657227,367650
1997-03-31,12.003760659325819,12.038352308387402,11.796202451369027,11.830795288085938,476775
1997-04-01,11.692422866821289,11.761608533897757,11.554050345013136,11.692422866821289,523800
1997-04-02,11.657832145690918,11.76161186333848,11.519460772368243,11.657832145690918,488250
1997-04-03,11.588639867057758,11.588639867057758,11.277303266523937,11.311897277832031,438075
1997-04-04,11.311900858224599,12.072945594787596,11.208121166762187,12.072945594787598,796950
1997-04-07,12.072945594787596,12.280502602401912,12.072945594787596,12.072945594787598,654525
1997-04-08,12.107538223266602,12.211316725306993,12.038351367584438,12.107538223266602,492525
1997-04-09,12.176724098594754,12.176724098594754,11.969165903325184,12.072945594787598,594450
1997-04-10,12.07295000428551,12.349692782181524,12.07295000428551,12.28050708770752,290475
1997-04-11,12.315101122600211,12.384286817074214,12.28050708770752,12.28050708770752,520875
1997-04-14,12.280513786533797,13.006967537746949,12.280513786533797,12.90318775177002,755325
1997-04-15,12.868583777807936,13.14532644224427,12.730211257934569,12.73021125793457,1531800
1997-04-16,12.730213764006852,13.2837003894942,12.730213764006852,13.179923057556152,802575
1997-04-17,13.17991776699044,13.629625692366538,13.076138101399835,13.145323753356934,820350
1997-04-18,13.145328103832274,13.283699453540773,13.076142428978024,13.214513778686523,664200
1997-04-21,13.214514709765211,13.2837003894942,13.041550510442738,13.179923057556152,322875
1997-04-22,13.179924625573074,13.560447097008746,13.076144905977472,13.387481689453125,569250
1997-04-23,13.456659840584127,13.62962515126504,13.422067015978927,13.491253852844238,987075
1997-04-24,13.525852203369139,13.664224758126252,13.422073678042931,13.52585220336914,580725
1997-04-25,13.456667377413142,13.595038753333178,13.283701969857523,13.387481689453125,680625
1997-04-28,13.318298339843748,13.352891189897372,13.214518602027093,13.31829833984375,665775
1997-04-29,13.352888845473117,13.422074533433134,13.249110313533091,13.387481689453125,661050
1997-04-30,13.422071994380303,13.80259558148792,13.38747915694422,13.768001556396484,393525
1997-05-01,13.837189363566537,13.940969079522494,13.664225149732498,13.733410835266113,477000
1997-05-02,13.802590151759796,14.044739918554358,13.767996140277116,14.010147094726562,385425
1997-05-05,14.11392748375397,14.321484437454359,14.044740644865561,14.217704772949219,1000800
1997-05-06,14.217708148315307,14.356080671287614,14.079336812998225,14.252302169799805,309825
1997-05-07,14.321483696831597,14.598227475108837,13.975554270898767,14.010147094726562,466200
1997-05-08,13.940964837419683,14.286894347480239,13.906370817523973,14.079336166381836,381825
1997-05-09,14.079336166381836,14.113930186277548,13.975557669660223,14.079336166381836,241650
1997-05-12,14.148519121715756,14.494449753192963,14.096630477118131,14.217704772949219,318375
1997-05-13,14.217704037693329,14.217704037693329,13.975554270898767,14.010147094726562,463725
1997-05-14,14.148522277295376,14.390673298274978,14.010150943967151,14.286894798278809,776700
1997-05-15,14.356084608770256,14.425271483060099,14.252306078818824,14.390677452087402,1016550
1997-05-16,14.390673298274978,14.45985896493909,14.183116298282641,14.286894798278809,708525
1997-05-19,14.252302169799805,14.286895003629075,14.183116502141264,14.252302169799805,425700
1997-05-20,14.2036788516222,14.342590803797728,14.134223471677018,14.273134231567383,313875
1997-05-21,14.37732471274568,14.412052417739892,14.238413892768824,14.342597007751465,603675
1997-05-22,14.412048450560887,14.516231536865234,14.273136476536406,14.516231536865234,372375
1997-05-23,14.516239041362736,14.759334227365109,14.44678361458662,14.72460651397705,252900
1997-05-27,14.655143382692032,14.828781858347021,14.550960297299039,14.620415687561035,247275
1997-05-28,14.55096042458537,14.655143510889715,14.44677614599567,14.516231536865234,980100
1997-05-29,14.65515020088526,14.898244179899802,14.620422489597466,14.828788757324219,298800
1997-05-30,14.68987107782303,14.724598772954028,14.620415687561035,14.620415687561035,485775
1997-06-02,14.585693797643975,14.655150413513182,14.481511854554945,14.655150413513184,258300
1997-06-03,14.655152368609622,14.82879095073242,14.655152368609622,14.7593355178833,199575
1997-06-04,14.689877912173051,14.863517660897905,14.620422489597466,14.828788757324219,255600
1997-06-05,14.79405689239502,15.106607373328922,14.79405689239502,14.79405689239502,315450
1997-06-06,14.79406132937942,15.523344413902,14.79406132937942,15.488617897033691,310050
1997-06-09,15.523338786593644,15.662250765139522,15.28024491063779,15.592795372009277,703350
1997-06-10,15.558078270000319,15.905356664422463,15.558078270000319,15.731718063354492,435600
1997-06-11,15.801162359175178,15.940073142055368,15.696978079729673,15.835888862609863,1278000
1997-06-12,15.870617750615274,16.11371281294097,15.801162359175178,15.835888862609863,2616525
1997-06-13,15.835888862609863,15.99216408949276,15.76643347116977,15.835888862609863,753975
1997-06-16,15.835891800095313,15.870620694542772,15.558070182800291,15.558070182800293,462375
1997-06-17,15.592800114257455,15.801167549304498,15.488616992876812,15.584117889404297,657675
1997-06-18,15.558077234168016,15.94008332337039,15.419166362562105,15.696988105773926,1100250
1997-06-19,15.905346269462719,16.07898475704903,15.766434287108247,15.94007396697998,996075
1997-06-20,15.835893736194274,16.044262359211885,15.696982910563502,15.870622634887695,740925
1997-06-23,15.870620694542772,15.90534839670465,15.523341288352832,15.558070182800293,616950
1997-06-24,15.558067538266771,15.801162604364617,15.558067538266771,15.766433715820312,711900
1997-06-25,15.83588968214277,16.113713646851718,15.627523497039197,15.94007396697998,645525
1997-06-26,16.02689557820396,16.096350980914675,15.592797522833646,16.044260025024414,645975
1997-06-27,16.044261677365444,16.513087482373805,16.044261677365444,16.426267623901367,393300
1997-06-30,16.426266138067092,17.08609366437318,16.356810734485983,16.860363006591797,639000
1997-07-01,16.565178335809815,16.669362642212903,16.35681210757498,16.391538619995117,780075
1997-07-02,16.408901010000882,16.808271352445303,16.408901010000882,16.79090690612793,308700
1997-07-03,16.77354788945766,16.77354788945766,16.40890632161243,16.443634033203125,581400
1997-07-07,16.40889704531055,16.669356523426266,16.40889704531055,16.582536697387695,503100
1997-07-08,16.582541758901698,16.756180271693555,16.513086353784956,16.599905014038086,697950
1997-07-09,16.530447551210766,16.738814932909012,16.426264456504367,16.478355407714844,247500
1997-07-10,16.547814269891287,17.520194793277476,16.547814269891287,17.294464111328125,1055475
1997-07-11,17.502833704450502,17.78065659414022,17.433378280099557,17.537561416625977,651825
1997-07-14,17.572288462803048,17.607017365948202,17.416013167793363,17.55492401123047,446400
1997-07-15,17.52019384716637,17.780652220559357,17.52019384716637,17.607013702392578,422775
1997-07-16,17.607013925765294,17.954290966504608,17.572285029405712,17.832744598388672,268200
1997-07-17,17.832745340863227,17.97165616294257,17.815380891960462,17.919565200805664,364050
1997-07-18,17.902198493816535,17.902198493816535,17.43337274000535,17.659103393554688,392850
1997-07-21,17.65910299441489,17.65910299441489,17.277097098229444,17.311824798583984,544500
1997-07-22,17.363919469022967,17.450739328670934,17.17291530088316,17.277099609375,732825
1997-07-23,17.277099002890914,17.277099002890914,16.773544311523438,16.773544311523438,890550
1997-07-24,16.84299582525201,16.947178906335598,16.756175994873047,16.756175994873047,419850
1997-07-25,16.68672564720879,16.895093064592377,16.63463349479148,16.773544311523438,665775
1997-07-28,16.75618639738058,17.103464742207088,16.75618639738058,16.981918334960938,420975
1997-07-29,16.912456613886718,17.676469696021208,16.912456613886718,17.641740798950195,444375
1997-07-30,17.57229232788086,17.711203201871825,17.363926016894418,17.57229232788086,279675
1997-07-31,18.12792359328666,18.214743415678036,17.798008745113506,17.884828567504883,760275
1997-08-01,17.850097150240636,17.954280199987714,17.32917951693538,17.520183563232422,263700
1997-08-04,17.520200997590514,17.971662521362305,17.363925671317798,17.971662521362305,520425
1997-08-05,17.97166021722708,18.44048613593735,17.867475884878594,18.336301803588867,476100
1997-08-06,17.98901130787121,18.26683280833973,17.78064399023474,18.12792205810547,1183500
1997-08-07,18.1800167919683,18.753026737126266,18.1452902894388,18.544660568237305,891675
1997-08-08,18.475209309639553,18.475209309639553,17.919564840217493,18.266841888427734,356625
1997-08-11,18.336291786260194,18.50993145045566,18.284200840829804,18.40574836730957,532350
1997-08-12,18.52729687581068,18.544661320064737,18.12792658082113,18.1973819732666,371700
1997-08-13,18.162652675044644,18.232109253649224,17.85010224432249,17.936922073364258,1094175
1997-08-14,17.93692458217223,18.058472121374308,17.798012597818953,17.902196884155273,821025
1997-08-15,17.83273776546642,17.83273776546642,17.068724991727702,17.103452682495117,364725
1997-08-18,17.22501395061731,17.57229232788086,17.19028623211957,17.57229232788086,1181250
1997-08-19,17.669861843751885,18.05323134413905,17.565305655252484,17.94867515563965,1201050
1997-08-20,17.96611605917558,18.17522621154785,17.86155978644699,18.17522621154785,973800
1997-08-21,18.24491489779114,18.24491489779114,17.896398257931438,17.94867515563965,558225
1997-08-22,17.77442260188695,18.210071563720703,17.7395721207906,18.210071563720703,445050
1997-08-25,18.227502305804876,18.471465319449397,18.088094356632727,18.29720687866211,631575
1997-08-26,18.366912312702784,18.366912312702784,18.000967751237624,18.17522621154785,440100
1997-08-27,18.105516342447885,18.15779446008737,17.89640626497399,18.000961303710938,341100
1997-08-28,17.93125904079948,18.17522202558882,17.722148936587626,18.053241729736328,442125
1997-08-29,17.93126106262207,18.17522407491923,17.896410571199404,17.93126106262207,166050
1997-09-02,17.93126317057108,18.244929595671945,17.93126317057108,18.17522621154785,540225
1997-09-03,18.244928802930954,18.66315148258866,18.19265186538054,18.401762008666992,1005075
1997-09-04,18.454037970125512,18.454037970125512,18.122945175556385,18.15779685974121,637650
1997-09-05,18.22750220912213,18.506316909445214,18.192650521149535,18.262353897094727,724725
1997-09-08,18.21879050608707,18.454040301460857,18.088094579934076,18.37562370300293,411450
1997-09-09,18.34948358414885,18.427900180662306,18.166510727922578,18.21879005432129,548250
1997-09-10,18.114231513044988,18.323341613047706,17.722148579862196,17.774425506591797,307500
1997-09-11,17.774422445521484,18.009672164916992,17.35620231754096,18.009672164916992,462600
1997-09-12,18.009674940299426,18.166508110731886,17.957398014516695,17.983537673950195,484500
1997-09-15,17.878985442055935,18.323345393651863,17.878985442055935,18.06195831298828,396300
1997-09-16,18.088085712791905,18.819974403974292,18.088085712791905,18.532447814941406,576600
1997-09-17,18.532445326322556,18.7938322292219,18.454028776836118,18.636999130249023,276750
1997-09-18,18.74156565029129,20.414453758472373,18.74156565029129,19.368898391723633,870900
1997-09-19,19.395033482354343,19.49958731922737,19.08136718556739,19.133644104003906,528150
1997-09-22,19.13364776553801,19.26434128318159,18.872258337166468,18.924537658691406,337350
1997-09-23,19.029095732349692,19.13365200548447,18.715429306030273,18.715429306030273,176550
1997-09-24,18.715426272498977,19.368898685773214,18.715426272498977,18.819982528686523,299850
1997-09-25,18.872250466728882,18.976806673090508,18.401751127726637,18.42789077758789,279900
1997-09-26,18.323344723222203,18.81998398724724,18.323344723222203,18.663150787353516,285750
1997-09-29,18.558591900516248,19.13364768322603,18.506314972300586,19.05523109436035,284850
1997-09-30,19.002955378743597,19.21206549803416,18.793842866368504,18.819982528686523,191700
1997-10-01,18.924536707656955,19.3950362192306,18.872257388759262,19.238203048706055,266700
1997-10-02,19.133641630778694,19.57800136276071,19.133641630778694,19.395030975341797,210750
1997-10-03,19.63028783168194,19.917814540476936,19.212065206365548,19.368898391723633,529050
1997-10-06,19.264335106518434,19.91780727138438,19.264335106518434,19.395030975341797,282600
1997-10-07,19.656416684351555,20.93722128074319,19.55186286760199,20.440582275390625,1009650
1997-10-08,20.28376282769735,20.754262499420367,19.943959104620777,20.597429275512695,371100
1997-10-09,20.49286645320452,20.75425345035993,20.179200142150798,20.623559951782227,280950
1997-10-10,20.28376016749364,21.015649247437633,20.28376016749364,20.98950958251953,268500
1997-10-13,20.989510243129267,21.303176659679565,20.989510243129267,21.224760055541992,229050
1997-10-14,21.30316330901555,21.30316330901555,20.93722018340455,20.963359832763672,219450
1997-10-15,20.911089495932316,20.963368817055965,20.78039597929194,20.93722915649414,362250
1997-10-16,20.832669778095152,21.407725472486657,20.179199899965365,20.545143127441406,450750
1997-10-17,19.760974058659745,20.074640313559104,19.65641784266542,19.943946838378906,818850
1997-10-20,19.996230264990942,20.57128605069855,19.49959106855781,20.519006729125977,448200
1997-10-21,20.51900768684637,21.329313278198242,20.51900768684637,21.329313278198242,552450
1997-10-22,21.329313278198242,21.433869533139145,21.17248009232914,21.329313278198242,332550
1997-10-23,21.120199075311966,21.120199075311966,20.309893640728504,20.623559951782227,402300
1997-10-24,20.858810311541394,20.858810311541394,20.074644510355625,20.362171173095703,350700
1997-10-27,20.362175174568094,20.362175174568094,18.14037322998047,18.14037322998047,394050
1997-10-28,16.728875357331482,17.983540949304224,16.650458757833185,17.46076202392578,2306250
1997-10-29,17.486902113084668,18.76770740037772,17.486902113084668,18.114234924316406,1168950
1997-10-30,18.218787831365223,18.454037592201715,17.931258750508853,18.27106475830078,1040850
1997-10-31,18.2972078143294,18.40176168760604,17.382345868107834,17.617595672607422,1510500
1997-11-03,17.53917688057618,17.56531654217304,16.990260738633268,17.199373245239258,1667850
1997-11-04,17.303928024885554,17.51304054260254,16.91184504552195,17.51304054260254,2189550
1997-11-05,17.983537673950195,18.297204014815115,17.826704503517735,17.983537673950195,910200
1997-11-06,18.08809558520376,18.297208121436388,17.66987529890811,18.06195831298828,647550
1997-11-07,17.565317475489486,17.826706926093422,17.460761216630996,17.51304054260254,291000
1997-11-10,17.72214747311776,18.192646963554516,17.72214747311776,17.87898063659668,1060200
1997-11-11,17.61759596830755,18.114235250504038,17.61759596830755,18.06195831298828,837450
1997-11-12,17.957393603017007,18.454032651741148,17.826700124124834,18.08808708190918,1333650
1997-11-13,18.401760746592164,18.7154271365516,18.14037368368239,18.29720687866211,1108200
1997-11-14,18.34947702361316,19.31661549919049,18.34947702361316,19.290475845336914,940200
1997-11-17,19.368898391723633,19.52573157708172,18.819982242970333,19.368898391723633,850350
1997-11-18,19.300713020775017,19.300713020775017,18.67134197010692,18.75001335144043,991800
1997-11-19,18.85491954375783,19.379397370870365,18.828697333005348,19.30072593688965,343950
1997-11-20,19.35316456628823,20.03498257185975,19.35316456628823,19.877639770507812,228150
1997-11-21,19.90386311738182,20.087430507684022,19.326938748475236,19.484281539916992,286950
1997-11-24,19.458062025498947,19.798969853399147,19.03848039016701,19.222047805786133,392550
1997-11-25,19.45806768020181,19.641632748305923,18.697575595102517,18.776247024536133,1066050
1997-11-26,18.854910524555848,18.854910524555848,18.33043534918641,18.435331344604492,546450
1997-11-28,18.46154334538155,18.88112469443312,18.46154334538155,18.671335220336914,484950
1997-12-01,18.77623601296954,19.43183167405429,18.75001381911101,19.24826431274414,451350
1997-12-02,19.510507259389485,19.772746060474596,19.484282659022792,19.72029685974121,415050
1997-12-03,19.82518756718574,20.192319869995117,19.589173429481146,20.192319869995117,523350
1997-12-04,20.192319720107044,21.24127223573882,20.192319720107044,20.53322982788086,562950
1997-12-05,20.42834465628296,21.162612045509647,20.16610818937867,20.2710018157959,331800
1997-12-08,20.218548001205544,20.244772599159273,19.615401455152874,19.851415634155273,474300
1997-12-09,19.641618690102515,19.667843281431015,19.22203963400517,19.61539649963379,463500
1997-12-10,19.510501284645752,19.510501284645752,19.300711748538337,19.40560531616211,444150
1997-12-11,19.300714216087485,19.300714216087485,18.88113268937031,18.98602867126465,203100
1997-12-12,19.03848001887276,19.19582282894609,18.514004785581914,18.618898391723633,339900
1997-12-15,18.881131520042942,19.090921069978965,18.723788757375917,18.75001335144043,243000
1997-12-16,19.03847532188499,19.431832250023113,18.828685760498047,18.828685760498047,246900
1997-12-17,18.933580698871726,19.09092348141321,18.671344328542805,18.723791122436523,236400
1997-12-18,18.82869507183886,18.933588703975225,18.199323675575293,18.22554588317871,361200
1997-12-19,17.56994539984459,18.986030486973128,16.993021045542456,18.854909896850586,744300
1997-12-22,18.854911340347464,19.30071753951755,18.566450341542563,18.881135940551758,340350
1997-12-23,18.986035388329313,19.248271834551463,18.72379654124614,19.064706802368164,231900
1997-12-24,19.11714892217629,19.431834501142156,19.06470212596879,19.16959571838379,177000
1997-12-26,19.169588733860763,19.248260099937976,18.907352447509766,18.907352447509766,49200
1997-12-29,19.012255787689767,19.274494609879824,18.56645195074138,19.222047805786133,240600
1997-12-30,19.30071479348512,19.720293931894194,19.30071479348512,19.64162254333496,554250
1997-12-31,19.746517207237353,19.746517207237353,19.19581752416699,19.24826431274414,296850
1998-01-02,19.35316310640069,19.641624086832586,19.11714892217629,19.16959571838379,285600
1998-01-05,19.274481465993837,19.274481465993837,18.854900116787856,19.038467407226562,512850
1998-01-06,19.117141723632812,19.248259865209352,18.907352216938442,19.117141723632812,333600
1998-01-07,19.1696001459309,19.615406419672752,19.117153337609913,19.431838989257812,537150
1998-01-08,19.667846950020376,20.139875276820867,19.589175562220294,19.982532501220703,685050
1998-01-09,19.877640872310263,19.903865474276067,18.566451588652775,18.618898391723633,916200
1998-01-12,18.25176590900032,19.40561237882262,18.25176590900032,19.274494171142578,399150
1998-01-13,19.510508685472953,19.798969707148665,19.3269412712098,19.746522903442383,571650
1998-01-14,19.85141746071407,19.85141746071407,19.61540325999565,19.72029685974121,342300
1998-01-15,19.720295408433888,20.53323395136743,19.51050582352154,20.323444366455078,314550
1998-01-16,20.611900265371446,20.63812485734428,20.00875385687492,20.087425231933594,328500
1998-01-20,18.041977209068783,18.146870820173838,17.412605938994997,17.701066970825195,3175950
1998-01-21,17.832179535398797,18.46155060607005,17.51749400006317,18.356657028198242,1971900
1998-01-22,18.43532633499391,18.566444492991135,18.120640835112706,18.199312210083008,878100
1998-01-23,18.173080882620305,18.48776626586914,18.06818495458438,18.48776626586914,634950
1998-01-26,18.46155196215038,18.54022335176304,18.19931559734837,18.25176239013672,579600
1998-01-27,18.35666559917295,18.514008440306256,18.068202123187735,18.304216384887695,779250
1998-01-28,18.304209182925064,18.46155196215038,18.25176239013672,18.25176239013672,740700
1998-01-29,18.146874458645765,18.487784765242314,18.06820303411282,18.22554588317871,465600
1998-01-30,18.225535014055943,18.61889190213528,18.173088229265336,18.33043098449707,492900
1998-02-02,18.43533103428324,18.828688009404075,18.43533103428324,18.64512062072754,563100
1998-02-03,18.19931559734837,18.645119338200008,18.146866403699747,18.25176239013672,611400
1998-02-04,18.25175222843251,18.750004885529485,18.094409536808094,18.48776626586914,578250
1998-02-05,18.671341551136553,19.090920641593573,18.671341551136553,18.802459716796875,523050
1998-02-06,18.881124701381715,19.038467407226562,18.80245334845929,19.038467407226562,659850
1998-02-09,18.93358153415939,19.222044915451722,18.907359336485857,19.16959571838379,281700
1998-02-10,19.16958831756301,19.48427377503797,18.88112744849747,18.95979881286621,368550
1998-02-11,18.907352488337683,19.1958133642905,18.80245653305504,18.933574676513672,204450
1998-02-12,18.828683179063177,19.248262244312276,18.540219870737115,19.090919494628906,254850
1998-02-13,18.986027069409303,19.012249262025385,18.77623512332082,18.802459716796875,396000
1998-02-17,18.681423300714368,19.049791015749975,18.681423300714368,18.99716567993164,496650
1998-02-18,18.944546569594667,19.12873046421806,18.891923632098123,19.07610511779785,606600
1998-02-19,18.970857620239258,19.07610348623073,18.839296674364732,18.970857620239258,600750
1998-02-20,19.049790252702916,19.155036102277556,18.891919069417874,19.102413177490234,724500
1998-02-23,19.076097575744917,19.260281397548166,18.865603500057425,19.23396873474121,319350
1998-02-24,19.2076663402348,19.260289278458206,18.73405266945304,18.81298828125,508650
1998-02-25,18.91823610509798,19.57603374075944,18.812990217817386,19.52341079711914,285450
1998-02-26,19.576027710290663,19.68127597407308,19.391843850902237,19.549715042114258,159150
1998-02-27,19.654969063212995,19.654969063212995,19.33922658830194,19.6286563873291,363000
1998-03-02,19.76021736227769,19.812840305133417,19.628656391752493,19.707592010498047,576000
1998-03-03,19.57603343555485,19.681281730118492,19.312913903607704,19.47078514099121,280200
1998-03-04,19.41816222005325,19.970711551518182,19.31291392537101,19.865463256835938,471000
1998-03-05,19.786515297233986,19.839140616214728,19.444462768471215,19.654956817626953,407100
1998-03-06,19.733906593075474,19.94440079376023,19.65497096670317,19.786529541015625,465300
1998-03-09,19.681282846431714,19.681282846431714,19.102420806884766,19.260292053222656,420150
1998-03-10,19.365541139646112,19.891777845820076,19.26029283484166,19.786529541015625,788850
1998-03-11,19.733902858740187,20.365387750219874,19.654967247305226,20.26013946533203,402900
1998-03-12,20.260145434996208,20.83900755905589,20.233835162714673,20.62851333618164,542100
1998-03-13,20.62851301079742,21.47049229793784,20.575887649215645,20.812694549560547,755550
1998-03-16,20.70744297369343,21.259992256520743,20.44432346461062,20.97056007385254,445050
1998-03-17,20.891626345370614,21.07581025922487,20.65481948852539,20.65481948852539,338250
1998-03-18,20.681126329039593,20.681126329039593,20.10226448377654,20.33907127380371,266850
1998-03-19,20.28644329199697,20.996863485101922,20.28644329199697,20.94424057006836,321150
1998-03-20,21.154738264632105,21.417857702738694,21.023179750040335,21.12842559814453,555150
1998-03-23,21.075800889143952,21.365230560302734,20.996865305289482,21.365230560302734,522000
1998-03-24,21.47048495669357,21.891475660779722,21.365236678441146,21.81254005432129,485100
1998-03-25,21.89147452456538,22.128281331649895,21.60204237662425,21.707290649414062,471750
1998-03-26,21.654658148302712,22.023023326901622,21.575722580822777,21.628345489501953,442500
1998-03-27,21.654668494600642,22.02303384919937,21.36523633627268,21.60204315185547,292350
1998-03-30,21.49679651275785,21.89147452456538,21.470483842329546,21.707290649414062,92100
1998-03-31,21.81252928326258,22.15458180306073,21.523097263221256,21.628345489501953,422700
1998-04-01,21.36523464409768,21.36523464409768,20.891621050443373,21.25998878479004,313650
1998-04-02,21.260000086985556,22.04935649604536,21.07581612189674,21.8914852142334,388800
1998-04-03,21.786235024648597,21.83885797777199,21.65467643737793,21.65467643737793,195750
1998-04-06,21.786225308098167,21.891473576329116,21.181053185847656,21.25998878479004,458700
1998-04-07,21.154736604855778,21.154736604855778,20.681123098776915,21.023178100585938,246150
1998-04-08,20.917945861816406,21.049504466777456,20.628515967332213,20.917945861816406,323250
1998-04-09,21.023185421023324,21.128431297517487,20.91793713560546,20.97056007385254,221100
1998-04-13,21.02318277498179,21.52310664771639,20.838998900913392,21.23367691040039,330300
1998-04-14,21.417861588252393,21.52310745544973,20.917935287832833,21.207365036010742,281400
1998-04-15,21.259990726175563,21.54942047908622,21.20736538279288,21.417861938476562,236400
1998-04-16,21.312612196978403,21.312612196978403,19.707587512503107,20.128578186035156,1530900
1998-04-17,20.233826479117624,20.339072340924986,20.128578208386898,20.2075138092041,690900
1998-04-20,20.312763920831877,20.312763920831877,19.68127905706429,19.812837600708008,399300
1998-04-21,19.786526825606124,19.891775115966798,19.576032653808593,19.733903884887695,859800
1998-04-22,19.786522907446987,19.891771176966227,19.207663447399504,19.41815757751465,567150
1998-04-23,19.339224901896404,19.365537575485796,18.65511706888552,18.891923904418945,863700
1998-04-24,18.91823216041463,18.944544831210237,18.207811729244245,18.497243881225586,717900
1998-04-27,18.207808689114934,18.365679869682182,18.049937508547686,18.31305694580078,707700
1998-04-28,18.286748846596,18.313061519569935,17.89207079660527,18.049942016601562,784050
1998-04-29,18.102566562802682,18.234125104012968,17.68157585843682,18.07625389099121,880350
1998-04-30,18.207804371615314,18.94453717587344,18.155181460212045,18.73404312133789,485100
1998-05-01,18.760368405412745,18.997175309866442,18.260444324182313,18.365690231323242,702450
1998-05-04,18.444625866141145,18.62880981702438,18.260444324182313,18.365690231323242,706800
1998-05-05,18.4709312300239,18.70773804066523,18.339372693753198,18.57617950439453,549150
1998-05-06,18.83929222333984,19.102411644000085,18.207807540893555,18.207807540893555,899550
1998-05-07,18.5235538482666,18.734050393434188,18.44461824605961,18.5235538482666,639300
1998-05-08,18.523554941772634,18.707738827436398,18.444619334905813,18.470932006835938,313800
1998-05-11,18.365679869682182,18.497240792770253,18.26043402191938,18.31305694580078,426750
1998-05-12,18.36568563258959,18.576182212012302,18.36568563258959,18.549869537353516,477000
1998-05-13,18.49724358681321,18.628802120850395,18.418307984606216,18.5235538482666,457650
1998-05-14,18.523564409242773,18.865619683466036,18.418318485577753,18.786684036254883,261000
1998-05-15,18.94454183457773,19.155035940876463,18.523551213057203,18.707735061645508,355500
1998-05-18,18.707737723057388,18.707737723057388,18.47093091643641,18.5235538482666,232800
1998-05-19,18.53411939426734,18.798138994778892,18.48131644103073,18.560522079467773,284550
1998-05-20,18.639723984233076,18.692526926892867,18.37570443660655,18.61332130432129,201450
1998-05-21,18.534114738066986,18.771731593683228,18.37570350098949,18.481311798095703,164550
1998-05-22,18.58691606299293,18.639721415539526,18.085282133944364,18.375701904296875,346650
1998-05-26,18.37570556640625,18.37570556640625,17.794863492781296,17.821266174316406,353400
1998-05-27,17.50444221496582,17.689256136078857,17.319628293852784,17.50444221496582,641700
1998-05-28,17.583649844229555,17.74206110408748,17.39883590200731,17.557247161865234,209850
1998-05-29,17.689256356111578,17.74205929830194,17.319628509287785,17.346031188964844,485250
1998-06-01,17.372433868641902,17.53084511237674,17.319628509287785,17.346031188964844,532650
1998-06-02,17.451633617795466,17.530839213009116,17.24041708578377,17.293222427368164,381000
1998-06-03,17.266820734197445,17.451634605880827,17.266820734197445,17.42523193359375,404550
1998-06-04,17.346031188964844,17.557245374890044,17.319628509287785,17.346031188964844,717600
1998-06-05,17.478043182981718,17.715660095214844,17.451642915287522,17.715660095214844,212250
1998-06-08,17.82126501427532,18.058881881132326,17.82126501427532,17.847667694091797,205650
1998-06-09,17.95328177398572,18.11169309086549,17.794870457105947,18.08529281616211,269250
1998-06-10,18.11169676477393,18.11169676477393,17.636462717734684,17.689268112182617,456750
1998-06-11,17.79486904632341,17.900477388258885,16.870803910173198,16.923606872558594,291750
1998-06-12,17.029218811255237,17.214032844385937,16.342770486600784,16.47477912902832,612900
1998-06-15,16.369152473385505,16.369152473385505,15.70910758163739,15.893918991088867,1111050
1998-06-16,15.999536533347511,16.052339478561354,15.76191965413938,15.867527961730957,803550
1998-06-17,16.10514209726382,16.844392872974275,16.078739420572916,16.6331787109375,414900
1998-06-18,16.73878730549831,16.817992919850568,16.263553619384766,16.263553619384766,1401900
1998-06-19,16.44837326274049,16.44837326274049,16.07874768490112,16.210756301879883,533700
1998-06-22,16.157954361638414,16.421974029478314,16.052346011069478,16.07874870300293,212700
1998-06-23,16.23715451355694,16.44836872589812,16.157948881783494,16.421968460083008,707700
1998-06-24,16.421964182417085,16.474767117457024,15.97313077450562,16.025936126708984,526500
1998-06-25,15.946733588133668,16.052339478561354,15.603508401333958,15.867527961730957,286950
1998-06-26,15.973146210431949,16.105157301348136,15.973146210431949,15.99954891204834,571050
1998-06-29,15.973128007049773,16.131539201887172,15.946727752685547,15.946727752685547,225300
1998-06-30,15.946735139861122,16.18435204219102,15.946735139861122,16.105146408081055,424350
1998-07-01,16.15794532786058,16.369159493745425,15.973131421984137,16.263553619384766,254700
1998-07-02,16.07874870300293,16.184357053571865,15.973140352433996,16.07874870300293,389550
1998-07-06,15.99954891204834,16.131557585798763,15.841137536681524,15.99954891204834,290550
1998-07-07,15.999540631388454,15.999540631388454,14.996269912369426,15.154681205749512,771150
1998-07-08,14.204216193224966,15.339495737288416,14.204216193224966,15.207487106323242,2530500
1998-07-09,15.207483019520986,15.26028597428399,14.67944622039795,14.67944622039795,1118400
1998-07-10,14.785055160522461,14.837860543273692,14.653046537974031,14.785055160522461,777900
1998-07-13,14.890656686598254,14.890656686598254,14.600236883183712,14.732245445251465,663750
1998-07-14,15.154680197334525,15.181080466364818,14.573838021202818,14.600240707397461,820950
1998-07-15,14.705846383440075,14.785052023597139,14.072201262183565,14.257015228271484,899700
1998-07-16,14.309821123649774,14.336223814849923,13.72898125456499,14.125009536743164,1218450
1998-07-17,14.151409526559538,14.441831872433854,13.992998216869825,14.28342056274414,534750
1998-07-20,14.336223526919126,14.732251801143411,14.17781221722941,14.28342056274414,483900
1998-07-21,14.098593852736734,14.177799436179075,13.808174185835677,13.94018268585205,1627650
1998-07-22,13.83458356241364,13.940191882395604,13.253743845423273,13.544163703918457,3254550
1998-07-23,13.491369016607383,13.834592036751697,13.491369016607383,13.755386352539062,1504500
1998-07-24,13.808181835818033,14.151404609444745,13.808181835818033,13.992993354797363,829050
1998-07-27,13.887384721653612,13.940187657057685,13.728973498277957,13.913784980773926,584700
1998-07-28,13.544159122019508,14.257009602125796,13.544159122019508,14.177803993225098,934350
1998-07-29,14.098610818555397,14.362630553463656,13.887396480928082,14.045807838439941,509850
1998-07-30,13.940189238517515,14.732245445251465,13.940189238517515,14.732245445251465,671100
1998-07-31,14.626631697100686,14.679437035989574,14.362614671307517,14.494623184204102,446550
1998-08-03,14.415426005487857,14.732248555059018,14.415426005487857,14.573837280273438,1048950
1998-08-04,14.600231969627304,14.73224048726896,14.151398658752443,14.151398658752441,745650
1998-08-05,14.25700692316351,14.758643157662453,13.887381623469128,14.151398658752441,965100
1998-08-06,14.151406776823281,14.494632020181056,14.045800868993418,14.336220741271973,525000
1998-08-07,14.362622083757522,14.54743361376013,13.940191240446868,14.072199821472168,856650
1998-08-10,14.177802615083023,14.38901674589953,13.517755132682138,13.702569007873535,772950
1998-08-11,13.30654334986259,13.728974103198459,13.253740412131938,13.438551902770996,498450
1998-08-12,13.59696205066505,13.728973010227543,13.200934006304289,13.253739356994629,993300
1998-08-13,13.200940791465664,13.491363118046849,13.174540519714355,13.174540519714355,779850
1998-08-14,13.253743783310645,13.306546734472084,12.831312922526651,12.857715606689453,875400
1998-08-17,12.75210321513433,13.253739551057432,12.725700539402569,13.095328330993652,517050
1998-08-18,13.31818574688469,13.503895869759633,13.291654688366773,13.450836181640625,390900
1998-08-19,13.583476615557224,13.901839367710245,12.973282150235613,13.0794038772583,511800
1998-08-20,12.946758070451402,13.105939532091854,12.575335469595792,12.707985877990723,875700
1998-08-21,12.6283933574439,12.78757479652477,12.230439759741717,12.522274017333984,503250
1998-08-24,12.628401810081579,12.681463944568907,12.310038718828114,12.336569786071777,481500
1998-08-25,12.416154922193781,12.57533639555524,12.310033130313968,12.495745658874512,991200
1998-08-26,12.60187496847386,12.893707034091756,12.230449689776929,12.310040473937988,1381800
1998-08-27,12.283502556965686,12.7875755234317,12.256971505972055,12.416152954101562,553950
1998-08-28,12.416160655471513,12.840645590084113,12.416160655471513,12.654932975769043,651150
1998-08-31,12.654934681608575,12.814116249930695,12.203921047668558,12.310040473937988,1015200
1998-09-01,12.310035990439673,12.734520827667623,12.23044523526675,12.575339317321777,647550
1998-09-02,12.6283910814119,12.787572491803292,12.442681055232319,12.469209671020508,418350
1998-09-03,12.416160655471513,12.7079926817515,12.230448041156441,12.654932975769043,595050
1998-09-04,12.60187496847386,12.654934681608575,12.256980760803273,12.310040473937988,529200
1998-09-08,12.416153004824407,12.734515902384008,12.363093331536524,12.62839412689209,1111500
1998-09-09,12.628395147170496,12.840638715301997,12.522275792021091,12.707985877990723,687450
1998-09-10,12.628398763833694,12.628398763833694,12.230444995762074,12.389626502990723,561600
1998-09-11,12.150852844537566,12.707988055755264,11.991671355618223,12.681459426879883,758850
1998-09-14,12.78758517890435,12.84064732095704,12.31004047393799,12.310040473937988,741300
1998-09-15,12.310031920629996,12.36309402581385,11.965140381516369,12.17738151550293,918750
1998-09-16,11.991670370508572,11.991670370508572,11.354944467137912,11.673307418823242,1254450
1998-09-17,11.67330255780537,11.67330255780537,11.275349033915237,11.593711853027344,598650
1998-09-18,11.593717684030958,11.67330842883876,11.461067252323545,11.540657997131348,461100
1998-09-21,11.461065586163734,11.832488198298751,11.354943798875263,11.646778106689453,308250
1998-09-22,11.59372169275134,12.097797393798826,11.59372169275134,12.097797393798828,414450
1998-09-23,12.31003222388959,12.707985877990723,12.230441493069362,12.707985877990723,728250
1998-09-24,12.522284184312799,12.562079576393328,12.230449689776929,12.310040473937988,533850
1998-09-25,12.33656223003681,12.522274729159948,12.203911832900934,12.416152954101562,262500
1998-09-28,12.522279901322484,12.893702624063877,12.442689144383818,12.840642929077148,1059600
1998-09-29,12.840638715301997,12.840638715301997,12.548804416350269,12.707985877990723,426450
1998-09-30,12.628401080947167,12.840644748806776,12.52228167593485,12.601872444152832,794400
1998-10-01,12.495750429616686,12.734522730819553,11.912083994814973,12.124327659606934,552600
1998-10-02,12.097792519501432,12.336564740281066,12.018201779241554,12.15085220336914,334650
1998-10-05,12.097793883766936,12.469216570559407,11.938612385296318,12.363097190856934,379500
1998-10-06,12.283509193742178,12.389628597220707,12.097796594278575,12.124327659606934,387150
1998-10-07,11.885555358404067,12.150856296017839,11.726373824268823,12.124327659606934,584850
1998-10-08,11.620248440588112,12.310034068061745,11.461066955100604,12.2835054397583,1101450
1998-10-09,12.177377894941477,12.575331420919957,12.018196484550085,12.469209671020508,238200
1998-10-12,12.575339482154375,12.920233568730138,12.575339482154375,12.893702507019043,285600
1998-10-13,12.78757674119516,13.185530399416134,12.734517063071154,12.867167472839355,343800
1998-10-14,12.92022957987973,13.238592506456511,12.761048116591342,12.867167472839355,1325550
1998-10-15,12.973290997429748,14.22021181740066,12.628396971090263,13.981439590454102,889200
1998-10-16,14.034501704608912,14.114092446924431,13.530426193638387,13.981439590454102,828750
1998-10-19,13.98144183639133,14.697758632298008,13.95491320396914,14.618167877197266,502350
1998-10-20,14.618169280789063,14.989594459533691,14.458987755303458,14.989594459533691,580500
1998-10-21,14.883479262897348,14.936538985389422,14.45899419620555,14.830419540405273,384000
1998-10-22,14.8834656951248,14.8834656951248,14.167149164343392,14.803874969482422,360000
1998-10-23,14.750817749852239,14.777346376869858,14.432454794308065,14.458983421325684,418350
1998-10-26,14.565106438029504,15.22836346069346,14.432456005063433,14.856938362121582,397350
1998-10-27,14.85694818719211,15.14878273319452,14.671237944010649,14.830419540405273,615450
1998-10-28,15.069173442736458,15.334474158549265,14.750810640628755,14.883460998535156,647400
1998-10-29,14.910006392624556,15.17530736379063,14.803884546807472,14.963066101074219,359700
1998-10-30,15.04264355433503,15.361006380881802,15.04264355433503,15.175293922424316,373650
1998-11-02,15.493663677449552,15.812026646362328,15.25489145076497,15.334482192993164,389700
1998-11-03,15.387538986454144,15.865083274700144,15.361007938579638,15.599780082702637,372600
1998-11-04,15.705909499504466,15.812028884887695,15.387546485520708,15.812028884887695,628200
1998-11-05,15.652854250835434,16.263051914844542,15.546734818856713,15.626325607299805,540750
1998-11-06,15.467135586675294,15.732436450708528,15.414073470735225,15.705907821655273,619050
1998-11-09,15.918152494580335,15.918152494580335,15.122244869851318,15.201835632324219,530550
1998-11-10,15.175297546174793,15.175297546174793,14.538571741035764,14.803874969482422,486150
1998-11-11,14.856931592590682,14.856931592590682,14.167146254982887,14.512040138244629,714000
1998-11-12,14.485516843973237,14.803879851533088,14.485516843973237,14.75082015991211,356400
1998-11-13,14.856938362121584,14.989591224004451,14.644697183592507,14.856938362121582,240750
1998-11-16,14.963051699062083,15.122233100115935,14.750810640628755,14.883460998535156,434850
1998-11-17,14.94741199845853,14.94741199845853,14.707613945007324,14.707613945007324,341100
1998-11-18,14.707611875192232,14.787544548426972,14.574391566251531,14.601034164428711,267600
1998-11-19,14.601035768646321,15.000699178731091,14.601035768646321,14.94741153717041,172500
1998-11-20,15.160574298847935,15.42701755681576,14.894133480233547,15.053998947143555,412350
1998-11-23,15.000701078002635,15.506942274656938,14.654327704975323,15.427009582519531,628200
1998-11-24,15.533587462169553,15.586875110969999,15.293789383539245,15.373722076416016,325350
1998-11-25,15.506939733271073,15.613517451771639,15.3737194146592,15.400362014770508,152250
1998-11-27,15.373722076416014,15.533587462169553,15.373722076416014,15.373722076416016,31650
1998-11-30,15.293792852657166,15.45365827467326,14.78755153648862,14.814196586608887,827850
1998-12-01,14.601033962860647,14.7342567093138,14.414526020788738,14.57439136505127,377100
1998-12-02,14.228019884372426,14.334597625462685,12.9490967486985,13.855001449584961,1034250
1998-12-03,13.854994215507261,14.094792178240938,13.801704153110208,13.988214492797852,792300
1998-12-04,13.881643291459469,14.17473145349145,13.881643291459469,14.041508674621582,543300
1998-12-07,13.375405298660482,13.615203387046712,13.348760253500135,13.535270690917969,1242450
1998-12-08,13.561911568039877,13.6418442539799,13.162248138339763,13.242180824279785,777750
1998-12-09,13.48197984497234,13.721777919918601,13.402047153323588,13.561912536621094,579150
1998-12-10,13.002379263795847,13.375399990597243,12.895804004153732,13.135601997375488,856200
1998-12-11,13.162248890324125,13.481979652351045,13.029028552596953,13.375404357910156,696600
1998-12-14,13.21553822186777,13.428691237923834,13.162248138339763,13.242180824279785,457500
1998-12-15,13.135601997375488,13.268822291603797,13.055669332968236,13.135601997375488,830100
1998-12-16,13.242180313389785,13.242180313389785,12.815874297724756,12.842516899108887,636300
1998-12-17,12.815879074162881,13.348763012024294,12.815879074162881,13.268830299377441,349050
1998-12-18,12.949095587732453,13.268826342985106,12.949095587732453,13.162248611450195,465300
1998-12-21,13.055674874748167,13.641846369647697,13.029029828851874,13.188895225524902,402150
1998-12-22,13.21554419140605,13.402052249944887,13.108966415560221,13.295476913452148,324750
1998-12-23,13.268828826543142,13.641847297705961,13.21554117047775,13.508626937866211,289500
1998-12-24,13.402047153323588,13.828355655234326,13.402047153323588,13.561912536621094,174900
1998-12-28,13.561917814921667,13.588562868958897,13.055678863686056,13.481985092163086,370950
1998-12-29,13.588566907919558,13.88165283203125,13.322123606411033,13.88165283203125,170850
1998-12-30,13.801711091987215,13.855001181176117,13.508625358857234,13.641845703125,193800
1998-12-31,13.748429058070819,13.98822723931624,13.535275932303747,13.96158218383789,260700
1999-01-04,13.961576916847553,14.680971189193077,13.961576916847553,14.201375007629395,505200
1999-01-05,14.307948672990188,14.49445905912589,14.014863014221193,14.014863014221191,256950
1999-01-06,14.121444798303981,14.920771908384447,14.041512087295935,14.814196586608887,491550
1999-01-07,14.281310643552152,14.601041497059684,14.281310643552152,14.46782112121582,550050
1999-01-08,14.494477104040836,14.787563127687593,14.17474600938813,14.654342651367188,2587950
1999-01-11,14.654323278377971,14.654323278377971,14.068149566650392,14.06814956665039,284100
1999-01-12,14.068162777564588,14.09480783836728,13.641854001490175,13.775076866149902,395400
1999-01-13,13.428693872076613,13.855002427164788,13.21554081420876,13.695137023925781,444450
1999-01-14,13.641846369647697,13.66849141554399,13.162250179628609,13.188895225524902,419850
1999-01-15,13.428691245392104,13.535268973155402,13.26882587342315,13.402046203613281,367350
1999-01-19,13.74842373414385,13.855001475432942,13.535270690917969,13.535270690917969,337050
1999-01-20,13.561914593931604,13.98822316051235,13.3487615303175,13.508626937866211,234150
1999-01-21,13.428700583329785,13.535278385204265,12.842526332050669,13.002391815185547,359100
1999-01-22,13.10896407501607,13.10896407501607,12.62936782836914,12.62936782836914,303300
1999-01-25,12.576077186388382,13.34875903179827,12.576077186388382,13.162248611450195,358200
1999-01-26,13.055669564515847,13.135602230340739,12.602716165273888,12.789226531982422,462300
1999-01-27,12.842526332050669,13.082324556752987,12.842526332050669,13.002391815185547,392700
1999-01-28,13.002389048198495,13.18889955194985,13.002389048198495,13.108966827392578,494850
1999-01-29,13.215544606586663,13.481985395542125,13.002389048198495,13.108966827392578,736050
1999-02-01,13.322114450392071,14.334596836653564,13.295471846099826,14.041508674621582,848100
1999-02-02,13.934929266446986,14.228014902635055,13.69513126246999,14.06814956665039,823650
1999-02-03,13.988222609991315,14.068155310619836,13.828357208734271,13.908289909362793,503700
1999-02-04,13.64185127551066,13.98822723931624,13.615208659385555,13.96158218383789,1021500
1999-02-05,14.174735759299306,14.254668475161234,14.041512939960828,14.121445655822754,533400
1999-02-08,14.094795332263676,14.62767900002159,14.068150295102733,14.57439136505127,513450
1999-02-09,15.506945649782816,15.879964147828407,15.053994442202262,15.34708023071289,1192950
1999-02-10,15.29379257080715,15.613523408947001,15.213859861272187,15.34708023071289,990900
1999-02-11,15.293788153034717,15.453653525925839,15.267143111102195,15.320430755615234,763350
1999-02-12,15.160567715087602,15.720096606286734,15.160567715087602,15.56023120880127,724500
1999-02-16,15.45365209369668,15.746737770383513,15.267141696158635,15.400362014770508,668400
1999-02-17,15.347078812684064,15.453656562000754,15.267146110534668,15.267146110534668,567150
1999-02-18,15.160567751201139,15.480298546933694,15.107280098363175,15.240500450134277,292200
1999-02-19,15.187210424656634,15.506941170438878,15.187210424656634,15.320430755615234,323700
1999-02-22,15.28616696580203,16.437312695058978,15.28616696580203,16.30345916748047,733650
1999-02-23,16.330230712890625,17.026272481635797,16.276687341562837,16.330230712890625,570900
1999-02-24,16.33023099432085,16.65148142403899,16.169605779461783,16.276687622070312,619650
1999-02-25,16.062519342797334,16.116060256958008,15.687728041780709,16.116060256958008,349500
1999-02-26,16.14282849340728,16.16960017024548,15.634181339153931,15.901890754699707,261900
1999-03-01,15.634183070411874,15.794808247337151,15.60741384155479,15.714495658874512,631200
1999-03-02,15.687732841867883,15.714502081666023,15.607420220580071,15.660961151123047,507600
1999-03-03,15.66096296015474,15.687734653992031,15.42002506846005,15.580650329589844,351450
1999-03-04,15.634179021594322,15.821575829791817,15.580638126800064,15.768034934997559,315750
1999-03-05,15.875129593610065,16.16961088105961,15.875129593610065,16.089298248291016,433500
1999-03-08,16.0892930331656,16.33023085337467,16.0892930331656,16.30345916748047,364800
1999-03-09,16.062521551435633,16.249918453184474,15.74127112040692,15.928668022155762,443250
1999-03-10,15.84835748928117,15.901898417813493,15.741273181269923,15.794814109802246,424200
1999-03-11,15.848355814468768,16.008981034037888,15.714499830863604,15.955437660217285,457650
1999-03-12,15.95544553659894,15.95544553659894,15.446800390835707,15.607425689697266,531450
1999-03-15,15.687739519074174,16.062531094291735,15.660967816934441,15.84836483001709,387900
1999-03-16,15.6877322527376,15.928670107552955,15.500335326454566,15.794814109802246,235500
1999-03-17,16.06252195691215,16.19637548957097,15.741271517773905,15.955437660217285,176250
1999-03-18,15.84835875976318,16.062524942007684,15.687733510343104,16.03575325012207,288300
1999-03-19,16.142830855724252,16.59793472290039,15.9554339923243,16.59793472290039,584100
1999-03-22,16.437322669509296,16.437322669509296,15.63419611479471,15.84836483001709,277650
1999-03-23,15.768042207493789,15.901895731687548,15.31293581353187,15.42002010345459,339150
1999-03-24,15.312933921813963,15.794809490517332,15.286164690849922,15.312933921813965,412650
1999-03-25,15.31293229967664,15.687726002929237,15.31293229967664,15.473557472229004,194250
1999-03-26,15.366478560242616,15.366478560242616,14.6436651472321,14.911372184753418,517350
1999-03-29,15.018460550223928,15.473564598399978,14.964919618364027,15.366482734680176,360750
1999-03-30,15.25938994884409,15.25938994884409,14.509805064199774,14.884598731994629,489450
1999-03-31,14.964913217396719,14.964913217396719,14.509806912937293,14.670432090759277,525450
1999-04-01,14.670432090759277,14.723975450663742,14.563350272841758,14.670432090759277,228300
1999-04-05,14.670436346512865,15.098771095275879,14.563354497531924,15.098771095275879,286800
1999-04-06,14.991687144385791,15.152312372543303,14.563354836596737,14.804292678833008,377400
1999-04-07,14.831057157145773,15.232620098683526,14.750744568838224,15.152307510375977,376350
1999-04-08,15.205853894217192,16.330230354153592,15.205853894217192,15.982208251953125,1234200
1999-04-09,15.901895647671953,16.035749171158514,15.794811358315,15.982208251953125,409650
1999-04-12,15.875129687972889,16.22315191568782,15.741276116211942,16.16961097717285,241500
1999-04-13,16.70502687726573,17.133361716742037,16.544401618830484,17.053049087524414,1825200
1999-04-14,17.053044709415797,18.09710862119745,17.02627302290083,17.82939910888672,1192950
1999-04-15,18.204194213581278,19.623052224927978,18.123881588446437,19.194717407226562,1183200
1999-04-16,19.70335836270816,20.131690588433855,19.355336284728278,19.8907527923584,1499550
1999-04-19,20.667100071308624,21.657620033731508,20.078140467286588,20.26553726196289,3123150
1999-04-20,20.238771769719524,20.26554344883066,18.95377038751511,19.248249053955078,1209000
1999-04-21,19.248260014233292,19.248260014233292,18.739614978110218,18.846696853637695,714900
1999-04-22,18.793153600949598,20.131696487738694,18.739612669780985,19.971071243286133,873600
1999-04-23,19.86398051689178,20.104918276055106,19.141167239401796,19.248249053955078,673650
1999-04-26,19.54273642929347,19.99784041424187,19.435652129504145,19.676589965820312,449100
1999-04-27,19.756901728302807,20.66711211000347,19.756901728302807,20.506486892700195,1044450
1999-04-28,20.613561792716496,20.9348121191014,20.479708307037942,20.80095863342285,963750
1999-04-29,20.800963464735457,21.28283906623512,19.917524861986074,20.131690979003906,963600
1999-04-30,20.18523585454125,20.77419333307882,19.70336021703984,20.104923248291016,1314900
1999-05-03,20.07814983953965,21.17575454711914,19.94429632425806,21.17575454711914,896400
1999-05-04,21.095442445356905,21.63086142100469,21.068673212236774,21.604089736938477,1615350
1999-05-05,21.49700724908114,21.523778935385852,20.82773714997985,21.41669464111328,498150
1999-05-06,21.309612797786997,21.41669464111328,21.14898758185128,21.41669464111328,456000
1999-05-07,21.416700263328508,21.523784585712374,21.06868050473808,21.336387634277344,1184700
1999-05-10,21.33638309272808,21.33638309272808,20.640341272756057,20.961591720581055,612000
1999-05-11,21.015138626098633,21.068682016606253,20.774200721655664,21.015138626098633,413700
1999-05-12,20.961589673622687,21.202527485963177,20.720651861282196,20.988361358642578,275700
1999-05-13,21.04191003551326,21.09545097434646,20.560034233173262,20.774200439453125,249300
1999-05-14,20.61356873693817,20.61356873693817,20.238777380212632,20.506486892700195,209400
1999-05-17,20.292319028452972,20.319090715943595,19.301798453603123,19.70336151123047,504900
1999-05-18,19.803320071398417,19.85706206662448,18.674772612186384,19.10469627380371,396300
1999-05-19,19.29278920817139,19.53462081749371,18.916605064755547,19.427139282226562,361200
1999-05-20,19.42714145978292,19.722712639849732,19.292791370668663,19.34653091430664,366450
1999-05-21,19.024072246391235,19.373385127424704,18.91659079221867,19.185293197631836,321750
1999-05-24,19.131570008840853,19.64210181626981,19.131570008840853,19.373401641845703,556800
1999-05-25,19.346530640387858,19.373401641845703,19.239049094595064,19.373401641845703,754800
1999-05-26,19.40026375678794,19.480874274420078,18.486679530315588,18.9703426361084,561300
1999-05-27,18.862858177851972,18.862858177851972,17.734311107382197,18.003013610839844,508050
1999-05-28,18.003017143162253,18.91660140610281,18.003017143162253,18.782251358032227,356100
1999-06-01,18.621039488376713,18.889742176908886,18.432947360400288,18.862871170043945,364350
1999-06-02,18.970338698091577,19.964533235813096,18.970338698091577,19.695833206176758,1138800
1999-06-03,19.695838680188988,19.803317737899988,19.668967685742267,19.77644920349121,286200
1999-06-04,19.77644143767006,20.179493895910365,19.77644143767006,19.96453094482422,346650
1999-06-07,19.93767231346968,20.475075037754976,19.93767231346968,20.448204040527344,882300
1999-06-08,20.475073630228554,20.475073630228554,20.206371056538337,20.2869815826416,495450
1999-06-09,20.39446450611027,20.52881457217205,20.36759350888264,20.448204040527344,283050
1999-06-10,20.286976582853413,20.636289596557617,20.152626559138298,20.636289596557617,425250
1999-06-11,20.636299397827813,20.663170399348264,20.072025586168458,20.501949310302734,375900
1999-06-14,20.55568913237843,20.55568913237843,20.313857495526918,20.528818130493164,219150
1999-06-15,20.475072348768574,20.663164384583535,20.475072348768574,20.58255386352539,256050
1999-06-16,20.55568146893359,20.636291984498033,20.15262889111136,20.47507095336914,247950
1999-06-17,20.367599992064093,20.66317367553711,20.286989434760358,20.66317367553711,631800
1999-06-18,20.690031508195094,20.716902500062478,20.26011039854319,20.47507095336914,442800
1999-06-21,20.52881507890784,20.52881507890784,20.20637294436982,20.233243942260742,405750
1999-06-22,20.17950277169711,20.340723825904973,19.937671190385313,20.206371307373047,673800
1999-06-23,20.260114682469208,20.313854217529297,20.072022619701567,20.313854217529297,305250
1999-06-24,20.475072200151644,20.55568272062468,20.098890591290083,20.12575912475586,453750
1999-06-25,20.179495115768397,20.260105612289394,20.12575314472965,20.152624130249023,322650
1999-06-28,20.179507085195198,20.179507085195198,19.373401641845703,19.373401641845703,717750
1999-06-29,19.373401641845703,19.454012186180652,19.131570008840853,19.373401641845703,577500
1999-06-30,19.42714039224093,19.66897201538086,19.346529851194287,19.66897201538086,651600
1999-07-01,19.66897201538086,19.66897201538086,19.50775093328757,19.66897201538086,269250
1999-07-02,19.66897201538086,19.66897201538086,19.346529851194287,19.66897201538086,188700
1999-07-06,19.615228920908397,19.695839447350437,19.29278681514025,19.58835792541504,406500
1999-07-07,19.615232474695926,19.66897201538086,19.454011392602638,19.66897201538086,257550
1999-07-08,19.66896444311477,20.475069543242423,19.561482943085238,20.36758804321289,415500
1999-07-09,20.260109215031232,20.260109215031232,19.454004106476113,19.642093658447266,299550
1999-07-12,19.56149014706305,19.695842686587824,19.024087369079275,19.131568908691406,374250
1999-07-13,19.104690059114894,19.29278206114397,19.05095054140834,19.21217155456543,117450
1999-07-14,19.02409060915081,19.29279327392578,18.8628695022936,19.29279327392578,275550
1999-07-15,19.292782121106345,19.346521638979922,19.292782121106345,19.319650650024414,226500
1999-07-16,19.239034862143175,19.5346082794075,19.05094537119689,19.158424377441406,232200
1999-07-19,19.158436068342564,19.29278859818824,19.024085998535156,19.024085998535156,172650
1999-07-20,19.050953153740537,19.13156367137267,18.943471643551764,18.9703426361084,249150
1999-07-21,18.88972440179335,19.158424377441406,18.835982438634332,19.158424377441406,173100
1999-07-22,19.10469790877876,19.239047988265096,19.050958368991918,19.131568908691406,187800
1999-07-23,19.13156779159549,19.29278886158074,18.809125651624996,18.9434757232666,161100
1999-07-26,18.970332749323195,19.53460607866531,18.889722273702894,19.185293197631836,393750
1999-07-27,19.077824001129652,19.561487165609318,19.077824001129652,19.454008102416992,271800
1999-07-28,19.400262359526035,19.61522536442133,19.29278331711598,19.56148338317871,380550
1999-07-29,19.561490512609293,20.69003808949134,19.561490512609293,20.179506301879883,747300
1999-07-30,20.2869815826416,20.501944625608985,20.2601130472992,20.2869815826416,492750
1999-08-02,20.313852830190978,20.421334353008906,20.206371307373047,20.206371307373047,529200
1999-08-03,20.233243039607643,20.233243039607643,19.77645085607012,19.8570613861084,496500
1999-08-04,19.749579636707445,20.31385334061337,19.749579636707445,20.045150756835938,901950
1999-08-05,20.04514957870884,20.233241622301996,19.642096956750635,19.74957847595215,477600
1999-08-06,19.749575159600468,19.83018567045598,19.56148314759175,19.642093658447266,241350
1999-08-09,19.64209389500505,19.883925430484062,19.56148338317871,19.56148338317871,341700
1999-08-10,19.5077520052592,19.5077520052592,19.10469927787781,19.34653091430664,354450
1999-08-11,19.34653091430664,19.534623007097498,19.239049366992067,19.34653091430664,284850
1999-08-12,19.454007373195452,19.9645390543172,19.42713637838558,19.74957847595215,252300
1999-08-13,19.749578978299112,19.991410557625226,19.56148692992168,19.58835792541504,125400
1999-08-16,19.64210101501915,19.695843015742568,19.50775093328757,19.66897201538086,130950
1999-08-17,19.77644139796336,19.910791397094727,19.642088938795023,19.910791397094727,114600
1999-08-18,19.803325423623033,19.803325423623033,19.02409088262454,19.26592254638672,228750
1999-08-19,19.158442405401978,19.319663526513462,18.862871170043945,18.862871170043945,793050
1999-08-20,18.963208161520985,19.34085300366224,18.85530857679206,19.044132232666016,406650
1999-08-23,18.93623623282191,19.556653405851588,18.93623623282191,19.36783218383789,541950
1999-08-24,19.394792687235167,19.394792687235167,18.61252784729004,19.259920120239258,578850
1999-08-25,19.340856561466595,19.610604338106434,19.286907993981472,19.529680252075195,663000
1999-08-26,19.52967257939381,19.52967257939381,19.01715274601546,19.179000854492188,329250
1999-08-27,19.232957043117707,19.367832166845883,18.90926069754149,18.990184783935547,168600
1999-08-30,19.098086778796336,19.098086778796336,18.720441818237305,18.720441818237305,178050
1999-08-31,18.747401490688738,19.017149109773946,18.693452954713965,18.88227653503418,228000
1999-09-01,18.828343515775973,19.0711158639863,18.774394928265245,18.963218688964844,335400
1999-09-02,18.8553121298145,19.044135821269666,18.66648843835933,18.990184783935547,438900
1999-09-03,19.15203464073956,19.502706535817005,19.15203464073956,19.31388282775879,366450
1999-09-07,19.34084994914168,19.34084994914168,18.882281108277652,19.09807777404785,318900
1999-09-08,19.017160302602605,19.394805215905812,18.990184783935547,18.990184783935547,412950
1999-09-09,18.99017723806729,19.23294940078238,18.882280145486902,19.179000854492188,382350
1999-09-10,19.313881033590935,19.421780638116175,19.259932466131872,19.340856552124023,317850
1999-09-13,19.34085266619797,19.502700805664062,19.017156387265786,19.502700805664062,250350
1999-09-14,19.4217794240714,19.58362758593866,19.367830859984632,19.556652069091797,278100
1999-09-15,19.66455763502548,19.880354426473396,19.5296849490715,19.61060905456543,283350
1999-09-16,19.610598426556457,20.28496396046013,19.610598426556457,20.01521873474121,628050
1999-09-17,20.06916728596372,20.23101540923762,19.85337061146731,20.01521873474121,464850
1999-09-20,20.042192518370925,20.31194022369385,19.853371347290697,20.231016159057617,344400
1999-09-21,20.123117497582054,20.392865215164733,20.015220386234244,20.311941146850586,762150
1999-09-22,20.311943224084523,20.500766892663414,19.961271402325675,19.98824691772461,438600
1999-09-23,19.961273408169877,19.961273408169877,19.772452190223778,19.826400756835938,344700
1999-09-24,19.772447529149073,19.826396083043626,19.313876177422646,19.5836238861084,444150
1999-09-27,19.475729319386538,19.63757749231664,19.25993257868211,19.36783218383789,481800
1999-09-28,19.39479832586251,19.52967340167603,19.01715354671841,19.23295021057129,285600
1999-09-29,19.23295850158019,19.853378190719987,19.1790099297622,19.6375789642334,212100
1999-09-30,19.745476982084778,19.907325154069078,19.313881033590935,19.340856552124023,748650
1999-10-01,19.31388421621125,19.31388421621125,18.93623924255371,18.93623924255371,390600
1999-10-04,18.990174301122387,19.017149804898633,18.126985345945933,18.909250259399414,1062900
1999-10-05,18.909257090149865,18.909257090149865,18.450688177935554,18.855308532714844,751500
1999-10-06,18.90925518356351,19.421775071143028,18.88228214236897,19.205978393554688,263700
1999-10-07,19.421775341033936,21.04025661945343,19.421775341033936,20.71656036376953,930300
1999-10-08,20.716559505302172,21.04025574757252,20.500762833657387,20.824459075927734,497850
1999-10-11,20.7705089165147,20.98630806670826,20.689584852593725,20.71656036376953,342900
1999-10-12,20.608662642366873,20.79748629836881,20.446814499967115,20.527738571166992,331800
1999-10-13,20.554713351793026,20.66261293274741,20.06916894190815,20.311941146850586,338250
1999-10-14,20.311945381394867,20.44681803350057,19.691528218180125,19.853376388549805,886050
1999-10-15,20.069171882501937,20.204044526251923,19.475727804709514,19.880348205566406,501150
1999-10-18,20.06916698912621,20.58168686178181,19.85337031782159,20.12311553955078,498450
1999-10-19,20.06917822313874,20.932367861146435,19.88035448654642,20.473798751831055,685650
1999-10-20,20.50076280134179,20.71655947264641,20.12311553955078,20.12311553955078,906450
1999-10-21,20.096144734116496,20.096144734116496,19.31387708312616,19.664548873901367,489900
1999-10-22,19.88034943720669,20.177072729289165,19.79942535202185,19.853376388549805,593100
1999-10-25,19.934299522754465,19.934299522754465,19.20598279083578,19.394804000854492,560400
1999-10-26,19.313881146456435,19.610604443233044,19.313881146456435,19.36783218383789,326700
1999-10-27,19.394799560342083,19.58362319673589,19.179002882753743,19.205978393554688,766350
1999-10-28,19.259932475435352,19.583628819560317,19.232956956889232,19.529680252075195,671850
1999-10-29,19.47573000094495,19.93430148669949,19.20598468302639,19.77245330810547,639000
1999-11-01,19.772445750288355,19.772445750288355,18.990178206359616,19.09807777404785,640950
1999-11-02,19.098086068268934,19.907327003365076,18.90926236021072,19.31388282775879,305700
1999-11-03,19.23294572327871,19.55664187833869,18.855301032243954,18.88227653503418,468000
1999-11-04,18.558587791653046,18.558587791653046,17.776320124776117,18.504636764526367,1521900
1999-11-05,19.853376596200157,19.853376596200157,19.421780647497833,19.529680252075195,894150
1999-11-08,19.529680252075195,19.664552905591556,19.20598390795023,19.529680252075195,463500
1999-11-09,19.313873455020744,19.42177301720728,18.99017723806729,19.179000854492188,532950
1999-11-10,19.12505861718374,19.745475747805923,19.12505861718374,19.556652069091797,671550
1999-11-11,19.664552699916147,20.231021296210027,19.664552699916147,19.853376388549805,1126800
1999-11-12,19.826394375294747,19.853369884721733,19.07110233779571,19.286901473999023,316500
1999-11-15,19.475727540470558,20.71656424279883,19.448754493850686,20.36589241027832,649350
1999-11-16,20.60866061062744,21.148156011844012,20.500763506069262,20.85143280029297,630750
1999-11-17,20.797483619112914,20.824459129239948,20.25799070381664,20.66261100769043,150900
1999-11-18,20.63564751079144,21.094216632273103,20.23102697136416,21.067243576049805,392700
1999-11-19,20.95137594550138,20.95137594550138,20.11223732315539,20.32879066467285,354000
1999-11-22,20.112245806496503,20.112245806496503,19.462590464394452,19.489660263061523,455550
1999-11-23,19.59793472290039,19.733278744174736,19.327244202113526,19.59793472290039,591150
1999-11-24,19.59792818230517,20.11223677844569,19.54378860927339,19.65206527709961,393450
1999-11-26,19.81447903972027,19.92275570754649,19.65206527709961,19.65206527709961,83100
1999-11-29,19.652069520864508,20.193448020428864,19.273104818993247,19.922760009765625,294000
1999-11-30,19.70620764488706,20.707760275122656,19.70620764488706,20.382932662963867,540000
1999-12-01,20.274653626248373,20.599481200918508,20.24758631385101,20.518274307250977,390900
1999-12-02,20.409995510866345,20.518269692579786,20.24758176005902,20.35585594177246,239700
1999-12-03,20.410005434436044,21.19500478560107,20.35586583901889,20.43707275390625,443100
1999-12-06,20.437067413583442,20.84310188192111,20.382930310550993,20.518274307250977,502800
1999-12-07,21.438616454601288,21.438616454601288,20.57241055524196,20.78896141052246,692250
1999-12-08,20.816021372172486,22.11533084709121,20.78895159869963,21.6551570892334,880200
1999-12-09,21.54690129187797,21.655175521456812,21.059659824058404,21.086727142333984,473100
1999-12-10,21.086719146312817,21.086719146312817,20.707754530012608,20.78896141052246,469350
1999-12-13,20.843096600963985,20.95137325783285,20.57240867614746,20.57240867614746,738600
1999-12-14,20.626545765463348,21.357407623294726,20.57240867614746,20.57240867614746,1485150
1999-12-15,20.788967463666804,21.546899395192337,20.68069076538086,20.68069076538086,771750
1999-12-16,20.788963009969166,21.113790556999934,20.707756123211475,20.897239685058594,488250
1999-12-17,21.005521901886823,21.14086841698372,19.489660263061523,19.489660263061523,1029600
1999-12-20,19.92275570754649,20.247583232787804,19.435514419684512,19.65206527709961,947400
1999-12-21,19.679139313225985,20.058104015097246,19.43551861668634,19.922760009765625,448950
1999-12-22,19.814485518440428,20.058106242027808,19.597934590219918,19.625001907348633,225300
1999-12-23,19.652066875005566,19.868617750028374,19.489653099179073,19.760343551635742,372000
1999-12-27,19.84154659700728,20.572408446686765,19.81447681353272,20.19344139099121,311550
1999-12-28,20.193441716470637,21.113787108832096,20.193441716470637,20.978443145751953,329850
1999-12-29,21.005515672928862,21.925861294067737,20.761894991883665,21.736377716064453,411300
1999-12-30,21.763447634977208,21.979998526658928,21.655170950017478,21.70931053161621,343500
1999-12-31,21.709316367329553,22.27776477925755,21.465695619360414,22.22362518310547,192900
2000-01-03,22.22362442399569,22.22362442399569,21.005520725757712,21.140867233276367,593400
2000-01-04,21.14086419633892,21.330345314464296,20.301725387573242,20.301725387573242,217650
2000-01-05,20.410002082386285,20.680690102061952,20.193448692760196,20.301725387573242,420900
2000-01-06,20.355863148761063,20.68069076538086,19.97689842211732,20.68069076538086,1203450
2000-01-07,22.52138245124797,23.387588610752022,22.41310575197069,22.575519561767578,2630100
2000-01-10,22.575515286918392,23.143963513567417,21.97999727101641,22.304824829101562,774900
2000-01-11,22.19655176575275,22.44017244679795,21.65517082238272,21.736377716064453,523500
2000-01-12,21.84465793189129,22.16948555913131,21.817588136875248,22.034141540527344,1078950
2000-01-13,22.06120458238718,22.06120458238718,21.573963235942525,21.763446807861328,551550
2000-01-14,21.81757763878762,21.81757763878762,21.05964852541671,21.49275016784668,741150
2000-01-18,21.222070705532012,21.303277605580938,19.733276711889058,20.220518112182617,1312800
2000-01-19,19.92275812978994,20.734827041625977,19.814481448799253,20.734827041625977,899250
2000-01-20,21.222069431121504,21.222069431121504,20.491207374570305,20.5994815826416,862800
2000-01-21,20.59948598751223,20.788969609511692,19.922763368528138,20.247591018676758,755250
2000-01-24,20.274657384054827,20.274657384054827,19.110693344577072,19.1919002532959,783900
2000-01-25,19.21896406853339,19.273103649972473,18.515171813964844,18.67758560180664,556050
2000-01-26,18.758790620844415,19.327238821476065,18.109135534408246,19.0836181640625,1097700
2000-01-27,19.056555636482848,19.489660018529648,18.84000468457866,19.002418518066406,442500
2000-01-28,18.89414635454822,18.89414635454822,18.19035373263889,18.271560668945312,567150
2000-01-31,18.244482393772305,18.89413758260975,18.055001282519964,18.73172378540039,387900
2000-02-01,18.67758864696865,19.246036997093785,18.67758864696865,19.110692977905273,705450
2000-02-02,19.110694487117545,19.38138254687138,18.515176294830116,18.65052032470703,306150
2000-02-03,18.704652295955345,18.867066056909408,18.136204132616125,18.433961868286133,320400
2000-02-04,18.542236087327442,18.623442957084738,17.946718216361635,18.16326904296875,404400
2000-02-07,18.190344695329987,18.379828278652273,17.43241284027864,17.730173110961914,653250
2000-02-08,17.730173110961914,18.29862138269098,17.730173110961914,17.730173110961914,587700
2000-02-09,17.811373139379782,17.838440442105327,16.539130607700404,16.75568389892578,1052100
2000-02-10,16.972238391074864,16.999308177905306,16.29551354621285,16.376720428466797,828600
2000-02-11,16.376728741113524,16.376728741113524,15.321038735955623,15.375178337097168,843300
2000-02-14,15.483445459759075,16.809825425708997,15.429308361761882,16.539134979248047,763650
2000-02-15,16.647411554160442,18.163272593175567,16.647411554160442,18.05499839782715,1480050
2000-02-16,17.973787999026396,18.78585669659932,17.973787999026396,18.16326904296875,1201050
2000-02-17,18.27155351638794,18.27155351638794,17.32414045643236,17.540691375732422,483900
2000-02-18,17.86551163185185,18.37982264127205,17.784304760797976,17.838441848754883,796950
2000-02-22,17.613387640769247,18.102648408568392,17.613387640769247,17.96674346923828,776550
2000-02-23,17.96674000720668,17.993919496730086,17.667745714381454,17.939558029174805,603900
2000-02-24,17.504663303644094,17.504663303644094,16.091244877364996,16.281511306762695,771900
2000-02-25,16.390228896844583,16.63485917888704,14.840903777242358,14.922447204589844,1359900
2000-02-28,15.112723803664176,15.438897680804345,14.840911409877638,15.194267272949219,2224050
2000-02-29,15.194260219484738,15.982512560482022,15.003991383309653,15.765064239501953,1242750
2000-03-01,15.601983195899932,16.227148907210758,15.574801212448516,16.118423461914062,785700
2000-03-02,16.17278582431786,16.17278582431786,15.00399549098799,15.520438194274902,760050
2000-03-03,15.520437936844473,16.41741591327577,15.384530523833943,15.62916088104248,803700
2000-03-06,16.03687928353696,16.03687928353696,15.207854954653948,15.411713600158691,533100
2000-03-07,15.330167148424461,15.330167148424461,14.813724517822266,14.813724517822266,629850
2000-03-08,14.922456112313776,15.330173492431639,14.840912636290204,15.33017349243164,493800
2000-03-09,15.438892253575887,15.765066016056306,15.411710277199745,15.656340599060059,708600
2000-03-10,15.601989848145658,15.737894846330837,15.384538864837339,15.438902854919434,440700
2000-03-13,15.058355332751308,15.357349623137438,15.031175843449624,15.221442222595215,484800
2000-03-14,15.330169256220865,15.330169256220865,14.75936508178711,14.75936508178711,292500
2000-03-15,14.786548178703665,16.25433045233756,14.759366195985256,15.87379264831543,1545300
2000-03-16,15.900970910396738,17.667744626493604,15.900970910396738,17.504657745361328,803550
2000-03-17,16.74359302870776,17.17848986838229,16.118424777848226,16.526142120361328,1132800
2000-03-20,16.526138519680647,17.17848612556947,16.526138519680647,17.06976318359375,479850
2000-03-21,17.015399475079374,17.124124907167452,16.526138763446017,16.770769119262695,417450
2000-03-22,16.77076203719,16.77076203719,16.11841469715658,16.254322052001953,560100
2000-03-23,16.199964955690447,16.797951099411883,16.036878051812664,16.770769119262695,553800
2000-03-24,16.852313024595855,17.12412536787455,16.743590078091362,17.015399932861328,497550
2000-03-27,17.01540293137705,17.151310371220863,16.363055183356085,16.526142120361328,218850
2000-03-28,18.048289316125093,18.048289316125093,17.232854595343976,17.61338996887207,813300
2000-03-29,17.613384246826172,18.10264492034912,17.613384246826172,17.939558029174805,879750
2000-03-30,18.102642408219758,18.67344644811858,17.939555539677237,18.07546043395996,413850
2000-03-31,18.048286930538136,18.347278792467964,17.96674346923828,17.96674346923828,364950
2000-04-03,17.85801692500777,18.673451487793514,17.80365545032499,18.18419075012207,636450
2000-04-04,18.102647810086637,18.83653893752258,18.102647810086637,18.700634002685547,806700
2000-04-05,18.809352143278396,18.809352143278396,18.51036036772248,18.53754234313965,708450
2000-04-06,18.700628670824585,19.135525333710355,18.673446696203666,18.99962043762207,617400
2000-04-07,18.945271405480202,19.570437323821224,18.945271405480202,19.10835838317871,495750
2000-04-10,19.053979607810856,19.516060678277334,18.863713273861467,19.40733528137207,613650
2000-04-11,19.217073022744323,20.16841497146534,19.217073022744323,19.896602630615234,493350
2000-04-12,19.923786878848098,20.902308431066956,19.923786878848098,20.467409133911133,730650
2000-04-13,20.467415744309058,20.467415744309058,19.4345323795444,19.461711883544922,471750
2000-04-14,19.380152005930473,19.380152005930473,17.830827024696696,17.885190963745117,691950
2000-04-17,17.830836197521503,18.456004398633528,17.61338779498761,18.320096969604492,855000
2000-04-18,18.72782272950857,19.570439713336132,18.374469227024512,18.456012725830078,585900
2000-04-19,18.401643916410404,19.21707869097083,18.320100438954363,18.619094848632812,572700
2000-04-20,18.673447188684495,19.38015615089325,18.510360313674152,19.244251251220703,516450
2000-04-24,18.91807925449766,19.461701392078105,18.86371778729215,19.298614501953125,448050
2000-04-25,19.24425719363756,20.76640100091945,19.189895714683953,20.467409133911133,995850
2000-04-26,20.11405386329,20.576135157130476,19.923787437364215,20.0596923828125,748350
2000-04-27,19.59761089297412,20.494588884783482,19.59761089297412,20.168415069580078,578250
2000-04-28,20.331515270060457,20.57614579140406,20.14124625728976,20.222789764404297,626550
2000-05-01,20.14122691504042,20.521762086631647,20.005322029866687,20.24995231628418,447750
2000-05-02,20.032507654239513,20.68485528464632,19.97814618120852,20.168415069580078,597750
2000-05-03,20.44022817609658,20.44022817609658,19.597614011733523,19.706336975097656,351750
2000-05-04,19.815064124531443,19.95096908463417,19.516072216901705,19.67915916442871,487800
2000-05-05,19.679153375366496,21.011028062696838,19.59760992559082,20.983848571777344,862950
2000-05-08,20.657675792385184,20.71203726541618,20.086871615779227,20.168415069580078,418200
2000-05-09,20.222775000408603,20.222775000408603,19.24425362942109,19.48888397216797,521250
2000-05-10,19.570422132476036,19.815052409131987,19.081161579164135,19.40733528137207,292650
2000-05-11,19.62479817612465,20.08687959011128,19.57043668151257,19.869428634643555,518550
2000-05-12,19.869427020921414,20.00533447917826,19.679160560977035,19.760704040527344,319950
2000-05-15,19.869427238990173,20.114057680325935,19.733522267751262,19.787883758544922,411750
2000-05-16,19.916662934903876,20.516889442621398,19.807529707208737,20.407758712768555,473250
2000-05-17,20.080358253167955,20.244056819096386,19.7529611213111,19.943941116333008,203550
2000-05-18,19.862097415765042,20.10764533367083,19.671117367066714,19.834815979003906,203250
2000-05-19,19.671111121194816,20.38047071507617,19.398279355313466,20.271337509155273,743700
2000-05-22,20.216767001053924,20.516880118523325,19.780236786501117,19.88936996459961,530100
2000-05-23,19.480118232542157,19.78023126625635,19.480118232542157,19.671100616455078,302250
2000-05-24,19.698385661819778,19.91665199734549,19.207290153648305,19.261857986450195,569250
2000-05-25,18.989034277761085,19.398280706161106,18.989034277761085,19.152732849121094,437400
2000-05-26,18.98902888549219,19.316425935242055,18.634347915649414,18.634347915649414,498300
2000-05-30,18.74348824523087,18.907186832525465,18.252392483347094,18.688922882080078,517050
2000-05-31,18.798041027893525,19.125437983374056,18.143247116932468,18.19781494140625,534300
2000-06-01,17.924986048258663,19.261857986450195,17.924986048258663,19.261857986450195,627900
2000-06-02,19.507414625885872,19.643829274343684,18.989034965198893,19.180017471313477,398100
2000-06-05,19.016312057018588,19.016312057018588,18.77076427937204,18.90717887878418,482400
2000-06-06,19.04359506125699,19.261861435869907,18.9344643717919,19.070878982543945,574500
2000-06-07,19.18000466298891,19.234569986365134,18.661625348473407,18.85260772705078,526800
2000-06-08,18.361519032608495,18.607066824287475,18.279669768715504,18.47064971923828,296700
2000-06-09,18.579779368474394,18.579779368474394,18.22509845981061,18.306947708129883,272850
2000-06-12,18.306947757462662,18.306947757462662,18.00683467876355,18.020475387573242,263850
2000-06-13,17.952271234462387,18.00683657328288,17.461175691554672,17.679439544677734,659100
2000-06-14,15.278531630923208,16.588120127797822,15.278531630923208,16.56083869934082,3689100
2000-06-15,17.297482730866335,18.115975565168497,16.97008559714547,18.03412628173828,1394700
2000-06-16,17.897709550799714,17.92499347851037,17.02465134032035,17.10650062561035,1265550
2000-06-19,17.079205429869372,17.270187802159136,16.751808504709956,16.888225555419922,831900
2000-06-20,16.91551778036052,16.942801707511546,16.451706005844546,16.506271362304688,502650
2000-06-21,16.50627665414683,16.50627665414683,15.987899356981153,16.15159797668457,525000
2000-06-22,16.04245108677036,16.124300327008985,15.715054125815865,15.824187278747559,614550
2000-06-23,15.82419662511439,15.960611273470201,15.796912696306403,15.906045913696289,599400
2000-06-26,15.933326322899747,16.042459533291204,15.578647760350833,15.68777847290039,828600
2000-06-27,15.93331989563373,16.315284729003906,15.85147064531739,16.315284729003906,840750
2000-06-28,16.342572596850005,16.56083901572686,16.178874031613304,16.38349723815918,528300
2000-06-29,16.369846857236148,16.369846857236148,15.5786384250832,15.60591983795166,1682100
2000-06-30,15.578640553120442,15.605921969715533,14.944308900753043,14.951128005981445,1879650
2000-07-03,15.114832421833361,15.660495937402231,15.114832421833361,15.578646659851074,610500
2000-07-05,15.715058447432297,15.769623789983235,15.278528213500977,15.278528213500977,1615350
2000-07-06,15.496794700622557,15.742342490784669,15.496794700622557,15.496794700622559,699300
2000-07-07,15.715052982946702,15.796902217232883,15.5786384250832,15.60591983795166,849300
2000-07-10,15.251251973915867,16.015177020595573,15.251251973915867,15.742347717285156,920400
2000-07-11,15.74235142742603,16.560844525943107,15.74235142742603,16.15159797668457,903450
2000-07-12,16.36985127051272,16.451700526865285,16.151587419519576,16.288002014160156,893550
2000-07-13,16.397136774354856,16.58811672575325,16.342568932948474,16.451702117919922,515400
2000-07-14,16.61540143796713,16.806383896304702,16.397137555468074,16.533552169799805,593400
2000-07-17,16.50626746148499,16.533551382188183,16.397136774354856,16.451702117919922,467700
2000-07-18,16.369844550444874,16.46533447770912,16.315279234556744,16.424409866333008,1166400
2000-07-19,16.533542995949325,16.615392218701547,16.26071142082856,16.424409866333008,972150
2000-07-20,16.47897939897065,16.970074786709773,16.3971301676808,16.888225555419922,1070850
2000-07-21,16.91551688214232,17.324763278467067,16.724536895751953,16.724536895751953,774900
2000-07-24,16.751815254289763,16.888232359964405,16.397136774354856,16.451702117919922,307800
2000-07-25,16.61540863210166,17.024655150133718,16.533559328495247,16.64269256591797,295650
2000-07-26,16.642687885384998,16.697253239829326,16.124308275717535,16.137948989868164,366150
2000-07-27,15.742347336532491,16.206159139215895,15.715063407724505,15.906045913696289,594150
2000-07-28,15.933325985163636,15.987893838123648,15.605928858770946,15.660496711730957,376950
2000-07-31,15.76962813234502,16.17887455877129,15.442230991204003,15.524080276489258,917700
2000-08-01,15.551363542118175,15.687778179171927,15.223966414915687,15.305815696716309,1041000
2000-08-02,15.27853161579044,15.27853161579044,14.378189525080897,14.432757377624512,2694000
2000-08-03,14.842001904133122,14.842001904133122,13.696112115523176,13.941659927368164,1505700
2000-08-04,14.296342200309066,14.541890076828738,14.132643615962618,14.487324714660645,1309050
2000-08-07,14.623733201610467,14.896564893071638,14.350904007990412,14.787431716918945,1184400
2000-08-08,15.005700708895802,15.769625582824272,15.005700708895802,15.715060234069824,1440750
2000-08-09,15.633213116625612,15.851477039566628,15.524079906234155,15.68777847290039,840600
2000-08-10,15.60593440413048,15.93333164685939,15.60593440413048,15.796916961669922,855450
2000-08-11,15.960609805659345,16.588120127797822,15.906044450903513,16.56083869934082,907500
2000-08-14,16.560842977406388,17.024654857249345,16.39714437300976,16.9155216217041,1107000
2000-08-15,16.806383980926793,16.806383980926793,16.342569793748964,16.588117599487305,909450
2000-08-16,16.580443407852254,16.580443407852254,16.306388150906685,16.525632858276367,298200
2000-08-17,16.717464078717057,16.717464078717057,16.361189435557716,16.553030014038086,310800
2000-08-18,16.333794836961868,16.44341846307119,15.566436981396237,15.78568172454834,801300
2000-08-21,16.00492536915812,16.169359542502434,15.648652999623007,15.703463554382324,728400
2000-08-22,15.785677598309157,15.813084124939293,15.676054000854492,15.676054000854492,394950
2000-08-23,15.758272905670946,15.840489986064126,15.292376953131646,15.484217643737793,429150
2000-08-24,15.374596631612944,15.511624285735245,15.264973002875145,15.319786071777344,410400
2000-08-25,15.429400601351732,15.53902418326788,15.347183542181002,15.511617660522461,437100
2000-08-28,15.730875513432153,15.785686087101066,15.429411085585054,15.456817626953125,535650
2000-08-29,15.676052446679904,15.676052446679904,15.237563118466268,15.292373657226562,993900
2000-08-30,15.319787752758712,15.374598318608465,15.073136442834512,15.155353546142578,589350
2000-08-31,15.182748005880795,15.401995149236996,15.155343994760239,15.264965057373047,729150
2000-09-01,15.31978888687974,15.456816566181693,15.264975807905312,15.37459945678711,400500
2000-09-05,15.45680342934426,16.004916189774544,15.347179873632234,15.895295143127441,1573800
2000-09-06,15.89530210081936,16.224170402842752,15.81308502531351,16.059736251831055,850950
2000-09-07,16.059733545648136,16.224167668951473,15.895299422344793,16.141950607299805,664950
2000-09-08,16.196756785004357,16.196756785004357,15.813078103609653,15.895295143127441,731700
2000-09-11,16.004924935504544,16.306389251178526,15.95011438223032,16.032331466674805,647250
2000-09-12,16.11454547820609,16.553037347981935,16.05973493538379,16.38860321044922,1063950
2000-09-13,16.19676032529794,16.71746919241564,16.19676032529794,16.33378791809082,483300
2000-09-14,16.44341841274648,16.52563550481021,16.169360602845195,16.3063907623291,460950
2000-09-15,16.25158373222788,16.278990276119252,15.81309408437065,15.867904663085938,810300
2000-09-18,15.785673541540767,15.813080061127689,15.100530624389648,15.100530624389648,591000
2000-09-19,15.07313868593102,15.07313868593102,14.415401761585919,14.662053108215332,1958850
2000-09-20,14.662042112144853,14.757961171986487,14.47020148339622,14.525012016296387,654600
2000-09-21,14.853894061583008,14.853894061583008,14.579838632856822,14.689459800720215,364650
2000-09-22,14.57983014165418,14.689451245674922,14.415395976556825,14.63464069366455,425550
2000-09-25,14.634645824628631,14.99092081027305,14.607239284481485,14.826486587524414,664200
2000-09-26,14.799080797764812,14.799080797764812,14.662053108215332,14.662053108215332,349050
2000-09-27,14.607236862182617,14.744267031127695,14.278368471221158,14.607236862182617,426750
2000-09-28,13.593222309701664,15.073129486235347,13.593222309701664,15.045722961425781,1624950
2000-09-29,14.908700663196539,14.963511223263211,14.497615190029967,14.799077033996582,685950
2000-10-02,14.799071502685546,14.799071502685546,14.196145531035727,14.387986183166504,713100
2000-10-03,14.360585143857827,15.045728441101412,14.360585143857827,14.881294250488281,500700
2000-10-04,14.963505896062799,15.319780682324295,14.881288830699816,15.045722961425781,676800
2000-10-05,15.155346720208348,15.45680846020461,15.018316603701713,15.073129653930664,712800
2000-10-06,15.292379727021109,15.511624478149738,14.716860059875152,14.881294250488281,692550
2000-10-09,14.771666548213227,14.799073075449002,14.525015330289078,14.716856002807617,404850
2000-10-10,14.771672064431556,14.771672064431556,14.470210188526218,14.552427291870117,513450
2000-10-11,14.579828910839504,14.85388415682213,14.387988231398843,14.470205307006836,368400
2000-10-12,14.442806719159222,14.470213262451486,13.702852631874771,14.031721115112305,980100
2000-10-13,14.004309654235842,14.059120202686277,13.675441345401074,14.00430965423584,911700
2000-10-16,14.031714034401212,14.36058235168457,14.004310014005027,14.36058235168457,462000
2000-10-17,14.908706734969956,14.908706734969956,13.922101197561672,14.086535453796387,1022550
2000-10-18,14.086532753153106,14.305777549743652,13.83988141608856,14.305777549743652,840300
2000-10-19,14.36058170317417,14.525015854390157,14.031713400742197,14.470205307006836,683400
2000-10-20,14.470206528567196,14.689451245674922,14.38798944601852,14.63464069366455,688050
2000-10-23,14.744266058242678,15.78568172454834,14.689452990654749,15.78568172454834,1481850
2000-10-24,15.785687540479275,16.114556030905927,15.7582809965879,15.867904663085938,1163700
2000-10-25,15.758274270013441,15.78568080220607,15.511623007478972,15.730870246887207,469350
2000-10-26,15.785678497122886,16.169357346461503,15.703461421617037,16.059736251831055,744600
2000-10-27,16.16936317628349,16.49823159687954,15.977524936980412,16.19676971435547,654300
2000-10-30,16.333790695573022,16.964123249549313,16.333790695573022,16.82709312438965,1168650
2000-10-31,17.046344293273503,18.307004676861915,17.046344293273503,18.14257049560547,1050900
2000-11-01,17.92332310446152,18.005540182922353,17.430020633696525,17.539644241333008,1686000
2000-11-02,17.512243270874023,18.14257356946377,17.347809061757832,17.512243270874023,685350
2000-11-03,17.53964681709449,17.53964681709449,17.265589012289947,17.430023193359375,323400
2000-11-06,17.40261187536107,17.40261187536107,16.333789992279282,16.361196517944336,1804050
2000-11-07,16.416007017191234,16.936715949068006,16.388603000663785,16.7996883392334,951450
2000-11-08,16.827103151844987,17.70408744283415,16.827103151844987,17.046350479125977,1116150
2000-11-09,17.155967637757627,17.210780711344597,16.717478103462746,17.018939971923828,387150
2000-11-10,16.744875331926124,16.854498925520545,16.25157292434991,16.361196517944336,368250
2000-11-13,16.388610618723575,16.443421186322333,16.22417640686035,16.22417640686035,263850
2000-11-14,16.32659073221109,16.629446556482193,16.299060217748426,16.40918731689453,310800
2000-11-15,16.409190253606457,16.739576651468656,16.381659734216726,16.684513092041016,283800
2000-11-16,16.849700809013882,16.849700809013882,16.546847549721246,16.629444122314453,405450
2000-11-17,16.794641254282443,17.565541101053526,16.794641254282443,17.069961547851562,451950
2000-11-20,17.0699595482669,17.152556130791815,16.82216980069215,16.849702835083008,327900
2000-11-21,16.73955763069002,17.23513666436813,16.73955763069002,16.877220153808594,335400
2000-11-22,16.877231159106227,16.877231159106227,16.46424836174349,16.712038040161133,414000
2000-11-24,16.629440475882078,17.180083332211726,16.57437442579635,17.042423248291016,203250
2000-11-27,17.152554556998282,17.345280738755825,16.95983089588817,17.20762062072754,388950
2000-11-28,17.427872995657086,17.427872995657086,16.76710055980279,17.042423248291016,461550
2000-11-29,16.93229640254357,17.51047237726457,16.93229640254357,17.372812271118164,255300
2000-11-30,17.372809466218165,17.565533079577797,16.849697114284577,17.042423248291016,694800
2000-12-01,16.739567534759924,17.235146861650648,16.519310896357428,17.042423248291016,803100
2000-12-04,17.12502357374949,18.33643913269043,17.042427001079716,18.33643913269043,1151700
2000-12-05,18.116184757507806,18.226311854688735,17.703201841460118,17.895925521850586,1216500
2000-12-06,17.92345147450207,17.95098449824221,17.758258373354586,17.785791397094727,373350
2000-12-07,17.758264138664998,17.923457293443278,17.56553795120784,17.59307098388672,355350
2000-12-08,17.62060077657274,18.03358358758111,17.62060077657274,17.978517532348633,471000
2000-12-11,18.033587653793592,18.171247781620302,17.78579791131695,18.11618423461914,287850
2000-12-12,17.950982995323976,18.5291588009333,17.950982995323976,18.419029235839844,523800
2000-12-13,18.336436808771566,18.611759522992823,17.89592097014696,17.978517532348633,709200
2000-12-14,18.061122183070477,18.116188262963828,17.06996299276817,17.097496032714844,735600
2000-12-15,17.09749151801712,17.648134527012786,16.987361907958984,16.987361907958984,1274400
2000-12-18,17.097490791962525,18.00605310457889,17.097490791962525,17.67566680908203,513900
2000-12-19,17.70320783367774,18.33644767907527,17.620611222510732,18.061124801635742,544050
2000-12-20,17.840861458318116,18.171247781620302,17.81332842449373,18.11618423461914,612600
2000-12-21,18.116182871053244,19.134872277462037,18.116182871053244,19.107341766357422,623100
2000-12-22,19.107342960939707,19.65798598587439,18.749423608375995,19.602922439575195,876600
2000-12-26,19.520323121303463,19.575386659877815,19.217467357526473,19.272533416748047,727050
2000-12-27,18.942152451203597,19.82318191847542,18.942152451203597,19.740585327148438,640500
2000-12-28,19.850709805502074,20.896932183983793,19.16240421614324,20.731739044189453,694500
2000-12-29,20.62161148722531,20.649144520134662,19.327599270846044,19.437728881835938,1068900
2001-01-02,19.492799097529286,19.57539570387475,19.107349108133253,19.38266944885254,619050
2001-01-03,19.27254178039487,19.823184967041016,18.72189607310041,19.823184967041016,1282800
2001-01-04,19.602924869196688,20.20863151550293,19.602924869196688,20.20863151550293,1427400
2001-01-05,20.126028952674922,20.594077837592177,19.657982588404806,19.768112182617188,1877550
2001-01-08,19.823182004393757,19.87824555863443,19.43773208341319,19.54785919189453,1002750
2001-01-09,19.82318552291114,19.82318552291114,19.32760588483836,19.38266944885254,528450
2001-01-10,19.547855972178304,19.547855972178304,18.776956257191628,19.437728881835938,682650
2001-01-11,19.32759708469197,19.54785376111089,18.88708121120689,19.49279022216797,726900
2001-01-12,19.492785486681708,19.492785486681708,18.873311371638856,19.162399291992188,1724100
2001-01-16,18.391505028809966,19.492793645614235,18.281377931582917,19.327600479125977,1022100
2001-01-17,19.3826556521936,19.575381770032518,19.30005910464072,19.410188674926758,613500
2001-01-18,19.27254083899273,19.300071358558853,18.639298558600796,19.134878158569336,798900
2001-01-19,19.245001930336766,19.245001930336766,18.391503150435064,18.914615631103516,1144200
2001-01-22,18.72189599639111,18.72189599639111,18.41904262307386,18.639299392700195,942150
2001-01-23,18.639298207081815,19.107347278657286,18.474105010207683,18.969684600830078,500100
2001-01-24,18.969685929258453,19.272541825168492,18.832025762439187,19.189945220947266,478800
2001-01-25,19.189935525332405,19.82317499753808,19.162402497620143,19.657981872558594,978450
2001-01-26,19.657984804378327,19.657984804378327,18.832019056295206,18.914615631103516,980700
2001-01-29,18.871668407201888,19.021444043416768,18.580929319731734,18.94215202331543,672000
2001-01-30,18.94214909676628,19.448740005493164,18.501633180816718,19.448740005493164,531150
2001-01-31,19.435522237468177,19.867227157429646,19.25050548310654,19.294557571411133,910650
2001-02-01,19.38266854667744,19.64257385008857,19.228489314289885,19.28135108947754,475650
2001-02-02,19.448738763660657,19.55886836577797,19.03906047516818,19.06549072265625,577800
2001-02-05,19.065499856350897,19.11836163697514,18.78797519299254,18.792381286621094,891900
2001-02-06,18.792377397323133,19.06990200324459,18.792377397323133,18.97298812866211,720300
2001-02-07,18.94214641710349,19.030248075441555,18.63378557162601,18.937740325927734,466950
2001-02-08,18.986211411042415,18.986211411042415,18.624988544875606,18.7791690826416,498000
2001-02-09,18.779151716652088,18.80998804775434,18.501627257378477,18.695453643798828,292800
2001-02-12,18.63379947347699,19.07431439543377,18.63379947347699,18.7791690826416,474300
2001-02-13,19.124223268707073,19.124223268707073,18.801282929679246,18.93842315673828,625500
2001-02-14,18.942840851006576,18.964959664083775,18.642019424217693,18.68625831604004,316500
2001-02-15,18.66856027223294,19.062281668689142,18.66856027223294,19.02688980102539,566700
2001-02-16,19.031309307831794,19.110937507448526,18.588925639661955,18.74376106262207,423600
2001-02-20,18.743774757420894,19.296752848155478,18.44737674910218,18.93842315673828,457200
2001-02-21,18.889752109748535,18.92956622045527,18.469487130247263,18.504878997802734,364350
2001-02-22,18.504878491879328,18.504878491879328,18.181938309232326,18.434097290039062,325050
2001-02-23,18.46949122618126,18.46949122618126,17.916513265470133,18.363319396972656,486900
2001-02-26,18.407550986669918,19.354251319903412,18.363312109222495,19.106515884399414,536850
2001-02-27,19.2569282655153,19.398490660898105,18.814544514276374,19.155179977416992,697800
2001-02-28,19.022467464900185,19.177300398625167,18.469487096496618,19.035737991333008,824850
2001-03-01,19.133056431802302,19.133056431802302,18.730489392237224,18.942832946777344,964800
2001-03-02,18.77915610533116,19.34098350960782,18.77915610533116,19.06670570373535,1344600
2001-03-05,19.155192615012712,19.951482880059384,19.11095370443524,19.77452850341797,743700
2001-03-06,19.199426695112457,19.703743600581674,19.022474882663133,19.5356388092041,1001250
2001-03-07,19.540061510692965,19.99571598439663,19.354261419196604,19.92051124572754,980400
2001-03-08,19.907226440548317,20.371728897094727,19.783359371936083,20.371728897094727,728100
2001-03-09,20.17266372798622,20.17266372798622,19.774518791014756,19.90723419189453,719100
2001-03-12,19.818753113881105,20.084182588821292,19.44272707513182,19.801057815551758,723600
2001-03-13,19.7523992315237,19.756822740540773,19.02689059467572,19.50908851623535,1120650
2001-03-14,19.42061135925333,19.42061135925333,18.93398994492109,19.071128845214844,882150
2001-03-15,19.07555425653477,19.7170086280515,18.982652973169373,19.50908851623535,691200
2001-03-16,19.066710681643897,19.376379171336875,18.82339990626629,18.87648582458496,1015050
2001-03-19,18.88090220352898,19.354253045174804,18.792425706414726,19.155179977416992,571050
2001-03-20,18.580082625300342,19.199418122165433,18.482757842959128,18.4871826171875,749850
2001-03-21,18.38100826062586,18.403127066019888,17.69531516807086,17.83245277404785,651900
2001-03-22,17.78379563852267,17.91651104139273,16.620329171455705,17.438737869262695,844200
2001-03-23,17.805914354020572,18.004987457247626,17.067135155069913,17.854578018188477,676800
2001-03-26,17.761672680294605,18.243870514778596,17.739553873535662,18.027103424072266,490500
2001-03-27,18.022669182521586,18.022669182521586,17.38563876970209,17.770511627197266,1624650
2001-03-28,17.770531526277853,17.810345655245396,17.25294278702646,17.58473014831543,742050
2001-03-29,17.496252405424727,18.00499282248954,17.376808761029498,17.606847763061523,669600
2001-03-30,17.60684561320698,17.752831568715635,17.14676766531998,17.571455001831055,360000
2001-04-02,17.474126717494418,18.29253665795228,17.42988909489379,17.774948120117188,625350
2001-04-03,17.33257746722249,17.474138716148524,17.186590174795118,17.27064323425293,525300
2001-04-04,17.270644299324974,17.690908356862796,17.0317581740487,17.615703582763672,553800
2001-04-05,17.615693090880704,18.199638151798787,17.536063586103307,18.133281707763672,742350
2001-04-06,17.474121812751555,18.044796096927772,17.474121812751555,18.004981994628906,622200
2001-04-09,18.115587515785155,19.031321245454308,18.115587515785155,18.40313720703125,929700
2001-04-10,18.288105270484778,18.757031241369113,18.27040997470928,18.655282974243164,524850
2001-04-11,18.447364533227283,18.68182817184864,17.982863295230445,18.20405387878418,439200
2001-04-12,18.29254042879101,18.602207647833968,18.093467289047567,18.58893585205078,564300
2001-04-16,18.469487223111994,18.712799194398084,18.29253547845148,18.496030807495117,392550
2001-04-17,18.496029897631242,19.13306070347598,18.447367505767843,19.0224666595459,562350
2001-04-18,19.13306498288014,20.579657676789893,19.11094616914691,20.48233413696289,1477650
2001-04-19,20.41597815980648,20.420401669794302,19.77452238185262,20.039953231811523,1050750
2001-04-20,19.907226734412646,20.017823282270975,19.62410200197671,19.951465606689453,418650
2001-04-23,19.951470248013834,20.239018554869798,19.752397174958766,19.933774948120117,464850
2001-04-24,19.911664381893296,20.35404709047552,19.911664381893296,20.132856369018555,418200
2001-04-25,20.132854955434865,20.323079823186077,19.74355693354791,20.287689208984375,207750
2001-04-26,20.194772763707736,20.592917507945614,20.079753986580133,20.495594024658203,499050
2001-04-27,20.495608342014982,20.792003771636903,20.256721075462362,20.637170791625977,441000
2001-04-30,20.63716553047758,20.791998471016075,20.393854815820216,20.62389373779297,350100
2001-05-01,20.76988041326784,20.76988041326784,20.261140154814495,20.730066299438477,438900
2001-05-02,20.791993533269434,20.898166583864214,20.172658121193702,20.60619354248047,442200
2001-05-03,20.703518620681404,20.703518620681404,20.13284431892432,20.517717361450195,334800
2001-05-04,20.08419138830431,20.84951432561,20.08419138830431,20.792003631591797,387600
2001-05-07,20.792005550161974,20.831820941771934,20.539847731640123,20.592933654785156,455550
2001-05-08,20.5929329501603,20.654867157877767,19.951478383856738,20.57081413269043,700950
2001-05-09,20.48233340101366,20.50445221395214,20.19036026068755,20.491180419921875,307950
2001-05-10,20.491185097005186,20.99107848378959,20.349623902487014,20.924720764160156,352800
2001-05-11,20.946835729107057,21.19014519884454,20.63716729028783,20.84066390991211,234450
2001-05-14,20.84066852530915,20.924720284868403,20.45137050304539,20.853939056396484,228300
2001-05-15,20.734038999107423,20.8139737405552,20.516439646039355,20.79620933532715,437850
2001-05-16,20.73847305180151,21.715445158637866,20.574164424190652,21.626630783081055,645000
2001-05-17,21.62662391867889,22.03517703147099,21.493399856591235,21.7864933013916,441300
2001-05-18,21.786506871591694,22.203938629881762,21.711012596476657,22.119565963745117,817650
2001-05-21,22.070709763688132,22.248343613142406,21.80426407158407,22.217256546020508,731550
2001-05-22,22.115112691531763,22.212810516357422,21.95968502686491,22.212810516357422,326400
2001-05-23,22.115117709820506,22.137321303948724,21.759855121692095,21.782058715820312,721200
2001-05-24,21.782058052134293,21.808703380691675,21.56001957657903,21.72876739501953,280500
2001-05-25,21.537814031362885,21.671038136756405,21.400150731780606,21.63995361328125,256500
2001-05-29,21.604433029288725,21.71101183339028,21.42680168911947,21.46232795715332,233850
2001-05-30,21.4623266812247,21.51561480958795,20.80064902554107,20.871700286865234,579000
2001-05-31,20.982716781251685,21.48008440840602,20.97383585174069,21.453441619873047,493350
2001-06-01,21.515612042273105,21.515612042273105,21.00492171770142,21.306896209716797,619650
2001-06-04,21.306886331494052,21.6355034613925,20.893892781852617,21.280241012573242,444450
2001-06-05,21.315776483787907,21.693242681411366,20.924987620937454,21.631071090698242,396000
2001-06-06,21.631065505666495,21.84866474646012,21.031560971472143,21.138139724731445,400950
2001-06-07,21.18255064205429,21.493406029186104,21.058208741305403,21.28468894958496,349050
2001-06-08,21.226961038152904,21.244724168454027,20.92942828797924,20.99604034423828,239850
2001-06-11,20.982719329604375,21.044889655289637,20.614134029229408,20.716272354125977,256200
2001-06-12,20.72070901328953,20.836169983381154,20.40541316592609,20.734031677246094,188100
2001-06-13,20.73402569809,20.893893807909464,20.449815725077617,20.614124298095703,624300
2001-06-14,20.614135243705825,20.614135243705825,19.921373066648083,19.983543395996094,688500
2001-06-15,19.761502775029108,20.072356929823048,19.761502775029108,19.845876693725586,776400
2001-06-18,19.850309852944278,20.11675798830101,19.712645321815,19.854751586914062,411300
2001-06-19,19.85475517296952,19.983537529938054,19.65491903535868,19.734853744506836,462000
2001-06-20,19.6504723585397,19.805899992924996,19.50392692037122,19.512807846069336,828000
2001-06-21,19.579421855490295,19.672677937366622,19.428435939168516,19.601625442504883,681750
2001-06-22,19.606075356047295,19.783707949340418,19.12203031911887,19.317424774169922,412950
2001-06-25,19.53946746681793,19.619402214403184,19.19308694866772,19.255258560180664,376200
2001-06-26,19.00657479538403,19.339633939090618,18.855588762822524,19.233055114746094,595500
2001-06-27,19.233045475380738,19.312980188836743,18.895546034106975,19.03765106201172,438000
2001-06-28,19.00656339847311,19.317418751672925,18.997682470362907,19.090938568115234,455550
2001-06-29,18.91774170845422,18.962150146345444,18.611328187923704,18.846689224243164,700050
2001-07-02,18.20723630211962,18.993256255499553,18.09621825743217,18.975494384765625,1354800
2001-07-03,18.975480848896282,19.632716606465504,18.975480848896282,19.539459228515625,500250
2001-07-05,19.53946328971356,19.95245706799565,19.32186523697532,19.819232940673828,945750
2001-07-06,19.805905702424862,19.805905702424862,19.197517648567956,19.35294532775879,835050
2001-07-09,19.317421377516137,19.628276772970946,19.312980912857437,19.521697998046875,550650
2001-07-10,19.623838686813574,19.71265434909876,19.25525464121965,19.437326431274414,672900
2001-07-11,19.437321022491655,19.45064368575703,19.135347854751476,19.42844009399414,619800
2001-07-12,19.428438338603836,20.170049162942753,19.321858312629644,20.130081176757812,920550
2001-07-13,20.316593103936032,20.316593103936032,19.987974664105945,20.2277774810791,939900
2001-07-16,20.22778032086377,20.22778032086377,19.392912078282304,19.406234741210938,968250
2001-07-17,19.5394562059732,20.032384536048408,19.5394562059732,20.005739212036133,743550
2001-07-18,19.98354528638488,20.023512021212166,19.761506741327,19.894729614257812,568800
2001-07-19,19.974660695930883,20.116765745306648,19.87252110354285,19.925811767578125,563850
2001-07-20,20.249994247606647,20.272197850140984,19.872526651924332,19.93025779724121,566550
2001-07-23,20.01018279357344,20.041267313765275,19.5172544179948,19.62827491760254,540750
2001-07-24,19.783709386375858,19.783709386375858,19.184202040318777,19.206405639648438,759000
2001-07-25,19.2463667423564,19.583866159132373,19.206398753269937,19.384031295776367,456300
2001-07-26,19.428445150811417,19.535023943636414,19.250812558916994,19.339628219604492,706800
2001-07-27,19.38403107434499,19.42843952709407,19.206398533867727,19.281892776489258,602850
2001-07-30,19.983533523485146,19.983533523485146,19.326296666094308,19.75705337524414,1169550
2001-07-31,19.73930154533936,20.07236062796097,19.6504858746749,19.85032081604004,616950
2001-08-01,19.939131187153308,19.96133605180735,19.712650969524425,19.78370475769043,603900
2001-08-02,19.850319056065025,19.98354318550954,19.805911859929825,19.810352325439453,358350
2001-08-03,19.921361888088736,20.10787404199387,19.721525803951973,20.067907333374023,450900
2001-08-06,20.067910812449394,20.067910812449394,19.7748186005481,19.805904388427734,569250
2001-08-07,19.894725970397335,20.045711950099406,19.805910314537485,19.925811767578125,305550
2001-08-08,19.925813136270545,19.961339401054765,19.717096013033395,19.725976943969727,365550
2001-08-09,19.725973634213005,19.872519134229655,19.725973634213005,19.78370475769043,404700
2001-08-10,19.805912268768434,20.29439905945584,19.566109339026024,20.13897132873535,365100
2001-08-13,20.294389346040745,20.307712006987533,20.08567231644365,20.214454650878906,734100
2001-08-14,20.272190449177998,20.38321096235779,20.22778326032148,20.35212516784668,357150
2001-08-15,20.35212742770194,20.56084454185311,20.35212742770194,20.449825286865234,615600
2001-08-16,20.40541074362091,20.458700122602078,20.085674469733895,20.369884490966797,581100
2001-08-17,20.338802825130475,20.583046179267665,20.10344167121682,20.361007690429688,502650
2001-08-20,20.405416785253507,20.427621652626,20.116766214604983,20.343246459960938,285300
2001-08-21,20.419037290245754,20.485912122744118,20.106956864472274,20.120330810546875,249300
2001-08-22,20.133708918156206,20.133708918156206,19.2509645741313,19.817169189453125,948000
2001-08-23,19.817164744075185,19.910788736672643,19.661123906058602,19.750289916992188,487050
2001-08-24,19.750284620648316,20.098032607800924,19.705702264902587,19.964282989501953,937500
2001-08-27,19.99549368822809,20.017784868647613,19.879578529621757,19.88849449157715,298950
2001-08-28,19.92862893792423,19.92862893792423,19.705714470066866,19.88404655456543,362850
2001-08-29,19.950915841496236,19.950915841496236,19.549669375381352,19.643293380737305,533400
2001-08-30,19.59424588015785,19.77257914844283,19.157333135676176,19.30445671081543,407100
2001-08-31,19.25541138257868,19.620992535026573,19.1528701876265,19.616533279418945,333450
2001-09-04,19.61653950263899,20.0445376140655,19.61653950263899,19.857288360595703,907050
2001-09-05,19.839456683076037,19.995496241468533,19.71462299551212,19.933080673217773,571500
2001-09-06,19.928615421069395,19.928615421069395,19.344577921585056,19.371328353881836,519900
2001-09-07,19.036954044575328,19.148411193780355,18.457374572753906,18.457374572753906,786150
2001-09-10,18.45739062907452,18.60005631233349,18.279057249468988,18.394973754882812,835500
2001-09-17,17.16447322032646,17.16447322032646,16.139062247250287,16.339685440063477,1044600
2001-09-18,16.830096485324923,17.08421922242071,16.495723724365234,16.495723724365234,1360950
2001-09-19,16.540313554147712,16.6651459889402,15.354403510321916,15.849276542663574,1164000
2001-09-20,15.849265419555113,15.862639357248396,14.71685578537218,14.79710578918457,737100
2001-09-21,13.5978257635831,14.190780561189737,13.553243405787791,14.1105318069458,1819950
2001-09-24,14.93531487445009,15.332104437618336,14.823858995121942,15.158231735229492,1489650
2001-09-25,15.381148440506319,15.693230053353838,15.060150866136231,15.66202163696289,1328550
2001-09-26,15.89385466247276,15.89385466247276,14.712404192817333,14.877362251281738,1880100
2001-09-27,14.877360730414633,14.939776286955704,14.592028280910867,14.890734672546387,1445250
2001-09-28,14.935326713277028,15.555032352917694,14.82387074560077,15.2919921875,1594950
2001-10-01,15.358857771409697,15.390064913306409,14.979901332429584,15.180525779724121,681150
2001-10-02,15.336562794129417,16.116766723884744,15.309813637540245,16.054349899291992,1161600
2001-10-03,16.054346637856085,16.80334200315684,16.014222273358175,16.68742561340332,680250
2001-10-04,16.763225044173062,16.95493099281131,16.562600581992257,16.567058563232422,665550
2001-10-05,16.522474827257074,16.883598063865577,16.406558395924083,16.78551483154297,657000
2001-10-08,16.56260044999042,16.567058431195058,16.379810465289317,16.473434448242188,367350
2001-10-09,16.58489436099725,16.58489436099725,16.125689057537535,16.165813446044922,433800
2001-10-10,16.18364144241457,16.718637326655212,16.14351579444842,16.66959571838379,715650
2001-10-11,16.718629866664998,17.347250706800065,16.718629866664998,17.110960006713867,630450
2001-10-12,17.12434548548653,17.1733871012834,16.651765077457707,16.781055450439453,695100
2001-10-15,16.674063090302912,17.213518534078524,16.674063090302912,17.182310104370117,413400
2001-10-16,17.182312312780404,17.721767825891224,16.896980977131054,17.374019622802734,1202850
2001-10-17,17.654887310715697,17.677178495278344,17.11989122802451,17.13326644897461,1037550
2001-10-18,17.142178952986303,17.23134494877286,16.785514969840072,16.879138946533203,487950
2001-10-19,16.8078115628347,16.830104025608858,16.442230224609375,16.442230224609375,459750
2001-10-22,16.451147635354072,16.852395387539577,16.451147635354072,16.807811737060547,543450
2001-10-23,16.83009911403769,17.053013472474166,16.709724697205846,16.89697265625,382050
2001-10-24,16.986135976874806,17.03071960685215,16.763221653580665,16.937095642089844,789750
2001-10-25,16.85238110066257,16.986129387649513,16.049886276619453,16.79888153076172,1294200
2001-10-26,16.94154860465495,17.481003647906263,16.830092743158378,17.378463745117188,489750
2001-10-29,17.521139636989886,17.521139636989886,16.705268983448754,16.709728240966797,494850
2001-10-30,16.60718162014143,16.620556838325648,16.085560866267056,16.121227264404297,432000
2001-10-31,16.495724922558328,16.495724922558328,16.00531005859375,16.00531005859375,512100
2001-11-01,16.161356190087368,16.616102220614284,15.871565689919153,16.57151985168457,569400
2001-11-02,16.473437417263657,17.142183188669573,16.39318736346116,17.048559188842773,407400
2001-11-05,17.048549554586927,17.472088218763894,17.048549554586927,17.418588638305664,686700
2001-11-06,17.38738023082238,17.431963852302875,17.093131900536815,17.418588638305664,582300
2001-11-07,17.50331007370094,17.588018132895,17.1421879207311,17.351728439331055,517650
2001-11-08,17.38739366732526,17.699475432265164,17.320518821190763,17.46764373779297,532950
2001-11-09,17.543421003266648,17.65487814373905,17.29821427380287,17.440879821777344,307050
2001-11-12,17.454260576004767,17.454260576004767,16.7186401541174,16.879138946533203,1101750
2001-11-13,17.119891441479478,17.54343033110694,17.05301661142645,17.49884796142578,522000
2001-11-14,17.56570520204204,17.94466009450794,17.5032884118196,17.681621551513672,762750
2001-11-15,17.592468025705905,17.788633214622692,17.49884404987837,17.739591598510742,444300
2001-11-16,17.81092181763809,17.81092181763809,17.547881851672926,17.650423049926758,531300
2001-11-19,17.668335319219942,18.358051087443897,17.650420673864378,18.169946670532227,1285650
2001-11-20,18.214734670983745,18.214734670983745,17.82957039363928,17.865398406982422,715350
2001-11-21,17.93706489320825,17.93706489320825,17.4444112687094,17.58772850036621,596100
2001-11-23,17.601163966326432,17.91019141191399,17.601163966326432,17.735523223876953,178350
2001-11-26,17.735524517766507,18.1386048825388,17.51159197839302,18.10277557373047,578250
2001-11-27,18.20577658390616,18.20577658390616,17.69072891062273,17.96392822265625,482850
2001-11-28,17.923625855348654,18.183388938882626,17.923625855348654,18.07590103149414,892950
2001-11-29,17.963927404967293,18.281912676769036,17.83852488889753,18.26399803161621,903600
2001-11-30,18.31775319085431,18.60886731397851,18.25505125372202,18.384933471679688,1045050
2001-12-03,18.429711529265607,18.443147835911926,18.116205822777452,18.19234275817871,639600
2001-12-04,18.362529081268118,18.720823287963867,18.169947594915744,18.720823287963867,601950
2001-12-05,18.989546515603045,19.571773268300085,18.931324224740386,19.406063079833984,861750
2001-12-06,19.773313868889137,20.05099159400525,19.415020856711497,19.683740615844727,990150
2001-12-07,19.661354322121333,19.67479063499536,19.464293098279107,19.540430068969727,1380750
2001-12-10,19.706132861795147,19.706132861795147,19.347839863198796,19.44637107849121,976200
2001-12-11,19.482208457284976,19.90768188989381,19.455335830568217,19.701663970947266,941400
2001-12-12,19.724050521850586,19.741965173350582,19.64343394942213,19.724050521850586,1054500
2001-12-13,19.706131360499835,19.83153518181161,19.656867037963625,19.670303344726562,879600
2001-12-14,19.66135608263998,19.75988734406245,19.45981649691258,19.665834426879883,690450
2001-12-17,20.01963580534493,20.377928731084072,19.93006385526672,20.28835678100586,943950
2001-12-18,20.265965292403163,20.848190699113694,20.265965292403163,20.606342315673828,1241550
2001-12-19,20.615306486913955,20.879547939086137,20.185354814779043,20.834760665893555,1295400
2001-12-20,20.736224845267824,20.98255157470703,20.534685376343337,20.98255157470703,1298400
2001-12-21,21.02733499729989,21.02733499729989,20.53468287967626,20.597383499145508,843600
2001-12-24,20.574993763347283,20.91537208650274,20.574993763347283,20.7810115814209,208050
2001-12-26,20.7810115814209,21.036296284805044,20.740703942439044,20.7810115814209,315900
2001-12-27,20.89297241486447,21.188564662704728,20.89297241486447,21.049724578857422,330600
2001-12-28,21.049734720229935,21.049734720229935,20.722792650890252,20.76310157775879,749400
2001-12-31,20.87059223167329,20.982558497868126,20.548127181097918,20.56156349182129,674100
2002-01-02,20.56604467832816,20.736234554068396,20.37794014626565,20.73175621032715,1070400
2002-01-03,20.713835871571256,21.13483084637435,20.695922500412337,21.07213020324707,639150
2002-01-04,20.892981469809115,21.452813981421613,20.892981469809115,21.31845474243164,952650
2002-01-07,21.184087714553144,21.699134082071055,21.184087714553144,21.336362838745117,1212600
2002-01-08,21.33636653200279,21.38563085359089,20.713830904653864,20.89297866821289,745350
2002-01-09,20.825792774289607,21.32292444804214,20.825792774289607,21.02285385131836,711600
2002-01-10,20.93329312632246,21.085568326483216,20.785497550693737,20.937772750854492,718350
2002-01-11,20.870584969646153,20.870584969646153,20.557077995758426,20.606342315673828,606750
2002-01-14,20.60186722125436,20.606344281888703,20.221179962158203,20.221179962158203,692400
2002-01-15,20.422721508839572,20.422721508839572,20.27044633355398,20.382413864135742,656700
2002-01-16,20.198788297678558,20.310754542952683,19.549381256103516,19.549381256103516,1510350
2002-01-17,19.549384709580856,20.288365134190435,19.549384709580856,20.265972137451172,1108950
2002-01-18,20.261491663811583,20.35554327126025,20.086823477580463,20.25701332092285,736950
2002-01-22,20.2838826422409,20.44511450241316,20.176394735459397,20.382413864135742,514500
2002-01-23,20.391368490032573,20.422719446684123,19.822578053740703,20.221179962158203,1038150
2002-01-24,20.2211918542678,20.955692908403943,20.2211918542678,20.901948928833008,1026150
2002-01-25,20.91537656872509,21.537912342234872,20.84371795901994,21.354286193847656,1267650
2002-01-28,21.251277585954575,21.708100602866605,21.251277585954575,21.681230545043945,789900
2002-01-29,21.631955374361695,21.721527319638643,21.01837781090515,21.090036392211914,1200750
2002-01-30,21.04973447203965,21.67226892429044,21.04973447203965,21.636442184448242,889500
2002-01-31,21.63196607385352,21.99025915760442,21.56926414351854,21.96338653564453,558750
2002-02-01,21.96339136045361,22.09327231150563,21.743938400144266,21.87381935119629,1002750
2002-02-04,21.811109247702543,21.976819453009423,21.42146525895217,21.564781188964844,648450
2002-02-05,21.251276970743064,21.591655372427383,21.251276970743064,21.394594192504883,778650
2002-02-06,21.385636580816758,21.721536645241702,21.33189262176305,21.591655731201172,952950
2002-02-07,21.564777777446984,21.743926826031757,20.7765332396133,20.7810115814209,1925250
2002-02-08,20.78101082442585,21.049730543444063,20.557078365922347,20.98255157470703,1446150
2002-02-11,20.98255375546276,21.376676050984674,20.94672445586986,21.27814483642578,920400
2002-02-12,21.354577907138257,21.56587466123696,21.20172359512472,21.399534225463867,1031550
2002-02-13,21.3995292642557,21.808637840077154,21.309615362219663,21.77716636657715,924900
2002-02-14,21.777163420790078,21.8490971051483,21.6018323002092,21.781660079956055,722550
2002-02-15,21.7367063244651,21.844603004952692,21.691750017376883,21.72321891784668,498300
2002-02-19,21.723214859902235,21.727711518754983,21.475951358416733,21.484943389892578,616350
2002-02-20,21.51192726709696,21.9614969015582,21.30962125314697,21.948009490966797,780600
2002-02-21,21.579354112711716,22.298665230479582,21.579354112711716,22.073881149291992,1560900
2002-02-22,22.096366255209485,22.658327921291058,22.096366255209485,22.53244972229004,2189250
2002-02-25,22.635846359793216,23.121382730337785,22.635846359793216,22.98651123046875,2884200
2002-02-26,22.905588866958347,23.01348555004133,22.748239215904846,22.977519989013672,902250
2002-02-27,22.90559280363994,22.97302727748403,22.433543769350486,22.53244972229004,1130250
2002-02-28,22.478497251320885,22.658325064694015,22.366106475750154,22.39757537841797,969750
2002-03-01,22.29417379866422,22.676307553927053,22.186277118150254,22.568410873413086,1305300
2002-03-04,22.928063950899855,24.434123225054304,22.928063950899855,24.209339141845703,2553600
2002-03-05,24.16438039680049,24.16438039680049,23.28771963788105,23.602418899536133,1436250
2002-03-06,23.714805884180745,24.61394455377293,23.714805884180745,24.465585708618164,1485300
2002-03-07,24.465601589566276,24.667910172447186,24.056492907786577,24.276782989501953,1024500
2002-03-08,24.41165582894278,24.663414833341708,24.12393125248686,24.3127498626709,884250
2002-03-11,24.27679496240597,24.663425675092057,24.096967023070782,24.3936824798584,641850
2002-03-12,23.99355138265536,24.577991163853522,23.975567314138754,24.560007095336914,1151550
2002-03-13,24.560002292348404,24.672395624332136,24.09694670369783,24.27227783203125,843000
2002-03-14,24.16438837404859,24.41165326374548,24.14191021543257,24.218338012695312,753000
2002-03-15,22.478501079481838,23.22029318687804,22.366110284770592,22.928071975708008,4037550
2002-03-18,22.730263627726263,23.15285715026076,22.568417274818607,22.793201446533203,2616300
2002-03-19,22.793188405936533,23.06293131563528,22.793188405936533,23.008981704711914,1923450
2002-03-20,23.085423898967672,23.085423898967672,22.703290014979576,22.721271514892578,903600
2002-03-21,22.460517337349938,22.46950808553652,21.61532526876789,21.92103385925293,1268400
2002-03-22,21.956996174466852,22.28967696026947,21.570365762609885,22.060396194458008,1159200
2002-03-25,22.208752664642006,22.208752664642006,21.754685269879158,21.781660079956055,1069200
2002-03-26,21.75918278438929,22.3571098539944,21.71872314014297,22.231231689453125,740850
2002-03-27,22.231238771165255,22.478501092129516,22.05590758784082,22.244726181030273,802350
2002-03-28,22.35711636261676,22.748243520593643,22.289681887601596,22.433544158935547,1262100
2002-04-01,22.2132448048682,22.285175910463835,21.82661704163611,22.249210357666016,538650
2002-04-02,22.02893488226732,22.051413043379487,21.714235481775702,21.930028915405273,796800
2002-04-03,21.12977945291281,21.24217275885871,20.230640722722583,20.994909286499023,4563900
2002-04-04,20.994920479766552,21.696249063222442,20.788119104683112,21.673770904541016,3187650
2002-04-05,22.14131596158065,22.56840855248031,22.051403356628835,22.4200496673584,2627700
2002-04-08,22.015448275852386,22.29867620317146,21.98397679117644,22.240232467651367,1606050
2002-04-09,22.01993256533357,22.249213316467856,22.01993256533357,22.069385528564453,1806600
2002-04-10,22.073880792437485,22.298664869991132,21.961487467430945,22.172786712646484,1562250
2002-04-11,22.231232519853066,22.285179571683095,21.921029897566292,21.98846435546875,1460400
2002-04-12,22.073892011372475,22.253719879303812,21.73221777607257,22.240232467651367,1499700
2002-04-15,22.240220338551207,22.384082554438454,21.736702582945842,22.145811080932617,970950
2002-04-16,23.287724723955492,23.31020288006019,22.54593528266022,22.662822723388672,2012700
2002-04-17,23.152854714966185,23.170838784491195,22.366108910487394,22.63135528564453,1599000
2002-04-18,22.63135114692464,22.77970747418908,22.24921482088892,22.613367080688477,1907250
2002-04-19,22.946048084835038,23.328181799186584,22.892098464124015,22.910079956054688,1874700
2002-04-22,22.928072788253193,23.017985427208593,22.411067396878185,22.577407836914062,935850
2002-04-23,22.667319263055166,22.667319263055166,22.231235834054825,22.40207290649414,1300650
2002-04-24,22.33014635733035,22.833664357536524,22.33014635733035,22.357118606567383,737550
2002-04-25,22.208751635501713,22.500972728721305,21.871574242543527,22.40656089782715,892050
2002-04-26,22.411060701166846,22.572904431917006,22.24472031082818,22.31215476989746,522150
2002-04-29,22.10534715811512,22.325637123824507,21.921025316054614,21.939006805419922,1107150
2002-04-30,22.028928368117853,22.74374294096605,21.943509837674252,22.456018447875977,969750
2002-05-01,22.46051265639712,22.631349698639053,21.763679654189946,22.46950340270996,940350
2002-05-02,22.474001450855702,22.74823852379049,22.348120704858882,22.635845184326172,1344600
2002-05-03,22.67181690700212,22.85164475555069,22.527954628163265,22.60887908935547,1291950
2002-05-06,22.208752094762346,22.217742840404114,21.350072860717773,21.350072860717773,2209800
2002-05-07,21.57936505697769,21.93003004784887,21.354580861787763,21.431007385253906,2305800
2002-05-08,21.71422877721662,22.276190348889543,21.691750623044886,22.26270294189453,1039050
2002-05-09,22.258210081277724,22.258210081277724,21.619820692268753,21.768177032470703,744600
2002-05-10,21.880570028857726,21.939013746474068,21.413016429237047,21.444486618041992,730500
2002-05-13,21.39952181881001,21.673758803048326,21.30511128984759,21.55687141418457,981750
2002-05-14,21.89405426761604,22.298666144836712,21.89405426761604,22.231231689453125,957900
2002-05-15,22.141321233646703,22.703285438242798,22.118843077056482,22.51896095275879,1321500
2002-05-16,22.703276627767494,22.74823292350172,22.40655890201968,22.451515197753906,1198650
2002-05-17,22.743748142215583,22.802191871682467,22.5639202929096,22.71677589416504,1262550
2002-05-20,22.824670815511045,22.824670815511045,22.25371583090919,22.42455291748047,515400
2002-05-21,22.53735274099277,22.668199789873736,22.06359404805644,22.12676239013672,870450
2002-05-22,22.126755538922314,22.262115492388702,21.883108139038086,21.883108139038086,1296600
2002-05-23,22.162860314756664,22.5599144454829,22.162860314756664,22.514795303344727,1274550
2002-05-24,22.695269054766328,22.817092774981052,22.424549102783203,22.424549102783203,1530750
2002-05-28,22.60503241032976,22.60503241032976,22.29821661490132,22.334312438964844,659550
2002-05-29,22.289194148013245,22.424551557042218,22.027497477314302,22.090665817260742,673050
2002-05-30,21.792873717889194,22.099686912392016,21.792873717889194,22.000425338745117,1516500
2002-05-31,22.15382846006718,22.316258341841866,22.02749181266338,22.10870933532715,1095150
2002-06-03,22.01847028160622,22.131270684339018,21.52215212406918,21.576295852661133,502200
2002-06-04,21.607879282126177,21.96432709684327,21.499591828625395,21.79738426208496,1565850
2002-06-05,21.79738754977684,22.171879457230393,21.621418797686424,22.13127326965332,1165200
2002-06-06,21.567275121920833,21.725193381028472,21.084493161532507,21.3371639251709,2492850
2002-06-07,21.25142959057038,21.25142959057038,20.83181609352427,20.94010353088379,1746450
2002-06-10,21.025824769843812,21.531165984640335,20.913024423375266,21.292030334472656,667950
2002-06-11,21.404840344506887,21.68007062910101,21.01680966251863,21.030345916748047,810150
2002-06-12,21.003273805444945,21.188265841043023,20.822794715267513,20.958154678344727,683850
2002-06-13,20.845352455460276,20.9446165918193,20.398666423620995,20.416715621948242,999600
2002-06-14,20.416716138101254,20.5746343640194,19.97454045833294,20.421226501464844,1420350
2002-06-17,20.75511631370424,21.409352701987874,20.66036382187512,21.28752899169922,1125300
2002-06-18,20.84535704156873,21.273995260272006,20.755118775408512,21.12961196899414,1700250
2002-06-19,20.935597839636152,21.553739810228027,20.91303827175881,21.328140258789062,973950
2002-06-20,21.093512674124213,21.4273983143683,21.070951821789976,21.319110870361328,2423250
2002-06-21,21.319116039694514,21.364236464415363,21.183756056420428,21.29655647277832,2060850
2002-06-24,21.29655644659399,21.431916429701644,21.007789859578686,21.3371639251709,1659150
2002-06-25,21.404837943565656,21.865060208637516,21.368742130261516,21.544708251953125,2041950
2002-06-26,21.544719688147712,21.544719688147712,20.88597139111972,21.269489288330078,2206050
2002-06-27,21.296557617542334,21.716171264648438,21.28753301575767,21.716171264648438,942750
2002-06-28,21.431919970173965,22.09969152207172,21.08900830055711,21.562767028808594,1571400
2002-07-01,21.116071739901518,21.278502902099145,20.646824869331358,20.75511360168457,2208000
2002-07-02,20.49342155456543,20.669388997561853,20.263310382253824,20.49342155456543,2047650
2002-07-03,20.380623086409113,20.615245935729863,19.708338706269846,20.353551864624023,1772850
2002-07-05,20.746101157096795,21.34168243408203,20.664884882972547,21.34168243408203,634950
2002-07-08,21.25143693520751,21.341676497527832,20.885967030532345,20.91303825378418,1291200
2002-07-09,20.917553139528195,21.337166820501853,20.858896450414985,20.872432708740234,2204100
2002-07-10,21.098026277063806,21.098026277063806,20.416718638734242,20.461837768554688,1980150
2002-07-11,20.303919734185758,20.619758829843345,19.852720657278216,20.43476676940918,2068800
2002-07-12,20.38964780673887,20.917550188961584,20.29489659360472,20.488910675048828,1760400
2002-07-15,20.475373964975443,20.475373964975443,19.378963037351696,20.145999908447266,1587750
2002-07-16,19.71735885750424,19.76247927443492,19.162385345497547,19.221040725708008,2087850
2002-07-17,19.70382260333621,20.15502160909001,19.130801182734896,19.221040725708008,1665750
2002-07-18,19.369944849911608,19.401529025572334,18.846553996041457,18.860090255737305,1810950
2002-07-19,18.86008768816272,18.86008768816272,18.084026116435787,18.169754028320312,1855350
2002-07-22,18.169748990770753,18.494612634732775,17.32600894548207,17.70952796936035,1575300
2002-07-23,17.32600726902346,18.038900231400206,17.24479104316935,17.34405517578125,1660350
2002-07-24,17.145530022746257,18.5216854218762,16.897372227948118,18.517173767089844,1864350
2002-07-25,18.40888856070876,18.860086366793798,17.777210341301195,18.07048988342285,2182650
2002-07-26,18.070480087406928,18.074991740299883,17.461361765784822,17.73659324645996,3563850
2002-07-29,17.844882263106864,18.40888023376465,17.844882263106864,18.40888023376465,2719350
2002-07-30,17.37112999983094,18.454004549826102,17.1410188352349,18.14719009399414,3360750
2002-07-31,18.11560535540251,18.228404461392362,17.646359731960953,18.165237426757812,2473050
2002-08-01,18.1787801574765,18.1787801574765,17.371135637437753,17.826845169067383,2198400
2002-08-02,17.826835239901,17.935122669730223,16.983094068871686,17.21771812438965,2035500
2002-08-05,17.122966788535464,17.280886290211495,16.61762541588262,16.62213706970215,1410600
2002-08-06,17.005662326708222,17.844890918935608,16.919934418024372,17.538076400756836,1674000
2002-08-07,18.047931469868928,18.047931469868928,17.240285731723258,17.975738525390625,1151100
2002-08-08,17.975732942329994,18.751794268272093,17.89000505759618,18.58936309814453,1390650
2002-08-09,18.589370921523358,18.8330184246984,18.201340095248657,18.602907180786133,638700
2002-08-12,18.607413667995175,18.73374904061293,18.13365505251231,18.62546157836914,934200
2002-08-13,18.620950259312533,18.65253442794822,18.273528276985445,18.278039932250977,1447200
2002-08-14,18.27803819982202,18.359254441346163,17.339546867342474,18.332181930541992,1500150
2002-08-15,18.30962185863453,18.49461390163994,17.858424115124375,18.12914276123047,1352100
2002-08-16,18.13366287516873,18.13366287516873,17.91257620043547,18.025375366210938,1033950
2002-08-19,18.00279942296347,18.92775535583496,18.00279942296347,18.92775535583496,1100850
2002-08-20,18.837147784155977,18.837147784155977,18.44291356388208,18.63323402404785,726900
2002-08-21,18.873388143099557,19.03198821777452,18.524467719524377,18.98667335510254,1210500
2002-08-22,19.145275123291707,19.48513206280042,19.018394023759242,19.430753707885742,676050
2002-08-23,19.435290976097736,19.453417964458914,18.85526883499598,18.94136619567871,644400
2002-08-26,19.031985490952557,19.204178832951804,18.782757023093342,19.12261390686035,1366200
2002-08-27,19.5077896178166,19.589354560511428,18.923235243880967,18.98214340209961,1012200
2002-08-28,18.868858189013782,18.868858189013782,18.41118362303736,18.529001235961914,602850
2002-08-29,18.461025111802225,18.49274538026158,18.10304255863514,18.24351692199707,778800
2002-08-30,18.356803211653556,18.72838037302685,18.334146431306117,18.37946128845215,1269300
2002-09-03,18.379459291997417,18.379459291997417,17.695213191060336,17.785842895507812,1516650
2002-09-04,17.794913345802033,18.18008523086408,17.749598472549952,18.12117576599121,964200
2002-09-05,17.808500224608835,17.94444219258575,17.491300138577618,17.545677185058594,1622100
2002-09-06,18.03507667811793,18.098517235273196,17.808506223023972,18.007888793945312,855000
2002-09-09,17.944448236790052,18.071328054649086,17.445992457712443,18.007888793945312,861450
2002-09-10,18.016946046429034,18.16195151276758,17.85381489679817,18.107574462890625,753000
2002-09-11,18.23899732281157,18.284312209032716,18.09852415736559,18.125713348388672,554850
2002-09-12,18.12116735686923,18.12569974960731,17.71787126539771,17.785842895507812,700200
2002-09-13,17.21941366927793,17.264728523061,16.992843289715758,17.16956901550293,1719450
2002-09-16,17.165045526729568,17.319114553771826,17.01550889493247,17.242080688476562,1362000
2002-09-17,17.46864195809193,17.5139555116307,16.924870240470028,16.974716186523438,1328850
2002-09-18,16.770805430029238,16.838777073501934,16.43094850911704,16.702835083007812,1757100
2002-09-19,16.290470937662683,17.409732012503184,16.290470937662683,17.07440757751465,4843350
2002-09-20,17.219415744596645,17.332702244482306,17.07441156578738,17.246604919433594,2261100
2002-09-23,17.128784395719126,17.332697970914232,17.060812771837128,17.30097770690918,2002950
2002-09-24,17.300979104054445,17.300979104054445,16.811585706194563,16.85689926147461,1777800
2002-09-25,16.992849779265605,17.291924298387112,16.76627931317643,17.201295852661133,1763850
2002-09-26,17.40066308595746,17.853804914918456,17.219405057922657,17.831148147583008,1263600
2002-09-27,17.572850665825875,17.785828877319116,17.219399504992403,17.232994079589844,1036950
2002-09-30,17.233016567135714,17.491308635735148,16.62127417293172,17.31458282470703,1895400
2002-10-01,17.59098819921324,18.27523422241211,17.332697589880848,18.27523422241211,1761000
2002-10-02,18.275234028811685,18.578838185552403,17.98522186279297,17.98522186279297,2982600
2002-10-03,17.9897519621725,18.3160141488542,17.445981651036334,17.690677642822266,2004600
2002-10-04,17.695207102047142,17.83115031548858,16.639385539863774,17.02455711364746,2441700
2002-10-07,17.08346576027637,17.332694128289656,16.684700890035344,16.87955093383789,1445100
2002-10-08,16.99283920833483,17.101593275552112,16.313125640001434,16.689233779907227,2478150
2002-10-09,16.31313643826016,16.476267647068568,15.701394081115723,15.701394081115723,2085150
2002-10-10,15.705930476459509,16.245170255997813,15.642489892301102,16.159072875976562,2215500
2002-10-11,16.44907170216869,17.015498908928247,16.44907170216869,16.843305587768555,1790700
2002-10-14,16.811591663917802,16.86143762955116,16.394700843928245,16.507986068725586,813600
2002-10-15,17.55927249094468,18.415712043716603,17.491302147375656,18.35680389404297,3005850
2002-10-16,17.89912734439042,18.302424744918316,17.76771647280095,17.8764705657959,2524950
2002-10-17,18.805412099700426,19.167925705505958,18.77369183507971,19.12714195251465,2509800
2002-10-18,19.149795528028935,19.172453596942855,18.737437342685716,18.84619140625,1217100
2002-10-21,18.855252739323596,20.196554092079374,18.74649868070426,20.16936492919922,1583850
2002-10-22,19.892957828350358,19.892957828350358,19.41262653384693,19.779672622680664,1539000
2002-10-23,19.784206530084653,20.12406349182129,19.376377916710403,20.12406349182129,1211850
2002-10-24,20.18750090947605,20.21015769101823,19.39450059098742,19.485130310058594,899250
2002-10-25,19.37184423246868,20.024368889581552,19.30387258990661,19.951866149902344,1452450
2002-10-28,20.278137655829518,20.291732249784747,19.312944821141077,19.44888687133789,1135650
2002-10-29,19.462473992441595,19.802330932119215,19.167931916398285,19.78873634338379,1361700
2002-10-30,19.802328125622093,20.042494405588666,19.53044287170337,19.89748764038086,1016700
2002-10-31,20.006246661345113,20.078750710002833,19.589355836159186,19.770612716674805,990900
2002-11-01,19.74342159375569,20.264535363858055,19.512318784899687,20.196563720703125,703500
2002-11-04,20.391415391456135,20.826431838276125,20.11046662132592,20.20562744140625,1418850
2002-11-05,20.2056308021966,20.27813225894111,20.051561803429344,20.16484832763672,1129950
2002-11-06,20.278128240136915,20.645174327787576,20.06062002365559,20.608922958374023,1298100
2002-11-07,20.391413535693207,20.391413535693207,20.065151230270395,20.160310745239258,868350
2002-11-08,20.18297786930902,20.663309380018163,20.065161513529613,20.287200927734375,655350
2002-11-11,19.95186212223548,20.02436484727862,19.122611880441827,19.235897064208984,1223850
2002-11-12,19.47154798261482,19.874844393092292,19.32654111866957,19.661867141723633,723900
2002-11-13,19.666389386486493,19.915617917509294,19.344658104362615,19.71170425415039,737550
2002-11-14,19.9382744460475,20.269069216019737,19.920150054957368,20.228286743164062,566850
2002-11-15,20.232819365753176,20.463922223437784,19.942808343231796,20.237350463867188,731550
2002-11-18,20.473943910419052,20.54674008600997,20.096313424116612,20.200958251953125,522450
2002-11-19,20.200949193107178,20.42388705545627,20.02350826925076,20.223697662353516,582750
2002-11-20,20.314694748517304,20.824267796989673,20.087206129600368,20.774221420288086,919350
2002-11-21,20.928908265333938,21.37933464649293,20.724168172817816,21.324737548828125,715950
2002-11-22,21.338390499468478,21.611377349010425,21.151850700532734,21.19734764099121,624150
2002-11-25,21.210992085602378,21.40663200607169,20.956205636241517,21.365684509277344,680850
2002-11-26,21.338385540146255,21.338385540146255,20.592223914425542,20.6013240814209,1315350
2002-11-27,20.71507177998239,21.433935649425678,20.705972912895852,21.352039337158203,1036650
2002-11-29,21.36113861989143,21.49763204242721,21.238296101646526,21.24284553527832,547200
2002-12-02,21.697823244554797,21.929859999437515,21.120003470957275,21.279245376586914,936150
2002-12-03,20.928916462369443,21.120005728189675,20.646829394739296,20.655929565429688,849000
2002-12-04,20.66048440153281,21.12456068562382,20.505793174634697,21.006267547607422,1148100
2002-12-05,21.15639718988678,21.247392359837637,20.915260314941406,20.915260314941406,1028850
2002-12-06,20.81516246940105,21.088147946365183,20.70141754439292,20.92890739440918,649200
2002-12-09,20.824273976545374,20.85612262695037,20.387496948242188,20.387496948242188,734850
2002-12-10,20.451188739081754,20.655927590513464,20.33744377566603,20.628629684448242,486750
2002-12-11,20.628628114814052,20.77876984099315,20.314693757915137,20.687774658203125,428700
2002-12-12,20.778761148561976,20.942552409064813,20.432979598611542,20.874305725097656,487650
2002-12-13,20.792409409821648,20.792409409821648,20.332882982217257,20.419328689575195,575850
2002-12-16,20.583126394283582,21.270141535373664,20.546728327318384,21.22919273376465,888750
2002-12-17,21.324737548828125,21.42938100974588,21.28378874930641,21.324737548828125,1392600
2002-12-18,21.31563990221121,21.361136838129678,21.029004780152903,21.206445693969727,1180200
2002-12-19,21.201889696571254,21.597718904321557,21.05174673045053,21.11089324951172,2079600
2002-12-20,21.156401281566747,21.3065430155989,21.124552640499974,21.24739646911621,1217100
2002-12-23,21.247387182676228,21.270136945893903,21.051747289527317,21.174591064453125,496950
2002-12-24,21.065391540527344,21.283779839767686,21.065391540527344,21.065391540527344,293100
2002-12-26,21.179141080560054,21.47487629527105,21.01080037795044,21.056297302246094,531600
2002-12-27,21.156398360961497,21.156398360961497,20.86066436767578,20.86066436767578,464250
2002-12-30,20.83336754478178,21.001708312319533,20.67412564493362,20.88341522216797,436650
2002-12-31,20.883412708537367,21.097251693877798,20.74691929604002,20.988056182861328,505950
2003-01-02,21.270144047972302,21.77971704567991,20.997157211788377,21.72511863708496,1587750
2003-01-03,21.738758087158203,21.788805737199343,21.520369761557333,21.738758087158203,958650
2003-01-06,21.684171445878558,22.261991160987126,21.684171445878558,22.202844619750977,1233750
2003-01-07,21.611378009701692,22.00265795775589,21.388438829206713,21.433937072753906,2671050
2003-01-08,21.383889108224317,21.383889108224317,20.560382966738384,20.628629684448242,2421750
2003-01-09,20.837915154649775,20.97440857162865,20.601327693357725,20.7014217376709,1999800
2003-01-10,20.63317700466569,20.842466570415038,20.337441692119977,20.728721618652344,913650
2003-01-13,20.928911074340995,21.019904947631066,20.701421184325174,20.86066436767578,1239750
2003-01-14,20.701426423853047,20.77877331844235,20.473939079655533,20.4830379486084,1196850
2003-01-15,20.392034362742105,20.40568396225491,20.032603152988827,20.2327938079834,1643850
2003-01-16,19.927964073406095,20.405688446048714,19.927964073406095,20.009859085083008,2566500
2003-01-17,20.014410886761354,20.014410886761354,19.47298790631595,19.586732864379883,1385100
2003-01-21,19.58672292405825,19.6549683022245,19.01345289592113,19.072599411010742,1216950
2003-01-22,18.79052589916391,18.881522398567665,18.540290081746537,18.57668685913086,1779750
2003-01-23,18.836013017822925,18.98160524811519,18.490230169181576,18.949756622314453,1851300
2003-01-24,18.967965133101554,18.967965133101554,18.38559592080874,18.476591110229492,766800
2003-01-27,18.47659018274958,18.535736727479588,18.13535791412632,18.221803665161133,909300
2003-01-28,18.335545873914292,18.494787760265478,18.158104952028623,18.453840255737305,1005750
2003-01-29,18.458385210972477,18.65402381923068,18.03070732882294,18.53118133544922,1750350
2003-01-30,18.531185497729393,18.531185497729393,17.971563537996317,17.97611427307129,901800
2003-01-31,17.971571545987086,18.526644319678923,17.894225937317753,18.340103149414062,1099500
2003-02-03,18.271843065862992,18.817815268271392,18.271843065862992,18.69042205810547,1193250
2003-02-04,18.426534030368302,18.776865005493164,18.353737915968473,18.776865005493164,1532100
2003-02-05,18.776866685997746,19.254592205775307,18.776866685997746,18.954307556152344,2380200
2003-02-06,19.15450286805647,19.309194011929023,18.940662583525462,19.04985809326172,2115900
2003-02-07,19.20000466889437,19.336496812678963,18.6585829247567,18.795076370239258,1137900
2003-02-10,18.708626270536556,18.88151775450242,18.49478728309897,18.83601951599121,894450
2003-02-11,18.836022964635838,19.081709332145998,18.540288916109535,18.631282806396484,966900
2003-02-12,18.63583316045312,18.85422161674237,18.426543572326985,18.44019317626953,616200
2003-02-13,18.399236212692635,18.42653540848287,17.971558357759164,18.208147048950195,962700
2003-02-14,18.22179915372399,18.622177867949645,18.22179915372399,18.57213020324707,934350
2003-02-18,18.764120730131523,19.234937764277042,18.764120730131523,19.152658462524414,694500
2003-02-19,19.106948116814394,19.198368833598238,18.626989680645494,18.76412010192871,1090650
2003-02-20,18.946956239053794,18.96981239269935,18.668123457754415,18.69554901123047,685800
2003-02-21,18.80982603852898,18.988096727493367,18.4715701080792,18.956100463867188,724800
2003-02-24,18.77325058631287,18.786964012790122,18.375570372962883,18.48984718322754,799350
2003-02-25,18.284163427263895,18.462432861328125,18.0830365231777,18.462432861328125,873150
2003-02-26,18.284153049475076,18.380144429916545,17.959608023100742,18.041887283325195,1159500
2003-02-27,18.23843853105431,18.50812979325903,18.11502031848141,18.466989517211914,1119600
2003-02-28,18.508140651222458,18.800686922110934,18.284160239519714,18.425861358642578,1027200
2003-03-03,18.677271993731257,18.74126584809631,18.339015961119056,18.416723251342773,621000
2003-03-04,18.366423726431886,18.366423726431886,17.5984903715323,17.603059768676758,2170350
2003-03-05,17.575650767625,17.66250078189871,17.31967274181788,17.56193733215332,1942950
2003-03-06,17.511651385508507,17.511651385508507,17.11854174468504,17.19624900817871,1518450
2003-03-07,17.049977184344506,17.552791696701743,16.981411331243997,17.548219680786133,1358850
2003-03-10,17.369936950757314,17.388222386180598,17.191667687111963,17.223665237426758,1046850
2003-03-11,17.228243932067752,17.34251945586328,16.72542953491211,16.72542953491211,1009950
2003-03-12,16.730009482870262,16.821430213960134,16.37346797772711,16.666015625,1013100
2003-03-13,17.4156545650572,18.169876098632812,17.08196943533774,18.169876098632812,2476950
2003-03-14,18.169882695161856,18.33443996641026,17.918475426030557,18.037322998046875,1123350
2003-03-17,18.037323543708457,18.892107499942664,17.918475968096782,18.82354164123535,1021800
2003-03-18,18.8235488725266,18.969823370928285,18.604139086602295,18.80983543395996,799350
2003-03-19,17.82705115843565,18.357291148753404,17.781340160550403,18.302438735961914,3390300
2003-03-20,18.284157685436295,18.576702607674672,18.03274913427911,18.544706344604492,1845300
2003-03-21,18.741257327184982,19.262355882824192,18.576700095054385,19.216646194458008,2351700
2003-03-24,18.946951861041786,18.946951861041786,18.434996108460684,18.526416778564453,1815300
2003-03-25,18.66355191355733,18.928672578704607,18.549276373583307,18.901247024536133,1184400
2003-03-26,18.709265007166792,18.727549147919415,18.293300478098327,18.49899673461914,1240950
2003-03-27,18.192748580982922,18.45786944382719,18.087614378073003,18.293312072753906,1333500
2003-03-28,18.1790186580201,18.1790186580201,17.859046936035156,17.859046936035156,1055400
2003-03-31,17.863620703489214,17.955041397973798,17.465940355535093,17.708206176757812,1249800
2003-04-01,17.708204966753513,17.977895016216486,17.539075712675086,17.941328048706055,1164900
2003-04-02,18.105886406875015,18.910388513103463,18.105886406875015,18.818967819213867,1524750
2003-04-03,18.82353551039438,18.82353551039438,18.412141799926758,18.412141799926758,1341750
2003-04-04,18.695554811651785,18.736695116307008,18.201882925855287,18.38015365600586,1398900
2003-04-07,18.7412581500835,19.134369072444407,18.544704650580073,18.57213020324707,1175700
2003-04-08,18.357292850240352,18.444142838822938,18.128741762984372,18.275014877319336,1710150
2003-04-09,18.307023168655196,18.512719529198733,18.055614471435547,18.055614471435547,872850
2003-04-10,18.10131557440636,18.10131557440636,17.75391691492064,17.84076690673828,1628700
2003-04-11,17.90933426812276,18.211021949212338,17.753918411360736,17.827054977416992,804750
2003-04-14,17.84990354569015,18.151592428395432,17.781337712195608,18.10131072998047,962850
2003-04-15,18.101314106628365,18.361864060954126,17.369947259230422,18.284156799316406,3257250
2003-04-16,18.28415415677676,18.549273472677484,18.279582141976398,18.412141799926758,3270150
2003-04-17,18.41214508189694,18.41214508189694,18.0556037154191,18.32529640197754,1681800
2003-04-21,18.457858933967252,18.540138226547132,18.302443073665255,18.425861358642578,1041000
2003-04-22,18.425852290428484,18.690972871835562,18.238440254820933,18.67725944519043,1294350
2003-04-23,18.56299088927212,18.709264007477334,18.435001910842555,18.558420181274414,1274550
2003-04-24,18.512707710627875,18.549275987280783,18.275013912383983,18.37557601928711,1009500
2003-04-25,18.3801530306835,18.421292026153978,18.04646643468661,18.147029876708984,969750
2003-04-28,18.23844610323787,18.686406849826206,18.156166824767393,18.581274032592773,569850
2003-04-29,18.51271016712984,18.782401570177296,18.37100774935076,18.49899673461914,1361550
2003-04-30,18.467005164001062,18.649847938744728,18.32987471767498,18.594995498657227,1271100
2003-05-01,18.59499399622084,18.59499399622084,18.101320767535764,18.22473907470703,877650
2003-05-02,18.233871148464637,18.604125880220863,18.192732169753242,18.412141799926758,1757100
2003-05-05,18.558413859174838,18.64526251268474,18.211014013997666,18.398426055908203,1042650
2003-05-06,18.457856280543922,18.878391484491747,18.403003862637682,18.626985549926758,1281450
2003-05-07,18.46242959907465,18.850968595023193,18.3801516144733,18.741262435913086,1383000
2003-05-08,18.741257523282833,18.75954296816219,18.462424759534596,18.530990600585938,788700
2003-05-09,18.626983675957646,18.786968897916914,18.51270683597788,18.70469093322754,1133850
2003-05-12,18.732109313333613,19.175500457873543,18.58126556396873,19.161787033081055,931650
2003-05-13,19.129806746040636,19.129806746040636,18.754981079329,18.846403121948242,771000
2003-05-14,18.901247639457946,18.914959763095904,18.5218501142088,18.626985549926758,729000
2003-05-15,18.69555273508678,18.745834452223704,18.540138182935348,18.741262435913086,1484850
2003-05-16,18.544706369744855,18.649840498248164,18.42128810184031,18.622413635253906,1029450
2003-05-19,18.585842738546884,18.585842738546884,18.115025888335648,18.151594161987305,923250
2003-05-20,18.372065504096184,18.372065504096184,17.912763012346677,18.073518753051758,690750
2003-05-21,18.068921189513226,18.266419657017156,17.866827411846877,18.179153442382812,1423350
2003-05-22,18.156194609466215,18.70735740661621,18.151601925625396,18.70735740661621,1674000
2003-05-23,18.776250071898254,18.776250071898254,18.450147206617068,18.542007446289062,953700
2003-05-27,18.34909692776397,18.76246858767059,18.326132200567013,18.739503860473633,1116900
2003-05-28,18.730315626732096,18.77165370914273,18.454734981022074,18.48688507080078,1023600
2003-05-29,18.463921749720033,18.519037883053706,18.05055140675362,18.114852905273438,1618650
2003-05-30,18.206703454376544,18.61088821741571,18.16995938500935,18.569551467895508,1609950
2003-06-02,18.83136474552981,19.286074538997468,18.80380733281589,18.914039611816406,1617000
2003-06-03,18.840550760610032,18.840550760610032,18.326133476770224,18.349098205566406,3408300
2003-06-04,18.55578730348756,19.304449972303253,18.532822569851582,19.295263290405273,2436000
2003-06-05,19.244734725626195,20.392989500174394,19.152874501351018,20.291942596435547,4855500
2003-06-06,20.29653061415565,21.03600623516323,20.09903084883949,20.186298370361328,2832450
2003-06-09,20.21386509986767,20.21386509986767,19.52031864852628,19.658109664916992,2047800
2003-06-10,19.65810379521303,19.887754982601933,19.58461562550012,19.726999282836914,1045050
2003-06-11,19.759160798536882,20.337881088256836,19.70404464304321,20.337881088256836,1037850
2003-06-12,20.43893091630412,20.79259263547336,20.43893091630412,20.622650146484375,2152350
2003-06-13,20.627231135821482,20.627231135821482,19.694848319209267,19.92449951171875,1801500
2003-06-16,20.57670554702424,20.994669806584856,20.37002041513656,20.884437561035156,2194800
2003-06-17,20.884442107197017,21.05438319422787,20.645605523182304,20.944150924682617,1720650
2003-06-18,20.94414982189272,20.94414982189272,20.576708942755715,20.76042938232422,1312050
2003-06-19,20.765020015654688,20.957927115201212,20.209264755249023,20.209264755249023,1022550
2003-06-20,20.27816896211766,20.457296778569397,20.14497192781343,20.190902709960938,1537350
2003-06-23,20.19548997891409,20.19548997891409,19.671886036004924,19.76374626159668,1026450
2003-06-24,19.768339300506504,19.919909661017847,19.598398208618164,19.598398208618164,904350
2003-06-25,19.511123249202978,19.61217011780866,19.1436824798584,19.1436824798584,1754850
2003-06-26,19.203401355767337,19.501948123113785,19.05183228737566,19.46061134338379,1805100
2003-06-27,19.465207318272558,19.56166157922693,19.051836795024407,19.1574764251709,892350
2003-06-30,19.198808037882586,19.598400399595803,19.185028673737047,19.286075592041016,908100
2003-07-01,19.2217779517343,19.226371950403205,18.721138536723902,19.1574764251709,1465650
2003-07-02,19.318219691824574,19.51112546055814,19.152870012807238,19.465194702148438,999150
2003-07-03,19.336594818911074,19.44682707980341,19.06101416668023,19.189617156982422,443550
2003-07-07,19.299842404824243,19.50193612376357,19.18042482262016,19.29065704345703,1583400
2003-07-08,19.286073125256642,19.749968250932895,19.24473503810737,19.736188888549805,1496400
2003-07-09,19.73618688402895,19.84182514737722,19.584616541353952,19.690256118774414,1119600
2003-07-10,19.474391433917912,19.685670666354582,19.36415913370904,19.419275283813477,1653150
2003-07-11,19.511128518236696,19.855604661041927,19.336594762700624,19.621360778808594,1344150
2003-07-14,19.749968322424497,20.264385588580318,19.727002280345438,19.910722732543945,1833450
2003-07-15,19.97961152063267,20.00257624092687,19.805077806696097,19.84641456604004,2411400
2003-07-16,19.915306613339045,20.057688905914954,19.86937586658397,19.99798011779785,1501350
2003-07-17,20.43891716003418,20.78339327718001,20.383799719781628,20.43891716003418,2045400
2003-07-18,20.443512151227516,20.85229114506912,20.31490914808585,20.82473373413086,1625250
2003-07-21,20.824740301170884,20.843111038208008,20.567530271559885,20.843111038208008,1144200
2003-07-22,20.80636148660144,20.870662987547338,20.347059044085842,20.631826400756836,1314600
2003-07-23,20.85228441212008,21.127866316954655,20.599668542069665,21.03141212463379,1208400
2003-07-24,21.02682390530702,21.64688069462026,21.013044544326856,21.233509063720703,1943550
2003-07-25,21.32537481528458,21.4907232477473,20.85688693293726,21.329967498779297,762450
2003-07-28,21.127868624284712,21.155426029334507,20.723682399620568,20.93955421447754,1474950
2003-07-29,20.939555182052295,20.939555182052295,20.34705583427483,20.78798484802246,3202350
2003-07-30,20.806366154230396,20.806366154230396,20.47566795349121,20.47566795349121,1720650
2003-07-31,20.599679619130114,21.577992227959285,20.47107527428649,21.17380714416504,2129250
2003-08-01,21.17380449020926,21.532058748904646,21.12328103254951,21.40345573425293,2281800
2003-08-04,21.224325237070964,21.357522232005078,20.820138941488604,21.297813415527344,2127150
2003-08-05,21.288623984602502,21.288623984602502,20.774206801896934,20.78798484802246,1406400
2003-08-06,20.696127151065852,20.92118435303258,20.484847996023642,20.700719833374023,1071450
2003-08-07,20.668566940213786,20.944147569935552,20.613450814269434,20.9257755279541,1922550
2003-08-08,20.967115091868756,21.23351039318519,20.953337044098117,21.10490608215332,1420500
2003-08-11,21.18299217149546,21.37130533322012,21.00845706008784,21.150840759277344,644100
2003-08-12,21.210544004530195,21.39885711669922,21.031416256822016,21.39885711669922,881250
2003-08-13,21.403450034484013,21.826007002050194,21.38507799241592,21.720367431640625,1232850
2003-08-14,21.7203668643962,22.13832982497585,21.573390531689846,21.908679962158203,1011450
2003-08-15,21.90867967494796,22.15210889428363,21.77089002187813,22.046470642089844,354600
2003-08-18,22.29910223102396,22.684914034008603,22.280728863757844,22.6206111907959,1128300
2003-08-19,22.73125712039002,22.92951912494281,22.39005609122332,22.459217071533203,2288550
2003-08-20,22.43155896170336,22.473054503253486,22.320899787031625,22.357786178588867,899700
2003-08-21,22.25173806582008,22.639046529610823,22.25173806582008,22.546829223632812,1237500
2003-08-22,22.777368388311814,22.7912011144357,22.380839033836214,22.408504486083984,987900
2003-08-25,22.38083880199156,22.588324415055013,22.085746364104807,22.131855010986328,839250
2003-08-26,22.13185896120969,22.173357146558306,21.762994996965954,22.02581024169922,1092750
2003-08-27,21.87825621335963,22.09035357053392,21.845980299152917,22.00735855102539,878700
2003-08-28,22.131857298343668,22.3900620539142,21.892095739599604,22.330121994018555,908100
2003-08-29,22.399284907321274,23.044798170584215,22.399284907321274,22.832700729370117,2058450
2003-09-02,23.007916962861326,23.445944672672532,22.971030557736373,23.353727340698242,2715900
2003-09-03,23.353716111339686,23.376769773667224,22.712814800672962,22.777366638183594,2639400
2003-09-04,22.777367911982772,22.83269617699853,22.224069431889077,22.791200637817383,1920750
2003-09-05,22.666705802167986,22.675926738753564,22.251731995948905,22.34855842590332,1003950
2003-09-08,22.440778675144376,22.74970251736491,22.334728656253972,22.615989685058594,736950
2003-09-09,22.54681790315002,22.5790951312817,22.030408636260546,22.039630889892578,1138800
2003-09-10,21.952030351460753,21.99352720423128,21.3572364120515,21.375680923461914,2013750
2003-09-11,21.53706157179901,21.753769447803364,21.357240086639592,21.643110275268555,1197000
2003-09-12,21.597008248467738,21.721500177923147,21.29730525990298,21.64772605895996,889950
2003-09-15,21.647723191618674,21.703052784141114,21.52784306740082,21.532453536987305,873300
2003-09-16,21.560116165335526,22.27018119844013,21.560116165335526,22.247127532958984,1459050
2003-09-17,22.108802994702817,22.191796718448455,21.776825461397355,21.869041442871094,962700
2003-09-18,21.993524733470647,22.1595147642277,21.910531037253136,21.998136520385742,827850
2003-09-19,22.00275864737582,22.00275864737582,21.610840978220942,21.64772605895996,871800
2003-09-22,21.53245077270777,21.53245077270777,21.17280780790115,21.311132431030273,911100
2003-09-23,21.30189699669129,21.49094061930426,21.182016962020192,21.40794563293457,656700
2003-09-24,21.449448238539667,21.449448238539667,20.956092611184847,20.965314865112305,999450
2003-09-25,20.965324021008037,21.099036867643893,20.75783706821691,20.767059326171875,691950
2003-09-26,20.66101782942856,20.697904235805332,20.241434627102283,20.471975326538086,1187550
2003-09-29,20.596458661736165,20.771668359149412,20.356695801425165,20.587236404418945,1159950
2003-09-30,20.59184161453502,20.771663054262877,20.2921400944293,20.61028480529785,1577250
2003-10-01,20.564182603192464,21.140533447265625,20.550349876889264,21.140533447265625,1340250
2003-10-02,21.809090695084347,21.94741526744338,21.481723771718137,21.790647506713867,2624100
2003-10-03,21.901307638699045,22.343944153175737,21.901307638699045,22.039630889892578,1782750
2003-10-06,22.131859187202995,22.546830491633767,22.085750531620906,22.37162208557129,1435650
2003-10-07,22.256344085703034,22.592933339710626,22.131852205978614,22.449996948242188,658050
2003-10-08,22.52376877632756,22.52376877632756,22.26556409096948,22.362390518188477,1028850
2003-10-09,22.708204757692386,22.708204757692386,22.362394519563452,22.408504486083984,995700
2003-10-10,22.362405087337113,22.431568750641127,22.182584839394643,22.237913131713867,531150
2003-10-13,22.256343783402862,22.500715752015886,22.256343783402862,22.34855842590332,607950
2003-10-14,22.708207628194707,22.708207628194707,22.4638355918685,22.68515396118164,1337400
2003-10-15,23.3537176741817,24.054559081465175,23.307610346441095,23.621143341064453,4444800
2003-10-16,23.607312391383747,23.607312391383747,22.592937913151435,23.293779373168945,1944750
2003-10-17,23.515088245655907,23.676466478131864,23.15544540294725,23.21538543701172,1205850
2003-10-20,23.28455524519934,23.58425549533527,23.109344244613684,23.238445281982422,905100
2003-10-21,23.23844943812403,23.261503104694306,22.975635528564453,22.975635528564453,878250
2003-10-22,22.77736738438936,22.97563205288856,22.44077809907076,22.45461082458496,1777950
2003-10-23,22.385450127228527,22.63443127476286,22.339340162139067,22.556049346923828,1122300
2003-10-24,22.523775100708008,22.611380616200403,22.27940307038222,22.523775100708008,853050
2003-10-27,22.82347280637499,22.95718562409302,22.708201862255528,22.86035919189453,957900
2003-10-28,22.92952058640441,23.063236044841812,22.809640490897554,23.017126083374023,927750
2003-10-29,23.017131447701665,23.173900604248047,22.89725132425578,23.173900604248047,904650
2003-10-30,23.42288067610044,23.67647361019713,23.330663384769053,23.63497543334961,1196850
2003-10-31,23.745632734710973,23.81018456974007,23.47820709600499,23.50126075744629,1008750
2003-11-03,23.50127132513743,23.962352676262693,23.47821765332971,23.86552619934082,1314000
2003-11-04,23.865513566572766,24.146771907401117,23.814794460113553,24.08222007751465,1145250
2003-11-05,24.321985234835584,24.386534432632494,24.068389678053162,24.280487060546875,1315950
2003-11-06,24.66779978662688,25.38247398262877,24.621689816516184,25.29486846923828,4383300
2003-11-07,25.29025665052087,25.29025665052087,24.97211184024872,24.981332778930664,2305650
2003-11-10,24.85221831637853,24.889104689531635,24.617067357737294,24.792278289794922,2199900
2003-11-11,24.783066260364308,25.004384602360933,24.67701887752862,24.847618103027344,2265750
2003-11-12,24.8614458376987,25.128871454338903,24.829171242008403,25.105817794799805,1083150
2003-11-13,25.059711300043777,25.174982239853247,24.89833303963944,25.13809585571289,901500
2003-11-14,25.138096806231538,25.174983191766636,24.77845388768374,24.96749496459961,1122300
2003-11-17,24.96750985462651,24.96750985462651,24.317387251643122,24.67241859436035,825600
2003-11-18,24.54747053947041,24.760321051883963,24.15415382385254,24.15415382385254,1377300
2003-11-19,24.121778073592484,24.330003132206027,23.941314414462212,24.246713638305664,1203600
2003-11-20,24.154152568525287,24.454923380212225,23.982945464179174,24.385513305664062,941100
2003-11-21,24.616886269327463,24.616886269327463,23.899665322164537,24.4965763092041,973800
2003-11-24,24.496567328140195,24.940783872067932,24.478059739660196,24.922273635864258,935400
2003-11-25,24.825108653836853,25.435904244334147,24.811226634993236,25.334104537963867,1134000
2003-11-26,25.426643964807322,25.426643964807322,25.047211881968266,25.371118545532227,677700
2003-11-28,25.310966789139414,25.449784319247918,25.28320275357288,25.44515609741211,170400
2003-12-01,25.449778258481413,26.171627124960786,25.38499640682844,26.014299392700195,1338300
2003-12-02,25.958781146203247,25.963406720489825,25.55158233642578,25.55158233642578,1506150
2003-12-03,25.59785564530388,25.722791157629118,25.431274079628842,25.44515609741211,1016250
2003-12-04,25.912486619448526,26.50939970161281,25.796807636819768,26.42148208618164,3366000
2003-12-05,26.490913702782812,26.97677376876818,26.46777523968645,26.551067352294922,2225550
2003-12-08,26.55568753199314,26.6667410118531,26.31507298282513,26.57419776916504,1075500
2003-12-09,26.68987978521144,26.976768606832817,26.671369547821104,26.70838737487793,1439700
2003-12-10,26.80094081339428,26.82407663085425,26.046702043756024,26.167009353637695,1383600
2003-12-11,26.236408753542666,26.888850255654724,26.236408753542666,26.847204208374023,825750
2003-12-12,26.805561319221788,26.93049682805953,26.601964575440196,26.800935745239258,705600
2003-12-15,27.254408397522727,27.328444071769812,26.79631233215332,26.79631233215332,954300
2003-12-16,26.694516735240207,26.921252015488108,26.592717005518704,26.8194522857666,773550
2003-12-17,26.82407165563853,26.82407165563853,26.467772719210984,26.71764373779297,990300
2003-12-18,26.68526177640842,27.171121935364884,26.578833828062557,27.15723991394043,1078500
2003-12-19,27.254402747723244,27.481137945999766,26.999906163152385,27.23589515686035,1015350
2003-12-22,27.41173263271914,27.513532343358126,27.175743597930797,27.41636085510254,737700
2003-12-23,27.33769220205429,27.34694864520975,27.06005980504281,27.23589515686035,941850
2003-12-24,27.18499475043902,27.18499475043902,27.050802804689106,27.10633087158203,170550
2003-12-26,27.106329872995392,27.184993748954437,27.069312045671815,27.14797592163086,158550
2003-12-29,27.14336185044211,27.462640446585787,26.976782864508557,27.439504623413086,743850
2003-12-30,27.46262931823731,27.541293203328674,27.328440009576397,27.462629318237305,584250
2003-12-31,27.513535120702247,27.670862924925526,27.393227803834236,27.532045364379883,496350
2004-01-02,27.532037394876642,27.795787771070202,27.481137549152695,27.582937240600586,802350
2004-01-05,27.670842653080324,28.147445996263713,27.62456840164944,28.096546173095703,1129350
2004-01-06,28.096564108703163,28.128956370154853,27.73563954439165,27.809675216674805,1247100
2004-01-07,27.64771824038664,28.20298570996405,27.63383622268169,28.10118865966797,1332600
2004-01-08,28.101188308332745,28.226123818391173,27.925352949900578,28.189105987548828,1037550
2004-01-09,28.078048499445643,28.189101976169493,27.490388863621273,27.564424514770508,814650
2004-01-12,27.68011202542321,27.8420653772879,27.28216965499708,27.342323303222656,1406100
2004-01-13,27.356201877152277,27.647716285168258,26.972141573556073,27.10633087158203,1147650
2004-01-14,27.217377411013707,27.76339090672453,27.217377411013707,27.707862854003906,838500
2004-01-15,27.786537505632754,28.073426378101722,27.712501838397174,27.772655487060547,1022850
2004-01-16,27.777292720784587,28.13821737758182,27.67086740750311,28.08268928527832,993300
2004-01-20,28.082687564343956,28.221505138870658,26.666753070076613,26.731534957885742,2697000
2004-01-21,26.736158877771132,27.300680236196456,26.282691031547078,27.115591049194336,2001300
2004-01-22,27.06931947514268,27.259036885142468,26.953637740109944,26.967519760131836,866550
2004-01-23,27.046176714310675,27.147976403187215,26.57419874563209,26.68062400817871,805950
2004-01-26,26.68063638303317,27.208142662208854,26.467783111491674,27.189632415771484,982800
2004-01-27,26.958255192701884,26.99990123612972,26.231778105560785,26.236406326293945,1686450
2004-01-28,26.486277634125265,26.685248764649117,25.83846440472449,25.88936424255371,1408650
2004-01-29,25.963416163454276,26.00506223352583,24.89452684220329,25.417402267456055,1824150
2004-01-30,25.422020283681384,25.55158137011827,25.199913294597444,25.44515609741211,1477200
2004-02-02,25.357247355185095,25.65801833515643,25.17215813237006,25.287839889526367,1093650
2004-02-03,25.241558545911214,25.241558545911214,24.85749557746726,24.95929527282715,1687500
2004-02-04,24.778845342153073,25.125887986587358,24.755709518887485,25.01020622253418,1377750
2004-02-05,25.264683147734615,25.61635105602919,25.218408894553487,25.47290802001953,1717500
2004-02-06,25.542327315065396,26.44463728003126,25.505309483926922,26.19476890563965,1516950
2004-02-09,26.467776051934607,26.55569374168091,26.069836308509807,26.116107940673828,945150
2004-02-10,26.1438755972149,26.25030089546565,25.829222629959744,26.00968360900879,1044150
2004-02-11,26.1207202312473,26.59269805291871,26.042059026117453,26.5603084564209,1672050
2004-02-12,26.620476317561938,26.79168347926461,26.46777675012331,26.713022232055664,957300
2004-02-13,26.930489823006727,26.9721358643612,26.560311614489414,26.699129104614258,900000
2004-02-17,27.112315209199654,27.246947817327452,27.005535699791693,27.16802406311035,668250
2004-02-18,27.121617281275483,27.158757426952533,26.85235188923506,26.88949203491211,951750
2004-02-19,27.112336495135473,27.2423256939625,26.85235544100831,26.9266357421875,822150
2004-02-20,26.926627542865326,26.9359119135673,26.332382657909882,26.350954055786133,1584300
2004-02-23,26.43916149312532,26.44844586357252,25.942411811824837,26.02133560180664,571200
2004-02-24,25.905274391367143,26.230251299363673,25.770641708105156,25.960983276367188,644400
2004-02-25,26.2070199519938,26.671272766071827,26.1141709830607,26.536640167236328,1289400
2004-02-26,26.281324750481915,26.629513987122532,26.230256712417496,26.504165649414062,655200
2004-02-27,26.583083399767833,26.583083399767833,26.077049255371094,26.077049255371094,2409000
2004-03-01,26.35558909829487,26.471650335946485,26.155960581768355,26.378801345825195,1836450
2004-03-02,26.37880226842099,26.527362782988106,26.239526121896436,26.494863510131836,1074900
2004-03-03,26.494860576845976,26.703776101739233,26.323087832953913,26.592355728149414,1502250
2004-03-04,26.833759518797162,27.177307590197252,26.78733503709766,26.9498233795166,1330800
2004-03-05,26.671279811430345,27.27016538254264,26.671279811430345,27.181957244873047,1556100
2004-03-08,27.4280073531114,27.525502504952552,27.01018161396295,27.03339385986328,1283100
2004-03-09,27.04268878867005,27.27945750838511,26.545939094273855,26.55522346496582,926250
2004-03-10,26.764131461034076,26.764131461034076,25.719564345796545,25.747417449951172,1541400
2004-03-11,25.547793166793,25.905266595421928,25.306380987183502,25.343521118164062,1672800
2004-03-12,25.301736192571077,26.253454325136214,25.278523943943377,26.039897918701172,986850
2004-03-15,25.951688209564534,26.244168368811557,25.66849507438385,25.882051467895508,1062750
2004-03-16,26.216318859876196,26.276671248339117,25.80777736711238,26.10489845275879,988800
2004-03-17,26.090961623903667,26.70377498116779,26.021324889508918,26.531999588012695,1163700
2004-03-18,26.46236712985219,26.527363019673103,26.188458346616233,26.45772361755371,954450
2004-03-19,26.323101218986114,26.504161078438095,26.230252188680563,26.3463134765625,1367700
2004-03-22,25.94704691619031,26.104894461158132,25.403872846606657,25.691709518432617,1366650
2004-03-23,25.998119892319163,25.998119892319163,25.47351711579285,25.626718521118164,740700
2004-03-24,25.533864974975586,25.728849996133444,25.43172895190369,25.533864974975586,1015050
2004-03-25,25.719567175336106,26.07704062112762,25.473514127835656,25.988832473754883,720150
2004-03-26,25.988829521113036,25.988829521113036,25.617428235671788,25.696352005004883,1684050
2004-03-29,25.81241846452675,26.19774770812732,25.81241846452675,26.067758560180664,1509300
2004-03-30,26.067763032992914,26.29060388754204,25.909918091805412,26.253463745117188,834450
2004-03-31,26.25345593291056,26.34166407698067,25.956334881925645,26.230243682861328,760800
2004-04-01,26.32309825883289,26.778066956879087,26.239533609660604,26.55522346496582,1000350
2004-04-02,26.675931364934264,27.228389949379327,26.675931364934264,27.047332763671875,1051950
2004-04-05,27.019478316851647,27.446591274536924,26.856989864893496,27.41873550415039,802500
2004-04-06,27.34446256334964,27.836568908781434,27.270182260021326,27.59980010986328,1657650
2004-04-07,27.53014606453355,27.53014606453355,26.95447540283203,26.95447540283203,1624500
2004-04-08,27.08910358290944,27.20516480473215,26.671275214934436,26.759483337402344,1226550
2004-04-12,26.805907826131428,26.982324071067247,26.703774482221664,26.759483337402344,1271550
2004-04-13,26.787342943236094,26.847695318552258,26.23488188466169,26.309162139892578,1277550
2004-04-14,27.39087814423693,27.5626536140039,26.717714775443365,27.32124137878418,3195750
2004-04-15,27.576563742341826,27.80869147969387,27.07517346137965,27.163381576538086,2137200
2004-04-16,27.344436484636542,27.492996949609296,27.22837262520008,27.26087188720703,1245750
2004-04-19,27.158751367171934,27.158751367171934,26.740925485650465,26.894126892089844,2797200
2004-04-20,27.04269049482302,27.441947680962397,26.85698978690615,26.86163330078125,1864200
2004-04-21,26.829138829800133,26.931272235010308,26.569155161344618,26.824495315551758,1600350
2004-04-22,26.833771479723847,27.739062558743385,26.717710223741772,27.553361892700195,1654500
2004-04-23,26.83376651753602,27.321231671932697,26.606284903994673,26.847694396972656,2087400
2004-04-26,26.852342561560807,27.047327594515355,26.592361632130796,26.61557388305664,1389450
2004-04-27,26.810557859345938,27.12160679114239,26.76413335932395,26.7919864654541,1043700
2004-04-28,26.78734271657402,26.78734271657402,26.081680297851562,26.081680297851562,1734150
2004-04-29,26.16525439975203,26.188466655666065,25.510657094497606,25.636005401611328,1628100
2004-04-30,25.923832555180102,26.14203246160763,25.668495178222656,25.668495178222656,1273200
2004-05-03,25.668505201205804,25.905273935351243,25.654577316082843,25.83099365234375,1099800
2004-05-04,25.88206051200837,26.01204967317434,25.427091806746617,25.482803344726562,1464750
2004-05-05,25.580291868952287,25.83562929406611,25.482799349245703,25.663856506347656,1657950
2004-05-06,25.464228168823674,25.826345142554338,25.338879883437215,25.719568252563477,1892550
2004-05-07,25.533863664742572,25.79848542088622,25.153175354003906,25.153175354003906,1591800
2004-05-10,25.02319693716761,25.078905825698907,24.015769521108986,24.410383224487305,2786700
2004-05-11,24.62393231116753,24.832845229133323,24.62393231116753,24.814273834228516,1146600
2004-05-12,24.9071310376271,25.306388223960187,24.512517365171362,25.264604568481445,2721150
2004-05-13,25.204246085807043,25.752063706295438,24.990689659036203,25.515295028686523,2480250
2004-05-14,25.603513770703007,25.67315320850644,25.157831994652746,25.366744995117188,964950
2004-05-17,25.023188079737245,25.046400329781594,24.558935109435073,24.619287490844727,1062750
2004-05-18,24.493492876459445,24.90816362680197,24.46087940145356,24.763729095458984,1748550
2004-05-19,25.392719553325907,25.872619882203498,24.954755783081055,24.954755783081055,1933650
2004-05-20,24.847579820223434,24.880193276327446,24.507456637898468,24.749736785888672,946200
2004-05-21,25.066575113667437,25.285556983790023,24.908159974235215,25.220327377319336,1349100
2004-05-24,25.40669622784354,25.798071207585384,25.05259759476657,25.308853149414062,959850
2004-05-25,25.13646462735896,25.87728075287934,25.001347857980512,25.858642578125,722250
2004-05-26,25.74215349547082,25.821361048566533,25.56044534345653,25.662948608398438,791700
2004-05-27,25.816707586561062,26.086943779850003,25.784094114658064,26.007736206054688,1237650
2004-05-28,25.975114349481498,26.00772781085699,25.676924990540414,25.88658905029297,664350
2004-06-01,25.88659549753489,26.20808064695853,25.793409966645697,26.198762893676758,1107450
2004-06-02,26.37114947998787,26.81843356455774,26.329215597300657,26.69263458251953,1495650
2004-06-03,26.674000207879082,26.674000207879082,26.2500118181787,26.31058120727539,954900
2004-06-04,26.743900888973663,26.781174583136362,26.510940966963016,26.59946632385254,861900
2004-06-07,26.674005650412447,27.07935595216222,26.674005650412447,27.060720443725586,728250
2004-06-08,27.12128640128736,27.3822021484375,26.948895973030417,27.3822021484375,829650
2004-06-09,27.484709764138483,27.517323237916372,26.93957980224963,26.94890022277832,846000
2004-06-10,26.97685460239942,26.97685460239942,26.725259224223258,26.869693756103516,759750
2004-06-14,26.743894576070325,26.827759701633788,26.562186359678773,26.674007415771484,839700
2004-06-15,27.186534061359957,27.186534061359957,26.548220899081848,26.66469955444336,1253850
2004-06-16,26.669343681758672,26.669343681758672,26.045008867889447,26.445701599121094,2067900
2004-06-17,26.441038034231816,26.585475193872725,26.20341801832775,26.534223556518555,1275300
2004-06-18,26.53889162654499,26.972200611319018,26.46900445662641,26.83708381652832,820650
2004-06-21,26.84172925438899,26.874345385125594,26.590131290528046,26.62274742126465,550650
2004-06-22,26.650716871379945,26.7019712031142,26.37116548190484,26.60878562927246,1659450
2004-06-23,26.618094453514217,26.93026188877827,26.524911576970766,26.892988204956055,1052550
2004-06-24,26.90697324395986,27.079363743709074,26.827765645253525,26.897655487060547,877800
2004-06-25,26.860381117638763,27.30300521850586,26.837085392964156,27.30300521850586,1168800
2004-06-28,27.675730321066798,27.708346454496045,26.990826177360177,27.03742027282715,1243200
2004-06-29,27.102653737967977,27.344934028292744,26.99083268074677,27.25640869140625,971550
2004-06-30,27.32628690878701,27.736299983762517,27.125940580250685,27.703683853149414,928650
2004-07-01,27.610520820026455,27.68506822061577,26.883682331267984,27.079368591308594,1049400
2004-07-02,27.079355093604057,27.079355093604057,26.23137816806839,26.36183738708496,1706250
2004-07-06,26.366496094056316,26.650707596421213,26.26399546433517,26.571502685546875,1231350
2004-07-07,26.57149487882484,26.776498744061,26.319896923560297,26.6367244720459,1600350
2004-07-08,26.692640509082427,26.72525664708872,26.27796979718438,26.296607971191406,1029000
2004-07-09,26.557514574791284,26.692631292096216,26.506262946499223,26.618083953857422,1279200
2004-07-12,26.622744393951482,26.622744393951482,26.26398565880791,26.510923385620117,733800
2004-07-13,26.627417748695237,26.785832937421382,26.604122024711913,26.697307586669922,1060200
2004-07-14,26.69729479149259,27.009462142101576,26.47831029215728,26.69263458251953,983700
2004-07-15,26.860365233855706,26.934912575141055,26.53421994922651,26.660018920898438,914550
2004-07-16,26.953551100830158,26.953551100830158,26.65536170224087,26.701955795288086,846000
2004-07-19,26.701962438008522,26.906966367526284,26.529569316291802,26.8277587890625,1000200
2004-07-20,26.827761969627606,26.99083469013519,26.674009670767227,26.804466247558594,869550
2004-07-21,27.023444131584526,27.209812527938638,26.482974449145686,26.487634658813477,1343550
2004-07-22,26.39444455076348,26.399104759623178,25.872613131458806,26.17546272277832,1354800
2004-07-23,25.92853405502703,26.058993301971693,25.723530094717024,26.045015335083008,1398150
2004-07-26,26.040350836766986,26.259335393936126,26.03569329258731,26.14751434326172,1240950
2004-07-27,26.203410043960634,26.608762810212195,26.12886271522733,26.51557731628418,1078650
2004-07-28,26.520255407162313,27.06072523793843,26.464346205923164,26.8557186126709,1637400
2004-07-29,27.07003367019685,27.20981062418882,26.678658732224065,26.888322830200195,1341450
2004-07-30,26.77184131477864,26.860366620377533,26.482969685880676,26.734567642211914,1506300
2004-08-02,26.650707265830512,27.107311880841266,26.534228673041316,27.060720443725586,1115100
2004-08-03,27.060726735251766,27.060726735251766,26.762534536720114,26.767194747924805,654900
2004-08-04,26.76718907199575,27.093334470522915,26.664685775425934,26.986173629760742,822750
2004-08-05,26.953553945305302,26.958214154908884,25.95182216243949,25.975120544433594,2029500
2004-08-06,25.760802979555596,25.760802979555596,24.922143654609243,24.95941734313965,2356500
2004-08-09,25.31350267888492,25.31350267888492,24.759055247020516,24.964061737060547,1678350
2004-08-10,25.001350767264967,25.555795873856546,25.001350767264967,25.49056625366211,1088100
2004-08-11,25.48590216583098,25.48590216583098,24.973388423353878,25.34146499633789,770550
2004-08-12,25.33679926962237,25.392708435931798,25.07588360612495,25.113157272338867,1313700
2004-08-13,25.117824737446995,25.206350062930895,24.833613253537603,24.982707977294922,1207050
2004-08-16,24.982707316368725,25.77477501489301,24.9780497726395,25.672271728515625,1236900
2004-08-17,25.816708439529528,26.156831797858377,25.662956162879482,25.70488739013672,1119300
2004-08-18,25.527225855035972,25.812419518224218,25.139174671447538,25.79839324951172,552450
2004-08-19,25.798380838931546,25.854485886791625,25.02227884510664,25.073707580566406,1830150
2004-08-20,24.95683363609947,25.53657354026802,24.95683363609947,25.527223587036133,1101150
2004-08-23,25.527224785688002,25.667482116463116,25.382288465221773,25.429040908813477,450000
2004-08-24,25.522552226137474,25.71424101839686,25.44774723529052,25.54125213623047,594600
2004-08-25,25.541247179265476,25.61137851659706,25.181248565086594,25.527223587036133,1004700
2004-08-26,25.386959631702535,25.695529442167878,25.386959631702535,25.64877700805664,674400
2004-08-27,25.634768059537123,25.803078006128686,25.545936769576656,25.74230194091797,522000
2004-08-30,25.66748025598881,25.756311497516492,25.251379257803816,25.274755477905273,529200
2004-08-31,25.433723079215717,25.433723079215717,25.120476819601606,25.419696807861328,578250
2004-09-01,25.349568731915227,25.597359956207697,25.246711189684305,25.45709991455078,590400
2004-09-02,25.503855436738743,25.994761577216543,25.45710030531024,25.933982849121094,518700
2004-09-03,25.966705868321174,26.10696320534712,25.723588335382537,25.9012508392334,633150
2004-09-07,26.364098596683707,27.116824502974648,26.364098596683707,26.967214584350586,2184450
2004-09-08,27.023318532813622,27.023318532813622,26.691372509836533,26.84098243713379,1012350
2004-09-09,27.116817472839443,27.186946100799727,26.775518931247575,26.934478759765625,1401900
2004-09-10,26.86436928763582,26.929824325546676,26.66333053384808,26.925148010253906,423600
2004-09-13,26.957861007555827,27.313185889378463,26.957861007555827,27.285133361816406,909000
2004-09-14,27.285132880730956,27.397340313764488,27.060718014663898,27.12617301940918,548250
2004-09-15,27.046698074859346,27.294489213006035,26.738128230680157,27.16358184814453,853350
2004-09-16,27.16357994249665,27.59370984380214,27.16357994249665,27.532928466796875,886500
2004-09-17,27.584363583575836,27.677871152275227,27.233714882618358,27.313196182250977,962850
2004-09-20,27.116825976952768,27.439422047116572,27.070070868414025,27.17760467529297,429600
2004-09-21,27.17760401974942,27.285135148798123,27.03734404798939,27.252408981323242,706800
2004-09-22,27.02332427547616,27.02800058991165,26.761506847067764,26.88306427001953,747150
2004-09-23,26.859673046635915,26.92045172416566,26.658634441987605,26.682010650634766,569250
2004-09-24,26.649300597460606,27.07007795785194,26.61657442062562,26.957870483398438,487800
2004-09-27,26.873706364302326,26.873706364302326,26.471629049414275,26.6025390625,1222950
2004-09-28,26.579161571268553,26.78020021905784,26.331367820916146,26.63994026184082,2873400
2004-09-29,26.579175053155407,27.36930378184815,26.462291250314312,27.350601196289062,1491450
2004-09-30,27.33657822231129,27.5796958124706,27.15424203612019,27.518917083740234,1009050
2004-10-01,27.5843628947988,27.860206604003906,27.420726660088796,27.860206604003906,862950
2004-10-04,28.051896111161977,28.61760981311154,28.028519887767647,28.575531005859375,1579950
2004-10-05,28.575533971203292,28.72982027190123,28.425923985764403,28.514755249023438,1508850
2004-10-06,28.3791701222749,29.351634979248043,28.108002705966747,29.351634979248047,2106900
2004-10-07,29.407739519221,29.87526935426398,28.870078336255403,28.98695945739746,3714600
2004-10-08,28.94019889831543,29.33759994929969,28.823315134693214,28.94019889831543,1692750
2004-10-11,29.057084545929495,29.17396564189337,28.72513581282375,29.010332107543945,1494150
2004-10-12,28.963576820748546,29.253446752432083,28.734485593650195,29.13188934326172,1650900
2004-10-13,29.332943573640105,29.59476111103737,28.673722076145705,28.949565887451172,1995000
2004-10-14,28.753179161873533,28.935515218479157,28.29032321408208,28.809284210205078,2656350
2004-10-15,28.98695291091179,29.192667918042424,28.8747454548142,29.141239166259766,1331400
2004-10-18,29.14592428658975,29.669559239928216,28.846701638015897,29.646183013916016,2588700
2004-10-19,32.025913612165816,32.96097586554186,31.74539359853444,32.039939880371094,6942000
2004-10-20,32.399942831642996,32.42331905668824,31.83890540484468,32.1287727355957,2163000
2004-10-21,31.792150042057877,32.25033261028239,31.488256443502024,32.10539627075195,2015100
2004-10-22,32.19422314366451,32.35318305626773,31.679938240873653,31.698640823364258,1193700
2004-10-25,31.619157883498,32.05396414497181,31.347990515778147,31.979156494140625,871950
2004-10-26,32.03526060207105,32.17084428186209,31.679935641043336,32.142791748046875,1375650
2004-10-27,32.1895593373521,32.65241562372798,31.946441742132148,32.615013122558594,1819650
2004-10-28,32.61501988023894,32.61969352182978,31.979174553377295,32.34852600097656,2017500
2004-10-29,32.35318775980633,33.10124033867835,32.334487849834204,33.021759033203125,1743000
2004-11-01,33.288237764405274,33.984858587806066,33.14330148908083,33.92407989501953,3057600
2004-11-02,34.0409850571616,34.363581300785334,33.559426174457684,33.79319381713867,2174550
2004-11-03,34.12979982457426,34.242007275700125,33.48460497417307,34.00823974609375,1661850
2004-11-04,33.755782978213475,34.91993665470075,33.52201804998004,34.87318420410156,2407500
2004-11-05,34.91058130716659,35.27525625103325,34.742271440912496,34.95733642578125,1402200
2004-11-08,34.84979105553944,35.1583608249833,34.784336051343416,35.008750915527344,677100
2004-11-09,35.00876359971572,35.1723998318755,34.5879862457261,34.8264274597168,1500150
2004-11-10,34.831098921830105,34.831098921830105,34.195253989612326,34.55992889404297,1176750
2004-11-11,34.77966934218656,34.924602967630804,34.51785194848175,34.71421432495117,1123050
2004-11-12,34.80773741782469,34.84046628119112,34.03163745812895,34.44773864746094,1699650
2004-11-15,34.44771128989326,34.690828712979126,34.26069891645645,34.63472366333008,1086600
2004-11-16,34.63943450397467,34.75661887123007,34.133201041402216,34.21757507324219,1001400
2004-11-17,34.45659598195056,35.14094547732564,34.442533656975925,34.8503303527832,1089300
2004-11-18,34.92066317339396,35.098779806250526,34.601923205437195,34.93941116333008,969150
2004-11-19,34.94411732496262,34.94411732496262,34.217580043111646,34.48475646972656,1062450
2004-11-22,34.21756513181396,35.16909408569336,34.123817128823426,35.16909408569336,1573200
2004-11-23,35.20190479405137,35.4550214545483,34.794107816007724,35.09409713745117,1190400
2004-11-24,35.03785141016118,35.67064312662873,35.02847741342887,35.380027770996094,719550
2004-11-26,35.380025907092254,35.501895904541016,35.22065724257338,35.501895904541016,220050
2004-11-29,35.50188510034254,35.576882411659,34.65816400697467,35.10346221923828,754200
2004-11-30,35.10349034484816,35.272235771570074,34.97224628594674,35.06130599975586,1724700
2004-12-01,35.06129958602125,36.47218704223633,34.99098788686686,36.47218704223633,1858650
2004-12-02,36.2799837355149,36.758092277016026,35.923747839377626,36.21436309814453,1715100
2004-12-03,35.9518829006149,36.167500924736665,35.41284186348516,35.65658187866211,1594050
2004-12-06,35.62377124926296,35.62377124926296,34.976917182322815,35.23003387451172,1336500
2004-12-07,35.239379070033806,35.54405651955087,34.80814605997356,34.8503303527832,1041750
2004-12-08,34.50817589051737,35.20658809428276,34.50817589051737,35.098777770996094,782700
2004-12-09,34.99098810375153,35.539405949969634,34.72849735022133,35.506595611572266,1545450
2004-12-10,35.300333831074,35.64719574167574,35.16439885107711,35.27220916748047,567450
2004-12-13,35.38940203953383,35.48315005392609,34.98629067366827,35.33784103393555,663000
2004-12-14,35.33783202961145,35.64250964610683,35.197214067028085,35.605010986328125,799500
2004-12-15,35.43627711562271,35.61908212142646,35.11284874825242,35.380027770996094,780000
2004-12-16,35.3800317544332,35.65189914721076,35.24409939910276,35.59096145629883,1086750
2004-12-17,35.24879051660335,35.78314870502051,35.24879051660335,35.506595611572266,1024350
2004-12-20,35.764381198613506,36.06436778547261,35.48782557389735,35.57688522338867,742200
2004-12-21,35.670627307965916,35.708125960382205,35.319077106298785,35.45969772338867,886350
2004-12-22,35.548771426521256,35.93782043457031,35.46908575280794,35.93782043457031,1055400
2004-12-23,35.90501805702301,36.03626477234467,35.68471432744662,35.86751937866211,566850
2004-12-27,35.881560937317055,35.95186991273003,35.26283176164397,35.422203063964844,378300
2004-12-28,35.35189788656712,35.68001186286982,35.30033957108274,35.64720153808594,635100
2004-12-29,35.55345623784963,35.62376791360533,35.15972158208246,35.37065124511719,923700
2004-12-30,35.31908181872599,35.43157779098457,35.23471051006094,35.27220916748047,454050
2004-12-31,35.131597573017366,35.71751391072315,35.131597573017366,35.501895904541016,531150
2005-01-03,35.73157233052133,35.73157233052133,34.73785642100118,35.005035400390625,1198650
2005-01-04,35.000345634248234,35.019096306021886,34.06287909846161,34.26912307739258,1275000
2005-01-05,34.26913793368278,34.47537931990728,33.542600718216654,33.65978240966797,2161200
2005-01-06,33.65977020569262,34.07694384950942,33.481650880726704,33.80976486206055,1581900
2005-01-07,33.8144356596132,33.8144356596132,33.18633269137218,33.472259521484375,2211750
2005-01-10,33.51444937829768,33.97849548079514,33.50976104152245,33.66444396972656,1032150
2005-01-11,33.43946834404888,33.56133833832097,33.21916200443193,33.46759033203125,1303200
2005-01-12,33.551960786899365,33.69726709681705,33.23790915638821,33.650394439697266,831900
2005-01-13,33.55197255508444,34.180076036410874,33.48166086262741,33.82383728027344,1507650
2005-01-14,33.88008841208776,34.53162826438364,33.88008841208776,34.419132232666016,1672500
2005-01-18,33.29414776752894,33.91287688411915,30.603618739759927,30.978605270385742,10077300
2005-01-19,31.26454430734655,31.592658319606908,31.030175623094138,31.11454963684082,3332100
2005-01-20,30.936421086126842,30.9504834175653,30.270819263360757,30.411439895629883,2179800
2005-01-21,30.734860632830618,30.82860860028689,30.059884922759636,30.092695236206055,2739750
2005-01-24,30.350508914637253,30.561438549785812,29.595847348032713,29.61928367614746,2160750
2005-01-25,29.764577640827916,29.792702295749493,29.136474652191147,29.520837783813477,4692450
2005-01-26,29.577112609048193,29.623985290527344,29.483367246089884,29.623985290527344,2560800
2005-01-27,29.45523135977305,30.088020365384544,29.253675687542454,30.059898376464844,2079600
2005-01-28,30.0552145246833,30.116149532948345,29.64741746224032,29.942718505859375,1226550
2005-01-31,30.209901956161733,30.617699077996715,30.07396958221674,30.542701721191406,1559100
2005-02-01,30.60831821832316,30.60831821832316,30.06927450184257,30.49113655090332,2343600
2005-02-02,30.70205918767764,31.29266377511472,30.397381558082394,31.12860679626465,2573850
2005-02-03,31.034875754090745,31.034875754090745,30.425522844165684,30.702075958251953,1528350
2005-02-04,30.983301108496594,31.339539770728155,30.89892978190558,31.236417770385742,2085000
2005-02-07,31.3020361070253,31.53171640163689,31.14266479299325,31.212976455688477,1104600
2005-02-08,31.212971828836736,31.691080335829145,31.15672250701867,31.522335052490234,1737150
2005-02-09,31.522347546261493,31.592659226401864,30.805184501527837,30.833309173583984,1049250
2005-02-10,31.030164111173665,31.072351102396,30.697364565248407,30.86610984802246,1153350
2005-02-11,30.866120420140735,31.330166754068255,30.702063418682222,31.297353744506836,1235550
2005-02-14,31.36296123621968,31.47545717906,31.166094006777822,31.283275604248047,610050
2005-02-15,31.283301088182196,31.546580794543136,31.0905417229224,31.51837158203125,1383000
2005-02-16,31.405520692061486,31.537161820204425,31.269179824455893,31.35850715637207,758700
2005-02-17,31.358501954187144,31.358501954187144,30.676795039073074,30.733213424682617,1156350
2005-02-18,30.770841257010144,30.9118846186903,30.695621179649542,30.803752899169922,1376400
2005-02-22,30.531055130548594,30.80373956245028,30.042107353239054,30.324193954467773,2146350
2005-02-23,30.465240930123116,30.56397044540981,30.277184070010954,30.498149871826172,3896250
2005-02-24,30.2771779246404,30.587471008300778,30.25837089735769,30.58747100830078,3748200
2005-02-25,30.587488899216584,30.8413664298782,30.48875934622119,30.817859649658203,3169500
2005-02-28,30.81784440254158,31.142242113367534,30.676801100824186,30.935380935668945,2032650
2005-03-01,31.07641915509628,31.899169443302046,31.01059859400441,31.74872398376465,2544150
2005-03-02,31.49956064234673,31.94619475621706,31.236278300900544,31.64530372619629,1976550
2005-03-03,31.932082034418773,32.46804606301192,31.88977092544064,32.402225494384766,2575350
2005-03-04,32.34580399324002,32.674901397086785,31.94147848412999,32.57147216796875,2155500
2005-03-07,32.57618893842043,32.76424584901441,32.34111847272251,32.51036834716797,1083900
2005-03-08,32.39753570841047,32.53387663866337,32.096644637458326,32.16716766357422,1622250
2005-03-09,31.96969648870675,31.974398919125807,31.57007598876953,31.57007598876953,2070450
2005-03-10,31.687607523032764,32.3928213243455,31.687607523032764,32.0919303894043,1858650
2005-03-11,31.946192510200174,32.42573822812522,31.856865155670775,31.988506317138672,1158600
2005-03-14,32.01202544289641,32.46336213034578,32.00262326778593,32.237693786621094,907200
2005-03-15,32.28469422291312,32.55267628092114,32.25178527832031,32.25178527832031,1302000
2005-03-16,32.13424473649757,32.204767737847355,31.617087717367973,31.875667572021484,1024800
2005-03-17,31.880382167969202,32.12015239352436,31.59829543527844,31.805156707763672,1318050
2005-03-18,31.922698677497166,32.17657624169155,31.715834679952437,32.02613067626953,1190550
2005-03-21,31.833365001277883,31.96970593174879,31.570085313773756,31.744037628173828,1288350
2005-03-22,31.725232601610738,32.17186676738385,31.396132326736694,31.697023391723633,1043850
2005-03-23,31.598271650015164,31.65468733997993,31.226857821222755,31.259769439697266,936300
2005-03-24,31.259790425645217,31.847467932373156,31.259790425645217,31.758140563964844,991950
2005-03-28,30.55926145619375,31.03880701909987,27.874750017993826,28.048702239990234,9565050
2005-03-29,27.973482131958008,28.260268472663363,27.794827463919525,27.973482131958008,4463400
2005-03-30,27.973492227785805,28.603483532862043,27.973492227785805,28.37781524658203,2432250
2005-03-31,28.495350326082548,28.796241387075224,28.30259098131726,28.641096115112305,1396500
2005-04-01,28.655186684270852,28.97958708487005,28.208552701262054,28.471832275390625,1647300
2005-04-04,28.443627978018743,28.89026472816239,28.344898456981117,28.476539611816406,1825050
2005-04-05,28.396617940906232,28.641093248583744,28.232067822122488,28.584674835205078,1533900
2005-04-06,28.53765177930914,28.67869507560133,28.170940285020293,28.22265625,1735500
2005-04-07,27.99699544550942,28.45303439154248,27.90766809060718,28.396615982055664,1250100
2005-04-08,28.46714619441468,28.500055148154118,27.93588436147333,28.062820434570312,1356150
2005-04-11,27.992288445913378,28.283777236938477,27.743113455097166,28.283777236938477,1865850
2005-04-12,28.16154627614207,28.77273048360367,28.091023262472486,28.749223709106445,1454250
2005-04-13,28.749215479044647,28.749215479044647,27.973481381994596,28.053403854370117,1087350
2005-04-14,27.996986930362297,28.13803022100388,27.18834124151576,27.258861541748047,1788750
2005-04-15,26.986176378887187,27.117817484083858,26.704092523743373,26.854537963867188,1935450
2005-04-18,27.738409783063364,27.926466625276106,27.01439161308863,27.89826011657715,2471100
2005-04-19,27.870051337374196,28.58936977848606,27.705501261688056,28.410715103149414,1648650
2005-04-20,28.584675424404754,28.796239098579548,28.161548076055166,28.25557518005371,1066350
2005-04-21,28.373106931726635,28.551761627197266,27.747818187757044,28.551761627197266,1849350
2005-04-22,28.55175410136914,28.941972332229607,28.373099452989287,28.62227439880371,1037250
2005-04-25,28.692811692989494,28.904375380958253,28.49534991939751,28.683406829833984,970350
2005-04-26,28.68340929456973,28.697513900336745,28.03931331216145,28.095731735229492,881700
2005-04-27,28.06750667024718,28.33078621877268,27.644379496946872,28.241458892822266,1015950
2005-04-28,28.208552115074724,28.208552115074724,27.672590808566255,27.776020050048828,802500
2005-04-29,27.968787591884084,28.227367497560444,27.498644020767593,28.18035125732422,1277100
2005-05-02,28.250870567056893,28.833845505775972,27.996993125757445,28.24616813659668,1395450
2005-05-03,28.114532659809726,28.401319074238067,28.067516420749982,28.250873565673828,1404300
2005-05-04,28.490641402813626,29.03600493001704,28.349598090883376,28.965484619140625,1509750
2005-05-05,28.96548973135396,28.9701921623133,28.044009646309057,28.250873565673828,2005950
2005-05-06,28.349588909841703,28.424811626486566,27.973475326617397,28.09100914001465,1282500
2005-05-09,28.114527896894163,28.27437555011921,27.87945481195313,28.19445037841797,1164150
2005-05-10,28.152140380604248,28.170947413618276,27.620881378080536,27.766624450683594,1302600
2005-05-11,27.738416870983503,28.0299057234409,27.64909220201268,27.987594604492188,1725600
2005-05-12,27.84654933497839,27.91706965512575,27.329392250031088,27.44692611694336,2063100
2005-05-13,27.54096357493366,27.54096357493366,26.948583574024855,27.25417709350586,1518150
2005-05-16,27.249467294442788,27.59737184767366,27.089619620009383,27.578567504882812,877800
2005-05-17,27.460639753774405,28.045609375406872,27.210612176034687,28.0408935546875,1247550
2005-05-18,28.069186881361397,28.74850770936638,28.055034026688663,28.53150177001953,1257450
2005-05-19,28.588115031669474,28.710769514232155,28.26732327029648,28.484329223632812,714750
2005-05-20,28.493764613428738,28.748510624608375,28.215431408529696,28.621137619018555,1126200
2005-05-23,28.644725394999163,29.338199162094806,28.644725394999163,29.059865951538086,1202400
2005-05-24,28.894757124742032,28.913628502493864,28.635295251171964,28.77682113647461,758400
2005-05-25,28.682466319546958,28.682466319546958,28.300347283367024,28.474897384643555,425100
2005-05-26,28.54093600461844,28.842856371541057,28.54093600461844,28.81926918029785,422700
2005-05-27,28.790971431698882,28.866448837841276,28.673032754549734,28.739078521728516,433050
2005-05-31,28.65416093810712,28.706053847279968,28.347524701242268,28.460744857788086,1144500
2005-06-01,28.550377082450307,28.95136478911395,28.352239789071614,28.757946014404297,718950
2005-06-02,28.36167871511869,28.720207875780954,28.33808881958396,28.69190216064453,1178550
2005-06-03,28.54094399987273,28.545662519195588,28.333375039157065,28.53622817993164,947250
2005-06-06,28.75323100295518,29.239135908642144,28.729643805495687,29.017414093017578,1309050
2005-06-07,29.050415064910048,29.710866923771338,29.007956519910177,29.33818244934082,1149300
2005-06-08,29.40896324172969,29.53161773047241,29.09288998275321,29.234413146972656,941100
2005-06-09,29.116473916487195,29.15893248062755,28.63528765375396,28.71076774597168,1576200
2005-06-10,28.706046919513028,28.946640031532095,28.517346704143247,28.677743911743164,415050
2005-06-13,28.559817799986384,28.842866897583008,28.517359220624993,28.842866897583008,1095900
2005-06-14,28.776832620169348,29.012707390214214,28.63058815722293,28.824007034301758,514950
2005-06-15,28.706045595527677,28.98437873778337,28.569238283117038,28.937204360961914,717450
2005-06-16,28.890037985580346,29.328765750168284,28.871166609996703,29.102325439453125,829350
2005-06-17,29.366516505294925,29.385387887756703,29.14479463250911,29.220272064208984,1397250
2005-06-20,29.03627273641482,29.30045303579586,28.956074133263492,29.206104278564453,522300
2005-06-21,29.121190768917813,29.394808137456035,29.069300565634464,29.248563766479492,751350
2005-06-22,29.34290985188921,29.437258603512056,29.154209649262892,29.366497039794922,630000
2005-06-23,29.29574960347334,29.342924002033843,29.003263473510742,29.003263473510742,898650
2005-06-24,28.87116961709704,28.87588813632977,28.394701751096342,28.65888214111328,1084350
2005-06-27,28.540939581019096,29.102324520724846,28.540939581019096,29.059865951538086,1434300
2005-06-28,29.17780700797478,29.654274848270923,29.012693935699026,29.583513259887695,863850
2005-06-29,29.57878350974165,29.592936361920724,29.22497030340651,29.39008331298828,815550
2005-06-30,29.385372147981073,29.42782801186009,29.13062616718311,29.253280639648438,1068600
2005-07-01,29.319336035541347,29.52218918330168,29.248571740170384,29.4797306060791,685050
2005-07-05,29.460857807388223,29.484447704295988,28.823995376040013,28.932497024536133,1883250
2005-07-06,28.932496312282996,29.04571647724979,28.67775296564396,28.84758186340332,1118700
2005-07-07,28.588126564103902,28.951374339384984,28.45131917076809,28.890047073364258,2151300
2005-07-08,28.9466437913667,29.64955454687732,28.923056598804376,29.611814498901367,646800
2005-07-11,29.517460801553067,29.80994682613772,29.46084938417109,29.625965118408203,781950
2005-07-12,29.55520392760237,29.59294397666417,29.26271787252811,29.40896224975586,938250
2005-07-13,29.267423279662633,29.517450655266746,29.267423279662633,29.503297805786133,779850
2005-07-14,29.621243233198065,30.168472475650493,29.602371863089026,30.12601661682129,935400
2005-07-15,30.055251151428102,30.206214008122473,29.743896501813467,29.8099422454834,1099350
2005-07-18,29.762768680134013,30.512850969906985,29.762768680134013,30.427936553955078,1362150
2005-07-19,30.52229698714302,30.97989616384586,30.512862648288746,30.880828857421875,1386000
2005-07-20,30.711004558664836,31.847924891968226,30.654393118299865,31.7299861907959,2327100
2005-07-21,31.678091881779874,31.913966574403904,31.437498669538225,31.494110107421875,867000
2005-07-22,31.446917296774203,31.81960187827594,31.390308586557325,31.68279457092285,505200
2005-07-25,31.678072151955977,31.857337994427446,31.239344579134933,31.281803131103516,652350
2005-07-26,31.2912518804855,31.437493572337093,31.21105325628086,31.220487594604492,734400
2005-07-27,31.34787103367215,31.376176757436834,30.84309732385897,30.923295974731445,1334250
2005-07-28,31.630903244018555,31.994150808977672,31.583726167225652,31.630903244018555,1817550
2005-07-29,31.6261833876369,31.630901904930646,30.99875555659857,31.00347137451172,1178550
2005-08-01,31.107280059074004,31.27239319395283,31.078974333235898,31.13558578491211,868350
2005-08-02,31.253505285711658,31.663927260384497,31.14500096986713,31.5554256439209,1383750
2005-08-03,31.536558017229513,31.569582247443797,31.4280563878799,31.442209243774414,1166700
2005-08-04,31.701668541070447,31.796020006379653,31.286528032348222,31.319549560546875,1180050
2005-08-05,31.314831177411378,31.479944203645097,30.904406520967875,30.94686508178711,786750
2005-08-08,31.064805743954857,31.27709316305954,30.65909957885742,30.659099578857422,859050
2005-08-09,30.781770055290412,31.017644788103873,30.781770055290412,30.923295974731445,673350
2005-08-10,31.272379395072722,31.725260011119303,30.965740465689823,30.970458984375,1315800
2005-08-11,31.08838313060486,31.32897618288193,30.861942928388814,31.12140464782715,788550
2005-08-12,31.008205097721685,31.11199093403419,30.795917604870965,30.95631217956543,445800
2005-08-15,30.909118738084832,31.347846312929683,30.73457141148701,31.31010627746582,557400
2005-08-16,31.088393451026686,31.135567833970487,30.470399856567383,30.470399856567383,827400
2005-08-17,30.498707463910613,30.82421777367914,30.319444241826822,30.66853904724121,561450
2005-08-18,30.649592216605324,30.654327486884018,29.94418864710265,30.07201385498047,1121100
2005-08-19,30.27085742058937,30.654333114624023,30.180906231533147,30.654333114624023,1136250
2005-08-22,30.77267620069033,30.89103355407715,30.11934989479196,30.18089485168457,1045800
2005-08-23,30.109890922395046,30.133561858242803,29.428155508740712,29.825834274291992,1335600
2005-08-24,29.8352988410299,30.185635696537357,29.750082939512804,29.764286041259766,708900
2005-08-25,29.863723330878532,30.086235115877923,29.778507377181437,29.96314239501953,565950
2005-08-26,29.754817696043585,30.455485977032378,29.664866525842257,30.299257278442383,1131300
2005-08-29,30.043615196861236,30.379746329023067,30.043615196861236,30.152502059936523,1036950
2005-08-30,30.171436146231656,30.171436146231656,29.598590283510422,29.835302352905273,979050
2005-08-31,29.91105527864782,30.51704000823064,29.70748194493291,30.507572174072266,846300
2005-09-01,30.389221545486983,30.88631952073647,30.389221545486983,30.559656143188477,917850
2005-09-02,30.535977152301594,30.720612101277748,30.46496433553353,30.512306213378906,612750
2005-09-06,30.72534124545578,30.9762563987576,30.611719135906007,30.90997886657715,559050
2005-09-07,30.90524934985088,31.823694229125977,30.876843139933793,31.823694229125977,1374300
2005-09-08,31.814202124054795,31.8662792328508,31.50647744793733,31.76212501525879,1252500
2005-09-09,31.738474786401913,32.235572568928106,31.72900695380193,32.226104736328125,926850
2005-09-12,32.117225936956864,32.50070172982451,32.093554993046396,32.31606674194336,653250
2005-09-13,32.38234366512175,32.38234366512175,31.965729100757454,32.04147720336914,486750
2005-09-14,31.970456373436726,32.00359514417522,31.463890725352357,31.69586753845215,582450
2005-09-15,31.60119152252227,31.68640746025235,31.01887764826272,31.34554100036621,910500
2005-09-16,31.34554005259049,31.676938666923174,31.340804780484177,31.6011905670166,1289700
2005-09-19,31.719541293944413,31.719541293944413,31.141960122342468,31.317127227783203,672000
2005-09-20,31.41182220500131,31.55385057810302,30.706418320849536,30.84844398498535,1044600
2005-09-21,30.48863721170434,30.531243820886278,30.12883241570073,30.38921546936035,1026000
2005-09-22,30.303983924300557,30.87682959788347,30.280312996073075,30.720598220825195,723600
2005-09-23,30.753741603791603,30.753741603791603,30.30398581255277,30.46495246887207,924900
2005-09-26,30.616459294481995,30.73481398438958,30.16670334593755,30.39394760131836,1175100
2005-09-27,30.450771153240744,30.450771153240744,29.70749042582533,30.076763153076172,1350750
2005-09-28,30.678000745339745,30.678000745339745,29.835301363536257,30.02467155456543,674100
2005-09-29,30.04361140886712,30.095688552587404,29.754822191935105,29.977331161499023,876300
2005-09-30,29.982067609182895,30.531239857306627,29.982067609182895,30.44602394104004,836400
2005-10-03,30.535981487425875,30.93366036109442,30.535981487425875,30.625932693481445,863100
2005-10-04,30.673275758874432,30.815304127006975,30.057823108921152,30.08622932434082,754650
2005-10-05,29.849505412480966,30.095688023103406,29.50390378703801,29.51337432861328,796200
2005-10-06,29.361883261752933,29.44236391634162,28.95473659030451,29.210384368896484,1311750
2005-10-07,29.24824531259759,29.80688515697782,29.24824531259759,29.679059982299805,712500
2005-10-10,29.674343463786755,29.674343463786755,29.20091653464466,29.210384368896484,404250
2005-10-11,29.21038608528615,29.750093303834888,29.21038608528615,29.442365646362305,907800
2005-10-12,29.32399847784693,29.69800627252718,28.987867427734155,29.257720947265625,695250
2005-10-13,29.1393742252052,29.442366620819065,29.021019513772092,29.281402587890625,807300
2005-10-14,29.376088999280185,29.88265474816726,29.352415348081635,29.873184204101562,778950
2005-10-17,29.754821466748712,29.944191662495758,29.43289077949625,29.825834274291992,557550
2005-10-18,29.731147127136566,29.77375372319874,29.300326933548813,29.347671508789062,954600
2005-10-19,29.399758281534663,29.74062470657994,29.115701572847495,29.735889434814453,1329300
2005-10-20,29.7548141354565,29.868436224909367,29.210371909243342,29.376073837280273,1437900
2005-10-21,29.129904583107443,29.2198557835962,28.760631946618208,28.931066513061523,994350
2005-10-24,29.002077671526543,29.56545307398825,28.99734240004836,29.53231430053711,811650
2005-10-25,29.451832361427922,29.50864478604807,28.93106625022595,29.243526458740234,981450
2005-10-26,29.12515228550279,29.352396435275455,29.06360733355985,29.14409065246582,731700
2005-10-27,29.06835460207275,29.144102683266077,28.751159173455054,28.784297943115234,1122300
2005-10-28,28.78429085354816,29.579645510182356,28.78429085354816,29.480226516723633,1094550
2005-10-31,29.50864382135977,29.778497411552472,29.50864382135977,29.67434310913086,1085850
2005-11-01,29.674339506254118,30.07675085242612,29.499172405612075,30.034141540527344,1047750
2005-11-02,29.939459002031903,30.62592703732698,29.925255897491947,30.59752082824707,1082100
2005-11-03,30.6117303765478,30.810568464032148,30.322941080685826,30.479169845581055,1291350
2005-11-04,30.47442087552977,30.630649556314435,30.147757705113108,30.251909255981445,734100
2005-11-07,30.34661689761695,30.90999518126239,30.34661689761695,30.7726993560791,1574550
2005-11-08,30.848455662574725,31.364492189889475,30.701694670492095,31.260337829589844,1168500
2005-11-09,31.212971533376923,31.487557624177025,30.952585836096816,31.1608943939209,629550
2005-11-10,31.24611710384225,31.776353736900578,31.05674687774999,31.65799903869629,768450
2005-11-11,31.676939010620117,31.818967376727393,31.530178081320923,31.676939010620117,607200
2005-11-14,31.00939722043469,31.752674832791094,31.00939722043469,31.553836822509766,693900
2005-11-15,31.568095634822186,31.80562743132904,31.463580665754588,31.634605407714844,454500
2005-11-16,31.74861712635251,32.03840637207031,31.696359648188455,32.03840637207031,550950
2005-11-17,32.066920636349955,32.3614616394043,31.9434044060953,32.3614616394043,465750
2005-11-18,32.63699727657217,32.63699727657217,31.796131176399545,32.12867736816406,1672500
2005-11-21,32.176177101367664,32.522975517820015,32.14292357582261,32.46596908569336,895650
2005-11-22,32.370965449411955,32.72726460269236,32.22369629255069,32.656005859375,1033500
2005-11-23,32.584718102385025,32.82225249178354,32.480205906861876,32.660728454589844,1125300
2005-11-25,32.70823696347632,32.72723819235521,32.52296003101169,32.660728454589844,276600
2005-11-28,32.731996945771115,32.731996945771115,32.39469923586628,32.49921417236328,475500
2005-11-29,32.73676628389128,32.74626962465182,32.44697691267329,32.47072982788086,491400
2005-11-30,32.20942498163131,32.55622330803263,32.100158377713456,32.49921417236328,1072200
2005-12-01,32.73674504404629,33.5158526617594,32.68923924445327,33.49209976196289,1187100
2005-12-02,33.37334449690279,33.46360717946311,33.02179710465971,33.19757080078125,672150
2005-12-05,33.15004924414732,33.18805442305658,32.874509658296624,33.08829116821289,1018500
2005-12-06,33.207065795938114,33.27832722712421,32.92202822623068,32.96003341674805,654150
2005-12-07,33.05502872861029,33.0645320603111,32.22841556301973,32.413692474365234,990600
2005-12-08,32.62747999418825,32.64648122600771,32.01939708244507,32.15716552734375,676200
2005-12-09,32.20468076048116,32.484969399524154,32.15717494866935,32.39470672607422,660750
2005-12-12,32.61324319274476,32.73201046220313,32.375711372174344,32.437469482421875,563700
2005-12-13,32.375716263245984,32.43272271272259,32.05267065505608,32.3044548034668,848550
2005-12-14,32.32344703217873,32.68449771507462,32.32344703217873,32.57998275756836,1209600
2005-12-15,32.66073888048504,32.70824740453709,32.38045027746355,32.38995361328125,903000
2005-12-16,32.58949520997008,32.808025822742366,32.575242918012464,32.637001037597656,1024050
2005-12-19,32.70824360783376,32.70824360783376,31.876878512744593,31.8958797454834,610650
2005-12-20,31.895890156176073,32.152425910298426,31.77237394802311,31.800878524780273,657300
2005-12-21,31.990879518590354,32.233162795092326,31.777100796581305,31.986127853393555,682800
2005-12-22,32.066915552470064,32.351955889163804,32.01940973580315,32.23318862915039,935850
2005-12-23,32.23795291463217,32.37572146789027,32.176192066779436,32.20469665527344,241950
2005-12-27,32.323446770809966,32.39945715413703,31.677358512529924,31.686859130859375,629250
2005-12-28,31.734388595182494,31.895910100561746,31.496856649819158,31.71538734436035,479850
2005-12-29,31.796122512519442,31.914889753886637,31.639352798461914,31.639352798461914,833400
2005-12-30,31.40181783783845,31.42557074208127,31.226044171765082,31.335308074951172,489300
2006-01-03,31.335305979310533,31.82462447269403,30.955254100151247,31.663103103637695,1348950
2006-01-04,31.71060914036508,32.56572723388672,31.705857472461364,32.56572723388672,1576200
2006-01-05,32.46122369908657,32.56573868294856,32.047915433212836,32.28544998168945,1221450
2006-01-06,33.82463882222128,35.012299877258954,32.30442908355821,34.05741882324219,3871200
2006-01-09,34.014682004264074,34.33772751959902,33.75814625949015,34.328224182128906,1827150
2006-01-10,33.89590836387499,35.27835012391478,33.87215546136746,35.188087463378906,1965000
2006-01-11,35.249857948720546,35.249857948720546,34.6512753526726,34.89830780029297,1241700
2006-01-12,34.789046749994604,34.789046749994604,34.199964725798054,34.294979095458984,1352550
2006-01-13,33.89116529162367,34.34722762288539,33.89116529162367,34.16670227050781,1123500
2006-01-17,34.1666949262516,34.7795295715332,33.96716837880005,34.7795295715332,1602300
2006-01-18,34.15719486507845,34.75102556779827,33.72488552633582,34.361473083496094,2055750
2006-01-19,34.48023641761402,35.57288617817624,33.9006580194653,35.145328521728516,1798050
2006-01-20,35.22610123417017,35.27360705076039,34.21421048705283,34.44224166870117,1711350
2006-01-23,34.37098913879723,34.90306199187678,34.13820624619494,34.770042419433594,1384500
2006-01-24,34.884060833273786,35.56340283330319,34.884060833273786,35.48739242553711,964050
2006-01-25,35.60614868048016,36.0669626542364,35.13583408828199,35.14058303833008,1623450
2006-01-26,35.50637925668557,35.58238962778064,35.259344191453955,35.42561721801758,775500
2006-01-27,35.53489146670494,36.30449595994866,35.34961444835373,36.109718322753906,1004850
2006-01-30,36.19523504464579,36.30450169281134,36.04796591510512,36.22373962402344,728550
2006-01-31,36.104975113862785,36.14772926463032,35.87219224593125,35.99570846557617,731550
2006-02-01,36.066964509653104,36.68929990232061,35.84368229553355,36.65129470825195,1108800
2006-02-02,36.17622433185556,36.44701232834957,35.7914207660502,36.16197204589844,1579500
2006-02-03,36.08596794470683,36.603791123974034,36.0289615093058,36.261741638183594,1172850
2006-02-06,36.24749402681165,36.75581389569189,36.21898944839779,36.70830535888672,1170450
2006-02-07,36.58953388151028,36.670293213922854,36.33774711101261,36.342498779296875,1461300
2006-02-08,36.485023320684085,36.58953828876123,36.199982992900246,36.55628204345703,1097400
2006-02-09,36.58953401242494,37.216618310906384,36.58953401242494,36.675045013427734,1208700
2006-02-10,36.5562734604941,36.94582866489231,36.40425271292759,36.74155044555664,1111950
2006-02-13,36.74155668790063,36.86507288669732,36.63229005805708,36.7890625,927600
2006-02-14,36.736641249651896,37.508538107617596,36.34116253980431,37.32271194458008,1247100
2006-02-15,37.370367626541906,37.71343327650008,36.98918357103282,37.613372802734375,1173450
2006-02-16,37.83256070392112,38.07080009722783,37.7372633107321,37.9421501159668,1165950
2006-02-17,38.061272051809446,38.094624640649066,37.832561574624776,38.08032989501953,1108500
2006-02-21,38.080335211841756,38.18039571877513,37.80397736160252,37.93739318847656,1000350
2006-02-22,37.9850316076866,38.261389393015016,37.927852630615234,37.927852630615234,1456200
2006-02-23,37.7849011306486,37.889724684823314,37.45612754812548,37.72772216796875,944850
2006-02-24,37.90401867066601,37.96119763220719,37.641955700783484,37.837310791015625,702450
2006-02-27,38.07079625908465,38.08032517950972,37.675317433786375,37.78014373779297,605550
2006-02-28,37.64197320631505,37.68009162292196,37.01301796907902,37.24649429321289,1016250
2006-03-01,37.30843898787951,38.46152048924706,37.30843898787951,38.33287048339844,1285500
2006-03-02,38.118444984606334,38.270918622769685,37.746789809972235,38.037445068359375,804600
2006-03-03,37.713420988622474,38.6187335070963,37.68959733372087,38.3661994934082,1073550
2006-03-06,38.44720613788478,38.675919263345854,37.41324624635088,37.73725128173828,1402200
2006-03-07,37.927842935426426,38.29473491614676,37.59430625828593,37.88019561767578,1023750
2006-03-08,37.689611076828626,37.818261041362156,37.34177959025857,37.61813735961914,804300
2006-03-09,37.62291931977813,37.78492466397638,37.28461933469796,37.346561431884766,1103550
2006-03-10,37.25123691436968,38.18513897109783,37.25123691436968,37.64195251464844,1176000
2006-03-13,37.95166337581625,37.999313415968935,37.2845928045491,37.43230056762695,1008900
2006-03-14,37.337017048240604,38.45197978884169,37.337017048240604,38.23756408691406,1074000
2006-03-15,38.42337571780919,39.25245144997611,38.40908370602303,39.171451568603516,1543800
2006-03-16,39.29534794015282,39.59076626079925,39.042813847589116,39.223876953125,829050
2006-03-17,39.28582070927239,39.733712669319615,39.28105488602165,39.41447067260742,1181400
2006-03-20,39.404947774537014,39.404947774537014,38.8712899626017,38.899879455566406,994500
2006-03-21,38.89034533398002,38.89034533398002,38.256627107836785,38.31856918334961,1076550
2006-03-22,38.332867220943655,38.79029093972166,38.332867220943655,38.714054107666016,836250
2006-03-23,38.642575580181905,38.69975456035298,38.02315207817706,38.475807189941406,1049250
2006-03-24,38.547280128539654,38.97134846800854,38.39004066272176,38.42339324951172,877950
2006-03-27,38.35668249123254,38.49962719148675,38.20897196794061,38.30903244018555,813750
2006-03-28,38.42816387108081,39.119061170460675,38.38051653359093,38.499637603759766,1202700
2006-03-29,38.45198197743075,39.033289771204096,38.366216237066844,38.87128448486328,882900
2006-03-30,38.82362758015221,39.19051684287336,38.49009089533551,38.509151458740234,873000
2006-03-31,38.59492579973947,38.71404684991125,38.199446966786084,38.40909957885742,996150
2006-04-03,38.50439086189186,39.381114189303176,38.47580137612629,38.766456604003906,841650
2006-04-04,38.81411435096975,39.3001248337054,38.69975910364632,39.19053268432617,885750
2006-04-05,39.28581960336283,39.485940551164504,39.104756495140634,39.252464294433594,876300
2006-04-06,37.8087363592006,37.96121000441357,36.83194968391666,37.48949432373047,3403200
2006-04-07,37.689619736017995,38.01362763344021,37.2464934932851,37.356082916259766,1816050
2006-04-10,37.35607619623188,37.70390770014442,37.11783682202351,37.670555114746094,1133100
2006-04-11,37.64196531773258,37.79443895220648,37.3656048104159,37.56096267700195,1300800
2006-04-12,37.560971825413816,37.91356650940233,37.45614549457042,37.82780075073242,889200
2006-04-13,37.78490355033913,37.93261133598273,37.541898396274085,37.63242721557617,803850
2006-04-17,37.74678823341731,38.156561800477405,37.465664633989746,37.77061462402344,1309950
2006-04-18,39.02375186447073,40.26260134639387,38.62827308577215,39.943359375,3209850
2006-04-19,40.02436956601512,40.37220108746649,39.67177494723448,40.19590377807617,1611600
2006-04-20,40.29120058736132,40.69620838343584,39.943369047389055,40.32931900024414,1281750
2006-04-21,40.538957858343714,40.538957858343714,39.852823933171436,40.27212905883789,1218600
2006-04-24,40.18635969859107,40.27689123716618,39.6812915926443,39.881412506103516,816000
2006-04-25,39.95289954563913,39.95289954563913,38.9761128579892,39.09523391723633,1263300
2006-04-26,39.200057991903286,39.72894990280138,39.1809974238773,39.52406311035156,816750
2006-04-27,39.404933006598,39.47164088970057,38.842688638856586,38.866512298583984,1178700
2006-04-28,38.790266580019,38.95226906479107,38.542495668212496,38.61873245239258,752550
2006-05-01,39.1666955175328,39.500232222226145,38.97610350434278,39.14287185668945,1194900
2006-05-02,39.452595047238134,40.02437123386166,39.333473985941765,39.72418975830078,1447200
2006-05-03,39.73847005881319,40.2673645795012,39.73847005881319,40.19112777709961,956250
2006-05-04,40.348358110066656,40.78671826184917,40.31976863399927,40.66283416748047,1063800
2006-05-05,41.2155662529574,41.449039783133486,40.53896387222699,40.98208999633789,1212750
2006-05-08,40.99161589356456,41.21556321388589,40.57707928581894,40.61996078491211,972900
2006-05-09,40.57708130014669,40.98685483191462,40.54849181503652,40.92014694213867,852750
2006-05-10,40.80102260832544,41.07261724203988,40.50560431442532,40.624725341796875,1011900
2006-05-11,40.81057439839346,41.26323237493189,40.572334936578045,40.700984954833984,949350
2006-05-12,40.63426238832376,40.66285187684236,39.1095260199143,39.16670227050781,1578300
2006-05-15,39.095231275654996,39.47641536775736,38.75216559276287,39.16670227050781,1525200
2006-05-16,39.8021926061216,39.912092221926784,39.41993901656733,39.46772003173828,1043700
2006-05-17,39.04724020621363,39.31959690793882,37.933925626357265,38.19672393798828,1388550
2006-05-18,38.19672406075401,38.3926300469151,37.51344680786133,37.51344680786133,1038600
2006-05-19,37.57079338251403,38.01994214352327,37.322329855632766,37.65202331542969,1433550
2006-05-22,37.37488421678656,37.7189124774978,36.84450560604824,37.26020812988281,1079400
2006-05-23,37.67590126578655,38.058154821290294,37.08818608243791,37.12641143798828,1125900
2006-05-24,37.09774675601019,37.393993985122194,36.22811911608146,36.9687385559082,986400
2006-05-25,37.37008979351971,37.52299118041992,36.92572047960254,37.52299118041992,763350
2006-05-26,37.56600303527495,37.71890445194671,37.183749493595556,37.50388717651367,873300
2006-05-30,37.22198710144695,37.46567415625231,36.68683196691977,36.69160842895508,959250
2006-05-31,36.95441689223663,37.36533761606866,36.615164985955474,37.27933120727539,1218750
2006-06-01,37.5086667186331,37.73324240162868,37.07863213243603,37.65679168701172,1105350
2006-06-02,37.86704544468247,38.000835617636284,37.26021867174846,37.67591857910156,1090500
2006-06-05,37.556450430235735,37.747577216596945,36.729824686891945,36.73460388183594,1206750
2006-06-06,36.79194734202608,36.959183652723496,35.76941816272436,36.05133056640625,2039850
2006-06-07,36.09431959668293,36.409678033181265,35.831518621190526,35.8745231628418,1497600
2006-06-08,35.84586114568933,36.02265307574358,34.660875107572025,35.54961395263672,1938150
2006-06-09,35.85543169920116,36.175566772547235,35.6404116060401,35.721641540527344,1323450
2006-06-12,35.931869844125956,36.008323295315016,35.05268659752473,35.1625862121582,1330050
2006-06-13,34.92846050317434,35.18648239854024,34.09227894117259,34.278629302978516,1934550
2006-06-14,34.321634013678604,34.59876998173907,33.99194055704711,34.42197799682617,1692600
2006-06-15,34.86634015148017,35.907980522790616,34.71821517340644,35.793304443359375,2522250
2006-06-16,35.563961029052734,35.989219286792185,35.253381613035444,35.563961029052734,2006400
2006-06-19,35.692968228294205,35.83631403123791,35.37283045316057,35.4683952331543,1468050
2006-06-20,35.501844442569,35.81242658652783,35.224711204814554,35.454063415527344,996300
2006-06-21,35.42536832901164,36.352334900521946,35.42536832901164,36.075199127197266,1878150
2006-06-22,35.73117440848406,35.99397536179188,35.45881780253568,35.88885498046875,963300
2006-06-23,35.692949063829495,36.31411296503539,35.492266687916114,35.88885498046875,724050
2006-06-26,35.98443450903112,36.29979304861061,35.81241902029193,36.12300109863281,471750
2006-06-27,36.09912553294438,36.50526981329718,36.01789558323598,36.13734817504883,1683450
2006-06-28,36.185121727709415,36.33324399336757,35.56873668527298,36.14689636230469,1063050
2006-06-29,36.45746451102705,37.221971526163045,36.44790612276828,37.174190521240234,997800
2006-06-30,37.174200940156176,37.174200940156176,36.83494914829857,37.078636169433594,1330800
2006-07-03,37.36055333961785,37.36055333961785,36.98307613791799,37.10253143310547,587700
2006-07-05,36.67249726486365,36.79194982765066,36.27590874140417,36.53392791748047,980250
2006-07-06,36.43357973208097,36.940067797753116,36.27112263717534,36.443138122558594,1035000
2006-07-07,37.36533444999609,37.36533444999609,36.63427593605635,36.78239822387695,2133750
2006-07-10,36.74416667646795,36.74416667646795,36.22334642420779,36.40491485595703,1452450
2006-07-11,36.31890831024292,36.557818889137344,36.04655156266827,36.39535903930664,878100
2006-07-12,36.26634399021414,36.314127741044516,35.60217801483426,35.716854095458984,871350
2006-07-13,35.31071106128862,35.40149663631205,34.818560558891654,34.89023208618164,1194300
2006-07-14,35.071810521379696,35.10525669424379,34.369419018481025,34.63221740722656,1289700
2006-07-17,34.40285340006545,34.73254675563372,33.638346275822165,33.786468505859375,1743900
2006-07-18,33.97282484025555,34.33596442150948,33.52845260329246,34.24995803833008,1583100
2006-07-19,34.17827108833968,35.67383876544666,34.17827108833968,35.2390251159668,2155200
2006-07-20,35.23903498325687,35.71207411092601,34.13527610733117,34.1926155090332,1220100
2006-07-21,34.130502858170075,34.18784226986087,33.30387972298101,33.3277702331543,2082150
2006-07-24,33.6526806585661,34.06838037631239,33.50455569649391,34.020599365234375,2101500
2006-07-25,34.068395553616256,34.46976333412101,33.64791645380353,34.28341293334961,999600
2006-07-26,34.69432497090013,34.69432497090013,33.81992088281952,34.03015899658203,1271850
2006-07-27,34.14004302038823,34.546189711278544,33.72434341067671,33.819908142089844,957150
2006-07-28,34.03971150949155,34.40285376439944,33.79124805852777,34.202171325683594,1485150
2006-07-31,34.426754387620925,34.75167138139621,33.83903901515948,34.517539978027344,1834350
2006-08-01,34.880672260036775,35.09091035541352,34.23561765515693,34.474525451660156,1820100
2006-08-02,34.57007972588261,34.94277752521094,34.27383261697585,34.82332229614258,1198200
2006-08-03,34.70387793168541,35.540059328759405,34.70387793168541,35.382381439208984,1484250
2006-08-04,36.17077330181413,36.37623490553236,35.28203183906009,35.59739303588867,1961850
2006-08-07,35.353721705198495,35.7789772148877,35.15303647286493,35.458839416503906,1020450
2006-08-08,35.769423467298246,35.769423467298246,34.49842786432909,34.63699722290039,1499700
2006-08-09,34.961903129196656,35.129139424650326,33.948932433880486,34.03493881225586,1314000
2006-08-10,33.9871650626673,34.38853283669278,33.85815682418532,34.35030746459961,1139400
2006-08-11,34.11141042102181,34.15441226949362,33.57625504152142,33.905948638916016,1042500
2006-08-14,34.183048868796234,34.39328964550159,33.74823520251244,33.76734924316406,806250
2006-08-15,34.08750023300921,34.73733139038086,33.92504039309612,34.73733139038086,621900
2006-08-16,34.928465592916176,35.712087050858344,34.65610880433197,35.65952682495117,1172400
2006-08-17,35.516164543541244,36.175551191897696,35.50182969456486,35.97486877441406,1351950
2006-08-18,36.27590672326764,36.42880818240378,35.64996603316735,35.71208190917969,1180050
2006-08-21,35.59741778349979,35.76943061581575,35.40151169782832,35.645198822021484,822750
2006-08-22,35.6260730559797,36.23767885019023,35.57351010718447,35.82675552368164,1231950
2006-08-23,35.76463334003661,36.17077739931439,35.56394817365909,35.77418899536133,551250
2006-08-24,36.01392648709866,36.01872233580044,35.28511387079841,35.50567626953125,804150
2006-08-25,35.31388589785169,35.6159613069791,35.13647788062209,35.55842208862305,728850
2006-08-28,35.56801926993489,36.0331152197725,35.54883861298602,35.615966796875,960450
2006-08-29,35.711857646039476,35.90844632441752,35.05976202811898,35.36663055419922,1265400
2006-08-30,35.48170301326698,35.66390686990367,35.0645546775553,35.31867980957031,1679850
2006-08-31,35.457726013375044,35.78856823966404,35.371419942086725,35.50567626953125,1291050
2006-09-01,35.673495976108875,36.296824673185455,35.649522217547585,36.172157287597656,931800
2006-09-05,36.15298922825506,36.570140423014514,36.06188727472853,36.555755615234375,1539600
2006-09-06,36.24408257769088,36.613283410997,35.78377981248519,35.874881744384766,1608900
2006-09-07,35.433760469037416,35.798168233450916,35.32348061592342,35.5632209777832,1682400
2006-09-08,35.6735049890714,36.01873488171496,35.58719888772126,35.91804122924805,1056300
2006-09-11,35.74062046047433,35.79336382131827,34.98783409352264,35.19401168823242,1572900
2006-09-12,35.29470183785061,35.85090229602458,35.2659322336853,35.77418518066406,1249950
2006-09-13,35.81734434174734,36.36874906679164,35.80775538622491,36.21052169799805,1397250
2006-09-14,35.94200489100163,36.39751452157535,35.84131401045921,36.10023498535156,860250
2006-09-15,36.440677642822266,36.9297501026126,36.2584737470382,36.440677642822266,1723650
2006-09-18,36.44067236605256,36.84823177565432,36.34477458187634,36.69479751586914,1285800
2006-09-19,36.694804960852316,36.92975224767453,36.48862728948212,36.757137298583984,1562700
2006-09-20,37.04960877937974,37.15029965643034,36.61807566527128,37.102352142333984,1079850
2006-09-21,37.51471448787274,37.51471448787274,36.41190499205136,36.43587875366211,1756800
2006-09-22,36.69480956605238,36.81468114973197,36.02832893829277,36.6468620300293,1675200
2006-09-25,36.63247431665473,36.87221472138788,36.292040253184425,36.546165466308594,1341450
2006-09-26,36.809881185085544,37.10236496321119,36.33519349808767,37.04962158203125,1286100
2006-09-27,36.9680976514716,37.677729622356246,36.9680976514716,37.509910583496094,1161000
2006-09-28,37.60580732340948,37.85513657869299,37.34209052229751,37.672935485839844,715800
2006-09-29,37.58184414901113,37.730482574309434,37.212643267124,37.270179748535156,858450
2006-10-02,37.20784729838295,37.62979155399571,37.02084756124584,37.3660774230957,989700
2006-10-03,37.255794525146484,37.6249954028999,37.054412727030304,37.255794525146484,1111650
2006-10-04,37.087980396922426,37.53390121459961,37.059213524509055,37.53390121459961,1419300
2006-10-05,37.543485354082684,38.325041531924164,37.44279445450365,38.315452575683594,1643550
2006-10-06,38.24352467504402,38.35380726332559,37.93186305160274,38.281883239746094,958950
2006-10-09,38.1044868348929,38.47848364063462,37.94625667841169,38.358612060546875,516150
2006-10-10,38.32983914618054,38.99632244027742,38.32983914618054,38.54560852050781,811500
2006-10-11,38.35381461624897,38.996321384090884,38.334633958410265,38.95316696166992,1509750
2006-10-12,39.35593633717557,39.67239389483096,39.164143462290234,39.43744659423828,1143000
2006-10-13,39.50936907157732,39.629237898867444,39.31278035375127,39.552520751953125,1037550
2006-10-16,39.67238134364266,40.79437136447315,39.60525317276477,40.78478240966797,1961700
2006-10-17,40.75602703289817,40.78000080009273,39.710753772760256,40.166263580322266,1580400
2006-10-18,41.73894821938061,42.19445784156274,39.077819989463585,39.82581329345703,5767350
2006-10-19,39.79705746877064,40.16146529271046,39.499777835075776,40.11351776123047,1348050
2006-10-20,39.38950544504781,39.658015513403136,38.83810049743679,39.01071548461914,2533800
2006-10-23,38.842879574991386,39.883356669405764,38.842879574991386,39.70115280151367,1086750
2006-10-24,39.70116481460679,40.19982630567029,39.68198415467807,40.166263580322266,2034750
2006-10-25,40.27171251939834,40.367610248244794,39.63879793476548,39.97922897338867,1269450
2006-10-26,40.2285931542139,40.247771069200525,39.518958170898244,39.86418533325195,1795200
2006-10-27,39.53333866569764,40.13269096977275,39.4134671074341,39.57169723510742,1591350
2006-10-30,39.725116123270595,39.83539593874341,39.26960657323018,39.538116455078125,1654800
2006-10-31,39.96007544887817,40.19981580180347,39.456618238476096,40.099124908447266,2169300
2006-11-01,40.4587455873793,40.4587455873793,39.605265246259734,39.69157409667969,2184450
2006-11-02,39.50456995161662,39.50456995161662,39.0730367218429,39.36552047729492,1814250
2006-11-03,39.65321307769835,39.6675978862102,38.80453132447232,38.881248474121094,1826850
2006-11-06,38.64629478267057,39.494979139152576,38.55519283957749,39.264827728271484,2198250
2006-11-07,38.84767832858388,40.554636074538465,38.84767832858388,40.07994842529297,2118750
2006-11-08,39.89295093971946,40.73683947398721,39.79705314356019,40.67450714111328,2020050
2006-11-09,40.6553197268562,40.68888243867657,39.950478086042295,39.99842834472656,2310150
2006-11-10,40.05597382492982,40.54504627073627,40.05597382492982,40.3196907043457,1882650
2006-11-13,40.32447584701988,40.962189338087235,40.15186369060191,40.4443473815918,1987800
2006-11-14,40.71370911687111,40.80028209121887,40.24717223759364,40.67523193359375,1665450
2006-11-15,40.61267053162254,41.00225272231071,40.511668353022564,40.64152908325195,1767900
2006-11-16,40.75697763401072,40.88203049282648,40.19424940170419,40.3337287902832,2845500
2006-11-17,40.2423583006557,40.5261278483727,40.06440168641386,40.34817123413086,1208700
2006-11-20,40.25677201933293,40.56940001930067,40.18462836646527,40.35296630859375,1328550
2006-11-21,40.30968676681916,41.0599930204151,40.30006816154345,40.84355926513672,1816950
2006-11-22,40.8820483182041,41.12253003260528,40.46360721791441,40.58865737915039,782100
2006-11-24,40.2086841199171,40.83393749011575,40.2086841199171,40.6463623046875,345300
2006-11-27,40.76660395544562,40.76660395544562,39.69405105756832,39.80948257446289,1519800
2006-11-28,39.511278064200646,39.67480533469814,39.24193789722075,39.45356369018555,1627050
2006-11-29,39.64596155902378,40.44917162591513,39.64596155902378,39.99225616455078,1443900
2006-11-30,40.064389887743914,40.36739931236097,39.59304525757807,40.150962829589844,1482900
2006-12-01,40.083627639097955,40.28563207630686,39.03031210425595,39.45356369018555,1706700
2006-12-04,39.47760542655348,40.33853224164117,39.47760542655348,40.28081512451172,1626450
2006-12-05,40.47321073754971,40.574215717006695,40.006676770830275,40.242347717285156,1284900
2006-12-06,40.30007143550454,40.48283871111361,39.91529967217216,40.030731201171875,1812900
2006-12-07,40.01629143151557,40.492446707896825,39.68923414232173,39.82871627807617,1397250
2006-12-08,39.90566926856519,40.82912404334753,39.85276557119035,40.3337287902832,1670700
2006-12-11,39.13132431747983,39.91048639956905,38.809074890512015,38.95817565917969,2405700
2006-12-12,38.95817565917969,39.054367217709554,38.30406370402111,38.95817565917969,2637150
2006-12-13,39.030324396530155,39.174614505166936,38.71769903860621,38.823509216308594,1149750
2006-12-14,38.7705963291118,39.22751168755132,38.63592485902386,38.962982177734375,1068000
2006-12-15,39.08803649011594,39.08803649011594,37.90486270596552,37.996246337890625,1935300
2006-12-18,38.025106082487575,38.38101926365413,38.025106082487575,38.13572692871094,1408350
2006-12-19,37.82309368687667,38.44834700803648,37.77018723439406,38.39063262939453,1266450
2006-12-20,38.30406111079821,38.39063405803492,37.85195366084411,37.861572265625,1054800
2006-12-21,37.9818098291386,38.11647853597285,37.346935205194136,37.3950309753418,1792050
2006-12-22,37.43831895046704,37.61146482444484,37.024688720703125,37.024688720703125,1028550
2006-12-26,36.90446076229198,37.24113678843235,36.90446076229198,37.202659606933594,682650
2006-12-27,37.419077007233966,37.46236209419801,37.1593554770349,37.178592681884766,1063050
2006-12-28,37.048745837130824,37.50566402528947,37.03912723109189,37.111270904541016,1308900
2006-12-29,37.04392110411682,37.342117020771774,36.92848962770421,36.976585388183594,1007250
2007-01-03,37.1401220832335,37.45275011017076,36.67839605999925,36.942928314208984,1495650
2007-01-04,36.79864488323983,36.8659778763651,36.40425176982489,36.64473342895508,1411350
2007-01-05,37.082419511117074,37.33251981059991,36.65435984210367,36.736122131347656,2350500
2007-01-08,36.63991889139639,37.024690577424934,36.370578711176414,36.942928314208984,1453950
2007-01-09,36.841928243855044,37.23151065986898,36.56778010112336,37.13050842285156,1530900
2007-01-10,36.861179522791645,37.16418632686401,36.7217000692295,37.15456771850586,1334400
2007-01-11,37.255552958510016,37.471986684225016,37.06797779678479,37.41427230834961,1659300
2007-01-12,37.32289572338422,37.78943250474876,37.217082803552316,37.563377380371094,1027350
2007-01-16,37.56335748964552,37.79903109500255,37.32287595999956,37.69321823120117,2557650
2007-01-17,39.367009370432676,40.713713688461965,39.01109607317921,39.11690902709961,7300050
2007-01-18,38.299255429750495,39.17461187743063,38.15977600986268,38.93893814086914,3260100
2007-01-19,38.92931855234269,39.41990322515629,38.717695464369065,39.36699676513672,1959150
2007-01-22,39.54494764975251,39.54494764975251,38.6936392375585,38.962982177734375,2363550
2007-01-23,39.10247156065332,39.92011093809642,39.10247156065332,39.88163375854492,1750950
2007-01-24,40.00667961200606,40.00667961200606,39.410282057915815,39.70848083496094,1798800
2007-01-25,39.588230558699905,39.814285622693944,39.18421895094489,39.237125396728516,1405350
2007-01-26,39.50646309544735,39.766184630566535,39.03511854245221,39.25636291503906,1647150
2007-01-29,39.121685582959934,39.434313513528735,39.06397122389836,39.27078628540039,1287000
2007-01-30,39.29484767874988,39.540139981355715,39.1361283205625,39.280418395996094,1490100
2007-01-31,39.12652366670167,39.804683685302734,39.06399858721139,39.804683685302734,1167450
2007-02-01,40.14135371910892,40.930137242769476,39.88163208004101,40.732940673828125,1984200
2007-02-02,40.68001142871505,41.122500103186084,40.5597720350787,41.0070686340332,1771050
2007-02-05,40.8146976244561,41.17542144013102,40.5453574322819,41.05998992919922,2465250
2007-02-06,40.64154190857497,40.76178407690725,40.01628868787559,40.36258316040039,2016900
2007-02-07,40.55018534918787,40.90609863783968,40.44918032609231,40.795475006103516,1322700
2007-02-08,40.6126866701108,40.72812092249919,40.22791500249634,40.48763656616211,1111800
2007-02-09,40.5790189575066,40.862788397827735,39.89123790232189,40.074005126953125,1042800
2007-02-12,40.112478597151245,40.35296292408126,39.79985337550818,39.97780990600586,1035300
2007-02-13,40.08879089355469,40.37827382601371,39.95369959460452,40.08879089355469,1198350
2007-02-14,40.28178840097621,40.923478409546085,40.25766504856269,40.91865539550781,986100
2007-02-15,40.85110132391561,41.30945322313563,40.82697797565248,41.26120376586914,1249050
2007-02-16,41.12128111479845,41.323919421329734,41.01996196153281,41.28049850463867,1140900
2007-02-20,41.34803944536951,41.791916687657455,41.029607452004456,41.753318786621094,1346850
2007-02-21,41.521742579862234,41.811228296086334,41.36252515986494,41.758155822753906,977550
2007-02-22,41.94631880578671,41.975267929005085,41.56516547279269,41.734031677246094,1215300
2007-02-23,41.613414527543036,42.549413225106115,41.589291177075076,42.351600646972656,1816050
2007-02-26,42.472206311723625,42.53492755463776,41.79191590308196,41.854637145996094,1352100
2007-02-27,41.25155201554363,41.25155201554363,39.47122253850304,39.75105667114258,1858200
2007-02-28,39.75105427294254,40.267301587617645,39.50981806145339,39.74140548706055,1814700
2007-03-01,39.11419615530548,40.055023386525775,38.76681493977788,39.98747634887695,1830450
2007-03-02,39.75588244406027,40.10808661628464,39.55806713747915,39.813777923583984,1759500
2007-03-05,39.46637948069673,40.02122449012076,39.44225614473119,39.48085403442383,1532700
2007-03-06,39.722113534688575,40.20941459452308,39.39403265956684,40.016422271728516,1470900
2007-03-07,39.89581138533275,40.22871808371863,39.77036884174346,39.91028594970703,1133850
2007-03-08,40.1900985705525,40.38791382972242,39.958511186483044,40.026058197021484,1249350
2007-03-09,40.214222465253215,40.9524082974204,40.214222465253215,40.56160354614258,1721550
2007-03-12,40.52783440373381,40.633979320891854,40.199750867265216,40.34931945800781,1249050
2007-03-13,40.021245878289754,40.21423542989049,39.49052392120265,39.562896728515625,1663650
2007-03-14,39.72210515455667,39.93439500839984,39.15278537642078,39.74140548706055,1561350
2007-03-15,39.64009855553734,39.77518988175713,39.45675776355124,39.70281982421875,1389750
2007-03-16,39.7752014965935,40.06951310896986,39.49536721284126,39.76072692871094,1203450
2007-03-19,40.093609507935334,40.46511396463462,40.0453600605245,40.373443603515625,717600
2007-03-20,40.37343982579336,41.24189390831167,40.37343982579336,41.04890441894531,1434000
2007-03-21,41.087510654252576,41.93183880628327,41.010314842841545,41.811222076416016,1411350
2007-03-22,41.791916687657455,41.97525740776507,41.51208259532876,41.753318786621094,1241100
2007-03-23,41.68578881275412,42.04282161386715,41.67131700959592,41.90290451049805,1052100
2007-03-26,41.78227653109802,41.8449977881423,41.3866486539586,41.5844612121582,1293450
2007-03-27,41.53138431444693,41.69060170740504,41.11163313402091,41.55550765991211,1714950
2007-03-28,41.69060572884511,41.86912071109879,41.25637994710694,41.36252212524414,1080000
2007-03-29,41.76298362119927,41.92219828817325,41.266033761767005,41.42042541503906,1062300
2007-03-30,41.42524778776326,42.16343109389003,41.42524778776326,41.64236068725586,1261350
2007-04-02,41.63752870395927,41.8305182259218,41.270849992600404,41.69542694091797,964950
2007-04-03,41.68578397547554,42.32265090942383,41.68578397547554,42.32265090942383,1020450
2007-04-04,42.26475282758343,42.77134867046896,42.15378211095876,42.50598907470703,1570050
2007-04-05,42.25509846963954,42.42879043332169,41.94149219745526,42.27439880371094,1011600
2007-04-09,42.39499775507848,42.63140809789333,42.0958634274826,42.284027099609375,1012950
2007-04-10,42.327469670703074,42.4673867346538,42.018686423159416,42.22615051269531,1444050
2007-04-11,42.15376791127999,42.341934384458746,41.883582632507355,42.33710861206055,1261200
2007-04-12,42.12483416779431,42.54940840078002,42.04763559001306,42.457740783691406,2220450
2007-04-13,42.58317724116368,42.60730058546632,42.153774534653266,42.38053894042969,1168350
2007-04-16,42.616943564900545,43.22486114501953,42.578345667126946,43.22486114501953,1163400
2007-04-17,43.17179816107528,43.557779984223394,42.983634403428844,43.43716049194336,1168050
2007-04-18,43.22970198763637,43.437166105585035,42.940216273048335,43.292423248291016,856800
2007-04-19,43.417861699195264,43.417861699195264,42.84371885876649,43.002933502197266,765000
2007-04-20,43.417862372920546,43.61085191396775,43.25382195321546,43.451637268066406,1125900
2007-04-23,43.83760820660658,44.561319541277406,43.692865387524485,44.2187614440918,1419900
2007-04-24,45.25127195502265,45.352591129729625,43.475765228271484,43.475765228271484,2301450
2007-04-25,43.64945625685447,44.001663256464525,43.181458276286676,43.39374542236328,2657250
2007-04-26,43.04153328183057,43.77007054512806,43.04153328183057,43.69770050048828,1911450
2007-04-27,43.7025213423151,44.71571848137246,43.67357498234154,44.6047477722168,1497900
2007-04-30,44.64334381151771,45.14511655532149,44.455177307128906,44.455177307128906,1959150
2007-05-01,44.6143976156188,45.0582721530679,44.252541902739,45.043800354003906,1557450
2007-05-02,45.19818864126544,46.02321916401294,45.06792037338533,45.70478439331055,1518900
2007-05-03,45.92673491316294,46.110075690280574,45.690321660524916,45.98945617675781,1006200
2007-05-04,46.29340897338392,46.29340897338392,45.59382087753471,45.79645919799805,1347300
2007-05-07,45.902604566633215,46.15831535644755,45.67584289737071,45.8929557800293,724500
2007-05-08,45.67582878309703,45.753024573554285,45.20782826817271,45.593807220458984,1175400
2007-05-09,45.47802781832588,46.621490478515625,45.35258530961917,46.621490478515625,1763700
2007-05-10,46.380251643144454,46.380251643144454,45.55521836311913,45.58416748046875,1159800
2007-05-11,45.892955593063355,46.17761550226984,45.80610823176166,46.14866638183594,1162200
2007-05-14,45.99427316006749,46.22103758128851,45.76268572610134,46.10041809082031,1578750
2007-05-15,46.44391249945365,46.80675556585563,45.960120821493376,46.29877471923828,1410900
2007-05-16,46.589043653998644,46.589043653998644,45.66500530740438,46.15363311767578,1275600
2007-05-17,45.98914046118522,46.298766192207445,45.77627415524364,46.1487922668457,1248900
2007-05-18,46.18266815087028,46.84062576293945,45.950448794236365,46.84062576293945,1706550
2007-05-21,46.66644809760902,47.17443164870206,46.49712393827475,46.76321029663086,1510200
2007-05-22,46.86963629092977,47.188934326171875,46.8164190289654,47.188934326171875,1074450
2007-05-23,47.1889299171948,47.44050492140478,46.94703832772465,47.0002555847168,1245450
2007-05-24,47.10186730716374,47.967849460123155,46.787402596503505,46.86964797973633,1503750
2007-05-25,46.72450411027469,47.73078779075473,46.72450411027469,47.66305923461914,1170900
2007-05-29,47.856599464992165,48.4371452331543,47.832404752127324,48.4371452331543,1765800
2007-05-30,48.083981027503086,48.862884702988914,47.953357257808335,48.83869552612305,1176150
2007-05-31,48.91609484381221,49.19185363436335,48.67903651596615,49.03704071044922,1582800
2007-06-01,49.03704044717431,49.7046704859012,49.03704044717431,49.632102966308594,1286100
2007-06-04,50.03848026040618,50.03848026040618,49.08057470716635,49.545013427734375,835950
2007-06-05,49.520830691160825,49.87883489271144,49.09025896819541,49.453102111816406,1104600
2007-06-06,48.379071803439714,48.79029319124975,47.66790252126561,47.86141586303711,2311800
2007-06-07,47.86141092439771,47.86141092439771,46.35682436215822,46.42455291748047,2919900
2007-06-08,46.37616956843396,47.05347442626953,46.29876314078005,47.05347442626953,1349400
2007-06-11,46.90834332822357,47.5517839652516,46.73901917597194,47.36310958862305,1182000
2007-06-12,47.08734619808397,47.590490796643415,46.690636140307205,47.232486724853516,1438650
2007-06-13,47.445340053998436,48.24359893798828,47.28569381374426,48.24359893798828,1238550
2007-06-14,48.301662285991156,48.737078350362744,48.16620516998847,48.34520721435547,1036200
2007-06-15,48.514534681241656,48.828999399570144,48.26780406207214,48.40810012817383,1811850
2007-06-18,48.42746317640025,48.625821048972156,48.2774891888426,48.48551940917969,903300
2007-06-19,48.4951788264666,49.02250705318917,48.035579154497526,48.97412872314453,1110300
2007-06-20,48.97414647427749,49.748211108648604,48.61614227294922,48.61614227294922,1245450
2007-06-21,48.62096889879746,48.65966935243927,48.08880167367617,48.475833892822266,1126050
2007-06-22,48.10814924998385,48.47583122205164,47.75014515906611,47.99687576293945,1736550
2007-06-25,47.837216594351474,48.258115774994266,47.48889043809459,47.66789245605469,1048200
2007-06-26,47.89528217682822,47.90496005838639,47.09702858119019,47.396976470947266,1313250
2007-06-27,47.02929290058911,47.30505715026087,46.52615380740789,47.072837829589844,2037000
2007-06-28,46.95190026021874,47.71145360039603,46.86482144971419,47.27604293823242,837750
2007-06-29,47.387298570905934,48.05976731018444,47.053478134827735,47.367942810058594,1156200
2007-07-02,47.6001530456026,48.3984119321764,47.51307428455369,48.20973205566406,977550
2007-07-03,48.398424443960366,48.55323732200655,47.92430792873945,48.054931640625,411450
2007-07-05,47.871091155554424,47.963008880615234,47.566304336821865,47.963008880615234,864600
2007-07-06,48.180711588112565,48.35487467434099,47.63402762914377,48.219417572021484,416400
2007-07-09,48.24844849768759,48.8677000551501,48.17588099389976,48.68386459350586,857700
2007-07-10,48.68385456148138,48.83866741894554,48.15652084350586,48.15652084350586,1314150
2007-07-11,48.12265721471273,48.790287017822266,47.86140980714032,48.790287017822266,1349700
2007-07-12,48.7467580139153,50.386810302734375,48.7467580139153,50.386810302734375,1374750
2007-07-13,50.386791502397905,50.918958576292454,49.76270118827124,50.65287780761719,1452750
2007-07-16,50.84638071022402,50.91894817777048,50.00458812090788,50.76897430419922,1104450
2007-07-17,50.87543265811871,51.509201018902175,50.73996999992627,51.21892547607422,1906650
2007-07-18,51.47050773025662,51.775294633989276,50.701282058013206,51.310855865478516,1672950
2007-07-19,51.601117411535604,52.04620582748068,51.53338885246486,51.7123908996582,1207200
2007-07-20,50.98671168110574,51.044762366733366,49.43374372550868,49.80625915527344,2048100
2007-07-23,50.07235037176585,50.71579120914558,50.019133085750084,50.52227783203125,1427850
2007-07-24,50.63351056926007,50.812512533127396,49.593360281556194,49.70947265625,1450350
2007-07-25,49.83043743319516,50.0142784055307,48.529044879292684,49.13861846923828,1652700
2007-07-26,49.511144170530706,49.511144170530706,47.78884669859911,48.42261505126953,2352750
2007-07-27,48.137188866200646,49.00801013537329,47.68242246468638,47.71628952026367,2027250
2007-07-30,47.750158709266444,48.74192588331677,47.46472203633901,48.51454544067383,1484550
2007-07-31,48.23878431778901,49.25474615242672,47.740478515625,47.740478515625,1648350
2007-08-01,47.75013831071278,48.43711828711633,46.74868814403234,48.18070983886719,2714700
2007-08-02,48.64514502188979,49.283746628098505,48.34519720868947,49.00798797607422,1843350
2007-08-03,49.225693886204674,49.346639686981675,48.13716506958008,48.13716506958008,2371650
2007-08-06,48.54839731546064,49.095081317159625,47.91462899556837,49.07572555541992,1747050
2007-08-07,48.814488270223706,48.838677438130816,47.31957111814479,48.10331344604492,2262750
2007-08-08,48.379078911162516,48.379078911162516,45.41344443506476,46.54551315307617,2820600
2007-08-09,44.99254209189489,45.771445535219826,43.30895041572453,44.8715934753418,3888300
2007-08-10,45.24893329993718,46.4438966480079,43.841103679372345,46.23586654663086,3757200
2007-08-13,46.31329626559156,48.40327067297868,45.98915637026356,46.04237365722656,2142900
2007-08-14,46.20201852761234,46.25039686543224,44.93932342529297,44.93932342529297,2203800
2007-08-15,44.89094418982943,45.63114437041927,44.155582950234006,44.218475341796875,1521450
2007-08-16,44.11687798415368,44.590994554800744,42.22525894749111,43.77338790893555,2173350
2007-08-17,47.67274383707228,47.67274383707228,42.6800196443842,46.08106994628906,2547300
2007-08-20,46.28424860405507,47.60015786036804,45.99397588753389,47.135719299316406,1268400
2007-08-21,47.04381440755514,47.769500548991715,46.59872594780609,47.503414154052734,1047900
2007-08-22,47.866242706145655,50.31422572397865,47.866242706145655,50.07716751098633,2817600
2007-08-23,50.43385787601952,50.899714291349405,49.1915741018065,49.536109924316406,2519250
2007-08-24,49.72051042150876,51.03558872796795,49.608902810467946,51.03073501586914,2007150
2007-08-27,51.00645904107882,52.758276582465385,50.85602732493925,51.71979904174805,1982250
2007-08-28,51.317021682493895,51.482014504823034,49.57005813154998,49.662261962890625,2532450
2007-08-29,50.07960136044514,51.38982009887695,49.953427088790654,51.38982009887695,1233450
2007-08-30,50.8317663906303,51.739215988669905,50.47751767788115,50.99675369262695,2056950
2007-08-31,51.51114419450339,52.37491599077772,51.39467733681288,52.151695251464844,1432350
2007-09-04,52.03522318149312,53.379417854372335,51.807148753714735,53.12222671508789,1553700
2007-09-05,52.636961012809174,53.10281733796957,52.3166882601648,52.89900588989258,2139300
2007-09-06,52.89897345175008,53.59290380264135,52.6272268721001,53.398799896240234,2086050
2007-09-07,52.40891122014456,52.40891122014456,50.98222485889883,51.09868621826172,2453400
2007-09-10,51.317030565234454,51.79744798511578,50.03106928806773,50.458106994628906,2860350
2007-09-11,50.623089501495194,51.09864755983061,50.13781846984308,50.69102478027344,2546400
2007-09-12,50.370764105564305,50.501786552251986,49.720505583752434,50.05049133300781,2370150
2007-09-13,50.302835051601114,51.1229347080918,49.97285481480235,50.80266189575195,1657950
2007-09-14,50.40474278358193,52.07406443581072,50.166960855974146,52.015830993652344,2107500
2007-09-17,51.91875473314358,53.31146966198695,51.79743974645949,53.00575256347656,1914600
2007-09-18,53.06398999740333,55.90280532836914,52.84561745138883,55.90280532836914,2927550
2007-09-19,56.29103237180875,57.0868689318374,55.86399459838867,55.86399459838867,2884050
2007-09-20,56.1405603173911,56.34922536321847,55.524272597274866,55.781463623046875,2263950
2007-09-21,56.31528004938007,56.392922754920136,55.17004875430306,55.30107116699219,2346900
2007-09-24,54.349949432010916,55.048733853523856,53.27265886472031,53.529850006103516,2489100
2007-09-25,53.27751474165153,53.94718247864703,52.96694387501912,53.573524475097656,2261550
2007-09-26,54.03452130573835,54.849772520492905,53.91320630933974,54.578025817871094,1712100
2007-09-27,55.03903121329887,55.35445577374546,54.35480238053183,54.568321228027344,1512750
2007-09-28,54.3790883097795,55.31565496442518,53.95690414757302,54.26747512817383,1392900
2007-10-01,54.26746708928513,55.86885333005368,53.69485678789205,55.43211364746094,1748550
2007-10-02,55.371450730234336,55.54614548430807,53.5371419288449,53.95204544067383,1529700
2007-10-03,53.13679157262768,53.13679157262768,51.79017536264067,52.081336975097656,2842200
2007-10-04,52.43073610351668,52.67822546329716,52.08862156251104,52.44529724121094,1574600
2007-10-05,52.66364588042579,53.89380057273182,52.66364588042579,53.529850006103516,1208900
2007-10-08,53.537141373882314,54.46885412387894,53.537141373882314,54.279598236083984,1233300
2007-10-09,54.818233168214334,54.818233168214334,53.74094258913717,54.512516021728516,976700
2007-10-10,54.599862565398,54.781837838729665,53.995703325110156,54.71632385253906,938700
2007-10-11,55.123958842048694,56.07022704461895,54.70905539130702,55.37872314453125,2117600
2007-10-12,55.69898901900748,56.383217821394275,54.92013507406607,56.09205627441406,1793300
2007-10-15,55.611645905641566,55.611645905641566,53.50073157629604,54.315982818603516,1897000
2007-10-16,54.42517123288862,54.75273011068795,53.43523069273511,53.89380645751953,1692200
2007-10-17,54.6508285375957,55.53886897316114,53.617210069799775,54.72361755371094,1962100
2007-10-18,55.757235942829865,56.58704294295382,54.77457034304581,55.14580154418945,2631100
2007-10-19,55.00021199756573,55.793627180412734,54.20680236816406,54.20680236816406,1891400
2007-10-22,53.50073229849207,55.9755972161861,53.50073229849207,55.82273864746094,2546800
2007-10-23,56.33954138594969,56.86363102124737,55.73538219229018,56.579750061035156,1368900
2007-10-24,56.419631335710825,57.424133130786146,55.91009709348285,57.22032165527344,1793600
2007-10-25,56.4632801065161,57.4532259065602,55.684426261982985,56.76899719238281,1892600
2007-10-26,57.28582837127973,57.76624588053172,56.87820543260243,57.162086486816406,1312700
2007-10-29,57.380465939621345,58.152039609470094,57.322232497590235,57.8099250793457,1240800
2007-10-30,57.77352075005137,58.33400223545213,57.14024470125568,57.94821548461914,1405000
2007-10-31,58.22479028844741,58.92357447226146,57.24212520350399,58.50139617919922,2297900
2007-11-01,57.75898231833619,58.00647171357534,56.834549866391754,56.965572357177734,1940600
2007-11-02,57.227605412117526,57.68618125757422,56.53609580629952,57.496925354003906,1757600
2007-11-05,57.27853397200925,59.491353775193645,56.77628048294263,59.127403259277344,2313400
2007-11-06,59.08370883185203,61.529456056382685,58.96724758724907,61.398433685302734,2876600
2007-11-07,61.04177094582722,62.002599927863685,60.48128413346405,60.721492767333984,2890400
2007-11-08,60.77245596241564,63.00711192159727,60.41578600961242,62.708675384521484,3910500
2007-11-09,61.75517134636983,62.4394006526024,59.82623647828641,60.35032653808594,2607200
2007-11-12,59.85530772752971,60.69238951944051,57.78806579064945,57.97732162475586,2378400
2007-11-13,58.860440784998936,59.47349166870118,58.12331530691398,59.47349166870117,1623300
2007-11-14,60.21060225022184,60.69228974092436,59.093970153936155,59.466182708740234,1756800
2007-11-15,59.10853492726131,59.4077658992495,58.38600961732161,58.736328125,1566500
2007-11-16,57.670816204374795,58.590398015342174,56.35713347112024,57.196434020996094,2535800
2007-11-19,56.94827629021398,57.20371407205705,56.532276026033536,56.8242073059082,4234600
2007-11-20,57.02856000588862,58.51010477298967,56.37901580324951,57.64891052246094,2817500
2007-11-21,57.05772533683679,57.48831946405214,55.320743640010704,55.415618896484375,3134900
2007-11-23,55.89731896751584,56.466587398225506,54.80258098004588,55.81704330444336,773000
2007-11-26,55.93380456304484,56.63443610791993,54.7733851328805,54.88285446166992,1453300
2007-11-27,55.27696738066223,55.65647965974004,54.35009168760239,55.64188003540039,2125500
2007-11-28,56.17466645699645,57.4737548828125,56.05059746534579,57.4737548828125,1710900
2007-11-29,57.240182643947364,58.378708014731096,57.043132317513106,58.021095275878906,1784400
2007-11-30,58.83121819017488,59.22532452243812,57.21100512468994,57.97002410888672,1761900
2007-12-03,58.021103391758864,58.69254123931364,57.10882189188844,57.495628356933594,1414800
2007-12-04,57.035853898622626,59.07936159802863,57.035853898622626,58.07220458984375,1078500
2007-12-05,58.49551328412276,59.35670757248958,58.37144428898236,59.21073913574219,1097300
2007-12-06,59.188844433294236,60.02814483642578,58.80203782555245,60.02814483642578,1215600
2007-12-07,60.23249111437407,60.25438498610759,58.999084370876,59.51726531982422,1239000
2007-12-10,59.56105789104034,60.115726815128,59.429689081865014,59.852989196777344,1591300
2007-12-11,60.050018143369215,60.47331810684448,57.44454233361557,57.5029296875,2097800
2007-12-12,58.91151192760657,60.1157250483003,56.74392942398314,57.4737548828125,2155100
2007-12-13,57.07963870321971,57.32048239978666,56.13816335419695,57.18911361694336,2253600
2007-12-14,56.612560724127775,57.97733633920651,55.58350972068715,55.963016510009766,1970600
2007-12-17,55.61270906002488,56.57607863912661,54.620145788450074,54.78070831298828,1909100
2007-12-18,54.98504519105877,55.45213858865924,53.13129349990347,54.043575286865234,1656300
2007-12-19,54.430397280624824,54.52527260879871,53.10940909286145,53.81734085083008,1810000
2007-12-20,54.320888316459346,54.459556882322104,53.42320089597154,54.29169464111328,1034400
2007-12-21,54.89747716201999,55.54702143714012,54.15305200456366,55.13832092285156,2437400
2007-12-24,55.67838367542775,55.96301515254717,55.10182090768871,55.89003372192383,447000
2007-12-26,55.80978740260682,56.313369054855265,55.284311864283175,56.19659423828125,599800
2007-12-27,55.963024860924435,56.006812613269425,54.75151174352579,54.926673889160156,710300
2007-12-28,55.46674040946285,55.744072106984476,54.977758639571995,55.58351516723633,700700
2007-12-31,55.51053834713391,55.69299476354508,54.663943470412605,54.96316909790039,670800
2008-01-02,54.82450209293613,55.488640505822545,51.963581456119684,52.021968841552734,2120300
2008-01-03,52.299289395429206,53.175077624043745,52.21170834531745,52.4306526184082,2001600
2008-01-04,52.029265182386446,52.62042210806942,51.15347116375655,51.24835205078125,2139400
2008-01-07,51.4599907932888,52.182516384147895,49.16833947026022,49.54054641723633,3808200
2008-01-08,49.693810074039774,51.065885424450144,48.124689878731665,48.175777435302734,2996100
2008-01-09,48.59905546876112,48.613655090332024,46.42417957712611,48.61365509033203,4069800
2008-01-10,46.84749814511853,48.65016792552484,46.39500435456316,47.9349365234375,3015800
2008-01-11,47.591922517302244,48.17578517314345,46.70883428723445,47.05185317993164,1956200
2008-01-14,47.52624011463064,49.292416545885445,47.52624011463064,49.11725997924805,3187700
2008-01-15,48.60637160088919,48.82532145297976,47.65760190079081,48.241458892822266,2502800
2008-01-16,48.00791739755807,49.095355763228866,46.73802266867482,48.073604583740234,3473000
2008-01-17,49.71571431480509,49.83248349761832,44.5704423901459,44.59963607788086,4071900
2008-01-18,45.65788299655148,46.69423384101777,44.70910764601802,45.07402038574219,3735300
2008-01-22,42.986726493864985,46.03739755002643,42.86995451590939,45.490028381347656,2876700
2008-01-23,44.212825799866096,45.643282971712274,42.402856287006486,45.577598571777344,3157300
2008-01-24,45.409743152540344,45.869531209487484,44.8915649356274,45.55570602416992,2091200
2008-01-25,46.52637029433283,47.10293304144949,45.70166679428387,46.73072052001953,2439900
2008-01-28,46.85478317933939,47.05913894556534,45.65057307530856,46.70882034301758,1443600
2008-01-29,47.095636960915456,47.53353113182587,46.66503981975948,47.343780517578125,1190500
2008-01-30,47.234296269992406,48.86910345086116,47.022646256021055,47.92033386230469,2055600
2008-01-31,47.365668302534644,49.62812586819484,46.86938682112767,49.3434944152832,1899600
2008-02-01,49.34350367207827,50.54041707504803,49.26322241972191,50.277679443359375,1619700
2008-02-04,50.58421601450722,50.58421601450722,49.17565223173485,49.61355209350586,1423800
2008-02-05,48.83261913802908,48.83261913802908,47.91303759470166,48.277950286865234,1931500
2008-02-06,48.61368314623275,49.0296835110988,47.876557738969275,47.94953918457031,1626300
2008-02-07,47.59190362829476,48.131972751314414,46.920465738256844,47.49702835083008,1563700
2008-02-08,47.16132019268038,48.051702519316315,46.98615808450929,47.40945816040039,1328300
2008-02-11,47.30728833675347,47.51893839836046,46.20525306490683,47.095638275146484,1688200
2008-02-12,47.48244436282639,48.18307616158698,47.10293755987854,47.5554313659668,1193200
2008-02-13,48.372807578659106,49.75217659620659,47.98600115982948,49.650001525878906,1947800
2008-02-14,49.38728397335289,49.664621191714666,48.07360158114933,48.28525161743164,1949800
2008-02-15,48.15388582900381,48.15388582900381,47.205110513048574,48.073604583740234,1730800
2008-02-19,48.91557742777595,49.677024025103236,48.19806420159622,48.43967819213867,1011900
2008-02-20,47.91984310437984,48.87165280919484,47.34875951586459,48.791114807128906,1220800
2008-02-21,48.87164510491655,49.54523048334155,47.23160943998898,47.341434478759766,1947300
2008-02-22,47.58306270844098,47.773425815984325,46.177317266434315,47.52449417114258,2239400
2008-02-25,47.46590448843864,48.446995594296155,47.26090071025552,48.220027923583984,1723200
2008-02-26,48.06628887109048,48.68862354355785,47.72949605523679,48.38843536376953,1213300
2008-02-27,48.1687976699096,49.42079035526392,48.13218744267928,49.16453552246094,2195000
2008-02-28,48.908254815943494,49.6770189076566,48.50556487318892,48.82771682739258,1776600
2008-02-29,48.337166877334035,48.4836021263045,47.12178503351389,47.31946563720703,1776300
2008-03-03,47.3121497739526,47.66358321231448,46.843565339214,47.40000534057617,1215600
2008-03-04,46.86552200184477,47.37070815969979,46.52872657499759,47.136417388916016,1670200
2008-03-05,46.94607813280297,47.766093354693226,46.858216965056975,47.458587646484375,1739900
2008-03-06,47.12913847827134,47.312178467658214,45.950357706776266,45.979644775390625,1118400
2008-03-07,45.70139580709021,46.60927483899414,45.36460309887057,45.6794319152832,1974100
2008-03-10,45.628177950899676,45.628177950899676,44.405472976518205,44.434757232666016,2052500
2008-03-11,45.34265071315525,46.65321725423439,45.159610787070484,46.543392181396484,2131300
2008-03-12,46.73376175175742,47.18037968023642,46.32375125498024,46.4116096496582,1228500
2008-03-13,45.87712272650124,47.48787448592592,45.47443548488691,47.22429656982422,1212800
2008-03-14,47.36339075102373,47.90518711296366,45.31334231016018,46.03818130493164,1702000
2008-03-17,44.98387981407001,46.323733073635445,44.98387981407001,45.6794319152832,1679200
2008-03-18,46.638565867647806,48.10288223666038,46.27980644405722,48.07360076904297,2339000
2008-03-19,48.615396566655306,48.88629203256559,47.275543212890625,47.275543212890625,1981500
2008-03-20,47.421976591751,47.80270272598484,46.594638224024436,47.68555450439453,1491800
2008-03-24,47.83199058130615,49.59649240752538,47.78805720450774,49.237735748291016,1340700
2008-03-25,49.4280950964094,50.658123421377574,48.98880046304956,50.40186309814453,1992100
2008-03-26,50.035769009242145,50.11630698737157,49.24504112950377,49.874698638916016,1297900
2008-03-27,50.306682679450404,50.306682679450404,48.75450240186447,48.76182556152344,1376300
2008-03-28,49.135244376333915,50.01383389751535,48.78380521629977,49.46471405029297,1406200
2008-03-31,49.3475552666712,50.950980898315684,49.31094505444185,50.71669006347656,1894200
2008-04-01,51.2365294181185,53.54282760620117,51.17795531160653,53.54282760620117,2265900
2008-04-02,53.491597022617576,53.916251077584874,52.89854932974225,53.14016342163086,1836500
2008-04-03,52.415312391780766,52.92782755436481,52.027268628613186,52.254241943359375,1975500
2008-04-04,52.349415172900336,54.26035231349918,52.349415172900336,53.96748733520508,2363500
2008-04-07,54.11391778196114,54.11391778196114,52.78870513043026,52.920494079589844,1599600
2008-04-08,52.64960078664375,53.0522852247919,52.2908385521211,52.94978332519531,1024900
2008-04-09,53.074234495306605,53.074234495306605,52.05653335406535,52.61297607421875,1553900
2008-04-10,52.927813202315654,53.79908483229735,52.23225829583203,53.72586441040039,1906800
2008-04-11,53.0815779006698,53.33050951578267,52.31280798635499,52.510494232177734,1340700
2008-04-14,52.73012916725849,53.447647995418976,52.078507604326056,52.71548843383789,1653000
2008-04-15,52.94244490487929,53.66728673930052,52.34939757301916,53.35977554321289,1537900
2008-04-16,53.762460362061866,55.08034940359165,53.762460362061866,54.93391418457031,1383000
2008-04-17,54.838741948771144,55.036422535346794,53.77710743291492,54.40676498413086,1300300
2008-04-18,55.12427945510691,55.96626384500581,54.831414590889985,55.87840270996094,1143100
2008-04-21,55.329307291808504,56.65451453702853,55.153590531089876,56.354331970214844,1219800
2008-04-22,58.39707998588267,61.069464957629336,58.39707998588267,59.34888458251953,4301600
2008-04-23,59.751536124829954,59.883325055803525,57.57702155673274,58.184715270996094,2461900
2008-04-24,58.59473253254408,58.66794737615474,57.24756153511739,57.994361877441406,1841800
2008-04-25,58.27991862292365,58.5068919580364,57.276863277772506,58.17009353637695,1117000
2008-04-28,58.00900932994714,58.52884199144385,57.75274899340634,58.016326904296875,1459500
2008-04-29,57.73077985873913,58.858306245004634,57.577027022330306,57.745426177978516,1341700
2008-04-30,58.58009225019029,59.16581658952948,57.84060947636746,58.46294403076172,2525200
2008-05-01,59.063308006341586,59.68564249030666,58.11882154134021,59.49528503417969,1469100
2008-05-02,60.139595952773305,60.34459977039332,59.09260738198385,60.02245330810547,1814100
2008-05-05,60.146921316272426,60.183525950225004,59.5465505772844,59.95655822753906,984100
2008-05-06,59.846718480824805,59.890651851105886,58.64597729724181,59.49528503417969,1555600
2008-05-07,59.30492793997249,60.2274506053226,58.82169991995379,58.894920349121094,1530100
2008-05-08,59.34883096289248,61.01815327011658,59.01936151286272,60.820472717285156,1497700
2008-05-09,60.02975967895938,61.5014019321107,60.02975967895938,61.20121383666992,1383200
2008-05-12,61.43552449958796,62.05785914149502,60.74729257850221,62.02857208251953,725700
2008-05-13,62.46157634122728,63.283634370749944,61.44868791184307,62.89462661743164,1517200
2008-05-14,62.59369082488708,63.790079463937936,62.59369082488708,62.725807189941406,1467800
2008-05-15,62.72585325496832,62.75521309096542,61.74232394823803,62.46162033081055,1476000
2008-05-16,62.35150529701838,62.67445780486553,61.683587410115386,62.388206481933594,1447100
2008-05-19,62.681817989139866,63.489193901449376,62.270785873925924,62.711177825927734,1203800
2008-05-20,62.542338072676536,62.557020785792275,61.52944926044841,61.79368209838867,1519300
2008-05-21,62.13132601087225,62.81392673278035,60.62666675941188,60.890899658203125,1429300
2008-05-22,61.1110654768027,61.1110654768027,59.841279917012855,59.97339630126953,1587500
2008-05-23,59.82660327491693,59.82660327491693,58.49076231246994,59.136661529541016,1368500
2008-05-27,59.27615091418858,60.09086812510508,58.57886744188043,59.92205047607422,1701700
2008-05-28,60.36241686549527,60.86152268937525,59.69449904813746,60.80280303955078,1493000
2008-05-29,60.72941921784648,61.771673624973005,59.7752499040405,61.25788497924805,1340500
2008-05-30,61.580827208509966,62.44692248356911,61.1184169448221,62.14598846435547,1519500
2008-06-02,62.02858670911235,62.21208151783666,60.5239270376462,60.986331939697266,1595300
2008-06-03,61.3239273222636,61.44136101135608,59.90734809876283,60.56792449951172,1965700
2008-06-04,60.27438946328117,60.450542948758276,59.621148254810976,60.14227294921875,1987100
2008-06-05,59.02659275388793,59.02659275388793,57.53661620620483,58.556846618652344,3643400
2008-06-06,58.358664344993116,59.166040021090424,57.2650317439177,57.37512969970703,2359900
2008-06-09,57.50724650263964,57.99167527135372,56.699870821264184,57.022823333740234,2314400
2008-06-10,56.72190500320241,56.986137932084475,56.259500177566906,56.47969055175781,1676300
2008-06-11,56.32555355542314,56.33289491423994,54.725478922140034,54.908973693847656,2485000
2008-06-12,55.07777506689194,57.147595255927854,55.07777506689194,56.149383544921875,2014800
2008-06-13,56.63382969199283,58.68896779933266,56.63382969199283,57.74213409423828,2654300
2008-06-16,57.720102897502805,57.720102897502805,56.384261462177136,57.096221923828125,1500600
2008-06-17,57.05217593843594,57.485220752776165,56.43563081993811,56.47233200073242,1149600
2008-06-18,56.21543529531341,56.21543529531341,55.44476089201621,56.002586364746094,1665300
2008-06-19,56.00259257224498,57.89625388725589,55.74569547618998,57.65404510498047,2072600
2008-06-20,57.50725737967356,57.529275855177055,55.56955313794547,55.77506637573242,1920200
2008-06-23,55.9732270027353,56.156721709773024,55.01905228621351,55.275943756103516,1956800
2008-06-24,55.18055815367456,55.18055815367456,54.13096764184675,54.468597412109375,2193900
2008-06-25,54.754828836705315,54.754828836705315,52.31067757645339,53.2795295715332,3727000
2008-06-26,52.75840316077129,52.78776298977561,50.982175504620756,51.415225982666016,3076400
2008-06-27,51.37118285518191,52.49416970270903,51.12897406832597,52.06846618652344,4892500
2008-06-30,52.06112643848321,52.670330302642185,51.620740194443734,52.34737777709961,2391200
2008-07-01,51.37853262020071,53.17677902198147,51.37853262020071,53.03732681274414,4184500
2008-07-02,53.037344031646,53.037344031646,51.39322642215935,51.55470275878906,3458700
2008-07-03,51.87025837132701,52.20788780362344,50.732595075508684,51.76750183105469,1545300
2008-07-07,51.88498317784174,52.94925060844237,50.89410693577411,51.74552536010742,2362400
2008-07-08,51.4225676663478,53.35293604719371,50.71794848848327,53.08870315551758,3486400
2008-07-09,53.23551027946376,53.338266919091275,51.37854380643061,51.40056228637695,2349900
2008-07-10,51.415230516262,52.06113001186562,48.7655659129938,50.681251525878906,3316500
2008-07-11,50.189460543222516,51.554661347452495,49.66100059303512,50.615169525146484,1868500
2008-07-14,51.327164657151364,51.327164657151364,49.93994444478107,50.5711669921875,1429200
2008-07-15,48.068297210262486,49.52891987961188,46.53428333921204,49.00045394897461,3581600
2008-07-16,49.1619176433047,50.211507874859606,48.09764469532772,50.0647087097168,4358100
2008-07-17,50.24819031961149,50.24819031961149,48.83161094554929,49.690364837646484,3217800
2008-07-18,49.93993072977437,50.028010223763935,48.72152292875396,49.0885124206543,2352800
2008-07-21,49.38211344771525,50.233531900173325,49.09586204382721,50.218849182128906,2188400
2008-07-22,49.939931273959886,50.593172128675484,49.881211610660316,50.54179382324219,1823600
2008-07-23,50.62253968381238,50.79869310077152,49.815163789615454,50.461063385009766,2073600
2008-07-24,50.57849149059505,50.75464486841155,48.046260785338816,48.163700103759766,2357100
2008-07-25,48.44262965768898,49.44818322863883,48.2077565257656,49.31606674194336,2367700
2008-07-28,49.24998512605556,49.41146138676698,48.486646366211026,48.89767837524414,2099300
2008-07-29,48.72885318266425,49.21328188949691,48.119649420973715,48.78023147583008,2850700
2008-07-30,49.21329610650535,49.93993377685547,48.82428251751056,49.93993377685547,3318400
2008-07-31,47.04805167747542,47.27558897001758,44.97089261210521,45.27182388305664,6015400
2008-08-01,45.62412548426274,45.858998493712946,44.25892436689147,44.44976043701172,3493400
2008-08-04,46.05719561681975,46.196650659325925,45.117703120128645,45.36725616455078,4023200
2008-08-05,46.688420267481504,46.688420267481504,45.56543291751878,45.97645950317383,4517100
2008-08-06,45.87366920996397,46.0131241563959,45.007574111287326,45.014915466308594,4892400
2008-08-07,44.699322301384946,45.75625105534343,43.906623635985326,45.07365036010742,4623200
2008-08-08,44.780050016801944,46.44618240220382,44.70665324912549,46.26268768310547,2478800
2008-08-11,45.92507243526143,47.503128633015876,45.888374039945575,46.97466278076172,2361700
2008-08-12,47.143476653619274,47.42238667555088,46.563629734592574,46.952640533447266,2133400
2008-08-13,46.79116685605875,48.25178367310723,46.534275295243596,47.95819091796875,2713400
2008-08-14,47.49578246722457,48.37656066511491,46.99667650169806,47.9288330078125,2034700
2008-08-15,49.11052987745312,49.16924393238716,47.46641314338112,47.88478088378906,1515900
2008-08-18,47.848102790178224,48.11233573332178,46.394821602888655,46.8278694152832,2182700
2008-08-19,46.73243142538752,46.73243142538752,45.220436806069266,45.55072784423828,1964500
2008-08-20,45.77826324933148,45.785604606286036,44.84610970952189,45.59476852416992,1730600
2008-08-21,45.056811893684944,45.46213103685299,44.59253580761592,45.35895919799805,1715200
2008-08-22,45.491597557124614,46.456996159343305,45.44001165124937,46.442256927490234,1243300
2008-08-25,46.25065374954804,46.2727640048623,45.21156170885884,45.66109848022461,1114200
2008-08-26,45.720055412767586,45.77164132313206,45.12312912126564,45.66109848022461,1401500
2008-08-27,45.63898706443434,46.84020775386017,45.241036238064396,46.442256927490234,1343100
2008-08-28,46.633851130061885,48.24776152508585,46.44224678027779,47.90876770019531,1191000
2008-08-29,47.82771467698199,48.22566551066344,47.21604919433594,47.21604919433594,1356700
2008-09-02,47.87930102625053,48.343574191948086,47.20131320961347,47.532936096191406,2449300
2008-09-03,47.53293973922387,47.53293973922387,46.20643965758282,46.43489074707031,1634400
2008-09-04,46.44961250680487,46.729652213420295,43.39866262338614,44.10612869262695,3106100
2008-09-05,44.53357851336176,44.7767688575036,42.823866647754166,44.48936080932617,2172800
2008-09-08,45.45475366093162,46.42752053291403,44.658851959552635,45.329471588134766,2548900
2008-09-09,45.8453241497589,45.8453241497589,41.880564117005235,42.13112258911133,2699900
2008-09-10,42.42589607537496,44.60725119447759,42.30798506383482,44.10612869262695,2814900
2008-09-11,43.69346709190275,45.0052282132703,43.19971250981891,44.924163818359375,2503300
2008-09-12,44.142985201786196,45.32946371455862,43.88505289022815,45.13785934448242,1230800
2008-09-15,43.48709505107935,44.29036469333561,42.396417494742266,42.477481842041016,2700700
2008-09-16,41.71105622859876,43.538681003455736,40.79724665239035,43.32496643066406,2480300
2008-09-17,42.448025829380065,42.624893845292085,40.59092712402344,40.59092712402344,1795600
2008-09-18,41.069925861768844,41.74054539477479,36.50823939538515,41.733177185058594,3989400
2008-09-19,44.48936007743352,44.90941841958579,39.82450061045037,43.71556854248047,4093000
2008-09-22,43.72293089818424,43.76714578150624,40.79725950628392,40.92253875732422,1397900
2008-09-23,40.72357113232466,41.48262623867732,39.5665679439082,39.669742584228516,1435400
2008-09-24,39.70659043134751,40.22982061499482,38.97701377221692,39.30863952636719,1739600
2008-09-25,39.19809602119924,40.25192739401071,39.19809602119924,39.69921875,1507000
2008-09-26,39.058064003940224,39.78026937836473,38.3211194000923,39.23493194580078,1702800
2008-09-29,38.49799486329662,39.04333240240303,35.86709952723922,36.861976623535156,1768300
2008-09-30,37.3999454750205,39.12439627538162,37.30414187188347,39.05807113647461,1938900
2008-10-01,38.328496728072125,38.704340139736416,37.414686776176204,37.650508880615234,2011100
2008-10-02,37.289399134440146,37.51785299391576,35.76392389419983,35.81550979614258,2650500
2008-10-03,36.72932066039535,37.90843094996636,34.82800215583884,34.886959075927734,2446700
2008-10-06,34.58483323779656,34.58483323779656,31.261209313455037,33.16252899169922,2469700
2008-10-07,33.840503646934486,34.18686860027684,30.863248810789855,31.349632263183594,2042500
2008-10-08,30.53899410963895,32.45505244010655,29.558858903717574,30.796926498413086,2650700
2008-10-09,30.664264698213955,31.489641848064018,27.70911533166518,28.114437103271484,2753400
2008-10-10,27.28169232266571,31.298041380857736,25.947821443164624,29.610437393188477,4032600
2008-10-13,31.253823077202856,33.93630120345875,29.70624040781547,33.6562614440918,2512000
2008-10-14,35.07119460459743,36.37558692032388,31.04747765106741,32.46240997314453,2491900
2008-10-15,32.85299651046214,32.85299651046214,28.888233184814453,28.888233184814453,1972800
2008-10-16,27.908104872306506,32.05710578785361,27.458567996520408,31.526504516601562,3783000
2008-10-17,30.5021395172664,32.15289681910374,29.40409353052271,30.612682342529297,2950400
2008-10-20,31.334892333898416,31.72547216709625,30.170518233934803,31.121177673339844,2213800
2008-10-21,30.590581167531774,31.65915182099462,29.109323174573294,29.271451950073242,2656500
2008-10-22,29.028252901412273,29.30829269016522,26.77320379288381,27.95968246459961,2541900
2008-10-23,28.077592926730908,29.035623319187653,26.677399634531326,28.283939361572266,2577600
2008-10-24,26.14680070200352,28.239724009259422,26.14680070200352,27.20800018310547,1790000
2008-10-27,25.78569826306213,27.635428364666506,25.424594095493184,25.483551025390625,2161000
2008-10-28,26.588974481893008,27.488045386826972,24.230750138495072,27.443830490112305,2868200
2008-10-29,27.392242745213345,28.401859361964682,26.323674804866965,26.758472442626953,2191600
2008-10-30,27.51752266021479,28.372378631199464,26.802685208097525,27.87125587463379,1991400
2008-10-31,28.202887113158084,29.595712793654755,27.480681308871745,28.571359634399414,1911200
2008-11-03,28.527129425577193,29.29355260877659,28.298678361646164,28.858755111694336,1191200
2008-11-04,29.63991328805534,30.288422524589357,28.703993290506226,30.222097396850586,1358700
2008-11-05,29.794675358059333,30.36949134206658,28.136549732295947,28.29130744934082,1409700
2008-11-06,27.915478632468925,28.365015552318578,26.544760421524806,26.69951820373535,1264800
2008-11-07,27.126932648742745,27.539619839416293,26.227859306968544,27.230104446411133,1576000
2008-11-10,28.409214318642764,28.571343033377197,26.839521503062887,27.25958251953125,1038700
2008-11-11,26.795311314794898,27.92283587239472,26.021519896614212,26.97954750061035,1648200
2008-11-12,26.176272343532744,26.802674124597978,25.395110061038473,25.542499542236328,1574800
2008-11-13,25.822539809666768,28.143913644486002,24.60658007865151,28.048112869262695,1691000
2008-11-14,27.458565806816445,28.276575097689932,26.382626924776403,26.4931697845459,1341700
2008-11-17,26.10258472225322,26.79531466675796,25.594093797832432,25.697265625,1320700
2008-11-18,25.867988275977986,26.617679081219304,25.363246792703297,26.40984535217285,2147000
2008-11-19,26.335619771437173,26.818094214990165,25.051498837476625,25.088611602783203,1612500
2008-11-20,24.79912319928703,26.098089550587805,23.4333527509442,23.618919372558594,1813800
2008-11-21,24.153351278724166,25.563655853271484,23.225518204079155,25.563655853271484,1719000
2008-11-24,25.578507549735857,28.725719326430983,25.578507549735857,28.05767822265625,2004600
2008-11-25,28.577247690678988,29.742605356998006,27.95374399143971,29.519926071166992,2248200
2008-11-26,28.339723697588237,30.269614681920004,27.953744934417717,30.15085220336914,1475700
2008-11-28,29.482830352725788,30.522001897148062,29.482830352725788,30.492313385009766,816200
2008-12-01,29.623867245506656,29.623867245506656,27.708820414575666,27.71624183654785,1576200
2008-12-02,27.849830993027073,28.28034396037174,27.04818205645812,27.8795223236084,2277500
2008-12-03,27.070451861610543,28.176427021879483,26.380144001728908,27.634572982788086,1960600
2008-12-04,27.389647739054634,28.2952113653766,26.714185022725722,27.835006713867188,3083000
2008-12-05,27.181793604076017,28.480759748111478,26.053548384902637,28.332305908203125,1838200
2008-12-08,29.148810846489724,29.60159394300394,28.15417345085074,28.940977096557617,1770200
2008-12-09,28.213542195769097,28.933541448038238,27.21148377441258,27.753337860107422,2802600
2008-12-10,28.38427359485513,28.688602761486607,27.5158202749659,28.31004524230957,2389100
2008-12-11,28.02055976420977,28.99292987736203,27.092726659434614,27.411901473999023,1985400
2008-12-12,26.699323462496643,27.775607483261943,26.120353741843715,27.48612403869629,1925000
2008-12-15,27.649426055069203,28.013137871864572,26.743860054024232,27.211488723754883,1460600
2008-12-16,27.0630318117901,28.473339080810547,26.647364446916203,28.473339080810547,1696900
2008-12-17,28.206133371706184,28.79994613954284,27.545516490517738,28.41396713256836,1503300
2008-12-18,28.59951857064292,28.66632264842247,27.3228225074976,27.634572982788086,1188300
2008-12-19,27.872102349714094,28.881585092125988,27.731072755105973,27.998289108276367,2289000
2008-12-22,28.065097440227945,28.065097440227945,27.337676608562226,27.95375633239746,1836600
2008-12-23,28.577258490743986,29.133958331472765,28.376846208299007,28.851896286010742,2475700
2008-12-24,28.747976123612897,29.623850665311654,28.740554705794413,29.052305221557617,966100
2008-12-26,29.215603914679985,29.66096259093783,29.037458745264,29.542200088500977,609000
2008-12-29,29.460559348041677,29.57932188680352,29.08200464058901,29.4976749420166,1297200
2008-12-30,29.690645815053625,31.078682714081605,29.62384174870893,31.0638370513916,1347500
2008-12-31,31.041580847092238,31.91745543197993,30.95250967127091,31.576013565063477,1402200
2009-01-02,32.05848982440718,33.66920963740871,31.108389589489224,33.520755767822266,1470900
2009-01-05,33.617237536338614,33.85476249847156,32.77847592107615,33.65435028076172,2070800
2009-01-06,34.01807714799771,34.47828161349788,33.357457543857045,34.04034423828125,1698100
2009-01-07,33.73602231123206,33.73602231123206,31.58344773395211,31.939735412597656,1415400
2009-01-08,31.657668135327942,32.065914154052734,31.00447280645504,32.065914154052734,1782300
2009-01-09,32.15498582641453,32.355398129131,30.848597980567543,31.375606536865234,1092400
2009-01-12,31.36818032943136,31.36818032943136,30.09148390395482,30.321584701538086,1001700
2009-01-13,30.29188459331887,30.804047251159318,29.72033928044257,30.15085220336914,1214700
2009-01-14,29.712933037493244,29.75004863514144,28.64407008285296,28.926132202148438,1690100
2009-01-15,29.193329974049558,29.839100752415717,28.280340088557143,29.519926071166992,1547400
2009-01-16,30.38837613536416,30.38837613536416,28.52528928503578,29.519926071166992,1804200
2009-01-20,27.018512213409807,30.715000477538762,27.003666537868355,29.905929565429688,4180100
2009-01-21,30.291891612538464,30.432921203646647,28.43622568548684,29.29725456237793,3304000
2009-01-22,28.889013051144964,28.978087076717443,27.857262989535815,28.62179946899414,3741600
2009-01-23,27.834999318664643,29.750048630919597,27.634586983787553,29.007781982421875,2243700
2009-01-26,28.889011729061867,29.950453083952475,28.488189958417827,28.837053298950195,1877600
2009-01-27,29.178475711329032,29.77970932272549,28.97806356369024,29.586721420288086,1483600
2009-01-28,30.23993093275749,31.323639073586506,30.02467302174423,31.019309997558594,1973200
2009-01-29,30.48488691495372,30.85602018913774,29.1636533649457,29.408599853515625,1672300
2009-01-30,29.245296405758314,29.245296405758314,28.06509275228659,28.361997604370117,2477100
2009-02-02,27.92407076232493,28.97809088459213,27.76077402369507,28.287782669067383,2360900
2009-02-03,28.666320446791662,29.401165245929146,27.879520070617172,29.1859073638916,2134400
2009-02-04,29.5719009734551,30.38839308748808,29.430871341110443,29.705509185791016,1676900
2009-02-05,29.393742988625288,30.65559620659863,28.859313202764476,30.21765899658203,2255600
2009-02-06,30.17313586221678,31.227152985645645,30.143444521170917,31.078699111938477,1568600
2009-02-09,30.826332093974333,31.264269516891776,30.225097938654134,30.74468231201172,1889400
2009-02-10,30.373521220743953,30.804036829539346,28.93352630155361,29.260122299194336,1670500
2009-02-11,30.277056096852366,31.316227665509427,29.42344835159617,29.89849853515625,1784300
2009-02-12,29.386335095656065,29.72777705544158,28.673759832228278,29.690664291381836,1744100
2009-02-13,29.853954644466896,30.952508544684374,29.853954644466896,30.202817916870117,1950300
2009-02-17,29.70243458460697,29.70243458460697,28.514934585156062,28.79874038696289,2360100
2009-02-18,29.119882337012676,29.538119380184447,28.440244292832368,28.88088607788086,1954900
2009-02-19,29.366340365954148,29.38127780885144,28.08174876704645,28.14896583557129,1707700
2009-02-20,27.82035017484283,28.68670190525274,27.35730084885457,27.98465919494629,1898200
2009-02-23,28.253531955186098,28.402900707356277,26.453608291856355,26.528295516967773,1919700
2009-02-24,26.677663394149818,27.656041689810866,26.16980173039141,27.469327926635742,1704000
2009-02-25,27.095900572756054,27.34236410924845,26.1473943079059,26.43120002746582,1730000
2009-02-26,26.677672943755198,26.864386773766864,25.48270272226438,25.6320743560791,1863600
2009-02-27,25.281042189270394,25.736624223567045,24.803055415262733,24.92255210876465,2490200
2009-03-02,24.541658230757477,24.541658230757477,23.38403200930848,23.4661865234375,1740700
2009-03-03,23.89189379601125,23.951642145325078,23.033010740432584,23.107696533203125,3010400
2009-03-04,23.593155530599812,23.749994436497733,23.08529377424103,23.391504287719727,3618100
2009-03-05,22.30856543861751,22.659586869601277,21.233093552340424,21.59905242919922,3406400
2009-03-06,21.86791656683135,22.2264066520631,20.695352931552254,21.38245964050293,3231500
2009-03-09,21.0911907484908,21.711080509609737,20.68042095690489,20.80738639831543,2426600
2009-03-10,21.188287548286386,22.383255004882812,21.188287548286386,22.383255004882812,2350100
2009-03-11,22.74174022693286,22.838830771097033,22.159192688408297,22.58489990234375,2301900
2009-03-12,22.58489357607535,23.212251849675727,21.927661845143547,23.145034790039062,1453700
2009-03-13,23.212254721649888,23.324282693400917,22.592365091813697,22.980730056762695,1140400
2009-03-16,22.98073504420502,23.473659366497856,22.68199324652955,22.756677627563477,2064600
2009-03-17,22.532622214195438,23.481128692626953,22.263753877124888,23.481128692626953,1631100
2009-03-18,23.279474939841364,24.407226380372926,22.831361567684436,24.153295516967773,2050700
2009-03-19,24.42962928301802,24.72090231195055,24.003922110112622,24.44456672668457,1950200
2009-03-20,24.579005932716694,24.579005932716694,23.316820173206185,23.458723068237305,1770900
2009-03-23,23.944174543954613,25.333322579470465,23.936704397808136,25.318387985229492,1797000
2009-03-24,24.959895831040154,25.80384288353667,24.81799438907348,25.370668411254883,2120800
2009-03-25,24.661151404453822,26.095111576598573,24.661151404453822,25.51256561279297,4287800
2009-03-26,25.60965606192164,27.11830335229913,25.54243900471087,27.095895767211914,2936500
2009-03-27,26.75234602646692,27.06602660977056,26.304234163491138,26.423730850219727,2360800
2009-03-30,25.871058522832328,26.139926797161568,24.803055571483366,25.198890686035156,1755400
2009-03-31,25.40055378544881,25.900948441778315,25.101813300933912,25.378149032592773,1848500
2009-04-01,25.116743064343062,26.139933967634416,24.743315436234,26.020437240600586,2039300
2009-04-02,26.767286781538715,28.724046337300624,26.520823232078158,28.208717346191406,3672300
2009-04-03,28.358083467181135,28.992909037398913,27.79794225262702,28.791257858276367,2592300
2009-04-06,28.768853464674883,28.768853464674883,27.880097085959548,28.328208923339844,3349800
2009-04-07,27.880105730395954,27.880105730395954,27.14071783553755,27.342369079589844,2766700
2009-04-08,27.40958527777134,27.82782234912092,26.89425338767793,27.319963455200195,2230000
2009-04-09,27.753146903960573,29.28419992367986,27.753146903960573,29.22445297241211,2677300
2009-04-13,28.036944020537618,28.387964016291903,27.267681251103916,28.15644073486328,2174500
2009-04-14,27.68592286223226,28.20872208763801,27.21540327446443,27.611238479614258,1663300
2009-04-15,27.2303288840161,27.573881453162247,26.62537824030774,27.11083221435547,3661000
2009-04-16,26.33410888912136,29.72483163890648,26.139927821731384,29.060131072998047,5846600
2009-04-17,29.388744706063388,30.10572771025182,28.776323800733806,29.926481246948242,3570400
2009-04-20,29.493301243551947,29.493301243551947,28.275926959279683,28.492515563964844,2926600
2009-04-21,28.350612802710717,29.814447799489766,28.298333184899,29.67254638671875,2843100
2009-04-22,29.441024963334176,31.554626141022705,29.33646571125541,31.338037490844727,3916400
2009-04-23,31.360464467572207,32.90645516255973,31.293247356962848,32.869110107421875,3876500
2009-04-24,32.9139017041221,33.37695103568614,32.5255367376721,32.78693771362305,4068300
2009-04-27,32.56287636985667,32.89149438828277,32.08488963290126,32.346290588378906,2962300
2009-04-28,31.741344683006417,33.30227210020238,31.681594901952806,32.28654861450195,2764100
2009-04-29,32.74960445567473,34.13128849921353,32.62264041953152,33.556209564208984,2205800
2009-04-30,34.00432249389823,35.19182259061537,33.83254610871613,33.86988830566406,2915800
2009-05-01,33.80267575854032,34.795994855329084,33.33215888545579,34.489784240722656,2119200
2009-05-04,34.48978713437809,35.6623500386156,34.37029036862865,35.56525802612305,1439700
2009-05-05,35.4606868915066,35.78930217551772,34.32546657079541,34.79598617553711,3114900
2009-05-06,35.22916072699668,35.71461777844632,34.66155199134131,35.40093994140625,1825300
2009-05-07,35.69967274397616,35.69967274397616,33.80266013098386,34.07899856567383,2815000
2009-05-08,34.76610147286168,35.4083972618249,34.056588616471466,35.221683502197266,1950900
2009-05-11,34.78853221215104,34.87815407868592,33.84749264193769,33.996864318847656,1669000
2009-05-12,33.94456545772655,33.98190764357359,32.67491119574384,33.41429901123047,2111000
2009-05-13,32.97365796317381,32.97365796317381,32.06996101294175,32.241737365722656,2191800
2009-05-14,32.29400984195917,33.115549161350486,32.18944775399567,32.406036376953125,2167000
2009-05-15,32.391096482558,33.21263858875241,32.1819780205205,32.60768508911133,1983400
2009-05-18,32.8989635142799,34.10140056888401,32.73465734495462,34.034183502197266,2443100
2009-05-19,33.981620292902704,34.31955963119497,33.41088052747542,33.831424713134766,2363600
2009-05-20,34.18438670583242,34.34209078841794,32.584808949592116,32.69745635986328,3451400
2009-05-21,32.23935629512595,32.517216237102495,31.61604568327504,31.961496353149414,2985900
2009-05-22,31.878894046560127,32.524733100615215,31.473366798933533,31.9389705657959,1321700
2009-05-26,31.67613122868665,33.44092163918693,31.646091535933106,32.94527816772461,2679400
2009-05-27,33.11047963432457,33.65869090428673,32.56977685200942,32.592308044433594,2396800
2009-05-28,31.646089651106102,32.4646526090588,31.135426363681887,32.044105529785156,3359400
2009-05-29,32.089169120959106,32.42710852515338,31.435821516012165,31.736209869384766,4960200
2009-06-01,32.33698663076324,35.14563170885686,32.33698663076324,35.048004150390625,3713600
2009-06-02,34.95037572554909,35.829015063718934,34.860256666704366,35.28080368041992,2556800
2009-06-03,34.89779786783652,35.28830508517084,34.206899601863086,34.64997482299805,1511900
2009-06-04,34.725087901275664,35.25827950428591,34.28952099307518,35.16816329956055,1327400
2009-06-05,35.85904418487369,36.38472708095099,35.701340175472886,35.88908386230469,2680400
2009-06-08,35.51360383974777,36.046795333179666,34.845236634637104,35.6938362121582,1574400
2009-06-09,35.47605663090804,36.04679631202869,35.250761862164275,35.49107360839844,1682200
2009-06-10,35.806488132543414,36.159447298308365,34.64247745863335,35.265785217285156,1757300
2009-06-11,35.32586339772828,35.37092006264812,34.60492811158905,34.702552795410156,1916000
2009-06-12,34.48475936064623,34.69503423998572,34.026667166663316,34.687522888183594,1042600
2009-06-15,34.13182560830772,34.146845457042964,33.04291092532012,33.395870208740234,1156600
2009-06-16,33.4784808636315,33.91404505596044,32.569798556746086,32.59983825683594,1371900
2009-06-17,32.32947390914134,32.78756912787351,31.969006244747746,32.382041931152344,1610100
2009-06-18,32.44962717468948,32.59231424982366,31.706163572196505,32.10417938232422,1252800
2009-06-19,32.3595125087655,32.53974776727024,31.75873308832011,31.91643714904785,1362400
2009-06-22,31.43582130422045,31.503409184603946,30.444534301757812,30.444534301757812,1373900
2009-06-23,30.564676393766877,30.970203492686743,30.3468930038201,30.662303924560547,1964900
2009-06-24,30.72990423509322,31.99905417412965,30.60974831601659,30.827531814575195,1820800
2009-06-25,30.414474889637532,31.833816592795376,29.978908195154656,31.66109275817871,2967200
2009-06-26,31.60103619512133,32.261892275130954,31.55597665408949,32.0966796875,5274100
2009-06-29,32.201811133250715,32.59231850528903,31.87138027589542,32.291927337646484,1682400
2009-06-30,32.25437047924851,32.59230973573201,31.856351859504954,32.261878967285156,2548800
2009-07-01,32.40457391404989,33.17056592896338,32.11169124394483,32.186790466308594,2119900
2009-07-02,31.698657699890145,31.73620588125035,31.037801686671205,31.240562438964844,1542800
2009-07-06,30.789974930797836,31.022778211581816,30.557171650013853,30.932659149169922,1828700
2009-07-07,30.917642305096983,31.225544834430575,30.001454666291423,30.023983001708984,1545800
2009-07-08,29.933853311285148,30.497084360951355,29.723581302793637,30.234241485595703,2790600
2009-07-09,30.391955386788126,30.662306811522555,29.68603714115002,30.189191818237305,2072900
2009-07-10,29.911332198036114,30.812499802992537,29.843744341190185,30.549659729003906,2221200
2009-07-13,30.361925326011054,31.26309607249902,30.181690030816327,31.255584716796875,1401000
2009-07-14,31.368236527730417,31.623568227250644,31.082865130679995,31.60103988647461,2086700
2009-07-15,32.02909045668382,33.072945429555766,31.848855164905345,32.94527816772461,2013200
2009-07-16,32.88519250676345,33.68873544375379,32.62986091881144,33.53853988647461,1583900
2009-07-17,33.40337870073624,33.86147406055982,33.20061503992532,33.395870208740234,1224700
2009-07-20,33.823925543822355,34.980428102556935,33.38835852894445,34.469764709472656,2113800
2009-07-21,35.09306335449219,35.979214132867995,34.28952028906127,35.09306335449219,2571600
2009-07-22,35.17567997112404,35.94167505130793,34.57490035864937,35.34840393066406,1577300
2009-07-23,35.38594741717134,36.08435451910009,35.06302788123685,36.04680633544922,1750300
2009-07-24,35.76142131509376,36.129400249612836,35.205701534075196,35.994224548339844,1604100
2009-07-27,35.979207876908,36.15193176269531,35.52111272276942,36.15193176269531,1322200
2009-07-28,35.73889435778221,36.01675425895312,35.198191531943195,35.70885467529297,992900
2009-07-29,35.415979403944846,35.59621465689214,34.84523968830574,35.28080368041992,1387100
2009-07-30,34.387152697211754,35.93415966788045,33.8013901340404,34.31956481933594,4027800
2009-07-31,34.319571684834756,34.725099033213844,33.17057753109401,33.2531852722168,2828100
2009-08-03,33.59112621673406,35.25078101094639,33.43342208473963,35.15315628051758,3107300
2009-08-04,35.07054499340894,36.18198802741879,35.07054499340894,35.874088287353516,1689200
2009-08-05,35.934157550582256,36.12190132642593,34.77014671330001,35.02547836303711,1516400
2009-08-06,35.25076443040507,35.468547861528556,34.77014090292028,35.19819641113281,1228600
2009-08-07,35.814000331028666,36.67011432376308,35.37843627676201,36.61003494262695,2052800
2009-08-10,36.60253853358851,37.00055453838769,35.821523509488195,36.25708770751953,1980300
2009-08-11,36.084353339451724,36.219529087969995,35.408477461603056,35.75392532348633,1437100
2009-08-12,35.889099619932004,37.5036943167518,35.859059929311634,37.143226623535156,1877900
2009-08-13,37.54875865498642,37.7139741097861,36.79778348188669,37.44362258911133,1255000
2009-08-14,37.52623160310492,37.571288281600204,36.392257448589774,36.700157165527344,878800
2009-08-17,35.88910760084893,36.23455552557511,35.17568054604959,35.46105194091797,823500
2009-08-18,35.55867011780719,36.43731248136006,35.46104541665674,36.32466506958008,1099000
2009-08-19,35.926645194075824,36.557464327619705,35.626254039153075,36.33217239379883,733600
2009-08-20,36.38500489992801,36.913418401719674,36.362356673533654,36.69450378417969,991600
2009-08-21,36.96627082752706,37.68340057224101,36.724710788958035,37.35880661010742,1873000
2009-08-24,37.43429858325502,38.12123558454405,37.336163903178516,37.54753112792969,1078000
2009-08-25,37.872117954513435,38.5364094727138,37.50223042069993,37.99290084838867,1536000
2009-08-26,38.05327394116415,38.05327394116415,37.31349629474845,37.577701568603516,1106500
2009-08-27,37.68340401828037,37.96271017811108,36.97382170004745,37.502235412597656,1009700
2009-08-28,37.8419205418498,38.03063947131098,37.03420375412574,37.26066589355469,1092200
2009-08-31,36.80774427431315,36.822842136496824,36.04532095158588,36.73225784301758,1014500
2009-09-01,36.53598297119121,38.007988199471164,36.105704076829056,36.181190490722656,1865600
2009-09-02,36.03022824154719,36.27933868376514,35.68298600053719,35.75847244262695,945300
2009-09-03,35.63768417503562,36.15099992561255,35.396124160602064,35.977378845214844,1836000
2009-09-04,35.98492321040527,36.641667142251926,35.98492321040527,36.47559356689453,1203900
2009-09-08,36.80018153326398,37.15497394849948,36.22647740613787,36.301963806152344,2056600
2009-09-09,36.16609335066059,36.64921332027256,35.237596619133434,36.49823760986328,1863100
2009-09-10,36.41520322514584,36.76999282836914,35.95472861029252,36.76999282836914,1063300
2009-09-11,36.89833188234524,38.09858458367828,36.83794043289871,37.89476776123047,2475400
2009-09-14,37.487134157232596,39.84234597538329,37.487134157232596,39.736663818359375,2955700
2009-09-15,39.744199891296404,41.05768176981246,39.59322420145202,40.77082824707031,2496800
2009-09-16,41.11809052250368,41.77483173847639,40.62742004367329,41.480430603027344,2033100
2009-09-17,41.41248321533203,42.190004299635405,41.140727490435445,41.41248321533203,1650200
2009-09-18,41.74464085981732,41.94845771871119,41.31436178424916,41.654056549072266,1292400
2009-09-21,41.30680137791772,41.48796994276969,40.7255467130747,40.85387420654297,986300
2009-09-22,41.16336009470302,41.20865366136806,40.25751179837422,40.5217170715332,1714900
2009-09-23,40.69535809070247,40.763297034277855,40.00842116327271,40.053714752197266,829800
2009-09-24,40.03106499793318,40.385857565313366,39.28373952660307,39.434715270996094,1349200
2009-09-25,40.15940560593183,40.15940560593183,38.55906921930133,39.4045295715332,1693500
2009-09-28,39.487554129349455,40.12919740741403,39.35922374596295,39.87253952026367,1348600
2009-09-29,39.90273606371811,40.52928149311097,39.812151772162345,39.94047927856445,1405700
2009-09-30,39.94803509140815,40.23488876731678,38.63455251155367,39.13277053833008,2222300
2009-10-01,38.95914258093164,39.19315224847991,37.87966989886884,37.89476776123047,1424800
2009-10-02,37.456924899124346,37.82681519468785,37.26065851836653,37.36634063720703,1448800
2009-10-05,37.683384351648755,38.672272313620326,37.53995904036711,38.63452911376953,1449300
2009-10-06,38.861006380561776,39.42716323845975,38.63454421332713,38.88365173339844,1452000
2009-10-07,38.815711301963724,39.027078478924096,38.287300558619236,38.49866485595703,1388200
2009-10-08,38.921407688453655,39.540405779543576,38.51377395638271,39.2158088684082,1723100
2009-10-09,39.208239926085724,39.93292273308597,39.14785137194857,39.910274505615234,1101100
2009-10-12,39.993321936383055,40.45379666273203,39.51774934757412,39.84234619140625,735800
2009-10-13,39.88764458159876,39.94048566675973,39.04973183172734,39.42716979980469,1272200
2009-10-14,39.857442122204716,40.7557461774885,39.47245672681359,40.499088287353516,1574200
2009-10-15,40.29528173690677,40.529291454241715,39.97823231910437,40.39341354370117,980300
2009-10-16,40.01596897116643,40.43870049893411,39.45736243479718,40.21223831176758,1304100
2009-10-19,40.57457067223928,41.82766427455982,40.234876016268146,41.71443176269531,2198200
2009-10-20,44.23573215705728,44.809439525871106,42.620297988427396,43.760162353515625,3710400
2009-10-21,43.40535411016692,43.933767692649944,42.37872266525643,42.46930694580078,2095500
2009-10-22,42.582542609059864,43.91867308441272,42.09187220050531,43.58652877807617,1725800
2009-10-23,43.6393699645799,43.737501742845296,42.756163802833285,42.922237396240234,1442300
2009-10-26,42.990182446563715,43.92622693616259,41.91070969512251,42.06923294067383,1777700
2009-10-27,42.12961566489699,42.40891887961054,40.78593490298643,40.876522064208984,1864100
2009-10-28,40.83124169456593,41.155838594914236,39.887646723698374,40.0612678527832,1976600
2009-10-29,40.589655376785565,41.133166650179746,40.14427872322566,40.98973846435547,1509700
2009-10-30,40.8161306019358,41.08788632621579,39.70646235433329,39.97821807861328,1760700
2009-11-02,40.12165205373424,41.0501489915157,39.60078588109925,40.45379638671875,1455300
2009-11-03,39.93292207900873,41.88049971189021,39.774396007798394,41.706878662109375,2572400
2009-11-04,41.963541338680685,42.22774668850874,41.042592039927484,41.16337203979492,1804400
2009-11-05,41.571008037951,42.786358477118,41.336995514757405,42.74861526489258,1273400
2009-11-06,42.43157567377609,43.1260630323382,42.22021133316392,42.37873458862305,996300
2009-11-09,42.80145591017391,43.375160217285156,42.70332125567057,43.375160217285156,1038600
2009-11-10,43.53367659593186,43.57142268147285,42.59763241880446,43.141143798828125,888300
2009-11-11,43.33740529854423,43.53367167491026,41.93333631194627,42.3560676574707,1579700
2009-11-12,42.29568217977799,42.63537680167003,41.63894116386812,41.73707580566406,1190400
2009-11-13,41.895611156116836,41.971097591936335,41.29171103069199,41.51817321777344,2010500
2009-11-16,41.74462527499884,43.11095131691006,41.74462527499884,42.997718811035156,1562000
2009-11-17,43.0962785503705,43.0962785503705,42.38356844226239,42.527626037597656,1611100
2009-11-18,42.43665057838069,42.59587261831607,41.55713463909224,42.315338134765625,1441400
2009-11-19,42.04237563378548,42.11061404983844,40.80650338407806,41.17802429199219,1179900
2009-11-20,40.49564637550311,41.200775819335774,40.49564637550311,40.92782211303711,1436800
2009-11-23,41.35242024205756,41.9438180559251,41.094630932263556,41.20077896118164,1277800
2009-11-24,41.30693542441765,41.79218530844857,40.80652111997109,41.6102180480957,1393800
2009-11-25,41.61779472265425,41.98173209991585,41.41307940563513,41.71636199951172,851000
2009-11-27,40.404677756567324,41.20837186506657,39.91184417159431,40.616973876953125,649600
2009-11-30,40.480479168965445,40.93540294554358,40.033139046104324,40.912654876708984,1148700
2009-12-01,41.10221186370193,41.860415378881015,41.10221186370193,41.51164245605469,987600
2009-12-02,41.2993574542256,41.93624869318055,41.26902861134259,41.62538528442383,999600
2009-12-03,41.63296074359971,42.02722697388361,41.02639842482343,41.11738204956055,841400
2009-12-04,41.80734123402122,42.178862227921535,41.276598196585155,41.93623733520508,1058100
2009-12-07,41.84525706875875,42.3608357657139,41.64054174270445,42.10304641723633,1473600
2009-12-08,41.67844653126613,41.73910130611275,40.87474979525189,41.011226654052734,931200
2009-12-09,41.67844395807292,41.67844395807292,40.412242711220784,40.882328033447266,1061300
2009-12-10,41.15527914143735,41.46614241608111,40.692774610117404,40.76101303100586,681600
2009-12-11,40.79135947131403,41.238699780861175,40.68521141350923,40.94300079345703,997600
2009-12-14,41.390315097950044,42.40630755795895,41.20076428744328,42.24708557128906,1277200
2009-12-15,42.26226727824553,42.67169499833071,42.125790407444796,42.209190368652344,790200
2009-12-16,42.413908505708676,42.550385385618355,42.012061521706386,42.22435760498047,874600
2009-12-17,41.89831340400615,42.012045056797476,41.07187168502865,41.09461975097656,951000
2009-12-18,41.14769410369969,41.4358121722089,40.556296445674135,40.93539810180664,1388900
2009-12-21,41.37517180096213,41.564722708202126,41.11738245142303,41.32209777832031,925700
2009-12-22,41.38276410020667,41.65571503409462,41.056736240273885,41.306941986083984,902700
2009-12-23,41.397907832052546,41.74668362242806,40.94298691217725,41.5495491027832,817500
2009-12-24,41.769442842273996,41.83009763556645,41.602637099163864,41.670875549316406,150900
2009-12-28,41.875588317905255,41.875588317905255,41.23111635578035,41.55714416503906,548500
2009-12-29,41.625386244528535,41.625386244528535,41.17804592479785,41.29177474975586,642200
2009-12-30,41.20835876464844,41.466148068442955,41.06430114194321,41.20835876464844,515500
2009-12-31,41.14011640809865,41.26142883993482,40.82925312074865,40.85200119018555,442800
2010-01-04,41.44340924267201,41.73152742456948,41.071888200831815,41.33726119995117,961000
2010-01-05,41.20836753406729,41.564724177819855,40.89750415089508,41.14012908935547,1136400
2010-01-06,41.04913541896594,41.2993439524751,40.79134612337319,40.96573257446289,1670700
2010-01-07,40.75345410836001,41.625389632256756,40.75345410836001,41.45100021362305,973600
2010-01-08,41.299349202644535,42.63378620738323,41.03397621891602,42.62620544433594,1075200
2010-01-11,43.29342128761198,43.99855081625515,42.89157433407101,43.83932876586914,1682100
2010-01-12,43.55879876905651,44.04404862555432,43.50572474677189,43.93031692504883,1750700
2010-01-13,44.04403562466299,44.423137324688554,43.28583222461186,44.165348052978516,1371800
2010-01-14,43.99853576400767,44.68850063862158,43.64218218633851,44.574771881103516,1003100
2010-01-15,44.476217447900105,44.84773843763783,43.93030999924609,44.40039825439453,1712000
2010-01-19,46.81149072375776,47.65309427559721,45.93197467872287,46.56886291503906,3741400
2010-01-20,46.34898960039158,46.38689920415496,45.037297642420775,45.9547233581543,2339800
2010-01-21,45.79549290517646,46.576441590573765,44.55203672617453,45.128273010253906,2014800
2010-01-22,45.067613188659564,45.067613188659564,43.66493792692368,43.68768310546875,1462900
2010-01-25,44.37007369871422,44.76433990605972,42.73993485029698,43.498138427734375,2042900
2010-01-26,43.14177761970471,43.44505726542389,42.51246736559121,42.91431427001953,2343600
2010-01-27,42.83092034415145,43.77867479342415,42.573131018256596,43.5208854675293,3339500
2010-01-28,43.75592890463011,43.824167344077615,42.21677652770174,42.7020263671875,1439000
2010-01-29,43.088715561048765,43.869664408477774,42.20919653525326,42.39116668701172,2134700
2010-02-01,42.61104301226435,43.52088791315771,42.50489497075162,43.323753356933594,1622400
2010-02-02,43.63461095950658,44.13502515510948,43.36924089074627,44.08195114135742,1919400
2010-02-03,43.82416633458298,44.44589303864222,43.31617132442217,43.445064544677734,1800100
2010-02-04,42.85366463010871,43.02047033523732,41.64812088012695,41.64812088012695,1969200
2010-02-05,41.67086406861795,41.943817794026906,40.5638876420744,41.67844772338867,2101500
2010-02-08,41.66328413538385,41.83008694354052,40.905080612964916,41.352420806884766,1728200
2010-02-09,41.95141133942408,42.76268905215018,41.61021910222209,42.26985549926758,1651000
2010-02-10,42.231937711976904,42.444233777411846,41.59504662335512,42.11820602416992,1032700
2010-02-11,42.14853256814185,43.058377344175625,41.814924070266756,43.03562927246094,1370600
2010-02-12,42.391157763928874,43.71043313260518,41.860414733028826,42.52005386352539,2551600
2010-02-16,43.593921086652045,43.63961515999292,42.96179262292444,43.60153579711914,1561300
2010-02-17,43.98232241121913,44.42405102650129,43.609137791230125,44.31742477416992,1501600
2010-02-18,44.20317694309954,44.83530217743346,44.14986528135817,44.75152587890625,1522700
2010-02-19,44.62206322475192,45.15518283936041,44.32504022804284,44.93431854248047,1109200
2010-02-22,45.071403638353154,45.11710059848342,44.65252500559698,44.87338638305664,1249000
2010-02-23,44.72107645578342,44.98002012919567,43.98993949803392,44.40882110595703,1451100
2010-02-24,44.61445808008903,44.865784167612055,44.27173804685873,44.83531951904297,2075300
2010-02-25,43.830009453737055,44.980025244936655,43.76146544694192,44.85816955566406,1553900
2010-02-26,45.170423337491776,46.038645455896436,45.0637970710532,45.93202209472656,2204800
2010-03-01,45.825393948066264,47.66084966675106,45.81016453018289,46.99825668334961,3111800
2010-03-02,47.23435868975335,47.53138176172163,47.12011770579529,47.272438049316406,2012700
2010-03-03,48.133024117692926,48.48335871832196,47.44758432927298,47.5313606262207,2750600
2010-03-04,47.55422879640568,47.79794018393191,46.85355928358501,47.272438049316406,1897700
2010-03-05,47.874087013673616,48.15587767368039,47.60752576857055,47.927398681640625,1130900
2010-03-08,47.912176280546824,48.216816936513794,47.630385562201965,47.99595260620117,1402400
2010-03-09,47.896942740562785,48.43767713116347,47.7370077076136,48.23204803466797,1470900
2010-03-10,48.33105622253781,48.7118555994666,48.11780950114367,48.60523223876953,1154500
2010-03-11,48.620470389512356,48.62808509964531,48.00357427905764,48.506229400634766,939700
2010-03-12,48.734701743925875,48.89463386725293,48.21681439919602,48.44529342651367,860400
2010-03-15,48.47573878825738,48.658520775294754,48.1863305859697,48.62044143676758,762400
2010-03-16,48.71184936927377,49.252583718088836,48.65853769574374,49.07741928100586,1008600
2010-03-17,49.30589847875475,50.067497182889824,49.09265177128284,49.785709381103516,1476200
2010-03-18,49.701928090982776,50.19696836129755,49.587687134673764,49.96086883544922,1214900
2010-03-19,49.587684631347656,50.57776512199516,49.42013201195782,49.587684631347656,1714200
2010-03-22,49.14596796787527,49.97611365320635,48.902256592560526,49.92280197143555,942900
2010-03-23,50.097959462788424,50.806246456611554,49.625772007264146,50.699623107910156,1101400
2010-03-24,50.63868353837229,50.6843834003489,49.70192062061711,49.76284408569336,1521500
2010-03-25,50.3873789497617,50.58539045241676,49.275439598359355,49.34398651123047,1839800
2010-03-26,49.51153073366284,50.21220010944899,49.07741972795438,49.20689010620117,1659200
2010-03-29,49.44297996338898,49.7400029540234,49.32873901071353,49.68669128417969,1286800
2010-03-30,49.93801892944668,50.440676784034466,49.76284869845928,49.89993667602539,1245600
2010-03-31,49.755243000279556,49.92279563903119,49.2678203114767,49.3058967590332,1140800
2010-04-01,49.5952947539559,50.02940565202333,49.35158347452393,49.709529876708984,859800
2010-04-05,49.80855249373649,50.69200389954633,49.80855249373649,50.58538055419922,971000
2010-04-06,50.38737878234899,50.50923156738281,50.03703822534983,50.50923156738281,1038300
2010-04-07,50.30359562849748,51.072806119208074,50.189354663276674,50.64631271362305,1190800
2010-04-08,50.54730262132435,51.59830662762909,50.143650470914494,51.47644805908203,1639400
2010-04-09,51.613545200218056,52.29898524355866,51.4155337070043,52.1542854309082,1124700
2010-04-12,52.96157617484554,53.052970113882374,52.16951280147115,52.9158821105957,1537000
2010-04-13,52.75593237609231,53.197660957873524,52.57315033935175,53.129119873046875,1451300
2010-04-14,53.47947887750241,53.92881946624513,53.44139660601557,53.72319030761719,2550100
2010-04-15,53.540390623563916,53.860260681179106,53.319526304580975,53.47184371948242,1429000
2010-04-16,53.14435682098697,53.327138883634795,52.45130501940642,52.60362243652344,2015000
2010-04-19,52.580773624535254,53.11389037692959,51.78109268540694,52.84733200073242,2370100
2010-04-20,54.64470302301804,55.21590200932136,51.118503372698676,51.636390686035156,4872900
2010-04-21,52.070499324149615,54.202971956748385,52.070499324149615,54.07350158691406,3368200
2010-04-22,53.707930460228475,53.921182948065834,53.08341984361661,53.64700698852539,2868800
2010-04-23,53.410912136248854,54.065887451171875,53.12150673614621,54.065887451171875,1359000
2010-04-26,54.07350732554783,54.629476929334075,53.98973100428502,54.19536590576172,1355900
2010-04-27,53.799334012252196,54.34768602947366,52.1695131891424,52.35991287231445,1597000
2010-04-28,52.74831240978367,52.877782756997654,51.8572377711965,52.59598922729492,1283100
2010-04-29,53.04535645644972,54.294377997101634,53.04535645644972,54.24868392944336,1258400
2010-04-30,54.24104722868494,54.66754053819084,52.61883867117684,52.68738555908203,1486500
2010-05-03,53.21289646292225,54.058271376769774,52.862561802941435,53.9364128112793,1061500
2010-05-04,52.90825204146399,52.90825204146399,51.38505494597591,51.77347183227539,2070900
2010-05-05,51.027125425820415,51.5069306328067,50.75294936167443,51.20990753173828,2137100
2010-05-06,50.86717328800803,51.45360167754467,45.29227153863216,49.123111724853516,3336100
2010-05-07,49.039332061184076,49.37443729548109,47.15056793296351,47.40951156616211,3506600
2010-05-10,50.08273044565993,51.80393926587947,49.21450842185735,51.552616119384766,3250800
2010-05-11,50.94332698875551,51.803931265964934,50.63107460201207,51.065185546875,2282300
2010-05-12,51.36981520830306,52.900629781737145,51.36981520830306,52.59598922729492,1408600
2010-05-13,52.32945055478762,53.07581990267736,51.803945546472015,51.925804138183594,1316500
2010-05-14,51.81916415698696,51.81916415698696,50.120796895542625,50.61583709716797,2005100
2010-05-17,50.67678054230728,51.37744998422919,49.12311842508658,50.47114562988281,2535500
2010-05-18,51.09046078415539,51.3274844025758,49.46186842194174,49.66065979003906,1428000
2010-05-19,49.46952261243005,49.836532473943095,47.710949491536304,48.651405334472656,1916200
2010-05-20,47.29805881007161,47.542730071559895,45.43243679533404,45.64652633666992,4172900
2010-05-21,44.530205495932435,46.31936560328487,44.530205495932435,46.31171798706055,3661700
2010-05-24,46.21997423144493,46.57933349894315,45.39420655284691,45.53948211669922,3288900
2010-05-25,44.35435027418445,45.87590231774256,43.82677844754648,45.76121139526367,2587800
2010-05-26,46.2811383477867,47.20630459108853,45.89883916324074,46.08234405517578,2096400
2010-05-27,47.21394700580925,47.963253021240234,46.60991362345705,47.963253021240234,1449300
2010-05-28,48.06267647622505,48.06267647622505,46.579353078212854,46.99223709106445,1595300
2010-06-01,46.38053285103524,47.49684567118363,45.47830662195338,45.49359893798828,1919100
2010-06-02,45.67713318764338,47.16045379638672,45.67713318764338,47.16045379638672,1940100
2010-06-03,47.51215575619719,47.680368378779576,46.95399913737909,47.38982009887695,1302400
2010-06-04,45.9064869016863,46.38053707509772,44.40787479431387,44.74429702758789,2115100
2010-06-07,45.141880423438366,45.141880423438366,43.55151469711756,43.64326858520508,2388500
2010-06-08,43.97206332969084,44.522575244109696,43.337448020979885,44.43846893310547,2632100
2010-06-09,45.065434434061146,46.089996538321465,44.499633178749626,44.667842864990234,1995900
2010-06-10,45.59301715461763,46.617579436183604,45.59301715461763,46.52582550048828,1422600
2010-06-11,45.92943229953264,46.9310573984595,45.74593029034277,46.68638610839844,1410300
2010-06-14,47.397456481177265,47.817985021222675,46.40347621980082,46.556396484375,1392800
2010-06-15,47.26747186353849,48.59022671779703,47.05338524937521,48.52906036376953,1527600
2010-06-16,48.07795593634089,48.32262723033047,46.8775364887321,47.20631408691406,2264000
2010-06-17,47.55802761199217,47.80269890034603,46.39583753395544,47.02280807495117,1669400
2010-06-18,47.14513297652575,47.28276090945354,46.388179345422884,46.53345489501953,2057800
2010-06-21,47.29805879385249,47.542730055256875,46.37289540437269,46.6634407043457,2246700
2010-06-22,46.62521224588671,46.80106953604293,44.67548681874157,44.75194549560547,3064600
2010-06-23,44.813114921124,45.394208450693306,44.0638088018347,44.83605194091797,1495200
2010-06-24,44.57608358811546,44.82075482878999,43.276265799087476,43.30685043334961,2328800
2010-06-25,43.19981199132181,44.54550396645944,42.98572536081872,44.50727462768555,3453600
2010-06-28,44.58374065901212,45.019561581173846,44.017936472029035,44.33906936645508,1909500
2010-06-29,43.459777045181,43.52859102398117,42.190543704753566,42.939849853515625,3138400
2010-06-30,42.75633948947574,43.56681481243292,42.31287395116011,42.404624938964844,2290600
2010-07-01,42.588137254629075,42.76399456053741,41.48711354221263,42.22877502441406,1725700
2010-07-02,42.3893405777529,42.64930418925256,41.74707770914852,42.06821060180664,1495900
2010-07-06,42.656951518468766,43.13864647912146,41.594160057599076,41.89999771118164,1894100
2010-07-07,42.15996425861118,43.5515334086623,41.9688146180359,43.48271942138672,3077000
2010-07-08,43.88794611727959,44.0714480865022,43.039241488669205,43.78854751586914,2260300
2010-07-09,43.8420745453257,44.048516473561605,43.39096135030168,43.8267822265625,2469100
2010-07-12,43.55916978081494,43.75031937203605,42.89396710333333,43.1539306640625,1536100
2010-07-13,43.85735446776215,44.82839455942334,43.673849611183115,44.553138732910156,2530500
2010-07-14,44.27789481181793,44.30083183129108,43.54388102156196,43.8879508972168,2234700
2010-07-15,43.92618481429863,44.484341374451574,43.6203442447874,44.40788269042969,2172700
2010-07-16,44.048525308415876,44.14027632268611,42.901627421545314,43.01631546020508,1650600
2010-07-19,43.21509298216044,43.56680747342358,42.88631550480683,43.49034881591797,1417400
2010-07-20,42.649303653343566,44.4155272489901,42.53461562768038,44.32377624511719,1692600
2010-07-21,44.8513515793044,45.72299347426377,44.224380991115666,44.568450927734375,2271000
2010-07-22,45.37891535980557,46.418769684542205,45.27187204697295,46.33466339111328,2012200
2010-07-23,46.128248418697346,47.56569210674798,45.96768044907116,47.55039978027344,1786100
2010-07-26,47.504509197879926,47.90974550003886,47.068688253407714,47.68036651611328,2132800
2010-07-27,48.10852980540724,48.116177422746155,46.44170798102849,46.70931625366211,2112100
2010-07-28,46.625204844722276,47.39745077533656,46.60226782864638,47.259822845458984,2410900
2010-07-29,47.70329498180869,48.39143472684935,46.571689669628554,47.06867980957031,1717500
2010-07-30,46.71697714720284,47.70331012258069,46.02884010046272,47.49686813354492,1931500
2010-08-02,48.44494762669281,49.17131366141144,47.92502056146179,48.81959915161133,2127500
2010-08-03,49.0413567298552,49.45424069906053,47.649787426277896,49.07194137573242,3248900
2010-08-04,48.6819774166884,49.614788372910006,48.18499022010202,49.270721435546875,1626600
2010-08-05,48.91900948081782,50.07355188056164,48.77373682236487,49.997093200683594,1606300
2010-08-06,49.209550454760155,50.21117243027118,49.209550454760155,50.06590270996094,1789800
2010-08-09,50.333534383983384,50.40234546770894,49.44659708201926,49.93593978881836,1930200
2010-08-10,48.93429770568016,49.805939416888755,48.81196207808441,49.7294807434082,1795700
2010-08-11,47.978562471527425,48.7890380429752,47.48157221151198,47.67272186279297,1873100
2010-08-12,46.71697196492713,48.10854114402115,46.68639023849798,48.039730072021484,2016300
2010-08-13,47.91738462613945,48.789029330363064,47.772111967124694,48.56729507446289,1906900
2010-08-16,48.16205114096365,48.52905799736651,47.45097444521084,48.47553634643555,1820700
2010-08-17,48.89606598615296,50.455844432810224,48.88077366885979,50.08884048461914,2161000
2010-08-18,50.020028611399944,50.654646717466754,49.63008760654526,50.36410140991211,1850800
2010-08-19,49.71151741723228,49.82668040512943,48.6827384068158,48.98215866088867,3335500
2010-08-20,48.544532775878906,49.02053402034808,48.068531531409725,48.544532775878906,1955100
2010-08-23,48.897713587470896,49.45049425573395,47.53112742994496,47.584869384765625,1835100
2010-08-24,46.70964638083613,46.94764859135028,46.264352489303334,46.29506301879883,2633100
2010-08-25,45.72692230142812,46.20292368375812,45.07433687965775,45.80369567871094,2909400
2010-08-26,46.041685986851526,46.54071866821265,45.65013424879953,45.949554443359375,2978200
2010-08-27,46.46395185117388,46.77872734729173,45.51962536282034,46.59446716308594,1879200
2010-08-30,46.51769457673793,46.77872813366642,45.55801281284147,45.573368072509766,950100
2010-08-31,45.22020635783702,45.94956216303088,45.08201194809755,45.41981887817383,1718400
2010-09-01,46.21060626569786,47.838229034259086,46.21060626569786,47.75377655029297,1813700
2010-09-02,48.00712788453688,48.96680981364543,47.83054676102692,48.905391693115234,2028600
2010-09-03,49.7806062247732,50.271968642964005,49.14338202897934,49.88041687011719,1352700
2010-09-07,49.35834981791186,49.673122369140856,49.143382054646736,49.2508659362793,1001000
2010-09-08,49.38138450782881,50.356418600684385,49.32764256345776,49.93416213989258,979900
2010-09-09,50.69424845064427,50.69424845064427,49.611730042067826,49.87276077270508,769600
2010-09-10,50.13377747745798,50.51765018139738,49.86506189875431,49.94184112548828,1168200
2010-09-13,50.74798894757439,52.12225443583903,50.64050501954787,52.0147705078125,2122500
2010-09-14,51.93031596217919,51.96870558814442,51.41592777587864,51.423606872558594,1328300
2010-09-15,51.16255547055592,51.699974933666304,50.83242469823588,51.60017013549805,979000
2010-09-16,51.42360706093078,51.70766920734964,51.20863335514641,51.60786437988281,951100
2010-09-17,52.022421328260926,52.84390853591101,51.508027543804765,52.613582611083984,1644100
2010-09-20,52.797847842346435,53.742177248410215,52.383270486684985,53.61933517456055,1054300
2010-09-21,53.3966834299932,53.97249235616525,53.158678424122144,53.32758331298828,1574200
2010-09-22,53.327599173946865,53.818955801827556,53.005147485168855,53.266178131103516,1723200
2010-09-23,52.644298464933776,52.74410325185247,51.86120078446417,52.02242660522461,1446400
2010-09-24,53.020496298464465,53.903404694086085,52.84391813379973,53.650047302246094,1202000
2010-09-27,53.49649806736016,53.69611350532578,53.20475693297376,53.29688262939453,824800
2010-09-28,53.45812442936328,54.00322310665226,52.644315961500034,53.82664489746094,871900
2010-09-29,53.46578606516071,54.60972500427692,53.38133360749787,54.0876579284668,2499000
2010-09-30,54.35638202417214,55.369805817829366,53.58095745361048,53.788246154785156,1518600
2010-10-01,54.17211819349605,54.44083379247759,53.22779455070667,54.05696105957031,1518100
2010-10-04,53.72682441146255,54.02624464185817,51.83816561713761,52.421653747558594,2231100
2010-10-05,53.15101706119635,55.008959538860466,52.9974644654601,54.52527618408203,1771400
2010-10-06,54.29495803692812,54.71721451122488,53.46579156231339,53.88805389404297,1595800
2010-10-07,54.179812368629584,54.417811654898166,53.71148703553452,54.287296295166016,1333500
2010-10-08,54.302645354829174,54.89380685134203,53.711478000882614,54.648128509521484,887900
2010-10-11,54.24122788968147,54.81703709051156,53.67309778494399,54.46387481689453,777500
2010-10-12,54.42547866507042,54.448510093151356,53.25082897347563,54.14908981323242,1578900
2010-10-13,54.61742306715719,55.59246328702244,54.41780756540432,55.116458892822266,1204700
2010-10-14,54.863100267114106,55.09342629174185,54.3180015900915,54.64045333862305,979800
2010-10-15,55.29302148040328,55.29302148040328,54.087661429077876,54.532955169677734,1252200
2010-10-18,54.6711568138738,55.769033122444064,54.59438343471202,55.600128173828125,1942400
2010-10-19,60.08378480858927,60.429268057562865,56.98977033344715,57.64235305786133,5879600
2010-10-20,58.01086095063956,58.66344945608521,57.596277585948705,57.95711898803711,2616200
2010-10-21,58.38702090003119,59.30831273547406,57.40430218947998,58.31024169921875,1906600
2010-10-22,58.47148991468101,58.64806806878515,58.00316477259773,58.586647033691406,1571500
2010-10-25,59.0165859789361,59.84574648864953,58.993548698655346,59.262264251708984,1717300
2010-10-26,58.740211596531,59.02427369124352,57.419688359967786,58.7325325012207,1648900
2010-10-27,58.164415627197336,58.41009401586558,57.51183295643182,58.33332061767578,1570400
2010-10-28,58.724838688171026,59.20084290174283,57.78818844779891,58.24884033203125,1023300
2010-10-29,58.03387520553123,59.23924117377654,57.88800755446403,58.77091598510742,1301800
2010-11-01,59.35440633137523,60.244993976971,58.916791604124526,59.34673309326172,1896400
2010-11-02,59.9302030474021,60.52137027567818,59.65381423942958,60.275691986083984,1680500
2010-11-03,60.4829969033372,60.7900963121458,58.83234270624577,59.77667236328125,1314600
2010-11-04,60.95130984674009,61.79582865694981,60.674921020499404,61.71137619018555,1414200
2010-11-05,61.40426240971249,62.80923164515389,61.36587280753004,62.70942687988281,1371100
2010-11-08,62.43978570411122,62.57076607330077,61.85421845355848,62.27027893066406,778200
2010-11-09,62.37814884678872,62.37814884678872,61.21472074553003,61.50750732421875,916100
2010-11-10,61.5845620152598,62.12389649924481,61.0606345686865,61.992916107177734,957200
2010-11-11,61.515215050132454,62.647823333740234,61.37653407986696,62.647823333740234,1385500
2010-11-12,62.05453802523495,62.10076500237494,60.713902783445455,61.16848373413086,1151000
2010-11-15,61.70013965655829,62.61700834303265,61.022112397236626,61.946693420410156,1428600
2010-11-16,61.39190314675836,61.50747642880346,59.70454851248329,60.4519157409668,1427900
2010-11-17,58.764582450256526,60.744718357045784,58.764582450256526,60.136043548583984,1050400
2010-11-18,60.86800660354043,62.131595131121735,60.79866612646421,61.50750732421875,883900
2010-11-19,61.69242626944822,62.624707768004974,61.33800564111047,62.54766082763672,1280400
2010-11-22,62.023706512007266,62.87123424520655,61.6769924915219,62.694026947021484,628400
2010-11-23,61.86965204156018,61.9544054566058,60.868023979187875,61.584571838378906,909200
2010-11-24,61.98520099721204,63.41059570849165,61.98520099721204,63.402889251708984,1064600
2010-11-26,62.763370513916016,63.333524707695354,62.53222978155804,62.763370513916016,526100
2010-11-29,62.40894876799969,62.42435579852639,61.19158761580663,62.02370834350586,1084200
2010-11-30,61.230140812914506,62.10078243720284,60.88342075211282,61.81570816040039,1618300
2010-12-01,63.0253604073533,64.23501557745301,63.0253604073533,64.09632873535156,1397800
2010-12-02,64.07318999646267,65.12103853933641,63.82663048248962,64.71268463134766,1472400
2010-12-03,64.35057520021383,65.02860229149823,64.34287462203393,64.8899154663086,714700
2010-12-06,64.55088648689552,65.43694066496158,64.48154603003161,65.25972747802734,657000
2010-12-07,65.34449798604095,66.19973244819867,65.34449798604095,65.48318481445312,1188500
2010-12-08,65.7451461155499,66.05333969577998,65.30597217417072,65.56022644042969,903200
2010-12-09,65.93776607716879,66.0841534714462,65.27515194000706,65.5217056274414,616000
2010-12-10,65.62184958803465,66.53101718466276,65.58332907427456,66.36921691894531,872600
2010-12-13,66.76988465825706,67.3092189938232,66.22283798864991,66.56185150146484,1399100
2010-12-14,66.5541508061213,66.80841096273922,66.06874986209935,66.33841705322266,829000
2010-12-15,66.27678408460385,66.97792473309843,65.69892323825076,65.7374496459961,773100
2010-12-16,65.845289553516,66.14577660023025,65.42922920922655,65.76053619384766,986700
2010-12-17,65.56023066918951,65.86072369106633,65.3444969126043,65.35220336914062,1712500
2010-12-20,65.51399278302185,65.81447987658431,65.09023179691471,65.46776580810547,1050300
2010-12-21,65.72971963583264,66.45397351813048,65.32907217904595,66.25364685058594,970200
2010-12-22,66.19203919169499,66.4925263734425,65.80679861219255,65.95318603515625,594100
2010-12-23,65.960885522036,66.40005950112541,65.5140050862456,65.72203826904297,588300
2010-12-27,65.54484335293985,66.24598415107705,65.37533652797016,66.11499786376953,540300
2010-12-28,66.16123962402344,66.32304001186812,65.67583258218284,66.16123962402344,583400
2010-12-29,66.44628597046518,66.87775936781838,66.27677919418043,66.37694549560547,622600
2010-12-30,66.22284468074378,66.60038463209544,66.05334378551093,66.24596405029297,618500
2010-12-31,66.18430678673961,66.78528091462381,66.0764399370323,66.49250030517578,563300
2011-01-03,66.84691789917623,67.75608550612526,66.84691789917623,67.440185546875,1458800
2011-01-04,67.41705726572691,67.47099067640745,66.09182959951819,67.3939437866211,1742800
2011-01-05,66.92397114865415,68.02575906591954,66.59266412798546,67.49412536621094,1346800
2011-01-06,67.41707840470264,67.5942915972482,66.03791689537012,66.1920166015625,1270400
2011-01-07,66.23827159047521,67.3400599729777,66.13810526950802,66.29991149902344,1175300
2011-01-10,67.37856590557033,67.37856590557033,66.19203025382812,67.22447204589844,1998800
2011-01-11,67.71757274007176,68.03347276288889,67.38626568413585,67.6405258178711,1025900
2011-01-12,68.2029716794433,68.5342787258535,67.9487174313217,68.31084442138672,856600
2011-01-13,68.75774635662755,68.91184613641803,67.94874455637331,68.75004577636719,1854200
2011-01-14,68.48036511596551,69.34330615317253,68.48036511596551,69.07363891601562,1310100
2011-01-18,69.02739677854113,70.83032555313288,68.81936947447106,70.8149185180664,1583700
2011-01-19,70.57607026924487,71.77031837099904,69.48969493363442,70.17542266845703,3335200
2011-01-20,67.67904334262965,68.77313075131927,65.66809348554327,65.88382720947266,4107900
2011-01-21,66.62348714711545,67.87166249515153,66.11496691028371,66.26136016845703,2587000
2011-01-24,66.28446129843744,67.08576202392578,66.07643407198175,67.08576202392578,1353100
2011-01-25,66.5541397559739,67.13970690112127,65.79907174619446,66.6388931274414,1194600
2011-01-26,67.01646408738361,68.48808027033787,66.83154434844775,67.94874572753906,1592700
2011-01-27,68.11822494720799,68.56509943946294,67.20135071766673,68.30313873291016,1124100
2011-01-28,68.05660894141411,69.43577105833357,66.73908673412693,67.17826080322266,1352800
2011-01-31,67.49414286962299,69.86722605735065,67.22447566154126,68.88871765136719,1696200
2011-02-01,69.62833793979432,69.85947860609791,68.03344324126624,69.68997192382812,1464600
2011-02-02,69.03508469002296,69.85179840844752,69.02737823540788,69.28934478759766,959700
2011-02-03,69.26624839921824,69.45116220750506,68.23380072315015,69.41263580322266,1000700
2011-02-04,69.68233162530929,70.12150573730469,69.26627101210745,70.12150573730469,897400
2011-02-07,70.19082607250029,71.08458695783897,69.9982058001398,70.66082000732422,876100
2011-02-08,70.86958355743572,71.52678446817842,70.52938294058143,71.44173431396484,845800
2011-02-09,71.00872133123708,71.1324327413824,70.19688732297604,70.64533233642578,912700
2011-02-10,70.39019997199786,71.02420636386083,69.94175484390581,70.99327850341797,797200
2011-02-11,70.65304793488627,72.36950511781727,70.54480341874502,72.33857727050781,801300
2011-02-14,72.03707949457275,72.19944636201127,71.41080644889745,71.44173431396484,1093100
2011-02-15,71.2097714233679,71.39533269702989,70.27422571592695,70.66854858398438,873800
2011-02-16,71.02419667407666,71.61181414455018,70.1118455615857,70.5216293334961,936200
2011-02-17,70.64536538308323,71.12473257442412,70.03455328225414,70.86185455322266,729000
2011-02-18,71.232982870457,71.35669434839069,70.61444317745236,71.03968811035156,961700
2011-02-22,70.59121731282515,70.59894485258866,68.81290395225763,68.89022064208984,1165000
2011-02-23,68.50364052434765,68.78198536435656,66.81038296299388,67.44438934326172,1594500
2011-02-24,67.32840485783957,68.17116683748955,66.43924814339982,67.76138305664062,1557000
2011-02-25,68.26398337919024,69.16860150956019,68.26398337919024,68.46501159667969,1787300
2011-02-28,68.94435396245574,69.39279909378055,68.59642585301636,68.95208740234375,1504400
2011-03-01,69.30775825846212,69.35414710624688,66.70987660254788,67.09646606445312,1922100
2011-03-02,66.94181335427777,67.58355309189744,66.1531677758117,66.98046875,2205900
2011-03-03,67.86962201500658,69.39278492315825,67.73044961987382,69.23815155029297,1740100
2011-03-04,69.35414343395212,69.35414343395212,67.08100152955508,67.52171325683594,1571000
2011-03-07,67.69955313626436,67.73048100494583,65.66609443628151,65.88258361816406,2758900
2011-03-08,66.00627441234016,67.3361369556552,65.39546246975316,66.48564147949219,2097300
2011-03-09,66.31552981635771,66.66346374609721,65.51915675546643,65.95214080810547,1995900
2011-03-10,64.73053702337485,65.6970106270471,64.01921386680489,65.11712646484375,2544200
2011-03-11,65.10166654705694,66.16865729492353,64.64549378879721,66.0217514038086,1694800
2011-03-14,65.72021668863707,67.0346186628547,65.51918849178324,66.50112915039062,2138300
2011-03-15,64.6841368862752,66.84903384124772,64.25888621533977,66.26914978027344,1717300
2011-03-16,66.42377575716517,67.73817700573254,65.85161935113909,66.43150329589844,2739700
2011-03-17,68.1943908540866,68.45727480237733,67.10421144496381,68.09387969970703,1817800
2011-03-18,68.77425297463597,69.54743178671231,68.3953970084067,68.58869171142578,2160200
2011-03-21,69.6556503365945,70.14275658158697,69.34638364636412,69.76390075683594,1319100
2011-03-22,69.85668210802997,70.04997674911411,69.12989826879496,69.95719909667969,1467400
2011-03-23,69.81805620577543,71.55770871024937,69.12992746480558,71.2484359741211,1766600
2011-03-24,71.58863558022789,71.94430308542272,71.06287956133703,71.8592529296875,1812700
2011-03-25,71.9906728147727,72.41592348050861,71.70459455792438,71.87469482421875,1498200
2011-03-28,71.93656859170355,72.57830852144747,71.75873484170823,72.19171905517578,1541700
2011-03-29,71.97524889042495,73.05770095011091,71.60412617783437,72.92626190185547,1276700
2011-03-30,73.25097212906945,73.44426686672186,72.98036067613353,73.18138885498047,1141600
2011-03-31,73.0344514572082,73.45196861827299,72.94166789956559,73.20455169677734,1020800
2011-04-01,73.8617821039202,74.17878829610594,73.38241494348513,74.15559387207031,1307500
2011-04-04,74.56536605007639,74.56536605007639,73.61435352176068,74.37979888916016,1041800
2011-04-05,74.41846018907258,75.06792755562094,73.81538166331019,74.37979888916016,1267700
2011-04-06,74.90558852132249,75.23032822403654,73.90045923821124,74.20973205566406,1108100
2011-04-07,74.42621584507003,75.23032275240799,73.8154036972204,74.94424438476562,1763900
2011-04-08,75.2921532400471,75.62462037686893,73.34374516071229,73.6916732788086,1141500
2011-04-11,73.73809029694048,74.34116902990569,73.31283944734288,73.6375732421875,920000
2011-04-12,73.119531414673,73.56797661128108,71.80512958890408,72.19171905517578,1556600
2011-04-13,72.38501569557295,73.16592219081902,71.51905314470787,72.35408782958984,1387200
2011-04-14,71.79740496190418,72.73295087726498,71.27164298727544,72.60924530029297,882300
2011-04-15,72.74841355838794,72.825736182047,72.11440697704427,72.36182403564453,1086100
2011-04-18,71.17884656456825,71.37214128663052,70.43659553971553,71.14791870117188,998800
2011-04-19,71.33351205491707,72.76389234322914,71.33351205491707,72.57833099365234,1286800
2011-04-20,73.62983679500682,74.26384332208384,73.09634141164034,74.14786529541016,1128000
2011-04-21,74.55764620896879,74.78960225297774,74.14012886908505,74.65815734863281,617400
2011-04-25,74.99834245560372,74.99834245560372,73.62981859599584,73.69940185546875,812300
2011-04-26,74.20971577163529,76.85398627778558,74.06280988833126,76.150390625,2100000
2011-04-27,74.774136274855,74.774136274855,71.24844211616237,72.27677154541016,4719900
2011-04-28,73.12724994850707,73.19683320678544,71.87469820952334,72.76385498046875,2186100
2011-04-29,73.04223996162347,73.64531879375001,72.86440615012732,72.92626190185547,1660100
2011-05-02,73.28964268716304,73.63757089929982,71.91338492518126,72.15306854248047,1620200
2011-05-03,73.46747939272969,73.64531319069594,71.31031478005578,71.37989807128906,2144500
2011-05-04,71.19430727948773,71.54223538951065,69.45465493160059,69.57063293457031,2516800
2011-05-05,69.16856334202038,70.1118422664016,68.5036292116823,68.90568542480469,2905900
2011-05-06,69.84513246588311,70.17121992746554,68.52525126034776,69.02214813232422,2388200
2011-05-09,68.82807159393826,70.01596627761,68.50198401871073,69.13863372802734,1810400
2011-05-10,69.51128709726827,70.14017097542282,69.12308600241165,70.08582305908203,1811200
2011-05-11,69.78301854416479,69.82960669808213,67.77213995049118,68.09046173095703,2218200
2011-05-12,68.02061266363962,68.91347658110844,67.03457832855909,68.73490142822266,2356500
2011-05-13,68.69607272351826,68.92122416020105,67.43829896369417,67.93519592285156,1084300
2011-05-16,67.42275545176182,68.52525093447727,67.08890823564214,68.09046173095703,2318900
2011-05-17,67.4926339468886,67.82648708265755,65.95535520176045,66.18827819824219,2230900
2011-05-18,66.2969774209488,67.77990833283432,66.28921174107327,67.58580780029297,1742200
2011-05-19,67.95075414789774,68.57187860827977,67.67125465655586,68.16815185546875,1229200
2011-05-20,68.02058689044951,68.22245309038054,67.01902749366737,67.11219787597656,2105700
2011-05-23,66.10288493768046,66.1572328564708,65.08579991882746,65.93207550048828,1950800
2011-05-24,66.33582819714806,67.07340816608153,65.95538672615815,66.6153335571289,2081500
2011-05-25,66.21934621436662,68.69607119765476,65.99418885920598,68.11376953125,2558800
2011-05-26,67.67122079229344,68.50197093632555,67.53146815481706,68.33116149902344,1432200
2011-05-27,68.71159697026474,69.82185238988727,68.58736977089043,69.39482879638672,1373200
2011-05-31,69.98491247674639,70.34205687306529,68.26129818585234,68.98335266113281,2234400
2011-06-01,68.53302359760652,68.92122472032057,66.32027838283227,66.48332214355469,2745300
2011-06-02,66.59200691030757,68.30786080003215,66.52213356310837,67.46934509277344,2310100
2011-06-03,66.42895905240293,67.87306737297497,66.14945383400332,66.99573516845703,1737600
2011-06-06,66.60757575916236,67.91969796976794,66.52993668852778,67.67124938964844,2775500
2011-06-07,67.87308340923974,68.43985965920515,67.407243243003,67.43053436279297,1788000
2011-06-08,67.29855579819315,67.59358655814093,66.84824101447299,67.22091674804688,1530600
2011-06-09,67.50820489500713,68.57187860827977,67.26752198026297,68.16815185546875,1526100
2011-06-10,67.74887412244304,67.7566338814273,66.46780899590215,66.63861846923828,1684000
2011-06-13,66.77062123181263,67.73335876309184,66.55322945928005,67.18211364746094,1906600
2011-06-14,68.06719272897305,69.17744832846923,67.96626255573881,68.92123413085938,1339800
2011-06-15,68.07494921939085,68.25352434244111,66.75506776955154,67.10444641113281,1765700
2011-06-16,67.7100157559221,67.7100157559221,65.99416809623717,66.88703155517578,1891100
2011-06-17,67.42277417587026,67.68675404311911,66.00972219983345,66.24264526367188,2020500
2011-06-20,66.06406109694164,66.42121132561537,65.60598663706507,66.21934509277344,2159700
2011-06-21,66.42896438925872,66.98797487096843,66.18051594444087,66.87151336669922,4576500
2011-06-22,66.84047288482606,68.14482901935152,66.61532142469049,67.18985748291016,1771000
2011-06-23,66.28922304337995,66.89482178388519,65.54387758215718,66.81717681884766,2095400
2011-06-24,66.80163245024656,67.14325124447332,65.93206003015914,66.02523040771484,1229200
2011-06-27,65.48176193092787,66.95692736830301,64.9460484144995,66.56096649169922,1067500
2011-06-28,66.62308527855129,67.9274414932603,66.32028882901882,67.46160125732422,1355800
2011-06-29,67.69451045347861,68.33891978467881,67.19761351392535,67.48487854003906,1462100
2011-06-30,67.83427710063319,70.33428775267171,67.60135402058016,69.67434692382812,2442400
2011-07-01,69.68211792587775,71.43678907205654,69.41814394357957,71.10293579101562,1988600
2011-07-05,71.1805768797836,71.27374730627176,70.17901700808821,70.3886489868164,1166500
2011-07-06,70.03923281696058,70.38861731648022,69.69761399702438,70.0702896118164,1377600
2011-07-07,70.90105597701708,70.91658141628714,69.88397088566796,69.96937561035156,1678100
2011-07-08,68.84358519472971,69.3870703167821,68.61066807683213,69.3094253540039,996900
2011-07-11,68.19141902263736,68.39327936636519,66.83271492606724,67.53923797607422,1438300
2011-07-12,67.19765730655567,67.78771910464347,66.84050684523591,66.91815185546875,1140700
2011-07-13,67.40724956368824,68.10601284030497,67.05010520530182,67.20538330078125,1417600
2011-07-14,67.20538075751806,67.77215703918071,65.87773354392841,66.00196075439453,1130200
2011-07-15,66.46002060435293,68.02059053157151,66.38238157667817,67.90412902832031,2318500
2011-07-18,67.69452238274674,67.73333894592416,66.30476147383136,66.69296264648438,1003700
2011-07-19,67.26746724088882,68.20691292821179,67.01125316521609,67.95069885253906,1177300
2011-07-20,68.27681489514835,68.27681489514835,67.15879377380524,67.73332977294922,883200
2011-07-21,68.23024383340433,69.27839185910165,67.30632896401819,68.70384979248047,1194200
2011-07-22,68.60291419602325,68.60291419602325,67.25973548354321,67.8963851928711,1222700
2011-07-25,67.07336953422718,68.8823876489846,67.07336953422718,68.19915008544922,1209100
2011-07-26,68.2380106174294,68.2535419835241,65.52060205195463,65.76905059814453,2111600
2011-07-27,65.15567406613134,65.22555334741165,61.89478705219811,62.057830810546875,3856600
2011-07-28,62.15099167056352,62.50813593261985,60.81557908510539,60.99414825439453,2107600
2011-07-29,60.17119299520754,61.93362404176783,59.969326689165094,61.351322174072266,2527000
2011-08-01,62.50038119887082,62.609077040120965,59.16961483161661,60.14011764526367,3116600
2011-08-02,57.461542022949075,58.02055268645173,54.8916461073177,55.03139877319336,7193500
2011-08-03,54.27051540946305,56.26586884287658,53.59504335747497,56.04847717285156,4465600
2011-08-04,54.69754276744524,54.9459912805953,52.52361975825215,52.678897857666016,4100800
2011-08-05,53.69597843462402,53.952186656105106,50.776704534530445,52.48478698730469,3874300
2011-08-08,51.149376245521346,52.00342342838111,48.19128567564175,48.268924713134766,4557700
2011-08-09,49.161793060757624,52.10435846832612,48.16023338983225,51.941314697265625,5348500
2011-08-10,49.782915424360084,51.00186674494267,48.75806170852225,48.928871154785156,4364400
2011-08-11,49.223903205473235,52.609017446080095,49.022036964479526,51.793792724609375,5009600
2011-08-12,52.18975462073207,54.208399070516236,52.07329311097023,54.022064208984375,4135300
2011-08-15,54.58883851748504,55.28760170433838,54.4879083607369,55.19443130493164,3494800
2011-08-16,54.51119064959406,54.91492305814483,54.10746416452122,54.32485580444336,2736200
2011-08-17,54.689777097772335,55.17890838919013,53.470825786336334,53.64939498901367,3192900
2011-08-18,51.75498457293922,52.05778102187167,50.45062836081485,50.963050842285156,3351500
2011-08-19,49.9304272677674,51.739445948777984,49.627630861321066,49.713035583496094,2761100
2011-08-22,51.03291751554734,51.18819558099305,49.17731383138288,49.37917709350586,2251500
2011-08-23,49.65867743467859,50.9940899898499,49.06084746432258,50.986324310302734,3055900
2011-08-24,50.98634051074379,52.75653690737295,50.59813933872933,52.678897857666016,2795600
2011-08-25,52.83502281157426,53.52200086637349,51.15660408887156,51.35957717895508,1571200
2011-08-26,50.74285766929988,53.014579233046916,50.07929841404682,52.85063552856445,1333200
2011-08-29,54.16213461331643,55.34093170479197,53.865486253456474,55.26286697387695,1694700
2011-08-30,54.966224093447636,56.11378825980603,54.69298857407118,55.746883392333984,2288900
2011-08-31,56.23871712078101,58.44798517193775,56.230908857275736,57.32383346557617,3337000
2011-09-01,57.261365461420716,57.90150592741063,56.34018713661002,56.433868408203125,2396900
2011-09-02,55.262885331368,55.34875835068739,53.87331240923117,54.185577392578125,2059700
2011-09-06,52.92089693040301,53.29561007513038,51.68745375409615,53.13948059082031,3013500
2011-09-07,54.31047942709278,55.05991180823391,53.7249848209551,54.88036346435547,2012300
2011-09-08,54.29484866306127,55.223829042543386,54.11529443000952,54.40414047241211,2915200
2011-09-09,53.35024743080589,53.84206654379621,51.23466169124809,51.82015609741211,3606200
2011-09-12,51.11759252867019,51.69527895709111,50.18860571148356,51.58598709106445,2817400
2011-09-13,51.67183796150617,53.26438355540861,51.5313190574572,52.84282684326172,1966200
2011-09-14,53.11605594251145,54.92718515942436,52.42126968834814,54.13871765136719,2602700
2011-09-15,54.880337884457035,55.239440360794255,54.060643435542794,55.10672378540039,1971500
2011-09-16,55.3877799512184,56.02792039675108,54.29486159735163,54.700801849365234,2532100
2011-09-19,53.55322287608867,54.55246575412848,52.56959056228689,54.22459030151367,1397800
2011-09-20,54.52124364702344,54.622733169686505,52.54617653497263,52.60082244873047,1565700
2011-09-21,52.764765749434915,52.92090120230666,50.422787559985515,50.43840408325195,1559600
2011-09-22,48.61166148888262,48.986377645787705,47.47189947271558,48.330623626708984,2395600
2011-09-23,47.87003261149601,49.72800275684955,47.737321947246066,48.650691986083984,1836500
2011-09-26,48.98637061231718,49.66554336306821,47.1205953794163,49.57186508178711,2162000
2011-09-27,50.54769211972457,52.358821545081014,50.48523794327413,50.95363235473633,2050700
2011-09-28,51.22687327597155,51.749913657853924,50.11833237322846,50.188594818115234,2679500
2011-09-29,51.75772125303704,52.8428373562015,49.91536159142051,51.031707763671875,2141500
2011-09-30,49.90756228537904,50.54770283986169,48.54140815457197,49.28303527832031,3027300
2011-10-03,48.923924976084436,50.06368702747839,47.3469955504459,47.471900939941406,2440400
2011-10-04,46.33213028038701,49.2908298708776,46.26187082120986,49.17373275756836,1900000
2011-10-05,49.34547749185249,50.90679621378153,48.84585597731186,50.735050201416016,1699500
2011-10-06,50.52427720272046,52.678898809346784,50.141755765284,51.68745803833008,2470800
2011-10-07,52.01533128789313,52.304177396766526,50.625758572693556,51.53132629394531,1992800
2011-10-10,52.71791418720061,54.833499878969064,52.702303624009986,54.80227279663086,2032700
2011-10-11,54.451003902864414,56.34800685771872,54.23242018065235,55.731285095214844,2124400
2011-10-12,56.691472990902604,57.57361573875529,56.402626944068736,56.87102127075195,1698000
2011-10-13,56.26212196581229,56.65245166058162,55.356560171045864,56.42605972290039,1285900
2011-10-14,57.24576032615818,57.72976538541993,56.145027615335636,57.4643440246582,1931700
2011-10-17,58.54163223209011,58.54163223209011,55.94984390455699,56.7617301940918,3631200
2011-10-18,59.228627911225445,61.024140869405926,56.66025789673854,60.22787094116211,5080200
2011-10-19,60.32933807456767,62.062402338093925,59.23641407490677,59.540870666503906,3380700
2011-10-20,59.85314376925921,60.50109238161468,58.713381969430145,60.15760040283203,2395500
2011-10-21,61.11781449182388,61.43788169295837,60.126373891231204,60.774322509765625,2378400
2011-10-24,60.77433715443801,62.74160230905553,60.77433715443801,62.35127258300781,2225400
2011-10-25,61.84381851588745,61.84381851588745,59.9780436329167,60.54011917114258,2057000
2011-10-26,61.7969803501512,61.7969803501512,60.32933735587779,61.22709655761719,2575300
2011-10-27,63.350499980770905,66.51216640224013,62.452740642838606,65.6846694946289,3889000
2011-10-28,65.73148909195793,65.95788092932771,64.3341146450866,65.48948669433594,1912300
2011-10-31,64.06091279437815,64.69325100123297,62.608885735613725,63.66278076171875,3420900
2011-11-01,61.266154416221724,62.72598373205556,59.08030563949979,61.28176498413086,2785400
2011-11-02,63.334890841131106,63.428572107157386,62.078028812746474,63.163150787353516,1673300
2011-11-03,64.20143325851211,66.06720891863037,63.28806310642927,65.91107940673828,2194900
2011-11-04,65.05233267544017,66.23112378114456,64.27167347411999,66.0047378540039,2509600
2011-11-07,65.74713655394709,66.12184973592771,63.506641900007956,64.76350402832031,2147000
2011-11-08,65.50059578644556,66.10439968134997,63.751930026962285,65.66526794433594,2172400
2011-11-09,63.91661163774011,64.22243225942839,62.371822045671294,62.88936233520508,2376700
2011-11-10,63.783322501644435,65.18696413938244,63.48534501878578,64.59884643554688,2454900
2011-11-11,65.48493639861353,66.59843762482399,65.21048271365201,66.04168701171875,1148400
2011-11-14,65.53198434025578,66.57491433287831,65.35946888491772,66.0260009765625,1709700
2011-11-15,65.6574370788493,67.31200205949824,65.1791010572743,66.9120864868164,1702900
2011-11-16,66.16710514362228,66.91989445895389,65.11633859387952,65.22611999511719,1504800
2011-11-17,65.19478230254555,65.21046878555957,63.006984568037076,63.40690612792969,1558200
2011-11-18,64.15182031980868,64.50469421871041,63.35982682194642,63.58722686767578,1320100
2011-11-21,62.55216530142341,62.65410948171549,61.20342106212832,61.8777961730957,1531500
2011-11-22,61.61119330239175,62.489450983273734,60.60747365717861,61.187747955322266,1791400
2011-11-23,60.71724367339581,60.71724367339581,59.28223570928657,59.493961334228516,1365000
2011-11-25,59.43122737909832,59.972297328854005,58.780375987745806,58.79606246948242,497800
2011-11-28,60.70156788629837,62.677639970857825,60.70156788629837,62.23067092895508,1982300
2011-11-29,62.701174776187706,63.21872111741672,61.289696176060325,61.36811065673828,2570500
2011-11-30,63.44612164064202,64.96738157456971,63.43827839848132,64.91249084472656,2320300
2011-12-01,64.91249679839174,65.9240597548294,64.65372362712228,65.10069274902344,1455900
2011-12-02,66.14362503951999,66.34750748314065,64.14402878438744,64.38711547851562,1932100
2011-12-05,65.77505148965159,66.35533166382038,64.3792537405643,64.95169067382812,1660800
2011-12-06,64.72428977653583,66.33180729877822,64.57529810050697,65.76721954345703,1601800
2011-12-07,65.25751385103867,65.7436871189306,63.8146625818752,64.22242736816406,2903700
2011-12-08,63.571562119148396,64.1126319752153,62.14439764287006,62.356117248535156,2633100
2011-12-09,62.693327877815356,63.8538824651604,62.458084449498024,63.53237533569336,1406300
2011-12-12,62.92074288788737,62.92074288788737,61.45437343247034,62.48161697387695,1172500
2011-12-13,62.905024876878265,63.51666588746132,60.928947476768684,61.422969818115234,1189600
2011-12-14,60.9681861769228,60.97602941941626,59.40771594862724,59.55670166015625,1501900
2011-12-15,60.403584781072176,60.52120947313113,59.14893535860412,59.344974517822266,1209800
2011-12-16,60.01152064585332,61.085817646020324,58.647089450362515,58.82744216918945,2400300
2011-12-19,59.22736012702099,59.588071524803105,57.72962380107004,57.925662994384766,810900
2011-12-20,59.0234485815262,60.17615942694304,59.007768086156574,59.948753356933594,1160700
2011-12-21,59.6743214939566,59.75273596456446,58.65492141077316,59.61158752441406,994400
2011-12-22,59.88605839556245,60.191879076232325,59.258730547569925,59.71354293823242,1140800
2011-12-23,60.18402805630576,60.74862185001744,59.87036417283917,60.70941162109375,614600
2011-12-27,60.38792537502713,61.59552773555981,60.31734814208202,61.10934829711914,733600
2011-12-28,61.04660325121916,61.24264244340846,59.51749994519918,59.61943817138672,916600
2011-12-29,59.61157018136135,60.63097595060527,59.54099897313805,60.21537399291992,683700
2011-12-30,60.26243537443682,60.458474530490705,59.77626209631295,59.79194259643555,841100
2012-01-03,61.40729492280703,62.54432546187371,61.29751348905431,61.815059661865234,1767300
2012-01-04,61.78369196331771,62.13655999874819,61.45434766589734,61.5562858581543,1715300
2012-01-05,60.897594455325674,62.14440037348659,60.36436781533909,61.90131378173828,2157500
2012-01-06,62.12871643376292,62.26986483013337,60.31731101656896,60.88190460205078,3096500
2012-01-09,61.109332906849595,61.971904094952464,60.52121537187387,61.80723190307617,1467800
2012-01-10,62.79526705185708,63.775462881278024,62.591384644198165,63.689205169677734,1553400
2012-01-11,63.12463402807005,64.26165920446267,63.05406277473822,64.08130645751953,1033800
2012-01-12,64.33220443192945,65.24182292393407,63.79897773570616,65.1477279663086,1034100
2012-01-13,64.39497454208139,64.92035829256197,63.77548979850932,64.64590454101562,803200
2012-01-17,65.46142600845444,66.33967797952974,65.03798052983905,65.45358276367188,1647100
2012-01-18,65.28105646218526,66.73958865274453,64.76351007982596,66.70037841796875,1389000
2012-01-19,67.03754240780174,67.90795666500766,66.26122909122122,66.6297836303711,2856600
2012-01-20,63.665678963808276,64.30084392225393,63.11676573098532,63.92444610595703,4973600
2012-01-23,63.71272942580073,64.30084692819274,62.97562024169108,64.06559753417969,1899500
2012-01-24,63.579445951677464,64.22245440135784,63.41477371265912,63.728431701660156,1532400
2012-01-25,63.649996549606,64.83407481656522,62.99130780728107,64.59098815917969,1434400
2012-01-26,64.60665893529405,64.85758879687994,63.51668178815783,63.90876007080078,1484500
2012-01-27,63.626463228686674,64.15968993238668,63.40690034762899,63.90876007080078,1032200
2012-01-30,63.28931219871533,64.08131246195852,63.13248318818787,63.8774299621582,961400
2012-01-31,64.23811495479688,64.39494988322568,62.638434580668,63.26576232910156,2045000
2012-02-01,64.50472879845405,65.06932255325478,63.767619620504135,64.77918243408203,1318000
2012-02-02,64.78702522806825,65.0614788617993,64.14401700790957,64.70076751708984,1108000
2012-02-03,65.57117551224682,67.2806370995735,65.57117551224682,67.21790313720703,1821000
2012-02-06,66.77095182366048,68.55098510349539,66.77095182366048,67.97071075439453,1678800
2012-02-07,67.64136905913465,69.29594043016691,67.47669684463061,68.80976104736328,2194700
2012-02-08,69.07754508352792,69.52650951895492,68.77823746302609,69.43987274169922,2179200
2012-02-09,69.42413567720901,69.7313216396378,69.0224286458213,69.45564270019531,1150300
2012-02-10,68.58134621738911,68.99092552065098,67.95909599929182,68.92791748046875,1121200
2012-02-13,69.72340253937843,71.18057295450892,69.32170175264687,71.08605194091797,1921200
2012-02-14,70.43232721299096,70.64499808814513,69.53439820741629,70.08576202392578,1511100
2012-02-15,70.37716402861015,70.4244275432127,68.69945648922275,68.99876403808594,1896200
2012-02-16,68.9830252175595,70.53471100250087,68.97514696223419,70.30628967285156,1357700
2012-02-17,70.80254042204957,70.82616918829945,69.73132561681822,69.76283264160156,1311100
2012-02-21,69.81796072801937,71.67683291965061,69.81796072801937,70.88917541503906,2193600
2012-02-22,70.75527508149906,71.2357466400601,70.26692526527395,70.88917541503906,1210900
2012-02-23,70.63709842432147,71.40112687509483,70.32203434027555,71.21996307373047,1425000
2012-02-24,71.35385981432722,71.67680213701365,70.50319464178308,70.59770965576172,854900
2012-02-27,69.84156443691198,71.42475713584942,69.80218518141811,71.07818603515625,1008900
2012-02-28,71.12544955483567,71.43263539068728,70.40867859828346,71.07818603515625,1331600
2012-02-29,71.3144944405694,72.04701598820076,70.68436618112472,70.739501953125,1379800
2012-03-01,70.94427793638009,71.42474926966277,69.59738495613335,70.3692855834961,1471000
2012-03-02,70.36930378416697,70.6213599016302,69.64466047450597,69.73918151855469,831000
2012-03-05,69.6840569847059,69.92035061891717,68.82550722182788,69.4320068359375,1007400
2012-03-06,68.44741209096154,68.46316259089673,67.18716176898126,67.3761978149414,1912600
2012-03-07,67.64403615586191,68.26628641438725,67.40774246878767,67.88821411132812,1107800
2012-03-08,68.70735028006482,69.29021501095872,68.1874935673106,69.19569396972656,978200
2012-03-09,69.26659373015328,70.25903772815498,68.89639379038398,69.48713684082031,637500
2012-03-12,69.47136646273206,70.26690196116733,69.29020866198854,70.20388793945312,1553900
2012-03-13,70.5662349988508,70.84191994093479,69.93611258250891,70.65287780761719,1296800
2012-03-14,70.511085706483,70.97580668352104,70.06999949859512,70.29054260253906,835300
2012-03-15,70.36142467531779,71.58228982613197,70.03061006743378,71.47989654541016,924800
2012-03-16,71.65317232768017,71.67680108082665,70.96003018553172,71.00729370117188,870400
2012-03-19,70.88917193220928,71.03095051644767,69.84946431757753,70.55835723876953,1001600
2012-03-20,69.95972016792626,70.10937697582624,68.8018629916118,69.23507690429688,966300
2012-03-21,69.1799321784494,69.52649725438316,68.67583205950267,68.79397583007812,667800
2012-03-22,67.91969894495811,67.99846348157939,65.92692071328108,66.8642349243164,1879800
2012-03-23,67.01389741500506,67.69915555181764,66.19473294433364,67.44710540771484,1037100
2012-03-26,67.97483447284678,68.7703641019649,67.80154888730456,68.5025634765625,1232900
2012-03-27,68.50256639626535,68.77036703308188,67.70703072389114,67.73065948486328,1097400
2012-03-28,67.65974903876935,67.76214230286422,65.96628499814167,66.50189208984375,1269100
2012-03-29,66.005678135968,66.76182835402216,65.94266411545988,66.62792205810547,1130100
2012-03-30,66.94299304728025,67.2895641864284,66.00568493539525,66.59642791748047,987500
2012-04-02,66.57278197585055,68.00631779804567,66.03717485495636,67.76214599609375,1011400
2012-04-03,67.47859071398055,67.81728354951234,66.69881177053666,67.17928314208984,1117300
2012-04-04,66.21049604512285,66.69096766268449,65.63550936138554,65.74578094482422,1487000
2012-04-05,65.52519982407208,66.04505041497926,65.34403603658576,65.45430755615234,875900
2012-04-09,64.50912061916839,65.27314900233401,64.21768531557878,65.06047821044922,1008100
2012-04-10,64.77695008207297,65.05262900079691,63.79237822280906,64.1468276977539,1513700
2012-04-11,65.02113813783807,65.43071745110392,63.9814303325548,64.5958023071289,1255900
2012-04-12,64.72180197646159,66.22623037548861,64.72180197646159,65.9190444946289,1303100
2012-04-13,65.56459883026214,65.82452720870543,64.5563983422567,64.61153411865234,1007300
2012-04-16,64.98171682044142,65.4936951851386,64.33583817847881,64.55638122558594,808500
2012-04-17,64.97383813950405,66.13957339286331,64.73754459458951,65.58033752441406,935500
2012-04-18,65.00536664710121,65.50159467330306,64.78482352850008,65.13926696777344,910200
2012-04-19,65.0683738121335,65.20227411866523,63.760859733721695,64.25708770751953,938400
2012-04-20,64.51700028234616,65.47006471628994,64.22556497239091,65.21013641357422,1065600
2012-04-23,63.934133253987184,64.44611163403273,63.359146865270226,63.75297546386719,1875700
2012-04-24,65.80091138946341,69.51077766915402,65.31256155295429,69.28235626220703,5323800
2012-04-25,68.83339770389766,70.45597044917837,67.84094743777274,68.58922576904297,2874000
2012-04-26,68.60494320848494,69.25082189367349,68.25049986039097,68.77822875976562,1280400
2012-04-27,69.13266992368209,70.26689821670435,69.01452615094856,70.09361267089844,1747100
2012-04-30,70.1015162736051,70.1015162736051,68.58921534230609,69.06968688964844,1269700
2012-05-01,68.78611788885891,69.88096112574294,67.76216092906081,68.9830322265625,1893000
2012-05-02,68.67585299291551,69.61316124482167,68.63646771782018,69.44775390625,1449300
2012-05-03,69.47924352387821,69.72341534214019,68.01420059561083,68.33714294433594,1439100
2012-05-04,68.10086485761968,68.10086485761968,66.37589305702609,67.0611572265625,1401700
2012-05-07,66.7224349975586,67.80152743284646,66.52552071436098,66.7224349975586,1718600
2012-05-08,66.43755662516004,67.82266170870098,65.54317062081167,67.58521270751953,2938800
2012-05-09,66.63538779784287,69.4214233668652,66.40585551482216,67.70389556884766,2427100
2012-05-10,68.31333950089711,68.99401978507903,67.99674907543367,68.23419189453125,2053200
2012-05-11,67.87801881420202,69.64303383494605,67.6484865484608,68.74073791503906,1579500
2012-05-14,67.67225112764619,68.1233992269541,67.3002506523512,67.36357116699219,1882300
2012-05-15,67.20524236303567,67.5297492710336,66.41375444094733,66.66703033447266,1081300
2012-05-16,67.16568358401388,67.16568358401388,65.74100252632984,65.83598327636719,1729300
2012-05-17,65.9072094212235,66.00219016421555,63.61189883204287,64.26882934570312,2409400
2012-05-18,64.59335669024824,65.15531262420366,63.32697669551941,63.8018684387207,2206500
2012-05-21,64.20548541480028,65.83594817028124,64.20548541480028,65.50352478027344,1716500
2012-05-22,65.66186201562017,66.47709391616038,65.16322661083878,66.17633056640625,1549300
2012-05-23,65.57477422448414,67.26855792274894,64.76745918754176,67.11817932128906,1477300
2012-05-24,67.24483466391045,67.38730277703937,65.92305086012173,66.84909057617188,1488800
2012-05-25,66.74619193143462,67.18942332851101,66.21589636156466,66.76993560791016,1208700
2012-05-29,67.36357292664579,68.85948540229926,67.22110478427038,68.44791412353516,1542000
2012-05-30,67.4348122040027,67.49813272802133,66.68290060665834,66.87285614013672,1094400
2012-05-31,65.63811616932793,66.16049523730351,64.11054371337968,64.69624328613281,2607600
2012-06-01,63.429873617702015,63.461533875199095,61.45115281345981,61.63319778442383,3441100
2012-06-04,61.69649906663092,62.005178962993305,59.876079939182944,61.601524353027344,2830300
2012-06-05,61.24535031562636,62.20305024377985,60.74671495955233,62.02101135253906,1538900
2012-06-06,62.59088609965787,63.55650263580325,62.40884116309952,63.51692581176758,1461800
2012-06-07,63.77812032615918,65.66977663279506,63.76228718062605,63.944332122802734,1546100
2012-06-08,63.49316761188828,64.64082278354773,63.21614802271953,64.32422637939453,948800
2012-06-11,65.15532631648277,65.27405078687687,63.477368696737095,63.556522369384766,1650800
2012-06-12,63.95223783546493,64.98116869308801,63.79393659989429,64.73580932617188,1765200
2012-06-13,64.2213602024594,64.2213602024594,62.25055602553826,62.472171783447266,2738800
2012-06-14,62.42466022317516,63.00244307684661,61.561935170174735,62.10014724731445,1731900
2012-06-15,62.0210318515929,62.41677605379113,61.78358291484304,62.31388473510742,1614800
2012-06-18,61.95771764910642,62.867930614711256,61.58571709492704,62.614654541015625,865300
2012-06-19,63.00242351703319,64.87825165320127,63.00242351703319,64.43502044677734,1341300
2012-06-20,64.36384345141731,64.53005530887751,62.70171883823746,63.010398864746094,1699000
2012-06-21,63.26367675777278,63.56444021726596,60.94461518515806,61.015846252441406,1694500
2012-06-22,61.10287437770923,61.48279129453574,59.89981521181193,60.69130325317383,2750800
2012-06-25,59.60698635260152,59.89192264477784,58.3801830199428,58.87881851196289,1959800
2012-06-26,59.005450162979294,59.18748907489701,57.62034575575984,58.35643005371094,2596900
2012-06-27,58.66509031387624,59.409084896955044,58.451385181090295,59.26661682128906,1366400
2012-06-28,58.68092882728455,58.98169213947709,56.90799712645853,57.85778045654297,2525600
2012-06-29,58.973812124455804,61.00793740719787,58.973812124455804,60.84963607788086,1908000
2012-07-02,61.10286099129837,61.13452123064567,59.32992985786221,59.907718658447266,1399700
2012-07-03,59.73363358552108,61.08707809448242,59.116273567950394,61.08707809448242,854100
2012-07-05,60.78628895776872,61.79939276730236,60.263903909279485,61.340328216552734,1130600
2012-07-06,60.48551974145138,60.48551974145138,59.377435182951324,59.94730758666992,1375500
2012-07-09,59.638652644908916,60.192698175113684,58.81550394407882,59.04503631591797,2308200
2012-07-10,59.021283257235666,60.31140703350243,56.797203030111646,57.469966888427734,3264300
2012-07-11,58.38015811038866,58.38015811038866,56.630970308888394,56.860496520996094,1938000
2012-07-12,55.94237679424357,57.5807568507211,55.73658820610674,57.18501281738281,1594300
2012-07-13,57.248338294969095,58.59386571000642,57.20876147276054,58.49097442626953,1205900
2012-07-16,57.359164244930106,58.079415535443594,57.01882399773136,57.76282501220703,1783900
2012-07-17,58.01606974742048,58.704660406318894,57.27998570480315,58.475128173828125,1231600
2012-07-18,57.770741157800174,61.26120817417384,57.14546454811268,60.540950775146484,2926200
2012-07-19,60.477612625832236,62.36135225473286,60.279740587724284,61.601524353027344,2752700
2012-07-20,60.85749892532876,61.815198477513405,60.44592790962072,60.91290283203125,1187200
2012-07-23,57.90527859487,62.23471390052899,57.39872060026523,60.754634857177734,2435300
2012-07-24,60.78628705095798,61.09496691953678,59.424926585136156,60.1610107421875,1316900
2012-07-25,60.778389619294174,61.63319846543028,59.95524103100496,60.635921478271484,1109500
2012-07-26,61.973527464042846,62.907483766344015,61.28493056739325,62.08433532714844,1185500
2012-07-27,60.88918613923547,64.70415893846818,60.88918613923547,64.42713928222656,1708300
2012-07-30,64.34797676577124,64.68831684705155,63.27946313573645,63.90473937988281,1458600
2012-07-31,63.68312687310059,64.5062751580283,63.46151118842285,63.57231903076172,1529700
2012-08-01,64.09471343219302,65.34526012745027,63.97598900125884,64.55377197265625,2247400
2012-08-02,62.923320229352086,63.70689196027466,60.27975218993127,62.408851623535156,3632900
2012-08-03,63.63567798088917,63.91269775415128,62.677977599852625,63.29533767700195,1764800
2012-08-06,63.71480359233121,64.10263114078758,63.08161058219438,63.762290954589844,1762100
2012-08-07,64.26883874911009,65.78850066645614,64.09471641934373,65.13948059082031,1466700
2012-08-08,64.68040714121712,65.09197828760962,64.36381070014411,64.76747131347656,1018100
2012-08-09,64.84660176075117,65.47979447540379,64.73579394147295,64.99698638916016,1490100
2012-08-10,64.71206219216364,66.28712166082603,64.61708145589718,66.06550598144531,1177700
2012-08-13,65.78853294424556,66.01806535707765,65.09993570574933,65.64606475830078,880800
2012-08-14,66.14466793728256,66.14466793728256,64.88620461102525,65.13948059082031,870100
2012-08-15,64.78330504620749,64.90994605102337,64.18177235048294,64.79122161865234,1574900
2012-08-16,64.90203284732421,66.05760490265966,64.74373762166348,65.80432891845703,1009300
2012-08-17,66.03385975493273,66.39794359672052,65.82016060118308,66.35045623779297,965700
2012-08-20,66.04966826408491,66.17630923700091,64.94158994393963,65.55103302001953,868600
2012-08-21,65.82015261344998,66.48499971205457,64.9099401001533,65.11572265625,1038800
2012-08-22,65.08407908479026,65.29777824753607,64.39548215847437,65.04450225830078,804000
2012-08-23,64.84663346428935,65.03658895612514,64.11054914002747,64.71208190917969,779300
2012-08-24,64.78365322919458,65.181391756252,64.0597661968261,64.89501953125,1272300
2012-08-27,65.18139705651483,65.27685042660515,64.49728624882654,64.75183868408203,1016100
2012-08-28,64.60071387501524,64.79162673676598,64.2029752061118,64.25070190429688,805200
2012-08-29,64.34618234092754,64.4177784805497,63.35183534459845,63.7734375,923500
2012-08-30,63.31201900341555,63.64612399536889,62.556318191658356,63.07337951660156,1383600
2012-08-31,63.733650283948556,64.01206615495276,62.93817289878749,63.622283935546875,697500
2012-09-04,63.391577158365905,63.95636521667737,62.81087615812503,63.6461296081543,1243800
2012-09-05,63.78135745950191,63.876816901342,63.04156347501582,63.184749603271484,1397600
2012-09-06,63.74158240672824,65.48367932267288,63.65407943393592,65.4598159790039,2222400
2012-09-07,65.77800915778157,67.82238524280383,65.64277342637621,66.573486328125,1631200
2012-09-10,66.30301375051167,67.20985714092761,66.15187723144803,66.58938598632812,1175400
2012-09-11,66.6291712170321,67.54397120047777,66.50984842458104,67.14623260498047,873100
2012-09-12,67.29737774422406,67.79057585050951,66.78827276245012,66.955322265625,840800
2012-09-13,66.8041899211139,68.37127518851752,66.1996254412412,68.10877227783203,1177400
2012-09-14,68.06102681441133,69.77130399626442,68.06102681441133,68.71331787109375,2078900
2012-09-17,68.37923043860467,68.51446012790502,67.29738078618104,67.55193328857422,1296100
2012-09-18,67.43260992970856,67.77466542100066,67.09851091096101,67.75875854492188,1058900
2012-09-19,67.75078995305742,68.53036025969514,67.57578400244431,68.35535430908203,936100
2012-09-20,67.77465581923185,68.1167112620643,67.09054493356699,68.0530776977539,1267900
2012-09-21,68.44286411232724,68.70537306443511,67.83829969599059,68.0133056640625,812800
2012-09-24,67.61557878038788,68.37923635362625,67.47239260609251,68.08490753173828,874800
2012-09-25,67.6473813410523,67.99739324867643,66.12006658434407,66.16779327392578,1673500
2012-09-26,66.1041799465649,66.3666889817429,65.1018765834382,65.43598175048828,1140200
2012-09-27,65.94508033184495,67.04283700324821,65.73029802654162,66.5655517578125,1277400
2012-09-28,66.15986661004925,66.93943728216135,65.36438905724641,66.48601531982422,1232300
2012-10-01,66.63711273815088,67.88601151880425,66.22346732432663,66.36665344238281,1157800
2012-10-02,66.62915606579546,66.96325495347804,66.04049870863133,66.50187683105469,781900
2012-10-03,66.59735439681977,66.90759002974207,66.08029298561274,66.4382553100586,563400
2012-10-04,66.82007317878778,67.01894244420083,66.2234653825486,66.23937225341797,1470200
2012-10-05,66.89963054884579,67.59965436108702,66.58939492987864,67.14623260498047,723500
2012-10-08,66.22348022460938,66.63712571901144,65.90528811483334,66.22348022460938,898100
2012-10-09,66.406476531591,66.406476531591,64.79165181289328,64.81552124023438,1203300
2012-10-10,64.25070210123256,64.25865857395794,62.28587816879594,63.03362274169922,2630200
2012-10-11,63.62226596136566,64.26660051922913,62.85860254662713,62.98588180541992,1081300
2012-10-12,63.14498717099807,63.6222784158952,62.59611194978283,63.1609001159668,941100
2012-10-15,63.24044325392975,64.26660966519923,62.635878826644856,64.17115020751953,1565300
2012-10-16,64.14727519241293,65.44390072774623,64.13931872180102,65.20526123046875,1611200
2012-10-17,65.22912039458419,67.21781308954102,65.14161743048541,66.90757751464844,2033900
2012-10-18,66.48598998691064,67.94966521324325,66.16779787322668,67.67124938964844,2507000
2012-10-19,62.102887132700765,63.757480695589734,61.06081423858681,62.444942474365234,6173800
2012-10-22,62.142679146992236,63.14497601863059,61.33924550025836,62.126766204833984,2296400
2012-10-23,61.01310586973556,61.27561483266203,60.29718116213262,61.044925689697266,2111600
2012-10-24,61.22788212663728,61.65744055043644,60.400585095877,60.56763458251953,1069300
2012-10-25,61.418813551922945,62.206334532788894,61.29154031505101,61.71314239501953,1543900
2012-10-26,61.85632857963255,61.96769493777475,61.116534303967164,61.71314239501953,1241900
2012-10-31,61.78472719801032,63.12112945106666,61.68131732253371,62.5722541809082,1388500
2012-11-01,62.627910324786676,64.56091978385906,62.48472421415138,64.33023071289062,2810200
2012-11-02,64.66433757224367,65.11775930021844,63.097246632170304,63.184749603271484,1420600
2012-11-05,62.627908971646214,63.73362155304774,62.14266749992231,63.60634231567383,1246600
2012-11-06,63.972293853759766,64.45753557453678,63.69387796536587,63.972293853759766,911000
2012-11-07,63.39658490911105,63.39658490911105,61.86144396400554,61.9254035949707,1982600
2012-11-08,62.70099830540096,63.81237743585048,62.5091071296693,62.78095245361328,2594300
2012-11-09,62.509081072180976,63.708411095745376,61.96538455082746,63.236671447753906,2253400
2012-11-12,63.1887247873508,63.68445025269696,62.693005422114965,63.276676177978516,846400
2012-11-13,62.50111015519073,63.660466659671336,62.389173127187156,62.54908752441406,1054200
2012-11-14,62.87688859655444,63.388602363557396,61.8374665760182,61.989383697509766,1728400
2012-11-15,62.17329676398115,63.56451847927006,61.965411096143775,62.83692169189453,1775100
2012-11-16,62.95687224562068,64.09224341731914,62.65304396029976,63.97230911254883,1991100
2012-11-19,64.52398431897954,65.16362975043927,64.24414173025751,64.8038330078125,1169700
2012-11-20,64.57195179794968,64.71587169297173,63.21270698938366,63.732418060302734,1471300
2012-11-21,63.83631918937365,64.51594423228197,63.52449395561617,64.04420471191406,1057600
2012-11-23,64.43600745047287,65.34750396506084,63.948285474399235,65.10763549804688,381000
2012-11-26,64.75581963781714,65.6593187650099,64.51595730944169,65.09163665771484,1214400
2012-11-27,64.907760342412,65.62735978968904,63.97228411100675,64.81980895996094,1010600
2012-11-28,64.51597680383696,66.25100651379027,64.19615416925664,66.07510375976562,1310300
2012-11-29,66.49887140202584,66.84267969379268,66.12308023426792,66.67477416992188,1350500
2012-11-30,66.57084713315737,66.65879853393066,65.24358497611406,65.68334197998047,2209700
2012-12-03,66.16307452521511,66.18706016231825,64.18017848983648,64.20417022705078,1497300
2012-12-04,64.34008586642383,65.11565391518532,64.08422893179113,64.90776824951172,964400
2012-12-05,64.97972829006846,66.43491581981687,64.79583435010679,66.28300476074219,1522800
2012-12-06,66.05113695640273,66.31499116264669,65.22759755519687,65.82726287841797,1213900
2012-12-07,66.19503248580709,67.0665428396927,66.09908387340778,67.01057434082031,975500
2012-12-10,67.0265827217139,67.4823280499018,66.74674016933713,67.10653686523438,1049100
2012-12-11,67.32242438432077,67.55429570753441,66.48289659348977,66.68278503417969,1336500
2012-12-12,67.09054085450396,67.49830877016548,66.39492707467225,66.45889282226562,883300
2012-12-13,66.3069728224529,66.88265232561957,66.08309881569014,66.5548324584961,1060500
2012-12-14,66.3629506576732,67.49032419328408,66.3629506576732,66.75473022460938,1055400
2012-12-17,66.94662940173478,67.22647195755401,66.50687245679725,66.83468627929688,1089700
2012-12-18,67.06655922578003,69.59315173529401,66.93863381143431,69.28132629394531,2241500
2012-12-19,69.17736401991466,69.33727837508857,68.69763315461077,68.92950439453125,1366400
2012-12-20,68.82557905104342,69.25733875026144,68.52974200710416,69.20137023925781,1055200
2012-12-21,68.08996745651991,68.4257784056217,67.16248262554386,68.08197021484375,2423600
2012-12-24,68.01801678230099,68.76160178984672,67.73817427410833,67.85810852050781,315500
2012-12-26,68.14596589895869,68.14596589895869,67.57827739249932,67.69821166992188,497700
2012-12-27,67.706207927344,68.01803338402696,66.67478291673474,67.55429077148438,599500
2012-12-28,66.954611377227,67.80214227321602,66.91463736050419,67.0505599975586,491400
2012-12-31,66.78670154055268,68.09796876626568,66.49087065555106,68.01001739501953,831700
2013-01-02,69.92095557374446,70.82445499017109,69.16937938410638,70.0888671875,1962800
2013-01-03,70.0409003509389,70.94439990312812,69.9209660802816,70.632568359375,1336100
2013-01-04,70.88040430149984,71.09628101770055,70.60056185453305,71.01632690429688,775700
2013-01-07,70.42466241286846,70.64053913908641,69.76902889236267,70.56058502197266,1447300
2013-01-08,70.89639672316355,71.14426241897624,69.96891797464757,70.6165542602539,1242600
2013-01-09,70.85645194094545,72.15972229155642,70.83246020556442,72.09575653076172,1482500
2013-01-10,72.47153584302384,72.54349883712185,70.87242868655798,71.63999938964844,1636500
2013-01-11,71.57603542385156,71.57603542385156,70.64055917802266,71.19225311279297,903000
2013-01-14,71.15226070128827,71.55203743131028,70.74449282874414,71.4161148071289,957800
2013-01-15,70.81645219390383,71.95981392584099,70.79246656527931,71.6719741821289,833500
2013-01-16,71.2562204415709,71.91984530665194,70.94439501939392,71.83189392089844,933400
2013-01-17,71.9598249247708,73.5029636366064,71.71995640164425,73.0472183227539,2330600
2013-01-18,73.95871280140791,74.91817474365234,71.95982867164014,74.91817474365234,4266000
2013-01-22,74.56637855366886,74.81423824459026,73.4869822962986,74.58236694335938,1933900
2013-01-23,74.55039434977347,74.87821433470917,74.09464892933188,74.39848327636719,1378400
2013-01-24,74.35047574494526,75.70972030908693,74.22255036132411,75.13404083251953,1225700
2013-01-25,75.46184093368637,75.61375801810748,74.91015328519778,75.45384979248047,723900
2013-01-28,75.75767631590182,75.80564756258984,74.82220040483948,75.01409149169922,1262500
2013-01-29,74.82225440515236,75.39793418131573,74.58238579838027,75.27799987792969,952600
2013-01-30,75.23800072265993,75.77370022889481,74.43044979080211,74.58236694335938,1052800
2013-01-31,74.68629339781684,75.2699640213975,74.1985652876418,74.33448791503906,1199400
2013-02-01,75.09409260734421,75.24600978375766,74.63034993205899,75.03812408447266,1509100
2013-02-04,74.39846499873548,74.8701986951817,73.91872795814017,73.96670532226562,1032000
2013-02-05,74.79026623982413,75.44590013860783,74.39848656984783,75.11808013916016,1709000
2013-02-06,74.60398025139892,75.36705222431654,74.00155791243304,75.06182098388672,1010000
2013-02-07,75.24656676230128,76.01766662317019,74.75659610151631,75.34295654296875,1047700
2013-02-08,75.36703171598423,75.88913215998251,75.25458006689601,75.76061248779297,566500
2013-02-11,75.58395704879766,75.96147620559422,75.04579431080077,75.81689453125,640000
2013-02-12,75.72849282327724,76.78072173713952,75.46342555961301,76.45140075683594,1152700
2013-02-13,76.78878438038682,77.56791843660176,76.60404491791508,77.3751449584961,1549900
2013-02-14,76.92530218233638,77.93737327430019,76.73252877896671,77.35904693603516,1044900
2013-02-15,77.32692079637089,78.14621852503896,76.87711412378846,77.14218139648438,1215200
2013-02-19,77.35906791903051,78.3149134389367,77.33497200309299,78.28278350830078,1113000
2013-02-20,78.25867795265614,78.25867795265614,76.1060218904696,76.32289123535156,1364000
2013-02-21,75.96948099569997,75.96948099569997,74.39515121861442,74.90921783447266,1335500
2013-02-22,75.41523923001809,76.01766153047822,75.19836989824131,75.93733978271484,898900
2013-02-25,76.3791325121288,76.50765224481711,72.95737735943761,73.01360321044922,1650500
2013-02-26,73.59996742862332,74.11403417144106,73.12606463965278,73.61603546142578,1576600
2013-02-27,73.4955479839675,75.3188774616061,73.4553840310734,75.15019989013672,1144800
2013-02-28,75.22246277442898,76.51566308415362,74.74855406388178,75.88914489746094,1036700
2013-03-01,75.35900355058854,76.2264930206997,74.49954809265131,75.86503601074219,924200
2013-03-04,75.62408805066526,75.64014995052149,74.31481953464782,75.22247314453125,960800
2013-03-05,75.93735358614637,77.68839496957047,75.93735358614637,77.47151947021484,1281200
2013-03-06,77.89722340808278,78.08196281776371,77.0538297241198,77.4474105834961,741800
2013-03-07,77.6160855941995,78.51570508623436,77.4474080884723,78.1060562133789,1067500
2013-03-08,78.45145770726782,78.83701073032292,77.94542510965557,78.67636108398438,971800
2013-03-11,78.39525669238715,78.7647418037528,78.17035324443933,78.66032409667969,602500
2013-03-12,78.47554752154498,78.51571146204665,77.13415525172344,77.95345306396484,1078600
2013-03-13,77.96953330615749,78.09001902785069,77.30285095719235,77.9052734375,644800
2013-03-14,78.16228942192402,78.67635600067852,77.96951598693033,78.11409759521484,1006800
2013-03-15,77.68037388192857,78.17034468049022,77.3510527629864,77.68840789794922,1174900
2013-03-18,76.75661073716769,77.70442181301647,76.27467425226176,77.1742935180664,1106900
2013-03-19,77.32691816158876,77.47953376093896,75.39917184297366,76.45140075683594,1120800
2013-03-20,76.82093097871373,77.04583443998266,75.80885927484388,76.28276824951172,1107800
2013-03-21,75.3429545096945,75.67227552714633,73.81681672850854,73.91320037841797,1700400
2013-03-22,73.80073802740222,74.19432496812934,73.66419045767529,73.96138763427734,1342800
2013-03-25,74.44336187464019,74.54777957583826,72.5557724676721,73.07787322998047,1177300
2013-03-26,73.76863116698256,73.76863116698256,72.44330673284698,72.51559448242188,1549800
2013-03-27,71.84087094183899,72.5477109170882,71.23844862815807,72.41116333007812,1458500
2013-03-28,72.50757132864636,73.55980682373047,72.02563454148293,73.55980682373047,1241700
2013-04-01,73.40718567760848,73.57586323411319,71.89711555640572,72.00956726074219,895900
2013-04-02,72.4031225708747,72.57983408026195,70.93321079168743,71.31876373291016,1164200
2013-04-03,71.21434750565193,71.43925083913248,70.0496607741902,70.30669403076172,1824700
2013-04-04,70.4914554389383,72.02562131121879,70.46735952323007,71.82481384277344,1686400
2013-04-05,70.49947833746297,72.02561621530268,70.45128650945617,71.79267883300781,1767300
2013-04-08,71.72040217051983,72.46740626081002,71.55975250541768,72.21037292480469,969500
2013-04-09,72.55576370917424,73.1662140660932,72.05775892816935,72.73247528076172,777400
2013-04-10,72.84490609021613,73.16619307931825,72.2826416029744,72.62000274658203,1387800
2013-04-11,72.70033139545875,72.7806531503594,72.05774509993937,72.25855255126953,1429400
2013-04-12,71.89710365561301,72.08184308437603,71.06174389870226,71.51958465576172,1037200
2013-04-15,70.98140244057392,71.06975818742688,69.04561614990234,69.04561614990234,1795400
2013-04-16,69.82476929297833,70.78061475067501,69.41512036422873,70.70028686523438,1159200
2013-04-17,69.94522849719394,70.73238999980828,69.045609223194,70.48339080810547,1593900
2013-04-18,70.52358752620351,70.71636098592282,68.74844405807593,69.02154541015625,901400
2013-04-19,69.40711750371595,69.49546717887301,68.378977804047,68.71633911132812,1529000
2013-04-22,68.93317192124229,70.17818039508543,67.87290897294503,69.58378601074219,1438700
2013-04-23,69.92919555599046,70.57981596468134,69.70429215670295,70.42720031738281,959700
2013-04-24,70.75655097197291,71.90517049393316,70.72442715421343,71.7846908569336,1316300
2013-04-25,71.96940314237561,73.29473380112347,71.72843783143126,72.73247528076172,1336600
2013-04-26,72.82082388639652,73.1903088959398,70.74045530986659,71.27861785888672,894900
2013-04-29,71.80069775521872,72.28263431845971,71.14204968888633,71.35089111328125,762800
2013-04-30,71.23043036742664,71.27059431515032,70.1300031582727,71.14207458496094,1540100
2013-05-01,70.71636520626733,70.90913867749133,69.92919716251892,70.0416488647461,1288300
2013-05-02,70.36293052081538,71.14206442134397,70.17015708122968,71.07780456542969,1068900
2013-05-03,72.25857705292967,74.48352779987904,72.25857705292967,73.39916229248047,1327900
2013-05-06,73.27063740804205,74.04173742875203,73.10998774029525,73.80076599121094,1076600
2013-05-07,74.10600311365111,75.09397260318349,73.9533874493499,74.8128433227539,854000
2013-05-08,74.65947291630506,75.2486801147461,74.40119174280285,75.2486801147461,1054600
2013-05-09,75.18409648796127,75.77329743606698,74.89352944361316,75.02266693115234,825400
2013-05-10,75.18411988281864,76.233384617988,75.15990698124001,75.91053771972656,920900
2013-05-13,75.66839695126173,76.59659718544586,75.28904506928049,75.86210632324219,917300
2013-05-14,75.7733143814812,78.13820403590476,75.7733143814812,78.03327941894531,1293200
2013-05-15,77.39563105557994,79.05831550687975,77.00821242513537,78.96146392822266,1447700
2013-05-16,78.63053546763608,79.21974257015847,78.23504383213657,78.76774597167969,1480400
2013-05-17,79.30853193332808,80.72100830078125,79.12288947269745,80.72100830078125,1857700
2013-05-20,80.43044546592746,81.68956535195045,80.1237323546798,81.18107604980469,723500
2013-05-21,81.09229364857023,81.68149467554903,80.51115948208079,81.48778533935547,1240600
2013-05-22,81.5362032621106,82.23033498752456,80.0995140213867,80.4062271118164,763000
2013-05-23,79.61522961634438,80.37393309034638,79.02602870569359,80.16407775878906,812900
2013-05-24,79.46189355507487,79.72824775705654,78.71126290452324,79.33275604248047,749800
2013-05-28,80.48692707203475,80.65642346985102,79.26816022155694,79.34080505371094,799800
2013-05-29,78.6790151247567,79.80899191140837,78.5660112881799,79.04222106933594,864700
2013-05-30,79.26012977152406,81.06003161423645,78.88885086864079,80.59996795654297,966500
2013-05-31,80.31745134600652,82.1334925644673,79.91388663079302,80.51923370361328,1319200
2013-06-03,80.68066162349703,80.93086979034462,78.90497924074853,79.7282485961914,1414300
2013-06-04,79.83315574255505,80.93084583898275,79.33273339904991,79.45380401611328,1562800
2013-06-05,79.06637073693085,79.38115061256693,77.69425364610215,77.9283218383789,1173300
2013-06-06,77.96063943055525,78.51756078452752,77.48443595703264,78.33192443847656,1527500
2013-06-07,78.99376983063283,79.75246740637839,78.40456256042852,79.37311553955078,750300
2013-06-10,79.58295328837616,79.80894852284297,79.08253702860203,79.59102630615234,763500
2013-06-11,78.56598837553884,79.60718624637032,78.38035202526065,79.24398040771484,1146500
2013-06-12,79.80897668930902,79.80897668930902,78.13015171595522,78.19471740722656,913800
2013-06-13,78.22697372080918,79.4296008644295,77.7184844562778,79.11481475830078,837400
2013-06-14,77.87185922517557,79.10676641226715,77.87185922517557,78.62248992919922,477700
2013-06-17,79.1712907100437,79.32464721005186,78.43680642886504,78.91300964355469,762600
2013-06-18,78.93726938979161,79.89774932963896,78.79198583011333,79.66368103027344,1042500
2013-06-19,79.7363073470199,80.12372597746446,78.89689210384586,78.96146392822266,1150900
2013-06-20,78.19469083334127,78.19469083334127,76.92749797386904,77.25035095214844,1651600
2013-06-21,77.83954441920325,78.00096780101892,76.34635042682552,76.55620574951172,2063000
2013-06-24,75.70872610791263,75.70872610791263,74.3204628127437,74.97423553466797,1520900
2013-06-25,75.74911296260308,76.34638715211966,75.32133525289889,76.12039184570312,1084800
2013-06-26,76.77415976013278,77.59742913532624,76.49165951063299,77.1050796508789,1235100
2013-06-27,77.60547349916455,78.0171111137214,76.95169466241964,77.78304290771484,742800
2013-06-28,77.48442136041699,77.87184617669884,77.0001449584961,77.0001449584961,2440300
2013-07-01,77.77501380001775,78.73550005693131,77.43602082389903,78.27543640136719,752200
2013-07-02,78.13818009186407,78.49331892953063,76.95977213531565,77.11312866210938,1106100
2013-07-03,76.68536163401906,77.23420984095708,76.523932068503,76.9355697631836,566000
2013-07-05,77.61354615765102,78.79195404052734,77.61354615765102,78.79195404052734,799100
2013-07-08,79.12290806087732,79.17940688253228,77.70235834195475,77.80728912353516,1218400
2013-07-09,78.33194481309116,79.46999456011068,78.21087411883514,79.1067886352539,959900
2013-07-10,78.55789826065377,79.43766626441,78.47718656016637,79.20359802246094,742900
2013-07-11,80.4950020906837,80.92277960408529,80.22864796267262,80.65642547607422,809000
2013-07-12,80.44660480196401,80.624174297128,79.62333532918841,80.03497314453125,1042500
2013-07-15,80.11568898132106,80.93088547579076,79.88969366966964,80.49504089355469,664600
2013-07-16,80.68065194739373,80.80979560376818,79.99459320715279,80.62415313720703,887600
2013-07-17,81.01157286735969,81.24564111142621,80.33358102973457,80.52729034423828,740400
2013-07-18,80.7936482131147,82.20612460200799,80.53536706260483,81.5604248046875,689500
2013-07-19,81.5765767556653,83.27154744160755,81.50393805785357,83.2231216430664,1543900
2013-07-22,83.27961295255885,83.78810226512567,82.63390695998079,83.02133178710938,720200
2013-07-23,83.23926799577431,83.69126472963863,82.73077859782543,82.9083480834961,584200
2013-07-24,83.13432961033531,83.21504132012282,81.72992615472468,81.77027893066406,735600
2013-07-25,81.0115901352152,81.9559301723562,80.29324537281808,81.85100555419922,822600
2013-07-26,81.55234822334445,82.51283409635357,81.17299645306663,82.4240493774414,819000
2013-07-29,82.2465066465401,82.73885619023399,81.72187118022086,81.79450988769531,541700
2013-07-30,82.23837782455578,83.35221368875509,81.7783145156576,82.73880004882812,722600
2013-07-31,83.13432580469872,84.2481621277593,82.98904227056835,83.36032104492188,724200
2013-08-01,84.32080426855548,86.4596982798894,84.03023720961684,86.19334411621094,1035000
2013-08-02,84.8777484624175,85.06338481492482,84.09483179493982,84.94231414794922,1031800
2013-08-05,84.74859934481584,85.7090854412548,84.55488998481378,84.69210052490234,1314700
2013-08-06,80.71292069157944,82.23839440001771,80.64834887712846,81.92361450195312,2798900
2013-08-07,82.37561831848097,82.5209018457303,81.2214231180858,82.29490661621094,1517600
2013-08-08,82.60971300710857,84.006049919158,82.60971300710857,83.88497924804688,895500
2013-08-09,83.74775165062387,84.3450257065322,82.98904801345054,84.05445861816406,814800
2013-08-12,83.69932592120054,85.60415201640899,83.69932592120054,85.54765319824219,902500
2013-08-13,85.87049449850252,86.57269927801795,85.21672166930752,86.25791931152344,872400
2013-08-14,86.20951638172633,86.44358472035873,85.49117148222821,85.7010269165039,953300
2013-08-15,84.72438799092917,84.81317273211508,83.48948079177379,83.75582885742188,1123700
2013-08-16,83.55404306614852,84.6517396779356,83.44911844807675,83.45719146728516,1126700
2013-08-19,83.00519331570365,84.07867700909289,82.60162857303787,82.698486328125,992700
2013-08-20,82.62585078077913,83.13434015907947,82.0527895632919,82.6419906616211,870600
2013-08-21,82.44826777435503,82.85990548424552,81.93977232157604,82.14962768554688,653100
2013-08-22,82.43212499599001,84.36923682495558,82.41598511715833,83.6993179321289,555600
2013-08-23,84.0965017630361,85.0854919010781,82.88863969866665,83.569580078125,491900
2013-08-26,83.73175883825994,84.11276405189902,83.07513651630626,83.09134674072266,440300
2013-08-27,82.06991110630639,82.37796096417334,81.2592640020192,81.48624420166016,674800
2013-08-28,81.59164823244417,82.25637874050688,81.19443280542748,81.57543182373047,580100
2013-08-29,81.43760310122866,82.30499521012425,81.41328467892959,81.71322631835938,631200
2013-08-30,82.06992081102169,82.1428822751034,80.86205821453385,81.02418518066406,568000
2013-09-03,82.67791104145174,83.05080803313498,81.32413162245544,81.86726379394531,1054800
2013-09-04,81.77806143611969,82.79947831668771,81.77806143611969,82.76705169677734,692400
2013-09-05,81.88345957290264,83.9100771810893,81.70511623382284,83.55339050292969,794000
2013-09-06,83.94254872109806,84.80994127413786,82.90491475530098,83.67503356933594,820000
2013-09-09,84.21812803502591,85.40978028013274,84.21812803502591,84.92339324951172,952600
2013-09-10,85.61245493616765,86.87706264295473,85.58002830461572,85.77458190917969,1186000
2013-09-11,85.490847384923,85.77457264943847,84.50185687597175,85.11795043945312,1196800
2013-09-12,85.08550164759082,85.19088352274665,84.55857990232101,84.73692321777344,919800
2013-09-13,84.85046559602195,85.10177050667582,84.0803530061369,84.59916687011719,616800
2013-09-16,85.20714279243104,85.750275028379,84.84235396165965,85.10176086425781,924000
2013-09-17,85.0936562098145,85.54761676211669,84.80182265912062,85.29631805419922,569200
2013-09-18,85.36115265107901,87.26617233451296,85.02878433033341,87.217529296875,794900
2013-09-19,87.36343787877007,88.32810993596335,87.2175211489824,87.67959594726562,713500
2013-09-20,88.10113928036947,88.23083961826913,87.02297700366846,87.177001953125,964200
2013-09-23,86.8122262765873,86.98246767155679,85.985368657694,86.21234893798828,883900
2013-09-24,86.17990321595043,88.37675642052741,86.17990321595043,88.12545776367188,1316200
2013-09-25,88.23894112512068,88.8307162664765,87.83361754973221,88.47402954101562,1362500
2013-09-26,88.39297119339645,89.34142693051652,88.32811793323081,89.10633850097656,1112400
2013-09-27,88.40919428252617,88.97665111443828,88.11736075405668,88.32002258300781,655800
2013-09-30,87.27429128063204,88.38487412331632,87.15269294869086,88.13357543945312,793900
2013-10-01,88.57941858895343,89.11444872030044,88.20652161168766,88.64427185058594,951900
2013-10-02,88.15786443818801,88.3118893528769,87.34721740887134,88.23081970214844,788500
2013-10-03,88.06060649032901,88.10114132578416,86.15558673414063,86.71493530273438,916900
2013-10-04,86.82029071823105,87.33100227620463,86.5852023507861,87.20940399169922,572900
2013-10-07,86.0826058492018,86.76354635213954,86.00964440403234,86.13935089111328,570500
2013-10-08,86.19613902137095,86.31773736760836,84.46945611124724,84.53430938720703,1066400
2013-10-09,84.33975746156989,84.80993444472982,83.78851697418385,84.28301239013672,1042800
2013-10-10,85.28818398709733,86.89326802921045,85.19901230782733,86.78787994384766,1077500
2013-10-11,86.95001011146309,87.52556881316457,86.73113192991318,87.37154388427734,721600
2013-10-14,86.7392583021431,87.68771412821022,86.21233633718985,87.5174789428711,1546900
2013-10-15,87.00678344485141,87.20133708133687,85.10986538868526,85.63678741455078,1303900
2013-10-16,85.92862096165327,86.06642952979928,84.688331478842,85.63678741455078,1343900
2013-10-17,85.44219783120518,86.77165845990348,85.1179377836516,86.59331512451172,1179800
2013-10-18,88.87936626753084,92.30840694398748,88.65238602128744,91.12486267089844,3278800
2013-10-21,91.9922382758327,93.67837959193429,91.68418841073256,93.27305603027344,2019500
2013-10-22,89.67380808574563,94.24585844113838,89.08203282533836,92.66509246826172,1060800
2013-10-23,92.1138376577784,92.2516523800144,91.1086368773496,92.06520080566406,628600
2013-10-24,92.21922524997561,93.18389119191005,91.6923033441895,92.74614715576172,727000
2013-10-25,92.67317638168119,94.39175046310274,91.92738253275631,94.37553405761719,1881300
2013-10-28,94.08372355762396,94.54579227073673,93.80810644459966,94.41609191894531,1325200
2013-10-29,94.43228761617988,94.83761120338869,93.71892032920134,94.72412109375,754500
2013-10-30,94.72412815789541,94.88626131571844,93.44330404245753,93.72703552246094,721500
2013-10-31,93.89727594134649,95.60774219719242,93.46763387243934,94.6187515258789,778900
2013-11-01,94.44851759378625,95.27537510920898,93.62165389361552,94.0269775390625,1096900
2013-11-04,94.35933841959266,94.83761731464031,93.85673491255746,94.286376953125,621200
2013-11-05,93.97023378580973,94.53769060819329,93.15148446361397,93.9864501953125,544700
2013-11-06,94.60493898327034,94.83280364934149,93.75858007440144,94.3526611328125,681800
2013-11-07,95.0443879340736,95.10949389354437,92.99359367266644,93.20518493652344,1152200
2013-11-08,93.32725481792636,94.8083812116777,93.32725481792636,94.50727081298828,938500
2013-11-11,94.49098874298683,95.2315487673725,94.29567709606083,94.8083724975586,673800
2013-11-12,94.81652855043353,95.20715191125949,94.33637983372893,94.49100494384766,883500
2013-11-13,94.11667974377906,95.22345657220099,93.92136801195403,95.21531677246094,658800
2013-11-14,95.21531087480284,95.4594551810978,94.56426353058137,95.07696533203125,662100
2013-11-15,95.29666534013361,95.71170806884766,94.74327710479692,95.71170806884766,943300
2013-11-18,96.1918629060635,96.72897782503364,94.87350121194918,95.15019226074219,857400
2013-11-19,94.922323987207,95.17460184082545,93.66906209926792,93.88065338134766,779300
2013-11-20,94.44217738449858,94.44217738449858,93.13194938593352,93.44933319091797,621300
2013-11-21,93.58767884478246,95.0769451373921,93.58767884478246,94.97928619384766,775800
2013-11-22,94.88160715191428,96.54991138320875,94.56422341368284,96.53363800048828,1288200
2013-11-25,96.66388363738514,97.75438699568173,96.33022637854162,96.58250427246094,1096200
2013-11-26,96.41159525057624,96.87546440989166,95.79310096854006,95.85006713867188,937600
2013-11-27,96.41157458620009,96.50922730901175,95.99653188771387,96.23253631591797,534700
2013-11-29,96.3627553077165,96.84289778708705,95.72798151855537,95.89888000488281,217700
2013-12-02,95.88262298533941,96.2651128000063,95.10950976634888,95.41061401367188,717000
2013-12-03,95.21526938132315,95.23154276385554,94.17359905159223,94.8409194946289,926600
2013-12-04,94.35265838043149,95.30480979681617,93.74230395318291,94.97928619384766,1186500
2013-12-05,94.66191082752171,95.71172128104172,94.57239167350355,94.81653594970703,1379100
2013-12-06,97.44508842477683,98.9424940744582,96.81032100055927,98.55186462402344,1246000
2013-12-09,98.64140327953726,99.70748692320102,97.8845636141149,98.29960632324219,921900
2013-12-10,97.29050187007641,98.25079312032166,97.23353570306384,97.40443420410156,894500
2013-12-11,93.03429173586748,97.5264976442209,93.03429173586748,96.02095794677734,1121800
2013-12-12,96.34647638336206,96.77779250073677,95.73612198130063,96.24881744384766,1227600
2013-12-13,96.63944316771277,97.3230370907163,96.15116090716086,96.8184814453125,1136000
2013-12-16,97.01381094226112,98.54376396227433,97.01381094226112,98.04734802246094,708900
2013-12-17,98.04729569517428,98.28329384161228,97.32300304132731,97.59156036376953,750400
2013-12-18,97.91711853353392,99.74818167564868,96.9486875959848,99.69121551513672,967600
2013-12-19,99.52031476605534,100.9200617739944,99.12155165155734,100.8061294555664,1063200
2013-12-20,101.45718729831188,102.74300220213308,100.83869924057363,102.71044921875,1750100
2013-12-23,103.2882269148512,103.32077989073677,102.36862862925375,102.70228576660156,1016500
2013-12-24,102.70229296205319,103.67072388375114,102.51512109865429,103.52423858642578,279800
2013-12-26,103.63002502979892,104.43569722224976,103.54864569357989,104.0694808959961,521300
2013-12-27,104.42756514145043,104.5659106359033,103.89858392628146,104.25666046142578,493800
2013-12-30,104.14274963660515,104.89144962926488,104.14274963660515,104.88331604003906,575600
2013-12-31,105.47737329416775,105.6075852061905,104.40314364651711,104.68798065185547,455900
2014-01-02,104.24854005314843,104.80192210091934,103.34520880469411,103.54866027832031,806800
2014-01-03,103.8009680381268,104.54153455153458,103.30454583237704,103.55682373046875,683300
2014-01-06,103.9799709553351,104.29736094968372,102.40932541296586,102.41746520996094,945300
2014-01-07,103.2394152899145,104.19970027578812,103.0359638182268,103.86604309082031,765000
2014-01-08,103.58122228271512,104.21598994231175,102.8325222846702,103.90674591064453,895100
2014-01-09,103.90674116492346,104.56592818880641,102.7999646058212,103.29638671875,749700
2014-01-10,104.3055214131156,104.3055214131156,102.73487546605489,103.51612854003906,1036300
2014-01-13,102.88132655166689,103.98810292352745,101.9373150632243,102.23028564453125,1189500
2014-01-14,102.92202203289163,104.20783670592256,102.52325892350453,103.97183227539062,947800
2014-01-15,104.28109084387077,105.01351121007376,104.16715851095714,104.94841766357422,758300
2014-01-16,104.34618018998101,105.18439916671441,104.25666105568469,105.11929321289062,861600
2014-01-17,105.18440395617304,105.30646986409391,103.61375844951813,103.70327758789062,1531200
2014-01-21,104.47642026860993,104.95656283762345,102.58025076191683,103.20687866210938,1790100
2014-01-22,100.52128371791186,101.31881608646829,98.90181201050841,99.6260986328125,2854700
2014-01-23,98.40539960722488,98.8041689348358,96.444130782859,96.63944244384766,2042600
2014-01-24,96.36273554949456,96.49294123239838,93.28654479980469,93.28654479980469,1642900
2014-01-27,94.02710930785294,94.3851857950089,91.94376874733385,93.08309173583984,1861700
2014-01-28,93.44122357720565,94.72703880748239,93.27846482781419,93.77488708496094,2823200
2014-01-29,93.1074974897579,94.38517197595476,92.69245491394356,92.77383422851562,1085700
2014-01-30,93.24588687883734,93.62023686932129,92.92036325833276,93.22147369384766,1320900
2014-01-31,92.98544843827067,92.98544843827067,91.09741931200936,92.26116180419922,1122400
2014-02-03,92.13097052520087,92.53787349874676,88.8025071818418,89.02223205566406,2473700
2014-02-04,89.41286345905009,90.88585026638674,88.42815898812118,90.2429428100586,1795500
2014-02-05,90.42197681537117,91.86241057059989,89.68955024116737,91.65082550048828,1705900
2014-02-06,91.47918984921951,93.47337769842332,91.47918984921951,93.39981842041016,1637200
2014-02-07,93.93105653515215,97.28194131235652,93.77576957771582,96.98771667480469,3005200
2014-02-10,96.67714090229863,96.70165858080514,94.25796560138211,94.46228790283203,1727700
2014-02-11,94.7320092408424,95.4103546458751,93.971929914465,95.22238159179688,1575900
2014-02-12,95.32866267384202,96.16230159465923,95.06713023965771,95.79451751708984,760400
2014-02-13,93.96374072541258,96.3011883462899,93.96374072541258,95.42668914794922,1131600
2014-02-14,95.64736605131039,96.66080304025265,95.17333675947097,96.31754302978516,890500
2014-02-18,96.65263018565847,97.14300249737533,96.00697091831938,96.34205627441406,946100
2014-02-19,96.10503802994143,97.18386580479158,95.36948270770289,95.41851806640625,1207300
2014-02-20,95.47574484654835,96.8324482064347,95.43487788349708,96.26851654052734,1304500
2014-02-21,96.56271773852929,97.05308999880735,96.20310850446195,96.25214385986328,871400
2014-02-24,96.39927180983199,97.61703737363013,96.39927180983199,96.96320343017578,1291300
2014-02-25,96.93052303997175,97.06946074354433,95.94977823949971,96.27669525146484,1175300
2014-02-26,96.48916632050864,97.6170294698766,95.93340938419718,97.23290252685547,1237000
2014-02-27,97.21654451812692,98.46700218907826,97.0040538229041,98.21363830566406,872000
2014-02-28,98.02571433141149,99.35789410356543,97.89494500545976,98.52426147460938,945500
2014-03-03,97.25741432858963,98.43431276622012,97.06126666745845,97.57615661621094,975100
2014-03-04,99.030945189631,99.76650682309433,98.64681821241001,98.99825286865234,895900
2014-03-05,99.25160761641695,99.68476991732628,98.65498372573481,99.63573455810547,626400
2014-03-06,100.00351909966574,100.4039891101581,99.6602590906723,100.07707214355469,873700
2014-03-07,100.68186424114843,102.44720577063377,100.56744424550689,101.65443420410156,1653200
2014-03-10,101.4991697034435,101.74435277523764,100.09343097763387,100.7063980102539,695600
2014-03-11,100.77174994585587,100.94337991102671,98.29535870016532,98.68766021728516,1162000
2014-03-12,98.19728849537977,98.36074382434623,96.79155021875218,97.50259399414062,1130400
2014-03-13,97.9030533421532,98.09102632662294,94.89542947185349,95.467529296875,1056100
2014-03-14,95.35314132019299,96.13773830147024,94.9118043490828,94.96084594726562,1024900
2014-03-17,95.97427276440729,98.2218181055997,95.94158044755751,97.9357681274414,1366400
2014-03-18,97.92761105697946,98.51606039499603,97.29012635260248,97.97664642333984,921300
2014-03-19,98.00935051122894,98.82663997093317,97.00408796763004,97.79685974121094,770700
2014-03-20,97.50262932093193,98.59779413972973,97.1593630290576,97.44541931152344,620300
2014-03-21,99.1045010194386,99.42324334360227,97.3963631614684,97.5679931640625,1459300
2014-03-24,97.75597108717098,98.19730804575275,96.8324364473413,97.1920394897461,852200
2014-03-25,98.07471818384,99.79102450497267,97.94394889992535,98.99825286865234,1301300
2014-03-26,99.53762248039985,99.68473474157284,96.95498639212289,97.0367202758789,1039600
2014-03-27,96.9141654979012,97.15934854363053,96.03149156826174,96.44831085205078,893100
2014-03-28,96.83243975101281,98.23817212005035,96.66080350952328,97.45357513427734,649300
2014-03-31,98.43432381379127,98.95738845912729,97.74779756964874,97.83769989013672,1242000
2014-04-01,98.55691221927472,99.91361542997696,98.11558149105024,99.70111846923828,1283700
2014-04-02,99.71746764206235,101.4909838981602,99.71746764206235,101.1395492553711,1126600
2014-04-03,101.19674702766737,101.36837700892887,100.1097509109229,100.73906707763672,727900
2014-04-04,102.23473716911805,102.23473716911805,99.3742240140503,99.54586029052734,1099800
2014-04-07,99.16985830294611,99.48043215757194,96.81606789455503,97.50259399414062,1165700
2014-04-08,97.24924338136148,98.80209415985045,97.08578803011925,97.80500030517578,1299700
2014-04-09,98.60593940421907,100.3794554029602,98.27084785220784,100.14244079589844,1059500
2014-04-10,99.75017034785346,100.66553045383264,97.82136693107864,97.9276123046875,957100
2014-04-11,97.33095922132298,98.14007994722041,96.94683856907147,97.371826171875,1146700
2014-04-14,98.22183436648618,98.93287834598505,97.29012500599683,98.34442901611328,984200
2014-04-15,99.01462303841534,100.01171721466694,97.64975108554424,99.1126937866211,1497000
2014-04-16,100.13427098744256,101.52366638183594,100.10158490630457,101.52366638183594,1262900
2014-04-17,101.52365487574009,102.97842850295574,101.42557793717616,102.44718933105469,1343200
2014-04-21,102.24288512119463,102.74960670686056,101.59722585790848,102.31644439697266,623100
2014-04-22,102.26740230049606,103.06017387603374,101.99770158508996,102.11212158203125,751700
2014-04-23,102.30009198972486,103.10921282141426,101.83423737545917,101.97317504882812,649400
2014-04-24,102.57799739313012,102.74962742398785,101.21311931558313,101.71984100341797,688200
2014-04-25,101.5972361370762,102.05492240881163,99.55401278150522,100.03621673583984,977900
2014-04-28,100.55926586469913,101.56452810834104,99.25977276910068,100.305908203125,1662900
2014-04-29,102.1611672306777,103.37892659814901,100.95157626708045,102.8640365600586,1600300
2014-04-30,103.83661391066116,103.87747463671028,102.34914755025505,103.69766998291016,1104400
2014-05-01,103.32171656042256,104.0245858895756,102.74144187899115,103.05200958251953,768000
2014-05-02,102.97844421593943,103.24815116157771,102.04673498139088,102.2265396118164,952600
2014-05-05,101.68713932719442,102.3900086663142,100.89436766083213,101.56454467773438,1057800
2014-05-06,101.28664737106706,101.88327121042278,100.69819816935227,100.85348510742188,927400
2014-05-07,100.9765818430401,101.69860276529371,99.98380072752673,101.64937591552734,1091400
2014-05-08,101.526289380849,103.38057768572583,101.20630237927014,101.92832946777344,815400
2014-05-09,101.82988439453985,102.05961804361078,100.94376352546124,101.90372467041016,468000
2014-05-12,102.59289708291645,104.09437811410884,102.59289708291645,103.7743911743164,541300
2014-05-13,103.9877558027339,103.9959623651244,103.33137478627344,103.41342163085938,588600
2014-05-14,103.50362978190763,103.68413651693571,102.35495568063186,102.51084899902344,637000
2014-05-15,102.08423094419533,102.39601768899401,99.7622685205856,100.55813598632812,1191000
2014-05-16,100.63196803398071,101.27194203518923,100.06583429763248,100.9437484741211,821900
2014-05-19,100.60736464465074,101.69859942384278,100.36121788436168,101.58373260498047,407200
2014-05-20,101.30477039043998,101.45245719213885,99.28638827373673,99.49150848388672,928900
2014-05-21,99.92634867211738,100.7386228405715,99.62276854906408,100.4842758178711,715000
2014-05-22,100.72223316414609,101.73142112687201,99.95097914467223,100.00020599365234,793600
2014-05-23,99.73762633850642,101.18988060216067,99.73762633850642,101.00116729736328,430400
2014-05-27,101.38680696876852,103.22468211310235,101.23912018200599,102.3877944946289,918600
2014-05-28,102.58469267631276,102.8800662053599,101.94471878330079,102.05958557128906,475300
2014-05-29,102.35497712283149,102.52727733515223,101.21450934144298,102.28933715820312,505700
2014-05-30,102.0760234113556,102.94573109097968,101.66578299496358,102.74881744384766,943200
2014-06-02,103.03596800847855,103.3969752605355,101.65756017941034,103.18365478515625,758800
2014-06-03,102.79803378683894,103.40518778832433,102.56009361847153,103.15084075927734,727900
2014-06-04,103.02776342692407,103.95490438400905,102.82264324758722,103.2492904663086,836500
2014-06-05,103.62672842460158,104.64412287251203,103.29853484985802,104.52104949951172,1047200
2014-06-06,104.75077699763968,105.29229730326198,104.61950333128276,105.18563079833984,686300
2014-06-09,105.12819151307731,107.02349984430458,104.94768476538506,106.17840576171875,686500
2014-06-10,105.76818296885962,106.35893014662511,105.17743579109413,106.2686767578125,477400
2014-06-11,105.26769064336627,105.84202470763852,104.8246302538826,105.75997161865234,567800
2014-06-12,105.39898497691381,105.53846523161035,103.79904341968626,104.05339050292969,727600
2014-06-13,104.26671300827881,104.75900029034668,103.94672596194609,104.3405532836914,380800
2014-06-16,103.83185420018937,104.61951506599362,103.63493428890921,104.3487548828125,407100
2014-06-17,104.32412421784122,105.48921159116625,103.71697024116496,104.39796447753906,713200
2014-06-18,104.22566779007555,105.07897477380774,103.48723386936214,105.0133285522461,580200
2014-06-19,105.01335042706027,105.02975729103986,102.77344103737828,104.59490966796875,1321500
2014-06-20,104.52926308593852,105.25128399108542,104.43080312896623,104.79181671142578,944700
2014-06-23,104.84103642308355,104.9805166578035,103.84004883787576,104.19285583496094,837300
2014-06-24,103.5938984349173,104.89025322729199,102.92110448857609,103.14263153076172,820600
2014-06-25,102.67498254453662,103.63494372529028,102.42883576290981,103.31495666503906,730300
2014-06-26,103.52827579290823,103.52827579290823,102.27294107106039,103.09342193603516,956700
2014-06-27,102.69134474636914,103.42977220553583,101.88727108357863,103.07696533203125,1473100
2014-06-30,103.37238577134413,103.56930569234788,102.31396467009553,103.15906524658203,870800
2014-07-01,103.45439548638966,104.34872259233285,103.06056830524253,104.09437561035156,840300
2014-07-02,103.96312140555601,104.21746845040148,103.18366714954921,103.58570098876953,597400
2014-07-03,104.05337933770568,104.69335338801659,103.89748597578873,104.50464630126953,754900
2014-07-07,104.09440730130072,104.1518407101937,103.01137283376715,103.33135986328125,998800
2014-07-08,103.10980324717035,103.27390313536269,102.18266235302364,102.34675598144531,715600
2014-07-09,102.60930448382607,102.98672481840445,101.72319017035831,102.13343048095703,491300
2014-07-10,100.85346846165206,101.12422854753179,100.37758823673066,100.73860168457031,852200
2014-07-11,100.82888662281302,101.23092046850283,100.13968574448764,100.935546875,871700
2014-07-14,101.88730762290287,101.88730762290287,100.80427319998309,100.935546875,718500
2014-07-15,101.01760072469816,101.59193479429351,100.61556061620952,101.32117462158203,1081300
2014-07-16,101.80523835242988,102.26470550336562,101.13244448437236,102.24829864501953,806500
2014-07-17,101.23090582341571,101.73960610747059,99.87711768544756,100.03300476074219,766800
2014-07-18,100.47609749500604,101.559132110571,100.18893041129051,101.27196502685547,874900
2014-07-21,100.97654922155846,101.39499608870622,100.43503526975282,100.92732238769531,548600
2014-07-22,101.64114640173227,102.34676030131533,101.33757255036183,101.42782592773438,529600
2014-07-23,101.4688391050685,101.4852522233171,100.73040527814332,101.15705871582031,474600
2014-07-24,101.18992614746094,101.76426036009725,100.92737247028813,101.18992614746094,804000
2014-07-25,100.8781240878109,101.4934847624249,100.67300386293958,100.8617172241211,616100
2014-07-28,100.65660553710383,100.65660553710383,98.92539019156355,99.85253143310547,702700
2014-07-29,99.45866122179966,99.76223504331011,96.56236565037632,96.60338592529297,1915800
2014-07-30,96.89879904992578,97.48133977389558,95.93883783971243,96.49676513671875,1449800
2014-07-31,95.56140440134659,95.92241797394135,94.26504317227634,94.31427001953125,1357900
2014-08-01,93.95324861982184,94.10093539921517,92.52560766576255,93.65787506103516,1712700
2014-08-04,94.0599049850349,95.11011925756303,93.7891448573382,94.82295227050781,961600
2014-08-05,94.13374733447372,95.9798287892405,93.83837380092939,94.3716812133789,1621600
2014-08-06,91.59848427295289,91.59848427295289,86.89713237038613,89.88368225097656,5933300
2014-08-07,90.54004688164304,91.82000107112304,89.72777271546404,90.12980651855469,2954200
2014-08-08,90.49902806005554,91.57385582554662,89.72777416188995,91.53282928466797,1620300
2014-08-11,92.35333382464115,92.42718036529962,91.6066994144488,91.69695281982422,892900
2014-08-12,91.71334885534122,92.74715648408117,91.48361521779282,92.28768920898438,1159900
2014-08-13,92.61587069371068,93.10816418282091,92.11537690361453,92.87022399902344,886900
2014-08-14,93.0507135807905,93.22301376622839,92.65688011423919,93.14096069335938,926100
2014-08-15,93.39535152771373,93.55123865738814,91.98412323946256,92.53384399414062,996200
2014-08-18,93.0014995818718,94.13376711834795,93.0014995818718,94.00248718261719,1053500
2014-08-19,94.28144976204221,94.88860378861554,94.18298981458237,94.61784362792969,760300
2014-08-20,94.73272043617351,97.4485101109445,94.45375994524929,96.65264892578125,1890500
2014-08-21,96.60342004854643,96.72649343631028,95.39731211605122,96.03729248046875,1191300
2014-08-22,95.79930648007641,96.25056700650347,94.89677916745278,95.29881286621094,810800
2014-08-25,95.8485406660037,96.15212073272983,95.3726604294395,96.01263427734375,900500
2014-08-26,95.9549910057511,96.54817130911334,95.5430609379222,95.6007308959961,859100
2014-08-27,95.86434929321658,95.99616362361579,95.08991888838013,95.4853744506836,697500
2014-08-28,94.75218458591264,94.9004797065521,94.2331485208966,94.53797912597656,1251400
2014-08-29,94.90043579364898,95.20525997212295,94.29077486559503,95.15583038330078,1398400
2014-09-02,95.27944495191632,95.93029534318163,95.01580990733908,95.56779479980469,952500
2014-09-03,96.13622003316831,96.16917518559103,94.80980500452853,95.08168029785156,1195800
2014-09-04,95.23822292179885,96.56463813855355,94.95811351480893,96.4245834350586,3111900
2014-09-05,96.42459805085642,97.32260264702748,95.6584078174979,97.25669860839844,1528300
2014-09-08,97.00953867339898,97.20726336169523,96.68823369783462,96.8694839477539,1674500
2014-09-09,96.87770597672667,98.31122707388076,96.58935619932916,97.53679656982422,1894600
2014-09-10,97.42146748218649,97.66862805344552,96.31749784448618,97.5780029296875,1308600
2014-09-11,97.14962311558098,97.79223326327399,96.97661317470643,97.5038833618164,848500
2014-09-12,97.33907121978643,97.80043086036946,96.72117615019687,97.03424072265625,918100
2014-09-15,96.77889069617474,96.77889069617474,95.63372514241098,96.47406005859375,832900
2014-09-16,95.89731788703256,96.59759772215061,95.26294208357398,96.38339233398438,903400
2014-09-17,96.78708062969565,97.24844024245775,95.65839010784171,96.07032012939453,763000
2014-09-18,96.16919012323088,96.7129345087823,95.94674438121388,96.6058349609375,675000
2014-09-19,97.10014258372159,97.39673269414361,95.72429785710192,96.0867919921875,1402500
2014-09-22,95.70783681545768,95.87261262487934,94.05188235826252,94.52971649169922,960500
2014-09-23,94.06012224750445,94.23313214392341,93.26097680769676,93.6646728515625,1089400
2014-09-24,93.48340424607825,94.60385445727655,92.73368855651096,94.44731903076172,979800
2014-09-25,93.84591477098574,94.16721973371975,92.9643783569336,92.9643783569336,969000
2014-09-26,93.03851207664836,94.12600704889842,92.54419732299891,93.81294250488281,571100
2014-09-29,92.78313881845882,93.99420804344844,92.56069304255442,93.94477844238281,895900
2014-09-30,94.13423471173358,94.72741485032306,93.52457385509871,94.04360961914062,1765300
2014-10-01,93.65645719251803,93.89537747979782,91.75334154437877,92.00049591064453,1379600
2014-10-02,92.06636037298013,92.49476483233845,90.84704473617772,91.5555648803711,1013700
2014-10-03,92.05811893593449,92.73368391603759,91.94277903339639,92.4618148803711,958000
2014-10-06,92.89026014013976,93.31043070427701,91.7862902207296,92.49480438232422,531900
2014-10-07,91.69562957973346,91.88511387855722,90.3527336242138,90.38568878173828,915300
2014-10-08,90.56695419963542,92.75841911546654,89.79252358176907,92.6101303100586,1198700
2014-10-09,92.30527905825468,92.48652927160902,90.13852942941257,90.23738861083984,826600
2014-10-10,90.02320807313623,90.69877323662938,88.59793333962806,89.78429412841797,1434300
2014-10-13,89.10045242676354,89.42999765491295,84.83285775038718,84.93171691894531,2614200
2014-10-14,85.70616916795605,88.12831998554805,85.46724897362077,85.8379898071289,2434500
2014-10-15,84.98942945272607,85.12948419171187,82.23773285062843,84.82465362548828,3049500
2014-10-16,83.79477758786422,86.81834147620161,83.36637326730181,86.58766174316406,2460700
2014-10-17,87.57634228692402,89.38059186130965,86.02748107910156,86.02748107910156,1815500
2014-10-20,86.10986392456151,88.16128031447958,85.89566480167758,88.01298522949219,1512000
2014-10-21,89.19109061761817,91.86039541501432,88.88626013684986,91.68738555908203,1233200
2014-10-22,91.50615771157838,91.95104300082309,89.7842928062294,89.91610717773438,1504700
2014-10-23,97.64391928461046,98.73965498422403,95.36182903574915,95.88909912109375,2709400
2014-10-24,95.78199698963671,96.2598311704096,94.9087008270758,96.03739166259766,1283200
2014-10-27,95.92203838199661,96.91066805670124,95.03226790342994,96.58936309814453,1806500
2014-10-28,101.21119436305221,103.83930963473284,99.98364478825691,101.2935791015625,2306500
2014-10-29,101.26887843211088,102.30694388166243,100.22257890744676,102.1339340209961,1477200
2014-10-30,101.27712510055696,103.15552517398675,101.21945514340969,102.71063995361328,1190400
2014-10-31,104.12763746829789,105.1162666936562,103.73218829237508,104.6549072265625,1922200
2014-11-03,104.97626048525527,105.19870624922717,103.61688995887938,104.44075012207031,1239100
2014-11-04,104.43250903513648,104.62199334003932,103.2626229049225,104.11943817138672,1067000
2014-11-05,104.44898987820577,105.33876035782733,103.88052435752186,105.2728500366211,899300
2014-11-06,105.82757766556507,106.54788969383128,105.5626363994266,105.94348907470703,1441400
2014-11-07,105.92695637298422,106.55618807091378,105.57094087589537,106.3906021118164,1426300
2014-11-10,106.365766373896,106.8459745055392,105.92695789097013,106.3326416015625,723600
2014-11-11,106.21670748041005,106.80455204649212,105.63715042234092,106.0428466796875,753800
2014-11-12,105.67853173382404,107.01979392607554,105.53778308937493,106.44852447509766,873900
2014-11-13,106.46507197844682,106.86249328387701,104.91682428873095,105.12380981445312,1269800
2014-11-14,104.94167228792968,106.40713349746682,104.94167228792968,106.34089660644531,867000
2014-11-17,105.80273434549204,106.80454364806317,105.80273434549204,106.48992156982422,1170500
2014-11-18,106.68035935970028,108.34451866232394,106.33261251232639,108.02162170410156,1497200
2014-11-19,107.72355576407463,107.72355576407463,106.39056837097795,107.00325012207031,1929300
2014-11-20,106.17533457448606,108.14582883361149,106.08426040802325,107.98851776123047,1097800
2014-11-21,108.63429644800198,110.3150180233017,108.17892573300567,109.15589141845703,1742800
2014-11-24,109.64439898242543,110.00869563655952,108.99033008679207,109.80999755859375,860500
2014-11-25,110.00041048158235,110.45578125669559,108.88268336388587,109.93417358398438,1329900
2014-11-26,109.49536102521357,109.80169561072594,108.79160506923566,109.0317153930664,804000
2014-11-28,108.72536308280011,108.74191282882454,106.20013714074476,106.8293685913086,941600
2014-12-01,106.96186480914302,107.31787392429646,105.2811429971564,105.69511413574219,1397000
2014-12-02,104.6850176240934,106.86250973254434,104.6850176240934,106.51476287841797,1070100
2014-12-03,106.96184988626744,109.10621705295347,106.9452875056837,108.86611938476562,967300
2014-12-04,108.0878562805327,108.46042774228133,107.42549999664887,107.44206237792969,1194500
2014-12-05,107.54969533071204,108.38592510498421,107.20196109490044,107.59109497070312,971800
2014-12-08,107.5496928265588,108.1044252494096,105.25629558183071,105.73650360107422,1118600
2014-12-09,104.61876776273151,106.52303718314265,104.32898928137256,106.42367553710938,924300
2014-12-10,105.76962400178333,105.9103726703574,103.46794552341427,103.68321228027344,1061200
2014-12-11,103.91502845461238,105.78617329954847,103.78255466911368,104.38695526123047,1006100
2014-12-12,103.17817679944623,104.20482353351122,101.88658245225606,101.90314483642578,1060300
2014-12-15,102.52406025383537,102.97114969566698,100.50387973519548,100.94268798828125,1278900
2014-12-16,100.57013502969671,102.51579783933582,100.4542236328125,100.4542236328125,1573500
2014-12-17,100.33832190342409,102.54064497311307,99.8001581850688,102.25914764404297,2178000
2014-12-18,104.13860471640325,104.88375421598403,102.36680830445556,104.87547302246094,2057200
2014-12-19,105.17350421570427,106.72175219831324,104.7429770201029,106.20015716552734,1860300
2014-12-22,106.60581199487793,107.50827841539103,106.06765472489799,107.35096740722656,820100
2014-12-23,107.68215155780119,109.24696168036472,107.57451503806374,108.51009368896484,711000
2014-12-24,108.6425772492223,109.10622286309918,107.6242118735002,108.33624267578125,499600
2014-12-26,108.59289962725953,109.35460491872105,108.24516542681374,108.28655242919922,361600
2014-12-29,107.8974378800381,108.83300401271816,107.64076517572832,108.31140899658203,634600
2014-12-30,107.94710492912927,108.53493679927676,107.5248463340764,107.89743041992188,874600
2014-12-31,108.33623548391604,108.49353388051419,106.65551392848877,106.76313781738281,1069000
2015-01-02,107.00324097300431,107.25161349494522,105.52121754732329,106.93700408935547,791300
2015-01-05,103.46795588800686,104.50288381948377,102.00249439968424,102.35023498535156,1631500
2015-01-06,102.3253904019826,103.11193941218389,100.33833384646066,100.85165405273438,1757300
2015-01-07,101.83688030358974,102.6482663569,101.16624921073843,101.63817596435547,1309100
2015-01-08,103.34374662349143,104.8671635778757,102.64827819759918,104.85060119628906,1171100
2015-01-09,105.19007541725492,105.19007541725492,103.42655421394655,104.19654083251953,2069500
2015-01-12,104.2048215548225,104.98308936185269,103.39343529678055,104.14686584472656,2788300
2015-01-13,105.05758390494216,106.21669791671441,101.3897997533261,102.80558013916016,1580600
2015-01-14,101.14141763283135,101.8286048272189,100.23067620045494,101.3152847290039,1452800
2015-01-15,102.01902764675614,102.11837665711609,99.24542284589425,99.29509735107422,1375800
2015-01-16,99.14607232411703,99.47725044699425,97.59781823176696,99.35305786132812,2216700
2015-01-20,99.53520814853944,100.71916569788968,98.68242872873354,100.28035736083984,1220600
2015-01-21,99.91606377751438,101.34012535549405,99.4938114917884,101.10002136230469,1129400
2015-01-22,101.58850166471157,102.11010927415082,100.37143198164743,101.82860565185547,1845400
2015-01-23,101.54710890216671,102.19290278720065,100.88475263630254,100.9841079711914,1284900
2015-01-26,101.19936765339364,101.74580616546214,100.13959643851776,101.63817596435547,2211400
2015-01-27,101.40637349927103,102.32538362111494,98.65760537514154,100.47079467773438,3174100
2015-01-28,100.41282857712014,100.41282857712014,96.4055913782238,96.92719268798828,2957100
2015-01-29,97.05138129874749,98.26017609799163,96.08269048463161,98.19393920898438,1175800
2015-01-30,97.2914838129678,98.30157424661644,96.25655612549127,96.4221420288086,1316800
2015-02-02,97.2418199184842,99.07157794719848,96.2979662085158,99.05501556396484,1620800
2015-02-03,99.79186587354033,100.51217781476504,99.48553132212423,100.38798522949219,1093500
2015-02-04,99.97403353250141,100.21413755944457,98.63276472165639,99.12125396728516,1094200
2015-02-05,99.35304409223141,100.33829713415557,98.71553150531936,99.62626647949219,841900
2015-02-06,99.93423656739078,100.86641462783498,99.76777914764239,100.35871124267578,1578000
2015-02-09,100.00082122157575,101.13274944604363,99.65125683312219,100.57510375976562,1268700
2015-02-10,101.15774038322422,101.22432590564526,99.83438011237219,100.96630859375,1301300
2015-02-11,100.87474113499965,101.02455536475233,99.04368397130607,100.1839370727539,1399600
2015-02-12,100.87473306139583,101.69871443405947,100.48355748996354,101.39908599853516,1069800
2015-02-13,101.64046190196903,103.8127650597986,101.51561565210471,103.25511932373047,1327100
2015-02-17,103.18018855604976,103.46316738888422,101.8235360635128,102.53931427001953,777400
2015-02-18,102.45609892628894,102.95547751103439,101.68205989745337,102.2480239868164,865000
2015-02-19,101.59051666161307,102.68915219882902,101.37412327469723,102.5809555053711,907700
2015-02-20,102.27300685226925,103.02207801340737,101.46568130353921,102.94717407226562,924600
2015-02-23,102.69746244322093,102.9388301251902,101.72367329006222,102.48938751220703,682500
2015-02-24,102.14815173781678,103.10529137623115,102.07324145788701,102.8139877319336,1301300
2015-02-25,102.49772987183678,103.17189073199839,101.94840891174654,102.73909759521484,745100
2015-02-26,102.6142463377215,103.13027451596301,101.99002146805003,102.54766082763672,1015600
2015-02-27,102.30627063788411,102.75571320729185,100.76651756765568,102.1148452758789,1315000
2015-03-02,102.11482379281239,103.39656573592586,101.21593884310565,103.01370239257812,1228700
2015-03-03,103.76284100332225,104.81986557485007,102.21476247254012,102.68085479736328,847300
2015-03-04,102.02332434502617,102.11487784299003,100.40866048996666,101.10779571533203,1320800
2015-03-05,101.28255313182052,101.73199573450651,100.42528545167501,101.72367095947266,1104200
2015-03-06,100.50021031313288,100.88306749518962,98.14480013336023,98.43610382080078,2066900
2015-03-09,98.33623543872189,98.67747509916452,97.80356400538871,98.5526351928711,1826900
2015-03-10,97.34576489395236,97.89508570297909,96.71321539111798,97.25421142578125,1035700
2015-03-11,97.62045473172347,98.09486541440185,96.43026563659078,97.91175842285156,1666700
2015-03-12,98.43610736375662,98.73573583874958,97.27921099917884,98.5526351928711,1357000
2015-03-13,98.21970022117812,98.21970022117812,97.2708789663972,97.97833251953125,1255800
2015-03-16,98.4111440529588,99.9925152238171,98.21139384346509,99.90928649902344,1069800
2015-03-17,99.04369918887457,99.47649239135434,98.17810643396999,99.4015884399414,1139400
2015-03-18,98.90219103102251,101.41573374164412,97.77858752246631,101.24095153808594,1668400
2015-03-19,100.51685424513164,100.650025274609,98.91051521423996,99.51809692382812,904300
2015-03-20,99.65960382586843,100.70830364177573,99.18519306271077,100.02581787109375,2540200
2015-03-23,100.58341813757845,100.59174291261726,98.82726525101482,99.07695770263672,1279100
2015-03-24,99.13524542796638,99.91760939618214,98.4277917556165,99.48480987548828,1021700
2015-03-25,99.83436486034091,100.24219636040525,97.30417889433605,97.37075805664062,1568800
2015-03-26,96.84640352282845,98.04491724560926,96.4885143611616,97.67870330810547,1306900
2015-03-27,98.22800151077314,98.40279002453158,97.33744114279082,98.3362045288086,728000
2015-03-30,99.11858978751938,99.65126755334671,98.6275359056669,99.30169677734375,1006000
2015-03-31,98.78566887819659,99.16020126180823,97.79523004827882,98.8605728149414,1138200
2015-04-01,98.56927839706209,99.46816382204098,97.3041853303819,98.5526351928711,1066300
2015-04-02,98.46108014281677,99.80108348209356,98.11150936087272,98.21138763427734,1054800
2015-04-06,97.8285194201218,101.99834320318702,97.75360913602394,101.09113311767578,1443800
2015-04-07,100.89140034767807,101.12444331628413,99.709535949779,99.82605743408203,893900
2015-04-08,99.24341589762352,99.87596545683414,98.31956270915238,99.63459777832031,1298100
2015-04-09,99.49312963493671,100.00915785283252,98.3112653148579,99.68455505371094,956500
2015-04-10,99.79272354407338,100.56676242788674,98.89383844997877,100.31707000732422,792300
2015-04-13,100.29212188720703,100.80815002853988,99.68454026354185,100.29212188720703,626300
2015-04-14,100.24220833350456,101.16606178898179,99.67624411168018,100.85810852050781,894100
2015-04-15,101.15771752204944,103.08032801035492,101.15771752204944,102.78902435302734,1110000
2015-04-16,102.28130157699096,102.9471438245762,101.78192306627315,102.63919067382812,1449100
2015-04-17,101.74031715545085,101.74031715545085,100.98292770358101,101.09944915771484,1847200
2015-04-20,101.8818046844629,102.73074754582045,101.58217629811494,102.23136901855469,1300800
2015-04-21,102.19811601170022,102.45612697529899,101.09115550667173,101.65711975097656,980400
2015-04-22,101.66543300090423,102.84729732266383,100.8581010902837,102.76406860351562,1457500
2015-04-23,102.83897062365725,103.35499883264212,101.88183084642587,102.73077392578125,1166900
2015-04-24,102.43946259685166,102.58095204119786,101.4989597433822,101.94840240478516,836300
2015-04-27,102.14817355728526,104.02084840628262,102.01500252004983,103.94593811035156,1742600
2015-04-28,99.0436888135619,100.53350640728864,97.40405698275806,100.1090316772461,4189000
2015-04-29,98.2279987183897,100.59173294982172,97.404023869554,99.609619140625,2248500
2015-04-30,99.02702824288909,99.60963553493599,98.57758561047723,99.34329986572266,1731600
2015-05-01,99.95089942029689,101.03289191121786,99.41822795244357,100.45860290527344,1308400
2015-05-04,100.67498090908072,101.53224866889339,100.42529478434668,101.23262023925781,1248000
2015-05-05,101.52392080825982,103.28839211886834,101.2159676314353,101.72367095947266,2814700
2015-05-06,101.77387030041974,102.00812068341193,100.69463985062502,101.28026580810547,1527100
2015-05-07,101.24681181902014,101.60655534230463,100.677915232962,101.19661712646484,1026900
2015-05-08,102.40969503818079,102.8865637022806,101.4141245498774,101.64000701904297,1288900
2015-05-11,101.95794290970437,102.90331250727208,101.86591504642796,102.30931854248047,1020000
2015-05-12,101.85752894882164,102.11687667201282,101.12131255691277,101.74877166748047,864600
2015-05-13,101.96627897900878,103.56421113071885,101.77386177317749,103.0455093383789,1109300
2015-05-14,104.0410880279114,104.35063682285171,103.48055941636702,104.23350524902344,873900
2015-05-15,104.13313858647749,104.36738901953457,101.75715623080076,102.34278869628906,1136000
2015-05-18,102.13361169785969,102.83636283248427,101.14640911623651,102.66067504882812,1033700
2015-05-19,102.58540361797012,102.79455669520088,101.30538142372772,102.15872955322266,828700
2015-05-20,102.18380638380599,102.94512649582671,101.7487708789685,102.66067504882812,912800
2015-05-21,102.71924551401526,104.85260919001462,102.69414816911907,104.70201873779297,2117900
2015-05-22,104.71875996243871,104.81078782598138,103.99927287447534,104.35901641845703,938400
2015-05-26,104.09127109632178,104.1582015930833,102.35948438538908,102.59373474121094,1027000
2015-05-27,102.56863927045671,103.32159141564144,101.85752028222142,103.19609832763672,968300
2015-05-28,103.12083039549881,103.2546850398895,101.44760585212217,102.2925796508789,1152600
2015-05-29,102.14201590791434,102.14201590791434,100.30147098183527,100.75324249267578,2201600
2015-06-01,100.98743516845667,101.16312292497614,99.97513540021988,100.77828216552734,1251100
2015-06-02,100.5273252968199,101.88263297958856,99.98352608873064,100.93726348876953,1194700
2015-06-03,101.33883610813898,102.18381623918114,100.8285021423175,101.4392318725586,1029900
2015-06-04,100.97909418219861,101.37230295379021,99.83293950560031,100.00025939941406,1348800
2015-06-05,99.82457683243595,100.30981348593205,99.19711762345328,100.2010498046875,859000
2015-06-08,99.90821234804709,99.94167759694926,99.23892651853414,99.48990631103516,1054400
2015-06-09,99.48157415363723,100.49387429610334,99.32261577013705,99.69072723388672,926100
2015-06-10,100.33490243487333,100.6862780306102,99.50665813553798,100.56915283203125,1283600
2015-06-11,100.88706317348203,101.19661198849477,100.30980508986993,100.56915283203125,868300
2015-06-12,100.17592715578343,100.54403850792181,99.33931508844603,99.69905853271484,991300
2015-06-15,98.64493845531376,99.42298160192605,98.21826448552319,98.8875503540039,1321000
2015-06-16,98.91265279914559,99.16363260301118,98.19316587227857,98.77042388916016,1038000
2015-06-17,99.06325650418019,99.32260425110091,98.3855962624292,99.02142333984375,1104700
2015-06-18,99.43137206071205,99.94170608194753,98.8959406913577,99.42300415039062,1037100
2015-06-19,99.32259970434124,99.53175275075947,98.88755779339846,99.1552734375,1584700
2015-06-22,99.53176425039061,99.92497304434227,99.2724164853779,99.66561889648438,640600
2015-06-23,99.56523309447334,99.96680343006642,99.02980172511899,99.42300415039062,940600
2015-06-24,99.28075874423337,100.12573877259321,99.17200146646188,100.00861358642578,968400
2015-06-25,99.92495893455907,100.09227881426136,98.7620685369486,98.9210205078125,990500
2015-06-26,98.91267361179092,99.038160348706,98.41906904282585,98.86247253417969,914300
2015-06-29,97.56572205515296,98.0425907782449,96.7542071583652,96.77930450439453,2023300
2015-06-30,97.83343884301532,98.40233542998932,97.12231332216412,97.32310485839844,1396100
2015-07-01,97.94219424507484,98.15134730414289,97.4569576161542,98.00912475585938,1103800
2015-07-02,98.3521389607205,98.70352097416465,96.93826852821194,97.3063735961914,866400
2015-07-06,96.45303527150162,97.48206485212455,96.01799329010937,96.46976470947266,722500
2015-07-07,96.22711884103904,97.03863358164723,94.8467140123317,96.75418853759766,1527700
2015-07-08,96.11002305815536,96.37773875090834,93.87626964835597,94.32804107666016,1648000
2015-07-09,95.8005044516118,95.8005044516118,94.49538453921663,94.54558563232422,1071900
2015-07-10,95.17301804924742,95.37380321619005,93.82607172126833,94.73797607421875,1190200
2015-07-13,95.22321382125077,95.75027728399779,95.03915808995468,95.28177642822266,1424000
2015-07-14,95.07260385987986,96.11836904346957,94.57063784832563,95.89248657226562,1058500
2015-07-15,95.71682470149545,95.8088461903484,94.30294774798256,94.57066345214844,892300
2015-07-16,94.90527343336949,95.87574009677854,94.90527343336949,95.44906616210938,694000
2015-07-17,95.44909032622652,95.72517390577957,94.44515816056368,94.70450592041016,644500
2015-07-20,94.67107178815783,95.22323270872138,94.26112707519685,95.03917694091797,543900
2015-07-21,94.61247405162489,94.62084196112362,93.52488198204793,93.7591323852539,1690000
2015-07-22,93.54158950940342,93.98499286631247,93.13165139980643,93.28224182128906,968400
2015-07-23,93.13168141541631,94.1188841893383,92.61297948917075,92.79703521728516,1101000
2015-07-24,92.8388466230543,92.8388466230543,91.73451889608117,92.05242919921875,1118700
2015-07-27,91.33296937703257,91.72617820562681,90.99832315804731,91.3246078491211,990000
2015-07-28,91.75126101855815,92.06080983907455,91.46681592633612,91.81819152832031,1919400
2015-07-29,91.81820566178492,93.75914606374072,91.4751915335877,93.47470092773438,1651000
2015-07-30,93.11492855722828,94.37820822273243,92.80537978481772,94.185791015625,1075600
2015-07-31,94.67941672661489,94.93877089163959,94.1690826899849,94.32804107666016,1565500
2015-08-03,94.3280318341414,94.39496234648301,93.08984288720156,94.04358673095703,1988300
2015-08-04,93.03127073763929,94.41168209451195,89.95253769716311,90.27045440673828,8477700
2015-08-05,90.496345708294,93.76750267525908,90.496345708294,92.69664001464844,5107400
2015-08-06,92.80541473410736,93.90974285805979,92.3536432675569,92.88070678710938,3114900
2015-08-07,92.88066720472058,94.03519592150201,92.54602749019485,93.03125762939453,1846700
2015-08-10,93.91809339376601,96.2020412721248,93.82606553522534,96.03472137451172,2245200
2015-08-11,95.06426097734953,95.18975410898581,93.95157138005061,94.19418334960938,1918800
2015-08-12,93.4244796709891,95.09770401419448,92.75519376341356,94.72959899902344,1896000
2015-08-13,94.39494282635798,95.33194427399614,93.71728269901264,94.77141571044922,1274000
2015-08-14,94.85507612580253,95.9845075495223,94.5873605132775,95.09769439697266,1007000
2015-08-17,94.53719290857232,94.59575551612222,93.299003856716,94.2109146118164,1210400
2015-08-18,94.23601320888456,94.8634724621661,93.79260969115421,94.32804107666016,948100
2015-08-19,93.79258295709802,93.83441611519783,92.537664808229,93.11492919921875,976200
2015-08-20,92.27831784095953,92.92250635410048,90.4461352863885,90.48796844482422,1633300
2015-08-21,89.55933985664461,90.70549450217803,88.62233188128735,88.68926239013672,2438300
2015-08-24,84.4727262550627,89.06572497825171,83.44369054537752,85.87823486328125,2692900
2015-08-25,88.07853195904838,90.52143806681696,83.97913087621534,84.0125961303711,2654400
2015-08-26,85.00603575358545,86.82452340105229,84.4503826465192,86.78243255615234,3184100
2015-08-27,87.91900344638411,90.27630955801858,87.2623270587103,90.25946807861328,2300200
2015-08-28,89.77957149980745,90.94980359191062,89.29969219889564,90.0658187866211,1678800
2015-08-31,89.72907376299052,91.21922347792207,89.14816478477782,90.63832092285156,1525800
2015-09-01,88.51672053583447,90.04896711465574,88.3988559084744,88.97134399414062,2769300
2015-09-02,90.17527882781243,90.17527882781243,88.56725799118281,89.71223449707031,1751700
2015-09-03,89.55227327106365,90.42784386225135,88.41571115413244,88.63460540771484,1829900
2015-09-04,87.3128141618735,87.93581383914538,86.8160998521523,87.38858795166016,1053800
2015-09-08,89.13970517550582,90.19207233039621,88.62614949006816,90.09104919433594,973600
2015-09-09,90.96664359000822,91.04241096216998,88.60933796792341,88.7945556640625,1082600
2015-09-10,88.63459038104067,89.25759007992511,87.96949341713204,88.525146484375,898600
2015-09-11,88.28942156210104,89.53542102120817,88.0284300677566,89.45123291015625,1146600
2015-09-14,89.22391327247588,89.22391327247588,87.88529870759285,88.34834289550781,1116900
2015-09-15,88.66826124969256,91.28655167320562,88.47462283533643,91.06765747070312,1452900
2015-09-16,90.93297173782364,91.84221236623053,90.57937138012724,91.6401596069336,1303600
2015-09-17,91.48860708659916,91.77485434798659,89.51015773833726,89.81324005126953,1442900
2015-09-18,88.5166965361763,88.5166965361763,85.62058036766469,85.82263946533203,2646200
2015-09-21,86.24362907004233,87.0434258532251,85.73848749840911,86.27730560302734,1331400
2015-09-22,85.10706146987948,86.05840580172945,84.55141476930595,85.63745880126953,1716500
2015-09-23,85.85635771386443,86.13417786770451,84.6019309595431,84.68611907958984,1806000
2015-09-24,83.08652403423224,83.10335908868193,79.92100067692807,82.42984771728516,2514300
2015-09-25,83.13702988353026,83.15386493681818,81.16700106863847,81.42798614501953,1696100
2015-09-28,80.71233111115791,81.15853363267233,79.79466386802088,79.87043762207031,1363300
2015-09-29,80.25775293998632,81.86576706739238,79.6768440507941,81.24276733398438,1499200
2015-09-30,82.37932813787593,82.6824104973287,80.0641195950871,81.91629028320312,1525700
2015-10-01,81.6216215885909,82.97707145668807,80.17356928881064,80.86392211914062,1508000
2015-10-02,79.68523651703823,82.63186433862762,78.69180173740538,82.62344360351562,1612000
2015-10-05,82.67398434714954,86.26045441715544,82.67398434714954,85.98262786865234,1587100
2015-10-06,85.82268204244258,87.2286435730717,85.43541154782784,86.27730560302734,1063500
2015-10-07,86.95922439189256,89.54383848792291,86.29412741954064,87.59064483642578,1423400
2015-10-08,87.1865433866724,90.80669027227646,87.05184368237687,89.92269897460938,1500300
2015-10-09,90.6719915999427,90.74776540864173,89.06397721608462,89.12290954589844,1449000
2015-10-12,89.32496199626516,89.68697671323594,88.8871798940211,89.51860046386719,1044500
2015-10-13,88.90398763050091,89.12288182593029,86.95921492838733,87.1865234375,1683800
2015-10-14,86.90029621739559,87.48961942446913,85.2080875468827,86.1257553100586,1450800
2015-10-15,86.41199329051709,86.41199329051709,84.10520569866172,86.18468475341797,1675600
2015-10-16,85.90687572855269,85.95738731973148,83.86107278496102,84.71138763427734,1635300
2015-10-19,84.34934808629738,84.50088923837781,83.6168981140519,84.23148345947266,1087700
2015-10-20,83.67584969605038,86.58880235847849,82.81712058527638,85.99105834960938,2356200
2015-10-21,86.29411720819496,88.08734874614213,85.41012612119641,85.6626968383789,1989100
2015-10-22,82.01729579474504,86.31095306498379,82.01729579474504,84.83763885498047,5011200
2015-10-23,85.46065718989738,86.83294202452755,85.12389832319282,86.77400970458984,2891400
2015-10-26,86.55510956468216,87.00131230274802,85.14072755966056,85.69638061523438,1546400
2015-10-27,84.63560725621574,85.5195985720965,83.43169851579256,85.4438247680664,1441000
2015-10-28,85.81424341515999,87.55696348922176,83.66741145265843,86.69823455810547,1332100
2015-10-29,86.4120142835674,88.07054677221053,86.15102915476415,87.98635864257812,1397300
2015-10-30,88.17997780108716,88.92084864903374,87.69168415138064,88.14630126953125,1220300
2015-11-02,88.05369979055885,90.23420882370682,87.64959422431586,89.91429138183594,1198400
2015-11-03,89.61119804154457,90.78143016975201,89.08080071886573,90.19210052490234,1118300
2015-11-04,90.33522095670239,90.92454413647876,88.92925321670863,89.07238006591797,1443000
2015-11-05,88.9713433924393,89.6616961007968,87.62431450090517,89.40071105957031,1068000
2015-11-06,88.96031980875526,89.45999862108651,87.57984498309273,88.81634521484375,1171100
2015-11-09,88.60461596681952,89.06195273307759,86.59741679182171,86.89383697509766,1273700
2015-11-10,86.66515723295834,87.2410619755754,85.75895484722734,86.5550537109375,1003100
2015-11-11,86.97853581026145,87.09710389485534,86.14008822306866,86.86843872070312,1097100
2015-11-12,85.835182032895,86.30946074995502,83.9719640618321,84.10746765136719,1776400
2015-11-13,84.1074749369809,85.52183375564475,83.54004108754252,84.56481170654297,1406700
2015-11-16,84.54788134279443,86.36875753795333,84.27686766222259,86.3010025024414,710500
2015-11-17,86.34332445230615,86.88535168726278,85.36937350483596,85.42865753173828,916100
2015-11-18,85.96224193787657,86.96160619127843,85.75898327354228,86.85150909423828,888400
2015-11-19,86.81759348498474,88.10490640963877,86.37719236708239,87.83389282226562,940500
2015-11-20,88.29971870742034,89.129695163426,87.64758788765522,87.8508529663086,988200
2015-11-23,87.68994244094303,88.6130805062831,87.1902571649754,87.46974182128906,1005700
2015-11-24,87.0293470997576,88.10493075455771,86.86843051665922,87.73228454589844,946900
2015-11-25,87.89320437373166,88.2319730794304,87.57984865167772,87.8677978515625,685000
2015-11-27,87.71534238229451,88.42675723032009,87.47820625344427,87.825439453125,313900
2015-11-30,88.31665562067825,89.60397529314015,88.07951948666555,88.63848876953125,1025100
2015-12-01,88.74011384346859,89.12123102150635,86.96158639705067,87.65605926513672,1373400
2015-12-02,87.6560642650225,87.80003885847184,86.140079383033,86.34333801269531,1057500
2015-12-03,86.69059006858592,87.08017185664924,84.91206226691378,85.80132293701172,1636700
2015-12-04,85.86060841567443,87.07170231549058,85.50490414169451,86.75834655761719,1670400
2015-12-07,86.148564673055,86.5296754745994,84.61564400982905,84.88665771484375,1125200
2015-12-08,83.87879560733823,84.14133823269864,82.59147607469026,82.78627014160156,1404400
2015-12-09,82.05793856867776,83.89575028880542,82.05793856867776,82.72700500488281,991400
2015-12-10,82.64229693039253,83.76022893162943,82.57454190935407,82.99800109863281,1104700
2015-12-11,81.73611030533782,81.9139624237975,80.82143672913743,80.93153381347656,1446500
2015-12-14,80.96542261689659,81.61755360362973,79.89830329590927,80.87226104736328,1231400
2015-12-15,80.3894951723299,81.12631652658011,79.22922106799166,81.0416259765625,2100300
2015-12-16,81.38888176343171,83.74331459946977,80.80451228305836,83.6078109741211,1714900
2015-12-17,83.5315668516929,83.5315668516929,80.59276517148403,80.61817169189453,1522300
2015-12-18,80.09309859663469,81.0839918926653,79.28852844238281,79.28852844238281,1947500
2015-12-21,79.96604550182315,80.38950476391051,79.29697909234805,79.76278686523438,1056300
2015-12-22,80.14390058644094,82.13416436118582,79.9745194599194,81.71916961669922,977900
2015-12-23,82.53219224366568,84.74264969749225,82.46444368505566,84.2514419555664,1062500
2015-12-24,84.03125537279162,84.7934833220617,83.92115183143984,84.56481170654297,522800
2015-12-28,84.25146403342534,84.73420737044793,83.27750636428118,83.53157806396484,659900
2015-12-29,84.08206547115064,84.55633775121017,83.40453456556206,84.28532409667969,666500
2015-12-30,84.02278641152216,84.46318766463438,83.20127440529122,83.28596496582031,637700
2015-12-31,82.79475833060275,83.33678567961852,82.13416290283203,82.13416290283203,931600
2016-01-04,82.13418054179223,82.13418054179223,79.85596711085275,81.86316680908203,1441700
2016-01-05,82.37974542705469,82.39668741255545,80.16082347555057,80.508056640625,1318700
2016-01-06,79.36475295867443,80.13545210007231,78.74650590774019,79.44097900390625,1355600
2016-01-07,78.09436798095703,79.16148728971477,77.58621808299314,78.09436798095703,1191300
2016-01-08,78.69566154260939,79.13606275906113,76.50214583856628,76.68846893310547,1595200
2016-01-11,77.09498884246342,77.29824747014271,75.73992055547605,76.53602600097656,1323000
2016-01-12,77.33210994357103,77.58618802485731,75.25716263847117,76.65457916259766,1230200
2016-01-13,77.05263839575473,77.57772366514477,75.80766732166295,75.98551940917969,1433700
2016-01-14,76.12949541113998,78.28066894941902,74.80830475828937,76.77315521240234,2077100
2016-01-15,74.52033233642578,75.46888306854677,74.01218269693973,74.52033233642578,2451500
2016-01-19,75.73990696573586,75.79919099073334,73.80893419556197,74.41871643066406,1282600
2016-01-20,73.1822466796463,74.26630156271797,70.56526458276778,73.26693725585938,2575100
2016-01-21,73.39397655104148,75.892384094262,72.75031653940881,74.48649597167969,1282000
2016-01-22,75.90929674808933,77.52691405501689,75.11319781566478,76.0702133178711,1547000
2016-01-25,75.24872493565226,76.16339867916061,74.37639971158438,74.63047790527344,1951800
2016-01-26,79.09371277779088,80.28787088246342,74.59657791865159,77.7217025756836,5208700
2016-01-27,77.49305220872172,79.10219884742757,76.41746842548625,77.65396881103516,1656800
2016-01-28,78.4839347861343,80.06767468591363,78.45852826531288,79.67809295654297,1933500
2016-01-29,80.09308352604718,82.28660583496094,79.92370240801603,82.28660583496094,2204300
2016-02-01,81.34652478967433,82.1172172673607,80.47419330403149,81.61753845214844,1735100
2016-02-02,80.78753788495405,81.17711953608793,79.74583197162247,80.73672485351562,2095900
2016-02-03,81.65987298462625,82.91331509662727,79.152995222099,82.76934051513672,2831500
2016-02-04,82.73546952822433,87.03781055567082,82.63383698308138,85.64886474609375,2952100
2016-02-05,85.47098748436888,86.8006488666664,84.60713372004673,85.97067260742188,2304900
2016-02-08,85.29744309826695,86.40531541710035,84.46228341333584,86.14965057373047,1905700
2016-02-09,85.09293000425619,85.9025311486119,84.223681088088,84.99066925048828,1601600
2016-02-10,84.8969294552819,84.8969294552819,81.53922919329128,81.87158966064453,2360200
2016-02-11,80.56770235679288,82.90274921747229,80.48248290237039,82.57038879394531,2020600
2016-02-12,83.42259430400979,84.31741480815647,82.53629769564542,82.87718200683594,3171700
2016-02-16,84.34298394593179,85.10997205659416,83.18398113467039,84.9224853515625,1135300
2016-02-17,85.55310611905077,87.45353160965249,85.55310611905077,86.09851837158203,1190700
2016-02-18,86.17521866041376,87.12116943881672,85.4082306641645,85.86842346191406,1279800
2016-02-19,85.37413983407652,85.68093502627936,83.90834202729107,85.12699890136719,1372900
2016-02-22,86.32861280888606,87.66657817592854,85.82580705851069,87.58135223388672,1335000
2016-02-23,87.13820769412767,88.31425157956201,85.82580750218276,85.87693786621094,1047000
2016-02-24,84.66683200840855,86.32864089140921,83.91689158800273,86.21784973144531,981900
2016-02-25,86.66096962716759,86.88253886228608,85.22926098398646,86.60983276367188,654600
2016-02-26,87.24048229459326,87.85406622025039,86.28600757385924,87.1041259765625,987500
2016-02-29,87.3171838962167,87.53875967745333,86.20079409776453,86.24340057373047,1271600
2016-03-01,87.9307882954723,89.83121427431274,87.00187854740975,89.1153564453125,1797800
2016-03-02,88.76594758197395,90.2743521875304,88.48471751085778,90.12947845458984,1935700
2016-03-03,89.90787770741414,91.2799320958914,89.83118216484367,90.91348266601562,1319600
2016-03-04,90.68342108960807,91.75719807017106,89.78007654011682,90.64080810546875,1220200
2016-03-07,90.33398948754493,92.95026609281867,90.33398948754493,92.34519958496094,1102800
2016-03-08,91.26290342927904,91.95319596617806,90.13798972309752,90.77714538574219,1059600
2016-03-09,91.14358622493515,91.81683090578343,90.4362589669286,91.38220977783203,713900
2016-03-10,90.97314641900519,91.87648424665612,89.63518096593693,90.90496826171875,1148900
2016-03-11,92.05546753957333,92.84802091455435,91.9617306797072,92.37931060791016,756100
2016-03-14,92.09808233997613,92.78836846986607,91.84241743906878,92.4304428100586,656400
2016-03-15,91.39072310870179,92.49007147525712,90.64930680466748,92.23441314697266,928600
2016-03-16,92.09808077444887,94.20303471707572,91.97877222320777,93.69171142578125,1181800
2016-03-17,93.82804782501715,96.2227554074072,93.5723894669164,95.89038848876953,1478100
2016-03-18,96.23127286416431,96.73407868853043,95.28532198437138,95.77108001708984,1382600
2016-03-21,95.77107818525143,96.43580550841845,95.21714850201994,95.7199478149414,981100
2016-03-22,95.1063565419209,96.1119616608999,94.89330466503407,95.51541900634766,1048900
2016-03-23,94.96148044120051,95.29384084065086,94.16040332363961,94.27119445800781,996000
2016-03-24,93.38490143073543,94.56946936121629,92.90766079916824,94.55242156982422,1157700
2016-03-28,92.8394866655422,94.41606923227948,92.8394866655422,93.99848937988281,1206300
2016-03-29,93.46160831183703,94.82513920619778,93.22299121805243,94.68878936767578,709700
2016-03-30,95.29388193049725,95.7029445610348,93.99852885381658,94.5865478515625,949100
2016-03-31,94.78253181234354,95.15750524286291,94.10928701746924,94.66322326660156,1091300
2016-04-01,93.39343542445835,95.4898720140438,92.69462539520605,95.29386138916016,898300
2016-04-04,95.35350985132702,95.35350985132702,93.41047752271292,93.55535125732422,1044100
2016-04-05,92.63495443740138,93.48716195385154,92.04693567229337,92.76278686523438,1153000
2016-04-06,92.57532833182843,93.40197091453402,91.51859251049324,93.3082275390625,806400
2016-04-07,92.86505310183134,93.56386299767696,92.22589747141788,92.91618347167969,995400
2016-04-08,93.36785223748167,95.43871673626325,93.21445462639313,93.66613006591797,903600
2016-04-11,93.98143760432836,95.16600545302536,93.6916901889415,94.160400390625,932400
2016-04-12,94.44161024883147,95.83070577073983,94.22855842941958,95.04667663574219,1671800
2016-04-13,95.92448443042649,96.25684487100604,95.41316117582933,95.62621307373047,2791700
2016-04-14,95.44726730464907,95.94154935648713,95.19160238077997,95.67736053466797,2681200
2016-04-15,95.48984764660239,97.49253385947037,94.04961497139463,96.91303253173828,1918100
2016-04-18,96.38465871750837,97.21982485698157,95.8307225894541,96.62327575683594,576200
2016-04-19,97.17721948204922,97.97829660684161,96.92156113499416,97.19426727294922,529900
2016-04-20,97.21983922353805,97.46698019417022,96.23979923705257,96.71703338623047,839300
2016-04-21,96.92157005474533,97.16870452909434,96.07787987688486,96.17162322998047,876700
2016-04-22,96.55510501000927,97.6203643040216,96.52101593238166,97.16017150878906,820600
2016-04-25,97.1260835760632,97.78228044810614,96.2056979747488,96.64884948730469,1506800
2016-04-26,96.82782616729168,98.05500064334112,95.59212129322707,97.45845794677734,2174000
2016-04-27,98.00385424071537,99.91279705932739,97.94419998081582,99.64009094238281,2265600
2016-04-28,98.87310533489993,99.89575817441049,98.13168901571864,98.37882995605469,1134500
2016-04-29,98.49814104421347,99.36738980370245,98.04647212494184,98.87310791015625,1041800
2016-05-02,98.98391365520231,99.05209182337575,97.38175921226666,98.42997741699219,1373800
2016-05-03,97.73117494723473,97.89309648361477,96.4272982645472,96.87896728515625,824000
2016-05-04,96.07788734093383,96.3591174220687,93.91327915899302,94.68026733398438,1402000
2016-05-05,95.34497067534183,96.11195870894285,95.14044270032392,95.40462493896484,1179800
2016-05-06,95.23325807462994,96.49308776855469,95.12183989383597,96.49308776855469,735500
2016-05-09,96.15024721129902,96.36450482142233,94.55617006889167,95.17323303222656,814300
2016-05-10,95.50747559600141,97.39293997362465,95.18179983975169,97.11869049072266,997900
2016-05-11,96.98156088702531,97.68432553670131,96.41591769799143,96.72444915771484,753900
2016-05-12,97.18726499156989,97.55578838701302,95.73030914368167,96.4502182006836,1012200
2016-05-13,96.29592963456523,96.89584825779572,93.75054847570243,94.07621765136719,1107400
2016-05-16,94.56473649146537,96.69874701474198,94.56473649146537,96.20166778564453,1220100
2016-05-17,96.22737539390168,96.95584994985774,95.50747297303874,95.9102783203125,978100
2016-05-18,95.41319744367874,96.11596212075786,94.2733454251775,94.68472290039062,928800
2016-05-19,94.17050525701153,94.30763327012077,92.31932285040139,93.41632080078125,1149900
2016-05-20,94.00767770015341,94.53046682859251,93.43346229541575,93.81912994384766,1017700
2016-05-23,93.63914715344917,94.17050183839923,92.79925445020393,93.93053436279297,1019900
2016-05-24,94.18764803068636,95.32750010169885,93.83626240664744,94.95897674560547,893000
2016-05-25,95.53316166404969,97.05867444131873,95.0532268231889,96.81013488769531,920500
2016-05-26,97.23010645051899,98.12999108024144,96.77588133711339,97.3929443359375,1074800
2016-05-27,97.21295684461512,98.00999536431269,97.13582070987125,97.684326171875,1047500
2016-05-31,98.10426678071019,98.78988714850905,97.45292187347192,98.4213638305664,1453900
2016-06-01,97.68432459440908,99.0127177467047,96.76730235869452,98.90130615234375,1075700
2016-06-02,98.66134469152114,99.32982737556503,96.98156584636328,99.31268310546875,757500
2016-06-03,99.39841249681946,99.51839625849217,98.7042132601421,99.4155502319336,661600
2016-06-06,99.73263293969106,100.27255975369118,99.39839159693528,99.63835906982422,976100
2016-06-07,99.92975783087637,100.62395700185995,99.4412506935448,99.51838684082031,811500
2016-06-08,99.39842419951735,100.9410755477729,99.39842419951735,99.92977905273438,532700
2016-06-09,99.12415431615536,99.53552530924884,98.71277678443784,98.8670425415039,916100
2016-06-10,97.69291151347726,98.02715290813688,96.17597030222386,96.58734130859375,1418400
2016-06-13,95.67888836025242,96.793030670689,95.31893710498794,95.618896484375,1035800
2016-06-14,95.2417976854527,96.22738407412105,94.58188707346757,95.89314270019531,973000
2016-06-15,96.31306624906028,96.43304997231694,95.41318832463536,95.66172790527344,1049300
2016-06-16,95.07899000540435,95.8074648084246,93.7420176382417,95.56749725341797,826400
2016-06-17,95.76458995883324,96.54449088266526,95.34464682833665,96.14168548583984,924200
2016-06-20,97.56434392931367,98.82417974525575,97.23867471008228,97.51292419433594,900200
2016-06-21,97.57291363505588,97.57291363505588,96.87014894049119,97.17868041992188,810100
2016-06-22,97.52151014767266,97.98430744391703,96.81017319944752,96.85302734375,773900
2016-06-23,98.03569111821642,98.61847195774965,97.44433814525155,97.71002197265625,966500
2016-06-24,94.36763008376187,95.03611283612281,90.56241252278554,90.76810455322266,3493800
2016-06-27,88.96836275526279,89.08834654080067,84.93174858534339,86.15730285644531,2398000
2016-06-28,87.10002382967,87.82850512330779,86.68865277351868,87.75994110107422,1643600
2016-06-29,88.94263440746919,89.41400385178302,87.83706415149865,89.18260192871094,1291800
2016-06-30,89.73109989381246,92.60215759277344,89.33686660820612,92.60215759277344,2208700
2016-07-01,92.6021466923904,94.76186064162357,92.6021466923904,93.70771026611328,1592800
2016-07-05,93.03064531943699,93.510580213851,90.96519907710628,91.76223754882812,1469400
2016-07-06,91.57371161643721,93.03923305080389,89.98820642992057,92.89353942871094,1862400
2016-07-07,92.94495423285908,93.89625860197592,92.09649587667671,92.74784088134766,1901000
2016-07-08,93.99908381317908,95.46460484540523,93.65627038455152,95.4131851196289,1152900
2016-07-11,95.4731995834775,96.28737594793787,95.13895820955176,95.89314270019531,617600
2016-07-12,96.69874173290843,97.24724066656526,95.98740493067052,97.0586929321289,1054000
2016-07-13,97.56434042925659,97.60719456594965,95.98740758602533,96.91300201416016,850300
2016-07-14,98.14710639554927,98.27566224737852,97.33293023166777,97.54718780517578,770200
2016-07-15,97.95002765127121,98.18142303531405,97.24726282373892,97.42723846435547,653800
2016-07-18,97.12727279451887,97.40152230613265,96.21025037706431,96.9301528930664,569700
2016-07-19,96.43307468661484,96.91301624126555,96.1245497039008,96.36451721191406,649300
2016-07-20,96.45877930872113,97.47864109315462,96.0559739529382,96.96442413330078,454600
2016-07-21,96.76731989105387,97.4786502587343,95.82458108095206,96.22738647460938,452300
2016-07-22,96.01311981519063,97.0844078726459,95.43891098566424,96.96442413330078,678400
2016-07-25,96.77589060195412,96.9730105104701,96.06455365806404,96.41593933105469,685600
2016-07-26,96.60447303748634,98.36995366604675,96.60447303748634,98.36138153076172,663700
2016-07-27,98.29283439935703,98.90132529610646,97.49579573825233,98.49851989746094,762600
2016-07-28,98.1214239275192,98.39567343663253,97.20440151842554,98.10428619384766,399800
2016-07-29,97.77861818600164,98.2499876322736,97.19584365406477,97.86432647705078,697800
2016-08-01,97.63290173164106,97.9157233332956,96.50162186364594,97.0586929321289,1343500
2016-08-02,97.28155583245719,97.88147470234888,96.21026746577537,96.87017822265625,2001400
2016-08-03,96.54448213338907,97.7271818082411,96.33022451948392,97.51292419433594,2423900
2016-08-04,101.21529247944306,103.6921098991552,100.88962326993403,101.95233917236328,2414500
2016-08-05,102.62938298035861,103.84636449110681,102.45797952819953,103.7949447631836,1964600
2016-08-08,104.06920397278799,105.3547496004489,103.92351037092264,105.13191986083984,1674700
2016-08-09,105.13194251470813,105.5433200811976,104.30062178350774,104.49774169921875,875100
2016-08-10,104.96054197944034,105.17479963628132,104.4120429010174,104.70343017578125,560300
2016-08-11,105.32048274019978,106.20322315191876,105.09765296855619,105.93754577636719,662600
2016-08-12,105.81754291311199,105.86896264396489,104.83195666048603,105.25189971923828,651500
2016-08-15,105.67186900245383,106.6917309065587,105.50903110625363,106.3746337890625,648200
2016-08-16,106.13465644760319,106.7860014735525,105.79184947053679,106.36605834960938,802200
2016-08-17,106.24604283889336,107.00022711705839,106.01464100606206,106.58028411865234,1185200
2016-08-18,106.75170609917087,107.00024570345516,105.86039368544817,106.3060531616211,1468400
2016-08-19,105.86039373495845,106.74314055277682,105.37188666110173,106.58887481689453,670500
2016-08-22,106.1175370717261,106.81172982058679,105.90327940468268,106.33179473876953,646200
2016-08-23,106.78597663621163,107.00880635037602,106.3060417490475,106.70884704589844,551100
2016-08-24,106.42604207510621,106.49460608071894,105.50901975056233,105.68899536132812,863700
2016-08-25,105.57701477146749,106.65380386328548,105.0773896277352,106.43844604492188,725300
2016-08-26,106.78301996008283,107.6789092739056,105.72346317325906,106.16278839111328,684300
2016-08-29,106.24890921514394,107.07588885853696,105.6889842552893,106.5934829711914,769200
2016-08-30,106.54182396318156,106.8691654927761,105.74069258741137,106.12833404541016,1118200
2016-08-31,105.74066334700103,106.02493717609633,105.16350611013297,105.5511474609375,754400
2016-09-01,105.67178278751784,106.09388888363932,104.55192596883961,105.83545684814453,731900
2016-09-02,106.38676195986794,107.10175149206769,106.02496240340506,106.39537811279297,913600
2016-09-06,106.46427127457684,106.65378717663772,105.29273097239674,106.14554595947266,794800
2016-09-07,106.0163410527727,107.09313008864314,105.9129669393376,106.93807220458984,912800
2016-09-08,106.84330743619427,107.51522270021492,106.27476627902229,107.11896514892578,863500
2016-09-09,106.0077251799602,106.70548894614035,104.03504687237701,104.04366302490234,1071000
2016-09-12,103.26838851733501,106.1800307047377,102.72568912943554,105.83545684814453,958400
2016-09-13,104.47436872281166,105.077374470567,103.8024534779913,104.0953369140625,624500
2016-09-14,104.02645534847802,104.94818666271689,103.75079756960845,104.1039810180664,507700
2016-09-15,104.21595473843458,105.98188484442647,103.51819096205057,105.57701110839844,1048800
2016-09-16,104.75004553740203,104.99986140490668,104.11258821092078,104.6811294555664,979800
2016-09-19,105.28411553373715,106.24030462992067,105.05152544428816,105.43055725097656,603300
2016-09-20,106.0421917385659,106.46429123544169,105.11184435703625,105.1204605102539,667800
2016-09-21,105.80961336813874,106.52460295968444,105.3358235009218,106.34369659423828,702400
2016-09-22,106.81746279546903,107.56691026333178,106.53318893812127,106.78300476074219,860900
2016-09-23,106.60212943828122,106.60212943828122,104.92234093661845,105.0343246459961,715300
2016-09-26,104.37962533615868,105.18075667959086,103.86276788895705,104.53468322753906,916500
2016-09-27,104.15564888659706,105.89573700780238,103.88860074719443,105.68899536132812,734900
2016-09-28,106.17139878572908,107.609987358277,105.81820882781084,107.48938751220703,903400
2016-09-29,106.98974527128358,108.25605010232994,106.39536225204401,106.80884552001953,815200
2016-09-30,107.1275793924318,109.04856719537686,107.1275793924318,108.13545227050781,1438400
2016-10-03,107.98039513326034,108.60924277498225,106.98113840019047,107.42046356201172,1194900
2016-10-04,107.08451716267527,107.48077475115127,105.98188620827264,106.51597595214844,3124800
2016-10-05,108.16129851191874,110.46994094471346,107.23095781816082,109.75495147705078,2664700
2016-10-06,109.33284759521484,109.48790547590185,108.57479049641088,109.33284759521484,1918200
2016-10-07,108.53170763923048,109.1347133813874,106.16277200093795,107.3860092163086,1409400
2016-10-10,107.85982096869382,108.46282687056454,107.41187954839539,107.7564468383789,845400
2016-10-11,108.02347852429695,108.02347852429695,105.34442684921757,106.01634216308594,1005800
2016-10-12,106.18864663583807,107.28266820302323,105.95606304774519,106.75719451904297,738800
2016-10-13,106.04219806534257,106.61074591204273,105.14630867103303,106.31785583496094,768600
2016-10-14,106.79161545200614,107.85978818512757,106.79161545200614,107.28263092041016,804000
2016-10-17,107.3257183779015,107.75643401130931,106.88639316380882,107.15343475341797,739900
2016-10-18,108.21299740402772,108.21299740402772,105.7493034710811,105.80098724365234,1127600
2016-10-19,106.34369361257833,106.78302542511611,105.22383684213617,106.58489990234375,1294100
2016-10-20,106.03359229186287,106.67966586879754,105.54257663628053,105.78378295898438,1871300
2016-10-21,105.68900881226467,107.50662938984867,105.47365098622106,106.12833404541016,2081700
2016-10-24,106.77441930347842,106.77441930347842,103.80248360507616,104.05229949951172,1442900
2016-10-25,103.75078418992639,104.78449908432964,103.4578941407861,104.53468322753906,1112700
2016-10-26,104.10396438972758,105.55116914068338,104.07812250399246,104.95677947998047,1139000
2016-10-27,105.27551850694695,105.47365059794538,103.7249461084606,104.84480285644531,1126200
2016-10-28,105.00849687927585,106.21450224450159,104.78452285819951,105.0601806640625,1277700
2016-10-31,105.38748694298118,106.11109254854142,104.95677135487574,105.74067687988281,743400
2016-11-01,106.32644950125488,106.45566549110372,103.50095631719253,104.38822937011719,1067900
2016-11-02,104.25041804423826,104.71559175725722,102.88074536607097,103.26838684082031,1034700
2016-11-03,103.66463837732731,103.66463837732731,102.31219151369697,102.76013946533203,900800
2016-11-04,102.62230550142965,105.1032317814906,102.62230550142965,103.84554290771484,1023900
2016-11-07,106.77440864933861,108.78154518655552,106.66242494460695,108.23884582519531,1686800
2016-11-08,108.54186447943381,109.71065564331124,107.96179207797714,109.44226837158203,1134100
2016-11-09,108.91415410444903,115.08710140044005,108.88817538790644,114.247314453125,2536700
2016-11-10,115.199658424198,118.88785682257571,114.80141057003195,118.58483123779297,3409500
2016-11-11,117.8402408015526,120.19514196525002,117.5285623178093,120.11722564697266,1844400
2016-11-14,119.67566871693384,120.97432681303358,119.67566871693384,120.33366394042969,1648300
2016-11-15,119.9180635231652,121.26867881123837,118.78390442507293,121.22538757324219,1351300
2016-11-16,120.45487536808393,121.07823233107486,118.8964829606066,119.31204986572266,1080700
2016-11-17,119.51121024263657,120.02202597290264,118.53289646331947,118.69739532470703,705800
2016-11-18,118.52416557695548,118.68001138552658,117.3986726968144,117.81423950195312,1006800
2016-11-21,118.52419200590211,119.26010355528796,118.33372109219363,118.80989837646484,901100
2016-11-22,119.26011409548002,119.63238978022697,118.29910647706565,119.32072448730469,744600
2016-11-23,118.77529669915403,120.09127421378842,118.68871419018537,119.7276382446289,825000
2016-11-25,119.51983200684666,120.37693786621095,119.46788779847705,120.37693786621094,254000
2016-11-28,119.7275839824995,120.03060941591859,118.29041274367178,118.4029541015625,676000
2016-11-29,117.71905179190782,119.1389177281841,116.03945154313207,118.5675048828125,623700
2016-11-30,119.5804648378792,121.1561767516667,118.80992802581741,120.28173828125,1191700
2016-12-01,121.23406786880163,124.71447546038162,121.21674872757235,124.21232604980469,2575900
2016-12-02,124.97417906756546,125.2685383430572,122.4028354673382,122.85302734375,1782600
2016-12-05,123.88333335320954,124.32488560301962,122.23837155803679,123.33790588378906,1127000
2016-12-06,122.9136526535857,123.73613341652295,122.48076665092057,123.41580200195312,1385000
2016-12-07,123.24272630068653,125.91796027759166,122.80117385066491,125.51969909667969,1016300
2016-12-08,125.63219342365183,125.63219342365183,122.62796309696141,122.84440612792969,1361500
2016-12-09,122.63660767613496,123.4158104607172,122.18641571416296,123.38117218017578,901200
2016-12-12,123.5197004646576,123.71882434310704,121.9093638753023,122.5586929321289,800000
2016-12-13,123.04354247324721,123.37254014102666,121.5630793895108,122.08253479003906,769600
2016-12-14,121.71024610683197,122.93964093086451,121.21674965776566,121.3812484741211,1092300
2016-12-15,121.46783022698703,125.06077921555713,121.13883259628942,123.80541229248047,1485800
2016-12-16,124.37685285753125,125.0521542004843,123.22537410335823,123.58899688720703,1956400
2016-12-19,123.73615119577212,124.18635640220947,122.67125517518151,123.64958190917969,740300
2016-12-20,124.37683393361058,125.13870446500701,123.75347691024578,124.59327697753906,797900
2016-12-21,124.16039696444007,124.51536674440266,122.92233582306474,123.27730560302734,957500
2016-12-22,123.25129090798333,124.1430349276357,122.99155669017668,123.63223266601562,990800
2016-12-23,123.77080083789126,124.02186896587554,123.26865137128719,123.58032989501953,279500
2016-12-27,123.66686523546994,124.23827790719756,123.51103262170709,124.03915405273438,355400
2016-12-28,124.20367888615282,124.46339996355364,121.71890382372935,121.96131896972656,774200
2016-12-29,121.96133388664002,122.5500658922364,120.96570107313667,121.43321228027344,429300
2016-12-30,121.59771714710514,122.20375511624484,120.7665831353241,121.20812225341797,593400
2017-01-03,123.11277651583458,124.88761176888806,121.92667309593452,123.41580200195312,1115000
2017-01-04,123.37254394095883,123.97858186555916,122.85307531379516,123.4937515258789,637900
2017-01-05,123.2426924416147,123.51973270865079,121.13885887877555,122.39422607421875,557900
2017-01-06,122.861738284822,123.28595821565392,122.12582661731689,122.49811553955078,727500
2017-01-09,122.54137435878589,123.06949585587446,121.52842261072425,121.88339233398438,519200
2017-01-10,122.21240705002668,122.98294378040498,121.84878431092365,122.79247283935547,721400
2017-01-11,122.94826920630763,125.83129136966882,122.32491234879,125.71875,1441300
2017-01-12,125.10409453018852,125.19933000946742,122.66261035811318,124.45476531982422,1231400
2017-01-13,125.27722172936758,126.69708746195985,124.93957113474606,126.61917114257812,947200
2017-01-17,125.88328244199242,125.9352398749901,124.28161167309533,124.34220886230469,1623900
2017-01-18,124.51533517964545,125.91788158997386,124.35948935036878,125.01747131347656,802000
2017-01-19,125.00885905090963,125.98718595526222,123.95261581186611,124.45476531982422,1174600
2017-01-20,125.06945456913418,125.10407964355333,123.32059107167902,123.38985443115234,1350300
2017-01-23,123.37252044677733,123.64957385134082,122.12580654750855,123.37252044677734,998400
2017-01-24,123.71885863551505,126.54993780697524,123.57167892711507,125.95255279541016,781100
2017-01-25,126.4373299285342,129.76190426090574,126.22088694075481,129.45022583007812,1634200
2017-01-26,129.06066729532878,129.84850995175327,128.16025681565037,129.08663940429688,1117200
2017-01-27,129.45887585357752,129.98699726019018,128.97404568566387,129.23377990722656,717200
2017-01-30,128.91350074795326,128.91350074795326,126.27290558511216,127.55424499511719,983000
2017-01-31,127.14730318052793,127.71871599121644,125.3811337418776,127.38106536865234,1345900
2017-02-01,127.39835405756149,128.22084808767008,125.6148657176839,125.92654418945312,1423200
2017-02-02,128.98275044978206,132.35060408727603,128.16892239367294,129.64939880371094,2040300
2017-02-03,130.46323547950465,130.8614833562724,129.1299386835562,130.04766845703125,1073000
2017-02-06,129.53683686336237,129.96107001201625,128.1775813313925,128.69703674316406,945000
2017-02-07,130.2381145014495,130.2381145014495,127.77932445793017,128.1083221435547,1342300
2017-02-08,127.74306945277263,128.38661614418444,126.42990086429457,128.23007202148438,1372400
2017-02-09,128.52571484871186,130.03022062592953,128.16046302280282,129.89976501464844,1002700
2017-02-10,130.23896620871992,130.73467378992083,129.62152125333714,130.66510009765625,1059000
2017-02-13,131.32601608394722,133.16968555524852,131.31732434953736,132.58702087402344,1625200
2017-02-14,132.14347839026732,132.90877558375706,131.27382731396438,132.73484802246094,836200
2017-02-15,133.61321631014417,136.04824244207467,133.11752200243868,135.22207641601562,1762900
2017-02-16,135.20463428046568,135.44813548492036,133.4305389110726,134.28280639648438,823200
2017-02-17,133.66537634435323,134.25674601446516,132.6478861122165,133.8306121826172,1079000
2017-02-21,134.03063674440102,135.63080501414785,133.92628284826554,135.33511352539062,921200
2017-02-22,136.09170769068777,136.3960776188812,135.22205657615297,135.5438232421875,1057900
2017-02-23,136.0829882779041,136.0829882779041,132.96094429205476,133.6653594970703,702200
2017-02-24,132.63045744491032,134.89155515187653,131.98692425479192,134.83067321777344,647700
2017-02-27,134.65680417112353,135.9004124310229,134.1002278696525,135.787353515625,690600
2017-02-28,135.49162431324615,136.20473121114608,134.5350029345527,134.65675354003906,1090300
2017-03-01,136.4830144935379,138.31797842500276,134.8219780882676,137.78749084472656,1410000
2017-03-02,137.67448570641602,138.30932739618123,136.38740558653151,136.61351013183594,1159300
2017-03-03,136.54391713392556,136.82221186094355,135.62208907286868,136.58740234375,766000
2017-03-06,135.6133818489712,137.48312622945141,135.55249990820636,137.34397888183594,964900
2017-03-07,137.40485144020622,137.77879498283974,136.3960531436098,136.96133422851562,1044400
2017-03-08,137.11789112279533,138.5876036454637,137.02222896836653,137.10049438476562,1164600
2017-03-09,136.84827274549255,137.54399615296296,135.01330872732672,135.91773986816406,879600
2017-03-10,137.18745065529765,138.05710168956261,135.80470869557357,136.81350708007812,1392300
2017-03-13,137.30048349084677,138.33537014848045,136.58736340851056,137.4744110107422,1055600
2017-03-14,136.8048093377576,137.1961496699823,135.78731916604445,136.57870483398438,742400
2017-03-15,137.31783435622341,139.21367970154262,137.16130360642197,138.7788543701172,822100
2017-03-16,139.2137566033875,139.34419896694524,137.15268764023517,137.6136016845703,1182400
2017-03-17,137.70927283045677,138.7180581374089,137.30053570486334,138.36151123046875,1806900
2017-03-20,138.43106261257103,138.60500345707916,137.24834979678528,137.6136016845703,833700
2017-03-21,138.44844222348783,138.87457600809822,136.0829903449004,136.4482421875,1262400
2017-03-22,136.64831310960372,137.2048894111946,135.75257333157188,137.01356506347656,1018700
2017-03-23,137.08309481845862,138.02231951442081,136.27431246784332,137.4048614501953,872400
2017-03-24,137.4309696102605,137.88319192195962,135.70906405586067,136.26564025878906,1111100
2017-03-27,134.67414189080827,135.94383807168083,132.72611905448136,135.3611602783203,976300
2017-03-28,135.29163432915024,138.300619844892,134.87419222733857,137.77882385253906,958700
2017-03-29,137.88319171493822,139.02243259189183,137.34399898147532,138.24844360351562,920700
2017-03-30,138.03970683747778,139.71814025682593,137.90057275516077,139.18765258789062,582700
2017-03-31,138.57890746799177,140.2138425051394,138.29192101390723,139.42247009277344,739600
2017-04-03,139.29204103567372,140.274751208032,137.5440467762722,138.80503845214844,1007700
2017-04-04,138.7006574714812,139.95294389759252,138.13537629966024,139.36158752441406,711800
2017-04-05,139.996463826509,141.87491383628182,138.79635404512015,138.97897338867188,856200
2017-04-06,139.25722010721785,140.37037233547116,138.82239460337448,139.34417724609375,756700
2017-04-07,139.3876880999644,140.55301747994642,139.30942267962766,140.03123474121094,911100
2017-04-10,140.21383124288155,141.4400423746175,139.38766542193108,139.44854736328125,1082500
2017-04-11,139.03980273657555,139.87466024512202,138.0570928841911,139.84857177734375,944900
2017-04-12,140.13563163244118,140.50958864960774,134.97860499508263,135.16122436523438,2024400
2017-04-13,134.43067682585053,135.73515355537702,133.46536351520797,133.56971740722656,1309900
2017-04-17,134.44806835694723,135.56122072810876,133.62188917772164,135.4220733642578,1058100
2017-04-18,134.40462318414953,136.09174898139858,134.26547577884867,135.45689392089844,1155600
2017-04-19,136.1525888825599,136.2743395189923,134.07412305857707,134.639404296875,915300
2017-04-20,135.69162499463891,137.1787338299379,134.9785181772874,136.5960693359375,1011100
2017-04-21,136.8221979111359,137.1961414838898,135.66556045081128,135.93515014648438,1053900
2017-04-24,138.27455873161185,139.85733049038322,138.1614998146065,139.67469787597656,1319200
2017-04-25,140.6747478913975,144.01421798046286,140.5095253399332,143.68374633789062,2121800
2017-04-26,143.39680575556122,144.31863403243474,142.23147617045038,143.09242248535156,1784900
2017-04-27,143.93597194129262,144.8839018778675,138.66588755057612,140.86610412597656,2452200
2017-04-28,141.03132259055246,141.7531346230363,139.3355055358366,139.83990478515625,2074900
2017-05-01,140.26604633418313,140.26604633418313,137.3788110420807,138.2136688232422,1632100
2017-05-02,138.3180302637669,139.01375389910774,137.60490988834076,138.61370849609375,1486900
2017-05-03,137.83102789308018,138.97896061364992,137.67448377174244,138.83981323242188,993900
2017-05-04,139.1702536176316,139.38766637567574,137.33528940894615,138.96153259277344,1149900
2017-05-05,139.1702524950205,139.57898953843215,137.22222942152283,138.4484405517578,1542200
2017-05-08,138.69301390262163,139.31302933020484,138.18651473181,139.1034393310547,746800
2017-05-09,139.2430872402521,139.60985953751455,138.51827056052124,139.0684356689453,509400
2017-05-10,139.16453515335186,139.5400354709677,138.33492996263354,138.9986114501953,874100
2017-05-11,138.46598023829665,139.2606608073844,137.36566252153182,138.8764190673828,638400
2017-05-12,138.30000394872943,138.63185138456862,136.40500638235454,136.8241729736328,826900
2017-05-15,137.35687309411315,137.68872053954263,135.83738915991736,136.6931915283203,1181100
2017-05-16,137.0599441306025,137.17347367709152,135.47059710507693,136.64077758789062,713000
2017-05-17,136.6408120111003,136.6408120111003,133.43590675148695,133.53196716308594,1213800
2017-05-18,133.37470471127483,133.83753737455967,132.01240379103567,132.99046325683594,1816900
2017-05-19,134.02099252424802,138.2214267570913,133.6716892168649,137.2870330810547,1598400
2017-05-22,137.9856237397701,138.61438028040664,136.94644185669839,137.9419708251953,1070800
2017-05-23,138.12532662714494,138.63182560473993,137.01626829128932,138.02053833007812,983800
2017-05-24,138.2476111187246,139.95922914757656,137.84591368470095,139.3042755126953,1023100
2017-05-25,139.6011443723285,140.1513095309985,138.2912374803043,138.8850555419922,847400
2017-05-26,138.88508868330976,139.38285981708884,138.45719419118228,139.07720947265625,504700
2017-05-30,138.30871583441123,139.40903289986298,138.03800385739981,139.13832092285156,637000
2017-05-31,139.16455125871323,139.22567333664927,136.98137243834253,137.51406860351562,1408000
2017-06-01,138.18644773576605,139.679734114892,137.45288975692088,139.19070434570312,993800
2017-06-02,138.95500149563705,140.80634673196408,138.7541527170744,139.93307495117188,739900
2017-06-05,139.81948852719748,139.81948852719748,137.10361385977515,137.17347717285156,1191900
2017-06-06,136.33513246713497,136.90276689616846,135.07761946596716,136.0469512939453,945300
2017-06-07,136.44868644786007,136.44868644786007,132.82461466583172,133.3311004638672,1609700
2017-06-08,133.33103722694636,135.65394176133188,132.74594713596548,134.94659423828125,1784300
2017-06-09,135.46187013215936,138.12535085872707,135.46187013215936,137.1385498046875,926000
2017-06-12,137.18219425204921,138.081662683616,136.50978490130814,137.21713256835938,848100
2017-06-13,137.12982905730055,138.47467469287068,136.85911701152205,138.369873046875,717400
2017-06-14,138.5619602409058,138.5619602409058,136.56217475954958,137.18218994140625,847800
2017-06-15,135.97710013517047,139.2867929895746,135.54046442046962,139.16453552246094,1157100
2017-06-16,139.59244589548973,142.02013944801436,138.937492311354,142.00267028808594,1812300
2017-06-19,142.8672022306949,144.23823135993837,142.2384457749069,143.52215576171875,774900
2017-06-20,142.62269651132522,143.4086354692235,142.1598503938216,142.8060760498047,1120200
2017-06-21,142.17727836595316,142.2908078831188,137.8895136837239,138.07290649414062,1584100
2017-06-22,138.3087422865012,138.53578807595224,137.10362337119207,137.4529266357422,1240800
2017-06-23,137.22584878208696,139.54875359126478,137.0337280339557,139.40029907226562,3954700
2017-06-26,139.40908079603807,139.85444452493343,136.56222011365446,137.16477966308594,1164900
2017-06-27,137.24328600406858,137.6275274109232,136.3176207921329,136.4224090576172,883300
2017-06-28,137.48782277880056,138.3174277714004,136.86779435061084,137.98558044433594,1052300
2017-06-29,138.4397619976989,138.4397619976989,135.8461439740248,137.14732360839844,1462700
2017-06-30,137.82840849061031,141.81925133345032,137.75854518881295,139.56622314453125,1474400
2017-07-03,140.22119727058984,141.50489398945683,139.35665377414705,140.788818359375,484800
2017-07-05,140.64911555791056,141.74070500974466,140.1513576969088,140.71897888183594,896600
2017-07-06,139.72343551953333,140.85869109814257,138.96369360291672,139.24313354492188,790800
2017-07-07,139.47017193347315,140.88486724389486,139.17324955006077,140.5093536376953,973800
2017-07-10,140.02911089693,143.2951382580057,139.17329510733686,142.64892578125,799100
2017-07-11,142.91083073040892,142.93702780117036,140.96343962846086,142.447998046875,1225300
2017-07-12,143.44355223158223,144.5788076917806,142.9195973980733,143.04185485839844,850000
2017-07-13,142.98074132815705,144.1945882002253,142.7449676133058,143.9500732421875,934800
2017-07-14,144.28190802455296,144.49149796665586,143.39990866936625,144.14218139648438,676500
2017-07-17,144.0549052885157,145.69664702111544,143.8016490338403,144.93690490722656,1146700
2017-07-18,144.6836059021877,145.0067253962975,143.55709160668948,144.31683349609375,550700
2017-07-19,145.01540657909752,145.70529825696764,143.61818071927544,145.62669372558594,556000
2017-07-20,145.62673758128278,145.94111582630376,144.71854116514683,144.92813110351562,656400
2017-07-21,144.01992725203982,144.16838180088965,141.95900607819033,143.68807983398438,1057400
2017-07-24,143.69682513345086,144.0024621573357,141.84548052920928,143.56582641601562,763800
2017-07-25,144.98054073965034,146.27297885161934,143.00693858650575,144.9456024169922,1079700
2017-07-26,144.67486119421628,144.8058598901595,142.5790153097565,143.79286193847656,788400
2017-07-27,144.1247099479669,144.96305637800057,142.93706027837348,143.27764892578125,1060300
2017-07-28,143.1029617046663,144.51767025230953,142.55280985425287,143.87144470214844,745800
2017-07-31,144.71855661997756,145.3997073360873,144.01120882440713,144.9456024169922,690700
2017-08-01,145.06781930053222,145.78390813891053,142.2820818135324,143.67059326171875,1159200
2017-08-02,143.20781881161352,144.36053042943647,142.22974552899103,143.47853088378906,1435800
2017-08-03,141.38266219267783,145.58310964752638,140.36967729609455,144.3692626953125,1353300
2017-08-04,145.07658194307527,145.07658194307527,142.90213136009635,143.40863037109375,918900
2017-08-07,143.03313693636633,143.1816048213834,141.2254718121938,141.81056213378906,1313800
2017-08-08,141.5398660351829,142.613986398787,140.63165608663462,141.15562438964844,933700
2017-08-09,140.55306136930528,141.17309006839798,140.02036516024833,140.61419677734375,811200
2017-08-10,139.8544443420746,139.95050475309125,135.86359997543997,136.02078247070312,1662500
2017-08-11,135.88974750162774,137.93319914524616,135.391976464687,137.12106323242188,1013800
2017-08-14,137.9769031714776,139.12962799906856,137.8983119309781,138.20394897460938,843400
2017-08-15,138.41354959034024,138.84145747442608,137.74986796661582,138.14283752441406,936500
2017-08-16,138.4833990075986,139.22567180331012,138.36986944616854,138.66677856445312,627400
2017-08-17,138.2912490406681,139.0073246058023,135.85482788085938,135.85482788085938,1057000
2017-08-18,135.1736741311889,136.7193682400721,134.17814526827823,135.48805236816406,867100
2017-08-21,135.70637021814503,135.74130853617788,134.911703371263,135.48805236816406,682600
2017-08-22,136.27399157010026,139.12085126414198,136.0644016571711,138.9636688232422,795300
2017-08-23,138.26507413345826,139.10340728680146,137.5926513671875,137.5926513671875,1478900
2017-08-24,138.00479830594597,138.3468062412439,137.2418606151542,137.30325317382812,587100
2017-08-25,137.99603495744242,138.39943545516266,137.54879792439422,137.94342041015625,621100
2017-08-28,138.32052532512756,139.0220839720446,137.92590276783616,138.91685485839844,656600
2017-08-29,138.11886084127877,139.94290835526638,138.03993898940996,139.6096649169922,772200
2017-08-30,139.5307185151584,141.01275769583356,139.42548939784803,140.714599609375,821200
2017-08-31,141.23200448444118,141.8458633497618,140.46028855025543,141.09169006347656,864200
2017-09-01,141.74060703925988,143.60849055825935,141.5652073561353,142.79293823242188,1099900
2017-09-05,142.56490328522668,142.93321844569934,140.004213040031,140.10067749023438,1043700
2017-09-06,141.10920434283187,141.78444226837513,140.1007096986557,140.37257385253906,976700
2017-09-07,140.60933706154384,140.60933706154384,137.70665168659593,139.31146240234375,993600
2017-09-08,138.93439052292175,141.8546189911802,138.93439052292175,141.4775390625,686700
2017-09-11,142.1001415076483,144.7748260498047,141.80198346193038,144.7748260498047,886000
2017-09-12,144.97649714692653,146.0375926886834,144.7309403322934,146.02005004882812,1084600
2017-09-13,145.72190685406792,147.9405759912173,144.78358293391832,147.28286743164062,849900
2017-09-14,146.88830697136387,147.52847315951038,146.42352713024263,147.25662231445312,756400
2017-09-15,147.19518641579376,149.66816373285138,146.79178593001456,148.8087615966797,1142300
2017-09-18,149.51034009575352,152.42179019150413,149.16833212165082,152.26394653320312,1726100
2017-09-19,152.72872169672578,154.88599858245595,152.14993487133796,154.4212188720703,2046500
2017-09-20,154.66680638518955,155.74545851616944,153.93894033054804,154.59664916992188,969400
2017-09-21,154.11428768535788,155.0789189599486,153.6845799057947,154.26336669921875,683800
2017-09-22,153.97401003731153,155.754207378464,153.97401003731153,155.31573486328125,741600
2017-09-25,155.09650154180034,155.65774583661434,153.61446227144725,155.11404418945312,717800
2017-09-26,155.27189082419025,155.3858979644196,150.39607841142296,152.5621337890625,1858000
2017-09-27,153.50042827665985,154.55277285379546,152.76379777755864,153.92137145996094,922200
2017-09-28,153.27246362045526,154.4124949275194,152.6498400924238,154.1844940185547,691500
2017-09-29,154.18448412677125,154.4826422303936,153.24614650634157,153.48292541503906,659800
2017-10-02,150.83452616246487,154.4826202392578,149.65942318173714,154.4826202392578,1155500
2017-10-03,154.34227269571605,155.64014715121792,154.19319369714145,155.3507537841797,590000
2017-10-04,155.42974334036396,156.2102238888791,155.16665715276034,155.68405151367188,603400
2017-10-05,155.7453759419248,156.4381563310687,155.25427569542626,155.44720458984375,790400
2017-10-06,155.4209098489918,156.08739640383635,155.07013731147387,155.37705993652344,951000
2017-10-09,155.75417996941232,156.0961879358248,155.04385676079542,155.50863647460938,435000
2017-10-10,156.1224792512606,156.53464437135509,154.7105976099214,155.65769958496094,609300
2017-10-11,155.67527049709275,155.92957864363706,155.1403335450064,155.71034240722656,533600
2017-10-12,155.5963001816174,158.01667624949627,155.5963001816174,157.9202117919922,793300
2017-10-13,158.8848827030103,159.5513694418665,157.8851659758443,158.20086669921875,679400
2017-10-16,158.63054805694475,159.17424956373856,158.06053927602323,159.08656311035156,500800
2017-10-17,158.63931651860418,159.5776539222035,158.42885832050067,159.1304168701172,606800
2017-10-18,159.74430440917337,159.96354065917023,158.97258852722646,159.3058319091797,471600
2017-10-19,158.73586293307864,159.63035088014277,157.9729248088575,159.61280822753906,521800
2017-10-20,160.2617024160659,161.84897076139646,159.77061534581105,161.79635620117188,450700
2017-10-23,161.8664945389796,162.02433820125276,160.25291910163878,160.36691284179688,588100
2017-10-24,161.6560337487817,162.69083577918363,161.17371133550617,161.7612762451172,738200
2017-10-25,161.04212231396224,161.524444569618,159.13038931296282,161.0771942138672,967500
2017-10-26,162.23483344655864,162.646998688507,161.52451010055552,162.08575439453125,567600
2017-10-27,161.82261800332853,162.03308956619588,160.7176724057844,161.2526092529297,574300
2017-10-30,160.7878105030625,160.95441875012966,159.23561469135697,159.5513153076172,572800
2017-10-31,160.0775386998327,161.29649174723647,159.51629442004506,160.13893127441406,874500
2017-11-01,161.93665623362486,161.93665623362486,159.37597860820608,159.59521484375,842000
2017-11-02,161.44561405517754,166.47050622300253,161.44561405517754,164.09397888183594,1698200
2017-11-03,165.01470915963858,165.01470915963858,162.19094570054057,162.5680389404297,840800
2017-11-06,162.7258652379745,162.74340787964022,161.3665982028521,161.9015350341797,917700
2017-11-07,162.19972035491855,163.23450882315566,161.78755521760618,162.64695739746094,525800
2017-11-08,161.92787487922044,162.44528255407798,160.99831540067277,162.1208038330078,425300
2017-11-09,161.3287372991116,161.5575685016231,158.9789067447295,160.4750518798828,649000
2017-11-10,160.1758033933076,160.7830654559207,159.72696394353494,160.3782196044922,409500
2017-11-13,159.65654824351284,159.96457056343934,158.37161561773243,159.5597381591797,545500
2017-11-14,159.2869040492536,159.2869040492536,157.8699638594264,158.12518310546875,678900
2017-11-15,157.45637516286524,158.41566681113545,156.42667494008035,158.17803955078125,982000
2017-11-16,158.5652151558044,160.80064283808397,158.1691788365357,160.43980407714844,849300
2017-11-17,159.53336582273985,160.63347451462627,158.90849817696144,160.4750518798828,641200
2017-11-20,161.09107660097067,161.54872548187336,160.50142007608565,160.96786499023438,529600
2017-11-21,161.25834826822825,162.60488039590834,161.24075619595078,162.1912384033203,518100
2017-11-22,162.49041433230988,163.30009249784845,162.18237861073155,162.47280883789062,540700
2017-11-24,162.71045137615815,162.90407154588175,160.93267228554086,161.30230712890625,211800
2017-11-27,161.2847786901284,161.962449607933,160.91514367016185,161.76882934570312,435400
2017-11-28,162.3056452907762,163.58176877353705,161.56637542299143,163.45855712890625,541400
2017-11-29,163.50250942023166,164.17137049155124,161.79513903840646,162.21759033203125,672700
2017-11-30,163.11529723778423,165.5795431592179,162.67525380285178,165.0074920654297,779000
2017-12-01,165.0075254839967,165.83479602880442,161.62798101317918,164.6202850341797,718800
2017-12-04,166.43324179860159,167.2165186382182,163.37054300683866,163.5641632080078,757200
2017-12-05,163.16810803898963,163.282523634797,161.41674367950466,162.2088165283203,717200
2017-12-06,164.0569655545737,164.65541806675873,161.37269842419713,163.98655700683594,960100
2017-12-07,163.64335619202927,168.4310309554793,163.59055312801564,168.38702392578125,1102700
2017-12-08,169.33752979519406,169.8655738969142,168.31662573118328,169.83917236328125,1082800
2017-12-11,170.01515765479775,170.2879958369112,168.29019508687577,168.92385864257812,667100
2017-12-12,168.84464329827924,169.75113154928408,168.66861521030893,168.8534393310547,705000
2017-12-13,168.58063203737012,171.8809575924124,168.53662501082442,171.36170959472656,959000
2017-12-14,171.16809631651495,172.34740947271672,168.64223792487735,168.712646484375,753700
2017-12-15,169.90072465842883,171.90732107748724,168.81822187608165,170.9656219482422,1057900
2017-12-18,171.50250580463089,174.7236266289446,171.50250580463089,174.37159729003906,1279800
2017-12-19,175.9821808273349,176.0085823597692,173.38591375277187,174.31881713867188,949600
2017-12-20,175.3660628637881,175.69170405942475,174.56519421006286,175.19004821777344,744800
2017-12-21,175.53332692496468,176.05257496531618,173.7027445885318,175.7445526123047,788600
2017-12-22,176.2286059301232,176.2286059301232,174.5916437567346,175.35731506347656,614300
2017-12-26,175.25170657266435,175.4717282950007,174.63563500687434,175.08448791503906,445200
2017-12-27,175.2077186447634,175.32213425015195,174.32763165946463,175.05810546875,357000
2017-12-28,175.68298432191526,175.68298432191526,174.1780428864807,175.32215881347656,565000
2017-12-29,176.39580136273162,176.73904812703014,175.198896135486,175.64773559570312,655300
2018-01-02,176.105378598175,176.5542180433016,174.60042422253537,175.91175842285156,855400
2018-01-03,175.73575277366945,177.4255315068163,174.87327133731597,177.3463134765625,650600
2018-01-04,177.2759340383631,179.5817713192046,176.95030611613691,178.15602111816406,823000
2018-01-05,178.6663960939889,180.2681603335908,178.40238082729172,179.37046813964844,721600
2018-01-08,179.3705146384306,181.6587460227452,179.24730300567893,180.90187072753906,974700
2018-01-09,181.2627216640236,183.0052901373072,180.94588981169366,182.4596405029297,728500
2018-01-10,182.21317821962117,182.4860164275807,181.08666810922628,181.83474731445312,993700
2018-01-11,182.0723905081882,183.41011298853223,181.95797490864868,183.36611938476562,1043100
2018-01-12,183.902972514166,185.12629282109563,183.37491497962418,184.85345458984375,862600
2018-01-16,185.83032800067258,187.2824793214957,183.5245048130773,184.73902893066406,1237800
2018-01-17,186.00640469268137,186.47284975812528,184.73907718314976,185.52235412597656,821200
2018-01-18,186.1472035629595,186.7720712653367,184.91508708806944,185.29351806640625,859700
2018-01-19,185.52231144893133,186.5608074903664,184.81823928014742,185.64552307128906,902500
2018-01-22,184.79187312665792,185.31112124678378,182.56525403480487,185.02069091796875,835700
2018-01-23,185.2054889126179,185.40790513896513,183.5245197149277,184.2285919189453,940500
2018-01-24,185.01186392014924,186.09436701616485,182.76763970328952,183.78854370117188,842400
2018-01-25,184.9590694388852,184.9590694388852,181.13068598370933,182.6268310546875,960600
2018-01-26,182.87322578492527,184.5630042171169,181.95794144412508,184.5189971923828,1162700
2018-01-29,184.02618075361872,185.06467687558327,181.5091316196485,181.7115478515625,578500
2018-01-30,180.44420903484507,180.8842524677797,178.39360502588258,180.10977172851562,992600
2018-01-31,180.88424729621883,182.37159620566345,176.58062318232317,177.26708984375,1544700
2018-02-01,172.31219547457647,174.4332079693925,169.41671569690635,170.27040100097656,3058500
2018-02-02,169.96236624171226,170.24400047645784,164.69945069870428,167.77975463867188,2002500
2018-02-05,165.5971028323485,167.98213006941867,159.06686167650125,160.17576599121094,1771600
2018-02-06,158.6884543666992,165.50912730771165,156.45303972449543,164.50582885742188,2991500
2018-02-07,163.9249426342169,165.7467285350133,161.20547797531466,161.3286895751953,1506600
2018-02-08,161.20503590593987,161.20503590593987,154.13007293982952,154.13890075683594,1520800
2018-02-09,156.39125790350528,157.73382756049514,148.77750043096884,156.24110412597656,2086400
2018-02-12,157.81332346749707,161.41705467760983,157.08021019282748,159.85366821289062,1529100
2018-02-13,158.83792114257812,159.72118822551906,157.89281889459,158.83792114257812,1077300
2018-02-14,158.20195034084867,162.6889482453168,157.76031684801816,162.42396545410156,1152300
2018-02-15,163.63400936734732,165.01191695420835,161.7084941319662,163.0775604248047,920100
2018-02-16,162.83029523223885,164.55266338125833,161.77036393045486,161.8321990966797,869200
2018-02-20,160.75459933475005,162.2649918850108,159.3678636294896,160.41012573242188,893100
2018-02-21,160.50727727835934,163.15707822817475,160.10096853591708,160.1363067626953,687900
2018-02-22,161.16976575419295,163.5987505344799,160.64864134504336,162.45050048828125,848200
2018-02-23,163.27193829725178,163.74889662878158,160.06567422543245,162.141357421875,722700
2018-02-26,163.06876760179057,164.4643312363531,162.01767759694,163.8902130126953,860400
2018-02-27,163.79302529341547,164.38481253234886,160.63092799647603,160.6574249267578,721100
2018-02-28,161.45231714460417,162.5917387560922,157.60127372237898,157.63661193847656,983400
2018-03-01,157.66317402773416,160.15399366648927,155.14585745474432,156.60325622558594,1830500
2018-03-02,155.72881903239838,156.18812169454736,152.96418871809055,155.0575408935547,1354100
2018-03-05,154.1212914387387,157.2922173051931,152.6285677834898,156.44427490234375,1026500
2018-03-06,157.2215108775503,159.52683806491433,156.77987742002907,157.08018493652344,1174000
2018-03-07,155.3313689780037,156.77992663428174,154.59825559107935,155.79949951171875,1223000
2018-03-08,157.97227483769197,160.10977890705206,156.93001299039457,160.0126190185547,1417900
2018-03-09,161.45239772003086,165.9305686758768,160.82528558592372,164.79998779296875,1315800
2018-03-12,165.3829024102812,165.3829024102812,160.24228248350207,161.0725555419922,1039700
2018-03-13,161.46128548595183,162.94516826773616,160.14521219114297,160.63101196289062,823300
2018-03-14,161.64674227977528,161.91172516293048,158.1401700518338,158.5111541748047,861600
2018-03-15,158.84677261327835,160.37483459815195,158.02534057307588,159.0587615966797,677600
2018-03-16,159.10289851274234,162.35331479737727,158.86441263479375,161.38172912597656,1181300
2018-03-19,161.21390977387608,161.47889259102402,158.83791919350654,160.66627502441406,781000
2018-03-20,161.34638248698857,163.2012485919823,159.2088779482118,159.33253479003906,1312700
2018-03-21,159.42971432356592,162.36216761582267,159.08524068767665,160.53379821777344,972900
2018-03-22,159.11178059465735,159.52691732920334,155.25190657088947,155.34022521972656,1144600
2018-03-23,155.7287746430514,156.2940648824159,149.2720961891527,149.4840850830078,1433400
2018-03-26,152.76987096211613,154.244925280302,150.11122858445964,154.236083984375,1071500
2018-03-27,154.27144002300938,155.1370380359141,149.96109211962087,150.473388671875,1430800
2018-03-28,150.65002384205928,151.12699559001823,147.9472288622433,148.52134704589844,1083900
2018-03-29,148.9983435689445,153.15852446214404,148.91885275692894,151.065185546875,1291000
2018-04-02,150.17303798728415,150.95914496759073,144.68794475879326,147.1345977783203,1162100
2018-04-03,147.3024421736847,149.13963916109697,146.69298578391997,149.0601348876953,955900
2018-04-04,146.06587484023862,151.25948965932508,145.456418389723,150.9945068359375,1433500
2018-04-05,151.85127277255967,153.66197295818404,150.92383965528023,152.08091735839844,810900
2018-04-06,150.40265452334742,151.39190892718685,146.08348084415374,147.89418029785156,1392100
2018-04-09,148.6273454841992,150.64119321504856,147.5055925931502,147.708740234375,960900
2018-04-10,150.314377682293,152.89352928708854,150.15539608509096,152.28407287597656,1540500
2018-04-11,150.60587335022225,151.71879855868653,149.97876123592945,150.473388671875,759100
2018-04-12,151.64814207763703,153.15852138594727,151.30366842156738,152.4165802001953,731700
2018-04-13,153.52067907050642,153.58251424745214,151.32135223643687,152.34593200683594,886500
2018-04-16,153.58246054938462,154.28906332258111,152.44303864407493,154.1477508544922,961800
2018-04-17,155.2960433457902,156.32946433765701,154.62475165776246,155.32254028320312,879800
2018-04-18,156.32943453867915,158.42277306080075,156.05561044162826,157.62783813476562,1156700
2018-04-19,157.5129845175574,157.7514703491681,154.3862122111423,155.61395263671875,928200
2018-04-20,156.24113310787166,158.52879190132265,155.1017243599358,155.79949951171875,1575200
2018-04-23,155.7906194853119,156.74454935064483,151.67459251385225,151.88658142089844,1138200
2018-04-24,152.743412141117,154.5276159124882,142.09121035118926,144.28172302246094,2573900
2018-04-25,144.2551954739184,149.17498642513752,143.11577331824026,148.6273651123047,1824600
2018-04-26,146.02169590393473,147.06394441614222,136.19975843943297,143.57504272460938,4111800
2018-04-27,142.6299393386016,146.71064169867026,142.60344240904652,145.19142150878906,2795800
2018-04-30,145.6771919087425,146.54280310663205,144.4317959204981,145.40338134765625,2173700
2018-05-01,144.75860480740482,148.78629952316243,144.0343329922434,148.36233520507812,1663500
2018-05-02,148.18572286617626,149.88159405483546,147.97373391349907,148.22988891601562,1682700
2018-05-03,147.67340393120725,149.1837828723952,145.288585855195,148.7156524658203,1294500
2018-05-04,147.70875217213825,151.6216324020353,147.08164008362672,150.9945068359375,1113100
2018-05-07,150.15541933124246,150.8620357647893,147.85891929161198,150.6058807373047,910200
2018-05-08,150.41156343599877,151.51564742042342,150.30557568632207,151.13584899902344,749600
2018-05-09,152.04964468744942,155.02178206132322,151.5173147058262,154.85321044921875,1150200
2018-05-10,155.04840303181538,155.3323159760714,154.01925245317307,154.59593200683594,1354300
2018-05-11,154.68470328983557,157.13339222832644,154.32981200603516,155.3678436279297,734600
2018-05-14,155.9444521701332,156.68083595404318,154.7999470159955,156.52999877929688,939100
2018-05-15,155.86462713290345,157.05349562435256,155.18148701726216,156.73410034179688,835000
2018-05-16,156.5567109846203,157.90525723679792,156.16633734509378,156.9204559326172,985600
2018-05-17,157.07122523732585,159.37797037848551,157.07122523732585,158.2068634033203,890000
2018-05-18,157.86086568625407,159.46672305722535,157.67455964314783,158.89002990722656,906700
2018-05-21,159.85702429850755,163.16631767797887,159.79492681954812,161.85324096679688,927000
2018-05-22,161.64924706723946,162.5985658444814,157.83425108839245,158.1181640625,1003500
2018-05-23,157.46159533468546,157.81648648441552,154.98629217724138,157.78099060058594,1178200
2018-05-24,157.12449441372087,158.68597514509864,155.60736323867505,157.4616241455078,792800
2018-05-25,156.76071900433539,157.6922897275,155.96222401117393,157.15109252929688,645200
2018-05-29,155.3323034402535,155.74041134254304,151.97865989873634,153.2473602294922,756400
2018-05-30,154.13457024404966,156.2106462855524,154.13457024404966,155.4387664794922,630700
2018-05-31,154.9773762828774,155.6871448836229,150.87848258169458,151.6237335205078,1000300
2018-06-01,152.8481840947627,154.94199539213147,152.75059067904013,153.2296905517578,893600
2018-06-04,154.1079529309579,154.7822393514862,152.60856996452617,152.8037567138672,652800
2018-06-05,152.72393155489922,154.0636102962026,152.64408611167318,153.54904174804688,819300
2018-06-06,154.21443173634046,154.5338134765625,152.9279698844491,154.5338134765625,779400
2018-06-07,154.90644611462784,155.90011425440096,154.19667735577002,155.6871795654297,498000
2018-06-08,155.68719900040688,156.11306843151218,154.5072111682678,155.00405883789062,485800
2018-06-11,155.04843344138988,156.44135621412494,154.69355572918218,154.81776428222656,1321500
2018-06-12,155.3056798146716,155.68717255196557,153.37156037235593,154.52493286132812,855100
2018-06-13,154.33864713367856,154.5693162466848,152.59971420130202,152.7239227294922,1233500
2018-06-14,153.54016566377717,154.7556359065773,151.73913507746286,152.51988220214844,768200
2018-06-15,151.9609970089195,152.0674576451524,149.12193389503557,151.6416015625,1171500
2018-06-18,150.04451914869296,151.21563947717874,149.0774662802293,150.426025390625,1215200
2018-06-19,148.4742288988488,148.58955670576736,144.65923269874392,145.15606689453125,1192900
2018-06-20,145.59082005461815,146.42478409890794,143.8518866349297,145.91908264160156,1020100
2018-06-21,144.3132085670814,144.3132085670814,139.6997312078978,140.62242126464844,1758800
2018-06-22,141.9709504443298,142.3879390597007,138.8568434002743,139.62872314453125,2775600
2018-06-25,139.18516448911262,139.2916250934204,136.18639778242058,138.1914825439453,1607500
2018-06-26,138.51083953291072,139.8505316087567,138.20032501044022,138.25355529785156,1060800
2018-06-27,139.6287930552348,140.2054728140578,136.55904755751405,136.59454345703125,1360700
2018-06-28,136.63884674660102,138.22695603800048,135.27255290775958,137.36636352539062,1202600
2018-06-29,138.35999863280304,140.60463239038296,138.15594471058068,138.2712860107422,797300
2018-07-02,137.41075428558636,138.84802665111948,136.50579850023868,138.48426818847656,778800
2018-07-03,138.85686660948636,140.8530838533487,138.70604293114252,139.12303161621094,762900
2018-07-05,139.9480936752973,140.22312579054008,138.52855648588368,139.36253356933594,852300
2018-07-06,139.16744036941782,139.91269180260065,137.8454956428262,139.1319580078125,757500
2018-07-09,139.91266102794106,142.22827382277634,139.91266102794106,141.7669219970703,950900
2018-07-10,142.04198470592667,142.60091645563924,140.74665526547938,141.97987365722656,1053900
2018-07-11,140.57801827609316,141.05711788202166,139.44239381881943,140.14329528808594,986100
2018-07-12,140.44492517731058,141.23453917148188,139.05200314997722,140.71109008789062,767800
2018-07-13,140.33850451196713,143.94944627249907,140.33850451196713,143.29290771484375,1495600
2018-07-16,141.85561487778358,142.23712116456605,139.34481588233677,139.91262817382812,1229900
2018-07-17,139.22060113368687,141.13697260831609,139.07864468274124,140.8441925048828,1453600
2018-07-18,141.1370046478557,144.52613107284716,140.4094878248898,143.81637573242188,1604600
2018-07-19,142.88474530976072,146.67312445524942,142.81376709778957,146.46018981933594,1298000
2018-07-20,145.44880319318096,146.2029214635819,144.65918904081266,145.0318145751953,998500
2018-07-23,144.2156278379669,145.43109816863947,140.94182895257663,141.7491912841797,1535400
2018-07-24,143.15986607395726,145.04962321703422,141.94439559331352,143.48812866210938,1283800
2018-07-25,143.63006316382115,145.04960098936238,141.99760414084997,144.74794006347656,1340200
2018-07-26,145.23590181222903,147.5160321625977,144.7390676524781,146.54896545410156,948100
2018-07-27,146.85061339134714,146.97482192030807,145.27138486410934,145.8746795654297,1308100
2018-07-30,145.75046014565007,147.61360147855984,144.82777021913085,145.0673065185547,1050600
2018-07-31,145.8746767381688,150.21312150254502,145.12942557884733,149.98245239257812,1189500
2018-08-01,148.83798185055716,149.0420494002085,146.22960218165213,146.974853515625,1453600
2018-08-02,140.53369390860732,153.13205404683777,139.575521508226,152.21823120117188,2425500
2018-08-03,152.6263291820768,153.11429609147865,151.38424390152144,153.05218505859375,1308400
2018-08-06,154.82661060100546,155.94450096532063,152.59972415121345,154.6403045654297,1509900
2018-08-07,154.8265744965825,155.9267166598213,154.43621457192873,154.45394897460938,1164600
2018-08-08,154.32974872556315,154.47170518087634,152.44000587284324,153.29171752929688,726600
2018-08-09,153.09652199811705,154.14343387380572,151.6060199160393,151.70361328125,1100200
2018-08-10,150.86966648648377,150.86966648648377,148.7048776128892,149.05088806152344,871700
2018-08-13,149.0686479748984,150.08893145882408,147.49828648759785,148.412109375,1733700
2018-08-14,147.9596332226067,148.86457533742143,147.37407288639818,147.46279907226562,901400
2018-08-15,146.43364605423395,148.08385305817728,145.23591014221904,147.7112274169922,955000
2018-08-16,148.4386991091685,149.84935592244213,148.25239309715076,149.26380920410156,943200
2018-08-17,149.37030500819344,150.53254505439065,148.87347080869387,150.44383239746094,791800
2018-08-20,150.41719951783836,151.92546355850172,150.00909152435617,150.91404724121094,920900
2018-08-21,151.22454904393214,153.12317297146524,150.98499917550217,152.66183471679688,1817100
2018-08-22,152.36905566206747,152.62633993913215,151.09147440475886,151.42860412597656,632600
2018-08-23,151.3132445937302,151.3132445937302,149.65415733281068,150.00904846191406,602600
2018-08-24,150.5857626529133,152.35131089079013,149.62757668997378,152.1827392578125,1505800
2018-08-27,153.1363009016499,156.03255898205478,153.02045982505092,155.6493682861328,1229700
2018-08-28,156.41570050654195,156.8256246400976,155.4799840133965,156.07705688476562,754300
2018-08-29,156.29984941464735,156.77216100414688,155.05223646086768,156.67413330078125,699600
2018-08-30,156.8255681736388,156.93251609872226,155.53339519501122,156.03244018554688,983200
2018-08-31,155.4978158048133,157.05733880952252,154.83835546755589,156.48699951171875,841100
2018-09-04,156.1394865992298,156.54941084375784,154.95424720011232,155.72064208984375,660600
2018-09-05,155.08787522159642,157.87719781030842,155.07004829443972,157.34249877929688,763900
2018-09-06,158.42082175076314,159.51693993281603,157.62769337546263,158.4742889404297,844300
2018-09-07,158.1802415253706,158.88424901158982,157.1554172307306,158.3762969970703,656800
2018-09-10,159.37433192481927,161.31705902880847,158.55447005638862,160.69325256347656,580700
2018-09-11,159.94468551997886,161.03189699883123,159.23175795381894,160.58631896972656,616700
2018-09-12,160.71999505139095,163.71427984868905,159.89121287460466,163.39346313476562,1138000
2018-09-13,164.3648360690252,166.20061549072855,163.91033774756053,164.57870483398438,795100
2018-09-14,165.4163785483065,166.92243442024383,162.5914155545264,166.77984619140625,748600
2018-09-17,167.04718017578125,168.22351255728032,166.7530970804065,167.04718017578125,680500
2018-09-18,167.03833151396614,169.23056829823165,165.844185389336,168.33050537109375,1010400
2018-09-19,168.56213648534114,170.86132038601139,167.63534031353214,169.74737548828125,1781900
2018-09-20,171.1108581414196,172.16242928914352,169.03446303601456,169.7741241455078,900600
2018-09-21,170.24647208296713,171.3158703863767,169.40879668897725,169.8365478515625,1084800
2018-09-24,170.57614421484467,170.57614421484467,167.35015079685255,168.99879455566406,1533000
2018-09-25,169.0166912156495,169.49790958925783,167.15417798743917,167.77798461914062,924600
2018-09-26,167.11851666841667,167.7779771342038,166.1382394352147,166.4501495361328,680400
2018-09-27,167.34127061973368,167.34127061973368,165.60351915980863,166.20059204101562,766900
2018-09-28,165.69263617870766,165.69263617870766,163.26870425727472,163.9103240966797,1767400
2018-10-01,165.18471832028038,166.33430386680203,164.0975066385332,164.748046875,990700
2018-10-02,164.55203268137166,165.04217144735745,163.68760983898807,164.7391815185547,1226200
2018-10-03,165.25597551114487,166.8600590763145,164.64998234298665,165.22032165527344,1414600
2018-10-04,165.17581718993026,165.42533985332156,163.66976094434074,164.83717346191406,816400
2018-10-05,165.06881772070892,165.23813953191876,161.094269680352,162.52011108398438,883300
2018-10-08,161.55769395142784,162.28844852823985,159.64171365031194,161.71810913085938,1037000
2018-10-09,161.12101718438717,161.42400697905117,158.69707163115064,158.94659423828125,682600
2018-10-10,158.57236102323677,158.5990946255502,153.27889019771092,153.39474487304688,1036700
2018-10-11,152.60154298483212,153.71548787277862,146.84466982082222,147.57542419433594,1971900
2018-10-12,149.8568337385506,151.32723606746535,146.47934403817413,149.09043884277344,1130800
2018-10-15,145.97135934193298,148.15468887951238,145.20496461794605,145.73074340820312,1612500
2018-10-16,146.6842743214036,147.87842002692204,145.33862013868358,147.12985229492188,1664700
2018-10-17,147.1565999411314,147.6199912873195,143.8414984136772,144.84849548339844,1245300
2018-10-18,143.21769952134693,144.3227243572447,141.0878370352337,141.98789978027344,1373900
2018-10-19,141.51561097184637,142.96818636912934,139.71547159344925,140.68682861328125,1216800
2018-10-22,141.2750268639969,141.63148399454883,139.5996484348736,140.3125762939453,1179100
2018-10-23,137.6122992969001,137.6122992969001,133.7446857618718,135.48243713378906,1937000
2018-10-24,136.28451012036805,137.3539084307468,130.40288740310677,130.55438232421875,1925000
2018-10-25,132.14950915248266,132.40795199149136,130.00183365864515,130.73257446289062,1630200
2018-10-26,129.15528387511833,131.28516061550553,128.35324859559995,129.6276092529297,1833200
2018-10-29,131.8910781791753,133.45950772712135,127.43529851095991,129.41366577148438,1796100
2018-10-30,129.36025200513242,132.66643426924233,128.83447305069473,132.16738891601562,2261300
2018-10-31,134.30614507989787,136.48055459448204,133.5753905331066,135.12600708007812,1822900
2018-11-01,135.41114456510954,142.16610833189634,133.86944857127148,142.00570678710938,1954300
2018-11-02,144.0553741455078,145.86441989068612,142.46911741917376,144.0553741455078,2272700
2018-11-05,144.5900945914708,147.06750775919167,143.62764425611698,146.23873901367188,1664200
2018-11-06,145.7575193924146,149.38453198927257,145.54365058730914,148.97459411621094,1486300
2018-11-07,148.90328636209995,152.55703222539853,148.90328636209995,152.41444396972656,1756000
2018-11-08,152.17272217510737,154.0793612413653,151.28653493473627,153.06785583496094,1699500
2018-11-09,151.868393352287,153.02310986514524,147.61650809440363,149.78273010253906,1952500
2018-11-12,149.58577909357084,150.40930038112816,147.50906254860928,147.74180603027344,1608800
2018-11-13,148.23414387637766,150.11391642192748,146.15742716854422,147.19578552246094,1162700
2018-11-14,148.35055254385875,149.80067889755762,146.75721513214356,149.2367401123047,1986100
2018-11-15,147.63444934779244,153.07686590161998,147.1510829803032,152.11907958984375,1034200
2018-11-16,151.9400144833649,153.64076322147997,151.07173361407715,153.34536743164062,1136200
2018-11-19,152.56663446688822,153.13951965546414,149.4963178787855,149.9976043701172,1144800
2018-11-20,147.42853210674537,149.34411786613276,146.175350267392,146.5423583984375,1053300
2018-11-21,147.2137556027587,149.4247241963092,146.61400375444057,147.2227020263672,798500
2018-11-23,145.28022527269806,148.01933264353795,145.28022527269806,146.3901824951172,367900
2018-11-26,147.63442401956223,150.23926688398214,147.32113535729388,148.851806640625,692600
2018-11-27,147.98352797473285,148.56535948757062,146.2290596979235,147.08839416503906,740000
2018-11-28,147.6433501996873,151.53717348177165,146.3991149406505,151.2059783935547,1592200
2018-11-29,150.91057533540558,151.6803908032038,149.87221704699772,151.1880645751953,1018300
2018-11-30,150.9195610782657,154.5000962055445,149.97070779626443,153.99880981445312,1187900
2018-12-03,157.79419248401712,160.41694174206614,155.1624968046703,156.80953979492188,1425600
2018-12-04,156.03076988073747,156.7379332288127,148.74438132365748,149.01292419433594,1243000
2018-12-06,145.39657040299932,146.4170360039727,140.48229479124464,146.19325256347656,1185700
2018-12-07,146.56023934164676,147.97455225047358,139.81988355996984,140.57179260253906,951500
2018-12-10,140.75083648400675,141.6370101594798,136.7316810089193,139.90940856933594,926200
2018-12-11,142.29044999662253,142.54108632413838,136.83012930719428,137.6984100341797,861200
2018-12-12,139.9810224147565,142.8812470691905,139.47974969219544,139.5782012939453,913100
2018-12-13,140.38385926109964,141.14471492472364,137.88642788741706,138.18182373046875,683400
2018-12-14,136.23940289288223,138.93376518850005,134.69977119786114,135.1831512451172,1015200
2018-12-17,134.71760406982486,137.74315994727874,133.1153209681047,134.13577270507812,1006400
2018-12-18,134.93244928589922,136.6421441510713,131.86213381014034,133.1063690185547,1008200
2018-12-19,133.38387587023448,136.88385212917618,130.7253275260928,132.1575469970703,1746600
2018-12-20,130.9133211157714,132.8468134441746,127.87881801369062,130.5731658935547,1405100
2018-12-21,130.46575448464066,133.59872285991503,130.1793051056025,130.31358337402344,2070300
2018-12-24,129.22152483351348,129.55271999160283,126.05275697260728,126.31233978271484,677500
2018-12-26,127.22540040777034,132.6857096390544,126.09752282075755,132.6320037841797,926400
2018-12-27,129.9018398282078,134.2342987060547,128.74712299473927,134.2342987060547,749700
2018-12-28,135.03985141882984,135.38000654746443,132.35445069884145,132.70355224609375,760800
2018-12-31,133.38385713929702,134.71761116361412,131.54884412678328,133.50022888183594,830700
2019-01-02,131.37879116921732,134.80715524969904,130.32252618658407,134.61917114257812,1097600
2019-01-03,133.71508368929528,133.87620120783083,128.7202357348369,129.6511688232422,1281800
2019-01-04,132.8467827782427,135.55007645516602,132.27389781229118,135.4605712890625,956900
2019-01-07,135.03095506485454,137.68950385603011,133.7777594023606,135.95294189453125,922400
2019-01-08,137.2777185361778,138.9516143521639,136.48105000968275,138.79049682617188,1086500
2019-01-09,139.33652888354658,141.07309061971307,139.0500795148909,139.86465454101562,1050700
2019-01-10,139.0679866403312,141.91450554619192,138.63832624407365,141.3953399658203,723500
2019-01-11,140.05262982713933,141.44007618588984,139.53345062313787,141.41322326660156,957000
2019-01-14,139.9810291532837,141.12679933391001,139.08589534600327,139.7930450439453,720300
2019-01-15,140.10637249931565,140.4196611929273,137.58208815333504,138.20867919921875,979400
2019-01-16,138.2891615111399,140.04361529620203,137.81474190996943,139.4796905517578,847400
2019-01-17,138.61148963892717,144.05389172190183,138.61148963892717,142.79176330566406,712600
2019-01-18,143.58840704014048,146.95410499781582,143.2751047665242,145.45028686523438,1200200
2019-01-22,143.91961442630947,144.44774010180916,140.62552852625237,141.74444580078125,756500
2019-01-23,142.4426223901729,143.23929079397604,139.48867860732616,140.36590576171875,908800
2019-01-24,140.23169325332393,142.3889694334856,139.36341219589224,141.49383544921875,789700
2019-01-25,142.66642381391128,144.68942120537477,142.66642381391128,144.1075897216797,1103900
2019-01-28,141.64599510372065,142.6574871360474,138.91583394131925,141.12681579589844,859000
2019-01-29,141.56538261446485,145.59348407732082,141.09992294632247,145.1190643310547,817100
2019-01-30,146.57819551410097,148.69071234388727,144.8326869099401,147.69711303710938,1254700
2019-01-31,146.35436975765552,148.95025219815102,143.43623861721886,147.52699279785156,1850800
2019-02-01,147.1778538898662,149.26351666126294,146.17530870345033,147.1510009765625,1287600
2019-02-04,147.5270287211988,148.3147509925696,146.11271539699234,148.13572692871094,690300
2019-02-05,148.95922117451335,148.95922117451335,147.159993467935,148.7801971435547,828200
2019-02-06,148.5832471836678,149.66635130747244,148.30574426451045,148.59219360351562,572700
2019-02-07,147.65696551448974,147.85480177065452,144.69843668244266,145.95738220214844,737200
2019-02-08,145.01315704593517,146.29909262981604,143.98801183847732,145.75953674316406,717700
2019-02-11,146.45195965113112,147.6929299241177,146.3890055200778,147.33322143554688,858800
2019-02-12,149.3745531108089,153.80785303302017,148.89795127759083,152.9535675048828,1376300
2019-02-13,154.05066140207964,155.5614099699954,153.47514140513056,154.1046142578125,858300
2019-02-14,152.77372499078047,153.18738641553023,151.36190830408103,152.03634643554688,808800
2019-02-15,153.52912772150037,156.21789329717905,153.16943279056875,156.1639404296875,872700
2019-02-19,155.2017063901852,157.3059501603537,154.7071156609201,155.86715698242188,675100
2019-02-20,156.3167730306821,158.12426225468474,155.76822947690835,157.6746368408203,559700
2019-02-21,156.74840899603987,157.58471939784906,155.8401706031843,157.31494140625,903000
2019-02-22,157.98936810712712,159.59003336106701,157.12608134069282,158.06130981445312,878800
2019-02-25,159.27526356125554,160.30940999504944,158.241130848937,158.492919921875,815400
2019-02-26,156.97317351251,159.14037062702124,156.910233109297,157.5846710205078,597100
2019-02-27,157.37791122390072,159.69798043063034,156.9103105873676,159.65301513671875,707200
2019-02-28,159.53611201098568,159.7159594540723,158.10630631444843,158.41204833984375,1160300
2019-03-01,160.00370799225973,160.489311168181,157.3239441197564,158.31312561035156,799500
2019-03-04,158.64578304690994,159.85977679837367,155.83112438730086,156.982177734375,931300
2019-03-05,156.9822293133568,157.9084566020099,156.28980230871545,156.8023681640625,640100
2019-03-06,156.80234231849929,156.9372381582353,154.82399349566376,154.88694763183594,719300
2019-03-07,154.89597951451307,154.89597951451307,151.9284485705194,153.20538330078125,740400
2019-03-08,151.37090857184538,152.53093621783498,150.5166229446152,152.00038146972656,724600
2019-03-11,152.08128408261868,154.81501407600882,151.90143667498245,154.75205993652344,577200
2019-03-12,154.99489583324674,155.30963915747105,153.61904296377378,153.81687927246094,721200
2019-03-13,154.30243988312773,156.0829663281788,152.40502016589076,155.20169067382812,1067600
2019-03-14,154.49127378190465,154.73407531414026,152.52191254355589,152.86363220214844,914800
2019-03-15,152.8366877079529,154.51828248584758,152.8007099882287,153.56507873535156,1391700
2019-03-18,153.906766999582,156.78438050064503,153.78987372765448,156.52359008789062,691300
2019-03-19,157.16204922351548,158.44797114264549,154.6081667983775,155.19268798828125,733600
2019-03-20,154.94091572050834,154.97687971508952,151.00219282217267,151.8924560546875,1043800
2019-03-21,151.03814875533607,153.5740285126692,150.83131122152022,152.43197631835938,1193600
2019-03-22,151.523761041703,151.523761041703,145.94840878030993,146.9285888671875,1268500
2019-03-25,146.4699592389492,148.45729561321204,146.10126315670027,147.22532653808594,731200
2019-03-26,148.47532140234753,149.75225607466004,147.8638236355966,148.70912170410156,574700
2019-03-27,148.94291119191465,150.264810937206,147.64798787232493,149.815185546875,997200
2019-03-28,150.45361487194634,153.55602668077108,150.45361487194634,152.4769287109375,833300
2019-03-29,153.98770078961135,154.9948572218633,153.6459811194642,154.32940673828125,799300
2019-04-01,156.26280254523525,160.2824543893619,156.26280254523525,159.94972229003906,960600
2019-04-02,159.84183361267378,160.3274230191098,158.60086308742376,159.635009765625,678500
2019-04-03,160.78605338677693,162.53060221670134,160.45332124443905,161.3885498046875,1126400
2019-04-04,161.4964391151421,163.42983646311208,161.0288386039811,163.36688232421875,619100
2019-04-05,163.60069238190002,165.17438129079008,162.7643957194852,164.92259216308594,970200
2019-04-08,163.9154379926277,165.983717618138,162.87230375068637,165.96572875976562,618300
2019-04-09,164.61682460402716,164.61682460402716,162.28776867391798,162.68344116210938,911100
2019-04-10,162.251787833918,165.07544804128253,162.251787833918,164.6078338623047,803300
2019-04-11,164.90462719083945,167.4045434853335,164.1222696115916,167.1437530517578,783600
2019-04-12,168.0250211425204,169.9763937746105,168.0250211425204,169.63467407226562,885100
2019-04-15,169.16705832798058,169.60769616550274,168.05199610307477,168.93325805664062,827300
2019-04-16,169.55375879134564,169.7965603747161,168.57357861013702,169.61669921875,949300
2019-04-17,170.77672093491066,171.4421577382044,168.51060510059924,169.19403076171875,807000
2019-04-18,169.3559152581454,171.0824752540795,168.66348825741565,170.7857208251953,477400
2019-04-22,170.48892056007872,171.72989079787033,169.76951732481584,170.79466247558594,499200
2019-04-23,170.47998670610014,171.28031945560036,169.47283009229668,170.27316284179688,733700
2019-04-24,170.22818081678332,170.49795880366614,168.46564319443016,168.5735626220703,686200
2019-04-25,166.2894315508701,166.46927893981888,162.9082539856134,163.68161010742188,963800
2019-04-26,164.23916589101023,165.69594779904534,162.89927725660326,164.56289672851562,802600
2019-04-29,170.21021076549727,171.30729797095617,163.9154544096091,164.98556518554688,1583100
2019-04-30,164.41902608169892,164.5718970833041,160.83102388551055,162.8363494873047,1370200
2019-05-01,163.2949176445505,163.62764970628973,160.3273878387739,161.8561248779297,1113800
2019-05-02,156.055968058312,158.40301304874043,153.07945029145168,158.34007263183594,1719500
2019-05-03,160.06665082954018,161.99104709402494,158.45699785022197,161.7302703857422,829100
2019-05-06,157.81843945983974,159.8867180489069,157.09004885776827,159.2122802734375,879900
2019-05-07,156.74839069892124,156.94622695490204,154.60816959593473,155.91209411621094,923400
2019-05-08,154.97685160902583,155.75020770631167,153.77185904765454,154.6261444091797,955500
2019-05-09,153.39691218365144,155.46678364153385,151.86935843997838,155.25889587402344,772300
2019-05-10,154.11095504976112,157.21124506195076,151.75183665244887,156.93104553222656,1057100
2019-05-13,152.75519595209167,154.3821771289297,147.95561182446966,149.88990783691406,2039900
2019-05-14,150.4502681468148,152.52918723494824,150.34180736046355,150.8570098876953,994000
2019-05-15,150.40504128810505,154.0386286123569,149.7904118997163,152.86358642578125,1335600
2019-05-16,153.30656480943594,154.87931561390857,153.03539897527622,153.18905639648438,671400
2019-05-17,151.24565972952615,151.71567938165006,148.08209190988427,148.15440368652344,1007000
2019-05-20,147.11492831239775,148.23574009287583,146.42798716491393,147.3951416015625,794800
2019-05-21,148.85042399459695,150.90222818122083,148.76004459032754,150.05258178710938,830900
2019-05-22,149.11254103490586,150.206224123723,148.0821221435263,148.1363525390625,516900
2019-05-23,145.93086658471515,146.3737710604063,141.8453407072616,143.37289428710938,1373400
2019-05-24,144.62026677529357,145.86762098969078,142.19788392699783,143.08367919921875,746600
2019-05-28,143.24639260585732,144.16835081138242,140.11898657513575,140.31784057617188,1041400
2019-05-29,140.15514513053878,142.09848867454645,139.51340027696807,140.97767639160156,1211400
2019-05-30,141.2307215993449,142.4599943518281,141.13129461965644,142.01708984375,882800
2019-05-31,139.80263014534083,139.80263014534083,137.551971833181,137.67852783203125,815500
2019-06-03,137.79597919471266,141.9267017055273,137.79597919471266,141.230712890625,1065000
2019-06-04,142.8757857995721,145.9579946318429,141.7820890066572,145.7049102783203,1180200
2019-06-05,146.42802121589162,147.06073212939944,144.25872271470382,146.762451171875,694900
2019-06-06,146.12069370321717,147.17822766464843,144.68353322681537,146.43704223632812,705200
2019-06-07,147.5307597575941,150.77567388144476,147.2234449820233,149.62774658203125,1066100
2019-06-10,150.49545108794342,151.85126596260957,150.22428535459775,150.76661682128906,641400
2019-06-11,152.18567842784623,153.63188631175535,150.8569788997221,151.01968383789062,1357400
2019-06-12,151.01969885638698,151.0648954432652,148.81423782052573,148.99501037597656,737900
2019-06-13,149.5102054145004,149.8807980654013,148.05496379282167,149.8627166748047,688800
2019-06-14,149.08539361681522,149.11250880872316,146.23817433793022,148.42556762695312,553400
2019-06-17,148.64246083561065,148.64246083561065,145.7952558913749,146.02122497558594,672900
2019-06-18,147.1601752353263,151.42647470811912,146.6630402516622,150.54971313476562,851800
2019-06-19,151.31796126126778,152.00490240473903,150.42311860201187,151.51681518554688,911300
2019-06-20,154.888300736964,155.65660139359713,152.8455445068526,155.53909301757812,718300
2019-06-21,155.97292567434593,156.37063353863056,154.4001894009341,154.59902954101562,1010800
2019-06-24,154.5719238688734,155.81927792148252,153.2341904364904,153.47824096679688,638300
2019-06-25,152.99924242587932,154.59909456363923,152.0592027527346,152.3665313720703,778600
2019-06-26,153.01726747799285,154.60809916179667,152.99919987581342,153.87596130371094,740200
2019-06-27,153.96633709053228,154.97868826347957,152.17666528016437,152.2580108642578,838500
2019-06-28,153.13480681487727,155.5210410309942,152.32132320631726,153.6680908203125,1672400
2019-07-01,156.10855406425932,156.10855406425932,152.0320612383756,153.64096069335938,782000
2019-07-02,152.82743366600988,152.99917240031277,150.3236920075074,151.4445037841797,951100
2019-07-03,152.23994395005698,152.51110971488828,150.504502364026,152.40264892578125,540900
2019-07-05,151.26379903866817,151.85131348472893,148.35331442684554,150.61300659179688,649300
2019-07-08,149.65484446496612,151.6795190757004,149.32944836080364,149.8808135986328,594900
2019-07-09,148.66059121386516,148.66059121386516,147.0878409043298,147.65728759765625,985100
2019-07-10,146.3105170766147,147.99172829099905,144.55699407115247,146.21109008789062,1241300
2019-07-11,145.84051494581814,148.05501016138132,145.42472558423682,147.71153259277344,1351600
2019-07-12,147.49460355373034,153.08056912047377,146.90708917465577,152.81845092773438,1435800
2019-07-15,152.5743624436279,153.02630071283767,150.82083975236418,151.6343231201172,756700
2019-07-16,150.1338912437985,155.82830212514048,149.871759336856,154.59902954101562,1324300
2019-07-17,154.15615007746743,154.43634960435764,151.2547002511522,151.29086303710938,870600
2019-07-18,150.9202354105009,151.806030372591,149.51922430821867,149.83558654785156,568500
2019-07-19,150.69431559815303,154.14711721568816,150.05255711067156,153.3065185546875,1317000
2019-07-22,153.25229790295643,154.93350912387433,153.25229790295643,153.92115783691406,600500
2019-07-23,155.46674900033682,159.77824351752994,154.68941470365274,159.69688415527344,877100
2019-07-24,158.09706787775735,162.51702413663952,157.24742162155266,161.1160125732422,927500
2019-07-25,161.56795704094296,161.95661739433342,158.955753979488,160.248291015625,588200
2019-07-26,159.15461022553322,159.86866674659055,157.40108722923722,158.07899475097656,732000
2019-07-29,158.0066510688676,158.3501285573499,155.3492519132776,156.18081665039062,1020000
2019-07-30,155.6023696974814,159.9048316526051,153.9844364593755,159.80540466308594,923100
2019-07-31,159.73308964068363,162.32721132558282,156.1356642789524,158.250732421875,1562300
2019-08-01,158.1783745902941,164.57782134305145,155.61136884989452,156.24407958984375,2059800
2019-08-02,156.23510439195192,156.39779558950752,151.5439817735241,152.7461395263672,991900
2019-08-05,149.16675920380828,149.96217505197913,146.6178342780852,147.7567138671875,874500
2019-08-06,149.2209644082406,151.1552595190286,147.4945570255674,151.00160217285156,738500
2019-08-07,147.9194416275232,149.43796191398678,145.65071568932262,148.8233184814453,637800
2019-08-08,150.02542693290818,151.75183446530596,149.81753918676415,151.3450927734375,635100
2019-08-09,150.27854642839102,150.33279061978604,147.60307891963137,148.69676208496094,450900
2019-08-12,147.8018934043952,147.964584558898,145.66874425119258,145.97605895996094,504900
2019-08-13,145.50608564422984,151.00165832795537,144.9999168351611,149.71815490722656,686400
2019-08-14,146.45513010302042,146.63590267165392,143.26444668402206,143.62599182128906,842700
2019-08-15,143.65311617792403,143.8610177475705,141.0228454836356,142.4690399169922,773900
2019-08-16,143.24639134894986,146.7172887416288,143.0385035468055,146.26535034179688,706800
2019-08-19,149.2209608176305,149.73617701776246,147.7928343620393,149.44692993164062,531300
2019-08-20,148.78716400862996,149.14870922008734,147.06075597097953,147.74771118164062,472300
2019-08-21,149.56444749194304,150.0254195477606,147.65726750060446,148.3080596923828,616200
2019-08-22,149.1125215176209,149.37463965909194,147.42227671501328,148.6425018310547,516700
2019-08-23,147.2776679200001,148.7057947243479,141.9086382532428,142.83963012695312,807500
2019-08-26,144.50275601758133,145.0541213272731,141.88151924223158,143.3186798095703,661200
2019-08-27,144.18217207072297,144.5820996113244,143.08237133406908,143.4550323486328,595200
2019-08-28,142.92779533392203,145.30916338406672,142.2824554656529,144.7729034423828,419900
2019-08-29,146.89073836193006,149.31755601541786,146.65442387065514,149.1903076171875,529600
2019-08-30,150.53546751522168,152.14426131134707,150.2173535375001,150.67181396484375,880800
2019-09-03,148.91760441334554,148.95396901783164,144.4820796293189,146.3090057373047,795300
2019-09-04,147.79061966780557,149.13581940623274,147.56338932629237,148.34506225585938,564400
2019-09-05,150.29008037826532,156.30713245894665,150.29008037826532,156.00718688964844,813900
2019-09-06,156.78886868338793,158.30676505215467,155.00737746437875,157.68870544433594,862000
2019-09-09,158.36129446364677,161.5334335966063,157.4432892898773,161.297119140625,788700
2019-09-10,161.44255123115659,164.94190279457155,159.80650444886675,164.77828979492188,1027200
2019-09-11,164.9146310692404,167.6959271542161,162.44236480058777,167.65957641601562,1079100
2019-09-12,167.80500553137608,167.8322720542825,163.40583082802908,165.06007385253906,910400
2019-09-13,166.71432413092393,167.6232453270596,164.36022156150133,165.63270568847656,802400
2019-09-16,163.93299236757505,165.0146105782885,161.9424531554599,162.86045837402344,763800
2019-09-17,162.13334216799086,162.95136556956922,159.82467492250004,162.81503295898438,844500
2019-09-18,161.85157272379098,162.91500865313853,159.90646842629454,162.79684448242188,687000
2019-09-19,163.0877145734347,164.0420845505641,161.53346718039876,161.6697998046875,514300
2019-09-20,162.3424028393394,163.47855424662748,160.7881416117936,160.91539001464844,1023900
2019-09-23,159.56106476396516,165.90532868292217,158.48853090354447,164.5692138671875,1054100
2019-09-24,164.94194158702095,165.2327891773079,160.53366794376544,161.5153045654297,905800
2019-09-25,161.97882585443082,164.55106021215346,160.7335945893573,164.51470947265625,727600
2019-09-26,163.7148895263672,164.79650802243796,163.11501204764545,163.7148895263672,682000
2019-09-27,164.72378511923145,164.76923395301856,162.20608338206046,164.02392578125,739500
2019-09-30,164.787405608963,164.787405608963,163.30585971129454,164.16024780273438,569500
2019-10-01,165.6781052480516,166.8869717436696,159.29747646550052,159.72467041015625,800600
2019-10-02,158.01592342002618,158.62489883353626,154.3166082455432,155.7163543701172,951200
2019-10-03,155.04374202951493,156.80705094517504,152.29879679372337,156.5161895751953,702900
2019-10-04,157.16156746189168,158.96122754816395,154.95288174184395,158.8430633544922,708400
2019-10-07,157.55239030995946,157.76145216215258,154.4347973929642,155.3164520263672,857400
2019-10-08,153.35320353470067,153.48953618269798,151.05363374488934,151.4353790283203,794300
2019-10-09,153.26227155798927,153.2804538633327,151.23538138681045,152.55331420898438,724400
2019-10-10,152.45332719030276,156.67072040041143,152.45332719030276,155.19827270507812,615600
2019-10-11,158.1431724374629,165.43270899412164,158.10680783019356,163.2967529296875,1047300
2019-10-14,162.14248456886017,163.1513878563266,160.7245694338348,162.20611572265625,512900
2019-10-15,161.9061353040128,166.64160691652168,160.5972865770967,164.11480712890625,836800
2019-10-16,164.2511328663845,165.90536200394402,163.32402949050152,163.83302307128906,739500
2019-10-17,165.2509334280213,167.1505750887406,164.89645477425537,166.6234130859375,993100
2019-10-18,166.05077381818285,168.32307623757004,165.7599124513653,167.73226928710938,1110000
2019-10-21,168.86849373375233,169.74106434359874,166.35987576763284,166.6870880126953,1019200
2019-10-22,166.6779776456863,171.4952490131038,165.05100089635783,169.8682861328125,935600
2019-10-23,169.2229217183584,171.3770741305566,168.35944945748545,170.4136199951172,577000
2019-10-24,170.93168233319474,171.3406940124801,167.2323810471257,168.8320770263672,547500
2019-10-25,169.80464857287922,174.15837459113527,168.46853343051117,173.3312530517578,877800
2019-10-28,174.5128261358849,176.00345597103424,172.18599067311843,173.03128051757812,1155700
2019-10-29,171.44978568792308,175.9671245104908,170.85897867163715,175.3672332763672,782700
2019-10-30,175.82171824475554,176.4761426149201,173.50396642284252,176.28526306152344,1534200
2019-10-31,171.7861362982623,176.28529423702798,165.48731795779818,166.77798461914062,2462900
2019-11-01,169.1411189495603,178.14853010109746,168.64120958618395,178.05763244628906,1662900
2019-11-04,180.25723198222434,182.46590350953684,178.44847407288873,180.52081298828125,1486100
2019-11-05,180.4844540986509,182.79310739347306,179.26648938801006,180.56625366210938,868000
2019-11-06,179.69370053364293,181.76603955331072,178.14853742165,181.02981567382812,1017100
2019-11-07,182.59094880071984,183.85083080523165,180.89285241964978,181.87884521484375,855900
2019-11-08,181.7053880691866,183.02004517636192,180.80155782535746,182.17098999023438,691300
2019-11-11,180.26289922870043,181.997521483369,179.97988550608906,181.51365661621094,739600
2019-11-12,181.38583003901905,181.67798222475375,179.55079613809045,180.34506225585938,714300
2019-11-13,178.77482575495856,180.46378387233145,177.33235541753464,178.3822479248047,602100
2019-11-14,177.22280310284216,178.7565745992809,176.97631530656432,177.34149169921875,484500
2019-11-15,179.29518377578248,180.4272526869836,178.5374296574685,179.5325469970703,542000
2019-11-18,180.07119643164856,180.40898522484616,178.11747386155693,179.4595184326172,495400
2019-11-19,180.43638023062,180.83808255841373,178.40961952626728,179.16737365722656,733700
2019-11-20,178.37309584735846,179.87946554788994,176.28242175857633,178.0170440673828,573800
2019-11-21,177.8801410053203,180.06210280178854,176.2916082910117,179.660400390625,824900
2019-11-22,180.31771678714668,180.8381077653942,179.0395855029029,180.6829071044922,724800
2019-11-25,181.3584566260574,184.69074984231753,180.30856422936057,184.48989868164062,1170800
2019-11-26,183.6956202793293,184.09730864337152,181.69624726872425,182.9378662109375,1049800
2019-11-27,182.7644400716066,182.95615279571433,180.1168625552358,182.43577575683594,1130100
2019-11-29,182.48142903109374,182.57271616232245,180.8472319664763,181.48629760742188,307700
2019-12-02,182.45405699794043,184.08824027079376,179.92516782117278,180.29034423828125,866300
2019-12-03,177.89837474739514,179.38649554475933,175.6524997864289,179.07608032226562,793700
2019-12-04,180.58248101064234,182.60924199191655,179.86123884248994,180.2812042236328,802400
2019-12-05,180.80159513048403,182.6001175258949,180.80159513048403,182.05235290527344,665300
2019-12-06,182.69139776932406,185.7863141905076,182.69139776932406,184.76380920410156,1158500
2019-12-09,184.04254877185798,185.25678028783196,183.20263205498708,183.93299865722656,923800
2019-12-10,187.1466219482401,187.5848363809019,182.99267454508706,184.76380920410156,1071400
2019-12-11,186.04192730545878,188.68036610996631,185.83195160283975,188.37908935546875,892100
2019-12-12,188.06869764815625,191.57444090175224,186.92750409446597,191.08145141601562,740800
2019-12-13,190.41495377084973,193.59203198110282,187.57566431574193,188.51600646972656,861800
2019-12-16,191.76618469214364,192.56045101873224,189.5203094482422,189.5203094482422,709100
2019-12-17,192.80694135642236,192.80694135642236,185.44852732806962,185.98716735839844,2957000
2019-12-18,186.881842556661,188.89947877018045,185.54893636560243,188.56167602539062,994900
2019-12-19,188.214775214943,188.93600341696853,187.24704530285928,188.31520080566406,781400
2019-12-20,191.346198836573,191.9213648353371,187.97739329624332,188.8538360595703,1296700
2019-12-23,189.30119073942188,190.360207761504,188.56168562087265,190.0680694580078,548800
2019-12-24,190.15020070898012,190.15020070898012,187.89520152220842,188.47036743164062,231800
2019-12-26,189.1003615184408,189.57508805806793,187.81309170739598,189.5568389892578,547800
2019-12-27,189.93112587513727,189.93112587513727,188.43388043886168,188.98165893554688,305500
2019-12-30,188.98164784989078,188.98164784989078,187.42962744110528,187.84957885742188,360100
2019-12-31,187.59391223318534,188.82640654778024,187.2287359558294,187.90432739257812,405400
2020-01-02,188.99080962405662,191.5105743408203,188.20566776646308,191.5105743408203,845200
2020-01-03,187.73091848814104,189.7485409939091,185.50330632765136,188.8173370361328,895400
2020-01-06,186.92750454754827,188.96338995170245,185.98716217147506,188.8994903564453,734100
2020-01-07,188.89030728059754,189.38331058167776,187.15569905669517,188.51600646972656,699500
2020-01-08,189.1003066841533,189.47460751443947,187.79477425228274,188.64382934570312,711500
2020-01-09,189.05469126843687,190.01329664329555,187.61222093942217,189.100341796875,587500
2020-01-10,188.98161632130814,190.01325955418196,186.9000807922157,187.438720703125,802100
2020-01-13,187.63961365833114,190.3237032099124,186.6992712549657,189.9676513671875,749100
2020-01-14,189.58424111123614,190.85324802053182,188.26958366522868,188.7625732421875,719100
2020-01-15,188.01390391187832,189.88546394015358,186.26103245918532,187.46612548828125,983800
2020-01-16,188.3882656949634,190.01332444491405,188.0413383447759,189.66639709472656,515800
2020-01-17,189.5020499004564,191.49228483928,188.93600840572546,188.98165893554688,859200
2020-01-21,187.97736101833723,188.46122587908732,183.71386438025502,184.46249389648438,1016700
2020-01-22,184.855085372256,185.5854520037812,181.16675408240184,181.44064331054688,1005500
2020-01-23,180.4637608965488,184.67248278447224,178.592200902637,184.24339294433594,1221900
2020-01-24,184.4443183303201,184.4443183303201,179.47784034149146,181.02073669433594,659700
2020-01-27,177.1953845741246,178.68350527852627,175.74378986095093,177.13148498535156,815300
2020-01-28,178.54657936887423,181.11198016312818,177.2958218029405,179.6695098876953,1020500
2020-01-29,180.7650256172384,183.67735325885383,180.7102505656416,181.6962432861328,1389900
2020-01-30,187.2653065589617,191.07232685950197,182.52706835026615,187.29269409179688,2165600
2020-01-31,184.90078282581214,184.90078282581214,177.1771910015301,178.6561737060547,1947600
2020-02-03,179.5234507307899,185.676771763301,178.89350962176627,180.88375854492188,1185300
2020-02-04,184.63601272583753,189.42902617758713,184.63601272583753,188.1782684326172,1161800
2020-02-05,191.24578010563815,192.42349967575598,189.16424414000986,192.12222290039062,947500
2020-02-06,192.64479172820157,192.69061996663322,189.58270719262572,192.38809204101562,967000
2020-02-07,190.62782610333946,191.80132825337586,189.50018016520502,190.52699279785156,947300
2020-02-10,189.35351926767967,192.16806710303783,189.0876567176738,192.02137756347656,501800
2020-02-11,193.73581780513004,195.89942596453923,193.0207096642515,194.5884246826172,586800
2020-02-12,196.64195319556293,197.47622002586485,195.56013558589552,196.11021423339844,679600
2020-02-13,194.59750527792104,196.49526402485733,193.90075111377055,195.30343627929688,575600
2020-02-14,195.3951590257711,195.587676798112,193.07568498415253,194.21249389648438,535200
2020-02-18,193.13988067545287,193.76330428813048,190.93041647185075,193.057373046875,800200
2020-02-19,193.58908151411143,195.05593486081452,193.084844993117,194.15748596191406,904900
2020-02-20,193.65325993507844,197.97134057185028,193.32321546609532,197.3662567138672,946100
2020-02-21,196.00942440532623,197.35710489659076,194.12084194521003,197.2929229736328,702100
2020-02-24,189.95858515981277,190.7286841860448,184.73289321169074,186.20892333984375,1294800
2020-02-25,187.0523927745015,187.77666366370437,177.7836586842584,178.29705810546875,1308100
2020-02-26,180.08481632085324,181.1666343734812,173.61228966519354,173.8873291015625,2268100
2020-02-27,169.53252936951034,177.03186664585724,166.60797178816955,170.44015502929688,1722200
2020-02-28,164.21517076833197,169.39503479003906,161.62983417156116,169.39503479003906,2000000
2020-03-02,170.7060371125652,176.96770502427307,167.54311919238623,176.56431579589844,1122000
2020-03-03,176.0325716049656,182.26673679619435,170.35766200061641,170.990234375,1184000
2020-03-04,173.81391539861005,178.75540448562512,171.66863382593516,178.37953186035156,1584900
2020-03-05,171.36611408561254,172.73213406116892,162.693302236585,163.5917510986328,1920400
2020-03-06,158.78776634769045,159.89708659449215,149.8765809555019,151.2609405517578,3336000
2020-03-09,137.51832997507321,139.69111511217122,126.89275036971365,134.29122924804688,3002000
2020-03-10,140.04861485337508,146.75035095214844,133.95197654834843,146.75035095214844,2398200
2020-03-11,141.4421368432226,142.2672409453215,132.37509861326276,135.3730010986328,1911800
2020-03-12,124.84826170981901,126.38847379361,115.68955277796283,119.54922485351562,2611700
2020-03-13,127.69949358447211,130.64239150623118,117.93569939385117,128.643798828125,2826600
2020-03-16,116.43214565249885,117.64231325120595,107.42011254259577,107.96102142333984,2362900
2020-03-17,109.73042461660394,113.81930074114435,100.87424379932868,112.7833251953125,2153400
2020-03-18,104.11969863641843,107.59432885757569,85.26135422388495,93.96167755126953,2315700
2020-03-19,92.60483156561641,97.63799973429242,86.3431628617128,95.55689239501953,1874600
2020-03-20,98.8114798809399,108.02520863951644,93.23740319315338,93.90666198730469,2388900
2020-03-23,92.36644455582159,94.07167178410776,85.72889754571602,89.44188690185547,1676300
2020-03-24,96.67536385293884,106.60418697143642,95.7402424736028,105.91659545898438,1928300
2020-03-25,108.77697445333143,123.75730459457495,103.8263143566237,116.00126647949219,2843000
2020-03-26,118.18325727040428,121.71288604679971,112.81087390166913,119.6867904663086,2232600
2020-03-27,114.94694976402711,115.65288088831767,108.28189985797107,111.18811798095703,2398500
2020-03-30,112.98502804052852,120.52103864195932,109.78543770188483,119.50340270996094,1767700
2020-03-31,118.39406518861199,123.95897804470196,116.5696580496786,118.93496704101562,2520500
2020-04-01,110.76641407554658,112.29744957591106,104.33056026873555,106.43000030517578,2335200
2020-04-02,106.15494064519211,114.95610879577981,105.53152418898785,108.95114135742188,1460400
2020-04-03,108.55695021473647,110.15216054856928,104.5322415020461,106.17329406738281,1212600
2020-04-06,116.00126925640836,120.65855737711009,113.15005593411745,119.88845825195312,1373500
2020-04-07,126.81022805596933,131.55002426864715,121.27281610914797,121.34616088867188,1790300
2020-04-08,122.94137228196031,130.73407635976622,122.69383541195663,129.624755859375,1218300
2020-04-09,133.18189442385787,136.44565986099914,129.67059212809957,133.0902099609375,1448100
2020-04-13,130.5873907675904,131.95339704139863,124.69243187684025,127.35112762451172,1094100
2020-04-14,130.86240181590813,132.68680206558437,127.99284919647812,130.28482055664062,922200
2020-04-15,122.18041819656084,124.7107496459094,119.41171276296369,120.09930419921875,2332800
2020-04-16,120.53935533743962,121.19028136691833,113.0583643631336,115.5153579711914,3105100
2020-04-17,120.97023521341085,128.02950359927354,120.36515146885873,127.06688690185547,1716700
2020-04-20,122.91387836604945,125.89344189902987,120.36519268941728,123.18890380859375,1544500
2020-04-21,119.05418174042899,121.2819715778742,118.14655588679271,119.56758117675781,1142800
2020-04-22,123.82147732452111,124.10567957808193,120.48436707697286,121.5661849975586,997600
2020-04-23,123.39973056876988,125.98506671513283,120.96106994223322,121.42862701416016,970400
2020-04-24,122.96888257048306,124.71993849480127,119.8059501130973,123.72064208984375,1052400
2020-04-27,124.88498218455237,130.99996232722714,124.05070094749469,129.9089813232422,1092800
2020-04-28,134.54784348713184,136.9223357737453,132.75094628486542,134.26364135742188,1688500
2020-04-29,143.83498240100155,147.39212712792005,141.19462639841578,143.80747985839844,2449100
2020-04-30,144.86172291183433,146.69529962150972,140.30528366916462,144.9625701904297,2425400
2020-05-01,144.3116914052568,146.6861704317406,136.34479653542954,140.3419952392578,1692500
2020-05-04,137.14236007436855,144.56835098851866,135.70300970053262,143.5965576171875,1820500
2020-05-05,145.42098321182257,146.9153529003574,140.12194695332624,140.7728729248047,1405200
2020-05-06,141.2496352086189,142.9273461418393,137.83918028279936,140.5987091064453,996800
2020-05-07,142.91314061852327,146.31560296073656,142.59040708915853,143.83522033691406,831300
2020-05-08,146.41700152662634,149.95779759429902,145.35661570121886,148.45480346679688,1487800
2020-05-11,146.7581765727737,147.64336501353176,142.55349630463147,146.03895568847656,2037400
2020-05-12,146.50003670257271,147.39445519493972,140.80157647213323,140.81080627441406,1667700
2020-05-13,139.3631181575354,140.5433789875012,133.24972555729886,135.35206604003906,1892300
2020-05-14,132.1155609274938,139.32622998736505,129.1003567652091,139.29856872558594,1462700
2020-05-15,137.46363367053874,144.32390840592808,136.67064462166698,141.3455810546875,1380200
2020-05-18,148.6668376759029,153.73827369205983,148.4271021293628,152.2721710205078,1432400
2020-05-19,151.44237171040666,156.05277011046974,148.45482848203082,151.3409423828125,1432200
2020-05-20,154.10717895907857,157.6479614969625,154.05185643033337,155.2413330078125,875400
2020-05-21,155.38885738149833,157.72171763265234,152.9545678120412,153.7383270263672,770300
2020-05-22,154.52208553161773,154.98312528529726,151.0919486386565,153.8766326904297,705800
2020-05-26,160.2666238848078,166.88716152535287,159.98999724114103,165.6331329345703,1908800
2020-05-27,169.21084938384539,171.01813187950887,166.03890687137087,169.3768310546875,2149800
2020-05-28,170.7691501654166,171.1103292069884,164.5727737265404,164.88629150390625,1961800
2020-05-29,163.46627410033736,167.89225909550834,162.6917305953825,165.94667053222656,1770300
2020-06-01,166.5460126210947,170.33576033468646,165.5317335043775,168.7036895751953,1110200
2020-06-02,170.5294088766915,171.14720053988188,168.61148155956298,170.72303771972656,1379400
2020-06-03,174.26382711967327,181.29928483764138,174.26382711967327,181.0042266845703,1676700
2020-06-04,179.24304645057023,182.86682646486665,177.9982334073027,181.5205841064453,1766600
2020-06-05,189.11853576268953,193.08346687436028,179.72254218010355,180.220458984375,2669400
2020-06-08,180.44176462923522,187.69852679823757,180.44176462923522,186.38917541503906,1302600
2020-06-09,182.14762052884433,183.75204429648045,179.89775784513532,179.9715118408203,1062200
2020-06-10,179.2246207276524,179.49203171071107,172.4750048681413,172.60409545898438,1800500
2020-06-11,164.80331536183306,166.0850056949666,159.6396770287704,159.90707397460938,1424800
2020-06-12,167.29288759885551,168.14121317438727,160.18366207963575,166.12185668945312,1464000
2020-06-15,158.8559071408741,169.8286511552191,158.65304845887664,169.3307342529297,1179500
2020-06-16,178.88346490108188,180.64464053536994,170.3081207284578,174.7894287109375,1151700
2020-06-17,175.82213054730443,175.97889646000684,169.6626456017954,170.10523986816406,988500
2020-06-18,169.06326320305982,172.90833260324655,168.57456224784426,170.8797607421875,713900
2020-06-19,174.669497606929,174.89080173264696,167.30209205298803,168.68521118164062,1561900
2020-06-22,168.05822918789926,169.32148785516006,165.78992116519552,168.34408569335938,1008200
2020-06-23,171.45149598210074,171.70046143239202,167.21915367624484,167.42201232910156,972200
2020-06-24,165.513289033189,165.6977021401537,158.8650888930022,160.1836700439453,1764400
2020-06-25,159.78716973754172,163.04212371141713,157.03016070295308,162.85769653320312,948200
2020-06-26,162.27682864747388,162.83006808415044,158.21045336323277,159.09564208984375,1482500
2020-06-29,161.16105121332515,166.17716586135853,160.07300417487045,165.57781982421875,841800
2020-06-30,164.59119397128396,170.51094278876388,164.23158352203853,168.98951721191406,1589900
2020-07-01,168.9803382056614,172.07852688037107,165.78072019068543,166.5183868408203,1025600
2020-07-02,169.48743462494866,173.34173434178757,167.14535883065454,168.72210693359375,809100
2020-07-06,172.16153847095595,174.14400456067744,170.2067195818867,171.9678955078125,685600
2020-07-07,170.4003259648963,171.3039601026625,167.77239327538769,168.1320037841797,745700
2020-07-08,168.63918002245362,169.69956620202146,164.03799659261566,165.1721649169922,1432900
2020-07-09,164.98774595805298,165.72541267504798,160.50645125417194,162.5811309814453,1095800
2020-07-10,162.97760141918923,163.1251375610216,160.90292191031693,161.7327880859375,1200000
2020-07-13,163.8443121230177,166.47223031253486,161.73274214359645,162.28599548339844,1464600
2020-07-14,162.74705795166008,169.45979666680026,161.25329342351094,169.34915161132812,1119500
2020-07-15,173.5261534214795,174.27303560863143,169.63497658018818,172.26290893554688,1614500
2020-07-16,171.70964685880338,171.76496937803327,168.15963513017383,170.0867919921875,1027600
2020-07-17,170.93512331192537,171.81109613108882,169.43212903906016,170.5478515625,628100
2020-07-20,169.35839032255,169.94852081483964,166.12189538246764,167.18228149414062,562700
2020-07-21,168.37173500143223,171.2947255480706,168.04900152421314,168.9342041015625,954700
2020-07-22,168.66683037321022,171.09190467831897,168.09514541634564,170.4003448486328,621900
2020-07-23,169.87475419380098,171.3131964016647,168.66683193129546,169.71800231933594,448400
2020-07-24,169.67191271747802,170.4925632433571,167.8461985047019,168.6115264892578,423200
2020-07-27,168.62070172030164,171.61746059394736,166.58291356532115,171.18408203125,645200
2020-07-28,170.5478467230458,171.33160593066023,166.2970592611721,166.31549072265625,470500
2020-07-29,168.22420051999575,169.27537067648862,166.80419009028392,169.2384796142578,1476200
2020-07-30,166.43536611414558,166.73965406744156,161.38237389687734,166.4538116455078,807000
2020-07-31,166.43534181879616,166.43534181879616,161.9632508289797,164.97845458984375,876300
2020-08-03,165.65159292506746,169.13705265408998,164.7571745960509,167.71705627441406,656100
2020-08-04,167.09003093847906,168.4639203768966,166.10339912851276,167.13612365722656,693100
2020-08-05,169.173936600005,172.25367892818457,168.75900361539928,171.14718627929688,1033100
2020-08-06,171.50685440018012,179.54739192560228,171.221011894018,177.98907470703125,2048700
2020-08-07,179.79629842198594,182.60862982338818,177.62019009816873,182.2029266357422,1130700
2020-08-10,182.16605438134627,188.68516429537718,181.99085699573416,188.53762817382812,1093700
2020-08-11,191.13786627761866,197.1959357554158,190.65839503549336,192.28125,1966400
2020-08-12,194.17149729292046,194.7985045816306,190.74136052459178,193.23097229003906,907100
2020-08-13,191.33153690872925,192.9820533737514,190.48322527683754,191.7003631591797,603600
2020-08-14,190.0037598826308,194.4942839719197,189.82856247080028,193.28636169433594,552500
2020-08-17,193.1111512396891,194.86311116984496,192.2167468451784,192.4656982421875,614800
2020-08-18,192.02307004221115,192.86216582587454,190.28955595197345,190.61228942871094,570400
2020-08-19,190.36335418995048,191.85713289448947,189.2199843489832,190.0498504638672,512700
2020-08-20,187.86449278034522,190.14203039683358,187.15448758654725,188.90643310546875,626200
2020-08-21,188.80501324807418,191.63580436484895,188.68515246792046,190.24346923828125,893600
2020-08-24,191.21166758216293,193.90413868390246,190.07751346286148,193.42466735839844,785600
2020-08-25,194.43892191771306,194.78010093923896,191.6911286327553,193.20333862304688,769400
2020-08-26,192.05073377953846,194.180735357976,191.24852904735232,193.43385314941406,969800
2020-08-27,195.14689579206512,196.01730413596735,192.34122624979452,192.40603637695312,616600
2020-08-28,193.6282924159827,195.58207661562193,192.96159734403372,194.88760375976562,854000
2020-08-31,193.85976611413358,194.4153500010054,190.70222641955172,190.75778198242188,1027500
2020-09-01,189.8226199132057,196.28584467410542,188.49849817577402,196.09140014648438,996800
2020-09-02,197.10996976735044,199.27673645902468,195.06359705682942,198.46188354492188,1011100
2020-09-03,198.15626298931153,198.65627724921524,189.27627309960315,191.0355987548828,998400
2020-09-04,193.59129170668407,194.9802376453031,189.6466761983892,191.95233154296875,1399100
2020-09-08,190.03557935503264,191.9986325559509,187.84104929344628,188.07254028320312,650100
2020-09-09,189.82259714040458,193.34126274248328,189.63740718852418,191.7578582763672,702100
2020-09-10,192.5727010920885,194.02645697494822,188.45216482654732,189.1836700439453,624300
2020-09-11,190.41523122716808,194.41540238057053,189.9244714508139,193.6468505859375,865800
2020-09-14,195.52654361214985,196.71177629259708,193.91536131415688,195.7858123779297,988000
2020-09-15,196.59137160171485,198.38774362965705,194.23942977268163,194.3875732421875,524100
2020-09-16,196.5173533195731,201.48052136811725,195.47102351388082,198.46188354492188,710100
2020-09-17,196.0358093827741,199.90633142436246,193.02642692427224,198.22108459472656,685800
2020-09-18,197.785872151839,199.498896694169,192.40601063749745,192.98011779785156,951000
2020-09-21,187.83178971067557,189.2670225054651,180.02590639797057,184.257568359375,1110000
2020-09-22,184.1741954884509,186.2020584856396,182.73896289143278,185.776123046875,557000
2020-09-23,185.19279999363013,188.90591054703026,180.67409115247696,180.99818420410156,902900
2020-09-24,180.99817500404316,184.23904883919948,178.01656994537225,181.41485595703125,593700
2020-09-25,179.27584034833265,186.45205933660577,179.08138174604636,185.17422485351562,575000
2020-09-28,188.10032058369526,191.40601874353246,187.46140318277958,187.91513061523438,529000
2020-09-29,188.09107236941324,189.4892729268668,185.59095825912215,187.21139526367188,398900
2020-09-30,188.35031571880683,191.461554912462,185.09091891376627,187.35952758789062,961000
2020-10-01,188.3688283277118,189.91520046554712,184.0908796552594,185.8687286376953,744500
2020-10-02,183.46124373370168,195.3598721304182,182.3963767033072,191.95233154296875,941700
2020-10-05,195.22096528651915,198.19330141031233,194.57279340041842,197.3599395751953,829700
2020-10-06,197.58221138552432,200.9341966891685,193.92464212408547,194.30429077148438,568900
2020-10-07,197.2117592114613,201.71194368588644,197.04509251530166,201.44342041015625,636500
2020-10-08,202.49902982324596,202.57310862425106,199.36926759394265,201.7767791748047,419800
2020-10-09,203.8879969979075,204.78618312707707,201.61011954693078,201.9619903564453,579700
2020-10-12,202.9620476737254,203.2490942477719,200.59158213814143,201.9249725341797,656500
2020-10-13,200.42489089826205,201.7305034375498,198.52666200575754,199.56375122070312,458300
2020-10-14,200.2396858725245,202.83238752120005,199.64706956389182,200.02671813964844,475600
2020-10-15,196.87848337698975,206.23998103862505,196.13772339666437,206.1751708984375,831300
2020-10-16,206.9251290036484,209.81413150325983,205.85100761771068,206.36029052734375,1465800
2020-10-19,206.2677023750673,209.1567191981455,204.41577467295258,205.1658172607422,813900
2020-10-20,205.9066083955013,209.9808584380669,205.9066083955013,207.0177764892578,690300
2020-10-21,207.0177546055486,208.47151057229794,205.36952587513343,205.92510986328125,620500
2020-10-22,206.740038837053,209.48088506211698,206.249278922516,208.66604614257812,522500
2020-10-23,210.62904151673027,211.74019554000745,207.65669072860103,209.41603088378906,587800
2020-10-26,206.47140263942276,206.4899258714298,200.64709659733595,202.5360565185547,601600
2020-10-27,201.59163534765597,202.47129835103425,195.93399455471445,196.08213806152344,797700
2020-10-28,191.16525991660026,193.78573966276204,187.9984648158736,188.18365478515625,759900
2020-10-29,187.7854946420586,194.81355773473246,185.22057050676685,192.4523468017578,665100
2020-10-30,191.9800810249356,194.12830974612828,189.50775931421552,192.93382263183594,944700
2020-11-02,196.72103618277677,202.9157372006326,195.40616908376418,201.878662109375,798600
2020-11-03,205.77695559720323,210.8234560768158,204.5917229236861,209.45303344726562,1007400
2020-11-04,206.9158898808905,207.8048072720901,200.86007833858662,201.8045654296875,1062800
2020-11-05,212.59861532927326,222.72324387571416,211.03669588424606,221.25428771972656,2165400
2020-11-06,220.12932908999036,221.72844514318624,219.5157118212679,220.86380004882812,1021000
2020-11-09,241.72664861655915,250.20567113608652,234.0750744421491,235.02337646484375,2094300
2020-11-10,234.88400333499956,244.2648706689543,234.88400333499956,242.80520629882812,1669600
2020-11-11,244.43216078179236,244.98069099256858,239.48605425286397,242.4425506591797,1542800
2020-11-12,242.26586515627054,242.62846873711433,237.14313909015732,238.81661987304688,2005800
2020-11-13,241.3268957337881,243.3629803195309,238.35178693676713,240.7876434326172,827600
2020-11-16,246.62626424635363,250.83788532016064,242.66568517135454,249.06214904785156,917900
2020-11-17,246.70993948199649,246.83080735410067,241.1409380884271,244.62738037109375,868600
2020-11-18,245.57570461624107,249.32246669295876,244.6738771003691,246.41244506835938,854200
2020-11-19,244.92494707107568,250.08487135683532,242.49836799166607,249.94541931152344,974800
2020-11-20,249.71292361002338,249.82448521671154,247.4351318128385,248.3462371826172,814700
2020-11-23,250.6333779087754,254.22210431374856,249.32250043427197,252.7996368408203,621800
2020-11-24,257.08551186477223,260.59056552974863,254.67754657940702,260.1907653808594,800800
2020-11-25,258.7033543802668,258.7126322673268,253.15293647166732,254.83572387695312,961700
2020-11-27,256.50910477581965,257.86648465768707,252.08366786868405,253.67347717285156,340200
2020-11-30,251.71191818118558,252.1860835835167,246.65424846548785,248.4765167236328,924900
2020-12-01,252.52066789521598,253.86877021369963,250.26146018356096,251.3585205078125,890500
2020-12-02,249.87100211461166,252.05581657088118,247.0260674939407,251.1260986328125,825600
2020-12-03,250.4567610281205,253.44114804712714,249.55493337779842,250.20571899414062,1067700
2020-12-04,252.11159321469927,257.5783101519534,251.86985750272103,256.3603820800781,822800
2020-12-07,254.8356569849857,255.2819033745158,249.95463849034942,252.45558166503906,1193400
2020-12-08,250.14994842399244,255.5237178793236,250.14994842399244,254.96588134765625,701300
2020-12-09,255.83982695633193,257.46683367589776,253.23662755412477,256.89971923828125,587800
2020-12-10,255.72821501835975,257.08559527017064,253.329555210489,255.15179443359375,651800
2020-12-11,251.7954587330576,257.04838698962726,251.7954587330576,255.3748779296875,561100
2020-12-14,258.56380962160847,259.03797478967147,251.02381171098094,251.10748291015625,562300
2020-12-15,254.77991497414354,257.61554337267853,251.52590214899314,256.40692138671875,538400
2020-12-16,256.3047002023238,256.79744970117855,252.3348138010879,253.63641357421875,465300
2020-12-17,255.21689815764648,255.3098472597803,252.22320505219895,254.0919189453125,664100
2020-12-18,253.85012356110724,256.23019855461587,251.4514360554304,252.88320922851562,1283400
2020-12-21,247.5094987063351,253.9431590124205,245.67795332149802,253.6177520751953,609200
2020-12-22,253.31095408475156,253.31095408475156,248.3183730481721,248.77392578125,891800
2020-12-23,250.63336110406027,252.00935393160987,248.86690261280492,250.4660186767578,1062100
2020-12-24,250.1871204899513,252.0279439788677,248.54150146471773,250.5125274658203,139800
2020-12-28,251.94421867669433,253.01341684969512,248.83896461544623,248.88546752929688,543900
2020-12-29,250.38230767102425,251.7117973645395,244.51579040674966,247.42581176757812,551600
2020-12-30,248.66234774906087,252.1487899604209,248.66234774906087,251.22837829589844,330600
2020-12-31,250.5589827444221,253.58056602427135,249.1365154429719,253.26446533203125,458700
2021-01-04,254.28721653262556,255.70037788557934,245.63154295369873,247.3236083984375,615300
2021-01-05,246.67270296837148,254.47301959090126,246.67270296837148,252.90179443359375,621300
2021-01-06,255.08671494628837,266.2433305887825,254.91937252110873,261.1112976074219,861200
2021-01-07,264.5883869100835,265.49021431649004,260.0513594787901,261.58538818359375,856100
2021-01-08,261.622613519993,262.8033734211794,256.5835583496137,260.93463134765625,1279700
2021-01-11,257.689867104839,265.3786222610573,257.29006693100933,264.05841064453125,753600
2021-01-12,264.84862521097136,269.8133133598238,263.75156534753745,267.5355224609375,741500
2021-01-13,267.03359981756364,268.7907520490116,265.3322283951939,266.1038818359375,872700
2021-01-14,268.56758919562066,273.1510913594556,267.54489389214405,270.6594543457031,557900
2021-01-15,267.740159950109,268.22360302386943,262.48723133481377,265.1276550292969,870300
2021-01-19,268.33516003866686,270.7152354534174,267.21951564766704,268.50250244140625,982400
2021-01-20,270.12954625611786,270.27830453682964,266.0759895044992,266.70819091796875,851000
2021-01-21,267.089442078897,267.703059492681,259.09385992273116,259.57733154296875,821500
2021-01-22,256.52779384609215,256.9554561663905,252.58577037397077,255.83050537109375,1114100
2021-01-25,254.74273014289992,255.64455773123515,246.67278477118865,250.8100128173828,1075400
2021-01-26,252.8554457979737,253.32030487188453,247.6025439373304,248.27194213867188,832700
2021-01-27,242.52620474063457,243.9765908092104,230.02151565013295,232.3551025390625,1454400
2021-01-28,238.63998856360254,249.21087675963395,237.81254018341036,246.87730407714844,1307100
2021-01-29,244.56229182514298,248.80180334538093,242.12643537137131,246.0126495361328,1265100
2021-02-01,248.95061612669483,250.2894125180773,245.06440111106184,249.3411102294922,689100
2021-02-02,252.42767551764913,254.49165005866948,248.68091411804173,249.5176544189453,995400
2021-02-03,249.63850826018765,253.35737905354227,248.58792272142776,252.1580352783203,665600
2021-02-04,267.61933590121106,267.61933590121106,250.0755615234375,250.0755615234375,2073800
2021-02-05,255.2540827531925,261.8922833394755,255.2540827531925,259.82830810546875,1529100
2021-02-08,261.6783930305659,261.9480191667992,256.2116472213597,259.0566101074219,858000
2021-02-09,258.2078636477371,259.466964909125,251.7165344622493,257.0979919433594,942600
2021-02-10,257.08874152748024,258.1426560555947,251.74459677759435,254.55189514160156,860900
2021-02-11,257.023327326053,257.7974537668828,248.75994454763222,254.63571166992188,1262300
2021-02-12,253.9642502030994,257.7228828295602,253.46993970502098,257.6389465332031,925700
2021-02-16,260.07324053811635,260.85667451643326,255.7456679386899,257.6203308105469,908900
2021-02-17,256.3798926721725,257.2565702090198,253.35804346566815,253.69381713867188,628300
2021-02-18,251.88446861326392,253.83373214751953,248.33102252729358,250.2709503173828,866800
2021-02-19,252.78907436602066,261.83589149758745,251.24084983842556,260.8939208984375,1621200
2021-02-22,260.89394237452643,266.35933622066915,259.3923395042996,263.3002014160156,1300900
2021-02-23,264.46603140041276,267.3759366540998,258.1052601820212,266.7510681152344,1133200
2021-02-24,266.6671531661657,277.67257078077347,266.07957062317996,277.06634521484375,1535600
2021-02-25,276.1616675216278,277.8031359239424,268.4112361282572,269.90350341796875,1216900
2021-02-26,269.69832234887633,272.49631290625075,264.9790187564836,267.6371154785156,829000
2021-03-01,272.47763620657827,280.535862519705,271.97398994635006,277.5419921875,639900
2021-03-02,276.56269453379764,278.4373571956157,275.21965687497726,276.0404052734375,645700
2021-03-03,276.9171635107429,282.50380958093683,275.71401945106714,276.57208251953125,751300
2021-03-04,275.24765655075805,278.4280426050896,268.7190118376466,273.4010009765625,1435800
2021-03-05,276.31085672746804,280.58244240176873,269.36250329568554,279.7896728515625,1147600
2021-03-08,281.5711052694745,281.9721437438874,277.6072853900823,278.6891784667969,1301700
2021-03-09,279.7523700227341,281.5524033723032,275.56469242416426,275.96575927734375,1339700
2021-03-10,278.260117577364,287.5587723625654,276.58130646126705,285.6747741699219,1346700
2021-03-11,287.46546318427664,292.6604042298119,284.96593254764457,287.5120849609375,1506300
2021-03-12,288.98573500465136,292.25936389884936,287.512111021969,291.51324462890625,713600
2021-03-15,290.8510997551025,294.2459798796203,289.12566669680535,293.7050476074219,737100
2021-03-16,292.30604209382625,294.3765559979287,288.75259678663576,289.0510559082031,794900
2021-03-17,289.60134817183007,294.7682833916385,288.8179142590356,293.4812316894531,705700
2021-03-18,292.9123045420144,300.07515358683486,292.9123045420144,293.83563232421875,870100
2021-03-19,292.5578285626117,293.28530482657743,286.3929375704005,290.10491943359375,1114800
2021-03-22,290.10496818206667,292.52059167663043,285.92665394851,290.0397033691406,841300
2021-03-23,289.21897891033313,290.9910340017917,283.2592450326555,285.1152648925781,1253500
2021-03-24,287.1018444354686,292.47399627191425,287.1018444354686,287.56817626953125,576000
2021-03-25,286.0012894666909,294.0222021814557,282.34526406539726,293.08953857421875,579900
2021-03-26,296.14860180040336,297.4450175601721,292.23140422084026,296.2045593261719,1068200
2021-03-29,297.0533272512415,299.12384137718084,295.00145614891187,295.82220458984375,548500
2021-03-30,295.72893129199457,298.92798874195995,294.89887557409486,295.96209716796875,694800
2021-03-31,295.65438278407237,297.69691849419723,293.1734940114404,294.1900939941406,688300
2021-04-01,296.2325392547406,296.7828072353816,292.55784324746617,294.91748046875,963400
2021-04-05,298.0139989877031,299.20780725727064,295.4957958824955,297.68756103515625,926600
2021-04-06,298.3217661504964,301.99646302033364,294.7869915911026,295.81292724609375,798900
2021-04-07,295.54238042321134,298.4056638697382,292.71641148192714,295.50506591796875,610000
2021-04-08,294.488602288943,297.0534278037319,292.66989644794535,297.01611328125,584300
2021-04-09,298.20046357453367,299.4688720703125,294.17135106565974,299.4688720703125,658300
2021-04-12,300.72802156471323,301.082438249144,298.34040527896315,299.5528564453125,739400
2021-04-13,298.18183615439096,298.6854824080818,293.2293953038857,294.35791015625,681700
2021-04-14,295.6636744950656,299.78603135499054,295.197342730473,296.27923583984375,509000
2021-04-15,298.1538795222881,298.68550458161513,294.02218678955245,296.90411376953125,458600
2021-04-16,299.97261317554444,301.6980466140835,296.2139798186833,299.48760986328125,565200
2021-04-19,298.452297780911,298.452297780911,294.2739553654318,296.1392822265625,765700
2021-04-20,294.2646873913193,295.97144917367314,287.6800849690179,291.1402587890625,774700
2021-04-21,290.4781133416292,297.02540210209605,288.7806586198885,296.2139892578125,476900
2021-04-22,296.37246917327155,297.351782922628,292.54857160595867,292.6418151855469,512000
2021-04-23,295.3186505358811,298.4523869366499,293.8636689639383,296.698974609375,759500
2021-04-26,297.5196488522989,299.8419717995619,296.0646961067087,297.6408996582031,736300
2021-04-27,297.9766956879266,299.38502688505537,295.9621388204735,298.0233459472656,760800
2021-04-28,297.76211266993016,300.41087319012803,296.58694773125626,297.4636535644531,859600
2021-04-29,296.3724396813132,298.2097877259388,288.4354934668219,292.791015625,1028000
2021-04-30,290.6178991598126,293.43453216830966,288.91110932778594,292.6790771484375,1063700
2021-05-03,295.65431429047464,296.6522710151676,288.7059601878706,290.4127502441406,845300
2021-05-04,290.77645729040063,293.4532251507388,284.9100250112332,292.6324768066406,1441300
2021-05-05,293.2946473192453,295.52369794422697,289.2655347817856,294.44183349609375,752600
2021-05-06,294.8161756813379,296.1168066401458,291.4008165014512,295.75189208984375,1136400
2021-05-07,294.5447366241639,300.64559580921934,290.07201444686007,298.73675537109375,775500
2021-05-10,300.40236076654554,303.80835315677416,295.56469506274334,295.98577880859375,1024500
2021-05-11,291.8405193241647,294.6570054752046,287.82628910564887,292.5890808105469,834500
2021-05-12,292.20547701130977,293.72133280682715,284.45774740193616,284.52325439453125,683500
2021-05-13,285.25311956389703,296.91213665800734,285.0659648817116,295.8828430175781,1000300
2021-05-14,296.40679122565416,303.36852158791106,296.40679122565416,301.15087890625,808000
2021-05-17,300.3181086819968,300.8608114824922,293.88037702428204,296.37872314453125,808100
2021-05-18,297.3238572558878,297.688800323267,291.0545465617696,291.1106872558594,906500
2021-05-19,285.3934267876829,287.48008408985464,281.65056217407397,285.3653564453125,1111300
2021-05-20,286.8251032504271,287.10580670534114,283.2600265940495,285.5151062011719,984200
2021-05-21,287.78890383072724,289.61356204367036,285.0098252689281,286.1607666015625,631700
2021-05-24,287.9947409624286,288.7526688264633,283.98987662864516,286.20751953125,508200
2021-05-25,286.544362220094,289.7070587686357,284.59805666860194,285.0472106933594,496900
2021-05-26,285.2344002570549,286.34790498962974,282.79219430873644,285.3467102050781,506800
2021-05-27,289.6603833278563,291.00781730660174,287.9761051323246,288.2755126953125,1378600
2021-05-28,289.2766892028782,289.6603363135936,286.78768041156576,288.3409729003906,718400
2021-06-01,292.2896633238338,294.4137573626312,290.4088646336403,293.11309814453125,666600
2021-06-02,293.9552699511241,294.34828336169716,289.8006872944162,290.5118408203125,561600
2021-06-03,289.0614654716577,291.1200240095392,286.41337259407715,289.3702392578125,512500
2021-06-04,289.3421891668082,290.70832693962205,286.80640604430573,289.17376708984375,598800
2021-06-07,289.68843918103704,290.2405084347849,285.42157464715643,287.6205139160156,458000
2021-06-08,288.1538553681593,292.11191717003027,285.5712691584081,290.98907470703125,523700
2021-06-09,289.72585158312603,289.72585158312603,285.3934804099428,285.76776123046875,617100
2021-06-10,288.39713978158943,288.5655904337376,282.7079967104199,283.6717834472656,719600
2021-06-11,285.8987439183311,287.0309525570825,281.3605145074109,282.5675964355469,771400
2021-06-14,282.0810453711314,282.53956580463,276.16733968921454,277.82354736328125,1119500
2021-06-15,278.95570843610517,279.0399194672474,275.11926631235906,276.86907958984375,1746100
2021-06-16,276.3544606343334,279.2926236508998,272.94846800321574,276.9252624511719,866400
2021-06-17,276.8504205513664,277.8890806563512,263.85333395406843,266.9131164550781,1239200
2021-06-18,262.8801970326471,267.43713184018236,262.4684794862438,262.9269714355469,1532800
2021-06-21,266.5763029068573,270.3565772266969,264.3960673437161,269.53314208984375,845900
2021-06-22,268.7377764520606,271.96598107816493,266.8944138992834,270.69342041015625,778300
2021-06-23,274.1181248262799,278.74056602597005,271.90045301975664,276.2608947753906,1295000
2021-06-24,277.37438163506835,280.45289632072604,275.81175137331763,279.65753173828125,1111600
2021-06-25,281.04235643757653,284.279926379406,280.55576575508564,282.3429870605469,1395900
2021-06-28,281.51019812698445,285.3934142822905,277.97319236434043,284.2892761230469,1160900
2021-06-29,286.5350638063716,288.0602860362702,282.98869081990176,283.1945495605469,982200
2021-06-30,281.772292915388,287.89188635844596,281.772292915388,287.36785888671875,957300
2021-07-01,289.86618852397527,290.0720472481251,286.32918212234284,287.29296875,996500
2021-07-02,287.6952887313341,289.83808677933564,286.21686973135826,288.4532165527344,709100
2021-07-06,287.0965063592079,287.6392092946679,282.1465587169326,284.3829345703125,1176100
2021-07-07,283.79342257154923,290.65221091979333,283.79342257154923,288.4252014160156,879400
2021-07-08,283.8401445946943,291.72822519373494,281.8470645484631,287.152587890625,1155800
2021-07-09,291.3352484687557,293.4499476910357,290.4088700004553,291.5411071777344,649400
2021-07-12,289.13639260216314,293.3751871184677,288.80888612268336,293.24420166015625,889400
2021-07-13,293.234798788043,293.44999527610327,289.3796519363861,289.8849182128906,675600
2021-07-14,291.69086791825913,291.93413475119445,285.1501912171209,287.1058349609375,657600
2021-07-15,285.1595940884946,290.5680341401313,284.62622884747185,286.5538024902344,704500
2021-07-16,287.6392000586974,288.31291697241363,280.2470466105143,280.71490478515625,659000
2021-07-19,274.96962568622837,274.96962568622837,267.830133071424,271.2922668457031,910700
2021-07-20,271.54483588944044,280.9862083375674,270.75880920089486,280.2750549316406,1061700
2021-07-21,282.61441925776654,287.3117052409909,281.2014783753693,285.5619201660156,603500
2021-07-22,286.27302419564296,286.27302419564296,282.5488633396063,283.43780517578125,426200
2021-07-23,286.46958655854263,287.93866824408695,284.0273803214301,286.96551513671875,449500
2021-07-26,287.18072411344446,289.47321216286116,286.14206405911733,289.3515930175781,451100
2021-07-27,287.62980663674574,292.01828919407694,285.9080637582394,289.3047180175781,517500
2021-07-28,290.19367760922955,290.5866624327307,285.77709588224235,286.62860107421875,516300
2021-07-29,289.13635815210705,290.94228389170456,287.0309963209024,289.4544982910156,519100
2021-07-30,288.5562289744032,292.09323583610376,288.2006521722759,291.9715881347656,491300
2021-08-02,286.3291778366807,298.02563117968236,285.6273906361006,285.8238830566406,1355900
2021-08-03,284.607511522341,290.37152813245734,281.9594180458532,289.5387268066406,772400
2021-08-04,286.6473309687924,290.3621258615958,283.73726695157495,283.84954833984375,830900
2021-08-05,283.4191235282819,285.8426253161452,279.5639483892973,280.93011474609375,1172300
2021-08-06,274.62339783955076,282.6424942625917,274.0245541909492,279.33941650390625,1413400
2021-08-09,279.47974051466684,280.46225977328305,275.4655381064154,278.048095703125,1111000
2021-08-10,277.80475825272555,281.9499735972499,276.5040992061955,279.45159912109375,1528600
2021-08-11,281.2950819587159,282.5021642062882,275.54043135244865,276.9720764160156,2338300
2021-08-12,276.21412340557333,277.9077677867459,275.30647736518273,275.69012451171875,1644400
2021-08-13,276.6257942159479,277.48663715808414,271.5448619299298,274.16485595703125,1191500
2021-08-16,272.96719103056415,282.7735092430173,272.5367694795381,279.7792053222656,1845900
2021-08-17,277.804883372709,279.1803592041428,274.7638047698115,277.29022216796875,1290100
2021-08-18,275.88664352805444,276.9720780715173,273.8842251099322,274.2210693359375,985500
2021-08-19,272.3120779994473,276.00816786552633,267.3995686754574,268.8592834472656,744700
2021-08-20,268.3353576531224,271.1238025548254,267.14700821191593,269.345947265625,625700
2021-08-23,271.24548767930906,276.94399740337275,270.17875722509234,275.6246337890625,828300
2021-08-24,276.14864547661296,281.8939584219432,276.1112088214541,279.75115966796875,1008000
2021-08-25,280.40615049080816,285.57129481863245,278.8434915140805,283.9992980957031,845000
2021-08-26,284.7222158646028,287.21030204509646,283.1073022327861,285.435791015625,741600
2021-08-27,287.0788104764156,289.51993382361456,285.64229093310576,285.9239501953125,783000
2021-08-30,286.1681320291685,286.1681320291685,282.59091540850693,283.1260681152344,555700
2021-08-31,283.7176154803201,283.7176154803201,278.187493389751,278.5442810058594,1452200
2021-09-01,278.581768396954,278.9948878123967,273.4647666764078,275.9997863769531,751800
2021-09-02,277.2861059424008,279.0794134353141,275.73692230651244,276.8636169433594,811700
2021-09-03,275.81204649071276,276.53499120264155,271.57758644918914,272.197265625,770400
2021-09-07,271.6903098876357,275.8121071035572,270.55424547550325,272.18792724609375,1225200
2021-09-08,271.4929852864706,271.73710904694633,265.8408039058695,270.17852783203125,1043700
2021-09-09,270.1785428184613,271.75589185128194,267.0050483683417,270.4226379394531,741700
2021-09-10,271.95311134924657,273.26756915708944,266.08497055259863,266.69525146484375,799700
2021-09-13,270.00961176987755,273.47416484434416,266.79858074912585,271.8310852050781,907800
2021-09-14,273.80273169229804,273.87785993503906,267.42757594529047,268.2538146972656,643400
2021-09-15,268.6106076188451,272.8169010530113,267.7749993094971,272.4601135253906,577400
2021-09-16,271.56813507164173,273.60556599249304,269.41806909446876,271.8498229980469,640400
2021-09-17,275.8683582357642,275.90589370814155,267.4839652158335,270.0565490722656,1302200
2021-09-20,263.8222546022013,267.74688957671316,262.066511176964,267.3431396484375,1003600
2021-09-21,268.71393590468284,268.7796373104565,262.2824473563341,262.3951110839844,894900
2021-09-22,265.93479628360205,269.7092035423173,264.5076744694484,267.96282958984375,652900
2021-09-23,269.48380613494135,275.6805688461423,269.4274742728149,273.3145446777344,1032600
2021-09-24,273.26759249220396,274.1313954985669,270.1222916790393,270.25372314453125,644900
2021-09-27,271.32404073263166,278.05595526377044,270.7888594585831,273.248779296875,707000
2021-09-28,272.63857962186194,273.2206947306164,267.44644866537067,268.4886169433594,917100
2021-09-29,269.83128064590954,272.79818818248003,268.0285747213607,270.95794677734375,777300
2021-09-30,271.8592459778416,272.4132237460918,262.38572184735733,262.53594970703125,918700
2021-10-01,265.2212148936598,274.89190014428186,263.5969030920169,273.8684997558594,1090500
2021-10-04,272.61038691885227,274.45062806813604,269.1458338892765,271.2959289550781,962700
2021-10-05,271.4836945596832,277.53022989660684,270.47906185099697,274.1032409667969,940900
2021-10-06,271.0330189423465,275.9904233924037,267.3055745733409,275.64300537109375,995600
2021-10-07,278.2813558348947,280.0183027253855,271.31468592385784,272.0564270019531,835400
2021-10-08,273.03287825280506,274.5257586760221,270.1035065790109,273.1737365722656,470000
2021-10-11,273.6807786735999,274.9389050362884,269.6059438010904,269.86883544921875,583800
2021-10-12,271.02367988321197,272.4320340530563,266.5451239382009,267.31500244140625,416100
2021-10-13,267.34311636609056,270.2067864794599,265.7094350158823,268.3571472167969,510200
2021-10-14,271.38983488459206,277.4645369677743,270.6481223246288,276.5068664550781,454600
2021-10-15,279.51136805584935,283.2200168316068,278.3471091287955,279.74609375,431900
2021-10-18,276.6664500004377,279.05124204537594,275.69938143971785,277.7086181640625,469400
2021-10-19,278.5911865022985,279.32352939964517,276.2157640202481,278.1405029296875,359500
2021-10-20,277.9152167328267,282.80689208557743,277.0608117835605,281.99005126953125,479900
2021-10-21,281.1450051961044,281.1731711288206,278.5254588413627,280.919677734375,318200
2021-10-22,281.6989566793505,284.06498100652783,280.60042798810434,280.96661376953125,325300
2021-10-25,280.62857654620944,285.9990712353414,279.6614794830208,285.33245849609375,738600
2021-10-26,285.8300649669862,289.18195357837146,284.09308971001684,285.6141357421875,720700
2021-10-27,285.8864367366835,286.8723016351633,279.4831429325866,279.7742004394531,869600
2021-10-28,280.04647702235815,285.85828659196306,279.73665176191787,283.2481384277344,774600
2021-10-29,281.77404301835656,284.2151954871816,278.1498927681498,278.4691162109375,713200
2021-11-01,279.17328261751163,283.99925550975496,277.8869907000241,282.440673828125,613900
2021-11-02,283.79264191634303,285.3418251092908,282.52511797555786,283.4827880859375,1119900
2021-11-03,281.26709410483886,285.76441749382184,279.95263603026103,285.50152587890625,850600
2021-11-04,300.44883816912534,309.77213430183286,299.20947983494955,305.7442626953125,1617600
2021-11-05,309.95062690219646,310.4013106182178,302.6835274812426,305.8476257324219,940500
2021-11-08,308.7487577158072,312.2884105486013,306.6549943981177,309.34027099609375,883300
2021-11-09,310.11015409830776,312.6545721733253,307.8473953478184,309.43414306640625,554300
2021-11-10,309.4058344017279,309.85790208007984,305.87391195031074,307.7858581542969,558000
2021-11-11,308.07790711004554,309.5754391643096,305.4407204243623,307.8895263671875,419300
2021-11-12,309.9521613646003,314.8968538963459,307.73881705419836,314.5766296386719,920300
2021-11-15,315.2735963985636,315.49965903788427,308.7371812926631,309.2363586425781,689800
2021-11-16,310.84691261678086,315.31125418762593,309.7355123108327,313.14501953125,790500
2021-11-17,311.5721343433667,313.2109375085123,309.0008839093757,310.1687927246094,446400
2021-11-18,310.5266565948712,313.1638140582172,308.5676006996479,312.9754333496094,761900
2021-11-19,313.9079660208327,315.34898973144504,310.55499544263824,310.5738220214844,865500
2021-11-22,311.694632575495,313.0037840523724,307.49400591318465,307.59759521484375,547600
2021-11-23,309.20813049687627,310.479628757457,306.5144638606083,309.8862609863281,697100
2021-11-24,307.89888171223254,309.10444345192735,305.8927451177176,306.13763427734375,499000
2021-11-26,297.679875602668,297.679875602668,289.17500648263643,291.63323974609375,684600
2021-11-29,295.32526674764944,296.26711286656473,287.14062167484656,291.1623229980469,716600
2021-11-30,287.89419042413317,291.44494086519836,282.47857383690086,284.4941101074219,1397800
2021-12-01,290.16391972469034,291.36948152432535,276.0174023383475,276.0550842285156,801200
2021-12-02,278.10833383127914,289.18445390469486,277.73160111469207,287.1971435546875,706200
2021-12-03,288.86424888193966,289.3257443347559,282.35608801405135,287.63983154296875,650400
2021-12-06,291.8216300961035,296.22006460152465,289.2503795615478,293.5357971191406,710300
2021-12-07,296.70977176576434,300.9857610505884,295.31582920897347,296.17291259765625,552700
2021-12-08,296.7003722866074,298.92314421028345,295.11807760777214,297.84002685546875,409100
2021-12-09,296.56854883026756,301.5885766456569,295.11809757178366,299.8085021972656,486500
2021-12-10,301.9465557443177,303.9715199020594,299.3093971309155,300.3830871582031,451000
2021-12-13,301.39071739042356,301.8616403863461,295.6171968615559,295.8338317871094,637000
2021-12-14,294.2892788236072,298.99851019516854,291.6144388537045,293.2909240722656,624500
2021-12-15,293.9125367019812,297.7458578146373,289.3351777511788,296.78515625,717800
2021-12-16,299.9026955856706,300.3265091524702,293.7900938777399,294.92974853515625,827300
2021-12-17,294.46819799623205,294.60007025602204,284.56941433857156,285.0120544433594,1554000
2021-12-20,280.28397386294563,280.28397386294563,272.9187305569149,279.14434814453125,824000
2021-12-21,282.8552832311572,288.61937789693997,281.71562853135526,287.57391357421875,623300
2021-12-22,287.14068643487013,289.4764756840107,286.41547510717595,288.6570739746094,426400
2021-12-23,290.0132503769122,294.9861964057334,288.96778630786434,293.75238037109375,633200
2021-12-27,294.3740005959259,298.1696394037704,293.7241244576096,298.12255859375,375200
2021-12-28,297.88712743780957,300.44895035860696,297.88712743780957,298.9608459472656,306100
2021-12-29,299.9497904903061,301.31547911416493,298.93260913934137,300.0722351074219,281600
2021-12-30,300.51490086568964,301.3531291125254,296.3990372016671,296.68157958984375,439700
2021-12-31,296.6815313393238,300.7973943339668,296.3141975515676,299.6200866699219,357300
2022-01-03,299.8932352326604,303.2932860280853,295.86213487163894,297.6233825683594,880400
2022-01-04,301.2400660130967,307.97426016652196,298.0660491196844,305.1958312988281,712500
2022-01-05,306.55213271144834,307.7105852220837,299.50711230108504,299.8555908203125,1015200
2022-01-06,301.86173304967133,306.8723621626998,299.66724386188173,305.2806396484375,594400
2022-01-07,305.64793849494737,309.142208820667,304.0373894354668,304.9132995605469,621800
2022-01-10,302.0784214578894,303.1521114617591,296.94534682180114,298.9891662597656,576800
2022-01-11,299.3281515081412,303.32157037166843,293.8465994880508,302.6811218261719,543700
2022-01-12,305.7138635902932,308.21917800503957,304.1127422489736,306.20361328125,529100
2022-01-13,306.26954960112573,311.28017843365575,305.600846827077,308.727783203125,499500
2022-01-14,305.3841866823312,307.9836912557844,301.6450563146183,307.9177551269531,775900
2022-01-18,304.8003190704352,308.8502757258909,303.01081670773164,308.822021484375,816700
2022-01-19,308.9914598784618,310.99759668949326,303.8489594284519,304.3010559082031,907700
2022-01-20,304.28221457883325,307.4656588717518,294.9955974480958,295.956298828125,906100
2022-01-21,296.8134070098305,299.17742128128964,290.8515048344975,295.24993896484375,846300
2022-01-24,288.958410482736,297.05829377051055,281.0563355971774,295.89984130859375,1018500
2022-01-25,289.5234854468417,297.28431685747324,284.4469499131583,293.6676025390625,812100
2022-01-26,297.2184030673588,303.547610485908,290.8985945653715,295.6361083984375,861100
2022-01-27,299.93092029379704,303.6417964530434,286.55669336279243,290.72906494140625,915600
2022-01-28,288.4497933176956,290.74790008147755,280.3969919858236,290.61602783203125,815700
2022-01-31,288.43097190877154,293.38509213254673,285.5112716747782,291.98175048828125,729400
2022-02-01,291.76515030150335,299.62014511920387,290.25819044897867,298.7630615234375,1104200
2022-02-02,297.1524205162206,302.33257364724824,296.01279487539523,301.1175842285156,950700
2022-02-03,317.4869868746793,320.22776323860114,291.548530004349,293.441650390625,1607000
2022-02-04,291.9723126788112,293.4321627450596,280.6042225094488,285.35113525390625,1173000
2022-02-07,285.37946390045744,291.9723888090489,284.71076099344725,286.10467529296875,1107500
2022-02-08,286.4625326562746,287.24428114378424,282.1865426113691,287.0088195800781,1026600
2022-02-09,289.35398127119055,296.70036989430895,288.3933085259717,295.97515869140625,708500
2022-02-10,291.4489021212706,296.50435535940875,285.4863112432387,287.6596984863281,799300
2022-02-11,287.31001591594014,289.84248602695186,281.57423166025126,283.98382568359375,733300
2022-02-14,284.31448622864497,286.30830233953316,280.6859081636038,284.5601806640625,764800
2022-02-15,287.98094020637274,291.987490721646,287.6313157861564,289.47393798828125,733500
2022-02-16,288.1699404569396,293.97190696147237,287.33838562421573,293.1498107910156,664400
2022-02-17,290.5889451714645,291.95912445339803,285.2878272474995,286.3367004394531,407100
2022-02-18,284.93816488516023,289.0959089683418,282.54745987452765,283.51129150390625,555000
2022-02-22,283.4263316616335,285.5713428432711,277.6054767347721,279.0512390136719,624300
2022-02-23,281.3381076023435,281.3381076023435,273.55175164421007,273.9580993652344,643300
2022-02-24,267.82527526874674,274.0430183936826,264.9148625641721,273.2681579589844,1310700
2022-02-25,273.7029139001845,282.3869480792483,272.83358191829564,281.583740234375,555300
2022-02-28,277.13301868524604,281.90497165583463,275.4510204684709,280.0718078613281,755700
2022-03-01,279.8071354828342,281.10173197523784,269.27102387848464,271.7845764160156,944500
2022-03-02,275.1297053220879,282.4246690335292,274.6099691845718,280.94110107421875,756500
2022-03-03,283.3318816406303,283.69096481764103,276.34876352875824,278.7300109863281,584200
2022-03-04,273.85402209868545,274.71392398299776,267.03153015395117,268.22216796875,1018900
2022-03-07,267.41896462230403,269.2710454900975,256.90174065762943,256.9490051269531,1243400
2022-03-08,259.60428551087773,268.0426223343307,253.7267369788472,256.6654968261719,1162200
2022-03-09,263.35566436016956,270.4427379022907,262.58080406526074,262.769775390625,844200
2022-03-10,257.40256500323204,261.3146443480786,255.31424825610134,260.4547424316406,979700
2022-03-11,261.9383093145623,263.87543165568496,255.42763576229572,256.0607604980469,1002600
2022-03-14,259.5003157554248,262.5335755725387,256.0985142216905,258.8861083984375,868600
2022-03-15,262.8832962031362,265.38739073893214,260.59652021886615,263.77154541015625,684500
2022-03-16,266.7669000430587,274.3642510911857,263.79979352888046,270.168701171875,653800
2022-03-17,264.73536888753176,272.95635986328125,264.73536888753176,272.95635986328125,463100
2022-03-18,271.0286450965797,274.6950297263244,267.4000662734229,274.402099609375,982800
2022-03-21,272.82410334935867,275.43215677952793,271.0287163689418,272.6445617675781,699100
2022-03-22,274.07140269791876,277.00073312176283,272.7390289905043,274.2414855957031,511000
2022-03-23,272.6445207420216,273.72177007060833,270.357745002981,270.95306396484375,579600
2022-03-24,272.24759747533494,273.4193467645061,270.3293637498809,273.2209167480469,380700
2022-03-25,273.22101540234456,275.98969332114365,271.93587706830345,274.4399719238281,342800
2022-03-28,273.5044152715327,274.11862270343045,269.3088643411224,270.8963623046875,676600
2022-03-29,274.94076260045273,281.527020186462,274.21316646067345,281.3852844238281,645200
2022-03-30,280.6481649114917,282.47189859078674,275.47932381838075,275.59271240234375,566800
2022-03-31,273.4382645803873,277.28419110470827,268.11822867233843,268.13714599609375,777600
2022-04-01,271.1231896958023,283.07671867370016,264.5463624642829,266.6630554199219,836900
2022-04-04,266.0015817822505,269.3561195024543,262.7509739998389,268.4962463378906,539100
2022-04-05,265.86928266908893,268.04266996716825,258.7349709574615,259.3208312988281,791000
2022-04-06,255.3520530603081,258.9522849338541,252.2431813496295,258.3758544921875,1896400
2022-04-07,257.79002822713454,262.94941154856946,254.0669486124773,261.39971923828125,1160300
2022-04-08,261.06899771715587,263.7337453968348,258.40425003747697,258.9712219238281,587800
2022-04-11,258.8200009066206,262.6375804559455,255.01188001960261,255.5316162109375,609400
2022-04-12,257.7333013489343,261.8438107309584,254.27480519207032,255.38040161132812,428700
2022-04-13,254.74728998999842,260.8043806978513,254.45435984040824,258.4892578125,490900
2022-04-14,260.63424627586625,262.0422024479442,257.648222235432,258.7915954589844,509300
2022-04-18,257.66712806880554,260.04840360326153,254.69056248811603,256.38201904296875,468700
2022-04-19,257.8372307622316,267.6930119003003,257.67660654034313,267.3717346191406,549000
2022-04-20,269.38442669550705,275.17693381202645,269.38442669550705,273.50439453125,623100
2022-04-21,276.43372073451326,278.74881451438836,269.01591007067634,271.1703796386719,619000
2022-04-22,268.5150737796716,270.6128489200354,261.14449922608406,261.8154296875,617700
2022-04-25,259.46246779197475,263.0816160708489,253.46210208246404,262.93988037109375,704600
2022-04-26,259.9728304012784,264.04553425492935,256.2403211759749,256.4387512207031,512900
2022-04-27,257.2608266916139,260.5870168976841,255.07800986303926,256.7411193847656,661700
2022-04-28,258.12072982217114,262.21232185310373,253.55663727725303,261.14453125,625400
2022-04-29,260.2374044641715,265.34955167684785,254.79455013410703,255.90957641601562,776800
2022-05-02,255.35209815777577,262.38248026366324,250.80692212703937,258.0262756347656,873500
2022-05-03,257.52545000722796,263.4880411645314,255.8529103994953,261.2107238769531,843500
2022-05-04,261.96669259082773,275.2053311993223,259.93504102923237,274.5816650390625,1235300
2022-05-05,255.4748177649253,267.41891309640147,255.1346520707717,260.95550537109375,1563800
2022-05-06,257.61995077384597,260.4642399341034,245.9026571524729,256.5899658203125,798000
2022-05-09,252.11084067732818,260.81378853497506,251.02416173699237,256.2591552734375,1003800
2022-05-10,258.64991173448465,259.52870218615715,247.44286787929565,251.1092529296875,807100
2022-05-11,250.72183990781937,258.1774577786517,248.52959295895826,250.30609130859375,558100
2022-05-12,248.59659847704478,251.08483904038548,241.08437380184694,247.3429718017578,1116800
2022-05-13,251.10377423120346,253.94343199662308,248.82447188834854,252.00601196289062,811200
2022-05-16,250.04963453416866,255.2160691811049,245.8138989267281,252.0535125732422,719400
2022-05-17,258.35960760184133,260.47744637837883,253.47807501131894,258.7489929199219,638200
2022-05-18,255.69093888782825,257.3149380810731,249.28986113324666,250.10662841796875,535800
2022-05-19,247.2385077885948,253.78203726343838,245.5480216181255,249.47984313964844,559400
2022-05-20,251.91107077467385,252.10102473976806,240.59050714650732,245.75692749023438,660000
2022-05-23,249.5178488059311,250.46756082348554,246.13687634207008,248.47315979003906,592100
2022-05-24,246.87759159306836,249.66024018400634,241.28377523388292,248.89097595214844,481600
2022-05-25,247.50435836313292,251.8350704868003,245.4814967376043,249.36581420898438,712000
2022-05-26,253.38317612665557,256.070877594145,252.31002580167518,254.5323486328125,393700
2022-05-27,257.0870245128901,259.6417518583201,256.9350671300016,259.00543212890625,472200
2022-05-31,256.6215765270815,259.8980933088572,254.5417056974151,258.4830322265625,1075700
2022-06-01,259.66071953008276,261.0852873003845,255.23505884573,258.7964782714844,648100
2022-06-02,261.3416199958911,265.23544318654825,258.9293735023676,264.798583984375,501500
2022-06-03,262.10153549482743,264.570763577281,261.03783367955293,262.91827392578125,340700
2022-06-06,264.67518294798873,266.43215556851123,262.0539691144978,263.8299255371094,574100
2022-06-07,261.98748783692236,269.80362652202564,260.8003480660752,269.490234375,507500
2022-06-08,266.9924743776645,269.71814251866965,265.4159493624591,268.78741455078125,694700
2022-06-09,267.9801536593757,269.6136588848924,262.9656772201219,263.0321350097656,613300
2022-06-10,257.20095862371903,258.06519984636043,250.23007743568348,250.353515625,632800
2022-06-13,239.5268538753836,245.55751597714712,238.6151240401248,240.41957092285156,767400
2022-06-14,241.0843545513798,244.50332294601978,236.97210057640675,239.9257049560547,663500
2022-06-15,242.11004038114461,245.10162697899196,238.50114686356784,241.97708129882812,665000
2022-06-16,236.00336091109702,236.00336091109702,226.2783077435525,228.4436492919922,980100
2022-06-17,221.27338205150272,227.3230422515107,218.85161379449198,224.4833984375,1518100
2022-06-21,228.1018001376794,230.21966813593062,224.5593787624484,229.7353057861328,925500
2022-06-22,225.26216328281131,233.49616354880945,225.26216328281131,231.60623168945312,832400
2022-06-23,230.3146217315754,232.10008469494315,223.65714670063667,227.8928680419922,693400
2022-06-24,231.2643375169332,240.75196453136468,229.92525476322194,240.37208557128906,921200
2022-06-27,241.74913832342338,242.7463385982464,237.25700562769703,239.2039031982422,635400
2022-06-28,240.70445078212953,243.9999663511105,237.09554307426885,237.42794799804688,808400
2022-06-29,238.78606797991392,238.78606797991392,233.30624047723936,234.8922576904297,906900
2022-06-30,231.01742421287315,235.96542968530636,228.67163461447856,233.67662048339844,1127800
2022-07-01,233.4486690118511,238.09275940817471,228.69061783006896,236.5352325439453,969400
2022-07-05,232.2520504635131,234.17996448128696,226.90516777352983,233.9235382080078,572400
2022-07-06,233.19226291926566,235.0821948931251,227.86437836653676,231.8436737060547,779100
2022-07-07,234.61679295421314,238.54859916385263,232.8503284547257,238.3396759033203,749900
2022-07-08,237.5514525502211,238.33020880664756,233.79058688586983,235.56654357910156,291800
2022-07-11,234.59783246958867,237.85533725951373,233.9615272494665,235.57603454589844,806800
2022-07-12,234.27489639551138,241.23628552529888,234.27489639551138,236.57321166992188,542500
2022-07-13,231.92911928044822,234.75925631638643,230.32410405977214,232.85983276367188,921300
2022-07-14,228.43420674327191,233.23025483304846,226.6297598935519,232.3565216064453,751500
2022-07-15,237.42797984901074,238.66260824251637,234.094496228854,235.87045288085938,2553600
2022-07-18,238.6626016199052,241.16033404441896,234.26543091785268,235.3006134033203,785500
2022-07-19,239.22296022651577,248.27372911259826,238.30173840745903,246.91561889648438,1015700
2022-07-20,247.1625014845083,252.79428562871928,245.10161407988275,251.8540802001953,784700
2022-07-21,250.913807688865,255.05453621075077,248.85292083522577,254.80760192871094,588100
2022-07-22,255.45353311394388,256.764111271455,252.25297946711842,254.3993377685547,464600
2022-07-25,254.2853519154272,255.86187708965835,252.29095120186227,254.09539794921875,396900
2022-07-26,254.11445765982833,257.72335182095213,253.06026222364596,256.7261657714844,732000
2022-07-27,257.99871368089896,265.48244737801514,256.0897836690217,263.1176452636719,841800
2022-07-28,264.47579471777505,268.9204396954046,263.4595959736559,268.72100830078125,771600
2022-07-29,269.66123495687117,275.51146451445544,267.9992389115203,274.55224609375,800300
2022-08-01,271.30419739668685,274.8846006433416,270.20252817089175,272.8522033691406,1007400
2022-08-02,271.1807364487108,276.0527629965692,269.87012942613995,271.22821044921875,741300
2022-08-03,272.21597478609567,276.5276756915832,269.80369801729194,275.4734802246094,820700
2022-08-04,279.82312022417204,282.054919939809,272.1209418616089,278.7119445800781,1176500
2022-08-05,275.6824192653866,279.0633919250916,274.4003021708389,278.0946960449219,618200
2022-08-08,280.69683780221527,281.6370432783946,276.480114783432,277.83819580078125,595800
2022-08-09,276.72702041940767,277.7906929654639,273.80189193484983,275.1789855957031,453300
2022-08-10,280.92477781630345,284.7901123343938,279.63318350092936,284.6191711425781,620400
2022-08-11,287.45873818265534,288.826325386313,286.0056804016318,287.05987548828125,721100
2022-08-12,288.2565413017715,292.70121495675465,287.610744174972,292.5112609863281,420600
2022-08-15,289.72859490297816,291.5710381716133,287.85766143876225,291.0107116699219,486200
2022-08-16,289.9280299996998,292.2833258019759,288.3799950597974,290.7162780761719,806200
2022-08-17,286.02478842140647,286.9174910765449,282.9477016971642,284.14434814453125,924700
2022-08-18,285.21743978556236,285.9962103766492,282.33030794964446,285.6163024902344,698300
2022-08-19,283.69798032943976,283.69798032943976,279.5477433726595,280.8868408203125,516300
2022-08-22,275.93876221811803,276.6700588805302,270.268981400728,270.724853515625,774800
2022-08-23,270.8673325753533,274.75165090738443,270.33549621095693,271.1997375488281,439200
2022-08-24,270.40199334343725,273.77345924484234,268.8349743890223,271.04779052734375,480000
2022-08-25,272.3488592154533,277.80970240157274,272.30138521569285,277.6767578125,472300
2022-08-26,278.31596631225955,278.31596631225955,263.3850628573891,263.50909423828125,964300
2022-08-29,261.257540544612,264.9401956202808,259.2635757831211,260.7614440917969,798200
2022-08-30,262.14477301921875,262.488246768437,255.34240890981735,257.22186279296875,757600
2022-08-31,257.3744850018747,258.5670494803351,251.96502883217104,252.82366943359375,972100
2022-09-01,250.5148197815457,255.61900092020812,250.18092506251713,255.35186767578125,644200
2022-09-02,259.206284982357,259.5020386530649,250.98236473938044,252.69964599609375,491500
2022-09-06,253.54882258237797,254.6745967493191,250.53401531852202,254.28343200683594,649700
2022-09-07,254.34067271065257,261.3338888973864,253.20534870888105,260.4656982421875,432600
2022-09-08,257.8228915811571,262.23060525510687,256.0674401547332,262.1352233886719,462600
2022-09-09,263.709427405211,267.2871211922217,263.17516079557845,266.1708679199219,662300
2022-09-12,267.64966717626595,272.05738129121437,267.5542561849411,269.5672912597656,636800
2022-09-13,262.10656351834757,264.05280749977635,256.91652133719185,257.86102294921875,719600
2022-09-14,259.18722201491795,260.2652759119156,255.06571193980545,258.32855224609375,584600
2022-09-15,258.68157041742717,260.99990886809434,254.4741992762099,255.24697875976562,501300
2022-09-16,251.35443372274744,252.43251672068038,246.7559270041419,248.14883422851562,1041400
2022-09-19,246.717742375441,253.55827584300843,246.18347582427663,252.976318359375,605100
2022-09-20,249.33188134849283,249.8279777779568,245.4966037873683,247.0612335205078,830300
2022-09-21,249.47497284665437,253.86361654479524,245.84003815326875,246.74639892578125,1346000
2022-09-22,246.75595780245192,248.19655614188557,238.5034014568657,238.9231719970703,900400
2022-09-23,236.22318066925834,237.09135655659895,230.1935676031108,233.38009643554688,845200
2022-09-26,231.1381099140821,233.92393913693368,226.6254348822065,228.9533233642578,1351000
2022-09-27,231.96812946261392,233.2942607416315,224.86044721812883,227.34097290039062,1334800
2022-09-28,230.0504872172629,237.5874896976588,227.99926736209554,236.4617156982422,1562600
2022-09-29,233.74266514302474,234.94476503728353,230.32715832993236,234.2769317626953,1312300
2022-09-30,234.8112352461585,238.44617044348888,230.9091666970547,231.17630004882812,902100
2022-10-03,235.02109818276807,242.64397669785123,233.05575396066922,240.66908264160156,871200
2022-10-04,245.92592258794724,251.2304482793045,245.92592258794724,250.94424438476562,1262700
2022-10-05,246.61282325847804,252.69967797624358,244.69519907271228,251.0968780517578,983300
2022-10-06,251.32584901268763,253.29119331581276,248.74037688650154,248.9407196044922,774700
2022-10-07,246.021325278953,246.87044532964663,240.80266093227974,242.5104217529297,613000
2022-10-10,244.9813985612384,245.05770988779383,239.3143290368569,241.2510528564453,711200
2022-10-11,239.08535113844144,246.9753478626556,238.60832530979943,243.28317260742188,822200
2022-10-12,244.1895244674053,244.61884481166481,240.85034358900603,241.53726196289062,697000
2022-10-13,236.43310177928814,248.69267207686386,233.6091023120799,247.25204467773438,1357500
2022-10-14,248.20608969315424,249.9424707463462,240.94575579297845,242.55810546875,746000
2022-10-17,252.55652044614712,255.01796056583774,247.61454054247852,249.9424285888672,906000
2022-10-18,256.8974837504663,258.09004834284565,251.15410315509206,254.56959533691406,904300
2022-10-19,254.09258347250943,255.8575849893576,250.1714448525091,253.37704467773438,662500
2022-10-20,254.35021443010484,256.46821058011875,247.03262434997356,247.9676055908203,861400
2022-10-21,249.02652690242275,258.7960346435868,246.99442154309824,257.011962890625,1914000
2022-10-24,259.1204203308409,265.6747501630647,258.5479835478874,264.358154296875,916900
2022-10-25,263.814364028273,269.6245353527616,262.8316919477506,268.90899658203125,1028400
2022-10-26,271.0461026203652,271.2273747784966,263.9956463523827,266.08502197265625,1088700
2022-10-27,268.7182247014182,274.0323000414637,267.76417293259203,270.54998779296875,817800
2022-10-28,272.0478697338508,278.89795479069994,269.92987353596874,278.24920654296875,939800
2022-10-31,275.49189679480935,279.48937456569183,274.6713974353049,277.26641845703125,991500
2022-11-01,279.756586171434,280.1572715746792,274.4902022345793,275.6636962890625,856200
2022-11-02,273.13548390042774,281.55974804959595,270.23515842557487,270.5213623046875,1124200
2022-11-03,270.5214165832724,280.22413764686974,265.9515287428755,273.02105712890625,1807900
2022-11-04,278.9742869383012,286.2727772964497,274.1086169944188,285.1470031738281,1580100
2022-11-07,286.3300462623696,287.44629977543514,284.4314923334727,286.826171875,1019900
2022-11-08,288.8487311214233,289.48792952025246,282.06540771076453,285.5,604900
2022-11-09,282.3324972251945,282.8000023311831,274.97676717088405,275.94036865234375,1037400
2022-11-10,288.1799376283916,291.975427832165,285.55373955696956,290.7198486328125,1142100
2022-11-11,292.63677753889937,296.94025009834206,289.6463894374694,295.75177001953125,819200
2022-11-14,293.892339508402,299.81561014959146,292.97222689662806,294.2086181640625,828200
2022-11-15,298.9050307004158,300.2277088933196,294.72616320674547,298.1382751464844,1160800
2022-11-16,297.1606435498256,297.7836360645312,293.6718386677171,296.5184631347656,668200
2022-11-17,291.61118428446144,292.4642269324857,283.2055084177776,291.5057678222656,866700
2022-11-18,294.9945189542531,294.9945189542531,289.95301509870893,292.933837890625,732400
2022-11-21,291.3907326223612,295.87634355678335,291.3907326223612,294.6399230957031,508900
2022-11-22,296.65266909710925,298.6366570951842,294.0744119198206,296.53765869140625,677700
2022-11-23,297.2660645260445,297.70694749318176,292.6654728476029,293.6239318847656,801500
2022-11-25,294.9466223557842,295.5408623036704,293.0584568037121,293.3172302246094,344400
2022-11-28,290.41310407624314,291.7836935540647,281.5857040531906,282.8125305175781,1345500
2022-11-29,282.9083901082124,286.6463748102268,280.5026483673675,282.06494140625,1115900
2022-11-30,281.91160323590924,286.6176413187323,276.6975829577839,286.52178955078125,1660500
2022-12-01,288.58253468443104,289.5026475103349,283.9435947394307,285.16082763671875,1028000
2022-12-02,280.96275354103375,285.1895330177814,280.10971078391736,285.026611328125,893700
2022-12-05,280.924374585098,281.9882501708808,278.154413681831,280.70391845703125,659700
2022-12-06,280.48351724627963,282.52501079364384,275.17364503307294,278.0394287109375,701500
2022-12-07,276.9851051264196,280.10969136870597,276.9851051264196,279.9275817871094,685700
2022-12-08,281.78702697281403,282.965942411526,278.85414393002424,279.97552490234375,537700
2022-12-09,279.7837767917074,282.08407259593304,277.0905092782416,277.4163818359375,504800
2022-12-12,278.1736255281653,283.953133362889,276.4388167075335,283.5505676269531,754800
2022-12-13,291.93714731113903,291.93714731113903,283.8956880951519,285.89886474609375,1047300
2022-12-14,286.1000843320556,291.6399775923437,282.6879717634272,284.6528015136719,697000
2022-12-15,280.59849237197784,280.7326614345714,276.81256726891746,277.5985107421875,740800
2022-12-16,274.3685538012368,277.4931110610545,272.72000272402886,273.8797302246094,1201300
2022-12-19,273.8988374914422,276.60169908473534,270.1800408753166,270.9563903808594,676200
2022-12-20,270.6975556154985,276.1799420075822,269.5090758713598,274.7135009765625,554400
2022-12-21,277.5602169540466,280.6464569786082,276.4771532971563,280.1001281738281,569400
2022-12-22,277.205492145133,278.81569612315866,272.3460983633834,278.45147705078125,623700
2022-12-23,277.82857395874584,279.0937471697728,276.4867368788026,278.873291015625,325200
2022-12-27,279.8797080060488,282.9371954961385,277.57938229887753,280.41644287109375,378200
2022-12-28,280.8285144416752,282.0265883087472,274.87649166001967,274.9531555175781,314300
2022-12-29,277.5314438796781,281.2981815193461,275.64327808386287,279.8700866699219,542500
2022-12-30,278.7103833516714,279.66884263555914,275.54745016492825,278.9116516113281,324100
2023-01-03,280.8285557747004,281.672004581236,276.62090569432337,279.64007568359375,638800
2023-01-04,282.43873005871137,284.5665105022043,279.50584745414693,284.55694580078125,757800
2023-01-05,283.8764203903279,286.4067665538409,281.4611138932168,285.7166748046875,722300
2023-01-06,290.2597207151507,297.6015201819562,290.2597207151507,295.7325134277344,1135000
2023-01-09,296.6910450875821,299.65270986952635,296.0105472193306,296.66229248046875,878100
2023-01-10,296.5855981531926,298.2533076942063,294.7070264317179,297.6015625,983000
2023-01-11,300.9082336981607,300.9082336981607,294.96577582402455,298.3874816894531,866100
2023-01-12,300.5344286463055,303.8315302419156,298.2341326900276,302.0871276855469,711500
2023-01-13,300.486499249135,305.58547904856505,299.06796935765095,304.3011474609375,567500
2023-01-17,304.34908257862884,305.7484245448957,301.56955729637207,301.6366271972656,691600
2023-01-18,302.585603637456,304.349165186596,294.6783146495419,295.0233459472656,863200
2023-01-19,292.7901153458033,292.9146904669908,284.7773815413385,285.438720703125,824700
2023-01-20,286.86683648760476,293.51854589883123,285.1320276173711,292.63677978515625,864700
2023-01-23,292.9434068847085,299.18295474582607,292.2724739212204,298.76123046875,994000
2023-01-24,299.0488468431391,303.3044077819713,293.9785897820352,299.7005920410156,680700
2023-01-25,294.87950129612926,297.41941181206136,291.8316086770107,297.3139953613281,447400
2023-01-26,298.7421112413736,301.59832981304726,295.04244400424733,301.34912109375,569000
2023-01-27,300.14148069490705,308.2788188692263,299.09676371843267,306.5152282714844,835300
2023-01-30,304.4736423892115,308.32663652029186,303.66851119779193,304.1189880371094,786700
2023-01-31,306.23731172025384,312.69731743935426,302.2405239423577,312.45770263671875,1056700
2023-02-01,310.2915350157389,318.98476594219426,309.4480863404252,315.0359191894531,1188100
2023-02-02,325.87603760221424,330.59166842803705,321.2850111178028,323.5278015136719,1711900
2023-02-03,322.7802686204442,335.80572460404466,322.2052165459948,335.460693359375,2096600
2023-02-06,333.78342531426136,338.0868978772399,331.6460507112318,334.49267578125,1053900
2023-02-07,333.5821520328395,335.6907447474207,325.7131808495392,334.52142333984375,1154800
2023-02-08,332.01982253126243,338.0964497553669,331.93356472167545,337.3680114746094,1500300
2023-02-09,339.91759851484943,343.87182209683147,335.82869697322656,338.2916564941406,1446000
2023-02-10,336.98321262145765,338.1569690289611,334.55871580813977,335.655517578125,991400
2023-02-13,336.790782157632,341.94762369775407,333.66397518269594,338.69573974609375,946700
2023-02-14,336.5310285743018,341.2067935454654,334.8377329333243,338.9939880371094,650500
2023-02-15,338.1087531738555,347.6431100926611,337.7046900572556,347.4699401855469,1001600
2023-02-16,343.1405875509144,347.4796426312341,340.1003657650522,341.1009521484375,1061400
2023-02-17,340.5429382429853,343.4484822297373,336.4636672310273,342.0053405761719,822700
2023-02-21,339.1863642769375,340.90852145010194,329.30566549569954,330.5179138183594,926200
2023-02-22,331.42228247679833,335.7035848498322,330.1619411883008,332.2304382324219,497000
2023-02-23,334.6645151609524,336.3193185661637,330.44090700200474,335.7805480957031,636300
2023-02-24,332.7499194587696,334.93389230380825,326.9003990519052,334.8376770019531,587900
2023-02-27,339.3884595025502,340.5814472670146,336.23279077010113,337.19488525390625,687400
2023-02-28,337.3583839507134,341.0047298230356,335.7420724605786,338.5129089355469,712800
2023-03-01,337.7720513347672,342.3131375703716,336.69451042475725,339.9560241699219,862800
2023-03-02,338.4647753485773,343.5254009467263,337.04089452351445,342.0245361328125,649100
2023-03-03,343.34266457475707,346.6426417117756,340.87970496734084,346.209716796875,596300
2023-03-06,345.76711131024706,350.4525062158683,345.5554493734466,346.83502197265625,699700
2023-03-07,347.58547289330915,349.3268614547165,344.95894454163454,345.91143798828125,1077100
2023-03-08,346.01730716234744,349.2691915154527,344.699242295617,348.9228515625,770900
2023-03-09,350.6064186901024,350.7507269633421,337.4545766541436,337.62774658203125,1011600
2023-03-10,337.6855180171253,338.041488262111,324.62991878373714,325.6401062011719,1480000
2023-03-13,321.2529107598359,323.0520224004415,314.3739423971959,319.50189208984375,1054200
2023-03-14,325.49577072428,326.11149584669573,315.54771857121125,321.5511779785156,1612300
2023-03-15,313.7485947835866,317.337217512284,297.5661890786926,301.65509033203125,2064800
2023-03-16,298.05687793910766,305.5997250003586,293.1983122370046,302.0976867675781,1513500
2023-03-17,298.8650282455412,298.8650282455412,289.4557165206473,293.3618469238281,1809500
2023-03-20,295.824811220994,304.52212388467734,295.824811220994,303.8582763671875,1231600
2023-03-21,310.35241061072486,316.288546206567,310.10228602240966,313.8448181152344,1385300
2023-03-22,313.84478283891644,320.82959706283873,309.6885576518777,309.9098205566406,1241800
2023-03-23,309.3230019571159,315.2687387257446,304.2431443379624,308.2743225097656,841900
2023-03-24,303.65621893667213,308.86115297724115,298.99968573101916,308.70721435546875,800500
2023-03-27,313.2771790786079,313.5850563383556,309.3325861003659,312.35357666015625,693200
2023-03-28,312.2477195547974,316.7792052282865,312.2477195547974,315.3168029785156,510400
2023-03-29,318.45320003510477,321.74357532279373,316.72144211155484,321.5030517578125,631700
2023-03-30,324.1007198329221,325.8036456277733,322.4940387062695,323.8121032714844,528400
2023-03-31,325.6689878162121,326.64071265537183,322.1284871075186,323.36956787109375,1032900
2023-04-03,323.61005585961743,326.9870165737003,319.11709148741494,326.3135681152344,1102200
2023-04-04,326.65027948795625,326.65027948795625,306.59063477528724,308.4859619140625,1121500
2023-04-05,307.54318352185294,308.283985842533,297.075588889869,300.7315368652344,1690200
2023-04-06,299.6827777793313,302.56906100359,296.5752316321191,300.6256408691406,714700
2023-04-10,300.02913674721765,305.87865762908035,298.71107215105656,303.2232971191406,988700
2023-04-11,304.6182942894969,309.6981510477687,304.33927871989965,305.9267578125,869300
2023-04-12,308.80344860763824,314.50866149835986,307.77400052682844,312.2188720703125,955200
2023-04-13,311.4395721137961,311.4395721137961,298.3069893369467,307.437255859375,1048000
2023-04-14,307.96644000617306,312.01684942871316,305.08015664971555,307.0139465332031,947000
2023-04-17,308.4185709592086,313.3829809765266,307.4179846851291,313.0751037597656,877300
2023-04-18,315.6824056889642,317.38533154553045,310.8430720948811,312.3920593261719,682300
2023-04-19,310.592933999177,312.2188759456344,308.0530199545709,311.1701965332031,531600
2023-04-20,308.4090338669297,311.61282523597396,306.6772753804383,307.22564697265625,716800
2023-04-21,308.5244154339074,309.4576481469634,305.10899216573193,308.6398620605469,584700
2023-04-24,309.02472094805523,311.55500445811083,308.30315017625327,310.7179870605469,478000
2023-04-25,308.4570827198495,311.0739807575463,303.96411815033116,305.0897521972656,533700
2023-04-26,302.34778197843644,304.271970692132,298.14343433673804,299.8367004394531,583000
2023-04-27,302.3958857976483,311.8051677706599,300.5197899901915,311.04510498046875,1021500
2023-04-28,311.78595243395336,315.00897468235047,309.71745525867505,312.56524658203125,698800
2023-05-01,312.5556098944432,317.70282091964157,312.5556098944432,314.9608459472656,852400
2023-05-02,313.4214608878416,314.835740734474,306.2538757098279,312.69989013671875,877100
2023-05-03,314.02762347891195,317.7894163121417,310.9681701660156,310.9681701660156,1078900
2023-05-04,325.12053506864254,325.12053506864254,309.9771794687004,310.0733947753906,1467900
2023-05-05,316.40400518399895,322.52294131045466,315.38418738972183,320.66607666015625,1030800
2023-05-08,324.6683878625858,324.88004981796456,318.0491732879692,322.147705078125,759200
2023-05-09,321.4646173752787,327.21792328976125,319.9541220699158,326.2558288574219,1195900
2023-05-10,325.46687903404944,326.6310048804971,310.6313724621153,314.4893798828125,1452900
2023-05-11,312.35358181323164,315.7845400549801,310.71057027827953,313.7066345214844,843100
2023-05-12,316.6639321639845,316.6639321639845,309.8889966095045,313.12664794921875,753100
2023-05-15,314.2574681125756,317.16655298551836,313.1266849494668,316.7123107910156,495400
2023-05-16,314.4893801932852,316.03573832862116,310.72982665541747,310.7588195800781,470700
2023-05-17,313.4166384897189,321.81526713040273,312.45981290787483,319.8243408203125,631100
2023-05-18,319.1188218077534,327.3724861977503,318.4229620314063,323.9125061035156,736400
2023-05-19,328.1842865794615,329.8272681912581,319.84364419481506,321.679931640625,629100
2023-05-22,322.4144686766286,325.05291347946377,318.0749973678697,322.9363708496094,762800
2023-05-23,320.7134694674564,322.29849476182227,316.88625571192586,317.7560729980469,893000
2023-05-24,316.09373636730743,317.7367474796471,310.38189403426287,311.21307373046875,748500
2023-05-25,313.0783953324343,317.5628022445451,312.37286138648085,316.16143798828125,780300
2023-05-26,317.56275795217385,322.6077334586039,317.38880039885913,321.7185974121094,558200
2023-05-30,323.58385920957755,324.5213364077553,318.8578356497221,319.1767578125,791800
2023-05-31,317.3114990247756,320.56849883741563,308.4393097825523,309.6957092285156,1143800
2023-06-01,311.52234664855797,315.80383232594914,308.6616029307566,315.05963134765625,678100
2023-06-02,319.6503916611014,330.27192078201614,318.37467322461225,329.3054504394531,847900
2023-06-05,329.9335992787181,329.9335992787181,323.75784058679807,326.0677185058594,533000
2023-06-06,324.19276583826866,335.33616605042744,322.88802517104983,334.959228515625,1268300
2023-06-07,336.65055152286754,347.19474493586745,334.3503772239195,346.9048156738281,1643100
2023-06-08,344.14063484115877,346.03493733331993,340.4970534509255,343.8990173339844,997700
2023-06-09,345.1652007915518,345.4164630015343,338.27426315902886,344.1890563964844,590400
2023-06-12,344.36300787672286,347.97759712587003,341.77287471951934,346.5665588378906,651500
2023-06-13,347.6103487711349,357.3233624543327,347.6103487711349,355.8833312988281,934600
2023-06-14,358.1738872683057,358.75377532805084,350.954353185592,355.22613525390625,1251500
2023-06-15,356.95611325152413,362.07842319643447,354.1823483946445,361.49853515625,1015600
2023-06-16,363.12214845970277,364.82314528001416,356.3858506586662,356.72412109375,1037800
2023-06-20,353.8053759055622,360.5706668861715,351.64049222995214,359.3819274902344,787500
2023-06-21,357.6133276063404,364.47527259334413,354.4722991505029,361.7015075683594,671700
2023-06-22,361.5274951688789,361.90440318936874,356.4438527546341,358.5700988769531,719900
2023-06-23,354.50127265822323,358.2415372667344,352.47170874726083,357.7099609375,1183800
2023-06-26,357.9419064189909,365.2774415466287,357.9419064189909,362.8805847167969,778300
2023-06-27,361.76911615865174,369.31724572343467,361.76911615865174,367.4422912597656,760200
2023-06-28,367.8095572521849,370.1387538858582,365.53834646878323,369.62652587890625,669600
2023-06-29,368.12852213832497,374.31392600432605,365.7993252344222,373.7823791503906,534100
2023-06-30,376.701070308626,379.63914790540906,374.4492077734979,376.9620361328125,608200
2023-07-03,374.9711324997044,378.547054673621,372.55495691151856,377.8995361328125,288200
2023-07-05,372.09105828199705,372.7482509946086,368.8727252229343,370.0131530761719,831000
2023-07-06,366.1375988416569,366.8624515546379,361.1602827780536,366.2535705566406,873600
2023-07-07,365.69303858981465,375.56069214180377,365.49973273115285,371.2889099121094,546000
2023-07-10,373.2024722047102,379.9774379332134,371.78175979144675,379.4748840332031,555600
2023-07-11,380.96323120600175,386.6750738499494,379.1559365806524,385.3316955566406,743100
2023-07-12,388.8399908390158,389.47786478948814,382.10369152934624,383.77569580078125,1184600
2023-07-13,385.1577097941483,388.4920439230605,381.68808516855916,385.29302978515625,840900
2023-07-14,384.0462810267952,384.5585090828609,380.0451095027661,382.91552734375,522100
2023-07-17,381.5721146484751,387.9121570891429,381.1662136628478,387.5062561035156,614400
2023-07-18,387.27428660371953,395.88554009243313,381.81373557620253,394.861083984375,634500
2023-07-19,389.1105536437127,394.3101680465424,386.4817830103578,390.1446838378906,699900
2023-07-20,391.45910271494256,393.392043137896,387.9024699210173,389.3038635253906,627100
2023-07-21,389.5648209854547,389.5648209854547,384.2492345341391,384.31689453125,731000
2023-07-24,385.7376289141054,387.8928683429545,383.688716557376,384.529541015625,744400
2023-07-25,381.5044755886978,385.9212519245015,380.97292872309606,384.7421569824219,636800
2023-07-26,383.1957567579244,385.16736420683344,378.22811531107703,380.55731201171875,725000
2023-07-27,382.9734688784792,385.6215876360909,379.73578799570157,383.9882507324219,610700
2023-07-28,387.13904728451973,387.13904728451973,382.7609376418835,386.1725769042969,465600
2023-07-31,388.00878750894645,396.3977416611272,386.3657763918145,396.262451171875,812700
2023-08-01,393.12144153390574,405.19264530959424,392.47389350009144,400.2829895019531,989700
2023-08-02,397.0356262024167,403.47232136614343,391.4397554056684,392.2612609863281,1174200
2023-08-03,405.9948264706055,407.05794968853724,383.6983792946302,404.1585388183594,1569400
2023-08-04,405.40523916935774,407.7537545793705,399.49044650962406,400.26361083984375,963300
2023-08-07,406.0624330893195,411.60031774131875,403.5689530462612,410.7015075683594,697600
2023-08-08,407.0386306388032,411.4167398701817,402.19660505053514,410.8658447265625,667000
2023-08-09,410.42123766332793,413.80388335502016,407.7634446198554,408.1017150878906,654500
2023-08-10,406.87428860503985,410.5372189983815,397.431885170688,398.9202575683594,908600
2023-08-11,398.5240054482573,406.1591143703932,398.3886854587076,402.5445251464844,564500
2023-08-14,402.0226378396273,403.6463008083193,398.26305434656217,399.9447326660156,437000
2023-08-15,397.17095449641914,398.00210474045645,393.9719403811325,395.05438232421875,433500
2023-08-16,395.20899533586334,399.2681523578053,392.6961669921875,392.6961669921875,425500
2023-08-17,394.5034736685865,395.8082143386796,385.669921875,385.669921875,664200
2023-08-18,381.2145597135033,387.44830514609396,379.03032732728906,384.4232482910156,809900
2023-08-21,386.6074317583928,386.6074317583928,380.6346524916352,384.1429443359375,477800
2023-08-22,387.0809973069695,387.84448754496316,382.6545471818974,384.7518005371094,309800
2023-08-23,383.8626692892162,392.3482774012244,383.8626692892162,390.5989685058594,512000
2023-08-24,389.1492183824716,395.69224048344125,384.8774366344918,384.97406005859375,545600
2023-08-25,390.1833734943199,393.7532406125959,385.1680752144677,391.14373779296875,596100
2023-08-28,392.2884665063611,398.09920366186157,391.0176415936131,396.31427001953125,388500
2023-08-29,395.43148492569145,404.95762390388893,395.0240405976777,404.0360412597656,584000
2023-08-30,406.5000321288154,408.808814205948,403.16297343647113,406.2962951660156,551900
2023-08-31,404.579318274779,408.673034351567,404.4241027832031,404.4241027832031,640100
2023-09-01,406.4030362141367,410.4385499132126,404.55019026259754,409.81768798828125,501400
2023-09-05,410.0505379172572,410.4967639360531,398.5648288071713,399.3506164550781,527100
2023-09-06,396.4015295293906,403.4927714314963,395.7127849551235,399.53485107421875,595400
2023-09-07,397.08057455256034,398.71032218103755,392.86077424079224,396.8671569824219,764700
2023-09-08,396.50824270472253,398.147670982402,393.9084501428882,396.9544982910156,527200
2023-09-11,399.5834162647125,401.21313442333985,391.02735152543,394.01519775390625,514000
2023-09-12,391.1631555376833,400.15573559271917,391.09524321690844,393.2488098144531,618100
2023-09-13,392.2885660112104,393.02580273470807,376.447227810309,378.3582763671875,1041300
2023-09-14,382.5100743441576,385.40090701638115,377.4365740434104,383.3540344238281,724200
2023-09-15,382.29666812621554,382.8302268805215,377.05827158301105,380.3856201171875,825400
2023-09-18,380.8513097136305,385.885999465279,379.6872083035055,384.01373291015625,488000
2023-09-19,382.47124222418563,384.5375055365693,372.1011439994322,379.98785400390625,687300
2023-09-20,382.3645867354308,387.28287179038114,378.5133896023128,378.7752990722656,539300
2023-09-21,376.1852385749403,376.5441614413468,369.9573465979689,370.1901550292969,650000
2023-09-22,370.0058557767691,376.95156365107005,369.34618256941485,375.7098693847656,799200
2023-09-25,373.20709999468056,381.46244428527626,372.0720996907346,379.7939147949219,603800
2023-09-26,377.33959218938674,379.1439165613697,371.05349872981884,372.40191650390625,571500
2023-09-27,375.55465541647783,381.510897440753,373.1585702219215,379.40582275390625,568000
2023-09-28,379.16325542540585,385.6918666167759,377.9312716285861,380.686279296875,581500
2023-09-29,384.00399139822025,384.1106853816587,376.43739264099816,377.8634033203125,535100
2023-10-02,377.2135019208792,380.4050555407838,371.5385597737054,373.7115173339844,482100
2023-10-03,372.16909799853613,375.1763350471223,366.88220942368685,370.5199890136719,454200
2023-10-04,370.5199817478858,374.34207779715933,366.7172765318212,373.0809631347656,504700
2023-10-05,377.4656786402937,379.8423730331875,370.1610187590526,372.19818115234375,835400
2023-10-06,371.4415248085022,385.10987113317515,368.92903537436916,379.9975891113281,855300
2023-10-09,378.95958450253863,384.24650218788133,374.37115122172924,383.5771484375,450800
2023-10-10,384.7703542161103,389.88263604501964,383.13092598398316,385.3717956542969,408800
2023-10-11,385.905307266042,395.27622982780673,385.905307266042,395.10162353515625,733600
2023-10-12,395.50907290868446,399.9423205549757,389.56251138470964,394.6942138671875,901400
2023-10-13,396.01354513108964,396.9254175785704,377.5239265331532,381.17138671875,788200
2023-10-16,385.9926957969559,390.22223664858234,380.967716234746,385.10992431640625,467700
2023-10-17,382.52951220729193,395.043498499504,381.30723831598505,390.775146484375,578400
2023-10-18,385.2457337076233,385.556164687138,366.4553932924336,367.6388854980469,1065800
2023-10-19,366.9306778640951,375.1957019068744,362.04149411834754,363.758544921875,939200
2023-10-20,364.0786555145745,364.93232580490724,358.3261208774639,361.76019287109375,653200
2023-10-23,361.86692899298475,363.0601314155962,355.31892540427657,355.8912658691406,634700
2023-10-24,361.32367799804894,365.1651650243876,357.09413745839544,362.10943603515625,560600
2023-10-25,360.26629272475486,361.9251119234524,355.51293332939,356.52178955078125,626300
2023-10-26,358.2873828910466,364.68988177375684,358.1515878285319,358.8888244628906,559400
2023-10-27,358.22912522513184,361.5467931804107,353.6988640939116,355.28009033203125,476300
2023-10-30,359.38357060545155,360.7998713597651,354.63021055831945,358.4910888671875,527400
2023-10-31,355.39650085476677,357.94780167897,351.6423170520416,357.8702087402344,1178400
2023-11-01,358.5589755756928,359.43203681104484,351.74906241475367,359.383544921875,1202200
2023-11-02,384.53751520055414,399.1468343965084,383.1794168591333,392.47271728515625,1580800
2023-11-03,399.0886880844108,400.6408133791423,388.36937550038033,389.1842346191406,1127000
2023-11-06,389.9700518379525,394.2674759011768,387.24414414245666,393.9861755371094,822200
2023-11-07,391.0758221436407,396.6052286634835,389.30056934822755,394.89788818359375,626900
2023-11-08,397.4686568634412,402.3481306760114,395.5769996452398,398.3708190917969,715200
2023-11-09,402.61972254674913,409.5460389754547,398.5647887001314,400.4661560058594,815900
2023-11-10,402.84169025292283,409.19906797384203,402.03364444441326,408.36181640625,505500
2023-11-13,406.6385163316928,410.49385412100327,404.9737289336223,408.3422546386719,374200
2023-11-14,414.14475055861726,421.2907127292834,411.1948206492923,416.64678955078125,588000
2023-11-15,418.165584066521,421.7775312279511,417.3477931179451,417.7372131347656,749500
2023-11-16,417.9514040871964,422.5661219651682,413.95981172383443,415.1670227050781,778400
2023-11-17,416.68576968427453,421.7483189572989,415.11834448475065,421.203125,538600
2023-11-20,420.0834856105881,422.52714287987413,418.10715016297075,420.1224365234375,426800
2023-11-21,419.4896577682057,423.82200383864165,417.6496058069513,421.4757385253906,453900
2023-11-22,421.35885754355877,423.47150635260107,418.41870237607856,419.83038330078125,572100
2023-11-24,420.8332024474227,423.66628006874424,418.6816024769874,422.2059326171875,221700
2023-11-27,419.1099159374229,422.3811092297391,418.0000674761513,420.50213623046875,384700
2023-11-28,421.11548871720674,424.9610819849126,415.2156877565517,415.254638671875,803900
2023-11-29,419.4312196607321,421.6412011946313,415.37144112616653,416.7441711425781,504100
2023-11-30,419.0028510649881,422.6731799076171,415.4980116112241,421.72882080078125,636700
2023-12-01,421.6607022861983,429.42976130250196,421.6607022861983,428.52435302734375,578700
2023-12-04,423.62731892961176,428.02782178155553,422.6148030685927,426.5674743652344,553100
2023-12-05,425.43810879108366,427.015279148092,422.39084595301176,423.335205078125,492800
2023-12-06,425.8275045073401,432.1751360446964,422.0889896845457,422.8386535644531,417200
2023-12-07,424.4060956696749,425.0486520022736,420.5605325403806,422.3031921386719,532600
2023-12-08,421.4659974505146,428.39777499901953,421.4659974505146,427.0347900390625,858400
2023-12-11,425.25311444034406,428.2614559712857,424.8636944426546,426.6355895996094,829200
2023-12-12,427.8135898752237,431.68838862857183,426.31432141565597,429.17657470703125,518500
2023-12-13,430.5006090113473,432.96372669666766,424.2503101008311,429.8677978515625,644100
2023-12-14,435.0374124238275,444.6562368621063,434.30723886477807,443.3711242675781,766600
2023-12-15,441.11251170610245,446.2529331282605,439.8955555956404,441.6090393066406,1331500
2023-12-18,443.4588281529695,443.4588281529695,439.00962926680364,441.501953125,514300
2023-12-19,444.4323735562068,449.89405834352436,443.3711913883726,448.0929870605469,547000
2023-12-20,446.8078779407707,449.95250326619305,437.09168953508436,437.53955078125,625700
2023-12-21,441.5992731580469,444.63679071163136,439.6326828729291,443.84820556640625,313500
2023-12-22,444.2863723229463,448.054063937993,443.195984329127,446.0777282714844,376400
2023-12-26,446.2919301718011,450.6535120184158,446.2140283346077,449.26129150390625,267500
2023-12-27,448.9497222365351,451.1110077439336,447.88851037365623,450.0303649902344,302800
2023-12-28,435.6800218959046,451.3251866837284,428.36854025812045,449.7480163574219,467700
2023-12-29,450.410049945638,451.7340838612691,447.79115816017844,448.5213317871094,401600
2024-01-02,446.3600337892083,449.16387566709636,444.8412749637864,446.486572265625,635600
2024-01-03,444.5589276466722,446.43790069955213,437.5103275539294,438.7662048339844,553700
2024-01-04,440.0027243546909,447.21681503491266,439.5646082096781,440.10980224609375,546000
2024-01-05,439.64247004684495,444.0040519469124,439.56459791954285,441.5603942871094,423900
2024-01-08,443.05964408172036,446.613150002945,439.7300687820375,446.5644836425781,486400
2024-01-09,442.6605254106849,445.37678006954354,437.99717046996824,445.3670349121094,525300
2024-01-10,446.05822263643273,448.91076053065024,443.94557382855726,448.5992126464844,456200
2024-01-11,450.14724416755564,451.76336563239505,443.87748319248067,450.4101257324219,449100
2024-01-12,452.707674263841,453.51572005050895,446.2724245962627,448.1513977050781,327400
2024-01-16,445.66877335793885,448.89127065387277,441.99844454735825,448.57000732421875,594400
2024-01-17,443.1082838646234,446.6130932694204,441.2098206779925,443.99420166015625,635000
2024-01-18,445.9803762746704,453.94413064746414,445.9803762746704,453.38922119140625,443400
2024-01-19,455.0441803089418,459.0942134309491,452.5031904492305,457.9356689453125,650200
2024-01-22,459.70761316018354,464.75067221873724,459.69786800369997,461.00244140625,384200
2024-01-23,462.8814534921629,462.8814534921629,455.21947260813545,456.6993103027344,469900
2024-01-24,459.47399271487706,459.47399271487706,452.1819709935014,452.59088134765625,557200
2024-01-25,459.18188258302763,461.24583543275594,453.9830495433791,459.3279113769531,692600
2024-01-26,460.6519475471438,461.55735572616885,457.46840118661623,459.1234436035156,444800
2024-01-29,458.34457881982826,463.9912427546572,456.85502586975804,463.90362548828125,615800
2024-01-30,462.277821624974,466.47391379804486,462.0149697903544,465.22772216796875,806600
2024-01-31,461.33343923539405,461.8883783469464,450.91631285809746,452.22088623046875,1686100
2024-02-01,479.188643430427,487.4249939551131,469.842414686872,486.9576721191406,1632700
2024-02-02,486.3832776682176,501.23985762021914,475.53778029145525,496.8685607910156,1165200
2024-02-05,493.0229770312539,498.56253366880753,493.0229770312539,495.4179382324219,794100
2024-02-06,496.21631361083246,498.05633588654075,491.67949745287626,498.0271301269531,649100
2024-02-07,501.62935685010524,503.8296232163458,498.1050563698815,500.6265563964844,529600
2024-02-08,500.70463407437575,503.4092118910843,496.9943912006897,503.3310852050781,478900
2024-02-09,504.0437359338104,509.1794771074267,501.84689255223475,509.06231689453125,565300
2024-02-12,506.7874144154501,509.05261148879,504.5807974563691,505.95751953125,575500
2024-02-13,497.95125908047504,501.14402445852147,493.7235683638844,499.5427551269531,801200
2024-02-14,507.48066355638986,512.9483395469545,506.0258743871074,509.579833984375,688500
2024-02-15,511.3373887970833,514.6082213127473,507.8517227861934,509.54083251953125,644900
2024-02-16,511.6497684013901,514.9694073116348,507.71494894235343,507.7735290527344,703100
2024-02-20,504.1316007857964,508.74983436988333,500.9290629411485,507.2560119628906,685800
2024-02-21,509.8533540459053,511.6791708522209,506.1529135932593,511.33746337890625,473400
2024-02-22,519.3827029701955,522.8976291992473,515.7994233386696,517.478759765625,602400
2024-02-23,520.3102202951545,521.4818225281779,514.1981037423668,518.5234375,547900
2024-02-26,517.937598576371,520.359049010597,515.5259810198958,518.2695922851562,483100
2024-02-27,520.3102548197911,520.7007690589791,514.598425385418,518.9335327148438,389200
2024-02-28,518.5723419821195,523.8935982330873,517.4788066299054,518.5527954101562,433600
2024-02-29,519.3242165542599,523.825291898961,514.7840480621189,522.8001098632812,851800
2024-03-01,522.8097982099168,526.3247245020999,521.8431368660238,525.094482421875,513600
2024-03-04,525.0358787054802,531.0698690053424,522.4973275633556,522.8585815429688,399100
2024-03-05,520.3102007213217,522.2824374681804,513.6122237108012,515.5259399414062,679600
2024-03-06,518.5332670015957,520.8765313148864,515.8286891018885,518.6796875,901100
2024-03-07,522.5168548041017,526.969122727337,520.437230736466,526.7348022460938,573500
2024-03-08,527.1252864015236,530.171571325663,520.0856019106659,524.655029296875,522500
2024-03-11,521.3159614289847,523.9326396032072,515.5260641101447,523.3760986328125,593200
2024-03-12,523.3760412960455,526.3637464565562,519.1288338204375,525.5631713867188,510800
2024-03-13,527.7990144464211,527.7990144464211,524.6453424243161,526.8128662109375,514400
2024-03-14,531.0601223155127,532.1146240458622,518.8847541592963,523.5811157226562,612400
2024-03-15,519.5682725364222,525.7877773058373,518.7676377839446,522.770751953125,669900
2024-03-18,526.2074979278178,527.4963199639943,523.258826621117,523.5908203125,495400
2024-03-19,523.1514188085556,527.5060721997651,522.4386842204195,526.10986328125,545000
2024-03-20,526.0318871929713,534.6044300515541,525.026192180205,533.5499877929688,402600
2024-03-21,537.1723399541186,547.873433855786,535.6882901379854,547.39501953125,620000
2024-03-22,545.1785892152859,547.7464606342007,540.3650668639281,541.7808227539062,394300
2024-03-25,540.6871880544802,543.1183522031768,536.713334761816,537.5237426757812,393300
2024-03-26,537.787304358207,541.770930794501,536.0396146713521,536.18603515625,425400
2024-03-27,539.3984123829915,545.4421763720674,535.9517798256077,544.8660888671875,517500
2024-03-28,543.1965388324431,544.1435940563579,540.0721266543266,542.6594848632812,608000
2024-04-01,542.6594118768874,542.8644720698894,537.2307695399164,537.9923706054688,372700
2024-04-02,538.4610205615611,538.4610205615611,532.2610633636222,534.5067138671875,625500
2024-04-03,537.0062986724414,547.8635848890532,535.5417360396983,545.3738403320312,564500
2024-04-04,551.7690703827286,556.6802655503303,538.7149405685776,542.5228271484375,610200
2024-04-05,541.1363618674548,553.5851446055785,540.404080529918,553.282470703125,484500
2024-04-08,553.3410246612341,555.3426412304193,549.6601311686516,552.5599365234375,449600
2024-04-09,554.5810529731033,555.4402678226307,535.0437778220074,548.088134765625,488100
2024-04-10,540.2478327777076,547.3949050694725,535.0144769771371,542.2493896484375,538400
2024-04-11,540.1307067754634,544.9637753454807,537.5726088304743,542.6594848632812,391300
2024-04-12,537.0844051084495,541.2242257926155,533.4620322132022,537.3187255859375,462900
2024-04-15,547.4631413096706,548.6250297175975,528.1016121362903,530.5327758789062,671300
2024-04-16,532.1243972366265,533.9892473435473,524.1572031246984,531.2847290039062,634800
2024-04-17,535.4343323705341,535.4343323705341,523.7178316742815,527.799072265625,515400
2024-04-18,532.1244110327201,534.9851828252528,524.6844377963796,525.377685546875,393000
2024-04-19,527.9942694350741,530.4546936396279,519.216668690599,522.0188598632812,558000
2024-04-22,525.0846586886036,533.7353859669369,521.7356997881916,526.9690551757812,533700
2024-04-23,532.5735554621324,539.7986950658396,530.3864252949805,537.3968505859375,375700
2024-04-24,539.3299518438786,543.7138654458901,526.4808252685956,533.4423828125,664600
2024-04-25,527.2425370307127,538.9980714028067,521.9994076799192,536.4009399414062,522400
2024-04-26,537.015995862746,541.5170700805351,536.1763277079909,540.5602416992188,548700
2024-04-29,540.560220582788,542.8449045046817,537.8360964386593,541.34130859375,534600
2024-04-30,539.7694942015688,545.7449053890975,531.6558190385766,532.0365600585938,625400
2024-05-01,529.5467685966814,539.1445522196799,527.7111786978544,530.1326293945312,903800
2024-05-02,512.7921840343793,522.3606475284085,503.63378137193894,518.1427001953125,1732900
2024-05-03,523.8155523640667,534.4189733582016,519.9588581782778,523.5128784179688,970100
2024-05-06,531.0600625619395,539.8279499667289,530.171587595631,537.7775268554688,674700
2024-05-07,539.7108443845606,544.1825991147026,536.0592113073973,537.1820068359375,475400
2024-05-08,535.4441409800005,544.3291307568652,535.2488540368721,541.80029296875,315900
2024-05-09,542.5836805710895,550.7800107345527,541.5064680742901,549.0565185546875,434200
2024-05-10,553.2770025607072,557.0079477447467,548.1946857570541,549.4873046875,489100
2024-05-13,549.5656958376173,551.3087322375767,539.2443479023506,539.596923828125,548600
2024-05-14,539.2346001308301,540.3411590979722,533.8095683834723,538.0007934570312,646400
2024-05-15,541.1343857679207,545.2864625698232,540.7035126926653,541.79052734375,670600
2024-05-16,540.0866131322337,540.0866131322337,526.5043397230718,528.29638671875,1146300
2024-05-17,534.661489709986,535.8562075589394,530.2548581842649,533.7997436523438,823300
2024-05-20,534.1131382511358,540.2236580455975,532.0175256975009,536.6298217773438,627600
2024-05-21,535.268700451768,537.1684509384279,533.8194272159483,535.5233154296875,549200
2024-05-22,535.4155540827205,539.7732351657314,530.4213356238841,534.7398681640625,506400
2024-05-23,537.2370174558711,537.2370174558711,514.410664649303,515.64453125,1117600
2024-05-24,516.9273005968905,519.8259066321245,511.8841313278435,518.8368530273438,644000
2024-05-28,524.5361397419335,525.9266602688534,513.7839166071259,515.6151123046875,738000
2024-05-29,513.2160672644628,515.3410267907173,508.85838509700335,512.334716796875,585300
2024-05-30,512.6283420653987,514.9491632659779,509.112862761364,513.5782470703125,591700
2024-05-31,519.3853231225365,521.4515298634977,511.1693870211189,520.4918823242188,1250600
2024-06-03,523.0181500031904,523.0181500031904,495.6774675892459,502.434326171875,1029600
2024-06-04,501.7194828362549,504.0795124251461,497.5870701893436,501.81744384765625,932000
2024-06-05,505.186034785914,512.4520636644057,502.88475806315927,512.3443603515625,645800
2024-06-06,511.4337087518771,513.960134631444,502.64979156733585,504.5299377441406,594100
2024-06-07,502.82615669648146,509.9257317037126,501.3768832692914,505.4309997558594,702100
2024-06-10,506.9193196694292,515.1646605684305,505.9205237536659,515.0863037109375,948600
2024-06-11,512.1485595703125,513.6272389706986,508.2315533785702,512.1485595703125,540600
2024-06-12,518.1317016610888,528.1592265841051,517.279757711844,521.90185546875,740100
2024-06-13,519.0522508359901,519.0522508359901,512.1583417234859,517.9261474609375,667100
2024-06-14,502.6008336913828,506.60599863513096,482.9962293684139,492.8572692871094,1363800
2024-06-17,489.1263264152514,498.8307124505647,482.4870023830295,495.5306396484375,994400
2024-06-18,497.0582665838332,500.9948468656314,494.9724561019396,496.31402587890625,705600
2024-06-20,494.8059597436363,499.11466002663934,491.1435391013593,497.4499206542969,635100
2024-06-21,498.34113645896593,498.36074061709945,488.6465515336723,493.6994934082031,886900
2024-06-24,497.00935915937555,504.6083311580933,493.6701076593904,499.7023010253906,640800
2024-06-25,497.9199750407291,499.2713467935493,489.29277234646474,494.81573486328125,570000
2024-06-26,492.25998561497806,493.79741778805055,487.24622224094065,492.20123291015625,520500
2024-06-27,490.71269109126484,494.3457355713756,490.4581060297689,493.7581787109375,595900
2024-06-28,495.3641361668092,502.88478031295926,492.5928676452246,495.315185546875,2809400
2024-07-01,502.7967295431503,503.3451080304792,486.2669582938152,490.6148376464844,568500
2024-07-02,489.62577059083884,499.7218515896711,488.48983521694186,499.4476623535156,542200
2024-07-03,500.7206735351062,505.4407029837764,498.6152887147073,502.0818176269531,439100
2024-07-05,500.87736492674026,501.49429818373227,490.3210344303926,495.01165771484375,548800
2024-07-08,497.17577143397847,499.2126312922514,495.06058460471854,498.2137756347656,434300
2024-07-09,497.96898755255944,500.6913056667577,495.2956499465029,498.12567138671875,416900
2024-07-10,496.24539300932145,513.3235378882393,496.24539300932145,512.3148803710938,642900
2024-07-11,513.0788662398229,522.8713818288309,509.2695633311936,517.2014770507812,761900
2024-07-12,523.4099616882149,534.4069376412698,520.9618327747995,526.7394409179688,800900
2024-07-15,528.9917193112732,537.3741105061949,525.8286960421377,533.4375,704500
2024-07-16,537.6580255278946,557.0962037150107,535.4155611037844,556.8807373046875,1087500
2024-07-17,553.414147384165,555.0201340155083,545.2471644564891,546.363525390625,918700
2024-07-18,542.3486652823236,553.0910253150676,534.4166924432884,536.306640625,818100
2024-07-19,539.1954681302759,539.1954681302759,530.6368193930921,533.349365234375,600500
2024-07-22,540.4977285963879,542.0841108082043,531.684467522407,540.6641845703125,517300
2024-07-23,539.7339825247922,547.6953012638456,538.9016427343983,540.2138061523438,789400
2024-07-24,535.4253277256811,537.8636542425902,518.004406396714,518.2786254882812,1113800
2024-07-25,522.5872909741566,543.2103236652129,518.3569774000418,533.8193359375,813300
2024-07-26,539.2051986840379,546.9413085872749,536.159741199841,543.1026000976562,544000
2024-07-29,543.4845685166673,545.315763993051,536.6787588130205,537.1390380859375,326600
2024-07-30,540.7329017626382,545.7173183211387,535.0238486389329,539.7732543945312,403600
2024-07-31,547.5876269433822,557.1157245342303,545.4822123944335,549.5167236328125,576300
2024-08-01,546.4517018429568,553.8254339996731,516.6040777410063,523.4490356445312,1047300
2024-08-02,513.3334545338199,520.4036217326864,497.1366262236078,507.751708984375,700300
2024-08-05,494.2674080125325,503.79550627965904,483.3879378516203,495.8048400878906,913800
2024-08-06,499.4182649483224,515.1548437239463,495.2956245013766,507.2718811035156,638900
2024-08-07,509.44579109439036,520.47217255383,499.79038564325833,501.86639404296875,1066700
2024-08-08,548.3905858879417,557.6053152605095,542.7892368021164,556.2931518554688,1418400
2024-08-09,559.2603197062488,564.5776482729882,550.7702257864289,557.9873046875,920600
2024-08-12,558.1342730712862,561.7477139283089,551.9061873636869,555.99951171875,595900
2024-08-13,558.1734082675384,562.0414640154279,552.1509870603,559.6716918945312,583600
2024-08-14,561.9043542301898,567.9757260609942,561.8652056832256,566.3893432617188,718300
2024-08-15,575.7998930407591,580.9703697489099,571.2953599618936,578.5809936523438,657800
2024-08-16,578.580982673293,579.1783117439074,570.4041967854063,571.2953491210938,577700
2024-08-19,573.8413679118047,578.8159821709365,569.9733126077925,574.3309936523438,518600
2024-08-20,573.6847649049132,577.3667005948856,566.4088731580326,570.2083740234375,603500
2024-08-21,573.3517807371865,577.2198363013795,570.3356692373352,573.7826538085938,942100
2024-08-22,575.9957301186913,580.8430368784909,570.7861050942844,575.1143798828125,384500
2024-08-23,579.4232586988205,581.7734269818611,574.2136323400131,581.499267578125,492400
2024-08-26,582.889687058462,584.9363491102644,575.1731800100138,578.9824829101562,431300
2024-08-27,575.9173402053551,581.5969864861868,572.6564162423141,577.8464965820312,348700
2024-08-28,579.3194436413927,581.803781140921,573.2214262500264,577.4046020507812,325900
2024-08-29,582.5403492751925,588.7169415696123,578.288428114435,580.5567626953125,413000
2024-08-30,582.1377468606045,590.4549533429903,578.0724014328508,589.3748168945312,622700
2024-09-03,582.1769898238487,584.8086461424111,561.6735767817022,564.9729614257812,737000
2024-09-04,565.3265635801721,571.0906879503913,561.8798600606912,566.544189453125,469500
2024-09-05,564.3641903504993,566.426350856557,558.2073163915435,564.8257446289062,515800
2024-09-06,566.5932986643759,573.8991141329155,560.3872782182543,561.0059204101562,755200
2024-09-09,568.7043625875502,573.9480157517759,566.465456339947,569.7354125976562,559700
2024-09-10,573.4965313320406,575.038162251668,565.6113307135095,570.6193237304688,438200
2024-09-11,570.1970963099255,575.9514516792223,560.436370430833,573.85986328125,578700
2024-09-12,577.3948376857479,577.6894149017835,570.7567513908889,576.9529418945312,368800
2024-09-13,579.8104910277638,588.8445119739665,578.9463579040585,580.664794921875,392100
2024-09-16,584.4061050846165,587.0574200336275,578.6419808468474,586.0165405273438,394300
2024-09-17,587.2144619749363,596.729695369863,584.484573333065,594.255126953125,623200
2024-09-18,594.5399744162474,608.6802207548842,593.31251935555,598.0455932617188,559800
2024-09-19,611.1743516340072,615.9859387542884,605.0566758187027,614.7584838867188,644800
2024-09-20,608.6016875152608,615.5343510812171,606.8537627956894,612.5197143554688,1073800
2024-09-23,611.4198397732636,614.7093948293734,604.9683298271053,607.5606689453125,525700
2024-09-24,614.2675055872049,616.2707503009385,606.4903682817127,614.0907592773438,526500
2024-09-25,617.8320372578708,617.8320372578708,608.729212757595,610.6047973632812,478300
2024-09-26,617.4097965216303,628.3292301957841,616.5653219595312,623.9398803710938,891200
2024-09-27,624.6370869383433,625.2753874929468,616.7224597328802,621.3573608398438,580300
2024-09-30,618.2542158595912,620.4342066689303,607.8454235175269,620.4243774414062,845700
2024-10-01,620.5128769230346,625.0397767469707,613.2758066639317,618.7748413085938,375700
2024-10-02,619.069410752235,622.9186930010637,613.8159271206455,616.1824340820312,519700
2024-10-03,614.7095095504413,617.1545905021314,609.9470077712667,615.013916015625,381200
2024-10-04,624.4210462323989,624.4210462323989,611.4296229244949,619.3049926757812,292000
2024-10-07,616.2021572655107,621.7797063972231,614.0025671779998,618.3526611328125,369100
2024-10-08,620.0121625109034,620.0121625109034,614.0319747148818,616.025390625,330400
2024-10-09,617.3214371724978,622.2312569760768,615.0040166094461,621.376953125,344200
2024-10-10,619.0497474532876,621.3279111966348,615.2888683684167,620.1299438476562,321000
2024-10-11,620.6012476595129,628.4569596552028,620.6012476595129,625.6583862304688,485500
2024-10-14,625.5110859710481,634.2505897958662,624.9317008232988,631.92333984375,527500
2024-10-15,632.0214990109378,634.9379033450541,626.1591427196731,626.5126953125,632300
2024-10-16,626.3849385489043,631.0001806594161,625.3342300307643,625.9822998046875,462500
2024-10-17,629.0559372396028,629.920070345535,622.0840168844445,628.2998657226562,537700
2024-10-18,627.4750075026429,629.3996785542828,622.7517629734313,628.8890380859375,612400
2024-10-21,628.545337650977,631.1082492028427,625.8056198440715,627.7106323242188,402400
2024-10-22,625.2852599452456,625.5110924951048,617.6750386472282,617.9303588867188,560500
2024-10-23,615.7208854327881,620.6208759625171,612.7553351195269,618.3427124023438,523100
2024-10-24,618.5390559620781,618.5390559620781,611.4689042223712,612.8829345703125,562500
2024-10-25,618.2543582702752,618.2543582702752,605.685230678707,610.5263061523438,385800
2024-10-28,615.8878155845185,616.2020512478607,611.3216591383252,612.40185546875,428700
2024-10-29,608.5034528513379,614.9746220730847,601.0601488454664,613.8355102539062,584400
2024-10-30,611.7636832937261,616.6636749556538,608.6115567039252,613.0303955078125,891600
2024-10-31,607.5804460213336,624.666645008203,604.1632301976922,622.6339721679688,1246300
2024-11-01,620.1790429629888,629.8906818128831,617.5178988080736,623.57666015625,1040500
2024-11-04,621.9366539840157,630.3717504278771,619.0202499101038,626.4929809570312,657600
2024-11-05,624.9514406314387,642.1750703518821,624.9514406314387,641.6644897460938,783200
2024-11-06,670.4751621558379,696.8311016647608,670.4751621558379,696.6641845703125,1966900
2024-11-07,696.12415434806,696.6642825587412,672.1347782122974,677.3294067382812,972300
2024-11-08,679.1600501667941,688.9241894289904,679.1600501667941,684.6524047851562,565600
2024-11-11,689.3573664594951,700.4207770327158,687.4675463808563,697.0250244140625,553800
2024-11-12,697.1430865761303,698.3045415487348,687.4379416705613,688.3336791992188,551400
2024-11-13,689.6919308747711,700.164789615422,688.5796785043592,695.3614501953125,537500
2024-11-14,694.3673819427388,694.9087294192374,684.9083696050734,686.6702270507812,594100
2024-11-15,685.1740539014904,693.0090234306165,684.8590739123694,687.9300537109375,530800
2024-11-18,683.8847007904494,686.0600033840941,680.1050607181867,680.813720703125,480700
2024-11-19,673.598846545681,682.1129791909196,673.598846545681,678.9238891601562,337300
2024-11-20,675.3508175011115,681.3648142258318,673.2542752588953,679.583251953125,385000
2024-11-21,684.0815293776643,696.5918765279929,681.4928419495993,691.640869140625,655500
2024-11-22,690.4302406421608,696.1095531571309,689.455803142898,695.7650756835938,563800
2024-11-25,698.8459319324817,701.2278970199588,687.2903764166788,693.3535766601562,1134400
2024-11-26,693.077973881329,697.9600138244919,689.406531335472,695.745361328125,364600
2024-11-27,693.8751837104265,698.8458357380947,687.0047992903083,688.8848266601562,331900
2024-11-29,691.7393729132075,695.7453804495958,686.05014772956,691.8574829101562,331600
2024-12-02,692.5562387448798,695.8043835713927,687.3395140142633,689.68212890625,335400
2024-12-03,688.2549000089156,690.5089624595618,683.0184702278477,689.8888549804688,328000
2024-12-04,688.3238618456239,689.1408393958859,681.8275716463426,685.5481567382812,428900
2024-12-05,685.0657939301162,689.2982286302312,682.4672540865545,683.7960815429688,465700
2024-12-06,685.3610816131626,690.5680139084549,683.1169317621075,685.2232666015625,371900
2024-12-09,684.0815717068775,687.5068817911533,669.7306062301387,675.2229614257812,649100
2024-12-10,674.73074504342,680.2920071621858,665.8229332182068,667.2796630859375,658500
2024-12-11,674.8685940409147,680.3215388843513,672.6735865410012,675.6068115234375,702000
2024-12-12,678.549752303851,679.986837134985,671.3447432790313,671.8467407226562,533200
2024-12-13,673.3429430303935,674.9965429487842,660.3503035844199,661.2656860351562,626800
2024-12-16,664.3366164185079,665.9311612237852,659.3561120107047,663.1554565429688,703400
2024-12-17,658.9033901811067,662.6240351906375,652.259432729482,655.5272827148438,832400
2024-12-18,657.5056806401278,658.8344480300669,631.4613471717385,633.6858520507812,1210000
2024-12-19,641.7275472379639,644.7099748897249,626.7171241584704,629.2271118164062,656100
2024-12-20,624.915863763705,641.658645505517,622.3960838827009,637.032470703125,1338500
2024-12-23,632.4752060429973,637.4655633433293,629.5616861374489,635.5068359375,599400
2024-12-24,634.0796129620484,642.4854277085129,630.8609655241979,642.318115234375,227000
2024-12-26,639.5324964037515,641.619186141241,636.3237017858324,641.1860961914062,256900
2024-12-27,635.8512147542377,640.5364438435794,627.5339538772579,633.6956176757812,392500
2024-12-30,625.9297276949178,629.7586305051158,618.1735170975378,626.8156127929688,337700
2024-12-31,627.2289162543078,630.3688035884909,623.9118639388083,626.0379638671875,283000
2025-01-02,630.0439937836193,632.9870712954545,616.1852340846007,619.6302490234375,413600
2025-01-03,621.205047849737,629.1974771727462,619.2167629922202,627.6619873046875,529200
2025-01-06,630.3294681422354,639.6506653190844,626.4808607178154,630.9298706054688,634300
2025-01-07,629.8471656215526,631.3629505233114,622.4649909662427,625.25048828125,658500
2025-01-08,624.2070746446029,631.8058234932988,618.9017980340999,631.4219360351562,439900
2025-01-10,625.4277226774792,626.7762553343719,614.4726295433264,620.14208984375,612800
2025-01-13,615.9982232034054,628.3411980894191,615.1320432033735,627.9671630859375,470900
2025-01-14,633.6169590670287,642.2492012725303,631.3432516540811,636.845458984375,666700
2025-01-15,650.1136887637196,658.6081162211641,645.2808513249731,646.0092163085938,701200
2025-01-16,649.2376128656111,650.7140477584919,644.7788107287817,648.3123779296875,433500
2025-01-17,654.5430024853276,661.3149225431358,649.7888649276669,658.9428100585938,728900
2025-01-21,667.1813264520291,669.3172189912708,662.4271887957724,667.7620239257812,642400
2025-01-22,669.1301676862194,671.3153226775253,662.5551178409087,663.8937377929688,503400
2025-01-23,665.7342587451695,670.3407279663263,661.0884395580534,669.4057006835938,476900
2025-01-24,669.4057589448088,671.2857262607401,664.4448992931185,668.6675415039062,493400
2025-01-27,659.2774376975277,661.4428877381197,645.3103600310772,652.35791015625,694700
2025-01-28,654.8383147419124,656.4427123515787,646.9738467464733,655.7635498046875,760100
2025-01-29,656.5214662591484,661.6102290188344,651.9347010393944,655.3501586914062,1033000
2025-01-30,678.5694967760545,697.3891152929782,674.0417270856198,692.8318481445312,1113900
2025-01-31,694.2492498233875,707.1532766973189,688.4025650957047,695.9421997070312,1334300
2025-02-03,677.8312770832822,696.6508955377162,675.0555723011821,684.8394165039062,856300
2025-02-04,692.9105219089766,702.4778508363985,678.5104161532532,678.86474609375,527900
2025-02-05,682.152262661142,683.9535300311699,674.238593353479,678.0477905273438,521100
2025-02-06,681.2565657590986,685.5579077684272,675.2327164438193,680.73486328125,446300
2025-02-07,684.7899377377852,685.3325640881053,672.4966898977998,674.78564453125,549600
2025-02-10,680.5573014267733,681.3564573585763,666.5276616866278,671.5494995117188,540300
2025-02-11,668.4318073902181,672.5657275450205,662.3147810206427,671.8948364257812,515600
2025-02-12,662.2950906672806,670.7405145019785,661.8609775637965,669.3394775390625,454800
2025-02-13,671.75670695598,686.4177948241003,670.4741192003875,684.5333862304688,796400
2025-02-14,687.0985054178446,693.7088389618297,684.2373576157862,690.8772583007812,1034300
2025-02-18,694.9420813357884,696.6094632831101,684.2274556762508,686.1513671875,760600
2025-02-19,681.4847279473532,693.4030569512353,674.8448266277021,692.159912109375,646400
2025-02-20,691.9526688611274,698.3459155144282,675.0420713960419,686.1513671875,576100
2025-02-21,686.5264887756924,689.0225944327366,653.6820234579035,658.0428466796875,851000
2025-02-24,661.3282175118067,663.2915723059762,646.5388639346729,650.2584228515625,643900
2025-02-25,650.8701280259539,653.8595410832945,637.8764213347027,648.3739624023438,723700
2025-02-26,653.3465419550378,665.4917739351032,651.1661004552574,651.7482299804688,499900
2025-02-27,652.9419426654757,666.1823020996256,645.6015229961913,646.2329711914062,542400
2025-02-28,648.8770743637689,661.3873478129279,643.2139127781404,659.5621337890625,1219300
2025-03-03,665.3239721974649,668.944893535399,637.3238264820151,641.8524169921875,1130600
2025-03-04,637.4225795819989,641.7439595862297,604.8445218036645,616.5359497070312,2175000
2025-03-05,620.2553466907322,632.7064254115769,618.1736031188702,631.4830322265625,1240100
2025-03-06,624.5274693032136,634.6106485126538,616.3878932814893,622.4851684570312,995600
2025-03-07,616.6346498529194,631.1181572824776,610.3202869511346,626.254150390625,1189300
2025-03-10,609.0672583979322,613.2208703966701,592.2651704269294,598.4808349609375,1373900
2025-03-11,596.5174539672596,610.8134998349008,591.318032355367,603.0093994140625,814800
2025-03-12,614.0101609139134,616.052401488495,601.3123672511784,604.9332885742188,772800
2025-03-13,604.6373373138612,608.8402678415887,582.5963253670413,583.73095703125,1471800
2025-03-14,594.0509238281004,600.6119396603601,586.049488197507,599.7437133789062,929500
2025-03-17,596.4681043634163,616.5555761057662,596.4681043634163,613.2603149414062,824200
2025-03-18,609.4618131155979,613.7536255417963,600.9276274180035,608.149658203125,733400
2025-03-19,608.1496351541977,626.7571834285008,608.060813289923,621.5774536132812,814300
2025-03-20,613.9904357971124,622.7515844082931,612.4118151988437,616.3582763671875,693300
2025-03-21,613.2997593853095,619.7325100064495,603.5421202297987,613.7733154296875,813100
2025-03-24,626.1355844381856,636.1694437643813,624.083408042222,633.9791870117188,893800
2025-03-25,639.0306167673443,643.6578440273219,634.5513456424738,642.6416015625,903700
2025-03-26,641.2406701984881,648.0976577185419,623.43227830699,628.97705078125,953500
2025-03-27,623.8367584456175,624.7049846105843,612.9346728870039,617.8776245117188,628200
2025-03-28,615.3717005092709,616.8516235422361,589.2954638946115,593.3800659179688,812600
2025-03-31,582.991029461917,603.7987132948846,573.2136377040681,599.714111328125,835200
2025-04-01,598.8458718627325,605.7719306788134,590.2327393891487,601.6972045898438,679400
2025-04-02,590.7852364248973,622.317483455919,587.2235696031028,620.561279296875,785400
2025-04-03,568.3988936476742,576.2030539482564,545.9929000008538,549.2487182617188,1788800
2025-04-04,521.5050953136347,531.0653993043472,503.1737674728379,510.3069763183594,2254800
2025-04-07,498.3492485520239,541.9774092037701,481.91226385908533,524.5340576171875,1796100
2025-04-08,554.477804657758,562.0648788063768,507.41624228995914,518.4465942382812,1601200
2025-04-09,510.5437214707771,596.2608519817525,504.48592000322316,588.1212768554688,2201800
2025-04-10,567.1557579037355,571.1417220922482,531.8744468031217,552.68212890625,1028800
2025-04-11,546.8217003426703,562.3411410503708,538.8893343404071,557.802734375,938600
2025-04-14,571.3686836418923,571.3686836418923,550.7780258537647,561.9859619140625,759800
2025-04-15,567.8070020178998,568.3200612627772,559.1149233109328,560.6441650390625,440800
2025-04-16,552.1198070592103,559.5194222578966,543.1711985194122,551.9619750976562,681300
2025-04-17,555.8886177104943,562.8738704741054,553.4812741150246,553.4911499023438,558200
2025-04-21,544.6707732827975,548.6961800740157,530.8779123508945,539.964599609375,496200
2025-04-22,547.5715198652649,561.1177293661547,546.8118067750802,559.0656127929688,718400
2025-04-23,581.6985836478693,606.590870212501,569.6815554254022,573.0360717773438,669800
2025-04-24,569.8689379591573,590.1833722261836,568.5469072610978,588.8218383789062,903800
2025-04-25,591.0023013101727,595.5407074879613,584.1748802499424,590.0156860351562,530400
2025-04-28,593.241880536193,599.9114094695691,585.0826131120554,589.09814453125,617200
2025-04-29,585.4969752739362,596.1820356375483,584.549802924795,594.6724853515625,699600
2025-04-30,585.1712417414547,598.3919075865842,576.0746798247479,596.9613037109375,1209000
2025-05-01,606.2061064463402,611.6423670558762,587.736694653288,601.9537963867188,1236800
2025-05-02,613.4280596259682,619.288556886612,604.7754242195564,610.734619140625,665900
2025-05-05,603.0388944939954,615.7070597558205,603.0388944939954,608.3173217773438,617000
2025-05-06,602.2299143936082,611.7211473624338,600.1678622246923,605.7027587890625,603900
2025-05-07,610.3102714977553,618.1439979325976,608.3074139062383,614.6809692382812,664000
2025-05-08,621.9917980319909,638.2610726454589,619.8212326016634,632.9136352539062,859900
2025-05-09,635.8917966609421,644.0542760732765,634.5857927084493,640.7200317382812,1298800
2025-05-12,672.7168282975247,678.1980344327712,659.2512270187108,661.6653442382812,1083400
2025-05-13,666.0682703826601,677.5748983056048,660.3594621299363,671.2229614257812,812100
2025-05-14,669.9168685665667,672.5189726855099,665.8109306375969,667.6511840820312,505800
2025-05-15,664.5841456685799,668.4921935450786,661.5268995494827,665.5042724609375,464500
2025-05-16,669.1254047493325,674.8836700557843,664.3664344383311,673.1819458007812,460100
2025-05-19,663.8915056387798,674.0525742224254,662.8229460622357,672.0737915039062,720100
2025-05-20,668.2251554312554,675.2399075145339,667.8986393200117,672.835693359375,856700
2025-05-21,665.2172742586758,668.3239777039248,653.2852165583649,654.7594604492188,627500
2025-05-22,652.2266220792583,654.4231025651627,644.5192841941107,650.37646484375,662200
2025-05-23,637.4253403096484,652.988448373743,630.4501427186217,648.0118408203125,430800
2025-05-27,657.5198339971324,665.9593110328601,652.8795860281699,663.7925415039062,564300
2025-05-28,665.998970387878,667.1565414675625,657.7672263361694,659.2315063476562,469200
2025-05-29,664.336716634933,664.336716634933,654.6999944645701,660.1515502929688,486300
2025-05-30,656.6591071007383,660.1714346153899,650.6831441887508,657.6484985351562,1042600
2025-06-02,657.4703679343518,658.4894096367682,644.3114144949348,653.2951049804688,628900
2025-06-03,655.9863732111495,659.8054099171751,653.7799890973001,657.658447265625,808100
2025-06-04,661.1607939883208,661.7544046651215,657.5000337809623,658.0838012695312,334600
2025-06-05,661.7346585071257,663.3077569959172,652.6025349383153,654.9473876953125,638000
2025-06-06,665.3360410249535,666.938910734528,661.8830745180225,664.138916015625,387700
2025-06-09,667.8392390413613,669.5805776822211,662.348128486776,662.7735595703125,475400
2025-06-10,664.7424694003207,666.058377017974,659.5382603925029,663.8124389648438,457400
2025-06-11,665.3459547089076,669.0957870186595,658.2520347958133,664.6237182617188,511800
2025-06-12,659.9933774450783,661.5170185746424,654.274665742422,659.7855834960938,493200
2025-06-13,650.3170662530923,655.1552048013941,645.5086384335377,647.1510620117188,682700
2025-06-16,654.3736094372207,658.8753283459388,651.2273519504924,654.81884765625,636200
2025-06-17,651.7220600129355,655.7983479324292,644.8358738210649,645.291015625,623900
2025-06-18,644.8259639759584,653.6216683232973,644.8160603995859,645.3701171875,478700
2025-06-20,651.1185083698394,652.9390152623166,642.4712365028158,645.8054809570312,864700
2025-06-23,648.0118695477075,657.5100036602586,639.6514994116995,657.173583984375,499300
2025-06-24,661.5170348483141,669.6102500537653,657.8958885369534,668.0866088867188,605900
2025-06-25,670.213737150727,670.4511814171326,665.0886367209597,666.364990234375,486500
2025-06-26,670.3621321763567,686.82561959447,668.739515784453,684.3719482421875,844200
2025-06-27,687.4390825868463,697.5110804716921,686.3012582450357,693.1082763671875,1044200
2025-06-30,694.0284161548946,694.0284161548946,687.5973715009303,691.0602416992188,1056600
2025-07-01,688.9132208207702,699.3611916056173,684.1344434427459,695.8192138671875,720200
2025-07-02,697.4319131601947,704.0806552269574,695.1563248612525,703.9124755859375,450100
2025-07-03,708.5032426154487,713.2523702168795,704.6842058450698,711.5209350585938,360500
2025-07-07,707.8897601179019,712.6982483562482,692.7421797592478,699.0941162109375,807800
2025-07-08,699.5196296840057,702.4481900099947,694.166987606824,699.420654296875,493600
2025-07-09,705.2877056863794,707.0785018835023,697.8672694462014,700.0835571289062,377900
2025-07-10,701.795140016144,711.7088615202434,698.8467728634946,706.7222900390625,442400
2025-07-11,701.3598672208107,708.246053956185,698.5104148053224,707.3258666992188,343000
2025-07-14,705.6536622234801,707.4148077939926,700.0932877260976,704.5357055664062,345000
2025-07-15,706.4253762028699,708.0974498869793,700.7660870490541,701.1222534179688,347700
2025-07-16,702.6064390403408,704.7534015179278,691.16907661544,702.685546875,435400
2025-07-17,702.715287658318,716.2303484927623,700.6672400802915,715.5872802734375,543100
2025-07-18,718.218962049625,719.5843269629638,711.4812092762604,714.9144287109375,485900
2025-07-21,716.507364694642,716.507364694642,703.4870003628336,703.6749267578125,389600
2025-07-22,701.3301180645013,714.825432183519,698.1838604422077,713.469970703125,534500
2025-07-23,717.8034712263367,721.9786740094884,710.5809259779523,720.4451293945312,548400
2025-07-24,721.0683915672789,726.6980306687607,717.5857751379783,721.8796997070312,620300
2025-07-25,723.700210933503,732.9708029536475,718.4366417608205,730.9821166992188,499800
2025-07-28,732.5058012325867,737.4428546486191,728.2613338729718,731.2196044921875,446100
2025-07-29,736.3742930010241,736.7106522308836,724.1552740337918,727.0640869140625,686100
2025-07-30,729.3793578608593,730.4973749826142,718.5455098686131,724.2642211914062,718200
2025-07-31,720.5935211118144,729.6068618902412,720.5935211118144,724.1355590820312,508300
2025-08-01,707.5830455627323,709.3045769730393,694.1075392413495,704.5753173828125,903600
2025-08-04,708.7407395777485,712.5696798835946,705.7923118196037,711.4120483398438,812900
2025-08-05,713.1138304911271,718.7632173340784,692.4652346219026,707.2962036132812,833400
2025-08-06,704.8522429517432,704.8522429517432,684.6785998532803,689.734375,1928100
2025-08-07,721.6522546144159,721.7511696057776,700.6672399177639,717.6649780273438,1277900
2025-08-08,721.7511493693894,731.2295362398544,715.854415055797,720.0197143554688,820200
2025-08-11,721.296038986132,724.9963531480922,716.8140669726082,722.90869140625,675800
2025-08-12,727.2026222133596,744.883040319698,726.5892044242736,744.0618286132812,604700
2025-08-13,749.0386090700696,755.8851811488288,741.4400898104471,753.9657592773438,616600
2025-08-14,747.683125286385,749.6619081716804,732.5454482914078,737.4330444335938,695100
2025-08-15,739.4513682429479,739.4513682429479,720.9299293604694,722.2161865234375,716100
2025-08-18,722.3151365099415,729.4486707712827,721.6225504011678,728.3900146484375,485900
2025-08-19,728.7362587598606,739.055604313333,728.3306348368558,736.3347778320312,940500
2025-08-20,733.5348433341867,739.6393716567383,727.1928103385985,735.088134765625,682300
2025-08-21,731.8725388109921,732.9311947996603,721.9885289084618,725.2733154296875,492800
2025-08-22,730.2896627714669,751.4428582670618,729.2607173318327,744.3489379882812,725800
2025-08-25,746.802496767153,748.3558484628932,741.509277098436,742.34033203125,650300
2025-08-26,741.8259125908972,754.6681936338749,738.0859841142689,753.4710083007812,712900
2025-08-27,750.7501495094941,760.2978002582767,749.8498299453182,759.9514770507812,636500
2025-08-28,761.4356256949385,765.0963860890572,754.9452202842807,758.7049560546875,636800
2025-08-29,756.1622219662427,760.5649656036682,748.2866442935301,751.2943725585938,890900
2025-09-02,739.9291088299373,744.7886102382785,732.7885514921492,743.7373657226562,525100
2025-09-03,742.6860354304522,746.3257126446728,737.6976032446329,742.348876953125,389000
2025-09-04,737.5389224649608,750.7489374524322,736.0810903071573,750.7092895507812,425100
2025-09-05,754.5274406348827,757.869607271603,742.4083790441443,752.2960205078125,520200
2025-09-08,753.3671908706482,755.7275425612482,748.2200455327297,753.9027099609375,567900
2025-09-09,749.7967996739228,750.9769753896286,739.204999555448,749.00341796875,419600
2025-09-10,750.0845259789389,764.0978505530256,750.0845259789389,758.9606323242188,558800
2025-09-11,758.0878293218321,773.3309034491614,758.0878293218321,763.3142700195312,661100
2025-09-12,761.1821005980903,762.2829200686384,752.0282776335223,752.5142822265625,463500
2025-09-15,753.595286863478,762.8482603332064,752.3060338596005,753.6845703125,549800
2025-09-16,753.7241207655114,754.319141911553,742.9835350958826,747.8232421875,652700
2025-09-17,748.3291132905008,751.7803573358701,724.2198589224224,732.4017333984375,1083500
2025-09-18,738.1340359454553,752.4547375758355,735.1984567559557,749.459716796875,652100
2025-09-19,751.6712395268241,752.4546941581893,740.2761301036795,749.4398193359375,791800
2025-09-22,747.188527272036,756.689435297882,743.9058627344838,753.674560546875,414800
2025-09-23,754.7258514337318,764.395339294667,752.0382078883506,753.8927612304688,399900
2025-09-24,754.5373749054211,756.7092929376331,739.8397469318577,742.5769653320312,393000
2025-09-25,735.3967680052812,740.5835608526015,732.2826826628384,738.9273681640625,402400
2025-09-26,742.5968908744495,749.3010185398609,741.8233027604686,744.5208129882812,339900
2025-09-29,749.8067916973772,755.7969542320006,743.5191790950987,747.3472900390625,615700
2025-09-30,748.7555256983387,752.6530657584814,743.6480890607972,751.8894653320312,491200
2025-10-01,744.1142141818817,752.6233806534076,744.1142141818817,748.983642578125,381700
2025-10-02,751.1258437478106,756.3126369916885,746.861363647628,751.8795776367188,381900
2025-10-03,755.3108844655178,762.7390848731259,751.1356882717128,756.9274291992188,319300
2025-10-06,760.7259057872965,765.763974014536,751.7307951581744,757.1358032226562,408300
2025-10-07,759.88292788929,764.6333519552301,740.3356643768861,744.4811401367188,377500
2025-10-08,748.2100940225887,757.8994360622784,741.3472539728992,747.1192016601562,496800
2025-10-09,749.6381873111233,750.729079647211,728.5041609600686,732.6397094726562,554900
2025-10-10,733.9983732495843,737.1818877983117,709.4626786289854,710.7420043945312,596000
2025-10-13,719.0627690283728,731.6975567113705,716.8809237816755,722.6429443359375,360500
2025-10-14,711.634628410857,737.7472210742355,711.0991093404709,730.3983764648438,336700
2025-10-15,736.9339670099487,742.329047608243,719.9255621474198,731.7669677734375,646700
2025-10-16,735.5554343472692,735.5554343472692,715.2147897423177,720.16357421875,1014800
2025-10-17,719.4396362306921,730.9835315602785,716.1569715166299,727.5322875976562,570200
2025-10-20,734.7223940168262,739.2546030718363,728.6528754368795,733.8992309570312,557100
2025-10-21,732.0347471458872,752.0580265604887,732.0347471458872,751.5720825195312,409500
2025-10-22,753.1390394787796,753.496112732293,734.2761409401164,735.2678833007812,442900
2025-10-23,739.3934824997427,760.606865479531,731.6083294167062,759.8729858398438,506400
2025-10-24,765.6250610351562,767.2713266311387,759.3671694989774,765.6250610351562,511900
2025-10-27,771.5755111984116,773.5589958030347,763.6217185639058,767.7870483398438,515700
2025-10-28,767.52918217544,773.5589922948697,758.1374116700921,760.67626953125,465300
2025-10-29,761.0927880987468,777.9028322357725,760.8647067390922,768.6300659179688,484200
2025-10-30,763.9787916560306,785.9855557615267,763.1655557045469,767.9556274414062,476000
2025-10-31,770.2664259472588,778.5177294003095,763.2448732989778,766.4482421875,622300
2025-11-03,766.4482708710383,768.4119013888413,760.6663959194344,765.506103515625,665600
2025-11-04,756.5505804006215,765.5258965344563,752.4546799075406,762.639892578125,611800
2025-11-05,760.388686126469,773.5491268372886,748.8646445499188,767.7573852539062,772600
2025-11-06,822.313056704396,844.8256200573995,808.8055307988237,827.2619018554688,1748600
2025-11-07,830.8896017286339,843.7604515911712,819.6387926650151,838.8506469726562,975400
2025-11-10,840.0630667483257,844.8039270212291,817.2831943133145,835.4912109375,862700
2025-11-11,832.738166021025,861.4217309283164,828.2855715725724,852.6854858398438,866500
2025-11-12,855.6970198120017,864.0456346679982,840.2321396789338,849.0975952148438,904400
2025-11-13,844.1281652833239,851.2941128260002,834.6563924814423,836.7932739257812,970700
2025-11-14,827.8779812484006,836.5148612456019,823.0377566687516,826.8642578125,1119600
2025-11-17,826.9139573550127,831.2472899764916,815.2755191216914,815.9513549804688,879300
2025-11-18,810.2167554508607,817.939216771303,801.2916082696051,812.3038940429688,682000
2025-11-19,812.2441732330999,821.5370527492154,809.2724609149124,815.6531982421875,595800
2025-11-20,829.5378807955168,837.7871309675303,811.8168581610018,814.3910522460938,817300
2025-11-21,817.8696044513836,837.4392411394689,813.4368467670972,834.4376831054688,776600
2025-11-24,839.5860146685783,851.3635509528248,834.2488465132316,834.8849487304688,1156300
2025-11-25,839.8245299848696,850.2702916075656,833.2946853987477,846.8314208984375,765700
2025-11-26,847.2091315632413,861.272656745405,841.8421782110946,856.2236938476562,642000
2025-11-28,862.2466487268155,862.3858074647402,855.0409680268796,856.4324340820312,223300
2025-12-01,850.4889565787505,859.8315186661607,847.2886695487953,850.8865356445312,466600
2025-12-02,853.2818640622195,855.7068901886005,846.3544398938601,853.6893310546875,453300
2025-12-03,857.8238495533529,864.2046478006602,852.6556856581807,863.8865966796875,456500
2025-12-04,864.0455730077259,874.2825968005214,857.9332044593223,868.3192749023438,427400
2025-12-05,868.1602790485729,876.6083183982156,865.933981914124,874.6205444335938,592300
2025-12-08,873.5471262699357,883.386631623167,871.4003570874008,874.2925415039062,655600
2025-12-09,873.7062066461131,878.5861651566524,856.6312351541484,857.6549072265625,523100
2025-12-10,861.6503576322331,888.0081999539358,857.2275482941318,883.8140258789062,677600
2025-12-11,883.744478724752,895.8003334790081,879.8385099026253,893.6336669921875,760200
2025-12-12,897.8278284167412,902.7972635896065,876.4891029022422,879.4608154296875,517000
2025-12-15,884.5593858058697,886.8851079609739,876.1908746693487,878.0692749023438,593800
2025-12-16,877.6518963006865,880.1962445741523,863.8865857239923,869.1442260742188,653800
2025-12-17,870.177922465532,874.5410403336798,857.0188075048375,857.913330078125,657000
2025-12-18,866.3514051392376,871.400368039496,860.179345086051,862.6442260742188,699900
2025-12-19,861.1931936445202,870.1282286570773,861.1236142704917,869.4623413085938,1643200
2025-12-22,871.7184720805677,883.3966449352315,871.0525240794119,881.051025390625,392800
2025-12-23,880.6534525864729,883.3071138646338,875.2069712926475,881.7169189453125,311100
2025-12-24,880.3950381068676,884.0525349752218,879.0433663502678,882.3331298828125,118800
2025-12-26,882.9294408978092,884.4004349082298,878.1091132118822,882.6511840820312,126300
2025-12-29,881.7168902318764,887.6802119782049,880.5937931166875,885.1060180664062,439500
2025-12-30,886.3384730107696,890.532707728723,881.8560935608875,883.3866577148438,329500
2025-12-31,882.8897432393502,888.6940095860615,873.2291296598597,873.5869750976562,281700
2026-01-02,876.2207586086327,889.1810847273002,870.6649639000266,888.51513671875,300400
2026-01-05,893.096881004047,912.0601999068467,888.0280212758298,901.3461303710938,632300
2026-01-06,909.0686761348632,925.6964472500141,894.5082676712667,923.08251953125,687100
2026-01-07,923.1321919042276,927.6245806040699,898.3148623669172,902.8370361328125,639700
2026-01-08,903.7712738327818,913.0541443510048,894.2199737532874,900.9287109375,573900
2026-01-09,907.2100997574742,924.3149169952617,907.2100997574742,915.3599853515625,627100
2026-01-12,913.1037962912112,924.781968039465,908.8102580182833,923.2613525390625,480800
2026-01-13,923.0924369017014,934.2239226333834,922.3271245093804,932.6138305664062,520700
2026-01-14,931.2920455806762,931.2920455806762,919.4846627945991,930.4869995117188,606000
2026-01-15,933.6971924663624,944.1926366110517,933.6971924663624,938.8057861328125,623500
2026-01-16,943.9938441347033,944.1926336636735,930.5465848016316,938.4976806640625,837800
2026-01-20,920.4089677814277,931.7392435093313,917.3577273244236,923.8080444335938,676600
2026-01-21,931.3118458837179,946.93578095461,925.2690566442413,939.5114135742188,687300
2026-01-22,946.7269851578635,948.466287289256,932.9318296856264,933.5281982421875,578300
2026-01-23,932.7728487710585,940.0679449947045,917.8645445590874,922.317138671875,442400
2026-01-26,923.0526533255542,932.9418410996866,922.3470323798557,927.3462524414062,554900
2026-01-27,930.1888100990877,934.2339377060622,919.9517855303826,920.3095703125,678200
2026-01-28,916.6123092780471,920.7270161225568,905.8286593160664,910.6688842773438,1293000
2026-01-29,930.8149318170333,959.1009783644406,927.3462758084619,942.6024780273438,1177600
2026-01-30,943.9044709165659,948.3371682364018,922.327161706832,930.1192626953125,865100
2026-02-02,930.0297562414859,948.1681939133075,927.6941460663719,946.180419921875,870200
2026-02-03,949.4305053474664,966.8533138572692,946.3991013035687,958.4351196289062,765200
2026-02-04,965.9985587573434,973.4527114545073,954.4595449410257,962.0726928710938,956500
2026-02-05,954.5887516634376,965.7004012978085,942.1750517937583,961.7049560546875,886800
2026-02-06,973.3749818924924,984.9156272207184,968.0278666670844,972.3294677734375,629500
2026-02-09,967.569934637056,983.1432523482475,967.3608074882561,974.6994018554688,490900
2026-02-10,976.4120772494742,987.8531126720952,970.5072894140675,987.3452758789062,753400
2026-02-11,995.7393743772478,1008.1761494392023,987.4647826071772,991.587158203125,753100
2026-02-12,996.2571311350781,1007.9471011128222,971.4432633422591,978.025146484375,603200
2026-02-13,982.6951678369463,1005.2287537081896,978.8316943794526,997.4818725585938,582400
2026-02-17,995.2912350537111,1010.3368417425835,986.1105476040175,1005.6270141601562,601400
2026-02-18,1007.6981876688793,1010.6754385964913,988.8488490972304,993.25,578900
2026-02-19,989.3665868118428,1008.8432459282864,989.3665868118428,1008.1263427734375,580200
2026-02-20,1003.7052218576594,1020.214535816251,996.7051453545981,1017.8745727539062,690100
2026-02-23,1010.1875163213333,1017.72527033438,994.006752226148,1004.6710815429688,720600
2026-02-24,1008.6839274847326,1021.9173418953822,1002.3012652078348,1018.6612548828125,432900
2026-02-25,1023.082326380947,1030.5503715988414,1002.8787965971759,1007.4890747070312,514900
2026-02-26,1010.4265353562166,1015.5944251668699,995.4904446635895,1010.6455688476562,459900
2026-02-27,995.6796269787277,1006.5929523410185,989.2073210808136,1004.8802490234375,1065800
2026-03-02,997.2727654973695,1010.9940828955994,990.242848125992,1007.1007080078125,713300
2026-03-03,986.1901572663683,993.2499758154663,964.6622779407774,984.4575805664062,962100
2026-03-04,986.658221224626,990.9398883146789,972.6381940283759,983.5813598632812,645900
2026-03-05,974.5997970580781,982.3366502741884,945.7731314892717,961.306640625,1003900
2026-03-06,941.7105011814617,941.7105011814617,913.620733669168,919.7843017578125,1250700
2026-03-09,897.0416418354446,929.4330102531984,896.1653863734266,928.1983032226562,1349500
2026-03-10,926.5454556385557,956.3578949597398,924.0461400830636,946.3407592773438,959800
2026-03-11,941.7304331956589,945.783099539096,926.3860561721543,936.472900390625,531500
2026-03-12,923.3790084989532,925.5397459183326,897.4300429056093,898.326171875,771100
2026-03-13,902.5580447226799,910.1057660136523,884.2165429104193,886.068603515625,877800
2026-03-16,897.9079391070218,900.496837050019,883.2207840176638,890.8282470703125,924100
2026-03-17,899.3517828960664,902.1398408894895,878.1923219480514,889.50390625,764300
2026-03-18,906.5908037925773,917.5041292722758,894.8510583858706,908.5126342773438,1013200
2026-03-19,895.0601308289001,903.1455292352473,883.5095182661863,896.1753540039062,624400
2026-03-20,893.9349453297107,902.5779553699023,878.590568311242,890.5991821289062,904800
2026-03-23,917.7530286068227,928.1883574534573,902.0601668671588,902.1995849609375,1031500
2026-03-24,885.7499410429206,925.8284490443694,880.0742754864023,920.6406860351562,1130700
2026-03-25,932.0617982530505,935.9949808061401,911.6391746393166,917.633544921875,971400
2026-03-26,910.8724897610522,916.3291218618397,895.2593043012329,897.6192016601562,772500
2026-03-27,896.2450836082372,901.4727151516598,881.1895096251885,884.6546630859375,613400
2026-03-30,893.5565759809892,895.8666985484632,855.0612589681917,857.8095092773438,787400
2026-03-31,873.4725706477142,891.8638479766792,864.6204329001263,891.4257202148438,1072600
2026-04-01,901.6519319035149,925.0418390793626,900.1383886714115,916.846923828125,690700
2026-04-02,897.0018919059545,919.5952209216929,887.3830154387279,904.1911010742188,358500
2026-04-06,903.3745883707435,908.2338014232006,896.1057030277583,908.2138671875,300600
2026-04-07,903.3147694660679,914.8554146760367,899.0032012867923,909.080078125,455800
2026-04-08,946.7589024161306,974.0620576111187,946.7589024161306,961.9339599609375,625800
2026-04-09,959.9226395729205,987.3652137657225,959.9226395729205,978.8018188476562,559700
2026-04-10,982.22713769933,985.7719672748267,974.7989004358827,980.0364990234375,511500
2026-04-13,978.3736425600159,987.4747147050891,968.4461505215958,985.2741088867188,435500
2026-04-14,990.7606157796637,993.1702878985005,978.8217111487074,980.80322265625,530000
2026-04-15,978.0251503742024,981.2114676139489,950.3336420046137,959.6537475585938,529400
2026-04-16,963.4176171293275,967.7889274088092,947.0675942177575,952.9225463867188,479500
2026-04-17,1024.615832820952,1024.615832820952,973.41493037865,984.5870971679688,728900
2026-04-20,975.8544630719584,993.0807416493315,973.1161798630519,992.1945190429688,399800
2026-04-21,994.3751966233638,997.0139302233014,960.6893172376019,968.5457153320312,576300
2026-04-22,977.3879066426547,979.4988692578726,944.7475407236756,950.363525390625,750100
2026-04-23,958.5584246438507,980.703719040255,950.5427349585044,969.7306518554688,615400
2026-04-24,966.9624175935974,981.0621202275481,962.8201688137708,970.3180541992188,447600
2026-04-27,968.8942109071138,975.4561600707345,955.0634373011209,970.188720703125,453900
2026-04-28,968.7946452104919,973.4845994260479,957.6224181051589,958.16015625,525200
2026-04-29,961.3963499008037,966.3252720452355,940.4161136225653,943.4630737304688,722900
2026-04-30,892.1824826507656,918.0517722420911,876.2506526034305,905.5452880859375,2029700
2026-05-01,900.5864612226737,905.3659977410862,870.3060556389056,878.4710693359375,1608000
2026-05-04,876.5792130797466,876.5792130797466,856.8237182189223,864.0527954101562,1167300
2026-05-05,869.4298637515433,877.2862012688038,862.7782712126199,868.9718017578125,724000
2026-05-06,887.7215360675137,908.0744501546807,887.7215360675137,898.8140258789062,910300
2026-05-07,900.6064271343178,902.5879387008587,878.6602931408144,883.0714111328125,757100
2026-05-08,890.1971206787189,890.7061053420537,873.3111463589885,877.0635986328125,753900
2026-05-11,869.4289381091454,878.4807148979088,860.956012587339,872.6025390625,687200
2026-05-12,874.2891363419899,885.9456523528123,864.2593489209568,879.5685424804688,827500
2026-05-13,876.0855012337785,885.1871652033626,875.307100704624,880.596435546875,675200
2026-05-14,887.302966974308,892.5124456013298,875.8061025388444,878.6603393554688,544700
2026-05-15,869.8181488988675,876.9238328037259,854.0998064478508,860.9859008789062,677500
2026-05-18,858.5508468138773,863.7303563195114,851.6846708978212,856.7045288085938,583800
2026-05-19,858.1616584610738,858.6306845355151,837.4633550585456,850.8463745117188,660000
2026-05-20,857.3931603059142,861.3651409971469,845.7566237565488,857.7125244140625,790400
2026-05-21,853.0519408032027,876.9338344459818,842.3035688976701,862.9918823242188,733000
2026-05-22,870.1874391761338,876.0157278196768,859.319313005777,865.2174682617188,702900
2026-05-26,870.6265104021137,878.2311892359085,856.7744044988948,866.2852783203125,780200
2026-05-27,870.2472830100361,873.7003503504709,848.7306209721127,854.9580688476562,676600
2026-05-28,850.2875167320466,855.0978360493474,837.8226308395651,851.0958862304688,737900
2026-05-29,846.4951436780175,855.117792034481,842.2237171719306,842.9323120117188,1021200
2026-06-01,838.5111966952668,839.2796075624236,813.3718265631278,821.6451416015625,1638500
2026-06-02,826.6152200877956,837.6429978542186,820.4475880337454,834.6390380859375,1104100
2026-06-03,834.3096559029397,857.1137641020936,832.4135114378139,849.0499877929688,1264300
2026-06-04,857.6426697352903,871.903925044953,853.0319607636228,870.476806640625,799800
2026-06-05,873.0316550482424,897.1730357195946,870.1874078973448,880.5665283203125,1015700
2026-06-08,885.6762534358019,890.7260805481579,876.2951227942816,881.3649291992188,591500
2026-06-09,889.4585736856949,904.927418445446,882.0135464728334,903.7098999023438,729600
2026-06-10,901.0852028105736,914.3384784455969,873.8400268554688,873.8400268554688,662800
2026-06-11,882.662260347017,902.2927061981089,879.0495414924177,900.5562133789062,515100
2026-06-12,909.538157321441,911.683860223928,894.2190349187252,901.6640014648438,553600
2026-06-15,921.4142314611958,931.1146648618084,916.4941481525548,917.0130615234375,784400
2026-06-16,926.244475920105,944.5376495104716,920.0769050852746,936.6235961914062,601600
2026-06-17,933.4001485248592,956.6133455563642,930.1666096472225,944.068603515625,845300
2026-06-18,955.3459028546413,963.0403667389451,947.1922807312632,951.3539428710938,1020000
2026-06-22,953.0804524850824,961.4735216054775,947.4318558718435,960.2061157226562,659700
2026-06-23,936.8731356151103,955.6353361028813,928.3303433464243,945.6754150390625,613300
2026-06-24,945.6454401780578,971.6630475540842,945.1664244559373,959.1582641601562,607400
2026-06-25,965.6052455372271,1001.7723946354896,960.1961566066313,987.9202880859375,434600
2026-06-26,980.4254200349163,980.4254200349163,963.6392205886438,966.9724731445312,1229900
2026-06-29,961.7929062381903,971.7029398659895,953.5594885410407,961.852783203125,570600
2026-06-30,973.7587912906206,979.0282078245458,963.5094752245012,976.1539916992188,622500
2026-07-01,971.393544392857,977.630981907355,957.6612531274181,961.8727416992188,579600
2026-07-02,974.547208546198,974.9164599670999,949.7671002000793,960.95458984375,408400
2026-07-06,961.0344417003757,970.006423346245,959.8768000529129,969.4075927734375,447300
2026-07-07,966.8128371249531,969.6570843628667,927.4720869571114,955.58544921875,584500
2026-07-08,944.2681984046576,948.9787429647495,930.5059379830477,937.2423706054688,682200
2026-07-09,951.8529365181432,955.8249172041438,939.4678465757779,947.2621459960938,491800
2026-07-10,946.1444308227452,962.7410098080551,943.0606757571212,959.337890625,440500
2026-07-13,957.0624045060459,964.1481699361984,946.912863429605,949.3479614257812,333700
2026-07-14,961.0843740250373,964.5373805299143,951.1842691132804,962.6112670898438,409100
2026-07-15,957.301952618922,962.0623845323037,939.9768603961314,951.0346069335938,732100
2026-07-16,948.0605250378196,975.4354441668517,945.1763802496275,956.4137573242188,760300
2026-07-17,944.0186813175324,970.3057646514402,932.501898675632,951.2940673828125,591200
2026-07-20,954.0884458127615,962.0623763018815,940.3461037879092,948.87890625,520400
2026-07-21,964.2679235786816,969.1580379487882,946.6433863647032,957.6512451171875,502100
2026-07-22,966.0443451406388,973.0402648937171,960.8647745248594,968.8187866210938,330000
2026-07-23,961.6631795633373,984.2976473061005,961.5035279581978,983.4992065429688,636600
2026-07-24,987.2117512741005,998.7085550157017,975.1859835778517,985.5550537109375,696800
2026-07-27,989.5769476171251,996.9620370398453,973.5292514263753,985.3255004882812,541100
2026-07-28,993.0699249992522,995.9940284144589,974.7667614431323,988.9682006835938,610900
2026-07-29,982.9503140660402,982.9503140660402,940.4259734579509,949.1583862304688,548600
2026-07-30,959.9965405579871,966.0942450115554,944.1684333290527,960.8547973632812,664700
2026-07-31,969.0881834643382,978.4693137886014,957.9905395855152,974.5671997070312,477000
2026-08-03,974.9264758612547,996.0339280333524,970.5352954505826,995.5150146484375,505600
2026-08-04,1002.1915469717501,1003.7284296235429,972.08214520103,990.65478515625,1013100
2026-08-05,989.0180646047776,1007.8301514536887,984.8065151943405,994.896240234375,1157200
2026-08-06,1073.837269714674,1097.7290924998197,1054.8754591899726,1067.6497802734375,1437000
2026-08-07,1076.7014979978771,1087.1604140125596,1070.3143374456035,1071.7115478515625,823500
2026-08-10,1082.6694406412896,1082.6694406412896,1055.6339253150086,1058.368408203125,524900
2026-08-11,1059.1767978069133,1073.946976327493,1055.4641825165852,1059.1966552734375,410000
2026-08-12,1068.5477991861567,1072.6794922308275,1059.8853145736143,1067.3702392578125,523400
2026-08-13,1068.438113143713,1068.438113143713,1050.1749686719602,1056.74169921875,617000
2026-08-14,1055.9532815506702,1062.8594166406633,1048.608089309125,1053.727783203125,331800
2026-08-17,1057.0411278646557,1062.2705857963695,1045.8935355420194,1051.6419677734375,618200
2026-08-18,1043.9673479460848,1044.7059726266311,1030.4846150959934,1039.755859375,482300
2026-08-19,1044.1071104478522,1044.1071104478522,1014.1973784825723,1021.1932983398438,831000
2026-08-20,1015.0656018102665,1021.6224034683986,997.8103765107668,998.1197509765625,559700
2026-08-21,1007.979898327924,1010.1255402989195,991.5230528321741,999.7265014648438,545500
2026-08-24,1004.4469532870997,1014.7661965573452,999.4071160336933,1012.2013549804688,789800
2026-08-25,1031.0434213353951,1031.0434213353951,1012.8700015525842,1014.2672119140625,671400
2026-08-26,1023.0095748393602,1045.5043088442612,1019.3869271110515,1037.400634765625,585200
2026-08-27,1029.0374964160128,1034.3368820089784,1004.4869657757562,1009.1675415039062,731100
2026-08-28,1012.1414809418092,1013.9478403875548,988.3593624200788,993.02001953125,576100
2026-08-31,986.3200073242188,990.1599731445312,974.72998046875,979.4400024414062,801800
2026-09-01,975.7100219726562,980.4500122070312,949.5800170898438,952.0900268554688,645100
2026-09-02,956.8599853515625,962.280029296875,941.1300048828125,949.3800048828125,570900
2026-09-03,951.9500122070312,965.0,933.739990234375,964.52001953125,524100
2026-09-04,966.7100219726562,978.3800048828125,960.4299926757812,962.5900268554688,844100
2026-09-08,957.47998046875,971.4400024414062,954.9600219726562,955.8699951171875,552100
2026-09-09,949.9500122070312,957.5599975585938,945.2100219726562,949.469970703125,458000
2026-09-10,939.6500244140625,944.4600219726562,929.239990234375,934.3400268554688,655700
2026-09-11,948.2000122070312,956.1799926757812,940.9400024414062,950.22998046875,345600
2026-09-14,929.8200073242188,936.3699951171875,914.8300170898438,928.8300170898438,663600
2026-09-15,934.6199951171875,939.5999755859375,919.9500122070312,925.0,601700
2026-09-16,931.780029296875,937.989990234375,911.4099731445312,918.75,420000
2026-09-17,930.27001953125,935.27001953125,917.7999877929688,925.2899780273438,576000
2026-09-18,925.1400146484375,943.8900146484375,923.1500244140625,943.5399780273438,1064900
2026-09-21,951.6099853515625,964.4299926757812,943.3099975585938,958.1699829101562,647100
2026-09-22,959.3499755859375,969.4199829101562,954.3099975585938,964.8499755859375,479900
2026-09-23,960.9600219726562,978.22998046875,958.6799926757812,971.2100219726562,581600
2026-09-24,965.0599975585938,979.489990234375,959.4500122070312,974.97998046875,552300
2026-09-25,974.0,981.969970703125,966.239990234375,978.3300170898438,591900
2026-09-28,973.22998046875,983.9199829101562,962.530029296875,969.5499877929688,651800
