date,open,high,low,close,volume
2015-10-08,20.550237768437587,20.687192916870117,20.550237768437587,20.687192916870117,2000
2015-10-09,20.680340184811673,20.680340184811673,20.584470172392095,20.6529483795166,4300
2015-10-12,20.83099825795426,20.83099825795426,20.728281565499913,20.783063888549805,2300
2015-10-13,20.6529483795166,20.6529483795166,20.6529483795166,20.6529483795166,500
2015-10-14,20.6529483795166,20.6529483795166,20.6529483795166,20.6529483795166,0
2015-10-15,20.56393525054818,20.591325759887695,20.56393525054818,20.591325759887695,2500
2015-10-16,20.95151742959607,20.995342760441673,20.95151742959607,20.983016967773438,400
2015-10-19,21.022737010295508,21.235018348532673,21.022737010295508,21.22817039489746,2000
2015-10-20,21.474687839296596,21.474687839296596,21.221318822454414,21.24871063232422,3200
2015-10-21,21.265830993652344,21.265830993652344,21.265830993652344,21.265830993652344,400
2015-10-22,21.351425769524102,21.54521771655521,21.34937125332048,21.53494644165039,2200
2015-10-23,21.26445686433785,21.276098251342773,21.187077493562622,21.276098251342773,3500
2015-10-26,21.247342974052227,21.310343360363074,21.247342974052227,21.303495407104492,600
2015-10-27,21.269253802008656,21.310341518007977,21.228167392122756,21.308971405029297,3400
2015-10-28,21.392511968202946,21.454142229261926,21.23158836364746,21.23158836364746,3200
2015-10-29,21.24870827732303,21.328142166137695,21.235012373906045,21.328142166137695,3900
2015-10-30,21.19392967224121,21.19392967224121,21.19392967224121,21.19392967224121,200
2015-11-02,21.19392967224121,21.19392967224121,21.19392967224121,21.19392967224121,100
2015-11-03,21.63903316794467,21.63903316794467,21.447294431481794,21.467838287353516,500
2015-11-04,21.58425702573701,21.58425702573701,21.378822326660156,21.378822326660156,1900
2015-11-05,21.419904738472876,21.419904738472876,21.193927539805333,21.29664421081543,23800
2015-11-06,20.80359787818626,20.80359787818626,20.509143829345703,20.509143829345703,9000
2015-11-09,20.58447213649608,20.614602863972998,20.26947418222568,20.344799041748047,45500
2015-11-10,20.618712823642394,20.618712823642394,20.440669982568757,20.56393051147461,27200
2015-11-11,20.61528954731101,20.721430855526155,20.536540050034013,20.635149002075195,27100
2015-11-12,20.44751357802457,20.598164577857858,20.44751357802457,20.509143829345703,63900
2015-11-13,20.420125430840237,20.454365191100806,20.23934367622701,20.242082595825195,47700
2015-11-16,20.221538543701172,20.283168801478922,20.221538543701172,20.221538543701172,4200
2015-11-17,20.54338321419983,20.66664372246313,20.495448862344798,20.536535263061523,25700
2015-11-18,20.29686681982757,20.77963638305664,18.28361574676485,20.77963638305664,28600
2015-11-19,20.824141884018474,20.920010584062652,20.824141884018474,20.892620086669922,3500
2015-11-20,21.029582027081595,21.07066974570673,21.029582027081595,21.06382179260254,600
2015-11-23,21.20762598864785,21.236386609508017,21.17338752746582,21.17338752746582,2400
2015-11-24,21.241863779880667,21.241863779880667,20.851539611816406,20.851539611816406,2500
2015-11-25,20.851539611816406,20.851539611816406,20.851539611816406,20.851539611816406,0
2015-11-27,21.009037017822266,21.009037017822266,21.009037017822266,21.009037017822266,0
2015-11-30,21.2281693249214,21.2281693249214,21.037800664244017,21.056974411010742,1600
2015-12-01,21.214472750595913,21.405527114868164,21.214472750595913,21.405527114868164,5600
2015-12-02,21.303494588365265,21.37881945908772,20.967952728271484,20.967952728271484,4400
2015-12-03,20.79675681979482,20.79675681979482,20.550235748291016,20.550235748291016,800
2015-12-04,20.755670103754483,21.11175582283447,20.755670103754483,20.967952728271484,4400
2015-12-07,20.967952728271484,20.967952728271484,20.967952728271484,20.967952728271484,0
2015-12-08,20.73512637352942,21.06382026196437,20.4886053041465,21.036428451538086,4600
2015-12-09,20.89262483146978,20.920015335083008,20.89262483146978,20.920015335083008,600
2015-12-10,20.748821258544922,20.748821258544922,20.748821258544922,20.748821258544922,700
2015-12-11,20.666648572574562,20.666648572574562,20.637887954711914,20.637887954711914,300
2015-12-14,20.611864037505327,20.72827660941657,20.60501608549722,20.701570510864258,600
2015-12-15,21.038482626275286,21.08436377738288,20.94055938720703,20.94055938720703,4100
2015-12-16,21.132296873737232,21.31718635559082,21.132296873737232,21.31718635559082,1600
2015-12-17,21.543160677336328,21.543160677336328,21.267880354442845,21.289793014526367,2400
2015-12-18,21.160333538406157,21.179027320146865,21.012863159179688,21.012863159179688,1400
2015-12-21,21.086249223111626,21.086249223111626,21.04747772216797,21.04747772216797,500
2015-12-22,21.241334915161133,21.241334915161133,21.241334915161133,21.241334915161133,200
2015-12-23,21.28980089631842,21.44904136657715,21.28980089631842,21.44904136657715,4500
2015-12-24,21.363186969908835,21.46980857849121,21.363186969908835,21.46980857849121,300
2015-12-28,21.48365467710803,21.48365467710803,21.407495635059373,21.412342071533203,2100
2015-12-29,21.635981397284517,21.802145575949,21.635981397284517,21.767528533935547,3500
2015-12-30,21.857533635503827,21.871380980531413,21.767528533935547,21.767528533935547,2000
2015-12-31,21.68444199290988,21.732906371477164,21.590282440185547,21.590282440185547,36800
2016-01-04,21.449044705011858,21.449044705011858,21.02047957457788,21.089021682739258,1900
2016-01-05,21.41441397339617,21.72804832458496,21.41441397339617,21.72804832458496,1500
2016-01-06,21.338262844613876,21.59097086315585,21.338262844613876,21.518274307250977,3700
2016-01-07,21.269718820962144,21.2897965382279,21.121555198114,21.123632431030273,1500
2016-01-08,21.12363322805245,21.12986360648142,20.82592202954891,20.84669303894043,4000
2016-01-11,20.97132110595703,20.97132110595703,20.97132110595703,20.97132110595703,500
2016-01-12,20.798229172946815,20.846693542141885,20.742839813232422,20.742839813232422,2300
2016-01-13,20.936694992345522,20.97131333618437,20.528207778930664,20.528207778930664,3300
2016-01-14,20.651447305553386,20.651447305553386,20.424356765105944,20.597444534301758,3700
2016-01-15,20.179271415902083,20.285893053852934,20.179271415902083,20.25127601623535,1400
2016-01-19,20.43127877436232,20.43127877436232,20.32396389078016,20.389738082885742,4700
2016-01-20,19.84278106689453,20.002021492099683,19.468912185084406,19.84278106689453,4600
2016-01-21,19.995101928710938,19.995101928710938,19.995101928710938,19.995101928710938,100
2016-01-22,20.400129985218772,20.41051483154297,20.394591576586564,20.41051483154297,300
2016-01-25,20.41051483154297,20.41051483154297,20.41051483154297,20.41051483154297,0
2016-01-26,20.486677425126416,20.670843409731845,20.486677425126416,20.591915130615234,500
2016-01-27,20.41051483154297,20.41051483154297,20.41051483154297,20.41051483154297,900
2016-01-28,20.410511275050126,20.417434944911566,20.1889591217041,20.1889591217041,1700
2016-01-29,20.085110522988455,20.21665763418685,20.085110522988455,20.209733963012695,600
2016-02-01,20.498445605504795,20.638992309570312,20.498445605504795,20.638992309570312,700
2016-02-02,20.548980410378906,20.548980410378906,20.375892639160156,20.375892639160156,1100
2016-02-03,20.54899136756174,20.54899136756174,20.110733298595523,20.39667320251465,3800
2016-02-04,20.38558781217632,20.524750543839936,20.38558781217632,20.519210815429688,1500
2016-02-05,20.223577234439066,20.223577234439066,20.146034240722656,20.146034240722656,200
2016-02-08,19.455065785094863,19.455065785094863,19.078426361083984,19.078426361083984,700
2016-02-09,18.984266818200318,19.074271878275752,18.742635644917705,18.928878784179688,1400
2016-02-10,19.330446243286133,19.330446243286133,19.330446243286133,19.330446243286133,300
2016-02-11,18.901186533563386,18.901186533563386,18.84579849243164,18.84579849243164,800
2016-02-12,18.845798780352588,19.045195995584226,18.845798780352588,19.032733917236328,1800
2016-02-16,19.032733917236328,19.032733917236328,19.032733917236328,19.032733917236328,100
2016-02-17,19.662773693549877,19.697392045667552,19.61292405883348,19.628156661987305,2600
2016-02-18,19.718854768954053,19.870479583740234,19.718854768954053,19.870479583740234,3900
2016-02-19,19.84278106689453,19.84278106689453,19.84278106689453,19.84278106689453,200
2016-02-22,20.14742088317871,20.185500411788798,20.13011236668917,20.14742088317871,800
2016-02-23,20.043561935424805,20.043561935424805,20.043561935424805,20.043561935424805,300
2016-02-24,20.022101143700766,20.0601806640625,20.015869445247894,20.0601806640625,800
2016-02-25,20.1889591217041,20.1889591217041,20.1889591217041,20.1889591217041,100
2016-02-26,20.424359471498843,20.427820646297246,20.334354400634766,20.334354400634766,2500
2016-02-29,20.512288608057784,20.52821186089062,20.306659698486328,20.306659698486328,700
2016-03-01,20.632063773624573,20.798229211969478,20.625141424202308,20.791305541992188,1000
2016-03-02,20.929776623800247,21.01978302001953,20.902083262270942,21.01978302001953,1300
2016-03-03,21.022553036500543,21.05993927409311,21.022553036500543,21.04886245727539,1100
2016-03-04,21.116712565436476,21.13748357778595,21.075171861292706,21.10978889465332,1700
2016-03-07,21.192865865607313,21.20671188285663,21.095935821533203,21.095935821533203,1500
2016-03-08,21.078631947835618,21.078631947835618,21.0640926361084,21.0640926361084,600
2016-03-09,21.082093202439804,21.128480338950347,20.943622443188445,20.99970245361328,3700
2016-03-10,21.22056388663043,21.22056388663043,20.900697708129883,20.900697708129883,1000
2016-03-11,21.310570552217403,21.386728286743164,21.310570552217403,21.386728286743164,400
2016-03-14,21.489890105403703,21.530738839647857,21.455965042114258,21.455965042114258,3000
2016-03-15,21.462888296320354,21.597896575927734,21.462888296320354,21.597896575927734,2300
2016-03-16,21.60135755506464,21.604818729954193,21.435192108154297,21.435192108154297,1500
2016-03-17,22.148311354554572,22.187084167370397,22.14138768514299,22.1524658203125,1100
2016-03-18,22.15036970557232,22.213277140718535,21.968637263281046,21.99659538269043,136400
2016-03-21,22.101443583891403,22.101443583891403,21.846318226821513,21.884761810302734,3400
2016-03-22,21.82185343612486,21.954658173414437,21.81766058465896,21.846317291259766,1600
2016-03-23,21.85330336006368,21.903629567537035,21.765932083129883,21.765932083129883,2600
2016-03-24,21.675069378267718,21.800884246826172,21.652002696881308,21.800884246826172,2200
2016-03-28,21.675067626896176,21.996593302183623,21.675067626896176,21.940675735473633,2600
2016-03-29,22.171341377597386,22.41598129272461,22.02455822842922,22.41598129272461,17300
2016-03-30,22.597719363711803,22.597719363711803,22.36356353411111,22.36705780029297,4200
2016-03-31,22.367044811187313,22.478879928588867,22.367044811187313,22.478879928588867,11300
2016-04-01,22.383125176027594,22.52571678161621,22.383125176027594,22.52571678161621,700
2016-04-04,22.55716730271022,22.55716730271022,22.43694380195331,22.492862701416016,5300
2016-04-05,22.297152483867517,22.297152483867517,22.28037707921187,22.291561126708984,300
2016-04-06,22.318125133314112,22.353073120117188,22.262207554521044,22.353073120117188,600
2016-04-07,22.39011982208412,22.39011982208412,22.171340942382812,22.171340942382812,2100
2016-04-08,22.49986046902986,22.54179966084697,22.38103675842285,22.38103675842285,1900
2016-04-11,22.406199980796373,22.509646791218074,22.36286361433031,22.36705780029297,3100
2016-04-12,22.429262026093667,22.49985658715775,22.429262026093667,22.464908599853516,1300
2016-04-13,22.464907075577013,22.478886802822267,22.331403746699234,22.37893295288086,2800
2016-04-14,22.346082524472,22.346082524472,22.25871122714475,22.290164947509766,3600
2016-04-15,22.290166767247804,22.443941116333008,22.290166767247804,22.443941116333008,700
2016-04-18,22.457916992729306,22.527812957763672,22.262204824364886,22.527812957763672,1000
2016-04-19,22.65362785880667,22.65362785880667,22.398502519999028,22.450925827026367,32800
2016-04-20,22.37404374954105,22.381034947458694,22.19930246383093,22.22726058959961,1900
2016-04-21,22.108435421864588,22.126609336707762,21.675074476215194,21.712818145751953,1300
2016-04-22,21.940673436157635,22.08745786662626,21.89174573706136,21.989601135253906,2400
2016-04-25,22.021058115621056,22.14407730102539,22.021058115621056,22.14407730102539,2300
2016-04-26,22.3502690735069,22.3502690735069,22.206281661987305,22.206281661987305,2500
2016-04-27,22.101443470245282,22.122411727905273,22.021760624868875,22.122411727905273,1200
2016-04-28,23.170863365505294,23.170863365505294,22.144773483276367,22.144773483276367,1100
2016-04-29,22.122413356696132,22.122413356696132,21.73099029778863,21.933691024780273,20100
2016-05-02,21.800888794775698,22.233551142407116,21.800888794775698,22.164352416992188,3800
2016-05-03,22.0909617201492,22.27618980407715,22.0909617201492,22.27618980407715,4700
2016-05-04,22.13988232496854,22.59770965576172,22.13988232496854,22.59770965576172,1700
2016-05-05,22.604705039354968,22.62567330015729,22.580241179632015,22.618684768676758,2700
2016-05-06,22.545988296313766,22.833963210087106,22.53130998274542,22.737504959106445,3800
2016-05-09,22.912256045447478,22.996833026199617,22.8912877801059,22.966777801513672,5200
2016-05-10,23.198825142194043,23.198825142194043,23.00521005506283,23.05204200744629,7700
2016-05-11,23.12892625468326,23.12892625468326,22.53480259394334,22.632658004760742,7100
2016-05-12,22.695565410202565,22.789925222997116,22.492863392958018,22.709545135498047,3600
2016-05-13,22.667606339769094,23.062523587139747,22.304141475070793,22.38172721862793,3700
2016-05-16,22.45092671446768,22.716536191907785,22.45092671446768,22.687179565429688,7000
2016-05-17,22.367050002709846,22.436945967424258,22.311132431030273,22.311132431030273,2400
2016-05-18,22.325117314416147,22.325117314416147,21.76104736328125,21.76104736328125,5700
2016-05-19,21.69603652239095,21.778515030646147,21.657592946532695,21.717004776000977,3000
2016-05-20,21.842821837038574,21.87776981870582,21.82464925986202,21.865188598632812,2700
2016-05-23,21.954660617164347,21.96165048129237,21.912722765576465,21.933691024780273,4200
2016-05-24,22.157362023474693,22.171340418137977,22.080474853515625,22.080474853515625,3500
2016-05-25,22.29715132259726,22.29715132259726,21.996593893508827,22.230051040649414,5600
2016-05-26,22.143376713657812,22.220263864234923,22.143376713657812,22.213274002075195,1000
2016-05-27,22.360059570727437,22.381029159516302,22.271989697538263,22.300647735595703,1500
2016-05-31,22.37403853263723,22.37403853263723,22.17273634113483,22.311132431030273,2500
2016-06-01,22.19231259909366,22.234250454336877,22.111232567866065,22.22726058959961,2500
2016-06-02,22.249628075150277,22.297157287597656,22.249628075150277,22.297157287597656,800
2016-06-03,22.30414302568788,22.478885607420423,22.30414302568788,22.397804260253906,2400
2016-06-06,22.429959117698353,22.429959117698353,22.297154375068597,22.40899085998535,3100
2016-06-07,22.408994736247752,22.533409797589066,22.367055547206853,22.427165985107422,2500
2016-06-08,22.415977054338697,22.541791920225503,22.401997328533486,22.53480339050293,2700
2016-06-09,22.548779895899244,22.58233070373535,22.466301382127153,22.58233070373535,6100
2016-06-10,22.45092239112924,22.506841287763265,22.45092239112924,22.471893310546875,1600
2016-06-13,22.611691746347617,22.638254029823987,22.464908599853516,22.464908599853516,5800
2016-06-14,22.386618774604294,22.436943650693554,22.332099714447615,22.360057830810547,4900
2016-06-15,22.52851608381766,22.66062092418738,22.52851608381766,22.59072494506836,8600
2016-06-16,22.495662348147853,22.730518048336055,22.494265175239978,22.70675277709961,7200
2016-06-17,22.56580118733275,22.692654748925097,22.479822990832396,22.671510696411133,6800
2016-06-20,22.89702912743631,22.89702912743631,22.69265365600586,22.69265365600586,4900
2016-06-21,22.812454428087225,22.87588119506836,22.812454428087225,22.87588119506836,3200
2016-06-22,22.82655939579337,22.882939963337492,22.78216090862042,22.85474967956543,2700
2016-06-23,22.925928984744193,22.953414916992188,22.925928984744193,22.953414916992188,5300
2016-06-24,22.551702729750403,22.72788790732658,22.445991892041945,22.664461135864258,5700
2016-06-27,22.551706670100806,22.69970159991384,22.47066163555751,22.629228591918945,3400
2016-06-28,22.960460528629973,23.045028686523438,22.897033738116562,23.045028686523438,8600
2016-06-29,23.42558814596152,23.496061158948844,23.380482621741585,23.481966018676758,7600
2016-06-30,23.637002807628242,23.679285527432068,23.419236584823732,23.672239303588867,11900
2016-07-01,23.841383842627643,23.841383842627643,23.62995944050562,23.65814971923828,4900
2016-07-05,23.686340072567774,23.848430143231642,23.686340072567774,23.830810546875,2300
2016-07-06,23.954140896931975,23.954140896931975,23.665197277407174,23.799097061157227,8300
2016-07-07,23.890714763490138,23.890714763490138,23.487601317252157,23.50310516357422,3400
2016-07-08,23.77090997309721,23.96119033661037,23.679999946499482,23.910449981689453,17900
2016-07-11,24.11623683061122,24.11623683061122,23.86252965151415,24.0950927734375,6100
2016-07-12,24.144424438476562,24.144424438476562,23.940051600432135,24.144424438476562,919000
2016-07-13,24.18670244555422,24.25717544555664,24.109884886155843,24.25717544555664,27800
2016-07-14,24.299473019817277,24.299473019817277,24.021804314236366,24.122583389282227,8400
2016-07-15,23.989376661691924,24.08733558654785,23.937929273114946,24.08733558654785,304400
2016-07-18,24.11623683061122,24.11623683061122,24.01052460986296,24.0950927734375,6700
2016-07-19,24.035185520682255,24.165563541157635,24.035185520682255,24.164152145385742,7200
2016-07-20,24.19375974411224,24.19375974411224,24.081705645874806,24.130332946777344,9400
2016-07-21,24.14442319163148,24.214898897984465,24.038713664661962,24.200803756713867,8300
2016-07-22,24.313560190964193,24.468604043765673,24.2888943678706,24.384033203125,10900
2016-07-25,24.419276371181674,24.419276371181674,24.243091123737,24.348800659179688,22800
2016-07-26,24.419270407303543,24.419270407303543,24.187409000748396,24.21137046813965,8500
2016-07-27,24.362892981792022,24.362892981792022,23.947095738412475,24.03166389465332,8400
2016-07-28,24.073948588735913,24.25718003644396,23.950619471204234,24.17966079711914,10600
2016-07-29,24.214894852198412,24.503838479036144,24.214894852198412,24.439002990722656,17500
2016-08-01,24.4615580467407,24.539079982386482,24.380514341928045,24.5179386138916,30700
2016-08-02,24.489748696505856,24.489748696505856,24.097208535573756,24.144424438476562,90100
2016-08-03,24.158512004675096,24.158512004675096,23.898463034028655,23.961185455322266,22000
2016-08-04,24.073952956401026,24.073952956401026,23.834340903850325,23.918909072875977,234100
2016-08-05,23.947099358675736,23.982335871738623,23.87662633254996,23.918909072875977,21500
2016-08-08,23.91890192278863,24.009110272707115,23.911855697631836,23.911855697631836,45100
2016-08-09,24.031666294661388,24.073951721191406,23.841388596210027,24.073951721191406,204300
2016-08-10,24.130328446757016,24.130328446757016,23.975284595880325,24.024616241455078,12300
2016-08-11,24.112706501066846,24.112706501066846,23.693384866152115,23.799097061157227,19400
2016-08-12,24.038711322597543,24.038711322597543,23.816716229681,23.87662124633789,11600
2016-08-15,24.024615847241805,24.024615847241805,23.841384407881172,23.848430633544922,14900
2016-08-16,23.70043701295362,23.70043701295362,23.55948829650879,23.55948829650879,18600
2016-08-17,23.679291084101305,23.679291084101305,23.439679091619567,23.65814971923828,18300
2016-08-18,23.67224674957649,23.67224674957649,23.53834694745966,23.60881996154785,11700
2016-08-19,23.566532717716754,23.566532717716754,23.348064777913166,23.425586700439453,20900
2016-08-22,23.3410141805384,23.53834342956543,23.3410141805384,23.53834342956543,56300
2016-08-23,23.637006541076456,23.637006541076456,23.524248123168945,23.524248123168945,60600
2016-08-24,23.644058337918988,23.644058337918988,23.355114655916115,23.460826873779297,58700
2016-08-25,23.34806656602812,23.70748323900794,23.34806656602812,23.55948829650879,24400
2016-08-26,23.637007230230093,23.665197507622064,23.18597354544985,23.326919555664062,33700
2016-08-29,23.34806656602812,23.594724803526706,23.305076790814606,23.55948829650879,22900
2016-08-30,23.6017720996246,23.6017720996246,23.369206330181253,23.489013671875,38600
2016-08-31,23.559484624695155,23.58062598793633,23.39034565364752,23.524248123168945,143400
2016-09-01,23.61586183952923,23.61586183952923,23.36920364726133,23.51719856262207,69500
2016-09-02,23.538339543589558,23.88366096772495,23.538339543589558,23.672239303588867,48900
2016-09-06,23.792055466103868,23.883672550731433,23.608823985222354,23.869577407836914,169500
2016-09-07,23.946085237671767,23.98859405517578,23.78313882443701,23.98859405517578,555900
2016-09-08,23.96025865487629,24.016937087230843,23.683958053588867,23.683958053588867,322500
2016-09-09,23.535175403238156,23.535175403238156,22.755863366513445,22.784202575683594,906700
2016-09-12,22.777118193650647,23.152603240791883,22.67084751489433,22.87630271911621,5085900
2016-09-13,22.81963189452623,22.911732999916044,22.429977113752198,22.472484588623047,926700
2016-09-14,22.819626351299508,22.819626351299508,22.42288686253955,22.51498794555664,532100
2016-09-15,22.550419475673255,22.706281141158495,22.437065291449724,22.685028076171875,528600
2016-09-16,22.706276456597102,22.706276456597102,22.47248333095917,22.607091903686523,2119500
2016-09-19,22.663765882734626,22.862136312698432,22.63542802204723,22.840883255004883,4242400
2016-09-20,23.003829406630807,23.003829406630807,22.79837417602539,22.79837417602539,3387100
2016-09-21,22.770036636367333,23.124268700287363,22.55041313509758,23.06050682067871,2247900
2016-09-22,23.216368122631042,23.556430555209154,23.216368122631042,23.5139217376709,1728200
2016-09-23,23.42891154808222,23.69812870850578,23.265965101729584,23.606027603149414,19150800
2016-09-26,23.485590670551385,23.691043246486412,23.47142106142197,23.655620574951172,2998900
2016-09-27,23.641446614398962,23.69103888593571,23.421824469757972,23.45016098022461,3562300
2016-09-28,23.45724851762427,23.62727840075211,23.42182585052066,23.61311149597168,4122700
2016-09-29,23.506843587647808,23.584775086089554,23.244712576815502,23.322641372680664,2674400
2016-09-30,23.38640334757382,23.577689016472867,23.188034225416263,23.216373443603516,2058000
2016-10-03,23.138440307368995,23.166779523550677,22.734615935797425,22.770038604736328,2344800
2016-10-04,22.77712506743145,22.77712506743145,22.297493421230403,22.42289161682129,3262600
2016-10-05,22.429972980840756,22.56458153629866,21.930505851452434,22.004894256591797,4848700
2016-10-06,21.905713765564933,22.196183988047917,21.700258492873512,22.047407150268555,2438800
2016-10-07,22.096991983323136,22.387462107924012,21.891536779865643,21.99072265625,1711500
2016-10-10,21.997809332327815,22.185553234015362,21.962386668538922,22.075740814208984,2403900
2016-10-11,22.0190662864577,22.1040825811809,21.83699101691001,21.905712127685547,1770400
2016-10-12,21.94113202001133,22.21743392944336,21.91279415954712,22.21743392944336,1411700
2016-10-13,22.15367138183877,22.344957001495914,22.047402043569676,22.288278579711914,3299300
2016-10-14,22.359125638317803,22.479564584094142,22.21034883245243,22.25994110107422,2381400
2016-10-17,22.25994599572924,22.39455457679265,22.245776386925034,22.281200408935547,1148300
2016-10-18,22.42289009418655,22.536244250169155,22.34779360770993,22.39455223083496,4753200
2016-10-19,22.50082289366301,22.50082289366301,22.274114568493726,22.479568481445312,1515600
2016-10-20,22.3662121067979,22.55041294060217,22.291823698325427,22.401636123657227,1977100
2016-10-21,22.245771171072036,22.394549326056396,22.210348508655162,22.38746452331543,1295700
2016-10-24,22.422890620476608,22.6425141339367,22.34566855596071,22.41580581665039,1108700
2016-10-25,22.337872255416627,22.40871758025037,22.252855973813,22.38746452331543,1402700
2016-10-26,22.245769283750025,22.31661595386112,21.95529915245359,22.09699249267578,1481900
2016-10-27,22.040319135014258,22.040319135014258,21.50542796940626,21.57273292541504,1409100
2016-10-28,21.643578045276698,21.810067543733428,21.55856310869866,21.629409790039062,2338200
2016-10-31,21.67900676534965,21.948222591310063,21.62374582842455,21.926969528198242,1071400
2016-11-01,21.870287021247776,21.89224815401075,21.399157753460667,21.494800567626953,3438600
2016-11-02,21.431039036280044,21.48063130710006,21.161823272705078,21.161823272705078,1699300
2016-11-03,21.126402118275756,21.197248808166133,21.027217563202154,21.069725036621094,1922500
2016-11-04,21.090971599855752,21.289340636178846,21.02012493633134,21.211410522460938,1757400
2016-11-07,21.353111467898163,21.61524382766457,21.346026663440878,21.60107421875,2997600
2016-11-08,21.52314524374513,21.79944724481158,21.508976984458176,21.735685348510742,1513400
2016-11-09,21.027212241699026,21.426785363548394,20.885518897777587,21.246835708618164,4760900
2016-11-10,21.147649650388637,21.161819254014375,20.59788092104247,20.92802619934082,5345000
2016-11-11,20.878436918313998,21.19016150631504,20.878436918313998,20.949283599853516,3702500
2016-11-14,20.835928097901753,21.44520762780333,20.68715129248186,21.360191345214844,4315200
2016-11-15,21.374361751409623,21.622324454351197,21.1051459904909,21.2185001373291,3161100
2016-11-16,21.12640276264799,21.317688425799915,21.041387813217085,21.204334259033203,2059000
2016-11-17,21.15473670849175,21.31768311370369,20.970535895574283,21.005958557128906,1573600
2016-11-18,20.970537504451777,21.119314315940983,20.899690824619192,21.0484676361084,1276900
2016-11-21,21.07681088853417,21.239757337480874,20.977626328529787,20.99179458618164,1584900
2016-11-22,21.048465794322084,21.388529557504572,21.02012793564149,21.353105545043945,2567200
2016-11-23,21.16182678431775,21.268096146750512,21.04847126626278,21.204334259033203,1666200
2016-11-25,21.2114156520103,21.416869539499448,21.2114156520103,21.296430587768555,790000
2016-11-28,21.253916402496458,21.52667515848301,21.253916402496458,21.37435531616211,1957300
2016-11-29,21.331857553411908,21.64358082934655,21.331857553411908,21.523141860961914,1769200
2016-11-30,21.32476727151213,21.43457832978405,21.18307392700193,21.261005401611328,2233900
2016-12-01,21.12640146561715,21.19299700072183,20.835931262199495,20.935115814208984,2486800
2016-12-02,20.998875330391414,21.339647197683455,20.935113453777838,21.13348388671875,2399200
2016-12-05,21.133487049303046,21.328314434205392,21.087436497904527,21.303518295288086,1608800
2016-12-06,21.331850850430907,21.523135097874796,21.296426840691073,21.395612716674805,1341000
2016-12-07,21.416870707061634,21.877372129506327,21.416870707061634,21.841949462890625,2068400
2016-12-08,21.615242612386723,22.047406200965504,21.615242612386723,21.955305099487305,1703900
2016-12-09,21.9198804401866,22.146588744335524,21.912795636770934,21.941133499145508,1664600
2016-12-12,21.856120155741134,22.177763227587008,21.81361268343314,22.167844772338867,2744800
2016-12-13,22.252857591350015,22.302449862853628,22.066531184453826,22.224519729614258,2182100
2016-12-14,22.203267263905836,22.24577473587534,21.77110368647002,21.83486557006836,3364000
2016-12-15,21.771103333632414,21.909253628760467,21.615241704744793,21.65774917602539,3224700
2016-12-16,21.737836404188176,22.084142188306412,21.70897839156497,21.96149253845215,3455600
2016-12-19,22.026423128460713,22.228433329886723,21.968705731468813,22.156286239624023,2260000
2016-12-20,22.120210880039558,22.27171989005987,22.04445706307497,22.170713424682617,1764200
2016-12-21,22.185139286742142,22.32221858146161,21.87490785052535,21.88933753967285,1871800
2016-12-22,21.817191661143486,21.877794707562558,21.648368692391642,21.8604793548584,1399800
2016-12-23,21.87491100887674,21.95427293455556,21.809978774428814,21.882125854492188,931600
2016-12-27,21.932629285562214,22.019206060361192,21.846053886854392,21.939844131469727,1143600
2016-12-28,21.92542010474036,21.975922663050625,21.727016607339394,21.77391242980957,2570500
2016-12-29,21.79555268161945,22.054560590438868,21.737835283257894,21.975919723510742,1526200
2016-12-30,21.954272961476818,22.235645060368807,21.918198733355347,22.185142517089844,1853300
2017-01-03,22.264500916258836,22.350355226234097,22.10144928403158,22.257286071777344,2682300
2017-01-04,22.271717661298133,22.57834100942742,22.264502816200963,22.538660049438477,1838000
2017-01-05,22.42322704646126,22.6685262947246,22.245745696144507,22.654096603393555,2198800
2017-01-06,22.545876670592932,22.76231653619418,22.53866182492741,22.654096603393555,1747500
2017-01-09,22.682959783356143,22.704602947884833,22.480948199176552,22.509807586669922,2125400
2017-01-10,22.4737290365335,22.509803263972653,22.2067866339391,22.228429794311523,1582700
2017-01-11,22.19235641553244,22.267389155513346,22.091351333285466,22.10577964782715,2192400
2017-01-12,22.033635536827287,22.217609289351685,21.925414225363497,22.192358016967773,1481100
2017-01-13,22.127423642239958,22.242858412294556,22.098564261680803,22.14185333251953,1469600
2017-01-17,22.127430725172154,22.33665579683438,22.076928169118908,22.322227478027344,1759100
2017-01-18,22.351078090551916,22.466512859332624,22.286145861101396,22.372722625732422,1575700
2017-01-19,22.278935880243225,22.300580420149423,22.109391800630867,22.156286239624023,1631100
2017-01-20,22.14185214493336,22.315004290728176,22.11299276592209,22.293359756469727,1605100
2017-01-23,22.250072005289972,22.473726687672993,22.250072005289972,22.430438995361328,3551400
2017-01-24,22.379939014217076,22.51701695154083,22.34386478642839,22.43765640258789,1890200
2017-01-25,22.545874480785884,22.545874480785884,22.23780761885424,22.300575256347656,1630800
2017-01-26,22.300579671424025,22.43765900071169,22.264506815549442,22.286149978637695,1486000
2017-01-27,22.343863377075543,22.365507912383514,22.019203604001994,22.09856414794922,1649800
2017-01-30,22.011993957543794,22.1202139074603,21.910988854433896,21.975919723510742,2281100
2017-01-31,22.019208281825314,22.278935880243225,22.011993435189915,22.156286239624023,1712200
2017-02-01,22.12742774395453,22.271721921315788,21.896558161049526,21.910987854003906,1835900
2017-02-02,21.874911626552297,22.1995728079593,21.874911626552297,22.170713424682617,2040600
2017-02-03,22.300578471442268,22.379940401405428,22.22843138748405,22.31500816345215,1745200
2017-02-06,22.27171863146977,22.32943601867035,22.149069011657154,22.177927017211914,1362600
2017-02-07,22.221218964002748,22.271722891543185,22.109392278962943,22.1346435546875,1496700
2017-02-08,22.10578618282443,22.369121922310246,22.10578618282443,22.322227478027344,1378900
2017-02-09,22.32221967109886,22.430439592805975,22.286145446469178,22.4160099029541,1821600
2017-02-10,22.37993639993712,22.581946547591897,22.351077021077337,22.56751823425293,1524500
2017-02-13,22.610807058734874,22.711812137620303,22.49537228969696,22.675739288330078,1896700
2017-02-14,22.61802585101245,22.633897687295477,22.358296887304853,22.5603084564209,2444600
2017-02-15,22.401575462116263,22.545869577850777,22.293355563360713,22.4953670501709,3360300
2017-02-16,22.473729953553352,22.76231690438677,22.466515107771126,22.58916473388672,3238300
2017-02-17,22.567521207589497,22.719028838292154,22.520625398809155,22.654096603393555,3247900
2017-02-21,22.618026298812207,22.98958194784581,22.61081145233402,22.964330673217773,4280800
2017-02-22,22.971547756030464,23.065338017195117,22.783965857609758,22.877756118774414,2463200
2017-02-23,22.971541342787816,23.058116732601604,22.848891727142448,23.029258728027344,1938400
2017-02-24,23.02926103121606,23.155518770117308,22.921041095080096,23.144697189331055,2542500
2017-02-27,23.15190862586604,23.339489098112615,23.15190862586604,23.260129928588867,1902400
2017-02-28,23.195200688828677,23.294039815676896,23.1396478869065,23.187984466552734,2041100
2017-03-01,23.130266189575195,23.26590198197867,23.029259728947725,23.130266189575195,3039800
2017-03-02,23.08697820346851,23.151910439753056,22.99318795999702,23.05811882019043,2142800
2017-03-03,23.007616519751448,23.058119064932995,22.776746955440856,22.985973358154297,1804500
2017-03-06,22.884966550695783,22.942683940913394,22.787568196686475,22.892181396484375,2279600
2017-03-07,22.877749380539814,22.884964225595382,22.693054576263027,22.81281852722168,1645900
2017-03-08,22.690169408043552,22.755101638868023,22.4629066001579,22.47372817993164,1665900
2017-03-09,22.466514615981833,22.556698122148862,22.14906966505947,22.185142517089844,3171600
2017-03-10,22.300581077432202,22.480948120359404,22.033638624511084,22.163501739501953,1691100
2017-03-13,22.163498633619792,22.298413360980213,22.123819045653022,22.192358016967773,1929300
2017-03-14,22.163501739501953,22.2356488318911,22.07692632950804,22.163501739501953,2139600
2017-03-15,22.214002385848843,22.69017119874676,22.214002385848843,22.58916473388672,3130200
2017-03-16,22.581947743930506,22.682954199199905,22.480942664752106,22.538660049438477,1667700
2017-03-17,22.566246858426297,22.68750036880612,22.515422199568658,22.580768585205078,2376300
2017-03-20,22.580769300601652,22.68604974578113,22.544464982504522,22.602550506591797,1573300
2017-03-21,22.653378834757266,22.755028165936388,22.555359243319568,22.56624984741211,3225200
2017-03-22,22.60981028846136,22.636675344081088,22.40651165631664,22.6170711517334,3095500
2017-03-23,22.580772299754624,22.918394886125864,22.580772299754624,22.78407096862793,2233400
2017-03-24,22.827637354405965,22.892983754222087,22.702752692798324,22.762290954589844,3880200
2017-03-27,22.711461356477916,22.794959208153763,22.53357366560809,22.580768585205078,3656300
2017-03-28,22.56625320403412,22.740509819775994,22.464603857735145,22.711467742919922,2237100
2017-03-29,22.653381865697718,22.798595017544276,22.624338404407332,22.79133415222168,1632300
2017-03-30,22.740506126751693,22.86393804929892,22.59892273600863,22.84215545654297,1888600
2017-03-31,22.813112910495807,23.01641295072336,22.784069454091203,22.943805694580078,2066900
2017-04-03,22.98737062112605,23.01641407895432,22.882090163801003,22.972848892211914,1877400
2017-04-04,22.9728514378869,23.089022512336587,22.890079235746093,22.90750503540039,1737500
2017-04-05,22.929283966377774,23.067237614563194,22.90750137407432,22.943805694580078,2115200
2017-04-06,22.929284613861842,23.089019473993133,22.834896147617957,23.074499130249023,1374700
2017-04-07,23.074500254109864,23.190671318930505,23.03819593081071,23.10354232788086,1401000
2017-04-10,23.16163013816394,23.29232433002593,23.081763388787817,23.263280868530273,1474200
2017-04-11,23.27780147740872,23.415028087217227,23.252389142258995,23.372188568115234,1626600
2017-04-12,23.335886001586918,23.43753534381372,23.292323580482197,23.335886001586914,1814200
2017-04-13,23.335887464215947,23.391068934845812,23.27054105872629,23.285062789916992,2052000
2017-04-17,23.306835690671335,23.560961741282362,23.306835690671335,23.553699493408203,2002800
2017-04-18,23.49561864874162,23.640833159460126,23.444793985450605,23.61178970336914,4023300
2017-04-19,23.6335723666636,23.66334149553051,23.528291909149633,23.56096649169922,1692800
2017-04-20,23.539177767395913,23.582742945432784,23.437528455045914,23.553699493408203,2695000
2017-04-21,23.524655826484555,23.62630512593804,23.41574428007829,23.473831176757812,2376700
2017-04-24,23.568223256931983,23.597266711467416,23.06723613000896,23.241491317749023,1928000
2017-04-25,23.28505990924805,23.328625097430574,23.201562042534057,23.292322158813477,1458500
2017-04-26,23.248760276919228,23.299584952158455,23.074503654012503,23.096284866333008,1489400
2017-04-27,23.10354083258745,23.248755346648927,23.0672378965062,23.110801696777344,1436500
2017-04-28,23.081760887809203,23.10354209670242,22.863939104798824,22.98011016845703,1816500
2017-05-01,23.01641405227439,23.16670965326977,22.929285063758865,23.125324249267578,2636700
2017-05-02,23.103542067201072,23.213179321998645,23.030934806290325,23.132585525512695,1845600
2017-05-03,23.09628443824474,23.183413440517437,22.791335007593055,22.84942054748535,2193400
2017-05-04,22.733250692219976,22.895165372462035,22.60981874019166,22.871204376220703,1428400
2017-05-05,22.892978555813094,23.05997425748123,22.892978555813094,23.05271339416504,1717400
2017-05-08,23.023671602275176,23.113704652050966,22.813112090384127,22.929283142089844,1279800
2017-05-09,22.900242370558843,22.93654530695051,22.762288719507648,22.84215545654297,1770200
2017-05-10,22.842161383438366,23.045461480639798,22.798597571491133,22.965593338012695,1520300
2017-05-11,22.8639369655924,22.87845869340807,22.675158658593297,22.85667610168457,1999100
2017-05-12,22.84941323503858,22.87845668812427,22.74050305570337,22.769546508789062,1506800
2017-05-15,22.769555022151,22.98737546226281,22.76519822558556,22.871204376220703,2380100
2017-05-16,22.85667518454199,22.86393604815848,22.700570078957888,22.75502586364746,1369100
2017-05-17,22.689686617307018,23.0091577926419,22.689686617307018,22.90024757385254,2978800
2017-05-18,22.83489550279926,22.991000618803447,22.718724446917292,22.943805694580078,2455800
2017-05-19,22.922023749555656,23.18340932510528,22.82763528331177,23.074499130249023,1397300
2017-05-22,23.07449999375776,23.212452266133035,23.030934806290325,23.132585525512695,1371300
2017-05-23,23.154369764964912,23.256019112623463,23.125327687720397,23.161630630493164,1995000
2017-05-24,23.139846769911326,23.328625097430574,23.139846769911326,23.292322158813477,1051700
2017-05-25,23.335882752236287,23.4869054024407,23.25601463168289,23.37944793701172,1042900
2017-05-26,23.386715530607944,23.428829388090435,23.176155937276462,23.234241485595703,1352100
2017-05-30,23.22697171073415,23.277797757780352,23.161625320828637,23.168886184692383,898800
2017-05-31,23.197931921845537,23.27780004733419,23.096281202623164,23.132585525512695,1616300
2017-06-01,23.139847551174636,23.24149550576075,23.034567086814832,23.20519256591797,1563000
2017-06-02,23.335886297018988,23.457139838172722,23.285061625262145,23.40849494934082,1224900
2017-06-05,23.37218212888525,23.40848782887102,23.23422988604185,23.350400924682617,1287600
2017-06-06,23.35766236615449,23.35766236615449,23.219710111715585,23.241491317749023,1316500
2017-06-07,23.270533639396042,23.386704682145908,23.197927776328427,23.36492347717285,1078800
2017-06-08,23.35766702635482,23.401232216849873,23.067240732264946,23.256017684936523,2293800
2017-06-09,23.219708981301483,23.423007613679715,23.154362596646177,23.36492347717285,1787600
2017-06-12,23.29958224184735,23.52466489867922,23.241495322766834,23.51740264892578,3136000
2017-06-13,23.560971127089516,23.59001459068392,23.430278310651822,23.57549285888672,1567300
2017-06-14,23.77153132340401,23.807834266867594,23.571860979748717,23.64809799194336,2232900
2017-06-15,23.546448446416033,23.831795063744746,23.48836152156801,23.76426887512207,1347300
2017-06-16,23.802337772115763,23.8169811949354,23.655909129814056,23.751087188720703,1754100
2017-06-19,23.773053011840318,23.79501674894238,23.663228740435535,23.765729904174805,6082200
2017-06-20,23.78770341078614,23.846274324551985,23.563661496258717,23.72180938720703,2348900
2017-06-21,23.729118371144196,23.75108210419809,23.54607981450379,23.670547485351562,1659900
2017-06-22,23.641266538446438,23.758411132176118,23.577567786588133,23.68519401550293,5944300
2017-06-23,23.68519477908049,23.882876811049957,23.682267770087652,23.78769874572754,8197700
2017-06-26,23.82430193673071,23.997090398715834,23.82430193673071,23.89751625061035,2483200
2017-06-27,23.831626401664536,24.040290304806003,23.802339553833008,23.802339553833008,2173300
2017-06-28,23.860911830831476,23.919482730064633,23.780374400556937,23.83162498474121,2715000
2017-06-29,23.67787315641923,23.73644405546496,23.546085142382136,23.590015411376953,3041700
2017-06-30,23.61197412711258,23.758405533001856,23.509472980874115,23.575366973876953,1256800
2017-07-03,23.6778726538791,23.83894751049408,23.59001491070152,23.79501724243164,1035700
2017-07-05,23.736441760165157,23.853589132823256,23.443581707361176,23.509475708007812,2908600
2017-07-06,23.428949147715226,23.436269465426598,23.05555010309661,23.084836959838867,1840000
2017-07-07,23.077503552563957,23.27518554598856,23.077503552563957,23.216611862182617,1325000
2017-07-10,23.23125706658393,23.28250764737512,23.026254743419162,23.0335750579834,1098200
2017-07-11,23.011605011688435,23.084820705517767,22.850530205969267,22.99696159362793,1279300
2017-07-12,23.121430900397684,23.377685164324717,23.121430900397684,23.297147750854492,1910800
2017-07-13,23.304474457912224,23.38135033463243,23.26054558499692,23.341081619262695,1181500
2017-07-14,23.421613858045873,23.60465381364416,23.421613858045873,23.575366973876953,1167400
2017-07-17,23.5534079383317,23.67055533465723,23.516800773453795,23.626625061035156,2285100
2017-07-18,23.62661884210501,23.692512838719868,23.56072484549015,23.597332000732422,2302900
2017-07-19,23.590015523993625,23.773054122924805,23.524121516660507,23.773054122924805,4613900
2017-07-20,23.824301711879826,23.8535885543341,23.69251371378263,23.707157135009766,1048300
2017-07-21,23.692516290389484,23.773053719423817,23.63394259911094,23.751087188720703,1201000
2017-07-24,23.751089805047933,23.773056338170797,23.619301778101285,23.736446380615234,1091500
2017-07-25,23.7437694893054,23.7437694893054,23.575374297750823,23.736446380615234,2142800
2017-07-26,23.74376698858754,23.992699591830306,23.67787298205424,23.934125900268555,1903800
2017-07-27,23.83894655585488,23.982448182319388,23.66322828358912,23.912160873413086,2164700
2017-07-28,23.860909093670532,23.992697093011525,23.80965851536537,23.89751625061035,2060200
2017-07-31,23.882874152440767,23.908499443013078,23.69251525003891,23.860910415649414,1526500
2017-08-01,23.90484043602055,24.04394875584532,23.758409008709265,23.963411331176758,2364500
2017-08-02,23.90484330267144,23.90484330267144,23.75841185780021,23.846269607543945,1712500
2017-08-03,23.83162622420019,23.9121636586634,23.71448162669393,23.78769874572754,1101300
2017-08-04,23.765729567974887,23.912160996794036,23.765729567974887,23.860910415649414,939600
2017-08-07,23.83894929212676,23.89752019430675,23.743768434018335,23.846269607543945,781900
2017-08-08,23.80234039408856,23.838950351644122,23.663232051399376,23.736446380615234,1070700
2017-08-09,23.736443059407232,23.79501674894238,23.648585318051747,23.765729904174805,1134400
2017-08-10,23.69983528143941,23.736442439969938,23.542421986105676,23.553403854370117,1412000
2017-08-11,23.487511099961576,23.575368833245697,23.300077824320834,23.39965057373047,1548100
2017-08-14,23.487515540058535,23.820644354582026,23.480192431681417,23.78769874572754,1196900
2017-08-15,23.707157719821975,23.751085191639973,23.593671900748948,23.743764877319336,2138100
2017-08-16,23.76572597384729,23.901175513786523,23.76572597384729,23.81697654724121,1043500
2017-08-17,23.78036853308947,23.864567496587235,23.64858055114746,23.64858055114746,1376000
2017-08-18,23.59733860901284,23.59733860901284,23.406978276202242,23.47287368774414,1276900
2017-08-21,23.50215779069863,23.765733851490385,23.44358688438252,23.7144832611084,1094500
2017-08-22,23.75840659842085,23.809657173838357,23.604654872168332,23.699832916259766,1150200
2017-08-23,23.677875967006262,23.9780591917345,23.655912226375417,23.941452026367188,974000
2017-08-24,23.978053671646187,24.109841670987183,23.890195936401206,23.89751625061035,1595100
2017-08-25,23.985378755083655,24.095203040687515,23.90484411098144,24.014665603637695,1063600
2017-08-28,24.04394758089488,24.05859100220515,23.824301847134926,23.890195846557617,895100
2017-08-29,23.868228116994754,23.978052374821548,23.86090780318152,23.875551223754883,2577300
2017-08-30,23.853591138604592,23.99269946591268,23.75841028678994,23.985376358032227,963600
2017-08-31,24.06591282990927,24.190380522400893,24.01466224857366,24.102519989013672,1816200
2017-09-01,24.13180683347608,24.19770083704289,24.073235937498474,24.102519989013672,1656200
2017-09-05,24.117162119301582,24.183056119338488,23.93412354063763,24.080554962158203,2346200
2017-09-06,24.153770745202504,24.234305369323938,24.084215195380406,24.11716079711914,2529300
2017-09-07,24.153774678970567,24.347795146444838,24.11716472492478,24.300203323364258,1652700
2017-09-08,24.2709165703907,24.391719909282763,24.219665991964476,24.307523727416992,1102000
2017-09-11,24.329488386449288,24.497883549519184,24.329488386449288,24.483240127563477,1267500
2017-09-12,24.46127306706411,24.48323680053944,24.12082123346256,24.219663619995117,1335600
2017-09-13,24.20502132098292,24.20502132098292,24.02930306620227,24.11716079711914,1286700
2017-09-14,24.080558265428227,24.29288371611162,23.98537740944128,24.285560607910156,1492500
2017-09-15,24.238367083431548,24.3710994720459,24.179376473470295,24.3710994720459,3210600
2017-09-18,24.334230859066093,24.41165761969867,24.17200175319136,24.230995178222656,1012300
2017-09-19,24.23098778007162,24.25310890122372,23.92127801913987,23.98764419555664,1991000
2017-09-20,24.0245222088199,24.076140045787362,23.810675276834036,23.921283721923828,1283800
2017-09-21,23.90653579967798,24.039268186558854,23.877041901563157,23.884414672851562,2548100
2017-09-22,23.86228864824882,23.93602759784262,23.65286654333127,23.67793846130371,1542300
2017-09-25,23.68531155299378,23.832792267146452,23.670563200282448,23.76642608642578,1180600
2017-09-26,23.79592882262028,23.854919435455365,23.744310981529065,23.78855323791504,1360500
2017-09-27,23.707440088984388,23.759057927010197,23.508340101706576,23.589454650878906,1612400
2017-09-28,23.56733029663077,23.77380444574235,23.55258334867751,23.759056091308594,1318900
2017-09-29,23.722186871948686,23.795928653670693,23.64844790318803,23.773807525634766,2488500
2017-10-02,23.803294366575635,23.848276418142582,23.677937594264375,23.68531036376953,1814800
2017-10-03,23.685311231078845,23.741353845435953,23.62705762967738,23.67793846130371,2533700
2017-10-04,23.685316092530247,23.896952040891406,23.633698254627816,23.884414672851562,1743100
2017-10-05,23.913911518829742,24.046643906459387,23.913911518829742,23.95815658569336,1766800
2017-10-06,23.84753961170521,23.91759358088235,23.66318943004792,23.89178466796875,1274600
2017-10-09,23.921288836644422,23.995030628765832,23.85492263021603,23.94341278076172,1148000
2017-10-10,23.995024462422272,24.13512961200551,23.93750784842166,23.980276107788086,987300
2017-10-11,24.009776627978535,24.149881799799793,23.98027991402833,24.113012313842773,1176400
2017-10-12,24.135129208659052,24.29735829396291,24.09825972917026,24.282609939575195,2136200
2017-10-13,24.385847524990684,24.420506019879245,24.260490722278746,24.34897804260254,1857900
2017-10-16,24.326858087417847,24.39322428409739,24.212559029660042,24.230995178222656,1423900
2017-10-17,24.194125694058762,24.253116306128724,24.149880625285288,24.230995178222656,1767600
2017-10-18,24.208876262224752,24.267866879684554,24.142510059481488,24.186752319335938,1294100
2017-10-19,24.179376469354438,24.230994307922206,24.079825771430002,24.172000885009766,1472800
2017-10-20,24.17937690391702,24.208873615903368,24.05033230517835,24.1351318359375,1253000
2017-10-23,24.186749371548366,24.186749371548366,24.01714749919968,24.04664421081543,1095700
2017-10-24,24.009768671710994,24.068759267101846,23.810670137965857,23.89178466796875,1940700
2017-10-25,23.825425232500287,23.89547640854094,23.69269283910776,23.83279800415039,1912300
2017-10-26,23.92128340566031,23.92128340566031,23.618949159007556,23.700063705444336,1646400
2017-10-27,23.655822923348598,23.825424797820027,23.497280206150556,23.736934661865234,2042500
2017-10-30,23.655822194415425,24.01714705973244,23.655822194415425,23.884414672851562,1738800
2017-10-31,23.86965798770073,23.96552085876465,23.72217729674706,23.96552085876465,2091600
2017-11-01,24.002403401497098,24.03927289107693,23.90285549833538,23.94341278076172,2057700
2017-11-02,24.0024006087935,24.29220033283674,23.972903895376913,24.14988136291504,2972100
2017-11-03,24.017148965501796,24.186750848205065,23.96553112350347,24.14988136291504,2023300
2017-11-06,24.28998230592106,24.61812544994221,24.267861181188245,24.518577575683594,2303700
2017-11-07,24.55544751484479,24.78404278889229,24.55544751484479,24.747173309326172,2246700
2017-11-08,24.754554406536755,24.98314975747495,24.67343983643088,24.93153190612793,2190800
2017-11-09,24.850417336022055,25.0495159682014,24.577579719907508,24.93153190612793,1663300
2017-11-10,24.843041749851377,25.005270890063127,24.786999109394333,24.93153190612793,1760800
2017-11-13,24.99788960417987,25.08932490045624,24.93152341605348,25.00526237487793,1510300
2017-11-14,24.99051753186582,25.034762601153815,24.894654621555844,24.983144760131836,2062000
2017-11-15,24.968395667217187,24.990516794728002,24.77666985225251,24.79879379272461,1761200
2017-11-16,24.78404107456772,24.961015689428056,24.78404107456772,24.894649505615234,2092100
2017-11-17,24.791415559621118,24.92414793642793,24.739797725636357,24.747173309326172,1758600
2017-11-20,24.769295469674038,24.7987921797441,24.65868421339185,24.688180923461914,1567000
2017-11-21,24.76192651324998,24.846726051563536,24.715467640603965,24.8209171295166,1228600
2017-11-22,24.80616760513889,24.828288733577935,24.69555914998226,24.73980140686035,881100
2017-11-24,24.76929461214841,24.865157510076745,24.76929461214841,24.828285217285156,407300
2017-11-27,24.850410020405214,24.872531146481236,24.754547119140625,24.754547119140625,652400
2017-11-28,24.776672201539913,24.79879614410977,24.570200823964903,24.695560455322266,1720900
2017-11-29,24.68818400469365,24.70809414582779,24.489085406313684,24.636566162109375,2106900
2017-11-30,24.695558113355354,24.739800368376322,24.57757407836397,24.666061401367188,2192500
2017-12-01,24.710302352905273,24.80616525532935,24.503831005802155,24.710302352905273,3029400
2017-12-04,24.747172828155012,24.83566013998539,24.385845184326172,24.385845184326172,1627500
2017-12-05,24.41534336056747,24.43746448661487,24.28261097836088,24.28998374938965,1918200
2017-12-06,24.304736484860545,24.378478273244212,24.21624915176174,24.326860427856445,1815200
2017-12-07,24.35635375395013,24.45221667009988,24.26049365076192,24.422719955444336,1290400
2017-12-08,24.466965890809018,24.52595650924021,24.415348044821116,24.481714248657227,1444000
2017-12-11,24.47433852371512,24.54070472717285,24.38953898277345,24.54070472717285,1670700
2017-12-12,24.62181706886901,24.72431575507256,24.459587961049394,24.65131378173828,1017900
2017-12-13,24.688177401322168,24.828282534725215,24.629186802559033,24.643932342529297,1735300
2017-12-14,24.666061401367188,24.754548724370405,24.62919191786262,24.666061401367188,981400
2017-12-15,24.751797849870126,24.803985146738377,24.646675285611753,24.744340896606445,1770300
2017-12-18,24.789076834648906,24.94191310957397,24.789076834648906,24.826353073120117,1096400
2017-12-19,24.826349340194866,24.833806293164688,24.311930501053652,24.356660842895508,1713000
2017-12-20,24.356664433052487,24.399907372266334,24.08827381045794,24.095727920532227,1431000
2017-12-21,24.155369415185493,24.17027763362946,23.96898540069793,24.013715744018555,1218500
2017-12-22,24.050992889163556,24.200100675200645,24.00626254414856,24.170278549194336,1012800
2017-12-26,24.18518841351234,24.34175314528846,24.140458070714303,24.297019958496094,811600
2017-12-27,24.356658990549732,24.43866840301527,24.319382760518323,24.393938064575195,4420200
2017-12-28,24.41630547205633,24.543045234580266,24.34920711425121,24.53559112548828,1133100
2017-12-29,24.572867757977065,24.632512007658764,24.505769399082332,24.55795669555664,925600
2018-01-02,24.595237365976033,24.632513602443293,24.386485322569197,24.41630744934082,1744200
2018-01-03,24.446131293794142,24.483407532880577,24.349210796973612,24.423763275146484,1715100
2018-01-04,24.416308031821206,24.416308031821206,24.006263732910156,24.006263732910156,1824100
2018-01-05,24.058448791503906,24.0994535019724,23.991350432918594,24.058448791503906,1400200
2018-01-08,24.08827260326469,24.252288612631403,24.065904586173446,24.222469329833984,990600
2018-01-09,24.207554522193934,24.222465583283583,23.93170415802656,23.94661521911621,1277200
2018-01-10,23.83479096970051,23.842246502079835,23.462022882718657,23.573854446411133,2174500
2018-01-11,23.63349619066895,23.66331689680998,23.374048510656092,23.424745559692383,1343200
2018-01-12,23.40237746807657,23.43219959430918,23.188409542546324,23.253271102905273,1657200
2018-01-16,23.394919654573712,23.74532249364226,23.312911659427613,23.36509895324707,5520200
2018-01-17,23.432197831376552,23.566394545332436,23.342732881406913,23.499296188354492,1713400
2018-01-18,23.462020699117872,23.469476230803313,23.23836043654369,23.275636672973633,2276600
2018-01-19,23.33527928334518,23.454564945187414,23.260726811191727,23.439655303955078,1641000
2018-01-22,23.454564206686218,23.670770350715987,23.432199034543284,23.663314819335938,2095700
2018-01-23,23.71549842174653,24.028623580932617,23.670766662433373,24.028623580932617,1873300
2018-01-24,23.961528778076172,24.050992309946096,23.864608292887016,23.961528778076172,2990100
2018-01-25,23.94661422661864,23.96152528709028,23.75650318259467,23.909337997436523,2115900
2018-01-26,23.91679331382832,23.98165343625003,23.790050730485188,23.9764347076416,1472300
2018-01-29,23.90934507613103,23.93916720590357,23.678229258383485,23.70059585571289,2092900
2018-01-30,23.596218402942235,23.69313889687067,23.521664504996664,23.603673934936523,2347200
2018-01-31,23.640946862345537,24.095724296331053,23.50675157123237,24.08827018737793,4213100
2018-02-01,24.01371372745463,24.17027560391817,23.603669498814547,23.648401260375977,3937800
2018-02-02,23.409835126500344,23.581308101925014,23.230906618840155,23.380014419555664,3719200
2018-02-05,23.29800269064153,23.551485073675487,22.731395094565457,22.776126861572266,7652400
2018-02-06,22.582287458464435,22.858134998464454,22.231884607657445,22.731393814086914,6741200
2018-02-07,22.67920717929038,23.022153087011436,22.604653288308395,22.62701988220215,10201500
2018-02-08,22.57482694805671,22.79103161372007,21.903843518764255,21.91875457763672,10497600
2018-02-09,22.030584086483355,22.604647039761478,21.747281085461196,22.43317413330078,9654500
2018-02-12,22.53009888073241,22.604652770004947,21.9485816728004,22.492822647094727,5294500
2018-02-13,22.433182908809492,22.72394155280887,22.358629009271937,22.656843185424805,3049300
2018-02-14,22.440634331279018,22.538299936007117,22.172240910895205,22.515188217163086,4055300
2018-02-15,22.530098448688648,22.76121564320125,22.433179389890917,22.72393798828125,2924100
2018-02-16,22.72393909207152,22.977421469851613,22.716483560725376,22.873046875,7702800
2018-02-20,22.753757828658717,22.99232910821526,22.627016658644678,22.64192771911621,12237200
2018-02-21,22.634473837735687,22.71648183230917,22.224428176879883,22.224428176879883,3924000
2018-02-22,22.313891687550953,22.671748609914005,22.313891687550953,22.477909088134766,2969600
2018-02-23,22.57482954949319,22.887954711914062,22.52264083742554,22.887954711914062,3106500
2018-02-26,22.955057247116063,22.99233348339114,22.818623719634104,22.969966888427734,2436200
2018-02-27,22.992329302779783,22.99978483307864,22.477909088134766,22.477909088134766,5371800
2018-02-28,22.5971959476371,22.783579949169567,22.448089599609375,22.448089599609375,3312500
2018-03-01,22.455545003112718,22.686660765544655,22.26170547197729,22.336257934570312,5627200
2018-03-02,22.25424605450573,22.306433338004915,22.075317615938463,22.261701583862305,4863200
2018-03-05,22.172242752249847,22.653113863040403,22.11259992298881,22.574832916259766,2574200
2018-03-06,22.567379935974056,22.7313973794839,22.433183199467194,22.66429901123047,11143400
2018-03-07,22.545009081531635,22.813402503858462,22.49282178763411,22.761215209960938,19120500
2018-03-08,22.82831156899986,22.940141677856445,22.731391098526366,22.940141677856445,2200900
2018-03-09,22.947603532612465,23.08925437927246,22.8380087728103,23.08925437927246,2277300
2018-03-12,23.089248787672883,23.257739794009787,23.05942808791264,23.201080322265625,3270400
2018-03-13,23.260727031600016,23.38746822625799,23.178717605057425,23.275636672973633,2837200
2018-03-14,23.33527936174141,23.383739606401765,23.230904762778117,23.320369720458984,3261600
2018-03-15,23.342734893381255,23.421017264600984,23.21599369949843,23.320369720458984,3602400
2018-03-16,23.300114436596246,23.48009583945225,23.23637164886945,23.44260025024414,2807500
2018-03-19,23.44260270102839,23.44260270102839,23.075140452985764,23.210126876831055,4095700
2018-03-20,23.22512587465425,23.39010992879352,23.11563713307996,23.20262908935547,3647200
2018-03-21,23.20263004950909,23.270123268928963,22.887662169004788,22.992650985717773,4715800
2018-03-22,22.962650170804036,23.26261917985112,22.887657560951,22.910154342651367,5319800
2018-03-23,22.947655598295952,22.977651789554642,22.490201881087025,22.550195693969727,6203100
2018-03-26,22.737676482802367,22.89891012272655,22.595190641165,22.857664108276367,4544100
2018-03-27,22.865163054100584,23.217626518050675,22.64018661844994,22.895160675048828,6480500
2018-03-28,22.970151400250856,23.401357895251245,22.970151400250856,23.31511688232422,7058300
2018-03-29,23.3901092120418,23.420105401642754,23.221376175645045,23.3076171875,4264100
2018-04-02,23.337615727907284,23.390110134553275,22.8576638020754,23.022647857666016,6294600
2018-04-03,23.067643182090055,23.183881820123624,22.887661743769424,23.105138778686523,7277400
2018-04-04,22.962653360286815,23.427605031299716,22.910157524842543,23.375110626220703,5217200
2018-04-05,23.41260327386982,23.41635369111206,23.195126275867466,23.397605895996094,3365500
2018-04-06,23.330118209938625,23.502600254404413,23.105140324214826,23.157634735107422,5657600
2018-04-09,23.202631358950853,23.35261518695298,23.093892118152645,23.150136947631836,3302000
2018-04-10,23.30761886622207,23.30761886622207,22.902660980068173,22.992650985717773,6040300
2018-04-11,22.925155799892767,23.26262186804599,22.925155799892767,23.052642822265625,2896700
2018-04-12,23.112635717607482,23.180128928570824,22.73017466560358,22.782669067382812,2634500
2018-04-13,22.790174516220922,22.940159787109742,22.76017832026249,22.902664184570312,3011700
2018-04-16,22.962651564172862,23.101386971082125,22.865160736338673,23.007646560668945,2515300
2018-04-17,23.075141641072452,23.450103313119655,22.99115059270739,23.31511688232422,2845800
2018-04-18,23.345113138971527,23.397608974714885,23.255123138427734,23.255123138427734,2118000
2018-04-19,23.17263420906223,23.195132427387133,22.730179261230735,22.86516571044922,2723000
2018-04-20,22.895160759044366,22.952155094762887,22.63268729624548,22.662683486938477,3173400
2018-04-23,22.66268522085368,22.790172259374835,22.59894241677581,22.70768165588379,1929900
2018-04-24,22.730173110961914,22.85766011957701,22.617684910505083,22.730173110961914,3914000
2018-04-25,22.692675086441305,22.76766768882228,22.522443066239383,22.65517807006836,2337900
2018-04-26,22.730178156000058,23.084893038884275,22.712179868288377,22.947656631469727,2621900
2018-04-27,22.880161465309644,23.330115759124407,22.752674439234884,23.255123138427734,3408300
2018-04-30,23.202629549433308,23.345113960368497,23.135136331468086,23.165132522583008,2895500
2018-05-01,23.202631140021403,23.34886597884898,23.114889664578687,23.33011817932129,3077000
2018-05-02,23.247620664130555,23.34511005690982,23.090886980089575,23.225122451782227,3362800
2018-05-03,23.195127880756942,23.311365076737527,23.09763705082432,23.21762466430664,3260600
2018-05-04,23.195132260820788,23.54759576318707,23.187632854766342,23.4801025390625,1804100
2018-05-07,23.517597487919833,23.57009189528951,23.423857066083883,23.525096893310547,1737500
2018-05-08,23.450106494128924,23.487602094273818,23.281373432745973,23.36011505126953,1693200
2018-05-09,23.360118614846815,23.54010009765625,23.29262537999757,23.54010009765625,1498200
2018-05-10,23.622587637491055,23.80631950403232,23.600089420047613,23.7575740814209,1628800
2018-05-11,23.765073922952926,23.855063933645795,23.61508866464424,23.64508628845215,1206700
2018-05-14,23.652586017583868,23.66758339932731,23.36011490292226,23.4801025390625,1882900
2018-05-15,23.330114326055895,23.330114326055895,23.018895469909385,23.082639694213867,2371100
2018-05-16,23.13513607624533,23.217626673675333,22.977651425942046,23.022647857666016,1562100
2018-05-17,23.00015360939216,23.03764921193159,22.842668931922343,22.902664184570312,1758200
2018-05-18,22.917659759521484,23.03764739462117,22.82017034239003,22.917659759521484,1395300
2018-05-21,22.970154065444593,23.21387975270052,22.820170237442465,23.150136947631836,1477100
2018-05-22,23.150133815486956,23.210127624643906,23.037644171748088,23.180130004882812,1567200
2018-05-23,23.172630693259887,23.45010295570646,23.165131288289412,23.367610931396484,1543900
2018-05-24,23.37510780151683,23.4650992210384,23.161379789313823,23.277618408203125,1537500
2018-05-25,23.300118583243133,23.487599423379127,23.300118583243133,23.39011001586914,1713600
2018-05-29,23.337611745683517,23.528841541601246,23.240120923948943,23.45009994506836,3255100
2018-05-30,23.427607377410773,23.8513145085538,23.36761356126033,23.7575740814209,3589000
2018-05-31,23.652582850691257,23.75757166066544,23.57759023055316,23.682579040527344,3811900
2018-06-01,23.675078638295545,23.82881285943908,23.60758542605056,23.780067443847656,2424400
2018-06-04,23.83256131688038,24.012542724609375,23.753818288827315,24.012542724609375,3660700
2018-06-05,24.05004611264815,24.09879010966983,23.855065833464785,23.892562866210938,2623600
2018-06-06,23.877560460968496,23.967550465290067,23.783820038753756,23.960052490234375,2120300
2018-06-07,23.982549276132104,24.020044872871868,23.817566647965677,23.960052490234375,4379700
2018-06-08,23.937556968604536,24.061293596066967,23.900061367643918,24.04254722595215,2237300
2018-06-11,24.020048717884954,24.117539573598734,23.99005252176456,24.03504753112793,1788600
2018-06-12,23.937547186717,24.230018190082742,23.933798200299126,24.17002296447754,1508900
2018-06-13,24.170029289924532,24.200026910577698,23.603837788566196,23.630084991455078,2002600
2018-06-14,23.720077943090956,23.951804299108257,23.720077943090956,23.855064392089844,2131100
2018-06-15,23.84674745171121,24.02070054014365,23.78850967839502,23.81649398803711,2439000
2018-06-18,23.740858243007132,23.861869194589573,23.661445076511963,23.793800354003906,2107100
2018-06-19,23.7030399665181,23.956406164646427,23.7030399665181,23.824050903320312,2535800
2018-06-20,23.854310166933654,24.10389546517863,23.808929972660383,24.081205368041992,3725000
2018-06-21,24.1038935923896,24.25515656718771,24.03582474883291,24.224903106689453,2827000
2018-06-22,24.308098355209356,24.459362770547674,24.153052978641547,24.436674118041992,2292900
2018-06-25,24.451802861172265,24.493397765814223,24.236249104107003,24.376169204711914,6956700
2018-06-26,24.406417471450265,24.61440349089817,24.32322190961975,24.50473976135254,2106700
2018-06-27,24.565246995745873,24.663569298485093,24.436674118041992,24.436674118041992,3679600
2018-06-28,24.42910707611253,24.716509150456016,24.42910707611253,24.678693771362305,2795800
2018-06-29,24.655999314768167,24.85264387896426,24.459357635700226,24.739194869995117,2923000
2018-07-02,24.708945179816926,24.76945209651747,24.31944128022509,24.59549903869629,6280200
2018-07-03,24.625748746154123,24.94340135506268,24.55767991779827,24.739194869995117,2916200
2018-07-05,24.784581485771692,25.07954552352327,24.73542177452273,25.06441879272461,2699600
2018-07-06,25.132480341879017,25.22323781519186,25.083320644902905,25.17029571533203,2440800
2018-07-09,25.20812557379062,25.20812557379062,24.81483916162121,24.935850143432617,2344600
2018-07-10,24.95096623008717,25.08710100204734,24.807263766978302,25.05685043334961,3077300
2018-07-11,25.034162354296797,25.102231192232193,24.93962246189367,24.981220245361328,2347300
2018-07-12,25.041723251342773,25.087100546128784,24.91314751748351,25.041723251342773,1660700
2018-07-13,25.056854632220304,25.15139452742248,24.94340560392624,24.958532333374023,2142700
2018-07-16,24.852648784420698,24.92827954857615,24.65146875906937,24.82239532470703,2759100
2018-07-17,24.8299618220028,24.890465860419024,24.625755282731348,24.656005859375,1720400
2018-07-18,24.618186782279444,24.71650907572862,24.44423373087151,24.565244674682617,2092200
2018-07-19,24.519867229708574,24.909374043608615,24.474489923912344,24.799707412719727,2363400
2018-07-20,24.739202021755492,24.78458221548756,24.49718009210908,24.58037567138672,2041700
2018-07-23,24.57280931273574,24.57280931273574,24.363308594772533,24.51230239868164,2796900
2018-07-24,24.49718078099811,24.59550309428471,24.308100962824145,24.444238662719727,2104200
2018-07-25,24.459363132241712,24.727856103001425,24.444236401971317,24.68625831604004,2608800
2018-07-26,24.70894422699015,24.882900163231824,24.70894422699015,24.769451141357422,2256900
2018-07-27,24.84508461962021,24.84886702346444,24.52062592097923,24.542558670043945,2666300
2018-07-30,24.565245222875784,24.591716277264922,24.345911980720903,24.519865036010742,2941100
2018-07-31,24.708945341418097,25.064416266537165,24.67112996079723,24.996347427368164,4027300
2018-08-01,24.807265991194967,25.192990349238602,24.69381985686857,25.162736892700195,3776600
2018-08-02,25.06441189873578,25.19676715040848,24.99483126430329,25.041723251342773,2963100
2018-08-03,25.05685641119856,25.400980153899564,25.03416487285152,25.366947174072266,2721000
2018-08-06,25.38963375202073,25.465264513318797,25.26106088078829,25.314002990722656,2860800
2018-08-07,25.38963358510888,25.465264345909752,25.117358230020002,25.26106071472168,2122400
2018-08-08,25.298878499697178,25.298878499697178,25.0757628294096,25.10223388671875,2437300
2018-08-09,25.109798142227827,25.238371022007097,25.08710660422711,25.147613525390625,1937500
2018-08-10,25.102231768630283,25.20055406682321,24.89046332802578,24.905590057373047,2656000
2018-08-13,24.905586504156737,24.981217254974407,24.845079595400033,24.898021697998047,1652300
2018-08-14,24.95097012467457,25.053071940863767,24.8904632075783,24.996347427368164,1559100
2018-08-15,25.003914524424975,25.23459211800487,24.928280871128116,25.215682983398438,2608300
2018-08-16,25.208115576694063,25.435010716966637,25.19298884932546,25.41231918334961,4032200
2018-08-17,25.427455058858122,25.661915089731764,25.404766402206544,25.65435028076172,2608600
2018-08-20,25.69216373027884,25.81695420355572,25.64678354036896,25.684598922729492,1947100
2018-08-21,25.631656896731705,25.677037086794435,25.41232363912163,25.45014190673828,2117700
2018-08-22,25.435013748603815,25.435013748603815,25.185427044965603,25.291311264038086,1380300
2018-08-23,25.283748458394015,25.348034891280097,25.21567962206508,25.230806350708008,1233500
2018-08-24,25.20055384402796,25.412322282760243,25.185427114814427,25.404760360717773,3533100
2018-08-27,25.41988928833396,25.465266594770355,25.230809484505386,25.366947174072266,2515300
2018-08-28,25.36694742678609,25.677038192749023,25.298878581324526,25.677038192749023,1887900
2018-08-29,25.669471765714174,25.760232144024016,25.624094461687942,25.63922119140625,1468700
2018-08-30,25.68459725297237,25.69216206002993,25.46148449195969,25.503082275390625,1730100
2018-08-31,25.533339150085464,25.677041668360637,25.518215302494745,25.601408004760742,1579300
2018-09-04,25.54845712833434,25.63165268722169,25.321561985541386,25.37450408935547,2310700
2018-09-05,25.32156438934728,25.6014016625196,25.200553442694776,25.53333282470703,3257000
2018-09-06,25.571154065001146,25.661911564268358,25.533335795604998,25.616531372070312,1960400
2018-09-07,25.495517780161556,25.50308258731164,25.268622612845007,25.291311264038086,1899000
2018-09-10,25.404761527755443,25.56358786410078,25.3745080679386,25.42745018005371,1797100
2018-09-11,25.344252445676226,25.51820838221628,25.276183609460524,25.435012817382812,1534300
2018-09-12,25.46527028255619,25.53333913719711,25.344259305986697,25.45770835876465,1388600
2018-09-13,25.556027334268464,25.68460021780294,25.495520411337733,25.616531372070312,1576500
2018-09-14,25.540899237317774,25.556025967241307,25.242152812867637,25.397199630737305,1828300
2018-09-17,25.336688965945946,25.578710838690988,25.33290656274197,25.540895462036133,2338800
2018-09-18,25.503080287353637,25.556022392115374,25.336689166600568,25.389631271362305,1451800
2018-09-19,25.397200247496926,25.404762170077966,25.106015738372907,25.147613525390625,2033100
2018-09-20,25.15517114802766,25.351815723066494,25.056851745636546,25.336688995361328,1928400
2018-09-21,25.351974424313113,25.455157146467943,25.252616955943736,25.33669090270996,1954600
2018-09-24,25.252620361512975,25.260262123345118,24.744357189765342,24.839895248413086,2862000
2018-09-25,24.83989712066144,24.966008067323415,24.7894515757605,24.81696891784668,1710600
2018-09-26,24.839893054233563,24.862821253294854,24.51124192826882,24.54181480407715,2323300
2018-09-27,24.58003524719618,24.748183188271003,24.557107042718922,24.618249893188477,1599100
2018-09-28,24.62589476064283,24.939259525128392,24.587677198766773,24.923973083496094,3145400
2018-10-01,24.92396334039005,24.99122307416132,24.71760083240978,24.732887268066406,3654400
2018-10-02,24.740533762755767,24.794034839997856,24.65645980834961,24.65645980834961,2752400
2018-10-03,24.679391619733227,24.767284999570087,24.23609363512779,24.373668670654297,2625100
2018-10-04,24.373663296062773,24.373663296062773,24.052655436550793,24.259017944335938,2934700
2018-10-05,24.289594161626816,24.419525966894543,24.228449868429937,24.266664505004883,3406600
2018-10-08,24.34310025323415,24.690858765803416,24.281955947435,24.580034255981445,3076200
2018-10-09,24.57238494534418,24.74052991239812,24.465379891923103,24.664100646972656,4429900
2018-10-10,24.595317081026913,24.709963913116475,24.274309158325195,24.274309158325195,4361500
2018-10-11,24.32016243519483,24.343092088852398,23.510000290625996,23.563501358032227,9558500
2018-10-12,23.70107923407329,23.90744176859313,23.425929188046837,23.5482177734375,5288200
2018-10-15,23.54057421054383,23.91508463784797,23.51000279354048,23.693435668945312,3894500
2018-10-16,23.724008497040767,24.209340492251,23.639934549305966,24.13673210144043,3272200
2018-10-17,24.106163485558497,24.20934330530141,23.89215771090989,24.067947387695312,3449400
2018-10-18,24.060301788684836,24.285771641497075,23.976229297290306,24.07558822631836,3345200
2018-10-19,24.098514337558886,24.40423575627908,24.098514337558886,24.320161819458008,2999900
2018-10-22,24.381307157284795,24.453916999603866,23.96858358861784,23.976226806640625,4269600
2018-10-23,23.907445620110856,24.236095335172287,23.81572843739465,24.129093170166016,5159700
2018-10-24,24.167301454728122,24.61823962904866,24.121442149303235,24.41187858581543,5443600
2018-10-25,24.465388442998897,24.832257208918946,24.350744504790658,24.70232391357422,5413800
2018-10-26,24.595314460456514,24.625887334501606,23.930369027924467,24.060300827026367,8951600
2018-10-29,24.236088027971164,24.57238377727208,24.236088027971164,24.45773696899414,6143200
2018-10-30,24.48831217136807,25.030967562289916,24.427166423641236,24.86281967163086,7427400
2018-10-31,24.86282607922818,24.86282607922818,24.473032041576747,24.526533126831055,4202400
2018-11-01,24.595321688711216,24.698501524449476,24.434816968393914,24.618249893188477,4848800
2018-11-02,24.66409893447355,24.67174069424967,24.136728584444864,24.41187858581543,6876800
2018-11-05,24.473031297673288,24.901042882287996,24.473031297673288,24.81696891784668,4093100
2018-11-06,24.81696901875407,24.962185829822012,24.771109697347686,24.954544067382812,2958800
2018-11-07,25.084468055592335,25.24497126629129,24.935428943430498,25.229684829711914,3917900
2018-11-08,25.19911392597598,25.283187866210938,25.065358339826066,25.283187866210938,2665000
2018-11-09,25.2449751474073,25.37490842051286,25.16854586834998,25.313762664794922,3558700
2018-11-12,25.321409296556048,25.596559387344758,25.321409296556048,25.367265701293945,2861900
2018-11-13,25.36726574775857,25.489554353267508,25.229690702112222,25.420766830444336,6307600
2018-11-14,25.51248448372458,25.51248448372458,25.283193721719563,25.413124084472656,4369000
2018-11-15,25.31376828357075,25.35962761053838,24.969830620290423,25.21441078186035,7158900
2018-11-16,25.206759787522145,25.57362556457519,25.176186910536885,25.573625564575195,3738100
2018-11-19,25.58126934942092,25.802915410858667,25.458980761334953,25.642412185668945,4668200
2018-11-20,25.543048573626336,25.718841130183417,25.2984714283159,25.306116104125977,6593700
2018-11-21,25.336691832793488,25.497195055826488,25.176185694170602,25.29083251953125,3707500
2018-11-23,25.22969335046176,25.32141200091388,25.05390364381449,25.19912338256836,2543000
2018-11-26,25.26026055102934,25.359620942203588,25.107399083589723,25.25261878967285,3242200
2018-11-27,25.23733057517905,25.397833792679016,25.115041992951966,25.39019203186035,3227200
2018-11-28,25.390198847309907,25.627131398955047,25.28319667358751,25.596561431884766,3645700
2018-11-29,25.588908246202283,25.753233791384876,25.43604679930854,25.62712287902832,2600700
2018-11-30,25.703562897438868,25.89845845895335,25.577451946630333,25.871707916259766,4327200
2018-12-03,25.909920815315225,26.00927828996598,25.75705934931181,25.99399185180664,5321300
2018-12-04,25.955776851129666,26.085710115871528,25.61183928633053,25.650056838989258,6476800
2018-12-06,25.588909895766747,26.368500701149774,25.290831658682897,26.353214263916016,6368500
2018-12-07,26.269142826198987,26.276787503340994,25.879348844068573,25.955778121948242,5559900
2018-12-10,25.9557799092838,25.978711026698807,25.462803160919993,25.856422424316406,9157900
2018-12-11,25.97870344718511,26.09334733845073,25.88698483546532,25.902271270751953,4645200
2018-12-12,26.001638886826008,26.078068168964272,25.39401530614298,25.413124084472656,4298900
2018-12-13,25.43605338474598,25.80291920291939,25.43605338474598,25.58891487121582,4652700
2018-12-14,25.51248271196166,25.619484865760352,25.382549442641807,25.543052673339844,4138700
2018-12-17,25.573620693252764,25.634766435576104,24.534166398471775,24.58766746520996,7214000
2018-12-18,24.809321386673428,25.015683935044915,24.709963908842383,24.832252502441406,8109100
2018-12-19,24.855176688081183,25.05389452723698,24.526525599193473,24.602954864501953,12878000
2018-12-20,24.694677031857985,24.706141131743458,24.13673369344665,24.304880142211914,11333000
2018-12-21,24.435563773823016,24.822200961553456,23.90896210409589,23.932933807373047,15120000
2018-12-24,24.048923820281757,24.048923820281757,23.044436793852167,23.051395416259766,10641000
2018-12-26,23.12872471962373,23.793743692442302,22.827147034233658,23.7860107421875,10947900
2018-12-27,23.631352270883937,23.847870431153655,23.1441882539137,23.840137481689453,14151800
2018-12-28,24.056656705551784,24.15718210321222,23.72182720600399,23.925199508666992,10391000
2018-12-31,24.002529473235032,24.010260948757107,23.59269194981924,23.97159767150879,7807200
2019-01-02,23.81694520405859,23.85560996204666,23.28338481801061,23.422574996948242,10445000
2019-01-03,23.39937506933647,23.917471003345174,23.3916421180934,23.530832290649414,9743800
2019-01-04,23.724147827045734,23.98706222733837,23.56175882690762,23.770544052124023,9620900
2019-01-07,23.80147718674292,24.141718156274663,23.778278335448235,23.97159767150879,5141800
2019-01-08,24.11852042416959,24.443296962957625,24.041192395903966,24.38916778564453,7575900
2019-01-09,24.4200962642354,24.458759537987984,24.079853850557107,24.288639068603516,5100800
2019-01-10,24.219045872120688,24.706211418635345,24.172649645041496,24.67527961730957,7837200
2019-01-11,24.597951617176374,24.737141773483398,24.497426212571003,24.721675872802734,3095100
2019-01-14,24.628889869194378,24.791278919054395,24.543828868081516,24.64435577392578,2918300
2019-01-15,24.659809404485173,24.976852938086886,24.659809404485173,24.9227237701416,3925000
2019-01-16,24.899530927467882,25.14311222753038,24.829935848904462,25.038721084594727,7295900
2019-01-17,25.0077890121362,25.193376869567796,24.969125735535137,25.162445068359375,3397100
2019-01-18,25.262969054755853,25.262969054755853,25.049546705499964,25.255237579345703,7865600
2019-01-22,25.232037832843996,25.30163290427286,25.00005524468733,25.208837509155273,8116300
2019-01-23,25.34030080408219,25.34030080408219,25.061920467538723,25.224308013916016,3087500
2019-01-24,25.185640862036962,25.382827395078493,25.04645071516279,25.324831008911133,4578000
2019-01-25,25.409886244071696,25.641868786537486,25.25523023248848,25.618671417236328,3031400
2019-01-28,25.533624080483936,25.897065459055465,25.4872263673196,25.873865127563477,5276000
2019-01-29,25.7810705794761,26.090382742744993,25.734672870039944,26.07491683959961,2530000
2019-01-30,26.105845448187583,26.384225802522398,26.005321503426195,26.291433334350586,5118100
2019-01-31,26.268229591639088,26.593004626477757,26.02851257795912,26.54660987854004,7024500
2019-02-01,26.58527771294164,26.65487279660716,26.036248519660674,26.38422393798828,9829200
2019-02-04,26.35329447558717,26.55434529607977,26.136774803726944,26.53887939453125,6513600
2019-02-05,26.56981418335144,26.7244702663967,26.39196072028619,26.71673583984375,4186000
2019-02-06,26.639404694836358,26.67033649609319,26.419020773064567,26.507946014404297,3535200
2019-02-07,26.44608502443187,26.743795495729987,26.361024046969867,26.732196807861328,6325300
2019-02-08,26.623938454662014,26.8095233601983,26.5775407533685,26.732196807861328,2913100
2019-02-11,26.75539345366127,26.848188853716668,26.63940362832023,26.80952262878418,2971900
2019-02-12,26.83271898664299,26.83271898664299,26.517994015113945,26.623933792114258,8982900
2019-02-13,26.608472812239558,26.817258045356528,26.523411833952764,26.80179214477539,3751800
2019-02-14,26.81725417376392,27.00283905430694,26.654866665834156,26.902315139770508,4007000
2019-02-15,26.9796515273662,27.07244400150043,26.902324957224273,27.064712524414062,2674800
2019-02-19,27.026045100098575,27.157500839170318,26.971915919325607,27.095640182495117,3921300
2019-02-20,26.96417940469419,27.06470628255009,26.726783880292434,26.92551612854004,3200300
2019-02-21,26.824991606694024,26.97964767471279,26.66260406269293,26.97191619873047,4484200
2019-02-22,27.002844443792114,27.234830015500517,26.87912018212987,27.126571655273438,3477800
2019-02-25,27.172960986320113,27.211624257281702,26.87138334307384,26.902315139770508,4075800
2019-02-26,26.979644123398625,27.026041822642696,26.80179070102448,26.848188400268555,2674700
2019-02-27,26.747664286644483,26.88685444891961,26.546613468813224,26.76313018798828,3252300
2019-02-28,26.75539883137016,27.157503462974933,26.670340788951325,26.8404598236084,5002100
2019-03-01,26.88685212883035,26.88685212883035,26.49634626559893,26.80952262878418,5897500
2019-03-04,26.886859558011828,26.948720225322845,26.604611967037638,26.91779136657715,6178600
2019-03-05,26.871387210678268,27.095638344277877,26.824989508955234,26.9951114654541,4066400
2019-03-06,27.00284268084834,27.103369558704244,26.879118427263723,26.92551612854004,3832300
2019-03-07,26.940978410732097,27.134297715358528,26.81725417376392,26.902315139770508,7592600
2019-03-08,26.848189576231736,27.053107594685734,26.798697514942777,26.92551612854004,3103900
2019-03-11,27.04924758537313,27.366291253976517,27.0121300044314,27.343093872070312,4124100
2019-03-12,27.38174905058028,27.551871000370532,27.36628315061582,27.490007400512695,4323800
2019-03-13,27.505476708484778,27.706530483115092,27.505476708484778,27.621469497680664,2726000
2019-03-14,27.6291974203308,27.6987924949339,27.536404970799595,27.69106101989746,4504400
2019-03-15,27.717502273391556,27.733056783577503,27.523075346146417,27.5775146484375,5436300
2019-03-18,27.608631023177963,27.663070339970552,27.313101184360864,27.43753433227539,3318300
2019-03-19,27.46085929899271,27.507519861177574,27.27420815009516,27.359756469726562,3464300
2019-03-20,27.383085256086634,27.631951463219185,27.178547767297722,27.484188079833984,8689800
2019-03-21,27.445311920562336,27.981929292154852,27.429757406886015,27.974153518676758,4798000
2019-03-22,27.97414030248175,28.236226168970727,27.841928482055664,27.841928482055664,5026000
2019-03-25,27.85748806198682,27.974145397331668,27.73694432439128,27.865266799926758,4370800
2019-03-26,27.9663640782357,28.051912387363668,27.88081576910773,28.036357879638672,2357500
2019-03-27,28.083028485891834,28.16857681659673,27.771944186368522,27.94304084777832,2939100
2019-03-28,28.005256787924253,28.18024282430129,27.911932681888405,28.176353454589844,3626500
2019-03-29,28.168581008911133,28.223020324421924,28.048034267377076,28.168581008911133,3565600
2019-04-01,28.207460005362677,28.22301451612467,27.818606136471633,28.083026885986328,6733100
2019-04-02,28.114139157759116,28.374670568023202,27.904157688275845,28.32411766052246,6604200
2019-04-03,28.316344814258894,28.417447672990015,28.07525429473707,28.293014526367188,3581300
2019-04-04,28.32411670096088,28.33189544033743,28.083029181244605,28.207462310791016,3507700
2019-04-05,28.23857227234574,28.45399767274281,28.16079970959738,28.425220489501953,2869900
2019-04-08,28.41744249959439,28.456327294575004,28.207461046635455,28.28523063659668,2918500
2019-04-09,28.293011217157968,28.331896014669514,28.16079934555486,28.199684143066406,2094500
2019-04-10,28.26967833072516,28.425220489501953,28.23857227234574,28.425220489501953,2606200
2019-04-11,28.432995089082,28.541873694356244,28.269674214451136,28.38633155822754,3705500
2019-04-12,28.34743942436253,28.541866302490234,28.15301254623483,28.541866302490234,2691300
2019-04-15,28.549655306963622,28.549655306963622,28.2852345114642,28.37078285217285,2115300
2019-04-16,28.378554064645343,28.378554064645343,27.56195864119444,27.701946258544922,3994500
2019-04-17,27.787497282127894,27.8419365867626,27.324760226013282,27.41419792175293,4323500
2019-04-18,27.538628196993628,27.678615813512735,27.305316491701543,27.6319522857666,2756900
2019-04-22,27.577509986292004,27.577509986292004,27.08366697993308,27.328643798828125,4012600
2019-04-23,27.42975471161988,27.709729996842853,27.328651866018284,27.63973617553711,5469100
2019-04-24,27.717508205119806,27.943044201003016,27.64751437766364,27.834165573120117,3304200
2019-04-25,27.748611691801063,27.888599318763163,27.57751504402083,27.803050994873047,4198400
2019-04-26,27.91193347658466,28.009146955099776,27.771945830185302,27.98970603942871,2517000
2019-04-29,27.896373175229552,28.05191530192112,27.666950837566954,27.701946258544922,3256800
2019-04-30,27.717509287053872,28.055813294084157,27.523082310610768,28.020814895629883,4650200
2019-05-01,28.044148150172806,28.36300827287069,27.96637557956343,28.020814895629883,6051300
2019-05-02,28.028584343389,28.35522013149412,28.028584343389,28.075244903564453,5382600
2019-05-03,28.191902814102814,28.316335921648015,28.059693935275735,28.269672393798828,3223400
2019-05-06,28.145240213158658,28.261897553263843,27.974146538848956,28.153018951416016,3377200
2019-05-07,28.05969893291468,28.10635950235516,27.46863934176345,27.67084503173828,3711800
2019-05-08,27.72528434056539,27.935262836487198,27.659176922658332,27.67084503173828,3831500
2019-05-09,27.60862184607622,27.795272989265328,27.421970702887112,27.764163970947266,5684500
2019-05-10,27.70194878911649,28.1530207010555,27.682507875703685,28.083026885986328,3268400
2019-05-13,27.89637572356201,28.12968745155272,27.841936419254832,28.083026885986328,3392100
2019-05-14,28.13746999107385,28.300787926056206,28.075251939621534,28.184133529663086,3984400
2019-05-15,28.18413462400861,28.471885706348537,28.075253029739358,28.37078285217285,3478200
2019-05-16,28.370775955190638,28.650751196094653,28.34744567402176,28.534093856811523,2834200
2019-05-17,28.401886551008175,28.549649951144957,28.339668508811926,28.495210647583008,3403200
2019-05-20,28.39410265715654,28.440766180331526,27.93525506278571,28.036357879638672,3472100
2019-05-21,28.16079379553669,28.351334309214728,28.114133234406804,28.269672393798828,2353600
2019-05-22,28.300779352011094,28.425212450497312,28.238564286127527,28.40188217163086,1982800
2019-05-23,28.32410618161848,28.569085946759362,28.27744562956781,28.541866302490234,2521100
2019-05-24,28.666309286407863,28.767412128633755,28.57298518335613,28.580760955810547,1523600
2019-05-28,28.720748053850734,28.767411587859286,28.277454864288433,28.28523063659668,2496400
2019-05-29,28.261902763352197,28.331896586974807,27.84349438286684,27.95859718322754,2648700
2019-05-30,27.98969979976911,28.219122133894786,27.94303627246524,28.129684448242188,2656200
2019-05-31,28.06747111201298,28.518540036931494,28.02858632021785,28.363000869750977,4582100
2019-06-03,28.46409931375554,28.518538612894254,28.223011836632462,28.471878051757812,6621400
2019-06-04,28.4796554924386,28.4796554924386,28.075247127474796,28.31633758544922,3596800
2019-06-05,28.479654954367142,28.97738740438977,28.378555090075896,28.961835861206055,4495200
2019-06-06,29.039601869810024,29.0707108857874,28.837399199395204,29.016271591186523,2272500
2019-06-07,29.179591968360516,29.288470566865854,29.070713369855177,29.10959815979004,2114000
2019-06-10,29.148486781048963,29.171817064732586,28.876290249007667,29.008499145507812,3041400
2019-06-11,29.086264305260357,29.148479368167735,28.86461776647475,29.062931060791016,2472200
2019-06-12,29.101822057283144,29.311803502010854,29.07071600254982,29.171815872192383,2555500
2019-06-13,29.195154104782706,29.253482788282763,29.097940621189306,29.210708618164062,2511300
2019-06-14,29.21070139665735,29.433125246254647,29.21070139665735,29.335134506225586,1945900
2019-06-17,29.412906950070106,29.688992846087274,29.412906950070106,29.65399742126465,4130200
2019-06-18,29.809539490981283,29.933972612351972,29.451791671160887,29.568449020385742,4654400
2019-06-19,29.54512496603885,29.860095721941754,29.405137304144166,29.762882232666016,4654300
2019-06-20,29.902866681913924,30.035075589099197,29.879533429624807,29.94175148010254,4478800
2019-06-21,29.920581761891615,29.920581761891615,29.45809723179186,29.607032775878906,9512500
2019-06-24,29.677578205684952,29.77948303409527,29.411059955402276,29.458093643188477,5083600
2019-06-25,29.4894566349769,29.599198954146978,29.050487358296596,29.058324813842773,3829000
2019-06-26,29.05831549368336,29.05831549368336,28.39202134656987,28.49392318725586,7944600
2019-06-27,28.666385762017462,28.838839683631335,28.650707860938578,28.729097366333008,4578500
2019-06-28,28.776122662428598,28.986986355403392,28.72909195829899,28.823156356811523,5010600
2019-07-01,28.96426075728062,29.003454016008217,28.442981744467087,28.768291473388672,6775000
2019-07-02,28.846667210916173,29.309154667680918,28.823151862518035,29.30131721496582,5959000
2019-07-03,29.387546958787684,29.73245172606699,29.35462427177811,29.724611282348633,3519500
2019-07-05,29.50513974077035,29.661132344965782,29.10536365181181,29.56001091003418,5079200
2019-07-08,29.53648113499384,29.732450355374503,29.4894474456114,29.66973876953125,3435900
2019-07-09,29.607030624468646,29.86179121289078,29.56783737784671,29.826515197753906,3166600
2019-07-10,29.93625968150895,30.03032706860913,29.76380878566514,29.991130828857422,8591200
2019-07-11,29.94410010377618,29.95193755756886,29.477692361400198,29.607032775878906,5157600
2019-07-12,29.622709177132425,29.66190242462225,29.391463933512156,29.48944854736328,3620400
2019-07-15,29.552162904667693,29.72461380783268,29.450258059442895,29.528644561767578,2650100
2019-07-16,29.497291057324492,29.588218680209707,29.387548760564187,29.481613159179688,3533000
2019-07-17,29.559999059594325,29.654066446553614,29.179818260496983,29.332674026489258,3227300
2019-07-18,29.26212241975588,29.411057935470712,29.105346461488708,29.324831008911133,4028800
2019-07-19,29.35619522857395,29.38755102728209,28.815318166745964,28.8466739654541,4515800
2019-07-22,28.88586429139908,28.917220086929603,28.693815276717817,28.81531524658203,3031000
2019-07-23,28.885866051505065,29.105353643339534,28.78396419520154,29.09751319885254,3084800
2019-07-24,29.13670227851106,29.168058071462426,28.97208885089589,29.073993682861328,2663600
2019-07-25,29.042644197237514,29.10535579675962,28.82315957941745,28.948579788208008,3237500
2019-07-26,28.972089737513475,29.12102826346385,28.82315420181619,29.042638778686523,2822300
2019-07-29,29.113190553379205,29.34835304928507,29.097512654951696,29.15238380432129,3030900
2019-07-30,29.15238620738442,29.532567052393425,29.144548752651303,29.44242286682129,3455600
2019-07-31,29.47376652462597,29.70109151460073,29.152377155791978,29.324831008911133,6644000
2019-08-01,29.411061731714486,29.661902101218196,29.12886556845954,29.395383834838867,9956300
2019-08-02,29.426740045946985,29.822595734221654,29.36794867939286,29.622709274291992,4953600
2019-08-05,29.552168240362047,29.567846141708333,28.70557950918615,29.058324813842773,6359700
2019-08-06,29.12102657466389,29.536480354004713,29.019121745489624,29.41889762878418,6841500
2019-08-07,29.44242736889888,29.889237113349274,28.96818204330694,29.693267822265625,7396200
2019-08-08,29.732453924304117,30.163585662841797,29.473773087029496,30.163585662841797,5601800
2019-08-09,30.093036773609107,30.281168564457133,29.8578742777391,30.15574836730957,4695700
2019-08-12,30.147910565815106,30.245895196871647,29.948024071442383,30.132232666015625,3727900
2019-08-13,30.13223317171474,30.257653381961852,29.857877396253468,30.147911071777344,5176100
2019-08-14,30.06952412694354,30.06952412694354,29.63839234734368,29.67758560180664,5999600
2019-08-15,29.763802210852035,30.155740599763952,29.677575286850995,30.093029022216797,5501400
2019-08-16,30.163583692340637,30.38306827429351,30.07735675221539,30.3046817779541,3766700
2019-08-19,30.445792367530892,30.641761679116374,30.296856767217506,30.579050064086914,2930000
2019-08-20,30.618233358444535,30.688782400363305,30.328196747082288,30.351715087890625,3245400
2019-08-21,30.422257849074608,30.553165123244664,30.30467514006746,30.477128982543945,3480700
2019-08-22,30.508485392305275,30.65742390671585,30.289000832440674,30.626068115234375,2511100
2019-08-23,30.633914280270915,30.83615408967248,30.112635362971115,30.241975784301758,6048100
2019-08-26,30.390916062540743,30.532014182252876,30.249817942828614,30.524173736572266,3621000
2019-08-27,30.66527171895638,30.751498679533633,30.4065938274785,30.422271728515625,3042200
2019-08-28,30.437939747684343,30.56335992500902,30.355630046398332,30.508485794067383,3129500
2019-08-29,30.673106604129682,30.778928679129333,30.555523862793777,30.727977752685547,3070700
2019-08-30,30.82204199271917,30.876913140992187,30.641750649785934,30.735815048217773,3623100
2019-09-03,30.68878463621006,31.1747875213623,30.673106737946654,31.174787521362305,6160800
2019-09-04,31.32371795592051,31.464816027003717,31.2374910246749,31.433460235595703,3541500
2019-09-05,31.433464855108333,31.441305299239005,31.04936681979749,31.159109115600586,3925900
2019-09-06,31.174785964213743,31.34488651698268,31.112074374292497,31.198301315307617,2457600
2019-09-09,31.213978957448926,31.22181940125154,30.88475208381512,30.963138580322266,4618900
2019-09-10,30.81420027965838,30.81420027965838,30.296841674412466,30.508485794067383,5632900
2019-09-11,30.461457855807282,30.524166455023583,30.26548862409494,30.437942504882812,7353200
2019-09-12,30.66526724774815,30.81420579075763,30.383071050733804,30.618236541748047,5425200
2019-09-13,30.53200927389206,30.696622723674807,30.151828456355677,30.249813079833984,5653800
2019-09-16,30.241978369074296,30.579042753383415,30.210622569055975,30.56336784362793,4535700
2019-09-17,30.696623201908633,31.002334753483204,30.68878574761976,30.994497299194336,6054200
2019-09-18,31.072878826545264,31.127749968539682,30.59706678374995,30.90042495727539,4031700
2019-09-19,30.947472964089155,31.112086466230874,30.869086436475296,31.002344131469727,3941500
2019-09-20,31.067817847444843,31.12305629873203,30.854753959507192,30.87053680419922,5392500
2019-09-23,30.846872181230665,31.111228126465246,30.79163371536883,30.981021881103516,3196700
2019-09-24,31.059943987931106,31.162531026330907,30.79953143128654,30.941574096679688,6528700
2019-09-25,30.949462293337398,31.04415638568862,30.79952671932113,30.910003662109375,3912600
2019-09-26,31.004707839552278,31.27142994506858,30.981032053358813,31.20987892150879,2565600
2019-09-27,31.26510920468118,31.280892054579787,30.760070049009105,31.00469970703125,3350700
2019-09-30,31.028374177434568,31.209872445810365,30.996808475907216,31.044157028198242,3492500
2019-10-01,31.012585081915276,31.091499319843326,30.657478536914986,30.775848388671875,6075600
2019-10-02,30.73639567459883,30.81136044486489,30.404961864573394,30.58646011352539,5305300
2019-10-03,30.586463344109838,31.01259128332048,30.539117802155975,30.949462890625,6328400
2019-10-04,30.996806046151544,31.16252446104443,30.96524335736929,31.091503143310547,2653300
2019-10-07,31.012596263899987,31.17831170789413,30.894229379734792,31.036272048950195,3165800
2019-10-08,31.01259326932361,31.142799538576917,30.728507958324087,30.886333465576172,4616600
2019-10-09,31.004697659523313,31.10728166168351,30.906057111874237,30.981021881103516,2969000
2019-10-10,30.941568560713073,31.10728397059868,30.80741885088306,31.059938430786133,3373400
2019-10-11,31.14674287630827,31.225654116874416,30.925785984235507,30.957351684570312,4949200
2019-10-14,30.981023927047936,31.12306656586456,30.862657068214627,31.00469970703125,1794100
2019-10-15,31.01258705497472,31.067825519903508,30.76796042751025,31.028369903564453,3091100
2019-10-16,31.028366286788795,31.05993198028886,30.78768314182371,30.988910675048828,5929800
2019-10-17,31.06783769101016,31.280901715035487,30.98892642741785,31.1940975189209,4775600
2019-10-18,31.186195680041664,31.557085099801945,31.186195680041664,31.493953704833984,2313300
2019-10-21,31.501851453584568,31.730698301815455,31.41505027933583,31.7070255279541,1957300
2019-10-22,31.778042993091677,31.833281465561036,31.572868943687496,31.612327575683594,2226000
2019-10-23,31.628108772428067,31.746475631413396,31.399261964010613,31.667564392089844,2159900
2019-10-24,31.730694511844494,31.77015013365788,31.458448614142448,31.549196243286133,1781800
2019-10-25,31.4781769973084,31.525525552771807,31.091507663639696,31.16252899169922,2842500
2019-10-28,31.10728327071935,31.153054437851413,30.767962538703998,30.831090927124023,3318300
2019-10-29,30.87844097150625,31.107284777165795,30.823202500112128,30.910003662109375,2167200
2019-10-30,30.973133850731067,31.13884925842285,30.736397123989832,31.13884925842285,2637400
2019-10-31,31.194094561170452,31.233553199496978,30.917902154513538,31.036272048950195,3263900
2019-11-01,31.075721555690397,31.182252031481774,30.633810781815733,30.957351684570312,3370000
2019-11-04,30.90210736455806,30.93367305891769,30.570676604592837,30.610132217407227,3045400
2019-11-05,30.515438710804208,30.515438710804208,29.899922650003084,30.0814208984375,6643600
2019-11-06,30.12087512637703,30.333150372167342,30.09325589441699,30.191896438598633,2425600
2019-11-07,30.105092582992715,30.112982501299204,29.761822436390712,29.86835289001465,3725800
2019-11-08,29.80524331646196,30.026197291683328,29.734221965816218,29.813133239746094,2612100
2019-11-11,29.79733158417528,29.976463735516077,29.78944166586879,29.86835289001465,2538700
2019-11-12,29.868362678255167,30.070378970185345,29.631625917965714,29.67108154296875,6213800
2019-11-13,29.71843523900081,30.04197623641678,29.70265238421567,29.97095489501953,2220800
2019-11-14,30.041969971723372,30.270816802978516,30.002514348124137,30.270816802978516,2525100
2019-11-15,30.294486062568424,30.428638779576744,30.199791974855405,30.420745849609375,2615000
2019-11-18,30.46020033119919,30.72061282552422,30.43652756272261,30.58646011352539,2835500
2019-11-19,30.641712967683148,30.72062423208526,30.531232983139702,30.64960289001465,3345100
2019-11-20,30.625924852481063,30.73640180777736,30.47046541372448,30.665380477905273,5711400
2019-11-21,30.594357269341806,30.594357269341806,30.21636656106269,30.255033493041992,3556100
2019-11-22,30.286594925551643,30.30237777458124,29.935434812887348,30.0814208984375,3614400
2019-11-25,30.144561983880607,30.31027743655111,30.05381132535821,30.105106353759766,2712000
2019-11-26,30.128774153933772,30.52333641052246,30.10510138182521,30.52333641052246,4916300
2019-11-27,30.507553597754008,30.625923478989325,30.389183716518687,30.618030548095703,2605700
2019-11-29,30.594341187986267,30.73638376434602,30.46808145458532,30.49964714050293,2550800
2019-12-02,30.420747043446013,30.475985514302295,29.939380645751953,29.939380645751953,6651500
2019-12-03,29.923593262484406,30.239244199793152,29.915703343673382,30.184005737304688,3584000
2019-12-04,30.120872453582667,30.416794059868813,30.057744076248817,30.341829299926758,2283800
2019-12-05,30.294498454728494,30.389192581176758,30.172185082638155,30.389192581176758,3042200
2019-12-06,30.397077560424805,30.539120218065158,30.369458322009805,30.397077560424805,3855600
2019-12-09,30.436532974243164,30.52333715445169,30.314219635006353,30.436532974243164,2562300
2019-12-10,30.460203614262714,30.547007788393657,30.144555629561353,30.223466873168945,7303200
2019-12-11,30.294487506877033,30.294487506877033,29.892035357206463,29.994619369506836,6222900
2019-12-12,30.010403618637163,30.11299064598979,29.544820045601153,29.631624221801758,7621000
2019-12-13,29.62372950327491,29.773662049528326,29.402772633205497,29.663185119628906,6152000
2019-12-16,29.71054385434633,29.978846351943933,29.525099082588508,29.89204216003418,5093900
2019-12-17,29.94727804394911,29.98673367040854,29.509313666625385,29.568498611450195,4452000
2019-12-18,29.568497440514253,30.041970959820137,29.568497440514253,29.986732482910156,3504100
2019-12-19,29.95516579364238,30.294489575083833,29.899927318549224,30.270816802978516,3334500
2019-12-20,30.392874242402787,30.58831618371858,30.35298918767688,30.50455665588379,3691800
2019-12-23,30.560387973655583,30.600273017460943,30.265231954821598,30.32107162475586,3000600
2019-12-24,30.345009193122532,30.43275812719274,30.24928142339093,30.360963821411133,1120200
2019-12-26,30.424775418335553,30.56038822000751,30.360959956339308,30.54443359375,1607200
2019-12-27,30.640158044778126,30.68802192313907,30.524489287681178,30.656112670898438,1828500
2019-12-30,30.592293082198527,30.680042001233467,30.488592580642393,30.63218116760254,2638400
2019-12-31,30.61622074139049,30.87946440558656,30.592287286075866,30.84755516052246,3675000
2020-01-02,30.943286383274028,30.99114721323138,30.36893207951825,30.488590240478516,4380100
2020-01-03,30.30512742409271,30.77976473415718,30.289172794077206,30.711959838867188,3499000
2020-01-06,30.656118988901593,30.839592662547133,30.5923004712678,30.719934463500977,3097200
2020-01-07,30.632185584566287,30.632185584566287,30.2213607641159,30.3848934173584,3550600
2020-01-08,30.416792420990056,30.584311392458012,30.305113106678085,30.536447525024414,5089000
2020-01-09,30.51251827730387,30.600267182764433,30.432748204903284,30.528472900390625,2885000
2020-01-10,30.592297561451375,30.832411211720302,30.524492675190604,30.82363510131836,6513200
2020-01-13,30.839581659300418,31.198553085327152,30.83160586895908,31.19855308532715,2988100
2020-01-14,31.16664761176033,31.16664761176033,30.875484062028914,31.04698944091797,3720200
2020-01-15,31.126759416163853,31.358096900074386,31.118780582631278,31.26236915588379,4468700
2020-01-16,31.334159803462885,31.541566848754883,31.254389735601677,31.541566848754883,4244500
2020-01-17,31.525615568683737,31.693134554771195,31.48573053052482,31.58145523071289,3014700
2020-01-21,31.589442040192246,31.924483172269902,31.53360235868504,31.90055274963379,2329500
2020-01-22,31.988284257549772,32.07603315845561,31.589427830183652,31.645267486572266,5815200
2020-01-23,31.661234712619155,31.972345405960258,31.581464612604055,31.94841194152832,2637800
2020-01-24,32.012232112648206,32.0720612122729,31.780894550384396,31.90055274963379,2397900
2020-01-27,31.709091059755863,31.884588889706375,31.6771818101224,31.764930725097656,6741600
2020-01-28,31.804814820279592,31.979515370251626,31.725044741600495,31.84469985961914,2904300
2020-01-29,31.948407622224785,32.02020191974576,31.64527580568802,31.67718505859375,5409600
2020-01-30,31.573484762393736,31.775304854456454,31.517642047918255,31.748979568481445,3847400
2020-01-31,31.669205163995112,31.70909020344307,31.21849539343621,31.294279098510742,7586200
2020-02-03,31.421906093831737,31.61973974077653,31.29826158600763,31.326181411743164,6254800
2020-02-04,31.437873506215034,31.84869527049395,31.378044414428956,31.7330265045166,5309500
2020-02-05,31.76493658421088,31.844706679974774,31.629326812805438,31.709096908569336,3049300
2020-02-06,31.812793653967567,31.916494147643704,31.748975156597535,31.84469985961914,2676700
2020-02-07,31.86066627502441,31.896564953838872,31.768930954897193,31.860666275024414,3216600
2020-02-10,31.96435718215799,32.24355549324412,31.93244793431004,32.227603912353516,3489300
2020-02-11,32.33927859664986,32.841835484496514,32.33927859664986,32.61847686767578,10001700
2020-02-12,32.65837134798867,32.90566349031716,32.53871621566234,32.82589340209961,2539700
2020-02-13,32.778029815913484,33.10110263202214,32.73814477144871,33.02532196044922,2825500
2020-02-14,33.10509417829665,33.41620180537592,33.05723029604059,33.408226013183594,2235200
2020-02-18,33.448095079332674,33.448095079332674,33.17687262886816,33.37630081176758,3260100
2020-02-19,33.384293008305725,33.384293008305725,32.90566635131836,32.90566635131836,2606100
2020-02-20,32.99341515043207,33.296546988268545,32.83387191772687,33.272613525390625,3901800
2020-02-21,33.27259944300295,33.503936880361884,33.232714412466215,33.448097229003906,2986900
2020-02-24,33.05722439959563,33.356366763511126,32.85061764098925,33.00138473510742,4703100
2020-02-25,33.08913635365541,33.20081569176121,32.05211001591536,32.17176818847656,9190200
2020-02-26,32.211647331893744,32.462925796608616,31.821563951774657,31.892560958862305,8641900
2020-02-27,31.366068636314708,31.493702569037975,30.08175047658077,30.08972930908203,15861500
2020-02-28,29.451562743527937,29.643015204050062,28.472770978019852,29.347862243652344,44499000
2020-03-02,29.491451643817147,30.815655149693225,29.419657349515212,30.807676315307617,19686200
2020-03-03,30.871493728954935,31.553537979240456,30.488591853866584,30.78374481201172,37983700
2020-03-04,31.190573326243378,32.020195476653065,31.142712499549162,31.980310440063477,13712900
2020-03-05,31.453823171653916,31.709091082840388,30.89542347479593,31.246416091918945,13348200
2020-03-06,30.56837121176219,30.839593835956684,29.706842492166725,30.711959838867188,16942300
2020-03-09,29.076638852152854,29.483471134732735,28.518239155192724,28.54216957092285,12791800
2020-03-10,29.276068512860686,29.97805682419468,28.23904219297886,29.930192947387695,18902400
2020-03-11,29.20427409479744,29.25213492836692,28.039613818090515,28.3267879486084,16089100
2020-03-12,26.531930409242673,27.58491426438334,22.33596178439462,25.893760681152344,9058600
2020-03-13,27.25784868365108,28.207128994426938,25.949599997675307,28.16724395751953,9694900
2020-03-16,25.367273044220582,26.05330671794343,23.476694067427207,23.660167694091797,5840100
2020-03-17,24.01913710361496,25.758151555774685,23.48466937310272,25.09604835510254,7267800
2020-03-18,23.61230686980819,24.62540282072195,22.63112017160837,23.333106994628906,12255800
2020-03-19,22.990086420010414,23.564440703902047,22.33596206025976,22.966156005859375,13526100
2020-03-20,23.09379502240679,23.612308236893373,21.514321916508997,21.6658878326416,16549800
2020-03-23,21.60319439379875,21.63534274130794,19.995813808361063,20.46195411682129,28171300
2020-03-24,21.402273278521026,22.318481317015657,21.072760358693607,22.24614906311035,15346800
2020-03-25,22.406880677874735,24.45629147741399,22.08540492488347,23.234682083129883,18863500
2020-03-26,23.435614921341884,25.123365282532756,23.274876207735904,25.018884658813477,17228600
2020-03-27,24.24733847325367,25.67790788069728,24.2312642979872,25.083175659179688,11840800
2020-03-30,25.2198060673799,25.86275935786012,24.665260751326617,25.734169006347656,10377700
2020-03-31,25.549322061779563,25.589505974132937,24.327712118053892,24.914405822753906,9015800
2020-04-01,23.78923629754383,23.8053104735461,22.889102369347988,23.403465270996094,11255400
2020-04-02,23.130207854510758,24.08659822718831,23.114133680284844,23.749048233032227,11021700
2020-04-03,23.580276479881263,23.949973328413854,23.122173196735318,23.548128128051758,7984100
2020-04-06,24.440221922613734,25.356428374914096,24.440221922613734,25.251949310302734,9514500
2020-04-07,26.264603738864402,26.51374887815324,25.243916515490774,25.259990692138672,19488600
2020-04-08,25.58950319595396,27.301364655712465,25.316248329447138,27.156700134277344,27207800
2020-04-09,27.646958014713636,28.892677838232053,27.606771031828888,28.555126190185547,49899800
2020-04-13,28.394383258864302,28.442602720653564,27.080347740066713,27.245105743408203,9877300
2020-04-14,27.7996518537198,28.28186488117715,27.7996518537198,28.153274536132812,6720300
2020-04-15,27.41387779954112,27.630874557750122,26.83521977765044,27.06829071044922,5378900
2020-04-16,27.108476263601112,27.341547210582643,26.734760112694698,26.8914794921875,4372800
2020-04-17,27.6067668322366,27.888060340457194,27.2933280347691,27.759469985961914,6540400
2020-04-20,27.269213720255504,27.373694323804305,26.73073959350586,26.73073959350586,5773900
2020-04-21,26.10386030822896,26.529815181790664,26.015453885602533,26.336931228637695,7839500
2020-04-22,26.73877823684377,27.03614280706959,26.53785564991152,26.79503631591797,5386000
2020-04-23,26.843255415499,27.02006518467182,26.433371673587274,26.4896297454834,6367800
2020-04-24,26.626262548727567,26.707433607466662,26.292730312731717,26.586078643798828,5142700
2020-04-27,26.803071935836876,27.454062222786742,26.803071935836876,27.357620239257812,4024200
2020-04-28,27.839834305193587,28.14523750838435,27.357621302964382,27.381731033325195,5955000
2020-04-29,27.936280301657064,28.0246867467814,27.43799305239874,27.45406723022461,6095100
2020-04-30,27.092402813757463,27.36565767406071,26.819147953454216,27.26117706298828,6837500
2020-05-01,26.594112977571083,26.770925830142946,26.264600066945974,26.425338745117188,5724300
2020-05-04,26.192276321453704,26.433382884096392,25.790431028437133,26.409273147583008,6816600
2020-05-05,26.634299158957113,26.930860497304085,26.54187648054163,26.578041076660156,4899400
2020-05-06,26.658407032189178,26.778961809188626,26.087787628173828,26.087787628173828,4609500
2020-05-07,26.344965821165832,26.65036897932047,26.168156048200558,26.32085609436035,4927700
2020-05-08,26.626265972814327,26.88344667643372,26.553933708306637,26.803075790405273,4428800
2020-05-11,26.51375006982861,26.883446951839343,26.344972740357754,26.48160171508789,4566400
2020-05-12,26.586084379544516,26.610194114536167,25.34036313006842,25.356435775756836,16049400
2020-05-13,25.211764387829295,25.50912892862843,24.830011203852127,24.95458221435547,5131500
2020-05-14,24.633106428130127,24.986730575561523,24.13481931998899,24.986730575561523,8269300
2020-05-15,24.80992387753422,24.906365869257872,24.424151311886156,24.89832878112793,7482800
2020-05-18,25.64576221035029,26.320862312918113,25.64576221035029,26.11190414428711,6286400
2020-05-19,25.975274329117823,26.071716321826354,25.60557746887207,25.60557746887207,5799300
2020-05-20,25.878831854446606,25.919015761840477,25.6457608993923,25.846683502197266,4041700
2020-05-21,25.758275870249463,25.935088733574275,25.525206458936395,25.71809196472168,4289000
2020-05-22,25.74220361059141,26.296751971984595,25.621650352118817,26.280677795410156,4743200
2020-05-26,27.1084736786488,27.30136070123538,26.79905425951901,27.116512298583984,5756600
2020-05-27,27.67105590741347,27.695165634155273,27.003991519763225,27.695165634155273,5779800
2020-05-28,28.0166445769645,28.056828479125098,27.679093053978008,28.00860595703125,5281400
2020-05-29,27.82375707949393,27.984495751227847,27.574615050849765,27.847869873046875,7830900
2020-06-01,27.823758213750576,28.615393674997733,27.743390407524945,28.402416229248047,5275600
2020-06-02,28.579227553441125,28.699779256332093,28.257750214061627,28.587263107299805,4613100
2020-06-03,28.844447977219023,29.4351609119934,28.79622851533414,29.270402908325195,3685700
2020-06-04,29.12574509162114,29.141816203698003,28.49886441636512,28.723899841308594,3692400
2020-06-05,29.632055571802375,29.97764258856363,29.503465267833164,29.77672004699707,5313700
2020-06-08,30.09017698401713,30.4277286529541,30.04195750690938,30.4277286529541,4384200
2020-06-09,29.985687595818305,30.218755463658393,29.712432758434957,30.0740909576416,3636100
2020-06-10,29.945497440344134,30.082126377417385,29.334694197795788,29.511507034301758,3956600
2020-06-11,28.39437630308134,28.7078149912706,27.65497972314211,27.6871280670166,17916000
2020-06-12,28.547074327729693,28.683700180824218,27.855900312267853,28.563148498535156,7645100
2020-06-15,27.79161106390522,29.02929175215132,27.75142409765661,28.924814224243164,5146600
2020-06-16,29.816908902255314,29.897279771752626,28.924815244599078,29.407028198242188,6559300
2020-06-17,29.591884670928458,29.591884670928458,29.053413494679376,29.06144905090332,3553800
2020-06-18,28.852488380172687,28.892672289503917,28.563159327650613,28.699785232543945,2261000
2020-06-19,29.109656865143393,29.133766587459085,28.19345062713337,28.410444259643555,5057400
2020-06-22,28.32136846436503,28.430700379513755,27.948823106992993,28.329465866088867,2525400
2020-06-23,28.59672170219172,28.669610663296588,28.183683226120237,28.22417640686035,2444900
2020-06-24,27.900235778927172,28.00552055023636,26.936481121236405,27.503395080566406,6262800
2020-06-25,27.35761284819584,27.811144562777873,27.271766799782743,27.794946670532227,3520100
2020-06-26,27.713960233898543,27.851637683516387,27.252331118989698,27.317119598388672,4398900
2020-06-29,27.543890347168958,27.786855697631836,27.23613959159944,27.786855697631836,4052700
2020-06-30,27.843548290076832,28.329472838335693,27.77065929889471,28.191795349121094,3640600
2020-07-01,28.305170618341936,29.050255155455094,28.244429292300016,28.96116828918457,5182500
2020-07-02,29.39041161347973,29.41470691381575,28.758705999847162,28.863990783691406,2586000
2020-07-06,29.358006662462802,29.447093521816626,28.84211478092383,28.896377563476562,3206300
2020-07-07,28.653424186471092,28.774903777079718,28.418559319421707,28.42665672302246,2668600
2020-07-08,28.5157335458557,28.604820401187368,28.159389213960814,28.410451889038086,11063900
2020-07-09,28.3537675801964,28.426656569942217,27.85974563795573,28.313274383544922,6024700
2020-07-10,28.31327300121193,28.491446765098956,28.199890820350266,28.34566879272461,5978400
2020-07-13,28.44285559792503,28.499546693378807,27.827350951812722,27.900239944458008,10021700
2020-07-14,27.93263208262964,28.264681208009847,27.85974309952508,28.175594329833984,6206300
2020-07-15,28.54813419286083,28.645318465497603,28.147246364980855,28.305171966552734,7492500
2020-07-16,28.19178856398451,28.321368618295363,27.904282915027057,27.973121643066406,3339300
2020-07-17,28.09459968987125,28.499537723916603,27.948821750460358,28.361860275268555,8696300
2020-07-20,28.386162347988456,28.540040814912047,27.99742211319628,28.094606399536133,2792300
2020-07-21,28.353756951220703,28.418548513120953,28.02170792006121,28.102697372436523,5930700
2020-07-22,28.062212297157192,28.45095251255701,27.88403853989505,28.442852020263672,21831500
2020-07-23,28.39426073281565,28.548136098883422,27.989322632122267,28.297073364257812,9896100
2020-07-24,28.248480691704703,28.426651342091024,28.12699803465886,28.18368911743164,3388800
2020-07-27,28.199890112527687,28.53193924361637,27.908334175097107,28.5157413482666,3487800
2020-07-28,28.50763914599093,29.234906914992592,28.442847575499638,29.090747833251953,3591000
2020-07-29,29.196034871827912,29.64146614074707,29.179836977939463,29.64146614074707,3072600
2020-07-30,29.26082489326263,29.414700242881654,29.009762185474766,29.398502349853516,3104000
2020-07-31,29.3580124453189,29.414703532541463,28.944976939921286,29.36610984802246,4594400
2020-08-03,29.260822402000418,29.301315586407082,28.819438350501542,28.896377563476562,4743600
2020-08-04,28.904478956458366,29.41875204668606,28.86398576645936,29.32561492919922,4030600
2020-08-05,29.438994105180356,29.5037856741401,29.025958666074168,29.106945037841797,2729100
2020-08-06,29.050262600676547,29.212238481823345,28.949028061138918,29.163644790649414,2887800
2020-08-07,29.042161738740802,29.5807301664162,29.034061246459874,29.560482025146484,4065400
2020-08-10,29.625268026534105,29.69815390674073,29.390403225539366,29.511882781982422,2986400
2020-08-11,29.762954333464936,29.762954333464936,28.84536494564879,28.94498062133789,5520100
2020-08-12,29.15554046588639,29.382304792002746,29.025960409615294,29.309415817260742,4035200
2020-08-13,29.228430831047394,29.447097765675565,28.93687491820983,28.969270706176758,4096600
2020-08-14,28.953071259416006,29.260825049731938,28.92229742510052,29.042158126831055,2416800
2020-08-17,29.03405662205008,29.30131721496582,28.941732032894233,29.30131721496582,2824900
2020-08-18,29.358009674279312,29.370157321904337,29.082651666860507,29.268922805786133,2603600
2020-08-19,29.325620250814247,29.341818147639696,28.629126134484565,28.66962242126465,4328900
2020-08-20,28.556231436129977,29.11099770615045,28.483342459699784,28.977367401123047,3032800
2020-08-21,29.050256058527946,29.14744341898911,28.702821594477403,29.074554443359375,2155700
2020-08-24,29.115049362182614,29.131247256555287,28.693913376790526,29.115049362182617,3438400
2020-08-25,29.204133987426758,29.236526684244993,28.945783307528977,29.204133987426758,3226600
2020-08-26,29.12315042632239,29.163643622629074,28.80487087570768,29.001670837402344,2231400
2020-08-27,29.074556343693498,29.479494437118575,29.042160554755696,29.39040756225586,3098400
2020-08-28,29.439007968839782,29.6171817779541,29.14745503951659,29.6171817779541,1583700
2020-08-31,29.576672418313986,29.576672418313986,29.252720776762704,29.35800552368164,3522700
2020-09-01,29.26892262894457,29.34991209500915,29.050255704718552,29.309415817260742,4280200
2020-09-02,29.349907736369094,29.99780792150744,29.123140354496837,29.965412139892578,4663200
2020-09-03,29.924922200589382,30.127391223476412,29.24462616011168,29.463293075561523,8943100
2020-09-04,29.56047452729324,29.74674563988409,28.847782769539506,29.35800552368164,9308100
2020-09-08,29.163640480555202,29.23652946182735,28.766802874298786,28.985469818115234,6823000
2020-09-09,29.17983456556192,29.69815476941196,29.123143486355325,29.30131721496582,4081600
2020-09-10,29.268927513676495,29.35801439649925,28.872089876744084,28.88828468322754,6048400
2020-09-11,28.96926755127562,29.04215652154703,28.580527406305453,28.791093826293945,5445000
2020-09-14,28.98545649568634,29.571805801636277,28.98545649568634,29.495676040649414,3205600
2020-09-15,29.576681805479836,30.15979370956981,29.552386505953685,29.884435653686523,2947800
2020-09-16,30.030213417404504,30.38250761577425,29.933026041121394,30.07880401611328,3545400
2020-09-17,29.819641469585218,30.014013117148934,29.215475133641277,29.414703369140625,3656800
2020-09-18,29.430898435530818,29.430898435530818,28.774897663657658,28.831588745117188,6254300
2020-09-21,28.508135937297297,28.54887286151872,27.909293516355262,28.060020446777344,6227100
2020-09-22,28.133347723616065,28.622200130886153,28.092610800017237,28.394067764282227,4578000
2020-09-23,28.345184938338946,28.40221725346413,27.53450554415028,27.579317092895508,4330800
2020-09-24,27.595612113833724,28.0681691277057,27.489696734609755,27.70967674255371,4926400
2020-09-25,27.603760890017803,28.280002509274457,27.55487471796403,28.247411727905273,2765000
2020-09-28,28.614055100348025,28.858479786008235,28.565172028033086,28.736268997192383,2802800
2020-09-29,28.654783778414625,28.776997640065822,28.418508411531313,28.5896053314209,2217600
2020-09-30,28.728119746454222,29.00513521901006,28.451104273898384,28.736268997192383,4386100
2020-10-01,28.842181134765184,29.216965777259833,28.654785705490042,29.208816528320312,5842200
2020-10-02,28.768862761612304,29.771006252159125,28.752567366477948,29.68138313293457,4494600
2020-10-05,29.7628471631969,29.885061032295365,29.23733249891796,29.844324111938477,2185900
2020-10-06,29.925806543696137,30.007283515827968,29.485840218270308,29.591758728027344,4225600
2020-10-07,29.78728356277636,29.864682757637766,29.567300524062322,29.673215866088867,2158300
2020-10-08,29.86062014824568,30.31687863896649,29.819880118978865,30.170223236083984,2208700
2020-10-09,30.341326659253973,30.349472801198388,29.97387380779928,30.08875274658203,2617400
2020-10-12,30.14579532894828,30.308746195575477,29.95025366738979,30.24356460571289,2747100
2020-10-13,30.145784362459995,30.145784362459995,29.559162699216092,29.730262756347656,4258700
2020-10-14,29.77100506043731,29.77915120366399,29.347334127989864,29.388071060180664,7041600
2020-10-15,29.20882338851084,29.771003592318245,29.192531102860915,29.526578903198242,3691200
2020-10-16,29.55101622703932,29.608048542769428,29.322886964118894,29.420656204223633,2730500
2020-10-19,29.485827715841452,29.599895428459615,28.923650832632255,28.956241607666016,3782500
2020-10-20,29.119201034849898,29.35955107914233,29.07031485776052,29.15178871154785,5962200
2020-10-21,29.062160201225904,29.225110986515663,28.97254022194287,29.045867919921875,3566700
2020-10-22,29.03772638936871,29.078463319511954,28.789227075057816,28.842187881469727,3013900
2020-10-23,28.95625144786643,29.11105301984194,28.797375250620178,29.029579162597656,2194100
2020-10-26,28.809593576383442,28.809593576383442,28.41036425045856,28.67923355102539,3322600
2020-10-27,28.728120852952735,28.874776291603176,28.312599182128906,28.312599182128906,2760300
2020-10-28,27.856332924993264,28.165939145831242,27.56302520359889,27.68523597717285,5331500
2020-10-29,27.75042746487547,28.239276950013487,27.489707325064636,28.00299835205078,4989600
2020-10-30,27.831889961465443,28.002986900492342,27.465251443530697,27.82374382019043,5662400
2020-11-02,28.1333470726094,28.508134841918945,27.93780860064857,28.508134841918945,5349800
2020-11-03,28.73625853822919,29.135484654296956,28.646635460900036,28.956241607666016,4895700
2020-11-04,29.078466197480743,29.575464875291736,28.882927670228817,29.037729263305664,5642500
2020-11-05,29.265853205614913,29.4288040204136,29.014096698713708,29.14364242553711,4718500
2020-11-06,29.168085341518623,29.3758477179285,28.923660661757346,29.029579162597656,4562400
2020-11-09,30.430957080307582,31.864920980091632,29.72212438318063,29.795452117919922,11855500
2020-11-10,29.83618110958715,30.137641221003324,29.7058210723361,29.95839500427246,9593400
2020-11-11,30.11319762708671,30.365771567828567,29.8769190800729,30.186525344848633,6219300
2020-11-12,30.096892336932623,30.280213125072372,29.697666199968566,29.876909255981445,5034500
2020-11-13,30.03985840290959,30.63462606003594,30.03985840290959,30.561298370361328,3078700
2020-11-16,31.115330880528838,31.18051243417712,30.390203190343154,30.7568416595459,4066500
2020-11-17,30.569457925442766,30.887210318495825,30.341328639769475,30.77314567565918,4501200
2020-11-18,30.79759072539124,31.078680847333835,30.23541358953483,30.251708984375,4579100
2020-11-19,30.21097241183801,30.35762475109221,29.885070727202713,30.30059242248535,4583900
2020-11-20,30.341322958812512,30.34946909976342,29.99097984539449,30.096895217895508,2799000
2020-11-23,30.267997634582184,30.325029949799855,29.946170651266417,29.999128341674805,4084700
2020-11-24,30.341324333596326,30.44723971089643,29.948612566961625,29.982831954956055,3201500
2020-11-25,30.039864582306176,30.121341536497958,29.795439935786845,30.05615997314453,3553300
2020-11-27,30.194669928155452,30.194669928155452,29.876914461620892,29.999128341674805,1791100
2020-11-30,29.982835623578403,29.982835623578403,29.595830148951094,29.73841094970703,4225200
2020-12-01,30.03986580422158,30.217483395964912,29.97468734624493,30.11319351196289,4491900
2020-12-02,30.031730719638663,30.219123128854786,29.77101057568325,29.795452117919922,3019100
2020-12-03,29.85247012493886,30.1620763127752,29.819879345581818,30.01542091369629,2953400
2020-12-04,30.18651951065495,30.43094415327819,30.153928729497732,30.41465187072754,3325500
2020-12-07,30.373913559925743,30.439095125930525,30.01134964610152,30.11319351196289,3027800
2020-12-08,29.999129109719252,30.17837530957994,29.958392184667684,29.974687576293945,2184100
2020-12-09,30.007283894252748,30.03172543218619,29.510285236081284,29.697677612304688,3443200
2020-12-10,29.58360372845862,29.81987910683604,29.44509447131402,29.534717559814453,2687300
2020-12-11,29.41250468471474,29.559160087568234,29.20881697053243,29.551013946533203,2340600
2020-12-14,29.803598638193275,29.978767152201762,29.322895334092447,29.339187622070312,3412600
2020-12-15,29.493986799158186,29.852476119995117,29.282149798823504,29.852476119995117,2593200
2020-12-16,29.9095054719775,30.068381652441523,29.688708047658377,29.86062240600586,2919300
2020-12-17,30.023568764916135,30.25170112538399,29.93394877862044,30.21096420288086,2124200
2020-12-18,30.235404568374754,30.251699958352965,29.473611404039584,29.68951988220215,4150700
2020-12-21,29.323082192857097,29.496398615166857,29.133262442982936,29.422121047973633,5463900
2020-12-22,29.446886079785223,29.628454208374023,29.32308905605848,29.628454208374023,1673100
2020-12-23,29.727486529939917,29.890895308302724,29.34784698486328,29.34784698486328,1965300
2020-12-24,29.46339019055966,29.636703491210938,29.446883712170656,29.636703491210938,1600000
2020-12-28,29.73573223108978,29.900793827933313,29.595431920160046,29.876035690307617,2955500
2020-12-29,30.008090903560028,30.131884767061315,29.644954681396488,29.644954681396484,2212200
2020-12-30,29.719236378651487,30.03285320991647,29.657341012464972,29.810020446777344,2365000
2020-12-31,29.818273394990012,30.214419455237543,29.587185831962184,30.173154830932617,4083800
2021-01-04,30.239176099608354,30.29694720042629,29.191038323171906,29.19929313659668,4967000
2021-01-05,29.215800183104637,29.44688459086859,29.141522602282087,29.16628074645996,4432400
2021-01-06,29.174537088535175,29.211677459044644,28.860923384379007,29.025981903076172,7383400
2021-01-07,29.092002110626225,29.215799123603993,28.898054926162505,29.11676025390625,3433700
2021-01-08,29.19103874009023,29.521162019440983,29.149774117243616,29.430377960205078,3419900
2021-01-11,29.27356314572374,29.405611791772017,28.848531664639854,28.93518829345703,4050000
2021-01-12,28.877418359595055,28.99296053596065,28.596814582012243,28.95994758605957,4372500
2021-01-13,28.94345132260839,29.405623339417232,28.94345132260839,29.356103897094727,3024400
2021-01-14,29.43863315818314,29.72749184935119,29.298332794010406,29.53767204284668,3792500
2021-01-15,29.47163798124422,30.046049501198045,29.40561522465645,29.991580963134766,4213000
2021-01-19,30.140140188040412,30.15664666649786,29.731615078157358,29.79351043701172,3317800
2021-01-20,29.867783999979437,30.531329862621416,29.719228862125608,30.412485122680664,4404200
2021-01-21,30.2886993422053,30.34564559849597,30.016347134156135,30.313457489013672,2669600
2021-01-22,30.164895025109914,30.46200530819904,30.140136884281986,30.387727737426758,2355200
2021-01-25,30.379481818591987,30.841650658990314,30.23092664895278,30.660085678100586,5784200
2021-01-26,30.701348631703677,31.056230056708717,30.635322716219513,30.973697662353516,3398900
2021-01-27,30.783873306178172,31.10574172564172,30.379475652904443,30.577547073364258,8415100
2021-01-28,30.635324384301317,31.02404363991427,30.37122700456253,30.660085678100586,11831200
2021-01-29,30.42899702828224,30.775626794552196,30.164899657928462,30.338212966918945,5590700
2021-02-01,30.52803261126878,31.03559341119019,30.14013826301538,31.02321434020996,3729300
2021-02-02,31.18001249910252,31.312061133389346,30.957179838439544,31.155254364013672,3017400
2021-02-03,31.114005565835757,31.138763713504783,30.610568907969707,31.03147315979004,3472200
2021-02-04,31.072735714122075,31.394604172875926,30.973696843514084,31.204784393310547,3040200
2021-02-05,31.295568181301707,31.369845766946437,31.1800259699186,31.312074661254883,2019400
2021-02-08,31.32858381214424,31.386354922761104,31.105751036212315,31.378103256225586,2590000
2021-02-09,31.444118802666615,31.617435242951743,31.34508308556703,31.518396377563477,1682200
2021-02-10,31.675202009321797,31.9434267235687,31.552229870179765,31.732973098754883,3329000
2021-02-11,31.77423329109469,31.86501731850958,31.510136019499264,31.67519760131836,2301000
2021-02-12,31.600927466573484,31.741227797674092,31.37891960264247,31.666950225830078,1826300
2021-02-16,31.716475260972782,31.749488220578936,31.171774020627677,31.328580856323242,3341300
2021-02-17,31.312076187583905,31.40698766486892,31.130511195826713,31.353343963623047,3277200
2021-02-18,31.22953391106752,31.386340690452766,31.213027437192025,31.336824417114258,2932100
2021-02-19,31.485392473594235,31.658705798083407,31.349216369371625,31.43587303161621,2448500
2021-02-22,31.386344129336642,31.732973822125018,31.26255028413876,31.617431640625,4293100
2021-02-23,31.807250663495743,31.931044505871675,31.613303513989706,31.732973098754883,5986100
2021-02-24,31.73297372197087,31.9929436295254,31.61743154083552,31.881528854370117,3779900
2021-02-25,31.88978799741093,32.10436908266542,31.147015309494524,31.36159324645996,6790200
2021-02-26,31.460631542976543,31.460631542976543,30.79791349500201,30.81689453125,8008400
2021-03-01,31.163518680131297,31.378099765657236,30.845777607084766,30.849905014038086,4505600
2021-03-02,30.866411952789583,30.882915284270293,30.41249162984251,30.660085678100586,7482600
2021-03-03,30.660082070285434,30.660082070285434,30.23504734987769,30.280439376831055,7743400
2021-03-04,30.379471545597262,30.63531402479197,29.76874459379149,30.057600021362305,11162900
2021-03-05,30.288689845216528,30.53628068053619,29.62019175639398,30.404232025146484,9431800
2021-03-08,30.47850640839484,30.93242341713672,30.2639253981102,30.552783966064453,5381500
2021-03-09,30.70959810615554,31.10987153242799,30.70959810615554,30.899417877197266,4163400
2021-03-10,30.932432221571844,31.394604172875926,30.849902977687368,31.204784393310547,4908400
2021-03-11,31.295562366610003,31.898037753949545,31.217160536760833,31.666950225830078,4092700
2021-03-12,31.633947400727568,32.2116584777832,31.61744092019894,32.2116584777832,3621600
2021-03-15,32.23641601393091,32.66557501276717,32.056497600949996,32.574790954589844,4585700
2021-03-16,32.624307242112835,32.73159777889412,32.426235795443105,32.574790954589844,3814700
2021-03-17,32.51702070401143,32.55828532745604,32.23641685698351,32.525272369384766,4914800
2021-03-18,32.3437088009701,32.409734726406434,32.07135972926872,32.31895065307617,4147000
2021-03-19,32.3271906232988,32.44190795119252,31.840263766683318,31.889780044555664,5718700
2021-03-22,31.908127092408286,32.34157122050495,31.80810250276271,32.241546630859375,4371700
2021-03-23,32.30822921746581,32.56662952344444,32.174862035608164,32.34157180786133,4453800
2021-03-24,32.32488569151297,32.533272016351965,32.09566264202387,32.19985580444336,10398000
2021-03-25,32.199869030648046,32.51244864629966,31.858115444724582,32.474937438964844,5725300
2021-03-26,32.624977008808095,33.28347885111608,32.54162371371378,33.266807556152344,4550900
2021-03-29,33.150107263024054,33.34182236002734,32.79168241827584,33.1917839050293,5335600
2021-03-30,33.14177432751765,33.191788212248504,32.96673050054624,33.050086975097656,4534600
2021-03-31,33.008401050081545,33.255131717559294,32.733332684188156,32.91671371459961,5083900
2021-04-01,33.075093606545174,33.44185256958008,32.90004977280518,33.44185256958008,6082700
2021-04-05,33.65022935544869,33.65022935544869,33.29180455299843,33.61688995361328,5235600
2021-04-06,33.54187619963967,33.70024871826172,33.408509031398964,33.70024871826172,4270100
2021-04-07,33.71692656004547,33.82028669195768,33.437689494141736,33.7419319152832,3063200
2021-04-08,33.783604615890866,33.92530903168847,33.54604422974355,33.575218200683594,4042700
2021-04-09,33.63355912292886,33.66690170553696,33.4751866251259,33.62522506713867,1887000
2021-04-12,33.700249934669095,33.82944848926828,33.41684429446259,33.82528305053711,2946900
2021-04-13,33.82528043558929,34.05867217546081,33.74192397154662,34.02532958984375,7557800
2021-04-14,34.0086553889357,34.183699178871244,33.77526366902163,33.81694030761719,3027900
2021-04-15,34.008662953065134,34.46711243903093,33.92530965733478,34.458778381347656,3786400
2021-04-16,34.60882129554261,34.63382665152343,34.41710614699845,34.50879669189453,3173700
2021-04-19,34.517117159369874,34.629644396700236,34.312899413247,34.61714172363281,3291600
2021-04-20,34.550460698046436,35.108934642022945,34.508784060092374,35.00057601928711,5042100
2021-04-21,35.058926232113954,35.22563279478951,34.95056442259575,35.15895080566406,4182600
2021-04-22,35.117280591555755,35.317329775265534,34.950570818647975,35.00891876220703,4074600
2021-04-23,35.10060349008973,35.30898987682289,34.992241678665785,35.20896530151367,3551700
2021-04-26,35.35066712939047,35.48403429201648,35.19229461743583,35.28398513793945,2893600
2021-04-27,35.400681007771716,35.400681007771716,35.19229461743583,35.28398513793945,3715200
2021-04-28,35.34233184027582,35.40901382940127,35.1339454572075,35.15895080566406,2246200
2021-04-29,35.3506732157812,35.49237763906358,35.17562938089519,35.4173583984375,4261900
2021-04-30,35.29232430884634,35.68409179696229,35.258981718427016,35.65074920654297,4592300
2021-05-03,35.73409854253025,35.73409854253025,35.40901627128114,35.45903015136719,5074000
2021-05-04,35.38401015626736,35.609067842203785,35.02558530604165,35.242305755615234,4892400
2021-05-05,35.19230019123521,35.20063424909006,34.57547497906892,34.72551345825195,5972400
2021-05-06,34.74218108013868,34.933896187773435,34.60047667379394,34.89221954345703,4116400
2021-05-07,34.85887239046063,35.33399306883161,34.85887239046063,35.31732177734375,3863600
2021-05-10,35.49236785478896,35.790775379656914,35.39650872607739,35.4756965637207,3873100
2021-05-11,35.10060990707769,35.19063108739621,34.73801638317312,35.05893325805664,5546200
2021-05-12,34.91722604744816,35.00891657580735,34.192042237272084,34.20871353149414,5443800
2021-05-13,34.275396385693384,34.84054150897248,34.26706232823609,34.64215850830078,10719300
2021-05-14,34.817197115640454,35.10060272258964,34.69216401444493,34.96723556518555,3828600
2021-05-17,34.933888108092354,35.07142386427826,34.858868893783985,34.98390197753906,3583400
2021-05-18,34.96724103581224,35.258147656833884,34.73801470766592,35.050594329833984,4545500
2021-05-19,34.78386151455163,34.91722869873047,34.45044514396678,34.91722869873047,7500900
2021-05-20,34.85886652957509,35.48402554650394,34.79634999193756,35.35065841674805,5260700
2021-05-21,35.43402147486963,35.48403535474877,35.233972314801214,35.292320251464844,4565100
2021-05-24,35.49237665932535,35.83829570070141,35.434025536249564,35.67575454711914,9873000
2021-05-25,35.7591039825289,35.90830616273699,35.517375019253336,35.77577209472656,4333800
2021-05-26,35.842467192229435,36.09253028088145,35.75077665112127,35.85913848876953,4738200
2021-05-27,35.97583547347889,35.99250677052347,35.762447322922995,35.81746292114258,4288000
2021-05-28,36.032517311234756,36.18422198096659,35.96750147845322,36.05918884277344,3534100
2021-06-01,36.24256599416549,36.67601013183594,36.07585622125771,36.67601013183594,5512300
2021-06-02,36.767690770734234,37.19279755650303,36.65932897054862,37.18446350097656,4599000
2021-06-03,37.04444308946687,37.142801518047726,36.87189850056466,37.109458923339844,3447300
2021-06-04,37.234475265675066,37.28448913944469,36.95940690925135,37.14278793334961,3061300
2021-06-07,37.19281240992705,37.63459384262701,37.19281240992705,37.492889404296875,5659700
2021-06-08,37.5678914159837,37.81628822825483,37.51371210897404,37.69292449951172,5577200
2021-06-09,37.82630204040303,37.89965191996166,37.70126892249058,37.73461151123047,2401800
2021-06-10,37.75127549683268,38.18471952736228,37.6554163676952,38.11803436279297,3818400
2021-06-11,38.15972174028936,38.15972174028936,37.734614825552555,37.87631607055664,4478100
2021-06-14,37.88465024014707,38.109707946095384,37.82630229931502,38.09303665161133,2746000
2021-06-15,38.09303360679203,38.09303360679203,37.70960340347963,37.742942810058594,2948300
2021-06-16,37.826301765458744,37.93049496972036,37.367852302652494,37.40119171142578,6093100
2021-06-17,37.31784235892167,37.56790543959964,37.2344858788793,37.54290008544922,4558600
2021-06-18,37.33450670521508,37.547058535376884,36.95107650756836,36.95107650756836,9034600
2021-06-21,37.114666878190114,37.777426329357034,36.972045568241185,37.685142517089844,4818200
2021-06-22,37.70192512835792,37.71031631222103,37.50896950339275,37.51736068725586,2428600
2021-06-23,37.50058560306808,37.6213937015192,37.352091715332456,37.3999137878418,5049300
2021-06-24,37.53414180773685,37.53414180773685,37.064334696224186,37.223731994628906,3267900
2021-06-25,37.299235684695,37.50058249877943,37.16500554207172,37.492191314697266,3278500
2021-06-28,37.56769765798648,37.56769765798648,37.20695353342089,37.50897216796875,3260700
2021-06-29,37.46701218881559,37.733795432102994,37.41667470130728,37.48379135131836,2851400
2021-06-30,37.46703004466739,37.68515286055925,37.148232205779706,37.190181732177734,6087600
2021-07-01,37.181789209874694,37.62642601107054,37.05175464355503,37.3411865234375,6332000
2021-07-02,37.467023184974046,37.64823371277003,37.33279304585484,37.51736068725586,3992900
2021-07-06,37.500582863316495,37.88649412707242,37.257289727353346,37.852935791015625,5002400
2021-07-07,37.82776802785912,38.18851213389267,37.634812399099154,38.04589080810547,4634400
2021-07-08,37.81099370705574,38.11301236480386,37.72710105781434,38.0123405456543,5252900
2021-07-09,38.19689969597725,38.54086463045662,38.04589038812787,38.51569747924805,4090400
2021-07-12,38.498924041545614,38.8932265374259,38.46536570140698,38.851280212402344,3406600
2021-07-13,38.717047147953735,38.79255180745228,38.22207286908539,38.3479118347168,4764500
2021-07-14,38.381468315096804,38.79674232209444,38.26401733940447,38.68348693847656,3942900
2021-07-15,38.64993037480539,38.800939693419934,38.60378846076766,38.74221420288086,4138400
2021-07-16,38.8680449892009,39.048413799979684,38.7422028604315,38.784149169921875,4107200
2021-07-19,38.43180286110207,38.52408347754413,37.8613239942483,38.180118560791016,8124900
2021-07-20,38.37307919600573,38.99389239209863,38.31435050959795,38.8680534362793,4986200
2021-07-21,38.935158882267764,38.98549637440137,38.68767341328205,38.75059127807617,4280500
2021-07-22,38.61636919168676,38.61636919168676,38.27240425803305,38.473751068115234,4127600
2021-07-23,38.59959683862406,38.85966918083175,38.49053703086237,38.82611083984375,4995800
2021-07-26,38.73382700227652,38.84205153185798,38.49053703086237,38.82611083984375,3699600
2021-07-27,38.80932001571475,39.17006407226294,38.670897501228865,39.13650894165039,3937400
2021-07-28,39.161679802195856,39.17845896924208,38.77576856102939,38.901607513427734,6457100
2021-07-29,39.00227509974906,39.21200984749921,38.7422028604315,38.784149169921875,7659100
2021-07-30,38.86804971812103,39.37141189384414,38.81771222042925,38.909996032714844,4998700
2021-08-02,39.111341318259235,39.33785526724302,38.87643938611255,38.92677688598633,6819300
2021-08-03,39.0358365115592,39.14909508574486,38.83281275660683,39.08617401123047,6669700
2021-08-04,39.09456492003519,39.262353397863905,38.77577033248957,38.96033477783203,4374600
2021-08-05,39.17007312243358,39.287527307760094,38.93517115237919,39.270748138427734,5469000
2021-08-06,39.30430799721906,39.43853816769958,39.1214204700405,39.203636169433594,3452600
2021-08-09,39.203630851019874,39.203630851019874,38.93517054647849,39.0274543762207,3556200
2021-08-10,39.07778202062639,39.09455798516429,38.582807858998194,38.607975006103516,6752900
2021-08-11,38.79255135308772,38.90161114863105,38.63315085140269,38.817718505859375,4074400
2021-08-12,38.901612565566204,38.9603380577052,38.683489766235546,38.95195007324219,3733000
2021-08-13,39.07778692409057,39.22879302596912,38.91419084648264,39.21201705932617,4763300
2021-08-16,39.15328846856723,39.41336075633929,39.09456298427981,39.253963470458984,4879200
2021-08-17,39.11973678282306,39.3420551644056,38.985506635435534,39.329471588134766,4916800
2021-08-18,39.2371861537923,39.253965321565516,38.86805406367859,38.91838836669922,5431500
2021-08-19,38.80093442553169,39.304296619040706,38.69187144349519,39.24557113647461,5385100
2021-08-20,39.228802228134995,39.628977292806816,38.95195390940012,39.43014907836914,4420700
2021-08-23,39.54759312931944,39.564372297250685,39.19524020366039,39.27913284301758,4653700
2021-08-24,39.37979567648128,39.37979567648128,38.884821536350316,38.985496520996094,4291800
2021-08-25,38.98551489884567,39.1407166394816,38.80933519281325,38.943565368652344,4543600
2021-08-26,38.98550628012431,39.09037368182441,38.82191338949609,38.968727111816406,2861300
2021-08-27,39.12812847635925,39.39658879658509,39.04423582640098,39.28752899169922,2530500
2021-08-30,39.3210841760083,39.778307759606946,39.23719152595506,39.765724182128906,6169800
2021-08-31,39.63148591580431,40.05095548087282,39.53081091597273,40.00061798095703,4855300
2021-09-01,40.05934843083018,40.73049917809315,40.050960446620294,40.68855285644531,9196200
2021-09-02,40.755676516418696,40.88151550292969,40.386541141933705,40.88151550292969,6576100
2021-09-03,40.755676516418696,40.94443659633506,40.39912472055483,40.88151550292969,5537900
2021-09-07,40.73049686012207,40.77244317938273,40.04592409696261,40.4284782409668,7162300
2021-09-08,40.27746955535724,40.79761416320438,40.193576915536255,40.67177200317383,6704200
2021-09-09,40.44525918002741,40.487205501125125,39.799275594165415,39.80766677856445,4573200
2021-09-10,39.8496140031068,39.866393171986125,39.28752624699609,39.30430221557617,6203600
2021-09-13,39.70698659007699,39.85380028309226,39.355469004745004,39.52241897583008,5495200
2021-09-14,39.706993453707774,39.75732775698594,39.23718635455097,39.43852996826172,5234500
2021-09-15,39.5224212960453,39.799269533369916,39.28751937343064,39.589534759521484,4885700
2021-09-16,39.58953060912095,39.83198521118649,39.30429121857844,39.665035247802734,4685700
2021-09-17,39.44692355090079,39.70699586808142,39.23970417555537,39.30430221557617,8711800
2021-09-20,38.86645448314194,39.32623948272479,38.57118207476976,39.03518295288086,13017800
2021-09-21,39.19547637636811,39.50762519682933,39.02674789308089,39.04362106323242,6982600
2021-09-22,39.31357279074902,39.591975181973424,39.10266305857069,39.37262725830078,6432400
2021-09-23,39.46543390357877,39.58354285618432,39.119542020279255,39.17859649658203,4571500
2021-09-24,39.102668219750555,39.246088530040026,38.62179422437135,38.731468200683594,5211600
2021-09-27,38.69772714639139,38.925510104473744,38.05234370760536,38.090309143066406,6701100
2021-09-28,37.85408774623668,38.03125441352834,37.56725030660728,37.862525939941406,12068800
2021-09-29,38.00593813590805,38.28434056405911,37.96375682752298,38.107173919677734,5975800
2021-09-30,38.284340421684234,38.296994492329944,37.499755859375,37.499755859375,6342800
2021-10-01,37.74440717992303,38.17466161861008,37.45756981472262,37.90469741821289,8294700
2021-10-04,37.82877900578841,38.09874327198448,37.66848872843072,37.9468879699707,10456400
2021-10-05,38.014372522024146,38.014372522024146,37.48287907855521,37.651607513427734,5480300
2021-10-06,37.508192221840076,38.04812071088896,37.07793771282539,38.01437759399414,8996300
2021-10-07,38.216846956875294,38.57117701870277,38.00593720190553,38.056556701660156,7269800
2021-10-08,38.0565539084966,38.107170186308785,37.584114933477146,37.64316940307617,5464400
2021-10-11,37.62629015591993,37.85913529454665,37.40694547832456,37.693782806396484,4151900
2021-10-12,37.75285017624441,38.36870634041816,37.676922527607765,38.19997787475586,5663300
2021-10-13,38.13248934907607,38.461508095113544,37.83974646775684,38.41932678222656,9279200
2021-10-14,38.655544617275474,39.005655628039825,38.562743798207535,38.95925521850586,4392500
2021-10-15,39.21234938389455,39.31358518615577,38.73991027629529,38.976131439208984,5210100
2021-10-18,38.83271126368043,39.203914570557956,38.74834863115089,39.04362106323242,4251300
2021-10-19,39.246091376847524,39.39794667253272,39.15329056079237,39.22078323364258,3509700
2021-10-20,39.29670788184221,39.828198157942275,39.23765018849245,39.81976318359375,5596400
2021-10-21,39.8028834387756,39.98004683486396,39.67212043950472,39.9463005065918,5528800
2021-10-22,40.06442142563972,40.321728384915176,39.99692875432127,40.23314666748047,5378000
2021-10-25,40.26688768152308,40.44827018893555,39.950523067540445,40.351253509521484,4933100
2021-10-26,40.401875479395734,40.67943474800268,40.35125919369379,40.53685760498047,9546200
2021-10-27,40.73933196398609,40.76464010656466,40.24158477783203,40.24158477783203,7158300
2021-10-28,40.23313675613885,40.832122802734375,40.21795316159203,40.832122802734375,6690300
2021-10-29,40.68027996860361,40.79838893214894,40.16565958324645,40.34282302856445,7925200
2021-11-01,40.44406195959511,40.51577373721828,39.773370342497834,40.43562698364258,6766900
2021-11-02,40.63808758212602,40.956984940283775,40.42717783992717,40.81525421142578,6617300
2021-11-03,40.865877703867966,41.135841964080626,40.629659780738855,41.05147933959961,4814500
2021-11-04,40.98398235058186,41.08521812499696,40.41874257212412,40.58747100830078,4620600
2021-11-05,40.98398168522357,41.21176136940283,40.6110921369673,40.68027114868164,5731400
2021-11-08,40.79838782135082,40.84900410821907,40.30064061837034,40.67184066772461,5791700
2021-11-09,40.75620287256635,40.89961996353191,40.66340206395215,40.823692321777344,4410400
2021-11-10,40.69715491832428,40.96711919487801,40.61700816745651,40.6212272644043,5063100
2021-11-11,40.671834557979665,40.671834557979665,40.334380896048565,40.63808822631836,4191900
2021-11-12,40.77307661671117,40.78994656558214,40.5031091613623,40.654964447021484,3902800
2021-11-15,40.67183788733942,40.882747650146484,40.50310943344825,40.882747650146484,3591500
2021-11-16,40.908056344175655,40.98398398256724,40.54950719618757,40.62965393066406,4936700
2021-11-17,40.54529320598029,40.95023955684586,40.03910785372769,40.899620056152344,15340000
2021-11-18,40.94180586322334,40.983990394217194,40.70558793715154,40.89118957519531,5484700
2021-11-19,40.93336995004581,40.99242443021063,40.57060487576032,40.67184066772461,5099600
2021-11-22,40.68027391785674,40.84899914455239,40.36812516836948,40.469364166259766,5416900
2021-11-23,40.59590948844629,41.01351312815587,40.40609199274377,40.899620056152344,9784700
2021-11-24,40.891181206141134,41.502818161635965,40.781507240813866,41.44798278808594,5086700
2021-11-26,40.89117505241413,40.99241081074348,40.26688090322518,40.32593536376953,6829200
2021-11-29,40.63808302960891,41.13583009416674,40.33352934450002,40.832122802734375,7173400
2021-11-30,40.646536307837046,40.747772109224776,39.9631874074566,39.98006057739258,11022100
2021-12-01,40.41031380780927,40.85744149688818,39.43169258948616,39.457000732421875,12299600
2021-12-02,39.72696485147206,40.78151371329896,39.634164036714864,40.53685760498047,10097200
2021-12-03,40.58747983309022,40.78151645050254,39.98849681174422,40.334388732910156,11826500
2021-12-06,40.629658854639125,41.25395320354332,40.612785686481956,40.91649627685547,8711100
2021-12-07,41.237074849040155,41.70529474727381,41.13583585282987,41.64202117919922,7763600
2021-12-08,41.64201993885936,41.92885731645678,41.49859964094702,41.819183349609375,6931400
2021-12-09,41.72640112696091,41.73483932259788,41.24974605679043,41.2877082824707,3572400
2021-12-10,41.45642632265444,41.53235397306409,41.23876791634088,41.49860763549805,3683700
2021-12-13,41.38049783131724,42.24522920906376,41.32144335089071,42.0554084777832,5105600
2021-12-14,41.962607197847746,42.05540478878674,41.27925841798949,41.59140396118164,8920600
2021-12-15,41.72638990783855,42.26631842719902,41.684208595681234,42.2072639465332,8196000
2021-12-16,42.300064851461585,42.64595676102954,42.10180914386267,42.367557525634766,7161500
2021-12-17,42.32537596737734,42.72610650740847,42.16508568230173,42.22414016723633,8626500
2021-12-20,41.73489667010021,42.11778628548994,41.496655685319936,41.94761276245117,9760200
2021-12-21,42.23690946828619,42.44962557418674,42.01143091535804,42.18585968017578,6024000
2021-12-22,42.313474002054605,42.628292830311324,42.26667621390695,42.60276794433594,4530000
2021-12-23,42.68785566948192,42.7048733431016,42.22839146490793,42.47513961791992,5264600
2021-12-27,42.5942669789034,43.34302520751953,42.509178603522265,43.34302520751953,5183100
2021-12-28,43.34301364284623,43.547222443484834,43.198368311976665,43.53020477294922,5592700
2021-12-29,43.615295703188615,43.92160732214971,43.411090121074025,43.79397964477539,4404700
2021-12-30,43.836521621752574,44.134322777460405,43.768450931425555,43.98967742919922,3665900
2021-12-31,44.0066893182549,44.38957554076198,43.95563630721921,44.08326721191406,3979100
2022-01-03,44.227933291702016,44.227933291702016,43.01119688036293,43.67487335205078,8441200
2022-01-04,43.79398222614479,43.981170146485134,43.46214570130707,43.50468826293945,7440700
2022-01-05,43.360036598411305,43.360036598411305,42.06672269216525,42.09225082397461,14980800
2022-01-06,42.126285243933204,42.26667861635616,41.5902431332463,42.14330291748047,9807100
2022-01-07,42.00715847344128,42.20200642451295,41.72637501650475,41.92207336425781,6141100
2022-01-10,41.564710243822915,41.675323486328125,41.054193078980205,41.675323486328125,6870600
2022-01-11,41.59024017068251,41.679580516099755,40.990379392580735,41.60725784301758,7442400
2022-01-12,41.55621718245467,41.990156595765626,41.55621718245467,41.71788024902344,4686800
2022-01-13,41.86252089765817,41.947606022611694,41.50175464476051,41.57322692871094,5481200
2022-01-14,41.33498918805913,41.38603896867477,40.61175258670371,41.08823776245117,5737300
2022-01-18,40.832973658805074,40.9435836658665,40.3990311068927,40.80744552612305,8948300
2022-01-19,41.0201619806209,41.266913375671045,40.279911041259766,40.279911041259766,7152500
2022-01-20,40.35649279905163,40.89338859768657,39.88000763684909,39.922550201416016,7586800
2022-01-21,40.11824875933327,40.38626981672864,39.79917468090524,39.89702224731445,10920600
2022-01-24,39.53965930868295,40.06293895943065,38.589243530459115,39.98210906982422,19972200
2022-01-25,39.50562623145035,40.16079207427862,39.13124714088681,39.871498107910156,10908900
2022-01-26,40.075699453596926,40.56069175080408,38.92277894035613,39.207820892333984,12858500
2022-01-27,39.50561819931181,39.748114324332725,38.348442569110695,38.5015983581543,8783800
2022-01-28,38.586688214982075,39.837459564208984,38.118713577870594,39.837459564208984,6455400
2022-01-31,39.624745222914186,40.33947127512852,39.49711429560154,40.279911041259766,4557200
2022-02-01,40.279909480877905,40.33946971243938,39.7438641510354,40.007633209228516,8057400
2022-02-02,40.22886044772499,40.78617873509826,40.194828344739584,40.69683837890625,6716600
2022-02-03,40.45859174286602,40.5947298839645,40.22885802117684,40.279911041259766,4484000
2022-02-04,39.99061767459022,40.245876287185055,39.429047428565845,39.72684860229492,5447900
2022-02-07,39.72685254604649,39.999128859282216,39.61624252527488,39.7353630065918,5403300
2022-02-08,39.624745936849486,39.74812163659747,39.292909414804946,39.377994537353516,4876000
2022-02-09,39.84597835303155,40.352240425054305,39.828960676842314,40.330970764160156,4927400
2022-02-10,39.6758034221475,40.17355826122136,38.95682204629212,39.18230056762695,8187100
2022-02-11,39.32694177562317,39.4205373507925,38.40800694209423,38.64624786376953,9040100
2022-02-14,38.68028513566765,38.875983509049554,38.0591546690757,38.22932815551758,6979200
2022-02-15,38.58668557343168,38.7483518294716,38.28037722439652,38.4165153503418,5395100
2022-02-16,38.47608460099849,38.61222275887091,38.110212693130784,38.51862716674805,5675200
2022-02-17,38.41652421544065,38.561169587603594,38.0974501048333,38.186790466308594,5008400
2022-02-18,38.06766602746665,38.45055232376529,37.89834293381934,38.0166130065918,6226000
2022-02-22,37.94854855603469,38.17828231908721,37.684782685922094,37.91451644897461,6832300
2022-02-23,38.246344520267215,38.45906055959485,37.369952231100704,37.42100524902344,5917600
2022-02-24,36.72330180856149,38.182534163238856,36.587163655025535,38.06766891479492,11608800
2022-02-25,38.2208229889071,39.050417633024175,38.04214226400425,39.02063751220703,6193400
2022-02-28,38.51861936666152,38.73984261123498,37.94003150142134,38.348445892333984,8591800
2022-03-01,38.53564255940658,38.74835862134309,38.05915741218459,38.271873474121094,9027900
2022-03-02,38.40800787867415,39.126989136562635,38.39269424521539,38.95256042480469,5481500
2022-03-03,39.1737889449212,39.52689837049757,38.85896685075488,39.377994537353516,5774900
2022-03-04,39.080193538210445,39.74386658528105,38.99510841527963,39.70983123779297,6193600
2022-03-07,39.633249848483075,39.752370298686074,38.98659133911133,38.98659133911133,7882200
2022-03-08,38.99510572122398,39.403520125496634,38.60370574373051,38.63774108886719,10469300
2022-03-09,39.3014109817693,39.658775585862415,39.18229052900123,39.284393310546875,6229300
2022-03-10,38.90151217578967,39.480100090160896,38.68879612626465,39.42053985595703,5638500
2022-03-11,39.61624272772832,39.88851904235548,39.01638184201587,39.029144287109375,4363500
2022-03-14,39.32695043638828,39.34396811251124,38.637749159462444,38.7909049987793,4846100
2022-03-15,39.241859112629214,39.40352540077748,38.748359525235095,39.09721374511719,4988500
2022-03-16,39.40351933017108,39.70897729610825,38.7143182111155,39.53114700317383,6868200
2022-03-17,39.41201807387603,40.109726256214294,39.3694755253507,40.092708587646484,4499700
2022-03-18,40.23736282736305,40.36499049095457,39.93105124148123,40.186309814453125,4727800
2022-03-21,40.17690282891938,40.407952498334886,39.78326410223296,39.98008346557617,3979300
2022-03-22,40.12556301660208,40.27959615122253,39.9458587810056,40.005760192871094,2853300
2022-03-23,39.894505005934214,40.048538108474546,39.50429064196264,39.55221176147461,3976800
2022-03-24,39.61211806155633,39.86028289794922,39.44096978596186,39.86028289794922,3758900
2022-03-25,40.01430720869224,40.3566037124347,39.87738926007153,40.3309326171875,4003200
2022-03-28,40.35660519643014,40.870046706542745,40.35660519643014,40.84437561035156,3705400
2022-03-29,41.15244717224384,42.10231702738446,41.15244717224384,42.042415618896484,5108100
2022-03-30,41.87982439025804,41.92261390977902,41.58031733990332,41.81136703491211,3881400
2022-03-31,42.01674074697438,42.11943167261096,41.3235949530279,41.349266052246094,5624200
2022-04-01,41.54608788897409,42.19645073230729,41.33215334447435,42.1707763671875,6746700
2022-04-04,42.15365922644161,42.29913640732807,41.670168353822426,42.042415618896484,5056000
2022-04-05,41.879821710214046,42.624316212393445,41.879821710214046,42.07664108276367,5239100
2022-04-06,41.89693245384417,42.75267046931181,41.71722825404752,42.70132827758789,6810900
2022-04-07,42.46171507687689,42.53873162097857,42.05096126312835,42.35047149658203,6015900
2022-04-08,42.35047912061693,42.641430199114176,42.14510054457935,42.50450897216797,5033700
2022-04-11,42.41038169569401,42.60720106828858,41.80280515968782,41.922611236572266,5041300
2022-04-12,41.837032923392975,42.1536550892374,41.61454246575728,41.794246673583984,6728900
2022-04-13,41.85415001494174,42.021018681993525,41.605985184419986,41.965396881103516,8415000
2022-04-14,42.05952487070153,42.256344223023326,41.70353754200008,41.72578430175781,5098900
2022-04-18,41.6487713789246,41.905495418080484,41.40060981312595,41.62310028076172,5247900
2022-04-19,41.854156565144066,42.60720711916769,41.84560061919958,42.4959602355957,5908900
2022-04-20,42.61574904145794,43.42014479959111,42.53873249577245,43.30033874511719,6241800
2022-04-21,43.47149594003822,43.61697311824111,42.992284680974265,43.0179557800293,6083100
2022-04-22,42.95804775963657,42.95804775963657,42.213556622211534,42.24778366088867,8511100
2022-04-25,42.196445339311545,42.31624814661865,41.36637836813853,42.050968170166016,8143800
2022-04-26,41.97395387596276,42.25634902073592,41.38349575195778,41.392051696777344,8830300
2022-04-27,41.47763157103367,41.811368946510704,41.101104674079345,41.14389419555664,13001300
2022-04-28,41.44339438343122,42.02101691933332,40.88716334033637,41.896934509277344,9532500
2022-04-29,41.60599102762939,41.64877728542927,39.78327098317323,39.87739944458008,11520500
2022-05-02,39.98864250470098,40.12556047520484,38.04440601779333,38.84195327758789,17231300
2022-05-03,39.03876709482821,39.586438898824134,38.69647384952148,39.31260299682617,13431300
2022-05-04,39.30404493759187,39.83460156110906,38.64084670990942,39.77470016479492,14707100
2022-05-05,39.55221095115754,39.86027714992675,38.47397925546529,38.75637435913086,13591600
2022-05-06,38.422644787887975,38.57667791823196,37.934874296592724,38.36274337768555,16154900
2022-05-09,38.01188236419845,38.01188236419845,36.45443938458795,36.57424545288086,18005000
2022-05-10,37.01923203135486,37.28451204090554,35.53024943421769,35.76129913330078,27771000
2022-05-11,35.86397877697332,36.51433820845123,35.6500442809846,35.70994567871094,25360800
2022-05-12,35.69283224079209,35.97522735595703,35.40188118170465,35.97522735595703,20802700
2022-05-13,36.377422959586156,36.8994236908147,36.043685643392585,36.87375259399414,8949200
2022-05-16,36.76250560286371,36.91653871200159,36.5357355434056,36.57424545288086,7445500
2022-05-17,37.01067031294028,37.053456562159845,36.44588333584986,36.9678840637207,7254800
2022-05-18,36.90798653278149,36.950772786488415,35.7698532507624,35.88965606689453,9546400
2022-05-19,35.64148949604783,36.24050349278293,35.590144040164205,35.82119369506836,8204600
2022-05-20,36.20627436624054,36.30896200770723,35.675714479169905,36.240501403808594,9859500
2022-05-23,36.52289536195898,36.796731240270965,36.035124999691924,36.711158752441406,8100200
2022-05-24,36.48011555270739,37.19893567616307,36.060802453865854,37.139034271240234,9706200
2022-05-25,36.976434746415585,37.472764307008006,36.84807601702111,37.34440231323242,7668000
2022-05-26,37.57546023179734,37.75174337906572,37.22460773771826,37.3016242980957,7131100
2022-05-27,37.50700053552206,38.37129453515821,37.50700053552206,38.35417938232422,4540800
2022-05-31,37.95197615578828,38.123124395864245,37.626798090463225,37.84073257446289,15462000
2022-06-01,37.98621671100737,38.011887811415235,37.01923166826585,37.429988861083984,9317800
2022-06-02,37.250279349383845,38.01188575450401,36.715443023947564,37.994773864746094,8401500
2022-06-03,37.65247429321291,37.917754264547014,37.429983835990015,37.51555633544922,6905100
2022-06-06,37.78083513959587,37.840736540243064,37.301620670036826,37.4043083190918,7605400
2022-06-07,37.22460021594188,37.86640366794088,36.96787948801851,37.84073257446289,4812800
2022-06-08,37.62680767984214,37.68670908947772,36.84808609019753,36.933658599853516,5418800
2022-06-09,36.80529164134865,37.08768676127745,36.07791561355035,36.08647155761719,5533800
2022-06-10,35.60726262954106,35.70995028684002,35.21362388957691,35.230735778808594,8566800
2022-06-13,34.31509073319109,34.452008675589184,33.390895438099285,33.53636932373047,13192800
2022-06-14,33.6476245216563,33.716085142034366,33.057166360614694,33.29677200317383,9800800
2022-06-15,33.63050348813102,34.53758696329481,33.519256631653036,34.058372497558594,9429200
2022-06-16,33.313879152510076,33.639060492396496,33.08282951083141,33.245418548583984,8398000
2022-06-17,33.39945215839648,33.921452846053086,33.1547116979087,33.44224166870117,14302000
2022-06-21,33.797652320566065,34.349731868504584,33.76314652615649,34.065067291259766,6031800
2022-06-22,33.74589236082409,35.09590272314742,33.71138985836474,34.61714553833008,5776400
2022-06-23,34.781033284830315,35.41506306872166,34.746527501474404,35.298606872558594,7414500
2022-06-24,35.548772104014525,36.08360192279053,35.453882836468686,36.066349029541016,6781800
2022-06-27,35.997334159109315,36.3768879038718,35.77305314871617,35.93695068359375,4743000
2022-06-28,36.11810161069799,36.38551649929629,35.3848718031886,35.445255279541016,3487300
2022-06-29,35.151966208678786,35.29861086856352,34.737906633491725,35.220977783203125,4473000
2022-06-30,35.06570244098994,35.678165311714395,34.789662744588696,35.24685287475586,4305200
2022-07-01,35.17784426399843,35.98008572746688,35.12608887322822,35.87657165527344,4894100
2022-07-05,35.52289889913415,35.72992706298828,34.862991279537425,35.72992706298828,4563400
2022-07-06,35.87656614828579,36.19573640810444,35.609151271293,35.70404052734375,5866400
2022-07-07,35.87657502881718,36.09223128571301,35.609160085631146,35.72992706298828,3019300
2022-07-08,35.59190629213619,35.803251787831776,35.38487813350584,35.5660285949707,3067500
2022-07-11,35.462514515655535,35.66954267428588,35.22098056703572,35.5660285949707,3716600
2022-07-12,35.367624980912545,35.734239947584044,35.091585244313784,35.34174728393555,3978300
2022-07-13,34.92768505979808,35.445258704444434,34.7120288260866,35.1519660949707,5314500
2022-07-14,34.53950365574315,34.9621880368619,34.4963730665386,34.806915283203125,4305800
2022-07-15,35.238231119569875,35.5789684009147,35.048455850827786,35.36762619018555,3126600
2022-07-18,35.617788763237336,35.62641356576726,34.89318359654887,35.02257537841797,4191200
2022-07-19,35.3589890252507,36.049088149064424,35.28997746754324,35.988704681396484,3414900
2022-07-20,35.89382825969481,36.31651268439499,35.69542489637485,35.80756378173828,3630300
2022-07-21,35.867947463201226,36.187117777435596,35.5660267524147,36.178489685058594,5243600
2022-07-22,36.3768886251724,36.670181208057535,36.178485303022555,36.454524993896484,3791600
2022-07-25,36.45453435424972,36.70469641666677,36.28632272726498,36.48041534423828,3131300
2022-07-26,36.51491690484633,36.78664258833026,36.41139953819738,36.54941940307617,3006400
2022-07-27,36.601180944335155,36.82546200828083,36.31651309980249,36.747825622558594,5156000
2022-07-28,37.13600703258261,38.153904835324816,36.98936235640699,38.10214614868164,5375700
2022-07-29,38.11077087941533,38.4213163905694,37.94687332215204,38.2487907409668,3523300
2022-08-01,38.07625408483886,38.16251853003063,37.75708386425958,37.90372848510742,4102700
2022-08-02,37.93823445076199,38.01587080649239,37.37753036217769,37.40340805053711,3477300
2022-08-03,37.63632166785079,37.920986146175935,37.55005721180337,37.558685302734375,3208100
2022-08-04,37.63633509637732,37.74416323691994,37.360295319840525,37.593204498291016,3236400
2022-08-05,37.31715636540112,37.74846886902211,37.179136495868526,37.713966369628906,3320200
2022-08-08,38.06763805169109,38.39543314694668,37.79159834481646,37.9900016784668,4055100
2022-08-09,38.12802595630266,38.29192352294922,37.903741611782884,38.29192352294922,2368400
2022-08-10,38.723229557897966,38.87850229642736,38.49032045010388,38.80949401855469,3617200
2022-08-11,39.007902586111854,39.0855389658136,38.50326447272398,38.62834548950195,2815500
2022-08-12,38.8698797978544,39.30895490491588,38.809496317144685,39.283939361572266,2392600
2022-08-15,39.2494314441631,39.56429096847051,39.15454218229915,39.45646286010742,3296500
2022-08-16,39.26667982743957,39.52115255444238,39.18904346670691,39.301185607910156,3279000
2022-08-17,38.938886760821774,39.422820031819654,38.913009067295,39.189048767089844,3331300
2022-08-18,39.25805785949661,39.318444630063944,38.69735364734032,38.921634674072266,1654800
2022-08-19,38.8353802039967,38.88713889170939,38.417006527616046,38.54208755493164,3202300
2022-08-22,38.24879031194141,38.27466800736297,37.705335673517546,37.73984146118164,3430400
2022-08-23,37.6449485407804,37.70533201801191,37.03248567705923,37.17050552368164,2800000
2022-08-24,37.23952558863169,37.6665274007616,37.1705172888045,37.463809967041016,3277100
2022-08-25,37.6363204485678,38.05037995222375,37.48104772336527,38.041751861572266,1713900
2022-08-26,38.067646553754294,38.067646553754294,37.05837347642647,37.075626373291016,2725600
2022-08-29,36.868604300038726,37.12739121457156,36.66157279401996,36.75646209716797,2492900
2022-08-30,36.82545752181198,36.885841004389,36.118105333921406,36.230247497558594,3539400
2022-08-31,36.428647520492085,36.627050843836244,36.01458798168872,36.10084915161133,4646700
2022-09-01,35.82481272255314,36.23887229907545,35.57465399072819,36.230247497558594,5343200
2022-09-02,36.53216209953426,36.61411251557739,35.52720662216821,35.609153747558594,3911300
2022-09-06,35.70404754874243,36.16123773709319,35.591905379478845,35.98008728027344,6399500
2022-09-07,35.98871388113374,36.730571862868025,35.967146941173986,36.67018508911133,4618500
2022-09-08,36.45452712918774,36.877214781589124,36.35101306170994,36.77370071411133,4505200
2022-09-09,36.91172791606498,37.26109002001203,36.67881874988244,37.127384185791016,2909100
2022-09-12,37.26540158367815,37.50262149017796,37.18776520012379,37.43792724609375,2802400
2022-09-13,36.71332637994783,36.84875652339542,35.88520376186352,36.01459884643555,4139500
2022-09-14,35.88519968469891,35.96283606849059,35.3244953934509,35.57465744018555,4143900
2022-09-15,35.53152403137415,35.610888009219885,34.755163473733916,34.79829406738281,6227200
2022-09-16,34.53087556351042,34.83279626924827,34.38854494820073,34.806915283203125,6045400
2022-09-19,34.48832150285758,34.740760803222656,34.18365567180215,34.740760803222656,4129400
2022-09-20,34.418688240722034,34.43609819278324,33.66137026879908,33.82676315307617,6259200
2022-09-21,34.09661112139298,34.30988055627653,33.31318315604185,33.33059310913086,9215800
2022-09-22,33.21742517886347,33.23483512938665,32.882292762965825,33.017215728759766,6380200
2022-09-23,32.67772924752106,32.86052874291975,32.22072718841587,32.608089447021484,7329900
2022-09-26,32.416586625778386,32.44269989065257,31.385069495338342,31.72890853881836,10027200
2022-09-27,32.02488011592154,32.255556209237476,31.25189537897133,31.31108856201172,10794400
2022-09-28,31.54610614218493,32.03357141824918,31.267550286509167,31.90300178527832,7304200
2022-09-29,31.624448736353962,31.624448736353962,30.832311034404476,31.015113830566406,7684000
2022-09-30,31.154392960237526,31.57222179446583,31.093459796117255,31.345895767211914,7700800
2022-10-03,31.842074579200634,32.120627166348505,31.3284926240326,31.929121017456055,11620000
2022-10-04,32.28601469337908,32.72995681348907,32.19026162496494,32.43399429321289,8889900
2022-10-05,32.00746066491141,32.05969051455906,31.319782587288586,31.833364486694336,7074300
2022-10-06,31.728907088958586,31.84207009925645,30.74526653614119,30.788789749145508,8933000
2022-10-07,30.49282541496266,30.693034839208448,29.88784382500462,30.057586669921875,6487600
2022-10-10,30.135934173892377,30.39707679489772,29.67458209942932,29.71810531616211,7805100
2022-10-11,29.6310593145808,30.23168768370834,29.343800102861998,29.996658325195312,8847600
2022-10-12,29.94442953653839,29.97054280086955,29.44825759059613,29.596237182617188,8899300
2022-10-13,28.978194282821594,30.30132036764272,28.83456471071291,30.153337478637695,14575700
2022-10-14,30.52764673715944,30.597286533510044,29.33509344982547,29.396026611328125,9011700
2022-10-17,29.927018066179436,30.610342786527916,29.874788219562557,30.492826461791992,7687600
2022-10-18,31.058640967294977,31.306726949940625,30.605992217788994,30.893251419067383,7743400
2022-10-19,30.614694594122714,30.701744343633095,29.944429786239027,30.11852264404297,7615200
2022-10-20,30.127223383516338,30.431889145659728,29.879137457025926,29.970537185668945,7603500
2022-10-21,30.031475215139256,30.188161438432125,29.56141654526065,30.179454803466797,9826900
2022-10-24,30.46671415313174,30.592933795953424,29.92701900361802,30.16204833984375,6076300
2022-10-25,30.205574511819993,31.38942462331535,30.188164560696986,31.354604721069336,7176700
2022-10-26,31.37200803542666,31.58962739751379,31.09345551760377,31.293664932250977,8945000
2022-10-27,31.45036488178414,31.676687656185795,31.17616224054419,31.31108856201172,8435500
2022-10-28,31.224029084500064,32.13802985653629,31.041229594214492,32.05098342895508,5460300
2022-10-31,31.755017808320186,32.18155323104695,31.61574154550068,31.972637176513672,7154700
2022-11-01,32.29471576830066,32.46881194237674,31.829010411996933,31.92041015625,6000900
2022-11-02,31.746317845169326,32.16414667772555,31.02817319021617,31.084753036499023,13999400
2022-11-03,30.841018161378617,31.319780123354967,30.492825832336827,31.067340850830078,10969400
2022-11-04,31.345890625791274,31.65491303392549,30.867128705970266,31.50257682800293,7524100
2022-11-07,31.702790159276667,31.82465980321264,31.302371291026123,31.493877410888672,6479800
2022-11-08,31.580930754724726,32.00746630042572,31.48082767603556,31.68539047241211,6225500
2022-11-09,31.59659706673867,31.98134934513999,31.276261274759037,31.337194442749023,7752900
2022-11-10,32.50798107745768,33.82675386849319,32.37305481616933,33.73970413208008,11979200
2022-11-11,33.84415632245093,34.122708776083684,33.630887005914,33.7222900390625,7291400
2022-11-14,33.530790571909655,33.574313778729724,32.82570266723633,32.82570266723633,6304100
2022-11-15,33.304473062889336,33.44374935253841,32.86053092732312,33.23483657836914,9588700
2022-11-16,33.19130391001374,33.34799010633227,32.91275141002695,32.99979782104492,7771200
2022-11-17,32.5401888227815,32.80829471522967,32.429639140203044,32.70383834838867,4402600
2022-11-18,33.13908353528165,33.2522465584096,32.79089115055349,33.121673583984375,5865600
2022-11-21,33.0676979188774,33.40022029280836,32.930164972837666,33.35669708251953,4836700
2022-11-22,33.487266710060375,33.53949322897975,33.268777360374656,33.5220832824707,5547200
2022-11-23,33.469865361546105,33.71359803406913,33.26965590617239,33.57432174682617,3604500
2022-11-25,33.67877544097554,33.80934840259855,33.58302569914147,33.77452850341797,2254100
2022-11-28,33.574313778729724,33.72229666664736,32.751712883581426,32.82570266723633,7298200
2022-11-29,32.89360208244476,33.41763057155914,32.77347908345411,33.374107360839844,4954300
2022-11-30,33.28706928208554,34.18366026592499,33.08685648550316,34.15754699707031,8120200
2022-12-01,34.497023735834695,34.67982321113891,33.809345724233424,34.08789825439453,9814100
2022-12-02,33.670072761535415,34.09660491241313,33.50468321822077,33.92251205444336,5460800
2022-12-05,33.609138355976,33.79193784245872,33.278355960953725,33.34799575805664,7165500
2022-12-06,33.41763394305052,33.47856710832667,32.93887193561994,33.095558166503906,5249500
2022-12-07,32.99110260034989,33.517741153581994,32.93887274856336,33.16519546508789,6159800
2022-12-08,33.278354962135666,33.67442382490223,33.18260190429724,33.40892791748047,4461000
2022-12-09,33.31316973069671,33.70053189914371,33.217416687600554,33.33928298950195,6077000
2022-12-12,33.37410339101245,33.635245944873596,33.06073099813598,33.617835998535156,4945000
2022-12-13,34.66241575302528,34.81910197757302,33.939921113706966,34.357749938964844,10763800
2022-12-14,34.31422194736697,34.74075738954103,33.892043143133684,34.0269660949707,10786500
2022-12-15,33.59173069040593,33.939923058375506,33.42634114195507,33.63525390625,6033200
2022-12-16,33.18259743041863,33.20000737682451,32.31560335129577,32.64290237426758,8016200
2022-12-19,32.573365978980014,32.617383369451446,32.06275484623886,32.25643539428711,4543900
2022-12-20,32.097962705008385,32.3796779690786,31.79863981714493,32.18600082397461,4333900
2022-12-21,32.47476662641966,32.84627985769898,32.362078477487884,32.511741638183594,4082400
2022-12-22,32.22121217259963,32.42369816366894,31.776632272945655,32.353267669677734,4206200
2022-12-23,32.247628032083526,32.661395465416035,32.111169777937256,32.64379119873047,3935100
2022-12-27,32.6613879787151,32.73886083927968,32.32685325539462,32.61737060546875,4259700
2022-12-28,32.696607177649824,32.87268005025424,32.06714892494878,32.09796142578125,4730900
2022-12-29,32.32773623827718,32.89468959775608,32.23881824763074,32.81105422973633,4143200
2022-12-30,32.608581914225816,32.731831953438935,32.159595790450375,32.511741638183594,5087800
2023-01-03,32.77583686183083,33.066357579309845,32.23001402820681,32.634979248046875,7060300
2023-01-04,32.925504547388535,33.68261222789122,32.81105667079068,33.3832893371582,7586900
2023-01-05,33.11918004699869,33.11918004699869,32.35326691345612,32.406089782714844,6581100
2023-01-06,32.67019748869384,33.46252037956102,32.423697481532145,33.34807586669922,6329600
2023-01-09,33.50654009169865,33.72663033659294,33.21601935644909,33.330467224121094,3965600
2023-01-10,33.27763642234455,33.44490711790255,32.987119114670364,33.42729949951172,5196700
2023-01-11,33.63859327394403,34.65100977539262,33.63859327394403,34.64220428466797,4733100
2023-01-12,34.721435548429305,35.09999103529118,34.386900796843456,35.029563903808594,5102300
2023-01-13,34.63340687969283,34.96794504836864,34.55417424390938,34.82708740234375,3796000
2023-01-17,34.84469721611239,35.060384765502484,34.74785694870542,34.83589172363281,5463200
2023-01-18,35.02076207630402,35.05597732488382,34.2495662672853,34.298866271972656,7466700
2023-01-19,34.149210867507094,34.56297833711421,34.105193480312046,34.1316032409668,7253700
2023-01-20,34.15800241122015,34.56296762115675,33.700214338039956,34.52775573730469,4262500
2023-01-23,34.554165158440384,34.852608120030915,34.28125207176418,34.624595642089844,7002200
2023-01-24,34.59818859294918,34.90631697543225,33.929115672613484,34.774261474609375,7089700
2023-01-25,34.55417702105146,34.87110758965718,34.466142244577185,34.80948257446289,8163100
2023-01-26,35.00315289433049,35.20563888549805,34.818277884980084,35.20563888549805,4497400
2023-01-27,35.09999483939803,35.67223087689902,35.09119270637521,35.52256774902344,3519900
2023-01-30,35.24085009759912,35.650218100907324,35.0647805825377,35.091190338134766,3806400
2023-01-31,35.082380037118874,35.782268689273394,35.003147422880815,35.733848571777344,4274800
2023-02-01,35.58419595257498,36.244466812877384,35.205643748981295,35.99796676635742,7921000
2023-02-02,36.3677086198091,37.16003138501509,36.30608362779231,36.825496673583984,7014400
2023-02-03,36.29729112276795,36.32370088356242,35.575395222353855,36.059593200683594,7467200
2023-02-06,35.548977048419175,35.8694270456994,35.38170631414404,35.830692291259766,5384400
2023-02-07,35.55865898303695,35.879112337953345,35.22324099612647,35.68983459472656,7056600
2023-02-08,35.54898112258336,35.75146376668657,35.42132836380529,35.59299850463867,4347800
2023-02-09,35.84829857073557,35.96274307501357,35.15281262176708,35.24965286254883,3476900
2023-02-10,35.06478904577549,35.41693151920218,34.87551124892071,35.320091247558594,4253400
2023-02-13,35.45213631682072,35.703039056474886,35.40811894041501,35.645816802978516,2943000
2023-02-14,35.52081376500053,35.76907694295857,35.086795661114664,35.27607345581055,4544900
2023-02-15,35.06478828325888,35.38611824129422,34.96794801372116,35.3729133605957,3873000
2023-02-16,34.80066918324611,35.34913505230337,34.56297131074125,35.04717254638672,4807200
2023-02-17,34.89751113597116,34.985549255078006,34.545368734476334,34.87110137939453,7192500
2023-02-21,34.68622320367035,34.68622320367035,34.030351869799496,34.184417724609375,4220800
2023-02-22,34.2900716777719,34.31648144085756,33.71783551663025,33.87630081176758,7049600
2023-02-23,34.07878015515977,34.27246068761982,33.867495354577315,34.202030181884766,9331700
2023-02-24,33.779445739501,33.885091462190616,33.404413163052475,33.56816101074219,8159000
2023-02-27,34.043559835054666,34.13159795411939,33.47132717353281,33.62098693847656,4816100
2023-02-28,33.64740107238327,34.05236635741304,33.51534556894223,33.63859558105469,4202100
2023-03-01,33.427314827028994,33.46252672164664,32.90349885422188,33.11918640136719,7279000
2023-03-02,32.881487460624285,33.60338333169802,32.8374700749854,33.55056381225586,5067200
2023-03-03,33.805861978404856,34.18881684409289,33.70902173613093,34.11398696899414,4420200
2023-03-06,34.29886794449823,34.29886794449823,33.92031239958303,33.981937408447266,4248500
2023-03-07,33.98193874697323,34.043563758264824,33.101577604737535,33.12799072265625,5385900
2023-03-08,33.14559136433204,33.79705659166076,33.11917825197888,33.594573974609375,4473000
2023-03-09,33.67380863600792,33.709023882406164,32.75823237951796,32.82866287231445,5683500
2023-03-10,32.79345501742608,32.87268766052548,31.648986118010427,31.781038284301758,11736200
2023-03-13,31.578555088610415,32.76704471550321,31.53013495427526,32.291648864746094,16936000
2023-03-14,32.793453785191375,32.93431143892954,32.243228050540516,32.62618637084961,7719000
2023-03-15,32.08916276542475,32.75383633622622,32.08916276542475,32.64379119873047,14961500
2023-03-16,32.406093298742306,32.793450973735375,32.062749648774236,32.64379119873047,8068700
2023-03-17,32.520538607003324,32.538146232424054,31.87787539154705,31.895483016967773,8692500
2023-03-20,31.971729594368224,32.3556373995916,31.80326851706472,32.23771667480469,4962800
2023-03-21,32.45937604938409,32.485973745149884,31.709289912460935,32.05152893066406,4952600
2023-03-22,31.820997110009582,31.847594799771176,30.858122859901655,30.881175994873047,8042000
2023-03-23,30.978714048080633,31.408728238457286,30.59746456272876,30.69499397277832,7494000
2023-03-24,30.508797919183696,31.492953236287928,30.44673437506086,31.484085083007812,8241100
2023-03-27,31.679142296152154,31.776671684135255,31.333358744000673,31.377689361572266,5108800
2023-03-28,31.129433641671657,31.448619483770337,31.031904258562708,31.27129364013672,5117800
2023-03-29,31.58160795936458,32.033788981482786,31.58160795936458,32.016056060791016,4108600
2023-03-30,32.36184951489317,32.51789452989576,32.29978596448249,32.43278121948242,4383800
2023-03-31,32.57463834237167,33.1598113242246,32.54360656993286,33.1420783996582,6971500
2023-04-03,33.062281224026634,33.29723655064622,32.65000003774019,32.831756591796875,6452000
2023-04-04,32.84949053420332,32.9957846266288,32.632268125038244,32.84062576293945,5639900
2023-04-05,32.77856246622339,33.009083725138495,32.64556722078918,32.67216491699219,4476400
2023-04-06,32.787427548278686,32.89825579312098,32.49484274064404,32.893821716308594,4053400
2023-04-10,32.698766057219345,33.071147333603754,32.54803788662832,33.06228256225586,3814600
2023-04-11,33.1420815746693,33.48786518131625,32.99135339251995,33.22187805175781,9963400
2023-04-12,33.55879252991831,33.58539360964879,33.06671483252633,33.12434768676758,6764800
2023-04-13,33.16866908960187,33.17044136702131,32.706737156175365,33.0179443359375,4650800
2023-04-14,33.071154728702766,33.195281848587186,32.21999443617215,32.45051574707031,4853400
2023-04-17,32.46824077209202,33.18640899658203,32.46824077209202,33.18640899658203,4601000
2023-04-18,33.24846388761659,33.24846388761659,32.94878329041177,33.133201599121094,3479300
2023-04-19,32.92042282878784,33.41693120157715,32.85835928218918,33.328269958496094,5605700
2023-04-20,33.124341909111735,33.1509396019932,32.7909710804552,32.929283142089844,4243600
2023-04-21,33.00907899729382,33.1066083790153,32.69876131200648,32.96474838256836,3252700
2023-04-24,33.02681195539232,33.13320610729047,32.62339558187279,32.8760871887207,3709700
2023-04-25,32.68989730315257,32.840625470974736,32.55690544211958,32.57463836669922,3664000
2023-04-26,32.49484116856816,32.81402365721607,32.219985917061095,32.30864715576172,4446300
2023-04-27,32.39731524030158,33.16424484546261,32.39731524030158,33.08888244628906,4278800
2023-04-28,33.08888147643533,33.58539324543294,33.02681792808684,33.470130920410156,5256200
2023-05-01,33.363732658146894,33.541058509774125,33.11990918938328,33.15980911254883,4381900
2023-05-02,33.08887696621251,33.15094050610134,32.38844172208508,32.59236526489258,6376400
2023-05-03,32.654433468508394,33.017949951641675,32.36184529851339,32.38844299316406,6140700
2023-05-04,32.37957792114693,32.8938191787963,32.26431560838388,32.68989562988281,4887800
2023-05-05,32.902689548253214,33.26620605249355,32.840626002325074,33.195274353027344,3265600
2023-05-08,33.0888754566833,33.23960360540079,32.84948607851487,32.96474838256836,3358700
2023-05-09,32.85835647583008,32.97804948198775,32.49483999870949,32.85835647583008,2995000
2023-05-10,33.150937732639456,33.31053064534729,32.84062005915697,33.168670654296875,3770000
2023-05-11,32.96473975055985,32.991337435988555,32.61452223617972,32.822879791259766,3419800
2023-05-12,32.94701990529407,32.94701990529407,32.61453517668217,32.88495635986328,2950200
2023-05-15,32.92040914744262,33.01350442865128,32.70938979449477,32.822879791259766,3003600
2023-05-16,32.796296726693036,32.796296726693036,31.945133209228516,31.945133209228516,3240300
2023-05-17,32.16678813403498,32.419476392535394,31.87420333155482,32.361846923828125,3220400
2023-05-18,32.237724949631016,32.330820282569164,31.900806090752415,32.157928466796875,4111000
2023-05-19,32.34411429674332,32.4771095423188,31.962864867117162,32.1047248840332,4578700
2023-05-22,32.166784360808606,32.52143604933853,31.96995331629424,32.31751251220703,3943200
2023-05-23,32.25545212397992,32.50370630086884,31.883067476437038,31.918533325195312,3152000
2023-05-24,31.816563671810304,31.8298658991664,31.164896584132634,31.21809196472168,3991400
2023-05-25,31.37768940298481,31.541716408646447,31.067371697364774,31.28902816772461,5230700
2023-05-26,31.368820235195983,31.72790258453731,31.23582501873905,31.65254020690918,4403100
2023-05-30,31.891938225664635,32.18452304621241,31.688014652019877,31.750078201293945,4540300
2023-05-31,31.767804144081822,32.01605828660814,31.572745385120264,31.953994750976562,6945100
2023-06-01,31.927399978618546,32.14019170150422,31.634815164636652,31.962865829467773,5485000
2023-06-02,32.3441115143017,32.765260834254455,32.19338673901139,32.63669967651367,4350000
2023-06-05,32.707629839454164,32.84062508111788,32.406176889597965,32.4859733581543,3970500
2023-06-06,32.663297350083354,32.747527890463225,32.37070918805388,32.6810302734375,3260600
2023-06-07,32.8211249401577,33.36373965713088,32.61897362982828,33.28394317626953,4415600
2023-06-08,33.133212484927576,33.16867833645663,32.71206649020178,33.08001708984375,4027000
2023-06-09,33.10660353470576,33.177531831446124,32.729788291363,32.91154479980469,4261700
2023-06-12,32.893821716308594,32.93815572001321,32.60567098548633,32.893821716308594,3819100
2023-06-13,32.89381225326522,33.168667438997964,32.77855334697837,33.133201599121094,4358200
2023-06-14,33.23961472944678,33.51092210572551,33.009090044191886,33.310543060302734,7845400
2023-06-15,33.177541133149084,33.52332809165775,32.94701987635287,33.452396392822266,4383300
2023-06-16,33.46126515602858,33.744985192121504,33.37260053086853,33.41693115234375,6076400
2023-06-20,33.23700691771361,33.30861732834077,32.83418768688846,33.05797576904297,4026500
2023-06-21,32.87894223542399,33.03559319862209,32.64620414934895,32.91474914550781,4543300
2023-06-22,32.94161300239763,32.968469900792016,32.24787182824622,32.44927978515625,5103500
2023-06-23,32.34185404049892,32.57011542181535,32.082259050066625,32.100162506103516,5414100
2023-06-26,32.09121702614933,32.843145292426826,32.05541351993492,32.81629180908203,2988900
2023-06-27,32.905790922615346,33.25042640623938,32.7178097941301,33.174339294433594,4012700
2023-06-28,33.174344932503075,33.31398710461486,32.952346182238216,33.263858795166016,3963100
2023-06-29,33.12958448079298,33.56821060180664,32.97741023180424,33.56821060180664,3727400
2023-06-30,33.84570961375445,33.93522347765269,33.317569621390774,33.73828887939453,6437000
2023-07-03,33.60402050614489,34.19034421083846,33.54136011395177,34.006839752197266,3628200
2023-07-05,33.90837299961064,34.39981146339795,33.71143838393951,34.176918029785156,6300600
2023-07-06,33.79199896660588,34.03369049481073,33.35337284177449,33.98893356323242,5046400
2023-07-07,33.765144180703935,34.042639194565155,33.6872643226963,33.82780456542969,4617200
2023-07-10,33.73829108798317,33.97103261293045,33.653253936133616,33.944175720214844,4345300
2023-07-11,34.01578061242456,34.35593937467442,33.90836331398462,34.32908248901367,4772800
2023-07-12,34.70505718371241,34.794571053242464,34.472315659357875,34.49021911621094,7247700
2023-07-13,34.48127366304706,34.74086869970333,34.25748554484043,34.722965240478516,4708100
2023-07-14,34.6424013813347,34.746240078944346,34.43651672235288,34.722965240478516,3901500
2023-07-17,34.606582384558585,34.740856574512705,34.405174514361896,34.42755126953125,4556400
2023-07-18,34.51707136572546,34.5349748201702,33.850180492914305,34.14110565185547,6513800
2023-07-19,34.39175039215939,34.749812684979325,34.35594689466548,34.51707458496094,6610700
2023-07-20,34.34699687119406,34.40965726645182,33.908374104389694,34.40070724487305,6665000
2023-07-21,34.517072023961354,34.66029624751577,34.39174784045826,34.55287551879883,4801800
2023-07-24,34.65134888531146,34.90199388150768,34.56183501042845,34.884090423583984,5157000
2023-07-25,34.83037343548797,35.00045113136193,34.61553539593711,34.624488830566406,4383300
2023-07-26,34.552874681993224,34.82142308254699,34.543924662184324,34.74980926513672,5117900
2023-07-27,35.00045131820738,35.089968591304284,34.00683519734287,34.015785217285156,7511200
2023-07-28,34.40965720577733,34.51707795294589,33.88151715043926,33.91732406616211,5870000
2023-07-31,34.01579338663921,34.34252553612613,33.921802788365454,34.18587112426758,4940900
2023-08-01,34.09634980243812,34.261954200243125,33.97997905223095,34.12320327758789,6124600
2023-08-02,33.917320080965155,34.042640856534845,33.76066911150304,33.97998046875,6503700
2023-08-03,33.577167693508706,33.612974611894636,33.04813293814184,33.51450729370117,6268000
2023-08-04,33.36232735042214,33.71859690810985,33.08035559914438,33.18329620361328,5874700
2023-08-07,33.28176755917321,33.61297300153618,33.263864100837985,33.60402297973633,3606100
2023-08-08,33.34441940407379,33.52792724389367,33.111681334877595,33.43393325805664,4094200
2023-08-09,33.3623330126645,33.66668498947353,33.228058776085106,33.51450729370117,5354500
2023-08-10,33.604016191171894,33.82780425305013,33.30414100779142,33.407081604003906,4901600
2023-08-11,33.263864797619036,33.51450639009144,33.16539748208042,33.469749450683594,3643000
2023-08-14,33.424992310766925,33.424992310766925,33.183300741731706,33.29071807861328,3069500
2023-08-15,33.075874656380435,33.162704529533485,32.87446336142265,32.95055389404297,3931200
2023-08-16,32.98636755435336,32.999797709944495,32.511937832204985,32.54774475097656,4804500
2023-08-17,32.574586683634266,32.82522819670096,32.28813826449103,32.3060417175293,5679300
2023-08-18,32.08225927228374,32.48507849906621,32.03750233924905,32.39556121826172,4503900
2023-08-21,32.34185679246902,32.36871027144178,31.845046943060726,32.11806869506836,3958300
2023-08-22,32.243390955785074,32.328431529396376,32.082263245119194,32.21653747558594,5446600
2023-08-23,32.36870458046338,32.717813404671375,32.35975456062449,32.69095993041992,5105800
2023-08-24,32.74467205656124,33.14301454816599,32.52983400677886,32.53878402709961,5086900
2023-08-25,32.61935009216609,32.79838124339782,32.4492723766003,32.62830352783203,4985900
2023-08-28,32.735716025493524,33.04454463046025,32.735716025493524,32.88789367675781,4212900
2023-08-29,32.896846494672,33.28623896819924,32.753622265570314,33.263858795166016,3808200
2023-08-30,33.308612320658156,33.4876434424129,33.232525203701144,33.380226135253906,3051300
2023-08-31,33.36231875336104,33.41602910798373,33.10272382811938,33.13853073120117,4084700
2023-09-01,33.34442022684458,33.393653872170376,33.013214861254,33.12063217163086,3927600
2023-09-05,33.066927577074146,33.11616123098797,32.78853786497965,32.789432525634766,5000000
2023-09-06,32.780475444870255,32.87088738201398,32.449270058331685,32.726768493652344,3974900
2023-09-07,32.69991364269627,33.125113049854384,32.65515670897836,32.99531555175781,3861000
2023-09-08,33.057981747208345,33.06245846578684,32.72677628185072,32.78048324584961,4369000
2023-09-11,32.816285262323404,32.89684911102144,32.62830408693974,32.79838180541992,3336700
2023-09-12,32.73572141362537,32.843138740311,32.516410042344425,32.79838180541992,3225000
2023-09-13,32.816283382814284,32.816283382814284,32.37765725063888,32.4671745300293,4274000
2023-09-14,32.73572038438285,33.12063615886742,32.717816928042275,33.05797576904297,3686900
2023-09-15,32.932655334472656,33.057976115434705,32.811807856591265,32.932655334472656,4755300
2023-09-18,32.93355726316033,32.939873260305255,32.57264019034158,32.64482498168945,3812000
2023-09-19,32.644826209531,32.74407858038726,32.38316149399365,32.473392486572266,3937100
2023-09-20,32.70798615199357,32.91099986167005,32.50948141047138,32.53655242919922,3873400
2023-09-21,32.33805220056823,32.35609840158506,31.390649019930432,31.408695220947266,5749900
2023-09-22,31.399662863471868,31.606287168877095,31.137998174469253,31.192136764526367,8497400
2023-09-25,31.038743956998285,31.15603905249175,30.90791163483143,31.13799285888672,5017200
2023-09-26,30.90340435834207,31.009874508922547,30.48383975273289,30.587604522705078,7143100
2023-09-27,30.713923027586763,30.840242955962847,30.189691882866114,30.316913604736328,9007100
2023-09-28,30.47030860573509,30.722948496133537,30.389102434969825,30.632720947265625,7431500
2023-09-29,31.101912494865612,31.165072468929743,30.57858306180803,30.740995407104492,7305700
2023-10-02,30.623699445954447,30.77709042600562,29.996608620070383,30.18157958984375,8673300
2023-10-03,30.01916060697143,30.16352673412711,29.540948456135737,29.631175994873047,9197900
2023-10-04,29.829684396245415,29.983071919443617,29.43267491604226,29.946979522705078,9241000
2023-10-05,29.965025610363277,30.19511033627089,29.793591889429194,30.163530349731445,7857600
2023-10-06,29.919905745241557,30.471204428010864,29.61312732046447,30.28082275390625,10218500
2023-10-09,30.109388511344367,30.759037812413975,30.08232093778647,30.677831649780273,6258000
2023-10-10,30.650764796688364,31.047770800029443,30.497373845014703,30.78610610961914,4979700
2023-10-11,31.038756705004474,31.417716600475227,30.984618101953977,31.408695220947266,5178300
2023-10-12,31.309440415395276,31.35455419346857,30.835737140724085,30.993637084960938,5970000
2023-10-13,31.156043303581686,31.264320479985763,30.840243477303027,30.984609603881836,5688400
2023-10-16,31.17408748731066,31.399659760651492,30.84926286298631,31.30040740966797,7719300
2023-10-17,31.056786708643827,31.553048427883454,30.92595782843646,31.13799285888672,7239500
2023-10-18,30.930475090340607,31.043261249149563,30.443241500175834,30.45226287841797,8313200
2023-10-19,30.208644748255068,30.434217068754545,29.680806344356792,29.70336151123047,10377000
2023-10-20,29.83870481488202,29.987583365170497,29.540951156265365,29.549972534179688,8556300
2023-10-23,29.297332763671875,29.69433879070068,29.207101774374213,29.297332763671875,6709100
2023-10-24,29.396586471433086,29.739453920518393,29.38756165111163,29.667272567749023,5749200
2023-10-25,29.3604905471851,29.45974290703585,28.9634811077821,29.044687271118164,8454400
2023-10-26,29.171013409811252,29.8612641425686,29.143942391495024,29.658246994018555,10663200
2023-10-27,29.739449513172367,29.739449513172367,29.085291257190843,29.18905258178711,10350600
2023-10-30,29.360491597148286,29.522903929628455,28.864231501127758,29.279285430908203,7071900
2023-10-31,29.54094912794852,29.90186273306554,29.261238244365785,29.86577033996582,8490800
2023-11-01,29.90186836771357,30.055259346312027,29.689829820746677,30.019166946411133,8343100
2023-11-02,30.506397094142176,31.08386159362745,30.44323712963347,30.948516845703125,8882200
2023-11-03,31.516962361764758,32.14405308698205,31.43575619523503,31.67937469482422,8575200
2023-11-06,31.625234747710053,31.643280944161006,31.08837503162431,31.246274948120117,7431300
2023-11-07,31.20116051473003,31.264320479985763,30.948517211747145,30.984609603881836,6579300
2023-11-08,31.12897909139524,31.23725283752946,31.00265914724526,31.165071487426758,7298000
2023-11-09,31.255304325043877,31.27335052611369,30.632725876959483,30.686861038208008,7336200
2023-11-10,30.903409886288962,31.074843621734797,30.62821136230968,31.02972984313965,5969000
2023-11-13,30.78610497297198,30.885357330632797,30.58399308360302,30.76805877685547,4313800
2023-11-14,31.83276151963289,32.68542452876876,31.679374009484054,32.42827224731445,10526900
2023-11-15,32.36510920654964,32.781066603867046,32.36510920654964,32.50045394897461,7168900
2023-11-16,32.590688377821145,32.66738558380065,32.401208451905795,32.49143600463867,5026800
2023-11-17,32.77114116008076,32.78016597894269,32.31999659186163,32.45534133911133,4417300
2023-11-20,32.40121022419691,32.70798873901367,32.13954548821423,32.70798873901367,4228100
2023-11-21,32.58166658565152,32.66738516903177,32.45534663664514,32.54557418823242,3300600
2023-11-22,32.80723732026186,32.91099865537405,32.51850503879098,32.64482498168945,4951400
2023-11-24,32.59068253716027,32.780165871078324,32.428270217779016,32.771141052246094,2620300
2023-11-27,32.7891906275389,33.08243531453317,32.65384586678455,32.88844299316406,4648900
2023-11-28,32.78016878895727,33.11401483430894,32.64482403010541,33.06890106201172,6450900
2023-11-29,33.31252364024138,33.58321321904621,33.276434679433585,33.32154846191406,7941600
2023-11-30,33.29446671514069,33.623800284892695,33.18618955290267,33.592220306396484,5804100
2023-12-01,33.58321072221278,34.323087714159634,33.48395834295833,34.296016693115234,7274200
2023-12-04,34.10652947027226,34.50353890248676,34.07043707789639,34.48549270629883,10359500
2023-12-05,34.35015449650752,34.377222074963385,34.133606984939355,34.34113311767578,7758300
2023-12-06,34.54865585413912,34.69212020138121,34.20578497890771,34.22383117675781,4832200
2023-12-07,34.25991478159648,34.42232707861324,34.1065238602098,34.26893615722656,5663100
2023-12-08,34.205775831098684,34.31404954728288,33.84485885453886,34.196754455566406,4873800
2023-12-11,34.11555511751839,34.37270739600893,34.02983654403485,34.314056396484375,4871000
2023-12-12,34.32308083387639,34.4006763807408,34.10652991873381,34.30503463745117,5580500
2023-12-13,34.341126191349254,35.65846752056725,34.223827638430954,35.550193786621094,7112400
2023-12-14,36.253980513737226,36.768285084967694,36.18179572523322,36.53369140625,8647400
2023-12-15,36.35322884483103,36.452481197035375,35.78027333600039,36.0915641784668,8011100
2023-12-18,36.22925743309636,36.28852881509913,35.937453973346145,35.99216842651367,6638700
2023-12-19,36.11983798462482,36.338688876380324,36.11071716830122,36.23838424682617,4681400
2023-12-20,36.238387456789404,36.484593862180034,35.75964543598787,35.78244400024414,6513500
2023-12-21,36.06512442481436,36.18367068998195,35.7186064458634,36.0833625793457,6684700
2023-12-22,36.192786997639764,36.48459050468975,36.05600606040694,36.22926330566406,4929100
2023-12-26,36.274858996991206,36.594021492343465,36.19734944699787,36.49371337890625,2537600
2023-12-27,36.56665721619632,36.71255895678462,36.39796039404316,36.70344161987305,4006300
2023-12-28,36.70344006573713,36.93141174316406,36.621370122720556,36.93141174316406,3764800
2023-12-29,36.68520478251967,36.84934468138685,36.49370939336529,36.53018569946289,5777300
2024-01-02,36.4481208995428,36.88582619883844,36.274860160386346,36.86758804321289,6591500
2024-01-03,36.59401349706994,36.59401349706994,35.923776229697175,35.99216842651367,7424500
2024-01-04,35.91922387291702,36.16543374949681,35.777882518769744,35.90098571777344,7180300
2024-01-05,35.70037365208514,36.138078948197055,35.488813831225606,35.82803726196289,5770300
2024-01-08,35.80067119695887,36.35692265428923,35.736839404665716,36.32044982910156,4812700
2024-01-09,36.037761395534346,36.238377574850915,35.828027880145015,36.06511688232422,4134500
2024-01-10,36.11983108520508,36.29308829796452,35.99216750963795,36.11983108520508,4498600
2024-01-11,35.93746310575472,36.03777122276628,35.62742141616104,35.78244400024414,5151900
2024-01-12,36.15631167141058,36.2383816195118,35.855387368848774,36.05600357055664,4393500
2024-01-16,35.88274421805352,36.06512227391778,35.72590235986801,35.83715057373047,11100100
2024-01-17,35.39944628807156,35.81891339294954,34.815839276315735,35.18059539794922,9752000
2024-01-18,35.19883550912207,35.335619945501485,34.731951914759215,34.95262908935547,6142100
2024-01-19,35.071158043535156,35.4267932634217,34.77023727231245,35.29001235961914,7967800
2024-01-22,35.40856133013568,35.837145702806346,35.32193098269609,35.45415496826172,5850600
2024-01-23,35.60006160169534,35.70036970653409,35.13499738445605,35.26266098022461,4549800
2024-01-24,35.6182915697557,35.63652971904164,34.751998610815725,34.779354095458984,7349500
2024-01-25,35.271782007346154,35.39944560387876,35.08028661254724,35.253543853759766,6601700
2024-01-26,35.29913490383967,35.38120484965996,35.025569577296,35.0985221862793,4398000
2024-01-29,35.08940331400841,35.39032762487097,35.00733336364335,35.353851318359375,5724200
2024-01-30,35.153237332755445,35.32649806034933,34.95262459140733,35.02557373046875,6931500
2024-01-31,35.226195727046026,35.45416747667743,34.68362184977996,34.7702522277832,11580700
2024-02-01,34.69729516562403,35.394888073807344,34.555953812052145,35.38121032714844,10887000
2024-02-02,34.97998085477116,35.16235892430315,34.33254201257634,34.93438720703125,12844000
2024-02-05,34.49667509007159,34.53314791389121,34.13191902330212,34.2413444519043,8668200
2024-02-06,34.31430484126483,34.81128152944692,34.17752041555231,34.76112747192383,7866800
2024-02-07,34.886964566275054,34.934384460768875,34.533152043625726,34.74288558959961,6679000
2024-02-08,34.62434553239858,35.01371952795567,34.606107377588145,34.93438720703125,4517700
2024-02-09,34.92526562050856,35.05292922279525,34.60154620654665,35.02557373046875,5515700
2024-02-12,35.10764071191475,35.2581028641088,34.845930349397534,34.91614532470703,5376400
2024-02-13,34.21399260516411,34.28694173913765,33.80820326395248,34.27782440185547,21419000
2024-02-14,34.39636908988867,34.70641072192904,34.21399104541106,34.505794525146484,14186400
2024-02-15,34.80671724074881,35.37756135117961,34.80671724074881,35.33561325073242,8637600
2024-02-16,34.86143027613409,35.15961693933169,34.715528534268074,34.970855712890625,7683100
2024-02-20,34.84319271325344,35.09852337476903,34.62434183603661,34.91614532470703,6929300
2024-02-21,35.06204901211454,35.215245330370564,34.90702644347059,35.17147445678711,5653100
2024-02-22,35.280899133701844,35.45415985244954,35.16691328339819,35.26266098022461,6144400
2024-02-23,35.32649621009381,35.492458884374074,35.19882913592152,35.308258056640625,5263400
2024-02-26,35.23530802733463,35.40400835022167,34.852317212441676,34.90702819824219,6427800
2024-02-27,35.11676179799089,35.25354621978297,34.82495827816865,34.93438720703125,9466100
2024-02-28,34.77024778590138,35.52711208913075,34.71553332069337,35.38121032714844,7497600
2024-02-29,35.609180190965155,35.85539005370505,35.51799289894544,35.66389465332031,12860800
2024-03-01,35.572701219039686,36.092479876062065,35.207948599701325,36.05600357055664,9655500
2024-03-04,35.97393843039491,36.492802292339974,35.72772855318514,36.46635818481445,8697600
2024-03-05,36.32045567377002,36.56210513756185,35.85083101408186,36.00129318237305,6913800
2024-03-06,36.23838823843734,36.32957554028425,36.01041650524744,36.20191192626953,5483600
2024-03-07,36.40252468604728,36.480037719047004,36.001295687919196,36.20191192626953,5077000
2024-03-08,36.466349135830356,36.717115880681575,36.41163468383678,36.63048553466797,7551200
2024-03-11,36.5028272838939,36.7763961052005,36.27485558518645,36.448116302490234,4594600
2024-03-12,36.35692596435547,36.49371037662086,36.037766973832355,36.35692596435547,5669000
2024-03-13,36.293091919495595,36.48914770970054,36.01040925355258,36.12895202636719,6245300
2024-03-14,35.95569469916912,36.05600279787344,35.2808969760676,35.6182975769043,10442800
2024-03-15,35.27178350264684,35.68030702887001,35.27178350264684,35.60006332397461,9639600
2024-03-18,35.65882129140068,35.81489581000189,35.539467922775536,35.59455490112305,4971000
2024-03-19,35.61291722723888,35.72308768167831,35.355848163872764,35.59455490112305,5255100
2024-03-20,35.291586780107075,35.82591898843553,35.172236896806396,35.741455078125,8678200
2024-03-21,35.89752065659793,36.081140395706264,35.66340890393365,35.8791618347168,6263500
2024-03-22,35.879159306610084,35.96178450601894,35.42011174231214,35.45683288574219,4402500
2024-03-25,35.50274238119796,35.61291633513312,35.29158088953884,35.31912612915039,5661600
2024-03-26,35.34666660094753,35.406341530500825,35.14468452822039,35.1722297668457,6160300
2024-03-27,35.557826811424455,36.06277847290039,35.45683577867821,36.06277847290039,6711000
2024-03-28,36.145409889200515,36.37493370727159,36.145409889200515,36.29230499267578,5695400
2024-04-01,36.36575100726676,36.374930418167146,35.61291323224741,35.658817291259766,8064400
2024-04-02,35.43847492101062,35.43847492101062,35.14468472391094,35.2640380859375,7393500
2024-04-03,35.22731506073116,35.355847840109405,35.04828676056066,35.28240203857422,5392200
2024-04-04,35.63128220670494,35.76899440944531,34.90598603126904,35.00697708129883,6667800
2024-04-05,34.91516053924604,35.32004227352604,34.84171474188616,35.23649597167969,6055700
2024-04-08,35.33749207421652,35.567015915040265,35.2640427640701,35.53947067260742,5588500
2024-04-09,35.71390623491175,35.99851351785242,35.59914432991814,35.98933410644531,7565200
2024-04-10,35.052876278773084,35.052876278773084,34.286267599701354,34.511199951171875,14873300
2024-04-11,34.74071936104449,34.80039428282685,34.24953861362913,34.54792022705078,9441800
2024-04-12,34.419388901048734,34.428568311606256,34.052149438156235,34.18986511230469,9246200
2024-04-15,34.40103011627828,34.45611358979966,33.36817296068711,33.59310531616211,7757100
2024-04-16,33.473749253688034,33.519653312005836,32.973389064190286,33.0789680480957,11776100
2024-04-17,32.987155170450436,33.143229646655875,32.79894400558014,32.80353546142578,11722700
2024-04-18,32.95043725031041,33.00460663402693,32.6566470568376,32.81272506713867,10327600
2024-04-19,32.959619801478716,33.097331983136286,32.81272470635744,32.94125747680664,10629100
2024-04-22,33.07897149487612,33.290132986944826,32.85863059108943,33.20750427246094,7762900
2024-04-23,33.29013455695471,33.616979066519725,33.20750583857394,33.51047897338867,10804900
2024-04-24,33.354404080219155,33.70327777416547,33.18914664529484,33.63901138305664,10758500
2024-04-25,33.336038508717806,33.519654749865396,33.06979005589637,33.44620895385742,8374300
2024-04-26,33.46457547050734,33.81345267645092,33.40948848990917,33.4737548828125,6950900
2024-04-29,33.64819156651505,33.93279884625416,33.631664423461686,33.85017013549805,6987400
2024-04-30,33.56556601364042,33.7583651894583,33.207505898507044,33.225868225097656,9796800
2024-05-01,33.21669043762918,33.83916038115116,33.12029084500513,33.244232177734375,15601300
2024-05-02,33.583925541261316,33.767541787353004,33.17996139444666,33.72163772583008,13264300
2024-05-03,34.272487599315916,34.50201134642437,33.90524820304062,33.987876892089844,11887700
2024-05-06,34.21741090210722,34.27249787874722,33.83180907013825,33.997066497802734,9739000
2024-05-07,34.25413407976936,34.43775032282683,34.13018926322469,34.35512161254883,13276100
2024-05-08,34.162327191937145,34.176098061849984,33.95575713873284,34.03379440307617,8182100
2024-05-09,34.43774882904339,34.86925468647305,34.428569418190826,34.841712951660156,8914600
2024-05-10,34.88761736802041,34.90597969216894,34.60300659710099,34.71318054199219,6882900
2024-05-13,34.860079654581995,35.01156271733669,34.61219350336209,34.80499267578125,6846500
2024-05-14,35.03451700696385,35.223645818215815,34.88303043976463,35.052879333496094,9703800
2024-05-15,35.62944574596184,35.75981722855226,35.50274812999968,35.6496467590332,10083500
2024-05-16,35.677176908724945,35.8130538937249,35.548644152339186,35.585365295410156,7195600
2024-05-17,35.64045226339903,35.677176908724945,35.4568325390244,35.585365295410156,6153000
2024-05-20,35.530289634056096,35.61291835306169,35.32371608541427,35.36503219604492,4067100
2024-05-21,35.28239548478205,35.41551969648297,35.199766784493725,35.33748245239258,3621500
2024-05-22,35.282397682467526,35.39715957877994,34.92434112633364,35.03451156616211,7027100
2024-05-23,35.04368931698749,35.04368931698749,34.26790131619524,34.29085159301758,5597300
2024-05-24,34.50201655421484,34.52955828730363,34.244947537117945,34.29085159301758,4686100
2024-05-28,34.511197756710985,34.59841791902824,34.042970758611034,34.08887481689453,4696100
2024-05-29,33.78590230210371,33.831806361167004,33.620644887671666,33.767539978027344,6076400
2024-05-30,34.00624899338848,34.26331454336861,33.94657056053206,34.25413513183594,5867800
2024-05-31,34.465301792090365,34.94271181531275,34.29545288407426,34.933528900146484,7949600
2024-06-03,34.99778543216231,35.06205181118694,34.61126956720777,34.795806884765625,5826300
2024-06-04,34.73154595355774,35.26403939217962,34.694821301996086,35.12632369995117,5647500
2024-06-05,35.15385928661649,35.15385928661649,34.87843148004671,35.08041000366211,4541200
2024-06-06,34.95188592561725,35.16763886996453,34.777449088738074,35.13550567626953,3888600
2024-06-07,34.66727045123415,34.9518812013889,34.55710001663601,34.86007308959961,5140400
2024-06-10,34.74990080249548,35.16304432967119,34.56628457019974,35.03451156616211,4148800
2024-06-11,34.915156381947405,35.107959019353004,34.80039449165464,34.924339294433594,3492400
2024-06-12,35.686360857779675,35.82866800095351,35.14468452822039,35.1722297668457,7600800
2024-06-13,35.300764179906835,35.4660216103162,35.080419771942495,35.3466682434082,3704300
2024-06-14,35.21813583964862,35.47979285687323,35.080420145422785,35.374210357666016,4975400
2024-06-17,35.181410805430794,35.374209973448394,34.97024931156548,35.19059371948242,4880900
2024-06-18,35.28240022938389,35.46601997718966,35.218133842990184,35.328304290771484,4893400
2024-06-20,35.218133646775875,35.33748700752297,35.10796319960837,35.23649597167969,4503300
2024-06-21,35.28240022938389,35.37420835215908,35.04369350655978,35.328304290771484,5287100
2024-06-24,35.35334364657797,35.94689346268031,35.26060281450047,35.566650390625,5891800
2024-06-25,35.53882553483523,35.53882553483523,34.91745423461514,35.06584167480469,4429900
2024-06-26,34.88963163767692,35.13076345627465,34.806163475521686,35.01947021484375,3639300
2024-06-27,35.12148635692571,35.390439710119864,35.00092398853037,35.33479309082031,3571700
2024-06-28,35.538827219460735,35.77068282686214,35.334793152840035,35.62229537963867,5569800
2024-07-01,35.53882523549218,35.65011493023804,35.06584137944557,35.27914810180664,5700100
2024-07-02,35.27915236855343,35.50636988800852,35.22257883249105,35.42753982543945,3985500
2024-07-03,35.51100398051117,35.650115215598106,35.362616540383726,35.390438079833984,2359100
2024-07-05,35.49245738942567,35.55737667753917,35.26060177821006,35.52027893066406,3785800
2024-07-08,35.529556363057175,35.664959959774215,35.441450095645656,35.6037483215332,4443200
2024-07-09,35.54810637285409,35.72895347859749,35.2513279159603,35.6130256652832,3679200
2024-07-10,35.779965386029865,35.87734433389038,35.49246310817756,35.86343002319336,3935600
2024-07-11,36.41059649082331,36.99487350714071,36.37350228905591,36.81866455078125,8693400
2024-07-12,37.059802330100695,37.32875570475599,36.95685837577537,37.08762741088867,5322200
2024-07-15,37.14326799976624,37.3064966699621,36.948510136523744,37.24528503417969,4828400
2024-07-16,37.4864164065759,37.63480740549033,37.21746656563384,37.59770965576172,5753700
2024-07-17,37.671898898322716,38.15415899647791,37.616255815582115,37.93157958984375,7445800
2024-07-18,37.68117218255798,38.353551991006654,37.52814664121373,37.61625289916992,6016200
2024-07-19,37.681174679106995,37.769277405064784,37.402948655033654,37.569881439208984,5259100
2024-07-22,37.62552933747742,37.97795086678954,37.42149526190156,37.940853118896484,5233000
2024-07-23,37.92230119835586,38.140246027423416,37.71734022622418,37.87593078613281,4351500
2024-07-24,37.866660188041095,38.13097544377517,37.319480803103,37.35657501220703,5606900
2024-07-25,37.560610547704236,37.95940249827464,37.07185850310511,37.15254592895508,8353400
2024-07-26,37.31020313212876,37.90375290851273,37.26383271919296,37.7739143371582,5702800
2024-07-29,37.77391336442182,38.14488373402661,37.48641115108632,38.015045166015625,5418100
2024-07-30,38.17270801632135,38.37674208804797,38.0243205653845,38.29327392578125,4674000
2024-07-31,38.23762493605698,38.617867976640206,38.06605051929497,38.20052719116211,8786900
2024-08-01,38.599321239049445,38.868274597659045,38.38601450085986,38.79408264160156,9813900
2024-08-02,38.81263083711892,39.22997167643081,38.47876170350554,38.82190704345703,8818200
2024-08-05,38.27472706512754,38.83674416710189,37.63944137791794,37.69972610473633,14134700
2024-08-06,37.72754442311467,38.914643991580284,37.58842964463195,38.534400939941406,11389400
2024-08-07,38.63642290980047,39.17432968164794,38.21444749339399,38.25617980957031,9907700
2024-08-08,38.172707796633446,38.6262159017099,38.07996696702011,38.580772399902344,10383100
2024-08-09,38.74770669110559,38.877545260888404,38.32109323672331,38.77553176879883,5454900
2024-08-12,38.60860139326682,38.64569560617131,38.262671766390234,38.54368209838867,4924500
2024-08-13,38.812625885009766,38.868272502430095,38.571497618526344,38.812625885009766,3707000
2024-08-14,38.87754477575072,39.137225449911575,38.738433540363204,38.95174026489258,3300600
2024-08-15,38.97955769288219,39.03520430386904,38.674437089883845,38.84044647216797,6282100
2024-08-16,38.80335816861693,38.95174562950159,38.6271491643902,38.82190704345703,4212300
2024-08-19,38.82190491254385,39.09085827620837,38.79871793580741,39.05376052856445,3971100
2024-08-20,39.03520802847893,39.18823356991749,38.90073135913917,39.09085464477539,4828200
2024-08-21,39.1186784620389,39.27633857730664,38.89609552172678,39.22069549560547,4214800
2024-08-22,39.27633732174098,39.461822509765625,39.15577495668531,39.461822509765625,4953100
2024-08-23,39.61021421734671,40.296508425578665,39.54993302832855,40.222312927246094,6135200
2024-08-26,40.41706379507725,40.50052840216813,40.13048853362496,40.194480895996094,4047800
2024-08-27,39.95336345076931,40.33824110387394,39.88844062022465,40.2965087890625,3717600
2024-08-28,40.29650154649216,40.417067441782535,39.925531193830466,40.157386779785156,5035000
2024-08-29,40.09246615794305,40.15738543681245,39.814240171669155,39.999725341796875,5339900
2024-08-30,40.194490024506905,40.40779676824274,39.87916624293307,40.38924789428711,5611600
2024-09-03,40.1295692973458,40.67674867701397,40.111020424054495,40.481990814208984,7580900
2024-09-04,40.57473373413086,40.99207456010627,40.36606509006116,40.57473373413086,5855600
2024-09-05,40.88078843333236,40.899333771368134,40.35679241899525,40.46344757080078,5539200
2024-09-06,40.49126911569078,40.52372876400788,40.0952614062221,40.46344757080078,6671700
2024-09-09,40.46344528193226,41.04586509245848,40.40779865746366,40.94570541381836,5070000
2024-09-10,41.12190336384157,41.69690417743905,41.047707884494706,41.66908264160156,7884500
2024-09-11,41.29811960727126,41.61344337446151,40.815859519931124,41.55780029296875,5792200
2024-09-12,41.6227158585828,41.69690780655183,41.15900468581109,41.631988525390625,4263300
2024-09-13,41.845296188757565,41.97513475402279,41.710819521065574,41.92876434326172,3707500
2024-09-16,42.123525620150374,42.27191660720221,41.942678526975776,42.0678825378418,4130200
2024-09-17,42.086430298319705,42.206992665357475,41.59953211397967,41.7340087890625,5919400
2024-09-18,41.78965398483175,42.20699122824377,41.55779838834256,41.613441467285156,6234400
2024-09-19,41.95659473868587,41.95659473868587,41.261027875588425,41.51142883300781,4552400
2024-09-20,41.270304255402344,41.47897291796367,41.17756341378317,41.43724060058594,4839800
2024-09-23,41.73702512355794,41.92381046981091,41.61561767673254,41.89579391479492,4013700
2024-09-24,41.699670904414674,42.04522147927047,41.531564449050414,41.89579391479492,4103800
2024-09-25,41.97984270958704,42.09191248045107,41.60627205652854,41.71834182739258,3457000
2024-09-26,41.73702259980283,41.76504271575865,41.15799126780223,41.30741882324219,4552700
2024-09-27,41.59693751107672,41.69499901326168,41.29808239128425,41.36345672607422,3613700
2024-09-30,41.21402607718752,41.74636194208392,41.139310521522304,41.71834182739258,4929900
2024-10-01,41.83975362097777,41.91446917806613,41.27940119335044,41.4661865234375,6453100
2024-10-02,41.04592245294615,41.34944818403124,41.02724356274956,41.3167610168457,4022000
2024-10-03,41.18601141012657,41.29341414494291,40.79376537890358,40.91517639160156,3504500
2024-10-04,40.681690663989585,40.709707216358225,40.252083339412145,40.64433288574219,5386100
2024-10-07,40.382839654590825,40.42953510081402,40.14001763401549,40.345481872558594,3793500
2024-10-08,40.513583868816745,40.61631597677823,40.28477015103569,40.466888427734375,4039700
2024-10-09,40.38284044160471,40.51919314230895,40.23341287319779,40.48556900024414,3338800
2024-10-10,40.261426619868416,40.59763951598461,40.00926694778126,40.149356842041016,3659600
2024-10-11,40.36415685347202,40.56961750947783,40.247416467905644,40.560279846191406,2312100
2024-10-14,40.45754579776274,40.89649076649673,40.354813693366815,40.8404541015625,3542900
2024-10-15,41.01790163990851,41.6903274250329,40.98988508640631,41.3541145324707,5176300
2024-10-16,41.447511146747495,41.82574888931904,41.32610013750652,41.765045166015625,3662700
2024-10-17,41.643633035034966,41.68099081573884,41.33543668817908,41.494205474853516,2934000
2024-10-18,41.57825390160607,41.79865979463438,41.41481808318119,41.78371810913086,3950800
2024-10-21,41.54090007434905,41.72768541143459,40.868474285894685,40.92451095581055,5938700
2024-10-22,40.84045967330525,41.14865602853934,40.73772755489389,40.98988723754883,4497400
2024-10-23,40.88715252942568,41.46151680842186,40.84979831270633,41.39147186279297,4849500
2024-10-24,41.428833983679304,41.73702678905598,41.41015509204522,41.484867095947266,3188600
2024-10-25,41.83041913092058,42.00786324851561,41.13931442596132,41.15799331665039,4820700
2024-10-28,41.52222669179376,41.699674388746594,41.20936325919251,41.28874588012695,3129100
2024-10-29,41.15799485436328,41.37746737486702,40.849802053064394,40.91517639160156,4557100
2024-10-30,40.952532359785174,41.36346086256969,40.89649924586685,41.064605712890625,5513800
2024-10-31,40.62565811253197,40.989887580760794,40.336140645733444,40.345481872558594,5866200
2024-11-01,40.616320681164105,40.667683178460116,39.887858177896554,39.91587829589844,6141400
2024-11-04,40.08397884257074,40.42953296415545,40.04195401198108,40.364158630371094,6509900
2024-11-05,40.26142944359566,40.92451405597791,40.041956923091924,40.91517639160156,4747500
2024-11-06,40.55093810467604,40.77508120967244,39.40221315282474,39.822479248046875,12721600
2024-11-07,39.97191233393274,40.42953627048167,39.897200330340965,40.31746292114258,10597900
2024-11-08,40.50424842406793,41.12530821074341,40.45755297632086,41.008567810058594,7348100
2024-11-11,40.95252637062099,41.1486529285555,40.61631704837728,40.65367126464844,7899300
2024-11-12,40.550939532325295,40.700370649339675,40.12600637187588,40.1400146484375,4972000
2024-11-13,40.58829871811271,40.76574639439954,40.3875051009588,40.457550048828125,5095000
2024-11-14,40.39217404598359,40.39217404598359,40.04195288373517,40.093318939208984,4860400
2024-11-15,39.90653387205341,40.213793234224525,39.78979348386136,40.1400146484375,5875700
2024-11-18,39.96257148147653,40.5042450428666,39.859839367428236,40.49490737915039,3810800
2024-11-19,40.37349600879977,40.784420898631346,40.20071894922821,40.66301345825195,3693100
2024-11-20,40.42953453704423,40.65367410084375,40.280106973633174,40.59764099121094,3198700
2024-11-21,40.634996072227686,41.00389615655178,40.45755195023545,40.86847686767578,3070100
2024-11-22,41.027246320178456,41.25138589233387,40.98988853727447,41.176673889160156,3333900
2024-11-25,41.42883270404746,41.9144731836306,41.391474921933174,41.72768783569336,4625700
2024-11-26,41.68099535654363,42.007867066727414,41.52689716632795,41.93315505981445,3183800
2024-11-27,42.129272991388135,42.47669037239522,42.11993176500709,42.22266387939453,3531500
2024-11-29,42.25068962704811,42.428133762963505,42.00319697184087,42.026546478271484,3737500
2024-12-02,41.79305908425575,41.86777464296228,41.24204430801384,41.39147186279297,4837300
2024-12-03,41.42883500861557,41.51288824173126,41.12063863297992,41.148658752441406,4164900
2024-12-04,41.14865629265499,41.17667284780732,40.8031021534835,41.036582946777344,3315800
2024-12-05,40.79375945098892,40.96186588640887,40.67234845593369,40.9338493347168,2971300
2024-12-06,41.0459216926033,41.167332695315096,40.68635929758904,40.87781524658203,3624700
2024-12-09,40.95252705993238,41.08794633876711,40.79843245396468,40.96186828613281,5211000
2024-12-10,40.896496421408195,40.896496421408195,40.17270454045269,40.29878616333008,4090500
2024-12-11,40.41085444462089,40.52292422318811,40.08397921006828,40.19605255126953,4988900
2024-12-12,40.1493582717456,40.60697862570634,40.09332159951945,40.168033599853516,3418100
2024-12-13,40.13068001005894,40.224070902598974,39.91587810710951,39.99993133544922,3833300
2024-12-16,40.01860749784626,40.28944607954455,39.775789034601274,39.79446792602539,3642900
2024-12-17,39.59833288610937,39.976570525352784,39.47692191003582,39.617008209228516,5319100
2024-12-18,39.486271285693746,39.68239786296002,38.02001216416696,38.066707611083984,9802600
2024-12-19,38.1040689103618,38.37490751516463,37.36626866802357,37.412967681884766,8386500
2024-12-20,37.59040720092129,38.4963138064274,37.4970163099478,38.0947265625,9792600
2024-12-23,37.95689899893667,38.325045424690984,37.83418592431662,38.268409729003906,6917200
2024-12-24,38.12681699897416,38.55160276270924,38.098499148374295,38.523284912109375,2812100
2024-12-26,38.41944909646969,38.645999109676346,38.230655018165784,38.57992172241211,4044800
2024-12-27,38.3533668734816,38.69319545139237,38.13625497113796,38.268409729003906,4588800
2024-12-30,38.1645769928012,38.18345676041068,37.687872763267386,38.08905792236328,4493500
2024-12-31,38.3911247253418,38.466643791300875,38.02297828115943,38.3911247253418,7590600
2025-01-02,38.4383271014659,38.485524718640335,37.919142509705075,38.03242111206055,9786400
2025-01-03,38.11738134992734,38.608244530373504,37.994664654578884,38.551605224609375,5128600
2025-01-06,38.57048605226906,38.69320275098708,37.96634784465381,38.02298355102539,5980200
2025-01-07,38.155139818474424,38.35809284308111,37.65011767830632,37.73979568481445,8867700
2025-01-08,37.76810637616729,37.91914090530344,37.39524269560242,37.900264739990234,6312800
2025-01-10,37.30557184124032,37.39996708964944,36.951584258284285,36.984622955322266,8343100
2025-01-13,36.9374192071398,37.465094823910995,36.86190014017474,37.456600189208984,5769300
2025-01-14,37.57932138518302,37.86251071841354,37.48492254014103,37.77755355834961,5022100
2025-01-15,38.75927628362936,38.844233435676415,37.89082499593201,37.93802261352539,6511000
2025-01-16,38.03242116291009,38.82063253371374,37.90498363532664,38.787593841552734,5600900
2025-01-17,38.90087319356649,38.995272039545966,38.759280326018946,38.778160095214844,4913400
2025-01-21,38.94806541563536,39.523885692951055,38.92918925000457,39.48612976074219,6105700
2025-01-22,39.41061897131626,39.41061897131626,38.75928309184418,38.79703903198242,5837100
2025-01-23,38.88199358038137,39.11798529485529,38.509126239398846,39.10854721069336,3916200
2025-01-24,38.97639104138639,39.49557207458599,38.94806958801166,39.22182083129883,4038800
2025-01-27,39.174617134755,39.65132131538287,39.089659989701985,39.60884094238281,11135800
2025-01-28,39.55221580077691,39.55221580077691,38.995275168131954,39.1274299621582,4366300
2025-01-29,39.17462146323477,39.250140534269306,38.49496422771401,38.674320220947266,3945600
2025-01-30,39.26902011959962,39.47669398207588,38.83857362045228,39.18406295776367,4481500
2025-01-31,39.06134608605307,39.48613185421271,38.976388932421145,39.09910202026367,4730300
2025-02-03,38.77815976929275,39.18406220027575,38.40057159044396,39.03302764892578,7439600
2025-02-04,38.76871808430027,39.13403423322749,38.62712161699503,39.03302764892578,4559300
2025-02-05,39.48612621583189,39.745714880844126,39.08965835518029,39.64659881591797,4356900
2025-02-06,39.87315867305655,39.882596756511,39.476690749966565,39.75988006591797,3680600
2025-02-07,39.863715906387824,39.896754599002726,39.43893014351954,39.6182861328125,5337100
2025-02-10,39.703248212816874,39.73628690953209,39.31150109394513,39.6749267578125,3907600
2025-02-11,39.48613024024882,39.90147430716835,39.424770097888135,39.892032623291016,3276300
2025-02-12,39.108538653641006,39.693796969214866,39.108538653641006,39.55220413208008,6834300
2025-02-13,39.46725181193044,39.96755304597651,39.33509343979704,39.86371612548828,7069100
2025-02-14,39.97699087952738,40.109149250835294,39.69380157147667,39.703243255615234,4528100
2025-02-18,39.599407408679745,40.01003065614707,39.57108595644414,39.8448371887207,5622200
2025-02-19,39.67492336648478,40.011921645121944,39.61356682095768,39.92035675048828,4405400
2025-02-20,39.920355826361735,40.26018444191669,39.698523057821824,40.19410705566406,3947300
2025-02-21,40.20354473765069,40.26018403999357,39.66548396870936,39.86371612548828,5072100
2025-02-24,39.929792930038914,40.25546261211345,39.71268100897169,40.043067932128906,4435200
2025-02-25,40.175229945492504,40.666093133657895,40.16578826057618,40.467857360839844,5698200
2025-02-26,40.54337019329353,40.63304458050383,40.15162315138663,40.26961898803711,5472200
2025-02-27,40.27906410156001,40.66609397024177,40.20354862541444,40.448978424072266,4040600
2025-02-28,40.64721675308739,40.82184832817175,40.28850831626729,40.732173919677734,5771500
2025-03-03,40.87375851053197,41.29476686366346,40.75104182790197,41.0814323425293,9874300
2025-03-04,41.11919421919988,41.40332698115761,40.51505245540882,40.60945129394531,9765700
2025-03-05,40.16578005577383,41.09558777797291,40.15634197373316,40.987030029296875,5564100
2025-03-06,40.64721027030132,40.73216742334192,39.802359581994075,39.86371612548828,7954300
2025-03-07,39.93923645270508,40.247913278249754,39.589966145348896,40.09027099609375,7083600
2025-03-10,40.052509948846186,40.48673379458709,39.514449183265626,39.703243255615234,9447900
2025-03-11,39.80708006105793,39.943955685476126,39.066066232964765,39.287899017333984,7103500
2025-03-12,39.35397533548824,39.47197118770648,39.0235883896562,39.146305084228516,6013500
2025-03-13,39.15574348780203,39.37285542554319,38.32788561895003,38.381690979003906,6167200
2025-03-14,38.74512090692733,39.16046866066477,38.5138500173814,39.1274299621582,4548100
2025-03-17,39.136863429320115,39.95339631170907,39.136863429320115,39.81652069091797,4422800
2025-03-18,39.81652027028359,40.01475243583956,39.420052338224046,39.57108688354492,4860300
2025-03-19,39.59940636546864,39.91752126279675,39.28317836459069,39.6182861328125,3919100
2025-03-20,39.61828810472762,39.797640502000036,39.40117617088809,39.57108688354492,3452800
2025-03-21,39.39173682023994,39.457814212673696,38.93391231484335,39.18406295776367,6237900
2025-03-24,39.425363787302985,39.810116177837756,39.24486342640926,39.729366302490234,4457800
2025-03-25,39.729376143707576,39.738878263158576,39.02637151219682,39.254371643066406,4660800
2025-03-26,39.434860627170146,39.6391126482483,39.27716245472438,39.453861236572266,3717700
2025-03-27,39.510868919006576,39.824369960602965,39.25911714911954,39.35886764526367,3586700
2025-03-28,39.529865301332805,39.56786652170127,39.107111690722206,39.33986282348633,4905600
2025-03-31,39.453863386751514,40.009621276063314,39.396865179434535,39.75786590576172,7736800
2025-04-01,39.89086704623579,39.976367974492845,39.30185904091132,39.7863655090332,5903000
2025-04-02,39.719865165822604,40.06661631288189,39.52036058401243,39.97636795043945,4657000
2025-04-03,39.57736542621025,39.95737038585344,38.72235607901101,38.77935791015625,11584800
2025-04-04,38.58935494765509,38.58935494765509,36.969591890826976,37.0123405456543,15419700
2025-04-07,36.385332637296614,37.50634319790224,35.31182178709042,36.11933135986328,25297200
2025-04-08,36.945839497113035,37.03609148752736,34.81307088023612,35.22632598876953,16319500
2025-04-09,34.63731943814864,37.4160944100206,33.97231256371875,37.24984359741211,27138900
2025-04-10,36.879340602371585,37.28784466827491,35.55882897612425,36.46133804321289,19936700
2025-04-11,36.271337833403514,37.05984328682735,35.853335248070074,36.974342346191406,10742800
2025-04-14,37.26884716978202,38.0003544273888,37.15484712121879,37.791351318359375,6543600
2025-04-15,37.92434934399863,38.14285455589084,37.6583480411677,37.848350524902344,4272300
2025-04-16,37.990852895703355,38.33285301404772,37.59184732164106,37.829349517822266,6021900
2025-04-17,37.971848889603685,38.740404130218195,37.971848889603685,38.427852630615234,4793500
2025-04-21,38.104849008946786,38.190349935722104,37.1548403221079,37.629844665527344,4364300
2025-04-22,38.17135295029835,38.57985701433357,37.981350470096594,38.39935302734375,4213200
2025-04-23,38.72235340924625,39.168858662442716,38.21884995283025,38.44685363769531,8046200
2025-04-24,38.46586024400137,38.860111165721754,38.27110668864877,38.56085968017578,5093400
2025-04-25,38.57985528250563,38.72235441826333,38.261603226251474,38.50385284423828,4511000
2025-04-28,38.494359004459696,38.845861263944734,38.38985745120832,38.74135971069336,4403400
2025-04-29,38.750860445103726,39.22586485274463,38.68436011795368,39.05486297607422,4088100
2025-04-30,38.80785831861763,39.377865777248516,38.589356727874396,39.2353630065918,5100700
2025-05-01,39.349361419677734,39.681866662779214,39.09760967606978,39.349361419677734,6986300
2025-05-02,39.829115061042145,39.95736826832322,39.653365766317556,39.833866119384766,4073900
2025-05-05,39.82911416116393,40.00011601767805,39.54886333320754,39.7863655090332,3018300
2025-05-06,39.605871331434464,39.82912401176508,39.33037149357631,39.51087188720703,2531600
2025-05-07,39.53936667995479,39.82152014458825,39.42536663452567,39.48236846923828,3892500
2025-05-08,39.69136799934284,39.71036861093803,39.22111464034907,39.29236602783203,3841000
2025-05-09,39.320865971582656,39.661920252595216,39.2258665355773,39.529869079589844,2540300
2025-05-12,40.00487430649533,40.03337341306682,39.36836647576082,39.56787109375,5525700
2025-05-13,39.49186576082517,39.586865191791475,38.89811025729581,39.03586196899414,6501800
2025-05-14,38.940859881744146,38.940859881744146,38.5133552235653,38.7033576965332,4416300
2025-05-15,38.874358499734875,39.43011640401979,38.8078581734095,39.41586685180664,4703800
2025-05-16,39.49186000934115,39.92886312653581,39.35885937575977,39.90986251831055,3421200
2025-05-19,39.59636322512362,40.028615302630485,39.54886351453982,39.995365142822266,3023400
2025-05-20,39.67236185536005,39.90986403118571,39.65336487041013,39.7863655090332,2311800
2025-05-21,39.58686300322013,39.67236393596125,38.71285668986268,38.73185729980469,3708700
2025-05-22,38.79835885436976,38.826857958189656,38.29010430027146,38.59885787963867,3599300
2025-05-23,38.56560781998628,38.72235651540946,38.37750431188418,38.60835647583008,3751400
2025-05-27,38.94086667201726,39.35601720108937,38.80786238095022,39.244869232177734,3626800
2025-05-28,39.28286683420051,39.28286683420051,38.9627157461799,39.244869232177734,3491900
2025-05-29,39.24486852452949,39.76737268888394,39.19736518086392,39.60586929321289,4811800
2025-05-30,39.453861208090196,39.74836521761688,39.244861752809165,39.643863677978516,6882700
2025-06-02,39.358866749776645,39.715120066755794,38.9883638799577,39.700870513916016,4756500
2025-06-03,39.510868964261554,39.61537051957879,39.24011658184701,39.55836868286133,6276900
2025-06-04,39.46336411578595,39.84336543918365,39.354111515611706,39.68186569213867,2969700
2025-06-05,39.7388672269474,39.876615304761046,39.47761337455104,39.67236328125,5412000
2025-06-06,39.8623643208197,40.00486707591333,39.59161198533827,39.7863655090332,3533600
2025-06-09,39.73411434263024,40.02861471834846,39.49186111099464,39.767364501953125,4581000
2025-06-10,39.871869096718726,40.12837189859849,39.80536877297166,40.11886978149414,4832800
2025-06-11,40.118865480146525,40.29936582182251,39.7331636437666,39.90036392211914,4809300
2025-06-12,39.900368200040084,40.185370105241205,39.852868486505876,40.11886978149414,4151500
2025-06-13,39.90036564269955,40.06186538316401,39.510862218290164,39.79586410522461,6375700
2025-06-16,39.90036644019878,40.299368365082834,39.681864868381936,39.833866119384766,6304400
2025-06-17,39.814866041465415,39.91936758242396,39.52036202821822,39.67236328125,5610100
2025-06-18,39.73887263015973,40.042875177557875,39.53936801393277,39.74837112426758,5529900
2025-06-20,39.919365243582845,40.114115138871576,39.69136156539586,39.73886489868164,5834600
2025-06-23,39.849104137014045,40.361956308996774,39.796380708950366,40.31882095336914,6057900
2025-06-24,40.42426563734295,40.659125882535086,40.1702365601311,40.51054000854492,5292600
2025-06-25,40.2325455140591,40.31881987979532,39.48004274610688,39.52317810058594,10960100
2025-06-26,39.51359163724354,39.52317605214944,38.79943022469409,39.27394104003906,14023700
2025-06-27,39.34104975056097,39.81076295490284,39.21643039446314,39.4177360534668,6608200
2025-06-30,39.44649517371018,39.753247687668996,38.98636274599355,39.70531463623047,6959500
2025-07-01,39.638211301338686,40.261304379446194,39.59507594475714,39.973724365234375,9438400
2025-07-02,39.92579933524616,40.12326904068035,39.72449001219923,40.0504150390625,6737400
2025-07-03,40.05999947677503,40.227754183439245,39.89703514974526,40.069583892822266,5758100
2025-07-07,39.98331078544233,40.30923579302834,39.5231820082818,39.76283264160156,6417800
2025-07-08,39.59028335769052,39.87498915459693,39.53276954680975,39.70531463623047,5768600
2025-07-09,39.74365959332058,39.801177060948866,39.52797548907673,39.6861457824707,4867800
2025-07-10,39.72448684305501,40.15585870548629,39.58069866009684,39.887451171875,6045300
2025-07-11,39.59028271983226,39.95455269558133,39.456078954234805,39.84910583496094,5802500
2025-07-14,39.83951981321056,40.13668423740569,39.80117483693435,40.11751174926758,7270600
2025-07-15,40.1270993938666,40.17502878531172,39.49442191916792,39.59986877441406,6427500
2025-07-16,39.916207280481736,40.06478949694002,39.63342129989618,40.0312385559082,8487900
2025-07-17,39.983312774782895,40.15586153190044,39.80597363764111,39.99290084838867,7848700
2025-07-18,40.031243080961524,40.24693086064268,39.92579986635551,40.107933044433594,5608100
2025-07-21,40.31402637535315,40.539298536456215,40.16544416559503,40.26130294799805,5336600
2025-07-22,40.43385560526042,41.0138097056645,40.38113217278927,40.96108627319336,6165500
2025-07-23,41.01860465564619,41.13363593960896,40.88440088155987,41.07611846923828,5625700
2025-07-24,41.00901239139594,41.176770748638845,40.932326095517034,41.01860046386719,6727900
2025-07-25,41.02818487956022,41.06652985588878,40.577644206423365,41.01860046386719,4698000
2025-07-28,40.82688084966322,40.90356714856748,40.27088964129931,40.309234619140625,4776600
2025-07-29,40.529714573760195,41.018603921210946,40.29965200995392,40.98025894165039,9447100
2025-07-30,40.89397978018622,40.999426633247985,40.136682977995456,40.405094146728516,9908200
2025-07-31,40.13668456241444,40.357162692620676,39.63821083712189,39.69572830200195,10320700
2025-08-01,40.11272075916103,40.13668362638521,39.34104549304634,39.58069610595703,9602600
2025-08-04,39.64780262684543,40.03124145832723,39.61425168338104,39.91621017456055,6584500
2025-08-05,39.89703877093736,40.16065594589246,39.734078085895064,40.0504150390625,6265300
2025-08-06,40.17502972125216,40.17502972125216,39.7005225183683,39.714900970458984,7569500
2025-08-07,39.954556698468274,39.954556698468274,39.59987476002964,39.868282318115234,6429600
2025-08-08,39.944965893339194,39.983310872380564,39.47045866223228,39.542354583740234,7161600
2025-08-11,39.38897633115513,39.58069755988184,39.27394505663041,39.312286376953125,6054800
2025-08-12,39.36980645794867,39.456080833768,39.00937242552345,39.37939453125,8099800
2025-08-13,39.44649652611473,39.68614716441001,39.2835321905491,39.638214111328125,4962700
2025-08-14,39.38418473238049,39.43690816496294,39.0822262467725,39.36022186279297,7988300
2025-08-15,39.36021833975438,39.74845116604036,39.34104585173334,39.619041442871094,5689600
2025-08-18,39.70531462283375,39.70531462283375,39.23560143583336,39.24518585205078,4496900
2025-08-19,39.446495268748606,39.96413785181475,39.40815029021677,39.94496536254883,6803400
2025-08-20,40.05040984680022,40.44343671146632,39.99289603919624,40.09834289550781,7026700
2025-08-21,39.92579860447083,40.11751619353418,39.7963852093966,39.95455551147461,5851800
2025-08-22,40.275680347835134,40.82208343817434,40.1942000192427,40.58722686767578,6488900
2025-08-25,40.53930155028298,40.67350531833562,40.31402937243243,40.38592529296875,6213400
2025-08-26,40.34757923722538,40.45302609695959,40.117513029007256,40.27088928222656,4318200
2025-08-27,40.37633379061823,40.596811913232656,40.3188199844968,40.44343566894531,5171300
2025-08-28,40.472197382305346,40.481781798006054,40.12709990862848,40.33799362182617,4199700
2025-08-29,40.42426806473965,40.577647984334064,40.347581761720996,40.558475494384766,4810600
2025-09-02,40.19420734869576,40.2804817290488,39.7273683501203,39.868282318115234,8204200
2025-09-03,39.7532482252513,39.94017542669843,39.62862887202705,39.76283264160156,5668000
2025-09-04,39.916207280481736,40.09834409475015,39.657384168188436,40.0312385559082,5991100
2025-09-05,40.24213571748026,40.63516262752356,40.19420632001715,40.43385696411133,5298300
2025-09-08,39.93537722742189,40.184612251112604,39.82993037466802,40.165443420410156,7678500
2025-09-09,39.997688689422,40.15585898286912,39.93729699394229,40.14627456665039,4308300
2025-09-10,40.155854986068455,40.43385056686144,40.059996206308554,40.127098083496094,4006500
2025-09-11,40.184609817286045,40.855632211351,40.179819438289606,40.77894592285156,3604900
2025-09-12,40.663915082361406,40.81729498829562,40.55847188219897,40.5968132019043,2515100
2025-09-15,40.64474396658294,40.79812020711889,40.438644300539835,40.54888153076172,3844000
2025-09-16,40.51054026763996,40.63515961723503,40.23254832023636,40.309234619140625,5432500
2025-09-17,40.424265715751794,40.884398134240385,40.25172062979149,40.290061950683594,7312900
2025-09-18,40.304438844715065,40.51053852075176,40.20858006102375,40.31882095336914,5162000
2025-09-19,40.357162365826596,40.42905828214994,40.11751174926758,40.11751174926758,5331000
2025-09-22,40.13393434729321,40.33677645617344,39.921434669523336,40.24984359741211,4786500
2025-09-23,40.269159685344285,40.63137929147134,40.25950211711045,40.56859588623047,3002000
2025-09-24,40.52996331056065,40.52996331056065,40.14359789320536,40.153255462646484,3990500
2025-09-25,40.201545328953955,40.341604017687835,40.03251025106422,40.05665969848633,3559500
2025-09-26,40.19188775339475,40.535753923879724,40.10012427483365,40.45268630981445,3436200
2025-09-29,40.49132298773523,40.61689349030515,40.317460956461964,40.52996063232422,3891100
2025-09-30,40.58792021708014,40.723148298840925,40.38507809443897,40.69417190551758,3940800
2025-10-01,40.67485308173906,40.892183401041905,40.57825896284644,40.69417190551758,6818800
2025-10-02,40.56859942538335,40.607237071066145,40.26916319837473,40.481666564941406,6391600
2025-10-03,40.52995728454768,40.95013334419704,40.52995728454768,40.645870208740234,4820800
2025-10-06,40.66036086906781,40.66518781101903,40.21120839347419,40.24018478393555,4921700
2025-10-07,40.288478284102,40.288478284102,39.935919932843326,40.1146125793457,5191500
2025-10-08,39.8972892991779,40.06632440719278,39.82484462868895,39.91177749633789,6809300
2025-10-09,40.00353535752928,40.03734237437118,39.62682754566571,39.728248596191406,4517100
2025-10-10,39.80552264161024,39.90211675615056,39.23563026223284,39.29358673095703,10153200
2025-10-13,39.30324370622328,39.550519477146146,39.22597210044725,39.5157470703125,6720700
2025-10-14,39.45779551809234,39.94075508959745,39.39018147285675,39.892459869384766,7769100
2025-10-15,40.018024640372445,40.587917000260646,39.998705818125046,40.472007751464844,7393900
2025-10-16,40.558942732730856,40.71348963411289,40.307801715054566,40.346439361572266,9443200
2025-10-17,40.37541277750724,40.66422234726084,40.21120831894587,40.607234954833984,9458500
2025-10-20,40.846780264615326,41.04189925985935,40.7134866578443,41.0322380065918,4826100
2025-10-21,40.935649693308015,41.144287821447826,40.80524856029019,40.90666961669922,6887700
2025-10-22,41.09019470214844,41.15780873664575,40.84871495474703,41.09019470214844,7755300
2025-10-23,41.13849230975543,41.2640628174276,40.670020982972346,41.05155944824219,9446300
2025-10-24,41.26406331904086,41.41861022086656,41.186788025783606,41.196449279785156,7820300
2025-10-27,41.21576088292996,41.318151006181694,41.00326121407829,41.28337860107422,6851400
2025-10-28,41.08536563131912,41.1578102952206,40.34643816583908,40.36575698852539,17438000
2025-10-29,39.94075066803238,40.104958820204104,39.14869735322188,39.264610290527344,13140800
2025-10-30,39.28875546182852,39.737907954205035,39.19699566037605,39.48677062988281,14353400
2025-10-31,39.19699825894278,39.659669904649206,39.11006539385867,39.5060920715332,9788100
2025-11-03,39.10039890234107,39.47710670568511,38.9072143741756,39.438472747802734,10847400
2025-11-04,39.5350659417665,39.60751060549447,39.35154265371915,39.54472351074219,8413000
2025-11-05,39.660635198128766,39.71858797953595,39.317734397611595,39.535064697265625,6925600
2025-11-06,39.47710504225383,39.6461401155179,39.312900595279665,39.34187698364258,8171900
2025-11-07,39.52540573612609,39.88279843741009,39.40949648190118,39.86347961425781,7674200
2025-11-10,39.786204273661305,39.99387701643687,39.55438576549109,39.834503173828125,6823600
2025-11-11,39.911777373328846,40.29331586435166,39.90211980348162,40.27882766723633,5743700
2025-11-12,40.06631942791083,40.22569694624192,39.95524080702931,39.96006774902344,5801500
2025-11-13,39.776542908576,39.9117709728853,39.38534691044002,39.438472747802734,8032500
2025-11-14,39.612338924161314,39.63165774747268,39.32256394386847,39.554386138916016,6434600
2025-11-17,39.699270957960245,39.70893221175863,39.17767747819735,39.29358673095703,5861900
2025-11-18,39.33222107307731,39.5592126173201,39.15835536619723,39.438472747802734,6634200
2025-11-19,39.457788051630324,39.457788051630324,39.00380864590908,39.12937545776367,7201800
2025-11-20,39.43847764444592,39.58336329504258,38.979663872501014,38.9941520690918,7477000
2025-11-21,39.26461230015388,39.67995780170143,39.06176649183168,39.5060920715332,7858600
2025-11-24,39.54472231563912,39.63648579923389,39.24528978548954,39.56404113769531,6796900
2025-11-25,39.67029387759822,40.0470017060472,39.64131748608327,39.88279724121094,5898100
2025-11-26,39.766881068174385,40.26433241837611,39.75722350001855,40.05665969848633,6814100
2025-11-28,40.0663203109998,40.3609259054305,40.00836384359604,40.24984359741211,3771900
2025-12-01,39.82484141779424,39.97938831618872,39.67512514629328,39.689613342285156,6008700
2025-12-02,39.83450114258781,39.844158711315465,39.4433014423794,39.593021392822266,5411600
2025-12-03,39.544721402513346,39.7668823239968,39.47131135427035,39.670291900634766,4501400
2025-12-04,39.59302263726763,39.88279760915647,39.54472373804559,39.60268020629883,7427000
2025-12-05,39.593021392822266,39.79103287159196,39.4915966553948,39.593021392822266,4553300
2025-12-08,39.573704364203934,39.60751138331574,39.32256334964017,39.35154342651367,6046300
2025-12-09,39.44813692114455,39.68478607330945,39.09074787924607,39.11972427368164,6325000
2025-12-10,39.225974989905794,39.48483912571585,39.152564932432284,39.196998596191406,7956300
2025-12-11,39.28392199724123,39.53023236163906,39.23562678659359,39.40949249267578,10300400
2025-12-12,39.573701779940876,39.718587416092056,39.22113973106489,39.36119842529297,7441900
2025-12-15,39.58336110712477,39.58819173395098,39.230802727273456,39.5157470703125,7820400
2025-12-16,39.55438359840098,39.62199763330361,39.120684701935346,39.16801452636719,7722200
2025-12-17,39.172841910378516,39.47710504225383,39.158353716197055,39.34187698364258,8811800
2025-12-18,39.48676807480121,39.59301974983912,39.052103806322684,39.100399017333984,9482100
2025-12-19,38.994146958103634,39.231765142052005,38.94102112110811,38.95551300048828,8338000
2025-12-22,38.912543197929644,39.293371732873965,38.790483772936184,39.244544982910156,6797800
2025-12-23,39.28361001868096,39.28361001868096,39.05413767375809,39.23478698730469,8384200
2025-12-24,39.254318300438555,39.55702334040006,39.254318300438555,39.488670349121094,3242600
2025-12-26,39.40078494769477,39.58631767672786,39.36074909458588,39.56678771972656,5973000
2025-12-29,39.73278429303265,39.781611044975136,39.566785256294395,39.674198150634766,9519300
2025-12-30,39.674202013825074,39.78161491862454,39.60584902439969,39.7620849609375,7967100
2025-12-31,39.72302223037962,39.73278534605195,39.39102042314603,39.40078353881836,6082600
2026-01-02,39.3910243120535,39.55214367374076,39.107845505141114,39.430084228515625,9211900
2026-01-05,39.298255415813955,39.64490377097759,39.107842991498124,39.478904724121094,12232000
2026-01-06,39.312902105710634,39.8694965692962,39.29337587361708,39.7425537109375,9052600
2026-01-07,39.91832185390145,40.0257347612745,39.18596518540379,39.19572830200195,12482300
2026-01-08,39.04925932660167,39.67908278553515,38.961376377106056,39.488670349121094,8785000
2026-01-09,39.45937352857329,39.79625875715391,39.45937352857329,39.54725646972656,7050200
2026-01-12,39.59608334889415,39.85973219799398,39.50332070334768,39.66443634033203,8398900
2026-01-13,39.65467213872478,40.01108362361962,39.30314034954295,39.96714401245117,8778300
2026-01-14,39.93784988640961,40.421204221324196,39.93784988640961,40.41632080078125,9738100
2026-01-15,40.5627963443462,40.865501389106626,40.47002997258609,40.719032287597656,23308300
2026-01-16,40.63114576705283,41.343972428322026,40.5627927806954,41.2170295715332,9540900
2026-01-20,40.943621102543965,41.01197409470511,40.38703032354109,40.426090240478516,9263900
2026-01-21,40.670205325190985,40.77761449927213,40.245437149432504,40.57255554199219,9950200
2026-01-22,40.58232472717525,40.704384169506184,40.152673106196865,40.172203063964844,9731900
2026-01-23,40.16243748042175,40.357733321146135,39.96714163969737,40.27961349487305,7587100
2026-01-26,40.43585326686768,40.53838275488027,40.22102744915063,40.25032424926758,6462100
2026-01-27,40.31867340800959,40.377259552756065,40.10384761071693,40.27961349487305,6453200
2026-01-28,40.26496798196471,40.39679053595272,39.786493346278114,39.88902282714844,8519200
2026-01-29,40.084317695284895,40.47490937713451,39.879258738545104,40.39678955078125,8650900
2026-01-30,40.338203471322615,40.465142601914785,39.9261299540458,40.455379486083984,10617900
2026-02-02,40.52373475634459,40.60673428293982,39.9866739563727,39.996437072753906,9386900
2026-02-03,39.908550284411334,40.11361295826564,39.57654848502603,39.8499641418457,8709700
2026-02-04,40.084321525167226,40.665325683067394,39.93785242419789,40.484676361083984,9573700
2026-02-05,40.367495140068534,40.52861448286176,40.030609918766004,40.26008224487305,9894800
2026-02-06,40.601853895652475,41.05591143633656,40.49444099249596,41.0022087097168,8181400
2026-02-09,40.93385335139671,41.285385146106115,40.709264421434284,41.2560920715332,5638900
2026-02-10,41.28049946024195,41.93473619716032,41.22679301467903,41.83220672607422,10547700
2026-02-11,41.929857833402124,42.05680069503677,41.715035750203334,41.79315185546875,13760200
2026-02-12,42.31068516160335,42.72080308322224,41.85174048506547,41.86150360107422,17848900
2026-02-13,42.02261953647068,42.632916673764,41.86150019823529,42.476680755615234,10767600
2026-02-17,42.62315505794512,42.93074348497637,42.38879930999875,42.90633010864258,9757700
2026-02-18,42.78916017466322,42.891689664902984,42.22768596386181,42.33021545410156,10995700
2026-02-19,42.27162546756295,42.520624039144764,41.9982097934362,42.18374252319336,6655300
2026-02-20,42.232565756892924,42.535274505615234,42.13979939156738,42.535274505615234,7468400
2026-02-23,42.48644902712507,42.91610064789669,42.418096037449324,42.58409881591797,8647500
2026-02-24,42.49621590263415,42.764744440873635,42.41809607153705,42.70127487182617,10590000
2026-02-25,42.66221351148303,42.76962641312462,42.31068545832662,42.418094635009766,8744800
2026-02-26,42.63291932364492,42.691509193451694,42.393683873944354,42.6036262512207,8774100
2026-02-27,42.52550651881318,42.98933460798583,42.49133002592327,42.808685302734375,10826300
2026-03-02,42.53527083476624,43.03327166230965,42.349738120126865,42.88679885864258,13308300
2026-03-03,42.29115316654454,42.81844707964929,41.91032461130467,42.67197799682617,12288100
2026-03-04,42.525505166612504,42.77450744972616,42.24720981194132,42.73056411743164,7850700
2026-03-05,42.26185614660982,42.37903588219877,41.93962118613577,42.3204460144043,9182400
2026-03-06,41.939624723810844,41.98844775527876,41.66620904266513,41.88103485107422,11703200
2026-03-09,41.422090208708624,42.11050724557287,40.992442316347564,41.96891784667969,10771000
2026-03-10,41.841971113876575,42.27650238667846,41.65155870107387,41.91032409667969,10506900
2026-03-11,41.74432863981351,41.77362171353894,41.29515079288392,41.41232681274414,7164700
2026-03-12,41.080324837509266,41.43185662078054,40.99244189169144,41.148677825927734,6487100
2026-03-13,41.607623866242605,41.70526993145805,41.20726903892548,41.2560920715332,7916200
2026-03-16,41.55879722261721,41.85076317869549,41.49044423791382,41.57832717895508,9002800
2026-03-17,41.92985656154589,42.047036303327396,41.67597457093611,41.71503448486328,5654600
2026-03-18,41.549028740475435,41.5832052314769,41.0022048844519,41.031497955322266,6351100
2026-03-19,40.92408621913671,41.09985209924419,40.67508393482475,40.9338493347168,9645500
2026-03-20,40.86549691820996,40.95337985948398,39.459373582784,39.63513946533203,15901300
2026-03-23,40.22594112848604,40.41272087834626,39.90154031293114,39.9310302734375,15314800
2026-03-24,39.73442457047651,40.039167933707034,39.537819820000294,39.606632232666016,9942800
2026-03-25,39.77374729720857,39.89171464830909,39.41002400630347,39.586971282958984,9903600
2026-03-26,39.508326107432666,39.9113718459013,39.35104005705455,39.606632232666016,14478400
2026-03-27,39.53781992530985,39.76391838895591,39.26256652391857,39.33137893676758,6122400
2026-03-30,39.77374812877595,40.058830274902974,39.36087364127778,39.52798843383789,12617000
2026-03-31,39.99984548472807,40.44221367330237,39.67052840267647,40.137474060058594,13395200
2026-04-01,40.176794854013245,40.42747079893546,40.05883124757739,40.25543975830078,11565600
2026-04-02,40.196454360904006,40.982884620166935,40.009678346202584,40.90424346923828,7354700
2026-04-06,40.81576957603453,41.15983164044183,40.70271846916056,41.05169677734375,5149600
2026-04-07,40.88457879969209,41.16474467313934,40.65356411018394,41.01237487792969,5421400
2026-04-08,41.59237290889457,41.79389391256213,41.40559313720782,41.72016525268555,5836500
2026-04-09,41.572709510064385,42.37880098259382,41.51372583524691,42.005245208740234,5202000
2026-04-10,42.04456829432842,42.23134430908164,41.89219848624015,42.093719482421875,4989700
2026-04-13,41.93643441690303,42.30507396126751,41.828299550556856,42.29032897949219,4079300
2026-04-14,42.241173919440996,42.73760576036426,42.12812281953079,42.6933708190918,4873600
2026-04-15,42.60981751278999,42.68845866591901,42.398464023137386,42.67371368408203,3029500
2026-04-16,42.79167546432098,43.08659008846822,42.73269553948771,43.06692886352539,4316700
2026-04-17,43.18489248806042,43.80420794913302,43.13574130067264,43.725563049316406,3840300
2026-04-20,43.64692343919064,43.8926831347942,43.57024353416589,43.882850646972656,3628800
2026-04-21,43.82386759409948,43.88776376040042,43.00794366289716,43.03743362426758,5080900
2026-04-22,43.165230421507864,43.39132887907954,42.56557619708095,42.722862243652344,5116300
2026-04-23,42.90964634959275,43.26353717773749,42.762189025369125,43.214385986328125,4159300
2026-04-24,43.253708428679005,43.43065571770506,43.057099913094994,43.08659362792969,3581000
2026-04-27,42.91947227273985,43.224215639482296,42.69337380709041,42.752357482910156,4082400
2026-04-28,43.00794375306616,43.20455224593634,42.590153049463964,43.16522979736328,6136400
2026-04-29,43.00794565437444,43.28319530656395,42.74252473976515,42.899810791015625,9108500
2026-04-30,42.80150911955429,43.72064797323859,42.76218666859578,43.64692306518555,7471300
2026-05-01,43.73539781216462,43.81895521007051,43.42082194652727,43.56827926635742,7212400
2026-05-04,43.41098901619118,43.68623865329723,43.15540060316342,43.33234786987305,4220400
2026-05-05,43.37166714300761,43.51912445055214,43.10624623942453,43.42081832885742,5810800
2026-05-06,43.68624077003883,44.14827018327802,43.66166705124657,43.98115539550781,5308700
2026-05-07,43.80912161289757,43.9811563983422,43.425737091040446,43.64692306518555,6956200
2026-05-08,43.76488458533398,43.961493080774765,43.63217225716352,43.6567497253418,3267100
2026-05-11,43.63708624654453,44.049964440640764,43.63708624654453,43.81403350830078,4172300
2026-05-12,43.76488793440438,43.932002730820514,43.52404447780653,43.82387161254883,5022400
2026-05-13,43.47980145236195,43.666577456228715,43.18980683451655,43.460140228271484,5242500
2026-05-14,43.57810800739017,43.63217168668425,43.12590734879023,43.16522979736328,4745800
2026-05-15,43.06692941740805,43.096419380203955,42.43778146113167,42.49676513671875,4936600
2026-05-18,42.55574908202315,43.04235222121601,42.55574908202315,43.0079460144043,6060900
2026-05-19,42.97353900369974,43.288111102949436,42.77201426043294,43.19472122192383,4328300
2026-05-20,43.11607890406536,43.6960718994687,43.11607890406536,43.67641067504883,3861400
2026-05-21,43.51912553846611,43.78454644868433,43.238959647123856,43.74522399902344,3567800
2026-05-22,43.87301925875691,44.05979526613407,43.528953455699885,43.80420684814453,3829700
2026-05-26,44.010647649110616,44.14335623748386,43.79437791250711,43.951663970947266,4320200
2026-05-27,43.981155033902674,44.22199847605995,43.84352645981759,43.87302017211914,3436100
2026-05-28,43.77471332260821,43.99589928622727,43.553531108984295,43.6567497253418,3274000
2026-05-29,43.55844951924288,43.597768220290654,43.08167511283235,43.24387741088867,6642300
2026-06-01,42.97845522231767,43.07184135329348,42.53608703613281,42.53608703613281,6478200
2026-06-02,42.56557771781193,42.77201495818812,42.34439549597961,42.752357482910156,6160600
2026-06-03,42.64422227965336,43.21929905183864,42.58523860430285,42.77201461791992,5665400
2026-06-04,43.410992109429834,43.67641302840676,43.04235256918332,43.64692306518555,5184700
2026-06-05,43.57810642032982,44.285891718892664,43.46013907890688,43.941829681396484,5326500
2026-06-08,43.93200092859677,44.069629505287885,43.199638100825176,43.28319549560547,4974500
2026-06-09,43.52895714082789,44.42352230451715,43.44048349826542,44.20725631713867,5556000
2026-06-10,44.34487704798795,44.502163092439005,44.22691345214844,44.22691345214844,4560100
2026-06-11,44.29572488056691,44.47267214540234,43.96640406823735,44.15809631347656,5514100
2026-06-12,44.27606511474139,44.74792325317618,44.256403890223886,44.59063720703125,4002500
2026-06-15,44.54639803463066,44.87571885425842,44.10894610631382,44.22691345214844,5283800
2026-06-16,44.4431835442572,44.68894324589542,44.197423842618974,44.33504867553711,4003900
2026-06-17,44.19742275573897,44.290812640063436,43.101336613384326,43.22421646118164,11440200
2026-06-18,43.62726185039279,43.62726185039279,43.086591274564526,43.11608123779297,5730700
2026-06-22,43.30548418679475,43.85585189797427,43.11707148083064,43.652565002441406,4444100
2026-06-23,43.76164604658139,44.34374433492563,43.72197902042055,44.26738739013672,4137600
2026-06-24,44.40622027556569,44.505387845605505,43.9153530981506,44.13847351074219,5158800
2026-06-25,44.32689020589198,44.401264938049295,43.75172964558852,44.21780776977539,5642900
2026-06-26,44.515300180322775,44.91196287221831,44.406217750908716,44.86238098144531,5422100
2026-06-29,44.76321261492858,44.817753828658276,44.178137235437354,44.545047760009766,5151100
2026-06-30,44.0046008884788,44.14839102419795,43.61785683240601,43.662479400634766,9117300
2026-07-01,43.67239889150106,44.168225389952646,43.64760605343609,43.81122970581055,8072900
2026-07-02,43.99964263458839,44.3169712925642,43.930227227084686,44.30705642700195,5502500
2026-07-06,44.3566369193407,44.40621881129768,43.731894488686365,43.920310974121094,7036500
2026-07-07,44.153349538881386,44.748339801492975,44.1087231886148,44.51530075073242,4836400
2026-07-08,44.47563291462461,44.47563291462461,43.746771180196504,43.78147888183594,3957300
2026-07-09,43.831060948320285,44.09880769755195,43.71206365405814,43.860809326171875,2959200
2026-07-10,44.108724056349295,44.18805811044799,43.68231297270856,44.078975677490234,3608200
2026-07-13,44.237640118419655,44.57976160761638,44.12855768517688,44.32688903808594,4213900
2026-07-14,44.376469436753254,44.421092003656305,44.01451444616453,44.10872268676758,3944400
2026-07-15,44.2376388368777,44.66404990927969,44.02939262464114,44.18805694580078,4562500
2026-07-16,44.33680378380631,45.13508473454062,44.29713675676035,45.080543518066406,4227700
2026-07-17,45.298706362638974,45.57141243284131,44.84750246155069,45.04087448120117,3903300
2026-07-20,44.956585875044496,45.13012438586084,44.68388358172047,44.85246276855469,3255300
2026-07-21,44.9020460311351,44.986339409982385,44.65909210857231,44.822715759277344,3136900
2026-07-22,44.921876672904204,44.99129207491291,44.545047502817184,44.63429641723633,4064300
2026-07-23,44.455805099771105,44.892131051013685,44.44588645152927,44.57480239868164,4746200
2026-07-24,44.96650623350296,45.74495368265286,44.921879881677874,45.56645584106445,4737100
2026-07-27,45.472244738067225,45.67057608101722,45.268957854113886,45.37803649902344,4216400
2026-07-28,45.78461417785179,46.06723889577369,45.60612012983883,45.62594985961914,5833400
2026-07-29,45.66065983501702,45.82924280939136,45.29374929011653,45.57637023925781,6030800
2026-07-30,45.556536110667956,45.6557036774483,44.55496827474968,44.921878814697266,6483300
2026-07-31,44.90204427638693,44.96154481509695,44.41613645025036,44.69379806518555,6545800
2026-08-03,44.703719360659434,45.0111293717282,44.49546935426858,44.80288314819336,7515000
2026-08-04,44.27730492490227,44.857420982210165,44.059140069358484,44.79296112060547,6248200
2026-08-05,44.9020460311351,44.94171305849195,44.32192994175099,44.822715759277344,6007500
2026-08-06,45.154917186131016,45.15987651010911,44.28722084990032,44.435970306396484,4976400
2026-08-07,44.45580373460255,44.87725548339617,44.33680265649042,44.604549407958984,3863600
2026-08-10,44.331846693087876,44.37646925981301,43.87072792264933,44.02939224243164,5294800
2026-08-11,43.89055688231697,44.02939146968866,43.64264365057966,43.71206283569336,5552300
2026-08-12,43.83106063959911,44.16326346612129,43.731893076032655,44.1186408996582,4723500
2026-08-13,44.366556090642675,44.822715554595554,44.31697041524508,44.74338150024414,5761000
2026-08-14,44.741400125600784,44.94171369889454,44.664052069151914,44.89213180541992,4545900
2026-08-17,44.72354588117196,44.77313155423517,44.356635354209786,44.45580291748047,8542800
2026-08-18,44.80288136741362,44.80288136741362,44.2376394786537,44.25747299194336,6155700
2026-08-19,44.51530005672318,44.708672078199996,44.27234614461103,44.61446762084961,4617600
2026-08-20,44.644215739945125,44.93179599996157,44.45580304348042,44.70371627807617,4409000
2026-08-21,44.822713571482524,44.877254785722045,44.55893125700504,44.70371627807617,3968900
2026-08-24,44.81775437321569,45.02104504192479,44.59463397459641,44.951629638671875,4020900
2026-08-25,44.96154694880192,45.08550357318846,44.78304910705682,44.981380462646484,3148800
2026-08-26,44.991292285604615,45.08054120044171,44.6838822989424,44.71363067626953,3429200
2026-08-27,44.4161359421899,44.66900471738948,44.25747162363387,44.2872200012207,4637800
2026-08-28,44.5103409203182,44.52521889214167,44.01451444616453,44.10872268676758,3959400
2026-08-31,43.930226364499056,43.9748527157929,43.498859738175476,43.74181365966797,7404900
2026-09-01,43.761646531949246,44.024433963181735,43.52860747923941,43.67239761352539,6776000
2026-09-02,43.64264421762003,43.68231124309876,43.201358962022546,43.36498260498047,7661600
2026-09-03,43.71206275575352,43.895516125875986,43.47406438926444,43.88064193725586,4414600
2026-09-04,43.67239877985228,43.91039338010126,43.50877512789613,43.563316345214844,3829200
2026-09-08,43.30052647539327,43.890557401566575,43.2965582597077,43.533565521240234,4883400
2026-09-09,43.38481534307978,43.54347965930595,43.01294549728195,43.04765319824219,5897400
2026-09-10,43.10715477374686,43.245985580931915,42.58157614001746,42.69065856933594,4729700
2026-09-11,43.03774168006132,43.1864873602334,42.869158703105796,43.05757141113281,4389300
2026-09-14,43.027821368868416,43.22615271762269,42.606369617050476,42.760074615478516,6178500
2026-09-15,42.75015820530835,42.79974009499104,42.34358065734118,42.71049118041992,4641200
2026-09-16,42.71247373614609,43.12698771866871,42.24937275460434,42.45266342163086,5311000
2026-09-17,42.735286084190456,42.809657030884644,42.48737284092745,42.58157730102539,4356100
2026-09-18,42.23449977657157,42.43778666656983,42.14525085873296,42.17499923706055,6191600
2026-09-21,42.349998474121094,42.6349983215332,42.290000915527344,42.59000015258789,5259200
2026-09-22,42.58000183105469,42.66999816894531,42.41999816894531,42.5,4837300
2026-09-23,42.099998474121094,42.42499923706055,41.810001373291016,41.84000015258789,6793300
2026-09-24,42.029998779296875,42.095001220703125,41.625,41.650001525878906,5728900
2026-09-25,41.779998779296875,41.79499816894531,41.33000183105469,41.560001373291016,5782200
2026-09-28,41.619998931884766,41.71500015258789,41.21500015258789,41.349998474121094,8790000
2026-09-29,41.22999954223633,41.52000045776367,41.06999969482422,41.34000015258789,6548700
2026-09-30,41.52000045776367,41.560001373291016,40.869998931884766,40.90999984741211,7953400
2026-10-01,40.779998779296875,40.86000061035156,40.404998779296875,40.68000030517578,9514100
2026-10-02,40.959999084472656,41.29499816894531,40.75199890136719,40.810001373291016,6394600
